Run,Subrun,Event
226,1,22
226,1,24
226,1,44
226,1,66
226,1,81
226,1,101
226,1,107
226,1,116
226,1,156
226,1,160
226,1,175
226,1,191
226,1,198
226,1,199
226,1,236
226,1,248
226,1,254
226,1,257
226,1,258
226,1,288
226,1,315
226,1,336
226,1,407
226,1,412
226,1,430
226,1,435
226,1,444
226,1,448
226,1,465
226,1,466
226,1,476
226,1,485
226,1,508
226,1,522
226,1,530
226,1,553
226,1,587
226,1,612
226,1,614
226,1,638
226,1,654
226,1,673
226,1,717
226,1,731
226,1,749
226,1,763
226,1,785
226,1,803
226,1,810
226,1,831
226,1,849
226,1,870
226,1,880
226,1,882
226,1,892
226,1,899
226,1,908
226,1,924
226,1,928
226,1,978
226,1,979
226,1,995
226,1,996
226,1,1015
226,1,1040
226,1,1043
226,1,1049
226,1,1051
226,1,1065
226,1,1073
226,1,1082
226,1,1120
226,1,1134
226,1,1146
226,1,1156
226,1,1216
226,1,1220
226,1,1237
226,1,1244
226,1,1250
226,1,1264
226,1,1265
226,1,1269
226,1,1282
226,1,1284
226,1,1285
226,1,1289
226,1,1306
226,1,1308
226,1,1312
226,1,1344
226,1,1358
226,1,1368
226,1,1372
226,1,1396
226,1,1404
226,1,1423
226,1,1434
226,1,1435
226,1,1443
226,1,1448
226,1,1452
226,1,1473
226,1,1480
226,1,1500
226,1,1511
226,1,1529
226,1,1551
226,1,1563
226,1,1601
226,1,1614
226,1,1625
226,1,1630
226,1,1646
226,1,1649
226,1,1660
226,1,1669
226,1,1683
226,1,1691
226,1,1700
226,1,1717
226,1,1767
226,1,1777
226,1,1788
226,1,1794
226,1,1797
226,1,1816
226,1,1817
226,1,1843
226,1,1845
226,1,1846
226,1,1888
226,1,1891
226,1,1898
226,1,1912
226,1,1920
226,1,1944
226,1,1948
226,1,1952
226,1,1960
226,1,1967
226,1,1970
226,1,1975
226,1,1982
226,1,1989
226,1,1998
226,1,2008
226,1,2010
226,1,2024
226,1,2030
226,1,2039
226,1,2045
226,1,2048
226,1,2071
226,1,2108
226,1,2132
226,1,2136
226,1,2138
226,1,2139
226,1,2148
226,1,2187
226,1,2188
226,1,2208
226,1,2221
226,1,2230
226,1,2233
226,1,2242
226,1,2255
226,1,2267
226,1,2284
226,1,2288
226,1,2296
226,1,2315
226,1,2348
226,1,2406
226,1,2411
226,1,2477
226,1,2489
226,1,2502
226,1,2527
226,1,2542
226,1,2551
226,1,2564
226,1,2570
226,1,2596
226,1,2607
226,1,2610
226,1,2623
226,1,2628
226,1,2641
226,1,2673
226,1,2678
226,1,2680
226,1,2694
226,1,2714
226,1,2727
226,1,2749
226,1,2751
226,1,2792
226,1,2794
226,1,2795
226,1,2798
226,1,2821
226,1,2836
226,1,2846
226,1,2856
226,1,2857
226,1,2865
226,1,2888
226,1,2892
226,1,2899
226,1,2915
226,1,2916
226,1,2939
226,1,2942
226,1,2963
226,1,2966
226,1,2975
226,1,2983
226,1,2993
226,1,2995
226,1,3026
226,1,3034
226,1,3038
226,1,3040
226,1,3046
226,1,3065
226,1,3077
226,1,3096
226,1,3104
226,1,3109
226,1,3128
226,1,3131
226,1,3238
226,1,3244
226,1,3254
226,1,3260
226,1,3343
226,1,3351
226,1,3388
226,1,3400
226,1,3405
226,1,3420
226,1,3426
226,1,3431
226,2,50
226,2,101
226,2,132
226,2,139
226,2,149
226,2,155
226,2,156
226,2,168
226,2,203
226,2,206
226,2,217
226,2,219
226,2,227
226,2,291
226,2,339
226,2,376
226,2,384
226,2,393
226,2,402
226,2,414
226,2,417
226,2,432
226,2,463
226,2,469
226,2,489
226,2,506
226,2,520
226,2,526
226,2,561
226,2,562
226,2,569
226,2,571
226,2,581
226,2,597
226,2,600
226,2,606
226,2,610
226,2,623
226,2,635
226,2,694
226,2,746
226,2,748
226,2,784
226,2,807
226,2,828
226,2,831
226,2,836
226,2,843
226,2,847
226,2,893
226,2,896
226,2,920
226,2,921
226,2,946
226,2,949
226,2,975
226,2,988
226,2,1019
226,2,1043
226,2,1055
226,2,1085
226,2,1091
226,2,1113
226,2,1118
226,2,1125
226,2,1140
226,2,1154
226,2,1162
226,2,1165
226,2,1172
226,2,1177
226,2,1201
226,2,1222
226,2,1228
226,2,1236
226,2,1268
226,2,1280
226,2,1289
226,2,1291
226,2,1293
226,2,1305
226,2,1322
226,2,1333
226,2,1346
226,2,1352
226,2,1382
226,2,1398
226,2,1436
226,2,1448
226,2,1449
226,2,1462
226,2,1479
226,2,1487
226,2,1508
226,2,1511
226,2,1532
226,2,1534
226,2,1537
226,2,1554
226,2,1587
226,2,1593
226,2,1597
226,2,1601
226,2,1672
226,2,1692
226,2,1706
226,2,1710
226,2,1711
226,2,1712
226,0,20
226,0,26
226,0,62
226,0,103
226,0,115
226,0,121
226,0,156
226,0,182
226,0,188
226,0,195
226,0,219
226,0,254
226,0,257
226,0,279
226,0,291
226,0,329
226,0,343
226,0,361
226,0,366
226,0,398
226,0,406
226,0,430
226,0,440
226,0,468
226,0,506
226,0,511
226,0,512
226,0,531
226,0,566
226,0,573
226,0,588
226,0,589
226,0,597
226,0,623
226,0,626
226,0,638
226,0,641
226,0,648
226,0,658
226,0,673
226,0,677
226,0,679
226,0,700
226,0,740
226,0,746
226,0,782
226,0,786
226,0,805
226,0,823
226,0,825
226,0,842
226,0,846
226,0,883
226,0,887
226,0,915
226,0,918
226,0,923
226,0,945
226,0,997
226,0,1007
226,0,1019
226,0,1032
226,0,1033
226,0,1035
226,0,1040
226,0,1052
226,0,1070
226,0,1081
226,0,1083
226,0,1100
226,0,1105
226,0,1132
226,0,1156
226,0,1202
226,0,1286
226,0,1314
226,0,1338
226,0,1343
226,0,1348
226,0,1380
226,0,1395
226,0,1396
226,0,1399
226,0,1400
226,0,1427
226,0,1438
226,0,1453
226,0,1463
226,0,1478
226,0,1490
226,0,1520
226,0,1527
226,0,1529
226,0,1537
226,0,1539
226,0,1540
226,0,1543
226,0,1562
226,0,1568
226,0,1577
226,0,1583
226,0,1585
226,0,1595
226,0,1623
226,0,1626
226,0,1638
226,0,1659
226,0,1673
226,0,1704
226,0,1749
226,0,1762
226,0,1780
226,0,1782
226,0,1800
226,0,1814
226,0,1820
226,0,1830
226,0,1834
226,0,1849
226,0,1853
226,0,1864
226,0,1870
226,0,1886
226,0,1908
226,0,1913
226,0,1933
226,0,1950
226,0,1952
226,0,1960
226,0,2005
226,0,2007
226,0,2024
226,0,2035
226,0,2059
226,0,2078
226,0,2101
226,0,2109
226,0,2141
226,0,2175
226,0,2179
226,0,2180
226,0,2188
226,0,2208
226,0,2214
226,0,2227
226,0,2232
226,0,2241
226,0,2267
226,0,2290
226,0,2324
226,0,2342
226,0,2359
226,0,2360
226,0,2368
226,0,2369
226,0,2392
226,0,2397
226,0,2487
226,0,2493
226,0,2501
226,0,2502
226,0,2510
226,0,2570
226,0,2572
226,0,2575
226,0,2589
226,0,2594
226,0,2597
226,0,2643
226,0,2684
226,0,2687
226,0,2689
226,0,2701
226,0,2710
226,0,2714
226,0,2717
226,0,2719
226,0,2769
226,0,2803
226,0,2809
226,0,2825
226,0,2853
226,0,2854
226,0,2861
226,0,2865
226,0,2868
226,0,2872
226,0,2884
226,0,2886
226,0,2901
226,0,2930
226,0,2933
226,0,2955
226,0,2978
226,0,2979
226,0,3016
226,0,3041
226,0,3057
226,0,3070
226,0,3075
226,0,3076
226,0,3115
226,0,3116
226,0,3118
226,0,3128
226,0,3150
226,0,3160
226,0,3177
226,0,3202
226,0,3239
226,0,3244
226,0,3245
226,0,3253
226,0,3265
226,0,3275
226,0,3283
226,0,3294
226,0,3311
226,0,3316
226,0,3318
226,0,3337
226,0,3341
226,0,3353
227,1,10
227,1,40
227,1,57
227,1,65
227,1,91
227,1,95
227,1,110
227,1,112
227,1,116
227,1,117
227,1,131
227,1,137
227,1,138
227,1,169
227,1,179
227,1,189
227,1,238
227,1,251
227,1,273
227,1,282
227,1,287
227,1,289
227,1,314
227,1,349
227,1,351
227,1,360
227,1,369
227,1,377
227,1,395
227,1,410
227,1,417
227,1,457
227,1,459
227,1,465
227,1,467
227,1,476
227,1,483
227,1,495
227,1,515
227,1,525
227,1,528
227,1,564
227,1,582
227,1,589
227,1,611
227,1,628
227,1,664
227,1,674
227,1,699
227,1,720
227,1,735
227,1,740
227,1,749
227,1,760
227,1,789
227,1,792
227,1,793
227,1,794
227,1,800
227,1,801
227,1,810
227,1,852
227,1,855
227,1,906
227,1,917
227,1,941
227,1,943
227,1,978
227,1,1030
227,1,1031
227,1,1033
227,1,1036
227,1,1041
227,1,1052
227,1,1065
227,1,1100
227,1,1102
227,1,1130
227,1,1131
227,1,1158
227,1,1163
227,1,1177
227,1,1180
227,1,1186
227,1,1199
227,1,1207
227,1,1208
227,1,1236
227,1,1254
227,1,1257
227,1,1262
227,1,1301
227,1,1313
227,1,1357
227,1,1365
227,1,1412
227,1,1437
227,1,1460
227,1,1463
227,1,1465
227,1,1529
227,1,1541
227,1,1576
227,1,1590
227,1,1663
227,1,1675
227,1,1678
227,1,1695
227,1,1714
227,1,1726
227,1,1741
227,1,1803
227,1,1824
227,1,1877
227,1,1895
227,1,1899
227,1,1917
227,1,1923
227,1,1949
227,1,1973
227,1,1980
227,1,2009
227,1,2018
227,1,2040
227,1,2047
227,1,2053
227,1,2077
227,0,6
227,0,32
227,0,41
227,0,45
227,0,46
227,0,51
227,0,62
227,0,69
227,0,83
227,0,87
227,0,99
227,0,110
227,0,126
227,0,129
227,0,146
227,0,206
227,0,217
227,0,218
227,0,233
227,0,270
227,0,273
227,0,275
227,0,282
227,0,302
227,0,336
227,0,360
227,0,382
227,0,401
227,0,439
227,0,452
227,0,459
227,0,521
227,0,523
227,0,524
227,0,530
227,0,534
227,0,560
227,0,561
227,0,586
227,0,607
227,0,629
227,0,635
227,0,644
227,0,647
227,0,663
227,0,665
227,0,667
227,0,685
227,0,695
227,0,719
227,0,725
227,0,741
227,0,749
227,0,758
227,0,773
227,0,787
227,0,868
227,0,871
227,0,912
227,0,916
227,0,917
227,0,973
227,0,1017
227,0,1048
227,0,1071
227,0,1081
227,0,1095
227,0,1100
227,0,1110
227,0,1111
227,0,1124
227,0,1142
227,0,1158
227,0,1167
227,0,1181
227,0,1188
227,0,1198
227,0,1247
227,0,1271
227,0,1281
227,0,1295
227,0,1357
227,0,1374
227,0,1419
227,0,1434
227,0,1452
227,0,1458
227,0,1464
227,0,1469
227,0,1475
227,0,1479
227,0,1499
227,0,1504
227,0,1555
227,0,1563
227,0,1567
227,0,1572
227,0,1594
227,0,1620
227,0,1651
227,0,1653
227,0,1692
227,0,1694
227,0,1738
227,0,1753
227,0,1762
227,0,1771
227,0,1773
227,0,1781
227,0,1792
227,0,1795
227,0,1803
227,0,1866
227,0,1872
227,0,1886
227,0,1889
227,0,1891
227,0,1892
227,0,1939
227,0,1945
227,0,1949
227,0,1954
227,0,1970
227,0,1972
227,0,1984
227,0,1999
227,0,2007
227,0,2018
227,0,2041
227,0,2051
227,0,2083
227,0,2091
227,0,2098
227,0,2107
227,0,2127
227,0,2174
227,0,2178
227,0,2183
227,0,2219
227,0,2240
227,0,2242
227,0,2246
227,0,2249
227,0,2254
227,0,2271
227,0,2318
227,0,2322
227,0,2323
227,0,2352
227,0,2362
227,0,2373
227,0,2378
227,0,2413
227,0,2414
227,0,2452
227,0,2464
227,0,2472
227,0,2491
227,0,2517
227,0,2535
227,0,2542
227,0,2565
227,0,2601
227,0,2606
227,0,2621
227,0,2628
227,0,2638
227,0,2658
227,0,2662
227,0,2675
227,0,2677
227,0,2680
227,0,2689
227,0,2714
227,0,2719
227,0,2741
227,0,2768
227,0,2782
227,0,2785
227,0,2794
227,0,2806
227,0,2822
227,0,2837
227,0,2859
227,0,2863
227,0,2872
227,0,2886
227,0,2897
227,0,2908
227,0,2912
227,0,2993
227,0,2995
227,0,3020
227,0,3050
227,0,3105
227,0,3107
227,0,3131
227,0,3132
227,0,3143
227,0,3147
227,0,3171
227,0,3175
227,0,3207
227,0,3224
227,0,3247
227,0,3250
227,0,3260
233,1,0
233,1,32
233,1,44
233,1,46
233,1,60
233,1,87
233,1,88
233,1,99
233,1,151
233,1,161
233,1,167
233,1,182
233,1,200
233,1,257
233,1,259
233,1,260
233,1,285
233,1,289
233,1,293
233,1,302
233,1,303
233,1,323
233,1,333
233,1,339
233,1,354
233,1,390
233,1,398
233,1,417
233,1,450
233,1,459
233,1,472
233,1,511
233,1,533
233,1,581
233,1,594
233,1,615
233,1,622
233,1,648
233,1,649
233,1,672
233,1,675
233,1,680
233,1,682
233,1,684
233,1,712
233,1,714
233,1,733
233,1,738
233,1,750
233,1,792
233,1,828
233,1,836
233,1,872
233,1,877
233,1,879
233,1,881
233,1,895
233,1,957
233,1,981
233,1,1035
233,1,1052
233,1,1116
233,1,1142
233,1,1155
233,1,1182
233,1,1212
233,1,1305
233,1,1306
233,1,1326
233,1,1342
233,1,1361
233,1,1378
233,1,1424
233,1,1444
233,1,1454
233,1,1462
233,1,1463
233,1,1467
233,1,1495
233,1,1547
233,1,1566
233,1,1575
233,1,1600
233,1,1611
233,1,1616
233,1,1630
233,1,1636
233,1,1642
233,1,1643
233,1,1657
233,1,1663
233,1,1672
233,1,1686
233,1,1691
233,1,1693
233,1,1701
233,1,1720
233,1,1726
233,1,1727
233,1,1747
233,1,1764
233,1,1769
233,1,1779
233,1,1789
233,1,1807
233,1,1816
233,1,1824
233,1,1835
233,1,1860
233,1,1876
233,1,1909
233,1,1918
233,1,1924
233,1,1955
233,1,1963
233,1,1996
233,1,2006
233,1,2007
233,1,2012
233,1,2032
233,1,2033
233,1,2039
233,1,2066
233,1,2068
233,1,2086
233,1,2089
233,1,2112
233,1,2166
233,1,2173
233,1,2183
233,1,2203
233,1,2244
233,1,2245
233,1,2251
233,1,2265
233,1,2272
233,1,2381
233,1,2384
233,1,2477
233,1,2493
233,1,2494
233,1,2496
233,1,2512
233,1,2521
233,1,2534
233,1,2554
233,1,2558
233,1,2572
233,1,2578
233,1,2581
233,1,2587
233,1,2604
233,1,2628
233,1,2632
233,1,2633
233,1,2688
233,1,2703
233,1,2736
233,1,2739
233,1,2743
233,1,2774
233,1,2850
233,1,2856
233,1,2863
233,1,2882
233,1,2891
233,1,2930
233,1,2951
233,1,2956
233,1,2968
233,1,2983
233,2,25
233,2,58
233,2,59
233,2,66
233,2,79
233,2,83
233,2,96
233,2,103
233,2,116
233,2,124
233,2,137
233,2,163
233,2,191
233,2,199
233,2,251
233,2,278
233,2,279
233,2,289
233,2,291
233,2,301
233,2,309
233,2,315
233,2,330
233,2,344
233,2,350
233,2,354
233,2,388
233,2,405
233,2,445
233,2,469
233,2,477
233,2,520
233,2,577
233,2,581
233,2,619
233,2,623
233,2,627
233,2,688
233,2,734
233,2,736
233,2,742
233,2,763
233,2,778
233,2,794
233,2,854
233,2,858
233,2,874
233,2,878
233,2,883
233,2,884
233,2,892
233,2,894
233,2,912
233,2,923
233,2,930
233,2,939
233,2,962
233,2,963
233,2,966
233,2,976
233,2,1001
233,2,1056
233,2,1073
233,2,1079
233,2,1098
233,2,1101
233,2,1106
233,2,1119
233,2,1140
233,2,1147
233,2,1163
233,2,1169
233,2,1181
233,2,1202
233,2,1215
233,2,1272
233,2,1295
233,2,1298
233,2,1318
233,2,1353
233,2,1400
233,2,1430
233,2,1434
233,2,1436
233,2,1442
233,2,1443
233,2,1448
233,2,1460
233,2,1464
233,2,1466
233,2,1478
233,2,1498
233,2,1514
233,2,1519
233,2,1532
233,2,1542
233,2,1559
233,2,1567
233,2,1580
233,2,1582
233,2,1586
233,2,1610
233,2,1612
233,2,1614
233,2,1637
233,2,1691
233,2,1703
233,2,1720
233,2,1723
233,2,1731
233,2,1741
233,2,1765
233,2,1780
233,2,1791
233,2,1795
233,2,1797
233,2,1801
233,2,1802
233,2,1813
233,2,1819
233,2,1829
233,2,1855
233,2,1872
233,2,1873
233,2,1887
233,2,1905
233,2,1949
233,2,1958
233,2,1966
233,2,1970
233,2,1988
233,2,1993
233,2,2002
233,2,2028
233,2,2083
233,2,2088
233,2,2093
233,2,2110
233,2,2112
233,2,2116
233,2,2129
233,2,2130
233,2,2172
233,2,2191
233,2,2194
233,2,2215
233,2,2223
233,2,2249
233,2,2309
233,2,2314
233,2,2318
233,2,2320
233,2,2337
233,2,2357
233,2,2478
233,2,2490
233,2,2492
233,2,2499
233,2,2512
233,2,2525
233,2,2537
233,2,2554
233,2,2557
233,2,2559
233,2,2609
233,2,2675
233,2,2697
233,2,2737
233,2,2765
233,2,2768
233,2,2776
233,2,2803
233,2,2818
233,2,2824
233,2,2828
233,2,2848
233,2,2860
233,2,2889
233,2,2893
233,2,2960
233,2,2965
233,2,2966
233,2,2971
233,2,2975
233,2,3003
233,2,3010
233,2,3011
233,2,3018
233,2,3021
233,2,3041
233,2,3047
233,2,3054
233,2,3076
233,3,0
233,3,3
233,3,16
233,3,17
233,3,32
233,3,40
233,3,48
233,3,84
233,3,99
233,3,154
233,3,165
233,3,184
233,3,188
233,3,196
233,3,201
233,3,249
233,3,277
233,3,294
233,3,298
233,3,304
233,3,321
233,3,329
233,3,346
233,3,365
233,3,383
233,3,404
233,3,450
233,3,452
233,3,477
233,3,489
233,3,536
233,3,547
233,3,552
233,3,559
233,3,565
233,3,568
233,3,600
233,3,614
233,3,617
233,3,625
233,3,628
233,3,645
233,3,682
233,3,718
233,3,722
233,3,797
233,3,803
233,3,814
233,3,829
233,3,833
233,3,838
233,3,854
233,3,884
233,3,907
233,3,915
233,3,920
233,3,930
233,3,947
233,3,990
233,3,1000
233,3,1016
233,3,1021
233,3,1064
233,3,1065
233,3,1091
233,3,1097
233,3,1122
233,3,1132
233,3,1160
233,3,1176
233,3,1196
233,3,1207
233,3,1215
233,3,1232
233,3,1256
233,3,1258
233,3,1280
233,3,1285
233,3,1292
233,3,1302
233,3,1318
233,3,1325
233,3,1329
233,3,1365
233,3,1370
233,3,1462
233,3,1466
233,3,1478
233,3,1488
233,3,1494
233,3,1497
233,3,1504
233,3,1579
233,3,1611
233,3,1622
233,3,1689
233,3,1699
233,3,1769
233,3,1784
233,3,1809
233,3,1836
233,3,1857
233,3,1859
233,3,1872
233,3,1874
233,3,1879
233,3,1907
233,3,1915
233,3,1916
233,3,1967
233,3,1970
233,3,1984
233,3,1995
233,3,2009
233,3,2017
233,3,2024
233,3,2031
233,3,2082
233,3,2101
233,3,2110
233,3,2126
233,3,2146
233,3,2165
233,3,2172
233,3,2202
233,3,2242
233,3,2245
233,3,2292
233,3,2329
233,3,2330
233,3,2347
233,3,2357
233,3,2362
233,3,2363
233,3,2390
233,3,2397
233,3,2402
233,3,2437
233,3,2509
233,3,2515
233,3,2520
233,3,2534
233,3,2566
233,3,2579
233,3,2591
233,3,2628
233,3,2632
233,3,2664
233,3,2678
233,3,2685
233,3,2690
233,3,2729
233,3,2730
233,3,2743
233,3,2750
233,3,2751
233,3,2755
233,3,2761
233,3,2766
233,3,2786
233,3,2791
233,3,2800
233,3,2802
233,3,2805
233,3,2809
233,3,2812
233,3,2865
233,3,2886
233,3,2891
233,3,2918
233,3,2920
233,3,2935
233,3,2953
233,3,2957
233,3,2974
233,3,3024
233,3,3025
233,3,3043
233,3,3057
233,3,3069
233,3,3074
233,3,3085
233,3,3091
233,3,3101
233,3,3102
233,3,3116
233,4,24
233,4,38
233,4,51
233,4,61
233,4,88
233,4,102
233,4,114
233,4,116
233,4,136
233,4,143
233,4,173
233,4,184
233,4,188
233,4,207
233,4,212
233,4,237
233,4,250
233,4,255
233,4,258
233,4,277
233,4,290
233,4,333
233,4,337
233,4,340
233,4,354
233,4,372
233,4,381
233,4,433
233,4,437
233,4,465
233,4,475
233,4,483
233,4,489
233,4,512
233,4,517
233,4,518
233,4,519
233,4,526
233,4,536
233,4,545
233,4,561
233,4,563
233,4,577
233,4,596
233,4,604
233,4,616
233,4,642
233,4,653
233,4,672
233,4,685
233,4,696
233,4,706
233,4,746
233,4,778
233,4,791
233,4,802
233,4,804
233,4,815
233,4,828
233,4,833
233,4,854
233,4,863
233,4,870
233,4,875
233,4,879
233,4,903
233,4,909
233,4,915
233,4,933
233,4,943
233,4,944
233,4,949
233,4,964
233,4,981
233,4,1074
233,4,1078
233,4,1093
233,4,1119
233,4,1121
233,4,1143
233,4,1144
233,4,1153
233,4,1171
233,4,1175
233,4,1187
233,4,1202
233,4,1220
233,4,1238
233,4,1257
233,4,1266
233,4,1275
233,4,1300
233,4,1332
233,4,1339
233,4,1379
233,4,1385
233,4,1387
233,4,1388
233,4,1390
233,4,1402
233,4,1405
233,4,1406
233,4,1410
233,4,1432
233,4,1446
233,4,1470
233,4,1495
233,4,1504
233,4,1505
233,4,1508
233,4,1514
233,4,1519
233,4,1527
233,4,1534
233,4,1538
233,4,1546
233,4,1567
233,4,1609
233,4,1618
233,4,1629
233,4,1716
233,4,1751
233,4,1755
233,4,1763
233,4,1773
233,4,1781
233,4,1788
233,4,1799
233,4,1800
233,4,1847
233,4,1850
233,4,1863
233,4,1895
233,4,1902
233,4,1995
233,4,2008
233,4,2016
233,4,2029
233,4,2031
233,4,2045
233,4,2062
233,4,2104
233,4,2105
233,4,2127
233,4,2131
233,4,2177
233,4,2181
233,4,2206
233,4,2230
233,4,2246
233,4,2248
233,4,2250
233,4,2266
233,4,2281
233,4,2294
233,4,2345
233,4,2355
233,4,2400
233,4,2427
233,4,2468
233,4,2476
233,4,2478
233,4,2488
233,4,2495
233,4,2508
233,4,2518
233,4,2529
233,4,2552
233,4,2557
233,4,2569
233,4,2570
233,4,2586
233,4,2615
233,4,2621
233,4,2628
233,4,2644
233,4,2668
233,4,2722
233,4,2765
233,4,2796
233,4,2844
233,4,2851
233,4,2860
233,4,2869
233,4,2873
233,4,2934
233,4,2963
233,4,2969
233,4,2977
233,4,2987
233,4,2998
233,4,3021
233,4,3048
233,4,3076
233,4,3116
233,5,26
233,5,27
233,5,41
233,5,50
233,5,84
233,5,85
233,5,101
233,5,136
233,5,154
233,5,160
233,5,172
233,5,208
233,5,230
233,5,245
233,5,250
233,5,278
233,5,297
233,5,300
233,5,341
233,5,349
233,5,352
233,5,353
233,5,354
233,5,367
233,5,382
233,5,406
233,5,424
233,5,472
233,5,489
233,5,496
233,5,500
233,5,519
233,5,536
233,5,549
233,5,585
233,5,632
233,5,639
233,5,649
233,5,650
233,5,652
233,5,677
233,5,686
233,5,693
233,5,703
233,5,707
233,5,827
233,5,846
233,5,868
233,5,879
233,5,884
233,5,906
233,5,909
233,5,954
233,5,957
233,5,977
233,5,1019
233,5,1030
233,5,1032
233,5,1043
233,5,1044
233,5,1056
233,5,1061
233,5,1068
233,5,1089
233,5,1114
233,5,1125
233,5,1134
233,5,1174
233,5,1179
233,5,1192
233,5,1197
233,5,1276
233,5,1280
233,5,1294
233,5,1317
233,5,1362
233,5,1388
233,5,1429
233,5,1432
233,5,1439
233,5,1455
233,5,1467
233,5,1483
233,5,1492
233,5,1499
233,5,1529
233,5,1552
233,5,1564
233,5,1568
233,5,1569
233,5,1571
233,5,1590
233,5,1618
233,5,1632
233,5,1635
233,5,1657
233,5,1662
233,5,1664
233,5,1670
233,5,1688
233,5,1693
233,5,1765
233,5,1793
233,5,1822
233,5,1824
233,5,1869
233,5,1871
233,5,1884
233,5,1890
233,5,1895
233,5,1932
233,5,1946
233,5,1952
233,5,1979
233,5,1991
233,5,2008
233,5,2028
233,5,2054
233,5,2058
233,5,2063
233,5,2081
233,5,2086
233,5,2092
233,5,2118
233,5,2124
233,5,2131
233,5,2149
233,5,2157
233,5,2181
233,5,2206
233,5,2212
233,5,2218
233,5,2247
233,5,2252
233,5,2254
233,5,2270
233,5,2276
233,5,2316
233,5,2323
233,5,2328
233,5,2334
233,5,2371
233,0,5
233,0,11
233,0,21
233,0,24
233,0,25
233,0,48
233,0,50
233,0,72
233,0,76
233,0,99
233,0,149
233,0,157
233,0,190
233,0,199
233,0,227
233,0,255
233,0,271
233,0,272
233,0,286
233,0,300
233,0,317
233,0,323
233,0,342
233,0,366
233,0,384
233,0,385
233,0,402
233,0,412
233,0,432
233,0,433
233,0,460
233,0,494
233,0,495
233,0,496
233,0,501
233,0,522
233,0,538
233,0,542
233,0,549
233,0,559
233,0,578
233,0,600
233,0,602
233,0,604
233,0,614
233,0,654
233,0,655
233,0,678
233,0,680
233,0,700
233,0,701
233,0,702
233,0,724
233,0,729
233,0,734
233,0,740
233,0,753
233,0,763
233,0,809
233,0,812
233,0,824
233,0,829
233,0,892
233,0,910
233,0,912
233,0,927
233,0,953
233,0,957
233,0,963
233,0,964
233,0,990
233,0,1005
233,0,1030
233,0,1065
233,0,1090
233,0,1119
233,0,1147
233,0,1164
233,0,1197
233,0,1210
233,0,1284
233,0,1312
233,0,1313
233,0,1317
233,0,1331
233,0,1398
233,0,1461
233,0,1501
233,0,1503
233,0,1529
233,0,1535
233,0,1544
233,0,1548
233,0,1563
233,0,1573
233,0,1580
233,0,1588
233,0,1595
233,0,1623
233,0,1625
233,0,1646
233,0,1648
233,0,1654
233,0,1663
233,0,1669
233,0,1692
233,0,1758
233,0,1794
233,0,1813
233,0,1814
233,0,1831
233,0,1857
233,0,1862
233,0,1866
233,0,1894
233,0,1896
233,0,1918
233,0,1920
233,0,1944
233,0,1956
233,0,1981
233,0,1984
233,0,1985
233,0,1989
233,0,2021
233,0,2102
233,0,2131
233,0,2153
233,0,2165
233,0,2189
233,0,2197
233,0,2200
233,0,2204
233,0,2220
233,0,2238
233,0,2260
233,0,2271
233,0,2273
233,0,2285
233,0,2297
233,0,2305
233,0,2311
233,0,2321
233,0,2344
233,0,2358
233,0,2362
233,0,2406
233,0,2455
233,0,2476
233,0,2490
233,0,2496
233,0,2513
233,0,2525
233,0,2534
233,0,2555
233,0,2603
233,0,2625
233,0,2661
233,0,2672
233,0,2702
233,0,2703
233,0,2705
233,0,2733
233,0,2764
233,0,2798
233,0,2808
233,0,2812
233,0,2854
233,0,2862
233,0,2866
233,0,2877
233,0,2886
233,0,2901
234,1,5
234,1,14
234,1,26
234,1,50
234,1,106
234,1,111
234,1,124
234,1,126
234,1,147
234,1,161
234,1,175
234,1,176
234,1,179
234,1,193
234,1,216
234,1,241
234,1,245
234,1,270
234,1,302
234,1,315
234,1,324
234,1,362
234,1,378
234,1,386
234,1,408
234,1,426
234,1,441
234,1,449
234,1,454
234,1,459
234,1,473
234,1,478
234,1,496
234,1,513
234,1,534
234,1,571
234,1,580
234,1,607
234,1,637
234,1,659
234,1,683
234,1,688
234,1,716
234,1,791
234,1,830
234,1,834
234,1,856
234,1,893
234,1,896
234,1,912
234,1,959
234,1,983
234,1,989
234,1,991
234,1,1002
234,1,1030
234,1,1033
234,1,1045
234,1,1050
234,1,1052
234,1,1055
234,1,1115
234,1,1123
234,1,1127
234,1,1138
234,1,1168
234,1,1174
234,1,1182
234,1,1186
234,1,1202
234,1,1224
234,1,1228
234,1,1232
234,1,1243
234,1,1253
234,1,1264
234,1,1270
234,1,1296
234,1,1357
234,1,1416
234,1,1436
234,1,1453
234,1,1462
234,1,1472
234,1,1498
234,1,1511
234,1,1518
234,1,1519
234,1,1523
234,1,1541
234,1,1543
234,1,1572
234,1,1588
234,1,1604
234,1,1605
234,1,1625
234,1,1627
234,1,1634
234,1,1672
234,1,1676
234,1,1680
234,1,1705
234,1,1722
234,1,1766
234,1,1803
234,1,1833
234,1,1845
234,1,1852
234,1,1863
234,1,1866
234,1,1871
234,1,1883
234,1,1884
234,1,1913
234,1,1931
234,1,1937
234,1,1947
234,1,1976
234,1,1981
234,1,1994
234,1,2019
234,1,2039
234,1,2048
234,1,2074
234,1,2078
234,1,2090
234,1,2099
234,1,2101
234,1,2129
234,1,2161
234,1,2191
234,1,2199
234,1,2237
234,1,2284
234,1,2319
234,1,2334
234,1,2351
234,1,2362
234,1,2368
234,1,2384
234,1,2396
234,1,2405
234,1,2408
234,1,2430
234,1,2438
234,1,2457
234,1,2470
234,1,2472
234,1,2484
234,1,2499
234,1,2508
234,1,2511
234,1,2577
234,1,2606
234,1,2667
234,1,2670
234,1,2672
234,1,2685
234,1,2690
234,1,2726
234,1,2735
234,1,2749
234,1,2771
234,1,2789
234,1,2820
234,1,2824
234,1,2845
234,1,2851
234,1,2864
234,1,2884
234,1,2885
234,1,2895
234,1,2955
234,1,2978
234,1,2995
234,1,2996
234,1,3004
234,1,3049
234,1,3102
234,1,3115
234,1,3117
234,1,3129
234,1,3136
234,1,3137
234,2,3
234,2,7
234,2,19
234,2,36
234,2,53
234,2,89
234,2,100
234,2,101
234,2,105
234,2,106
234,2,124
234,2,127
234,2,131
234,2,165
234,2,207
234,2,209
234,2,212
234,2,247
234,2,266
234,2,323
234,2,368
234,2,419
234,2,446
234,2,470
234,2,484
234,2,491
234,2,493
234,2,501
234,2,519
234,2,530
234,2,578
234,2,605
234,2,607
234,2,611
234,2,619
234,2,701
234,2,724
234,2,749
234,2,771
234,2,773
234,2,777
234,2,778
234,2,784
234,2,845
234,2,865
234,2,866
234,2,879
234,2,940
234,2,947
234,2,968
234,2,973
234,2,979
234,2,990
234,2,1016
234,2,1030
234,2,1052
234,2,1102
234,2,1135
234,2,1163
234,2,1172
234,2,1180
234,2,1189
234,2,1223
234,2,1290
234,2,1325
234,2,1350
234,2,1381
234,2,1405
234,2,1411
234,2,1421
234,2,1431
234,2,1439
234,2,1488
234,2,1590
234,2,1591
234,2,1594
234,2,1598
234,2,1606
234,2,1636
234,2,1641
234,2,1663
234,2,1721
234,2,1729
234,2,1774
234,2,1795
234,2,1801
234,2,1856
234,2,1857
234,2,1911
234,2,1923
234,2,1945
234,2,1953
234,2,1965
234,2,1995
234,2,2005
234,2,2023
234,2,2080
234,2,2126
234,2,2162
234,2,2175
234,2,2196
234,2,2201
234,2,2220
234,2,2261
234,2,2266
234,2,2271
234,2,2295
234,2,2296
234,2,2305
234,2,2312
234,2,2370
234,2,2375
234,2,2379
234,2,2392
234,2,2413
234,2,2416
234,2,2435
234,2,2458
234,2,2478
234,2,2479
234,2,2493
234,2,2514
234,2,2517
234,2,2568
234,2,2583
234,2,2617
234,2,2624
234,2,2638
234,2,2671
234,2,2681
234,2,2683
234,2,2690
234,2,2692
234,2,2702
234,2,2715
234,2,2716
234,2,2745
234,2,2753
234,2,2778
234,2,2789
234,2,2798
234,2,2814
234,2,2824
234,2,2828
234,2,2830
234,2,2868
234,2,2875
234,2,2879
234,2,2892
234,2,2896
234,2,2905
234,2,2913
234,2,2917
234,2,2927
234,2,2932
234,2,2949
234,2,2975
234,2,3000
234,2,3047
234,2,3065
234,2,3069
234,2,3118
234,2,3128
234,2,3147
234,2,3176
234,2,3197
234,2,3233
234,2,3251
234,2,3254
234,2,3285
234,2,3291
234,2,3306
234,2,3317
234,2,3328
234,2,3329
234,2,3346
234,2,3347
234,2,3357
234,2,3364
234,3,0
234,3,14
234,3,18
234,3,24
234,3,61
234,3,65
234,3,72
234,3,73
234,3,115
234,3,117
234,3,153
234,3,162
234,3,170
234,3,193
234,3,205
234,3,212
234,3,221
234,3,244
234,3,246
234,3,247
234,3,260
234,3,270
234,3,290
234,3,296
234,3,316
234,3,355
234,3,414
234,3,439
234,3,465
234,3,466
234,3,467
234,3,499
234,3,501
234,3,554
234,3,578
234,3,605
234,3,613
234,3,615
234,3,652
234,3,664
234,3,671
234,3,698
234,3,772
234,3,786
234,3,801
234,3,841
234,3,869
234,3,897
234,3,898
234,3,927
234,3,954
234,3,955
234,3,964
234,3,968
234,3,977
234,3,985
234,0,16
234,0,63
234,0,64
234,0,69
234,0,77
234,0,89
234,0,97
234,0,98
234,0,138
234,0,173
234,0,174
234,0,200
234,0,216
234,0,228
234,0,238
234,0,242
234,0,250
234,0,304
234,0,321
234,0,323
234,0,339
234,0,380
234,0,384
234,0,385
234,0,391
234,0,426
234,0,437
234,0,447
234,0,490
234,0,501
234,0,518
234,0,555
234,0,558
234,0,563
234,0,602
234,0,642
234,0,643
234,0,668
234,0,703
234,0,705
234,0,719
234,0,737
234,0,760
234,0,772
234,0,798
234,0,806
234,0,828
234,0,914
234,0,923
234,0,927
234,0,928
234,0,963
234,0,984
234,0,986
234,0,995
234,0,996
234,0,1022
234,0,1032
234,0,1070
234,0,1103
234,0,1117
234,0,1139
234,0,1145
234,0,1146
234,0,1147
234,0,1162
234,0,1163
234,0,1187
234,0,1200
234,0,1226
234,0,1235
234,0,1240
234,0,1251
234,0,1269
234,0,1277
234,0,1279
234,0,1287
234,0,1347
234,0,1354
234,0,1356
234,0,1367
234,0,1379
234,0,1417
234,0,1539
234,0,1570
234,0,1579
234,0,1591
234,0,1610
234,0,1622
234,0,1658
234,0,1674
234,0,1724
234,0,1803
234,0,1804
234,0,1810
234,0,1823
234,0,1846
234,0,1868
234,0,1877
234,0,1901
234,0,1927
234,0,1952
234,0,1953
234,0,1976
234,0,2033
234,0,2034
234,0,2036
234,0,2041
234,0,2073
234,0,2074
234,0,2076
234,0,2083
234,0,2116
234,0,2124
234,0,2129
234,0,2131
234,0,2139
234,0,2180
234,0,2195
234,0,2219
234,0,2247
234,0,2261
234,0,2267
234,0,2295
234,0,2302
234,0,2304
234,0,2315
234,0,2329
234,0,2349
234,0,2401
234,0,2408
234,0,2425
234,0,2439
234,0,2449
234,0,2465
234,0,2498
234,0,2506
234,0,2528
234,0,2546
234,0,2627
234,0,2645
234,0,2691
234,0,2694
234,0,2702
234,0,2773
234,0,2788
234,0,2790
234,0,2803
234,0,2818
234,0,2819
234,0,2845
234,0,2864
234,0,2886
234,0,2890
234,0,2903
234,0,2917
234,0,2928
234,0,2937
234,0,2944
234,0,2951
234,0,2971
234,0,2987
234,0,3020
234,0,3028
234,0,3030
234,0,3031
234,0,3096
234,0,3118
234,0,3122
234,0,3125
234,0,3126
234,0,3128
234,0,3132
235,1,1
235,1,24
235,1,28
235,1,47
235,1,81
235,1,119
235,1,123
235,1,128
235,1,131
235,1,141
235,1,144
235,1,151
235,1,194
235,1,224
235,1,262
235,1,274
235,1,281
235,1,288
235,1,298
235,1,300
235,1,312
235,1,355
235,1,363
235,1,387
235,1,404
235,1,447
235,1,472
235,1,481
235,1,509
235,1,514
235,1,515
235,1,521
235,1,548
235,1,554
235,1,561
235,1,581
235,1,593
235,1,680
235,1,722
235,1,741
235,1,751
235,1,845
235,1,847
235,1,849
235,1,862
235,1,883
235,1,897
235,1,940
235,1,946
235,1,962
235,1,976
235,1,986
235,1,987
235,1,1003
235,1,1072
235,1,1080
235,1,1085
235,1,1088
235,1,1116
235,1,1134
235,1,1161
235,1,1162
235,1,1169
235,1,1188
235,1,1202
235,1,1221
235,1,1225
235,1,1228
235,1,1248
235,1,1298
235,1,1331
235,1,1335
235,1,1342
235,1,1345
235,1,1361
235,1,1400
235,1,1403
235,1,1405
235,1,1424
235,1,1445
235,1,1467
235,1,1473
235,1,1475
235,1,1486
235,1,1496
235,1,1497
235,1,1498
235,1,1501
235,1,1521
235,1,1529
235,1,1545
235,1,1550
235,1,1564
235,1,1569
235,1,1591
235,1,1595
235,1,1602
235,1,1638
235,1,1645
235,1,1649
235,1,1664
235,1,1667
235,1,1672
235,1,1690
235,1,1691
235,1,1693
235,1,1704
235,1,1715
235,1,1718
235,1,1721
235,1,1737
235,1,1768
235,1,1770
235,1,1783
235,1,1789
235,1,1805
235,1,1806
235,1,1816
235,1,1821
235,1,1824
235,1,1831
235,1,1833
235,1,1837
235,1,1927
235,1,1948
235,1,1959
235,1,1965
235,1,1981
235,1,1986
235,1,1999
235,1,2000
235,1,2004
235,1,2033
235,1,2049
235,1,2052
235,1,2089
235,1,2094
235,1,2110
235,1,2117
235,1,2125
235,1,2158
235,1,2163
235,1,2168
235,1,2175
235,1,2184
235,1,2197
235,1,2207
235,1,2236
235,1,2252
235,1,2278
235,1,2298
235,1,2299
235,1,2300
235,1,2315
235,1,2324
235,1,2355
235,1,2397
235,1,2409
235,1,2426
235,1,2451
235,1,2457
235,1,2473
235,1,2474
235,1,2477
235,1,2493
235,1,2512
235,1,2515
235,1,2531
235,1,2536
235,1,2569
235,1,2576
235,1,2577
235,1,2591
235,1,2595
235,1,2601
235,1,2606
235,1,2612
235,1,2630
235,1,2676
235,1,2683
235,1,2696
235,1,2700
235,1,2713
235,1,2723
235,1,2731
235,1,2752
235,1,2754
235,1,2756
235,1,2770
235,1,2777
235,1,2790
235,1,2822
235,1,2828
235,1,2839
235,1,2903
235,1,2915
235,1,2943
235,1,2957
235,1,2964
235,1,2977
235,1,3000
235,1,3005
235,1,3032
235,1,3039
235,1,3043
235,1,3047
235,1,3062
235,1,3078
235,1,3081
235,1,3093
235,1,3095
235,1,3109
235,1,3127
235,1,3140
235,1,3141
235,1,3146
235,1,3147
235,1,3165
235,1,3194
235,1,3222
235,1,3227
235,1,3264
235,1,3302
235,1,3319
235,1,3349
235,1,3388
235,1,3402
235,1,3422
235,2,26
235,2,27
235,2,30
235,2,37
235,2,63
235,2,69
235,2,92
235,2,95
235,2,103
235,2,109
235,2,117
235,2,119
235,2,128
235,2,130
235,2,132
235,2,135
235,2,136
235,2,138
235,2,141
235,2,183
235,2,194
235,2,206
235,2,247
235,2,277
235,2,280
235,2,296
235,2,304
235,2,317
235,2,351
235,2,397
235,2,403
235,2,413
235,2,418
235,2,426
235,2,430
235,2,443
235,2,470
235,2,472
235,2,482
235,2,488
235,2,501
235,2,536
235,2,585
235,2,628
235,2,661
235,2,677
235,2,698
235,2,707
235,2,732
235,2,743
235,2,797
235,2,802
235,2,812
235,2,825
235,2,841
235,2,843
235,2,859
235,2,867
235,2,878
235,2,905
235,2,908
235,2,912
235,2,954
235,2,964
235,2,971
235,2,982
235,2,1013
235,2,1023
235,2,1049
235,2,1059
235,2,1073
235,2,1079
235,2,1096
235,2,1106
235,2,1131
235,2,1139
235,2,1159
235,2,1167
235,2,1180
235,2,1182
235,2,1198
235,2,1201
235,2,1212
235,2,1215
235,2,1224
235,2,1252
235,2,1261
235,2,1265
235,2,1284
235,2,1314
235,2,1319
235,2,1347
235,2,1362
235,2,1396
235,2,1419
235,2,1435
235,2,1455
235,2,1456
235,2,1476
235,2,1477
235,2,1488
235,2,1490
235,2,1497
235,2,1499
235,2,1509
235,2,1519
235,2,1536
235,2,1554
235,2,1578
235,2,1590
235,2,1597
235,2,1600
235,2,1624
235,2,1632
235,2,1653
235,2,1662
235,2,1691
235,2,1715
235,2,1727
235,2,1766
235,2,1781
235,2,1790
235,2,1815
235,2,1830
235,2,1876
235,2,1879
235,2,1896
235,2,1898
235,2,1931
235,2,1940
235,2,1946
235,2,1959
235,2,1960
235,2,1982
235,2,2012
235,2,2041
235,2,2052
235,2,2057
235,2,2070
235,2,2095
235,2,2112
235,2,2113
235,2,2145
235,2,2150
235,2,2151
235,2,2169
235,2,2179
235,2,2192
235,2,2204
235,0,9
235,0,17
235,0,26
235,0,29
235,0,37
235,0,45
235,0,66
235,0,75
235,0,84
235,0,96
235,0,122
235,0,125
235,0,130
235,0,131
235,0,212
235,0,219
235,0,233
235,0,244
235,0,255
235,0,257
235,0,301
235,0,320
235,0,332
235,0,353
235,0,359
235,0,363
235,0,366
235,0,382
235,0,394
235,0,397
235,0,398
235,0,400
235,0,415
235,0,429
235,0,445
235,0,448
235,0,480
235,0,491
235,0,505
235,0,506
235,0,539
235,0,593
235,0,598
235,0,607
235,0,612
235,0,623
235,0,627
235,0,643
235,0,667
235,0,669
235,0,670
235,0,698
235,0,774
235,0,788
235,0,814
235,0,823
235,0,824
235,0,845
235,0,854
235,0,919
235,0,974
235,0,1028
235,0,1035
235,0,1052
235,0,1084
235,0,1099
235,0,1105
235,0,1126
235,0,1129
235,0,1139
235,0,1141
235,0,1153
235,0,1167
235,0,1178
235,0,1187
235,0,1197
235,0,1205
235,0,1208
235,0,1225
235,0,1240
235,0,1258
235,0,1265
235,0,1279
235,0,1291
235,0,1303
235,0,1357
235,0,1365
235,0,1380
235,0,1390
235,0,1455
235,0,1465
235,0,1484
235,0,1491
235,0,1498
235,0,1501
235,0,1531
235,0,1534
235,0,1537
235,0,1546
235,0,1554
235,0,1555
235,0,1571
235,0,1573
235,0,1599
235,0,1632
235,0,1635
235,0,1641
235,0,1711
235,0,1731
235,0,1737
235,0,1772
235,0,1783
235,0,1789
235,0,1790
235,0,1864
235,0,1872
235,0,1881
235,0,1888
235,0,1896
235,0,1942
235,0,1962
235,0,1979
235,0,2004
235,0,2015
235,0,2051
235,0,2069
235,0,2082
235,0,2113
235,0,2114
235,0,2134
235,0,2142
235,0,2154
235,0,2178
235,0,2192
235,0,2199
235,0,2203
235,0,2223
235,0,2237
235,0,2243
235,0,2258
235,0,2330
235,0,2333
235,0,2372
235,0,2392
235,0,2398
235,0,2401
235,0,2435
235,0,2446
235,0,2447
235,0,2452
235,0,2477
235,0,2499
235,0,2521
235,0,2524
235,0,2525
235,0,2536
235,0,2538
235,0,2545
235,0,2547
235,0,2571
235,0,2579
235,0,2596
235,0,2615
235,0,2624
235,0,2659
235,0,2660
235,0,2669
235,0,2682
235,0,2685
235,0,2707
235,0,2710
235,0,2717
235,0,2720
235,0,2726
235,0,2728
235,0,2756
235,0,2779
235,0,2808
235,0,2811
235,0,2814
235,0,2847
235,0,2894
235,0,2910
235,0,2929
235,0,2964
235,0,2968
235,0,2981
235,0,2996
235,0,3012
235,0,3022
235,0,3033
235,0,3040
235,0,3061
235,0,3101
235,0,3157
235,0,3166
235,0,3167
235,0,3170
241,1,6
241,1,20
241,1,27
241,1,34
241,1,38
241,1,59
241,1,73
241,1,76
241,1,79
241,1,98
241,1,128
241,1,137
241,1,155
241,1,176
241,1,177
241,1,188
241,1,190
241,1,199
241,1,202
241,1,251
241,1,264
241,1,292
241,1,309
241,1,350
241,1,352
241,1,357
241,1,358
241,1,376
241,1,377
241,1,390
241,1,396
241,1,408
241,1,413
241,1,417
241,1,440
241,1,442
241,1,468
241,1,484
241,1,485
241,1,504
241,1,604
241,1,612
241,1,626
241,1,637
241,1,674
241,1,685
241,1,692
241,1,693
241,1,702
241,1,703
241,1,730
241,1,735
241,1,746
241,1,754
241,1,759
241,1,760
241,1,767
241,1,771
241,1,773
241,1,799
241,1,802
241,1,839
241,1,840
241,1,845
241,1,871
241,1,878
241,1,886
241,1,908
241,1,912
241,1,914
241,1,928
241,1,932
241,1,963
241,1,965
241,1,992
241,1,999
241,1,1026
241,1,1042
241,1,1051
241,1,1061
241,1,1065
241,1,1066
241,1,1080
241,1,1108
241,1,1128
241,1,1136
241,1,1144
241,1,1176
241,1,1199
241,1,1202
241,1,1217
241,1,1227
241,1,1249
241,1,1250
241,1,1256
241,1,1258
241,1,1273
241,1,1282
241,1,1286
241,1,1291
241,1,1300
241,1,1330
241,1,1331
241,1,1343
241,1,1347
241,1,1387
241,1,1403
241,1,1416
241,1,1418
241,1,1423
241,1,1449
241,1,1462
241,1,1463
241,1,1481
241,1,1484
241,1,1499
241,1,1531
241,1,1536
241,1,1571
241,1,1581
241,1,1592
241,1,1607
241,1,1631
241,1,1645
241,1,1651
241,1,1668
241,1,1670
241,1,1676
241,1,1708
241,1,1717
241,1,1743
241,1,1774
241,1,1778
241,1,1781
241,1,1831
241,1,1841
241,1,1851
241,1,1883
241,1,1891
241,1,1909
241,1,1921
241,1,1945
241,1,1949
241,1,1970
241,1,2008
241,1,2009
241,1,2012
241,1,2031
241,1,2033
241,1,2036
241,1,2063
241,1,2094
241,1,2100
241,1,2107
241,1,2109
241,1,2134
241,1,2140
241,1,2174
241,1,2216
241,1,2217
241,1,2225
241,1,2300
241,1,2319
241,1,2336
241,1,2339
241,1,2342
241,1,2356
241,1,2367
241,1,2374
241,1,2390
241,1,2402
241,1,2414
241,1,2431
241,1,2432
241,1,2445
241,1,2456
241,1,2461
241,1,2471
241,1,2476
241,1,2489
241,1,2492
241,1,2509
241,1,2549
241,1,2551
241,1,2558
241,1,2584
241,1,2586
241,1,2611
241,1,2617
241,1,2621
241,1,2633
241,1,2662
241,1,2664
241,1,2671
241,1,2684
241,1,2695
241,1,2697
241,1,2733
241,1,2763
241,1,2766
241,1,2787
241,1,2788
241,1,2794
241,1,2799
241,1,2805
241,1,2847
241,1,2861
241,2,37
241,2,69
241,2,73
241,2,76
241,2,105
241,2,118
241,2,140
241,2,182
241,2,209
241,2,219
241,2,229
241,2,240
241,2,241
241,2,265
241,2,269
241,2,291
241,2,296
241,2,311
241,2,341
241,2,353
241,2,356
241,2,368
241,2,399
241,2,426
241,2,433
241,2,438
241,2,444
241,2,464
241,2,470
241,2,514
241,2,529
241,2,554
241,2,579
241,2,589
241,2,595
241,2,608
241,2,625
241,2,634
241,2,636
241,2,682
241,2,711
241,2,712
241,2,713
241,2,751
241,2,767
241,2,781
241,2,783
241,2,793
241,2,798
241,2,799
241,2,801
241,2,802
241,2,814
241,2,845
241,2,851
241,2,862
241,2,891
241,2,899
241,2,911
241,2,926
241,2,941
241,2,949
241,2,984
241,2,1004
241,2,1033
241,2,1034
241,2,1038
241,2,1059
241,2,1087
241,2,1091
241,2,1092
241,2,1098
241,2,1099
241,2,1116
241,2,1144
241,2,1168
241,2,1181
241,2,1185
241,2,1215
241,2,1248
241,2,1263
241,2,1291
241,2,1322
241,2,1362
241,2,1367
241,2,1378
241,2,1404
241,2,1407
241,2,1412
241,2,1416
241,2,1449
241,2,1491
241,2,1550
241,2,1551
241,2,1561
241,2,1583
241,2,1591
241,2,1622
241,2,1652
241,2,1659
241,2,1708
241,2,1720
241,2,1734
241,2,1739
241,2,1762
241,2,1785
241,2,1810
241,2,1844
241,2,1848
241,2,1865
241,2,1920
241,2,1922
241,2,1955
241,2,1963
241,2,1979
241,2,2024
241,2,2032
241,2,2039
241,2,2057
241,2,2077
241,2,2084
241,2,2117
241,2,2132
241,2,2134
241,2,2135
241,2,2141
241,2,2165
241,2,2177
241,2,2231
241,2,2239
241,2,2273
241,2,2279
241,2,2300
241,2,2328
241,2,2336
241,2,2363
241,2,2394
241,2,2415
241,2,2448
241,2,2485
241,2,2494
241,2,2497
241,0,25
241,0,28
241,0,41
241,0,76
241,0,120
241,0,128
241,0,129
241,0,133
241,0,134
241,0,159
241,0,163
241,0,195
241,0,208
241,0,223
241,0,232
241,0,268
241,0,277
241,0,302
241,0,347
241,0,350
241,0,387
241,0,424
241,0,427
241,0,450
241,0,458
241,0,459
241,0,463
241,0,513
241,0,543
241,0,546
241,0,579
241,0,603
241,0,644
241,0,712
241,0,724
241,0,736
241,0,743
241,0,746
241,0,747
241,0,755
241,0,760
241,0,782
241,0,791
241,0,817
241,0,831
241,0,857
241,0,867
241,0,878
241,0,887
241,0,932
241,0,937
241,0,938
241,0,941
241,0,943
241,0,951
241,0,956
241,0,961
241,0,969
241,0,986
241,0,1031
241,0,1037
241,0,1039
241,0,1040
241,0,1059
241,0,1066
241,0,1075
241,0,1097
241,0,1115
241,0,1116
241,0,1120
241,0,1200
241,0,1217
241,0,1227
241,0,1242
241,0,1253
241,0,1260
241,0,1286
241,0,1329
241,0,1332
241,0,1360
241,0,1384
241,0,1385
241,0,1396
241,0,1412
241,0,1432
241,0,1446
241,0,1448
241,0,1455
241,0,1461
241,0,1463
241,0,1469
241,0,1492
241,0,1518
241,0,1520
241,0,1529
241,0,1586
241,0,1645
241,0,1660
241,0,1668
241,0,1688
241,0,1716
241,0,1722
241,0,1741
241,0,1758
241,0,1787
241,0,1793
241,0,1804
241,0,1837
241,0,1844
241,0,1853
241,0,1878
241,0,1882
241,0,1917
241,0,1924
241,0,1947
241,0,1961
241,0,2028
241,0,2060
241,0,2064
241,0,2069
241,0,2073
241,0,2092
241,0,2099
241,0,2126
241,0,2131
241,0,2157
241,0,2195
241,0,2224
241,0,2225
241,0,2227
241,0,2262
241,0,2281
241,0,2307
241,0,2311
241,0,2323
241,0,2342
241,0,2370
241,0,2381
241,0,2391
241,0,2407
241,0,2428
241,0,2441
241,0,2459
241,0,2475
241,0,2513
241,0,2528
241,0,2574
241,0,2609
241,0,2620
241,0,2631
241,0,2638
241,0,2675
241,0,2689
241,0,2690
241,0,2707
241,0,2752
241,0,2753
241,0,2774
241,0,2813
241,0,2872
242,1,18
242,1,20
242,1,30
242,1,46
242,1,132
242,1,149
242,1,151
242,1,186
242,1,201
242,1,204
242,1,219
242,1,246
242,1,258
242,1,265
242,1,275
242,1,287
242,1,288
242,1,310
242,1,311
242,1,324
242,1,330
242,1,332
242,1,336
242,1,364
242,1,387
242,1,394
242,1,397
242,1,422
242,1,445
242,1,456
242,1,476
242,1,489
242,1,514
242,1,530
242,1,550
242,1,557
242,1,582
242,1,584
242,1,585
242,1,595
242,1,640
242,1,669
242,1,681
242,1,689
242,1,692
242,1,702
242,1,729
242,1,741
242,1,743
242,1,755
242,1,772
242,1,775
242,1,782
242,1,786
242,1,788
242,1,794
242,1,842
242,1,847
242,1,859
242,1,928
242,1,947
242,1,984
242,1,988
242,1,994
242,1,1000
242,1,1034
242,1,1084
242,1,1128
242,1,1150
242,1,1153
242,1,1204
242,1,1211
242,1,1216
242,1,1227
242,1,1239
242,1,1245
242,1,1262
242,1,1276
242,1,1288
242,1,1290
242,1,1309
242,1,1344
242,1,1356
242,1,1373
242,1,1432
242,1,1441
242,1,1466
242,1,1507
242,1,1511
242,1,1546
242,1,1577
242,1,1608
242,1,1643
242,1,1645
242,1,1659
242,1,1660
242,1,1661
242,1,1677
242,1,1679
242,1,1713
242,1,1723
242,1,1773
242,1,1788
242,1,1838
242,1,1872
242,1,1886
242,1,1889
242,1,1895
242,1,1896
242,1,1926
242,1,1927
242,1,1928
242,1,1976
242,1,1989
242,1,2014
242,1,2027
242,1,2030
242,1,2033
242,1,2034
242,1,2087
242,1,2108
242,1,2118
242,1,2120
242,1,2131
242,1,2137
242,1,2146
242,1,2151
242,1,2182
242,1,2184
242,1,2213
242,1,2258
242,1,2287
242,1,2288
242,1,2292
242,1,2294
242,1,2336
242,1,2342
242,1,2355
242,1,2365
242,1,2396
242,1,2439
242,1,2441
242,1,2452
242,1,2467
242,1,2488
242,1,2513
242,1,2516
242,1,2548
242,1,2553
242,1,2554
242,1,2578
242,1,2581
242,1,2608
242,1,2611
242,1,2620
242,1,2624
242,1,2654
242,1,2656
242,1,2685
242,1,2696
242,1,2701
242,1,2710
242,1,2714
242,1,2715
242,1,2716
242,1,2725
242,1,2728
242,1,2736
242,1,2739
242,1,2753
242,1,2763
242,1,2768
242,1,2778
242,1,2786
242,1,2808
242,1,2826
242,1,2835
242,1,2848
242,1,2849
242,1,2863
242,1,2870
242,1,2897
242,2,47
242,2,77
242,2,95
242,2,102
242,2,108
242,2,120
242,2,134
242,2,144
242,2,156
242,2,165
242,2,192
242,2,214
242,2,223
242,2,249
242,2,250
242,2,258
242,2,260
242,2,261
242,2,340
242,2,341
242,2,356
242,2,377
242,2,415
242,2,454
242,2,455
242,2,463
242,2,470
242,2,475
242,2,476
242,2,485
242,2,493
242,2,499
242,2,534
242,2,550
242,2,589
242,2,599
242,2,635
242,2,649
242,2,669
242,2,692
242,2,700
242,2,716
242,2,727
242,2,729
242,2,757
242,2,766
242,2,787
242,2,796
242,2,814
242,2,817
242,2,819
242,2,823
242,2,838
242,2,864
242,2,883
242,2,884
242,2,890
242,2,896
242,2,897
242,2,900
242,2,918
242,2,921
242,2,931
242,2,939
242,2,954
242,2,992
242,2,997
242,2,1004
242,2,1013
242,2,1016
242,2,1029
242,2,1032
242,2,1050
242,2,1057
242,2,1062
242,2,1063
242,2,1108
242,2,1112
242,2,1163
242,2,1165
242,2,1173
242,2,1182
242,2,1192
242,2,1196
242,2,1199
242,2,1215
242,2,1248
242,2,1250
242,2,1251
242,2,1257
242,2,1269
242,2,1300
242,2,1308
242,2,1332
242,2,1336
242,2,1339
242,2,1342
242,2,1355
242,2,1372
242,2,1374
242,2,1385
242,2,1417
242,2,1429
242,2,1442
242,2,1448
242,2,1472
242,2,1476
242,2,1507
242,2,1512
242,2,1513
242,2,1527
242,2,1538
242,2,1542
242,2,1544
242,2,1546
242,2,1581
242,2,1590
242,2,1608
242,2,1613
242,2,1632
242,2,1649
242,2,1677
242,2,1686
242,2,1697
242,2,1707
242,2,1711
242,2,1715
242,2,1723
242,2,1733
242,2,1737
242,2,1774
242,2,1786
242,2,1791
242,2,1797
242,2,1804
242,2,1805
242,2,1810
242,2,1823
242,2,1827
242,2,1828
242,2,1830
242,2,1883
242,2,1894
242,2,1898
242,2,1916
242,2,1923
242,2,1932
242,2,1934
242,2,1935
242,2,1937
242,2,1944
242,2,1986
242,2,1988
242,2,1991
242,2,2011
242,2,2027
242,2,2067
242,2,2078
242,2,2108
242,2,2131
242,2,2134
242,2,2148
242,2,2155
242,2,2175
242,2,2192
242,2,2199
242,2,2219
242,2,2231
242,2,2233
242,2,2275
242,2,2293
242,2,2306
242,2,2311
242,2,2317
242,2,2335
242,2,2341
242,2,2347
242,2,2349
242,2,2362
242,2,2370
242,2,2387
242,2,2390
242,2,2404
242,2,2421
242,2,2427
242,2,2476
242,2,2515
242,2,2516
242,2,2555
242,2,2639
242,2,2645
242,2,2648
242,2,2712
242,2,2713
242,2,2719
242,2,2722
242,2,2730
242,2,2745
242,2,2752
242,2,2758
242,2,2826
242,2,2853
242,2,2886
242,2,2900
242,2,2910
242,2,2912
242,2,2915
242,2,2916
242,3,0
242,3,6
242,3,11
242,3,32
242,3,47
242,3,50
242,3,71
242,3,99
242,3,106
242,3,110
242,3,132
242,3,140
242,3,148
242,3,166
242,3,182
242,3,196
242,3,218
242,3,231
242,3,232
242,3,233
242,3,259
242,3,278
242,3,283
242,3,313
242,3,322
242,3,323
242,3,366
242,3,391
242,3,400
242,3,501
242,3,509
242,3,532
242,3,534
242,3,559
242,3,575
242,3,605
242,3,616
242,3,624
242,3,627
242,3,642
242,3,644
242,3,647
242,3,648
242,3,682
242,3,690
242,3,706
242,3,732
242,3,757
242,3,764
242,3,807
242,3,826
242,3,838
242,3,846
242,3,851
242,3,867
242,3,868
242,3,876
242,3,881
242,3,921
242,3,944
242,3,947
242,3,950
242,3,967
242,3,1022
242,3,1069
242,3,1073
242,3,1084
242,3,1127
242,3,1128
242,3,1172
242,3,1186
242,3,1202
242,3,1208
242,3,1278
242,3,1284
242,3,1292
242,3,1323
242,3,1341
242,3,1367
242,3,1368
242,3,1369
242,3,1371
242,3,1399
242,3,1431
242,3,1492
242,3,1535
242,3,1555
242,3,1561
242,3,1565
242,3,1571
242,3,1599
242,3,1600
242,3,1621
242,3,1651
242,3,1678
242,3,1702
242,3,1742
242,3,1744
242,3,1769
242,3,1793
242,3,1807
242,3,1825
242,3,1830
242,3,1839
242,3,1840
242,3,1884
242,3,1893
242,3,1898
242,3,1906
242,3,1908
242,3,1929
242,3,1951
242,3,1984
242,4,8
242,4,10
242,4,39
242,4,56
242,4,72
242,4,75
242,4,83
242,4,111
242,4,137
242,4,144
242,4,146
242,4,154
242,4,166
242,4,167
242,4,175
242,4,181
242,4,237
242,4,238
242,4,257
242,4,289
242,4,314
242,4,321
242,4,352
242,4,383
242,4,416
242,4,436
242,4,443
242,4,477
242,4,498
242,4,500
242,4,510
242,4,543
242,4,571
242,4,578
242,4,579
242,4,600
242,4,628
242,4,699
242,4,712
242,4,719
242,4,723
242,4,733
242,4,747
242,4,755
242,4,765
242,4,788
242,4,801
242,4,846
242,4,851
242,4,909
242,4,911
242,4,940
242,4,975
242,4,1003
242,4,1007
242,4,1008
242,4,1013
242,4,1047
242,4,1053
242,4,1083
242,4,1095
242,4,1100
242,4,1145
242,4,1148
242,4,1213
242,4,1225
242,4,1239
242,4,1240
242,4,1248
242,4,1250
242,4,1255
242,4,1273
242,4,1313
242,4,1357
242,4,1375
242,4,1381
242,4,1384
242,4,1389
242,4,1405
242,4,1427
242,4,1444
242,4,1464
242,4,1466
242,4,1503
242,4,1505
242,4,1511
242,4,1514
242,4,1532
242,4,1573
242,4,1579
242,4,1591
242,4,1623
242,4,1626
242,4,1631
242,4,1673
242,4,1684
242,4,1688
242,4,1697
242,4,1721
242,4,1729
242,4,1740
242,4,1763
242,4,1767
242,4,1779
242,4,1789
242,4,1790
242,4,1798
242,4,1825
242,4,1835
242,4,1839
242,4,1840
242,4,1852
242,4,1860
242,4,1861
242,4,1868
242,4,1871
242,4,1878
242,4,1881
242,4,1888
242,4,1919
242,4,1933
242,4,1940
242,4,1968
242,4,1977
242,4,1989
242,4,1994
242,4,2017
242,4,2090
242,4,2091
242,4,2150
242,4,2161
242,4,2181
242,4,2184
242,4,2225
242,4,2232
242,4,2293
242,4,2299
242,4,2305
242,4,2312
242,4,2325
242,4,2344
242,4,2352
242,4,2362
242,4,2366
242,4,2385
242,4,2426
242,4,2449
242,4,2457
242,4,2460
242,4,2482
242,4,2489
242,4,2525
242,4,2542
242,4,2556
242,4,2564
242,4,2582
242,4,2587
242,4,2589
242,4,2599
242,4,2611
242,4,2617
242,4,2638
242,4,2648
242,4,2674
242,4,2680
242,4,2745
242,4,2772
242,4,2785
242,4,2789
242,4,2797
242,4,2807
242,4,2818
242,4,2869
242,4,2870
242,4,2881
242,4,2886
242,4,2895
242,4,2905
242,4,2916
242,4,2918
242,5,1
242,5,13
242,5,17
242,5,35
242,5,43
242,5,62
242,5,69
242,5,77
242,5,92
242,5,114
242,5,118
242,5,130
242,5,143
242,5,152
242,5,157
242,5,182
242,5,204
242,5,227
242,5,246
242,5,253
242,5,280
242,5,288
242,5,294
242,5,295
242,5,296
242,5,300
242,5,315
242,5,321
242,5,338
242,5,366
242,5,376
242,5,393
242,5,398
242,5,422
242,5,429
242,5,432
242,5,457
242,5,470
242,5,494
242,5,497
242,5,512
242,5,524
242,5,537
242,5,546
242,5,569
242,5,572
242,5,593
242,5,597
242,5,628
242,5,706
242,5,715
242,5,733
242,5,751
242,5,772
242,5,782
242,5,791
242,5,810
242,5,834
242,5,862
242,5,889
242,5,930
242,5,934
242,5,942
242,5,984
242,5,990
242,5,993
242,5,995
242,5,997
242,5,1017
242,5,1019
242,5,1022
242,5,1037
242,5,1074
242,5,1111
242,5,1126
242,5,1132
242,5,1195
242,5,1202
242,5,1227
242,5,1234
242,5,1262
242,5,1268
242,5,1354
242,5,1359
242,5,1376
242,5,1401
242,5,1414
242,5,1417
242,5,1422
242,5,1448
242,5,1473
242,5,1570
242,5,1577
242,5,1592
242,5,1595
242,5,1602
242,0,41
242,0,63
242,0,68
242,0,72
242,0,82
242,0,124
242,0,127
242,0,139
242,0,144
242,0,155
242,0,170
242,0,171
242,0,214
242,0,217
242,0,223
242,0,236
242,0,241
242,0,261
242,0,275
242,0,289
242,0,307
242,0,310
242,0,330
242,0,347
242,0,374
242,0,377
242,0,382
242,0,384
242,0,385
242,0,443
242,0,461
242,0,472
242,0,477
242,0,489
242,0,518
242,0,519
242,0,547
242,0,553
242,0,558
242,0,565
242,0,568
242,0,596
242,0,597
242,0,609
242,0,620
242,0,622
242,0,657
242,0,668
242,0,677
242,0,681
242,0,708
242,0,717
242,0,756
242,0,766
242,0,826
242,0,838
242,0,854
242,0,858
242,0,865
242,0,883
242,0,942
242,0,946
242,0,952
242,0,972
242,0,985
242,0,1008
242,0,1032
242,0,1034
242,0,1068
242,0,1080
242,0,1083
242,0,1109
242,0,1117
242,0,1133
242,0,1158
242,0,1178
242,0,1191
242,0,1218
242,0,1221
242,0,1227
242,0,1228
242,0,1237
242,0,1260
242,0,1269
242,0,1293
242,0,1321
242,0,1335
242,0,1338
242,0,1358
242,0,1363
242,0,1387
242,0,1390
242,0,1396
242,0,1429
242,0,1466
242,0,1475
242,0,1491
242,0,1505
242,0,1511
242,0,1537
242,0,1548
242,0,1566
242,0,1593
242,0,1630
242,0,1643
242,0,1661
242,0,1662
242,0,1690
242,0,1712
242,0,1727
242,0,1732
242,0,1739
242,0,1779
242,0,1780
242,0,1814
242,0,1823
242,0,1846
242,0,1878
242,0,1895
242,0,1897
245,1,36
245,1,93
245,1,104
245,1,125
245,1,137
245,1,162
245,1,186
245,1,208
245,1,217
245,1,261
245,1,264
245,1,288
245,1,290
245,1,304
245,1,310
245,1,314
245,1,332
245,1,346
245,1,363
245,1,374
245,1,377
245,1,400
245,1,435
245,1,438
245,1,443
245,1,456
245,1,477
245,1,483
245,1,531
245,1,538
245,1,543
245,1,564
245,1,589
245,1,608
245,1,617
245,1,627
245,1,649
245,1,659
245,1,670
245,1,694
245,1,698
245,1,725
245,1,729
245,1,735
245,1,836
245,1,842
245,1,845
245,1,853
245,1,886
245,1,888
245,1,902
245,1,903
245,1,926
245,1,927
245,1,965
245,1,989
245,1,992
245,1,993
245,1,1023
245,1,1044
245,1,1058
245,1,1088
245,1,1099
245,1,1117
245,1,1120
245,1,1160
245,1,1192
245,1,1208
245,1,1210
245,1,1231
245,1,1245
245,1,1271
245,1,1276
245,1,1320
245,1,1322
245,1,1329
245,1,1367
245,1,1377
245,1,1379
245,1,1390
245,1,1400
245,1,1418
245,1,1434
245,1,1437
245,1,1442
245,1,1458
245,1,1462
245,1,1474
245,1,1482
245,1,1490
245,1,1503
245,1,1506
245,1,1530
245,1,1533
245,1,1558
245,1,1560
245,1,1585
245,1,1597
245,1,1598
245,1,1617
245,1,1631
245,1,1672
245,1,1678
245,1,1709
245,1,1719
245,1,1720
245,1,1724
245,1,1725
245,1,1755
245,1,1771
245,1,1802
245,1,1855
245,1,1871
245,1,1886
245,1,1921
245,1,1952
245,1,1987
245,1,2014
245,1,2027
245,1,2035
245,1,2040
245,1,2043
245,1,2044
245,1,2054
245,1,2061
245,1,2066
245,1,2113
245,1,2114
245,1,2146
245,1,2156
245,1,2165
245,1,2194
245,1,2201
245,1,2215
245,1,2241
245,1,2254
245,1,2264
245,1,2273
245,1,2279
245,1,2304
245,1,2326
245,1,2334
245,1,2341
245,1,2349
245,1,2351
245,1,2358
245,1,2359
245,1,2361
245,1,2415
245,1,2486
245,1,2490
245,1,2512
245,1,2537
245,1,2560
245,1,2588
245,1,2607
245,1,2654
245,1,2656
245,1,2660
245,1,2687
245,1,2688
245,1,2734
245,1,2748
245,1,2772
245,1,2785
245,1,2812
245,1,2813
245,1,2861
245,1,2863
245,1,2869
245,1,2882
245,1,2884
245,1,2885
245,1,2886
245,1,2887
245,1,2889
245,1,2895
245,1,2899
245,1,2908
245,2,0
245,2,7
245,2,8
245,2,10
245,2,35
245,2,45
245,2,96
245,2,121
245,2,143
245,2,173
245,2,188
245,2,194
245,2,206
245,2,210
245,2,214
245,2,219
245,2,243
245,2,247
245,2,258
245,2,286
245,2,311
245,2,320
245,2,323
245,2,344
245,2,360
245,2,373
245,2,390
245,2,410
245,2,414
245,2,416
245,2,431
245,2,437
245,2,463
245,2,547
245,2,558
245,2,561
245,2,576
245,2,586
245,2,619
245,2,632
245,2,638
245,2,644
245,2,661
245,2,668
245,2,672
245,2,690
245,2,709
245,2,712
245,2,721
245,2,734
245,2,745
245,2,747
245,2,755
245,2,764
245,2,765
245,2,766
245,2,786
245,2,787
245,2,818
245,2,833
245,2,841
245,2,858
245,2,890
245,2,891
245,2,896
245,2,922
245,2,929
245,2,933
245,2,957
245,2,960
245,2,964
245,2,967
245,2,977
245,2,982
245,2,1000
245,2,1019
245,2,1022
245,2,1030
245,2,1042
245,2,1049
245,2,1052
245,2,1062
245,2,1085
245,2,1095
245,2,1101
245,2,1103
245,2,1114
245,2,1139
245,2,1151
245,2,1160
245,2,1186
245,2,1201
245,2,1212
245,2,1221
245,2,1226
245,2,1243
245,2,1247
245,2,1279
245,2,1300
245,2,1337
245,2,1341
245,2,1346
245,2,1354
245,2,1356
245,2,1358
245,2,1392
245,2,1414
245,2,1438
245,2,1464
245,2,1484
245,2,1498
245,2,1499
245,2,1551
245,2,1588
245,2,1630
245,2,1649
245,2,1710
245,2,1720
245,2,1725
245,2,1730
245,2,1732
245,2,1780
245,2,1785
245,2,1800
245,2,1819
245,2,1828
245,2,1834
245,2,1843
245,2,1850
245,2,1892
245,2,1897
245,2,1902
245,2,1916
245,2,1921
245,2,1929
245,2,1936
245,2,1957
245,2,1976
245,2,1998
245,2,2032
245,2,2040
245,2,2041
245,2,2061
245,2,2064
245,2,2079
245,2,2109
245,2,2137
245,2,2142
245,2,2144
245,2,2150
245,2,2152
245,2,2161
245,2,2190
245,2,2213
245,2,2219
245,2,2223
245,2,2256
245,2,2268
245,2,2274
245,2,2285
245,2,2301
245,2,2310
245,2,2359
245,2,2377
245,2,2386
245,2,2405
245,2,2429
245,2,2441
245,2,2448
245,2,2449
245,2,2530
245,2,2538
245,2,2562
245,2,2570
245,2,2578
245,2,2580
245,2,2604
245,2,2612
245,2,2614
245,2,2649
245,2,2663
245,2,2664
245,2,2687
245,2,2699
245,2,2730
245,2,2758
245,2,2768
245,2,2781
245,2,2790
245,2,2824
245,2,2877
245,3,47
245,3,55
245,3,62
245,3,79
245,3,90
245,3,91
245,3,115
245,3,121
245,3,136
245,3,178
245,3,190
245,3,194
245,3,218
245,3,240
245,3,251
245,3,277
245,3,280
245,3,298
245,3,301
245,3,366
245,3,374
245,3,392
245,3,394
245,3,406
245,3,412
245,3,418
245,3,424
245,3,425
245,3,454
245,3,484
245,3,497
245,3,514
245,3,521
245,3,535
245,3,579
245,3,585
245,3,595
245,3,602
245,3,613
245,3,619
245,3,630
245,3,644
245,3,687
245,3,700
245,3,710
245,3,742
245,3,767
245,3,769
245,3,770
245,3,772
245,3,775
245,3,785
245,3,790
245,3,840
245,3,858
245,3,931
245,3,937
245,3,961
245,3,1006
245,3,1016
245,3,1024
245,3,1086
245,3,1098
245,3,1107
245,3,1120
245,3,1124
245,3,1127
245,3,1129
245,3,1131
245,3,1136
245,3,1139
245,3,1151
245,3,1156
245,3,1166
245,3,1173
245,3,1175
245,3,1181
245,3,1182
245,3,1217
245,3,1229
245,3,1232
245,3,1271
245,3,1274
245,3,1294
245,3,1307
245,3,1328
245,3,1353
245,3,1363
245,3,1368
245,3,1403
245,3,1404
245,3,1425
245,3,1428
245,3,1459
245,3,1488
245,3,1495
245,3,1499
245,3,1508
245,3,1555
245,3,1613
245,3,1628
245,3,1629
245,3,1632
245,3,1656
245,3,1659
245,3,1671
245,3,1676
245,3,1680
245,3,1688
245,3,1717
245,3,1745
245,3,1790
245,3,1817
245,3,1824
245,3,1825
245,3,1827
245,3,1851
245,3,1877
245,3,1886
245,3,1896
245,3,1909
245,3,1929
245,3,1931
245,3,1937
245,3,1944
245,3,1956
245,3,1985
245,3,2002
245,3,2055
245,3,2089
245,3,2096
245,3,2120
245,3,2134
245,3,2165
245,3,2169
245,3,2194
245,3,2195
245,3,2254
245,3,2271
245,3,2301
245,3,2308
245,3,2331
245,3,2337
245,3,2351
245,3,2377
245,3,2415
245,3,2420
245,3,2442
245,3,2445
245,3,2448
245,3,2461
245,3,2507
245,3,2515
245,3,2533
245,3,2549
245,3,2550
245,3,2552
245,3,2553
245,3,2556
245,3,2574
245,3,2575
245,3,2577
245,3,2686
245,3,2693
245,3,2698
245,3,2701
245,3,2718
245,3,2764
245,3,2769
245,3,2779
245,3,2792
245,3,2793
245,3,2794
245,3,2841
245,3,2845
245,3,2869
245,3,2873
245,3,2879
245,3,2881
245,4,3
245,4,15
245,4,34
245,4,54
245,4,62
245,4,64
245,4,77
245,4,85
245,4,113
245,4,136
245,4,153
245,4,158
245,4,167
245,4,175
245,4,202
245,4,220
245,4,223
245,4,235
245,4,241
245,4,253
245,4,284
245,4,291
245,4,306
245,4,307
245,4,344
245,4,352
245,4,359
245,4,369
245,4,398
245,4,434
245,4,472
245,4,509
245,4,514
245,4,525
245,4,530
245,4,538
245,4,542
245,4,600
245,4,604
245,4,626
245,4,634
245,4,637
245,4,648
245,4,660
245,4,699
245,4,752
245,4,756
245,4,773
245,4,801
245,4,804
245,4,820
245,4,826
245,4,830
245,4,850
245,4,856
245,4,859
245,4,867
245,4,872
245,4,899
245,4,901
245,4,910
245,4,939
245,4,946
245,4,981
245,4,987
245,4,1000
245,4,1004
245,4,1044
245,4,1074
245,4,1093
245,4,1101
245,4,1119
245,4,1122
245,4,1132
245,4,1136
245,4,1174
245,4,1176
245,4,1201
245,4,1204
245,4,1237
245,4,1239
245,4,1258
245,4,1264
245,4,1276
245,4,1277
245,4,1293
245,4,1315
245,4,1317
245,4,1321
245,4,1334
245,4,1354
245,4,1374
245,4,1377
245,4,1414
245,4,1424
245,4,1428
245,4,1433
245,4,1460
245,4,1504
245,4,1563
245,4,1579
245,4,1586
245,4,1627
245,4,1658
245,4,1685
245,4,1701
245,4,1703
245,4,1711
245,4,1749
245,4,1762
245,4,1763
245,4,1800
245,4,1806
245,4,1813
245,4,1824
245,4,1833
245,4,1839
245,4,1848
245,4,1858
245,4,1888
245,4,1902
245,4,1916
245,4,1920
245,4,1948
245,4,1973
245,4,1989
245,4,2009
245,4,2012
245,4,2019
245,4,2027
245,4,2041
245,4,2058
245,4,2065
245,4,2094
245,4,2109
245,4,2111
245,4,2113
245,4,2160
245,4,2172
245,4,2183
245,4,2214
245,4,2248
245,4,2249
245,4,2253
245,4,2309
245,4,2313
245,4,2318
245,4,2333
245,4,2345
245,4,2351
245,4,2382
245,4,2396
245,4,2399
245,4,2466
245,4,2484
245,4,2485
245,4,2509
245,4,2549
245,4,2562
245,4,2566
245,4,2575
245,4,2595
245,4,2617
245,4,2630
245,4,2649
245,4,2676
245,4,2689
245,4,2692
245,4,2717
245,4,2748
245,4,2768
245,4,2770
245,4,2799
245,4,2808
245,4,2810
245,4,2821
245,4,2841
245,4,2859
245,4,2867
245,5,30
245,5,151
245,5,196
245,5,212
245,5,244
245,5,299
245,5,305
245,5,317
245,5,321
245,5,331
245,5,349
245,5,365
245,5,377
245,5,381
245,5,389
245,5,415
245,5,445
245,5,455
245,5,463
245,5,487
245,5,493
245,5,508
245,5,512
245,5,514
245,5,517
245,5,521
245,5,563
245,5,569
245,5,572
245,5,583
245,5,586
245,5,593
245,5,609
245,5,619
245,5,637
245,5,660
245,5,664
245,5,672
245,5,689
245,5,713
245,5,725
245,5,735
245,5,738
245,5,739
245,5,750
245,5,754
245,5,762
245,5,771
245,5,827
245,5,831
245,5,848
245,5,852
245,5,864
245,5,880
245,5,887
245,5,924
245,5,943
245,5,961
245,5,970
245,5,974
245,5,976
245,5,987
245,5,993
245,5,995
245,5,1007
245,5,1009
245,5,1016
245,5,1023
245,5,1030
245,5,1032
245,5,1061
245,5,1062
245,5,1072
245,5,1085
245,5,1086
245,5,1107
245,5,1120
245,5,1180
245,5,1200
245,5,1230
245,5,1232
245,5,1259
245,5,1291
245,5,1292
245,5,1299
245,5,1305
245,5,1350
245,5,1359
245,5,1361
245,5,1392
245,5,1398
245,5,1456
245,5,1464
245,5,1481
245,5,1484
245,5,1487
245,5,1496
245,5,1568
245,5,1594
245,5,1609
245,5,1619
245,5,1641
245,5,1643
245,5,1674
245,5,1676
245,5,1681
245,5,1698
245,5,1699
245,5,1701
245,5,1705
245,5,1718
245,5,1719
245,5,1730
245,5,1735
245,5,1736
245,5,1761
245,5,1766
245,5,1771
245,5,1784
245,5,1785
245,5,1787
245,5,1798
245,5,1802
245,5,1814
245,5,1841
245,5,1865
245,5,1888
245,5,1891
245,5,1896
245,5,1898
245,5,1912
245,5,1947
245,5,1949
245,5,1958
245,5,1967
245,5,1995
245,5,2009
245,5,2037
245,5,2038
245,5,2057
245,5,2073
245,5,2088
245,5,2099
245,5,2104
245,5,2109
245,5,2110
245,5,2160
245,5,2175
245,5,2204
245,5,2205
245,5,2219
245,5,2221
245,5,2241
245,5,2254
245,5,2264
245,5,2275
245,5,2280
245,5,2292
245,5,2316
245,5,2326
245,5,2332
245,5,2336
245,5,2345
245,5,2362
245,5,2367
245,5,2368
245,5,2372
245,5,2398
245,5,2411
245,5,2421
245,5,2429
245,5,2439
245,5,2445
245,5,2472
245,5,2476
245,5,2503
245,5,2535
245,5,2542
245,5,2580
245,5,2584
245,5,2590
245,5,2597
245,5,2625
245,5,2643
245,5,2680
245,5,2681
245,5,2687
245,5,2695
245,5,2696
245,5,2738
245,5,2739
245,5,2755
245,5,2759
245,5,2785
245,5,2794
245,5,2812
245,5,2853
245,5,2859
245,5,2865
245,5,2871
245,5,2876
245,6,1
245,6,12
245,6,17
245,6,56
245,6,79
245,6,92
245,6,97
245,6,109
245,6,117
245,6,145
245,6,188
245,6,189
245,6,214
245,6,233
245,6,282
245,6,308
245,6,317
245,6,327
245,6,375
245,6,382
245,6,429
245,6,460
245,6,461
245,6,482
245,6,483
245,6,497
245,6,515
245,6,523
245,6,552
245,6,556
245,6,594
245,6,648
245,6,649
245,6,660
245,6,683
245,6,696
245,6,720
245,6,735
245,6,757
245,6,780
245,6,792
245,6,794
245,6,795
245,6,822
245,6,839
245,6,845
245,6,854
245,6,858
245,6,865
245,6,868
245,6,878
245,6,899
245,6,901
245,6,915
245,6,917
245,6,925
245,6,938
245,6,944
245,6,949
245,6,955
245,6,986
245,6,990
245,6,1028
245,6,1049
245,6,1056
245,6,1058
245,6,1099
245,6,1131
245,6,1154
245,6,1169
245,6,1196
245,6,1247
245,6,1255
245,6,1263
245,6,1264
245,6,1283
245,6,1285
245,6,1300
245,6,1320
245,6,1324
245,6,1326
245,6,1334
245,6,1337
245,6,1363
245,6,1370
245,6,1372
245,6,1384
245,6,1387
245,6,1414
245,6,1420
245,6,1426
245,6,1437
245,6,1464
245,6,1465
245,6,1467
245,6,1481
245,6,1494
245,6,1509
245,6,1514
245,6,1541
245,6,1545
245,6,1559
245,6,1569
245,6,1578
245,6,1591
245,6,1612
245,6,1626
245,6,1629
245,6,1640
245,6,1648
245,6,1660
245,6,1679
245,6,1689
245,6,1716
245,6,1730
245,6,1767
245,6,1781
245,6,1813
245,6,1842
245,6,1864
245,6,1881
245,6,1885
245,6,1897
245,6,1906
245,6,1920
245,6,1953
245,6,1981
245,6,1982
245,6,1987
245,6,1989
245,6,2006
245,6,2014
245,6,2019
245,6,2058
245,6,2063
245,6,2064
245,6,2066
245,6,2069
245,6,2072
245,6,2091
245,6,2126
245,6,2132
245,6,2147
245,6,2198
245,6,2207
245,6,2235
245,6,2241
245,6,2243
245,6,2281
245,6,2290
245,6,2304
245,6,2312
245,6,2326
245,6,2328
245,6,2368
245,6,2369
245,6,2386
245,6,2392
245,6,2404
245,6,2444
245,6,2451
245,6,2479
245,6,2514
245,6,2534
245,6,2538
245,6,2542
245,6,2556
245,6,2561
245,6,2589
245,6,2594
245,6,2597
245,6,2608
245,6,2627
245,6,2662
245,6,2674
245,6,2692
245,6,2749
245,6,2755
245,6,2764
245,6,2765
245,6,2766
245,6,2771
245,6,2784
245,6,2794
245,6,2819
245,6,2830
245,6,2833
245,6,2841
245,6,2890
245,6,2892
245,6,2904
245,6,2905
245,7,22
245,7,44
245,7,57
245,7,94
245,7,96
245,7,115
245,7,136
245,7,141
245,7,158
245,7,167
245,7,177
245,7,194
245,7,197
245,7,205
245,7,271
245,7,277
245,7,279
245,7,301
245,7,315
245,7,319
245,7,354
245,7,358
245,7,368
245,7,413
245,7,461
245,7,475
245,7,493
245,7,494
245,7,498
245,7,534
245,7,537
245,7,595
245,7,616
245,7,648
245,7,652
245,7,658
245,7,679
245,7,692
245,7,711
245,7,713
245,7,727
245,7,732
245,7,736
245,7,751
245,7,771
245,7,783
245,7,823
245,7,838
245,7,839
245,7,841
245,7,852
245,7,860
245,7,865
245,7,873
245,7,889
245,7,901
245,7,920
245,7,1004
245,7,1038
245,7,1039
245,7,1042
245,7,1079
245,7,1083
245,7,1084
245,7,1095
245,7,1111
245,7,1133
245,7,1157
245,7,1175
245,7,1226
245,7,1233
245,7,1264
245,7,1271
245,7,1284
245,7,1345
245,7,1358
245,7,1368
245,7,1393
245,7,1419
245,7,1427
245,7,1435
245,7,1436
245,7,1443
245,7,1445
245,7,1454
245,7,1472
245,7,1489
245,7,1502
245,7,1505
245,7,1520
245,7,1523
245,7,1528
245,7,1545
245,7,1604
245,7,1630
245,7,1666
245,7,1668
245,7,1675
245,7,1680
245,7,1701
245,7,1704
245,7,1745
245,7,1750
245,7,1752
245,7,1753
245,7,1807
245,7,1829
245,7,1836
245,7,1840
245,7,1851
245,7,1853
245,7,1863
245,7,1871
245,7,1874
245,7,1880
245,7,1882
245,7,1900
245,7,1912
245,7,1938
245,7,1948
245,7,1961
245,7,1965
245,7,1970
245,7,1977
245,7,1982
245,7,2016
245,7,2021
245,7,2039
245,7,2057
245,7,2099
245,7,2106
245,7,2111
245,7,2129
245,7,2151
245,7,2168
245,7,2191
245,7,2218
245,7,2263
245,7,2288
245,7,2291
245,7,2308
245,7,2309
245,7,2315
245,7,2347
245,7,2382
245,7,2397
245,7,2426
245,7,2460
245,7,2490
245,7,2496
245,7,2506
245,7,2510
245,7,2548
245,7,2554
245,7,2566
245,7,2586
245,7,2597
245,7,2598
245,7,2605
245,7,2608
245,7,2693
245,7,2697
245,7,2734
245,7,2758
245,7,2760
245,7,2782
245,7,2786
245,7,2848
245,7,2853
245,8,7
245,8,16
245,8,38
245,8,75
245,8,92
245,8,99
245,8,109
245,8,112
245,8,113
245,8,133
245,8,134
245,8,140
245,8,161
245,8,165
245,8,186
245,8,199
245,8,207
245,8,220
245,8,238
245,8,274
245,8,282
245,8,300
245,8,316
245,8,339
245,8,340
245,8,380
245,8,390
245,8,397
245,8,398
245,8,459
245,8,474
245,8,532
245,8,535
245,8,568
245,8,588
245,8,591
245,8,614
245,8,644
245,8,661
245,8,672
245,8,683
245,8,693
245,8,694
245,9,0
245,9,9
245,9,12
245,9,17
245,9,19
245,9,32
245,9,65
245,9,67
245,9,91
245,9,119
245,9,126
245,9,127
245,9,130
245,9,150
245,9,156
245,9,161
245,9,162
245,9,166
245,9,172
245,9,187
245,9,226
245,9,233
245,9,252
245,9,254
245,9,256
245,9,278
245,9,286
245,9,310
245,9,311
245,9,317
245,0,9
245,0,14
245,0,33
245,0,59
245,0,72
245,0,94
245,0,97
245,0,101
245,0,109
245,0,112
245,0,134
245,0,179
245,0,194
245,0,213
245,0,220
245,0,237
245,0,264
245,0,295
245,0,321
245,0,322
245,0,381
245,0,387
245,0,391
245,0,408
245,0,412
245,0,425
245,0,458
245,0,461
245,0,476
245,0,481
245,0,496
245,0,502
245,0,503
245,0,508
245,0,517
245,0,545
245,0,579
245,0,588
245,0,606
245,0,610
245,0,620
245,0,626
245,0,640
245,0,647
245,0,650
245,0,677
245,0,695
245,0,698
245,0,702
245,0,711
245,0,740
245,0,763
245,0,786
245,0,805
245,0,829
245,0,846
245,0,858
245,0,885
245,0,967
245,0,973
245,0,1008
245,0,1039
245,0,1045
245,0,1057
245,0,1059
245,0,1074
245,0,1078
245,0,1088
245,0,1149
245,0,1158
245,0,1171
245,0,1178
245,0,1199
245,0,1202
245,0,1215
245,0,1216
245,0,1233
245,0,1235
245,0,1237
245,0,1241
245,0,1255
245,0,1263
245,0,1276
245,0,1313
245,0,1326
245,0,1334
245,0,1354
245,0,1358
245,0,1385
245,0,1386
245,0,1393
245,0,1397
245,0,1422
245,0,1425
245,0,1426
245,0,1440
245,0,1444
245,0,1451
245,0,1457
245,0,1481
245,0,1493
245,0,1494
245,0,1522
245,0,1527
245,0,1550
245,0,1574
245,0,1578
245,0,1579
245,0,1583
245,0,1660
245,0,1679
245,0,1680
245,0,1690
245,0,1692
245,0,1709
245,0,1710
245,0,1713
245,0,1716
245,0,1738
245,0,1744
245,0,1756
245,0,1766
245,0,1767
245,0,1777
245,0,1818
245,0,1822
245,0,1851
245,0,1856
245,0,1882
245,0,1900
245,0,1908
245,0,1953
245,0,1957
245,0,1958
245,0,1967
245,0,1974
245,0,1984
245,0,1996
245,0,2008
245,0,2024
245,0,2040
245,0,2049
245,0,2054
245,0,2060
245,0,2087
245,0,2102
245,0,2110
245,0,2122
245,0,2133
245,0,2151
245,0,2154
245,0,2180
245,0,2200
245,0,2202
245,0,2214
245,0,2228
245,0,2271
245,0,2275
245,0,2305
245,0,2358
245,0,2367
245,0,2386
245,0,2391
245,0,2394
245,0,2399
245,0,2419
245,0,2420
245,0,2435
245,0,2436
245,0,2465
245,0,2479
245,0,2497
245,0,2545
245,0,2597
245,0,2675
245,0,2692
245,0,2728
245,0,2737
245,0,2746
245,0,2757
245,0,2764
245,0,2789
245,0,2792
245,0,2797
245,0,2798
245,0,2800
245,0,2815
245,0,2835
245,0,2848
245,0,2850
250,1,4
250,1,9
250,1,15
250,1,38
250,1,45
250,1,50
250,1,72
250,1,95
250,1,118
250,1,124
250,1,140
250,1,158
250,1,159
250,1,175
250,1,225
250,1,231
250,1,242
250,1,262
250,1,271
250,1,277
250,1,283
250,1,285
250,1,318
250,1,325
250,1,326
250,1,332
250,1,333
250,1,334
250,1,342
250,1,369
250,1,393
250,1,427
250,1,436
250,1,457
250,1,471
250,1,486
250,1,489
250,1,494
250,1,504
250,1,523
250,1,537
250,1,541
250,1,561
250,1,565
250,1,573
250,1,581
250,1,614
250,1,615
250,1,627
250,1,628
250,1,642
250,1,645
250,1,651
250,1,662
250,1,666
250,1,697
250,1,710
250,1,730
250,1,780
250,1,791
250,1,793
250,1,803
250,1,807
250,1,808
250,1,821
250,1,837
250,1,846
250,1,885
250,1,933
250,1,937
250,1,940
250,1,970
250,1,1037
250,1,1058
250,1,1062
250,1,1066
250,1,1073
250,1,1099
250,1,1101
250,1,1127
250,1,1181
250,1,1198
250,1,1212
250,1,1232
250,1,1265
250,1,1275
250,1,1291
250,1,1294
250,1,1301
250,1,1306
250,1,1314
250,1,1319
250,1,1371
250,1,1387
250,1,1389
250,1,1398
250,1,1421
250,1,1479
250,1,1481
250,1,1499
250,1,1513
250,1,1546
250,1,1569
250,1,1607
250,1,1610
250,1,1617
250,1,1632
250,1,1639
250,1,1645
250,1,1647
250,1,1668
250,1,1736
250,1,1759
250,1,1772
250,1,1782
250,1,1787
250,1,1793
250,1,1806
250,1,1817
250,1,1835
250,1,1840
250,1,1862
250,1,1896
250,1,1905
250,1,1922
250,1,1956
250,1,1999
250,1,2031
250,1,2045
250,1,2059
250,1,2067
250,1,2090
250,1,2111
250,1,2137
250,1,2150
250,1,2159
250,1,2161
250,1,2162
250,1,2167
250,1,2175
250,1,2177
250,1,2234
250,1,2235
250,1,2236
250,1,2272
250,1,2275
250,1,2303
250,1,2361
250,1,2372
250,1,2390
250,1,2393
250,1,2425
250,1,2437
250,1,2462
250,1,2511
250,1,2530
250,1,2564
250,1,2574
250,1,2578
250,1,2580
250,1,2600
250,1,2631
250,1,2700
250,1,2704
250,1,2707
250,1,2724
250,1,2727
250,1,2743
250,1,2770
250,1,2777
250,1,2778
250,1,2779
250,1,2807
250,1,2809
250,1,2836
250,1,2859
250,1,2869
250,1,2873
250,1,2894
250,1,2911
250,1,2921
250,1,2935
250,1,2936
250,1,2964
250,1,2968
250,1,2980
250,1,2996
250,1,3005
250,1,3023
250,1,3057
250,1,3065
250,1,3068
250,1,3083
250,1,3092
250,1,3127
250,1,3132
250,1,3176
250,1,3182
250,1,3201
250,2,13
250,2,36
250,2,38
250,2,74
250,2,93
250,2,103
250,2,111
250,2,128
250,2,157
250,2,167
250,2,172
250,2,178
250,2,182
250,2,195
250,2,235
250,2,254
250,2,259
250,2,266
250,2,276
250,2,286
250,2,301
250,2,319
250,2,333
250,2,368
250,2,380
250,2,386
250,2,421
250,2,423
250,2,434
250,2,448
250,2,456
250,2,460
250,2,487
250,2,492
250,2,516
250,2,518
250,2,519
250,2,522
250,2,523
250,2,540
250,2,548
250,2,567
250,2,618
250,2,637
250,2,666
250,2,670
250,2,676
250,2,693
250,2,696
250,2,731
250,2,747
250,2,774
250,2,780
250,2,797
250,2,800
250,2,806
250,2,813
250,2,826
250,2,836
250,2,837
250,2,843
250,2,845
250,2,850
250,2,863
250,2,877
250,2,897
250,2,924
250,2,945
250,2,953
250,2,1028
250,2,1065
250,2,1068
250,2,1073
250,2,1081
250,2,1094
250,2,1109
250,2,1111
250,2,1134
250,2,1165
250,2,1170
250,2,1202
250,2,1205
250,2,1208
250,2,1221
250,2,1234
250,2,1236
250,2,1250
250,2,1258
250,2,1261
250,2,1263
250,2,1273
250,2,1290
250,2,1317
250,2,1328
250,2,1336
250,2,1339
250,2,1351
250,2,1368
250,2,1393
250,2,1421
250,2,1444
250,2,1445
250,2,1456
250,2,1458
250,2,1469
250,2,1473
250,2,1489
250,2,1511
250,2,1522
250,2,1523
250,2,1525
250,2,1534
250,2,1548
250,2,1577
250,2,1646
250,2,1653
250,2,1680
250,2,1684
250,2,1738
250,2,1759
250,2,1760
250,2,1795
250,2,1829
250,2,1831
250,2,1833
250,2,1846
250,2,1875
250,2,1901
250,2,1925
250,2,1930
250,2,1933
250,2,1940
250,2,1947
250,2,1957
250,2,1962
250,2,1966
250,2,1982
250,2,1989
250,2,2001
250,2,2012
250,2,2022
250,2,2025
250,2,2034
250,2,2035
250,2,2038
250,2,2084
250,2,2104
250,2,2107
250,2,2138
250,2,2153
250,2,2176
250,2,2189
250,2,2199
250,2,2206
250,2,2224
250,2,2256
250,2,2262
250,2,2272
250,2,2281
250,2,2295
250,2,2308
250,2,2309
250,2,2321
250,2,2330
250,2,2343
250,2,2346
250,2,2358
250,2,2384
250,2,2408
250,2,2437
250,2,2453
250,2,2460
250,2,2505
250,2,2536
250,2,2548
250,2,2563
250,2,2565
250,2,2574
250,2,2579
250,2,2602
250,2,2681
250,2,2694
250,2,2720
250,2,2732
250,2,2779
250,2,2783
250,2,2800
250,2,2806
250,2,2819
250,2,2826
250,2,2842
250,2,2858
250,2,2859
250,2,2897
250,2,2913
250,2,2949
250,2,2970
250,2,2976
250,2,3003
250,2,3017
250,2,3041
250,2,3070
250,2,3082
250,2,3085
250,2,3089
250,2,3118
250,2,3121
250,2,3136
250,2,3139
250,2,3145
250,2,3147
250,2,3168
250,2,3190
250,2,3211
250,2,3225
250,2,3227
250,2,3229
250,2,3235
250,2,3239
250,2,3255
250,2,3260
250,2,3261
250,3,12
250,3,16
250,3,26
250,3,63
250,3,103
250,3,108
250,3,130
250,3,188
250,3,200
250,3,204
250,3,218
250,3,219
250,3,237
250,3,300
250,3,313
250,3,347
250,3,358
250,3,363
250,3,376
250,3,379
250,3,383
250,3,384
250,3,398
250,3,416
250,3,425
250,3,498
250,3,506
250,3,552
250,3,591
250,3,607
250,3,616
250,3,620
250,3,631
250,3,634
250,3,657
250,3,668
250,3,682
250,3,689
250,3,691
250,3,692
250,3,695
250,3,700
250,3,704
250,3,707
250,3,721
250,3,733
250,3,767
250,3,777
250,3,780
250,3,792
250,3,823
250,3,826
250,3,833
250,3,841
250,3,882
250,3,886
250,3,918
250,3,932
250,3,962
250,3,965
250,3,1030
250,3,1034
250,3,1045
250,3,1053
250,3,1055
250,3,1069
250,3,1079
250,3,1097
250,3,1110
250,3,1187
250,3,1188
250,3,1205
250,3,1216
250,3,1223
250,3,1228
250,3,1241
250,3,1249
250,3,1257
250,3,1295
250,3,1298
250,3,1304
250,3,1313
250,3,1323
250,3,1329
250,3,1340
250,3,1354
250,3,1373
250,3,1374
250,3,1383
250,3,1388
250,3,1393
250,3,1395
250,3,1421
250,3,1431
250,3,1445
250,3,1451
250,3,1464
250,3,1465
250,3,1479
250,3,1482
250,3,1504
250,3,1515
250,3,1518
250,3,1525
250,3,1526
250,3,1595
250,3,1647
250,3,1685
250,3,1696
250,3,1722
250,3,1798
250,3,1810
250,3,1847
250,3,1851
250,3,1854
250,3,1855
250,3,1874
250,3,1875
250,3,1878
250,3,1913
250,3,1918
250,3,1956
250,3,1985
250,3,1990
250,3,1995
250,3,2007
250,3,2018
250,3,2032
250,3,2035
250,3,2043
250,3,2050
250,3,2063
250,3,2070
250,3,2078
250,3,2088
250,3,2092
250,3,2095
250,3,2109
250,3,2115
250,3,2124
250,3,2133
250,3,2140
250,3,2159
250,3,2213
250,3,2222
250,3,2225
250,3,2233
250,3,2239
250,3,2245
250,3,2262
250,3,2291
250,3,2297
250,3,2299
250,3,2305
250,3,2314
250,3,2341
250,3,2356
250,3,2442
250,3,2481
250,3,2489
250,3,2520
250,3,2523
250,3,2524
250,3,2548
250,3,2550
250,3,2559
250,3,2560
250,3,2568
250,3,2572
250,3,2599
250,3,2600
250,3,2615
250,3,2618
250,3,2657
250,3,2660
250,3,2669
250,3,2678
250,3,2685
250,3,2688
250,3,2713
250,3,2742
250,3,2764
250,3,2776
250,3,2796
250,3,2799
250,3,2801
250,3,2873
250,3,2883
250,3,2886
250,3,2914
250,3,3001
250,3,3023
250,3,3031
250,3,3060
250,3,3117
250,3,3126
250,3,3136
250,3,3184
250,3,3197
250,3,3205
250,3,3227
250,3,3237
250,4,20
250,4,68
250,4,105
250,4,108
250,4,112
250,4,127
250,4,148
250,4,165
250,4,168
250,4,185
250,4,187
250,5,63
250,5,78
250,5,169
250,5,172
250,5,173
250,5,182
250,5,236
250,5,250
250,5,261
250,5,266
250,5,285
250,5,289
250,5,294
250,5,348
250,5,350
250,5,361
250,5,365
250,5,368
250,5,372
250,5,383
250,5,387
250,5,401
250,5,440
250,5,469
250,5,490
250,5,513
250,5,514
250,5,524
250,5,526
250,5,559
250,5,560
250,5,564
250,5,570
250,5,596
250,5,611
250,5,616
250,5,624
250,5,629
250,5,634
250,5,665
250,5,673
250,5,682
250,5,692
250,5,696
250,5,699
250,5,711
250,5,719
250,5,722
250,5,748
250,5,766
250,5,767
250,5,777
250,5,790
250,5,850
250,5,852
250,5,890
250,5,903
250,5,954
250,5,1007
250,5,1020
250,5,1023
250,5,1054
250,5,1080
250,5,1089
250,5,1096
250,5,1102
250,5,1124
250,5,1125
250,5,1129
250,5,1171
250,5,1174
250,5,1178
250,5,1204
250,5,1247
250,5,1253
250,5,1255
250,5,1267
250,5,1283
250,5,1293
250,5,1302
250,5,1315
250,5,1360
250,5,1404
250,5,1420
250,5,1459
250,5,1470
250,5,1472
250,5,1500
250,5,1508
250,5,1516
250,5,1524
250,5,1528
250,5,1537
250,5,1542
250,5,1557
250,5,1584
250,5,1585
250,5,1612
250,5,1621
250,5,1658
250,5,1683
250,5,1705
250,5,1716
250,5,1754
250,5,1782
250,5,1783
250,5,1810
250,5,1844
250,5,1851
250,5,1870
250,5,1871
250,5,1889
250,5,1891
250,5,1916
250,5,1948
250,5,1957
250,5,1979
250,5,1981
250,5,2036
250,5,2041
250,5,2053
250,5,2071
250,5,2077
250,5,2093
250,5,2098
250,5,2102
250,5,2103
250,5,2113
250,5,2144
250,5,2167
250,5,2171
250,5,2215
250,5,2221
250,5,2224
250,5,2226
250,5,2230
250,5,2233
250,5,2250
250,5,2266
250,5,2271
250,5,2276
250,5,2295
250,5,2301
250,5,2337
250,5,2359
250,5,2397
250,5,2415
250,5,2423
250,5,2433
250,5,2439
250,5,2460
250,5,2494
250,5,2500
250,5,2507
250,5,2508
250,5,2550
250,5,2564
250,5,2565
250,5,2566
250,5,2568
250,5,2592
250,5,2599
250,5,2623
250,5,2630
250,5,2638
250,5,2643
250,5,2666
250,5,2685
250,5,2695
250,5,2701
250,5,2703
250,5,2707
250,5,2758
250,5,2795
250,5,2815
250,5,2828
250,5,2830
250,5,2840
250,5,2858
250,5,2879
250,5,2893
250,5,2895
250,5,2907
250,5,2924
250,5,2925
250,5,2975
250,5,3007
250,5,3025
250,5,3047
250,5,3054
250,5,3075
250,5,3080
250,5,3090
250,5,3121
250,5,3137
250,5,3160
250,5,3184
250,5,3212
250,5,3213
250,5,3216
250,5,3237
250,5,3246
250,5,3258
250,5,3263
250,5,3271
250,5,3284
250,5,3286
250,5,3292
250,5,3293
250,5,3303
250,5,3305
250,5,3306
250,5,3310
250,6,16
250,6,31
250,6,55
250,6,76
250,6,77
250,6,79
250,6,89
250,6,91
250,6,97
250,6,104
250,6,120
250,6,130
250,6,192
250,6,197
250,6,213
250,6,219
250,6,228
250,6,229
250,6,238
250,6,267
250,6,270
250,6,312
250,6,329
250,6,343
250,6,352
250,6,364
250,6,375
250,6,384
250,6,390
250,6,404
250,6,413
250,6,426
250,6,470
250,6,499
250,6,521
250,6,534
250,6,556
250,6,557
250,6,562
250,6,585
250,6,593
250,6,610
250,6,612
250,6,656
250,6,666
250,6,677
250,6,697
250,6,707
250,6,709
250,6,760
250,6,769
250,6,774
250,6,783
250,6,810
250,6,857
250,6,867
250,6,871
250,6,872
250,6,901
250,6,905
250,6,908
250,6,912
250,6,945
250,6,970
250,6,975
250,6,980
250,6,983
250,6,1008
250,6,1013
250,6,1018
250,6,1085
250,6,1093
250,6,1097
250,6,1136
250,6,1150
250,6,1170
250,6,1207
250,6,1234
250,6,1243
250,6,1258
250,6,1264
250,6,1282
250,6,1284
250,6,1286
250,6,1337
250,6,1340
250,6,1343
250,0,3
250,0,13
250,0,24
250,0,39
250,0,65
250,0,71
250,0,90
250,0,94
250,0,108
250,0,116
250,0,146
250,0,149
250,0,196
250,0,198
250,0,209
250,0,233
250,0,238
250,0,305
250,0,322
250,0,355
250,0,363
250,0,379
250,0,388
250,0,409
250,0,427
250,0,444
250,0,446
250,0,520
250,0,526
250,0,528
250,0,532
250,0,566
250,0,573
250,0,581
250,0,626
250,0,641
250,0,644
250,0,654
250,0,663
250,0,669
250,0,674
250,0,691
250,0,701
250,0,705
250,0,709
250,0,732
250,0,742
250,0,743
250,0,745
250,0,749
250,0,763
250,0,788
250,0,816
250,0,822
250,0,849
250,0,856
250,0,858
250,0,860
250,0,863
250,0,909
250,0,915
251,1,68
251,1,77
251,1,90
251,1,117
251,1,128
251,1,133
251,1,147
251,1,169
251,1,171
251,1,187
251,2,9
251,2,26
251,2,63
251,2,78
251,2,129
251,2,138
251,2,154
251,2,175
251,2,180
251,2,185
251,2,187
251,2,207
251,2,210
251,2,227
251,2,233
251,2,236
251,2,255
251,2,307
251,2,315
251,2,322
251,2,331
251,2,335
251,2,371
251,2,381
251,2,390
251,2,420
251,2,432
251,2,454
251,2,466
251,2,477
251,2,500
251,2,529
251,2,535
251,2,540
251,2,559
251,2,574
251,2,589
251,2,600
251,2,616
251,2,624
251,2,662
251,2,677
251,2,687
251,2,713
251,2,738
251,2,757
251,2,770
251,2,789
251,2,801
251,2,806
251,2,823
251,2,865
251,2,866
251,2,895
251,2,904
251,2,923
251,2,927
251,2,929
251,2,946
251,2,960
251,2,967
251,2,969
251,2,1004
251,2,1039
251,2,1112
251,2,1118
251,2,1138
251,2,1142
251,2,1156
251,2,1168
251,2,1186
251,2,1188
251,2,1203
251,2,1209
251,2,1227
251,2,1236
251,2,1251
251,2,1282
251,2,1284
251,2,1290
251,2,1298
251,2,1323
251,2,1332
251,2,1362
251,2,1400
251,2,1404
251,2,1435
251,2,1442
251,2,1451
251,2,1476
251,2,1484
251,2,1486
251,2,1506
251,2,1536
251,2,1537
251,2,1557
251,2,1570
251,2,1596
251,2,1612
251,2,1627
251,2,1631
251,2,1639
251,2,1643
251,2,1660
251,2,1693
251,2,1710
251,2,1739
251,2,1753
251,2,1774
251,2,1780
251,2,1785
251,2,1795
251,2,1810
251,2,1833
251,2,1834
251,2,1839
251,2,1859
251,2,1863
251,2,1888
251,2,1910
251,2,1924
251,2,1931
251,2,1957
251,2,1962
251,2,1990
251,2,2031
251,2,2040
251,2,2047
251,2,2067
251,2,2073
251,2,2075
251,2,2101
251,2,2110
251,2,2112
251,2,2120
251,2,2149
251,2,2156
251,2,2165
251,2,2167
251,2,2181
251,2,2199
251,2,2201
251,2,2208
251,2,2213
251,2,2215
251,2,2252
251,2,2272
251,2,2306
251,2,2308
251,2,2317
251,2,2338
251,2,2342
251,2,2358
251,2,2361
251,2,2383
251,2,2412
251,2,2422
251,2,2428
251,2,2431
251,2,2438
251,2,2463
251,2,2477
251,2,2490
251,2,2506
251,2,2511
251,2,2532
251,2,2539
251,2,2541
251,2,2553
251,2,2560
251,2,2590
251,2,2647
251,2,2664
251,2,2685
251,2,2700
251,2,2728
251,2,2790
251,2,2816
251,2,2822
251,2,2831
251,2,2853
251,2,2861
251,3,0
251,3,1
251,3,16
251,3,49
251,3,96
251,3,113
251,3,118
251,3,137
251,3,141
251,3,155
251,3,162
251,3,167
251,3,168
251,3,178
251,3,195
251,3,245
251,3,274
251,3,295
251,3,339
251,3,345
251,3,365
251,3,386
251,3,407
251,3,408
251,3,409
251,3,423
251,3,447
251,3,465
251,3,469
251,3,481
251,3,501
251,3,523
251,3,564
251,3,584
251,3,597
251,3,605
251,3,612
251,3,620
251,3,624
251,3,668
251,3,685
251,3,690
251,3,694
251,3,699
251,3,701
251,3,710
251,3,711
251,3,731
251,3,739
251,3,781
251,3,786
251,3,794
251,3,831
251,3,838
251,3,847
251,3,851
251,3,862
251,3,894
251,3,903
251,3,919
251,3,947
251,3,978
251,3,994
251,3,995
251,3,1026
251,3,1044
251,3,1065
251,3,1073
251,3,1074
251,3,1075
251,3,1077
251,3,1089
251,3,1141
251,3,1171
251,3,1236
251,3,1273
251,3,1278
251,3,1282
251,3,1303
251,3,1321
251,3,1350
251,3,1351
251,3,1400
251,3,1414
251,3,1467
251,3,1490
251,3,1510
251,3,1526
251,3,1557
251,3,1558
251,3,1560
251,3,1564
251,3,1589
251,3,1601
251,3,1607
251,3,1633
251,3,1634
251,3,1635
251,3,1680
251,3,1698
251,3,1710
251,3,1729
251,3,1739
251,3,1743
251,3,1768
251,3,1774
251,3,1776
251,3,1793
251,3,1809
251,3,1815
251,3,1816
251,3,1817
251,3,1857
251,3,1868
251,3,1894
251,3,1903
251,3,1910
251,3,1958
251,3,1962
251,3,1966
251,3,2006
251,3,2058
251,3,2072
251,3,2132
251,3,2205
251,3,2230
251,3,2234
251,3,2258
251,3,2270
251,3,2285
251,3,2297
251,3,2310
251,3,2351
251,3,2382
251,3,2383
251,3,2395
251,3,2414
251,3,2427
251,3,2431
251,0,1
251,0,16
251,0,20
251,0,38
251,0,41
251,0,55
251,0,72
251,0,79
251,0,96
251,0,107
251,0,129
251,0,165
251,0,216
251,0,241
251,0,248
251,0,317
251,0,356
251,0,357
251,0,365
251,0,369
251,0,376
251,0,389
251,0,421
251,0,428
251,0,451
251,0,454
251,0,455
251,0,456
251,0,476
251,0,477
251,0,482
251,0,485
251,0,490
251,0,492
251,0,558
251,0,566
251,0,569
251,0,572
251,0,574
251,0,577
251,0,580
251,0,595
251,0,598
251,0,605
251,0,614
251,0,632
251,0,644
251,0,680
251,0,698
251,0,702
251,0,721
251,0,725
251,0,731
251,0,734
251,0,743
251,0,794
251,0,804
251,0,870
251,0,919
251,0,931
251,0,937
251,0,950
251,0,984
251,0,1011
251,0,1030
251,0,1045
251,0,1112
251,0,1113
251,0,1133
251,0,1138
251,0,1163
251,0,1211
251,0,1233
251,0,1241
251,0,1242
251,0,1247
251,0,1259
251,0,1261
251,0,1307
251,0,1309
251,0,1354
251,0,1369
251,0,1389
251,0,1396
251,0,1401
251,0,1409
251,0,1443
251,0,1493
251,0,1506
251,0,1512
251,0,1517
251,0,1521
251,0,1533
251,0,1544
251,0,1561
251,0,1573
251,0,1595
251,0,1598
251,0,1623
251,0,1627
251,0,1635
251,0,1646
251,0,1661
251,0,1677
251,0,1730
251,0,1740
251,0,1775
251,0,1783
251,0,1788
251,0,1805
251,0,1830
251,0,1844
251,0,1885
251,0,1892
251,0,1903
251,0,1910
251,0,1935
251,0,1938
251,0,1944
251,0,1958
251,0,1967
251,0,2017
251,0,2035
251,0,2038
251,0,2046
251,0,2083
251,0,2090
251,0,2092
251,0,2105
251,0,2133
251,0,2134
251,0,2169
251,0,2176
251,0,2185
251,0,2226
251,0,2229
251,0,2241
251,0,2245
251,0,2264
251,0,2283
251,0,2287
251,0,2295
251,0,2313
251,0,2350
251,0,2352
251,0,2359
251,0,2366
251,0,2429
251,0,2446
251,0,2462
251,0,2474
251,0,2491
251,0,2499
251,0,2506
251,0,2513
251,0,2525
251,0,2543
251,0,2555
251,0,2564
251,0,2573
251,0,2604
251,0,2606
251,0,2626
251,0,2631
251,0,2638
251,0,2649
251,0,2652
251,0,2685
251,0,2703
251,0,2742
251,0,2745
251,0,2746
251,0,2747
251,0,2751
251,0,2774
251,0,2816
251,0,2835
251,0,2864
251,0,2866
251,0,2875
251,0,2880
251,0,2886
251,0,2915
255,1,15
255,1,64
255,1,70
255,1,82
255,1,90
255,1,99
255,1,136
255,1,148
255,1,164
255,1,183
255,1,204
255,1,208
255,1,217
255,1,222
255,1,242
255,1,245
255,1,254
255,1,258
255,1,272
255,1,277
255,1,278
255,1,279
255,1,283
255,1,329
255,1,376
255,1,380
255,1,383
255,1,401
255,1,414
255,1,422
255,1,438
255,2,23
255,2,40
255,2,47
255,2,58
255,2,86
255,2,134
255,2,135
255,2,138
255,2,148
255,2,180
255,2,206
255,2,209
255,2,216
255,2,227
255,2,236
255,2,308
255,2,309
255,2,313
255,2,323
255,2,327
255,2,329
255,2,405
255,2,427
255,2,434
255,2,437
255,2,446
255,2,472
255,2,476
255,2,520
255,2,523
255,2,531
255,2,564
255,2,567
255,2,579
255,2,587
255,2,588
255,2,607
255,2,629
255,2,638
255,2,645
255,2,660
255,2,670
255,2,672
255,2,693
255,2,703
255,2,710
255,2,711
255,2,742
255,2,755
255,2,759
255,2,769
255,2,794
255,2,805
255,2,824
255,2,849
255,2,856
255,2,866
255,2,884
255,2,888
255,2,893
255,2,941
255,2,959
255,2,1000
255,2,1011
255,2,1012
255,2,1014
255,2,1045
255,2,1053
255,2,1061
255,2,1080
255,2,1107
255,2,1126
255,2,1134
255,2,1162
255,2,1166
255,2,1175
255,2,1207
255,2,1208
255,2,1226
255,2,1229
255,2,1256
255,2,1266
255,2,1268
255,2,1272
255,2,1291
255,2,1307
255,2,1318
255,2,1345
255,2,1359
255,2,1366
255,2,1377
255,2,1398
255,2,1405
255,2,1422
255,2,1446
255,2,1468
255,2,1469
255,2,1498
255,2,1513
255,2,1522
255,2,1536
255,2,1554
255,2,1575
255,2,1588
255,2,1624
255,2,1630
255,2,1635
255,2,1638
255,2,1639
255,2,1696
255,2,1734
255,2,1742
255,2,1783
255,2,1856
255,2,1876
255,2,1901
255,2,1924
255,2,1928
255,2,1948
255,2,1949
255,2,1984
255,2,1994
255,2,2027
255,2,2053
255,2,2055
255,2,2057
255,2,2084
255,2,2124
255,2,2131
255,2,2141
255,2,2145
255,2,2153
255,2,2154
255,2,2157
255,2,2168
255,2,2184
255,2,2200
255,2,2221
255,2,2224
255,2,2253
255,2,2259
255,2,2264
255,2,2265
255,2,2270
255,2,2279
255,2,2280
255,2,2306
255,2,2312
255,2,2323
255,2,2341
255,2,2352
255,2,2372
255,2,2379
255,2,2391
255,2,2397
255,2,2399
255,2,2415
255,2,2453
255,2,2528
255,2,2529
255,2,2542
255,2,2548
255,2,2579
255,2,2600
255,2,2602
255,2,2604
255,2,2606
255,2,2616
255,2,2622
255,2,2662
255,2,2664
255,2,2675
255,2,2676
255,2,2677
255,2,2706
255,2,2728
255,2,2762
255,2,2763
255,2,2766
255,2,2790
255,2,2813
255,2,2842
255,2,2871
255,2,2885
255,2,2888
255,2,2899
255,2,2909
255,2,2918
255,2,2932
255,2,2941
255,2,2966
255,2,2969
255,2,2975
255,2,3003
255,2,3027
255,2,3046
255,2,3064
255,2,3065
255,2,3068
255,2,3070
255,2,3076
255,3,2
255,3,6
255,3,21
255,3,22
255,3,67
255,3,96
255,3,117
255,3,126
255,3,131
255,3,132
255,3,135
255,3,139
255,3,166
255,3,168
255,3,197
255,3,221
255,3,263
255,3,311
255,3,319
255,3,364
255,3,370
255,3,376
255,3,417
255,3,422
255,3,435
255,3,453
255,3,471
255,3,486
255,3,489
255,3,501
255,3,517
255,3,536
255,3,547
255,3,567
255,3,571
255,3,581
255,3,604
255,3,611
255,3,614
255,3,616
255,3,631
255,3,636
255,3,651
255,3,666
255,3,677
255,3,683
255,3,688
255,3,701
255,3,724
255,3,751
255,3,769
255,3,785
255,3,794
255,3,805
255,3,831
255,3,875
255,3,879
255,3,888
255,3,892
255,3,931
255,3,933
255,3,990
255,3,999
255,3,1044
255,3,1048
255,3,1051
255,3,1071
255,3,1072
255,3,1073
255,3,1100
255,3,1113
255,3,1152
255,3,1172
255,3,1179
255,3,1218
255,3,1238
255,3,1239
255,3,1268
255,3,1275
255,3,1284
255,3,1304
255,3,1334
255,3,1341
255,3,1347
255,3,1354
255,3,1368
255,3,1376
255,3,1392
255,3,1414
255,3,1424
255,3,1434
255,4,43
255,4,44
255,4,56
255,4,59
255,4,75
255,4,97
255,4,98
255,4,100
255,4,131
255,4,135
255,4,149
255,4,186
255,4,191
255,4,221
255,4,226
255,4,247
255,4,327
255,4,348
255,4,372
255,4,373
255,4,402
255,4,422
255,4,513
255,4,540
255,4,610
255,4,612
255,4,616
255,4,626
255,4,628
255,4,632
255,4,643
255,4,646
255,4,675
255,4,676
255,4,713
255,4,732
255,4,736
255,4,750
255,4,752
255,4,784
255,4,805
255,4,807
255,4,810
255,4,851
255,4,859
255,4,871
255,4,873
255,4,874
255,4,885
255,4,888
255,4,890
255,4,903
255,4,915
255,4,941
255,4,944
255,4,994
255,4,998
255,4,1061
255,4,1085
255,4,1088
255,4,1127
255,4,1130
255,4,1154
255,4,1161
255,4,1175
255,4,1183
255,4,1184
255,4,1191
255,4,1211
255,4,1221
255,4,1236
255,4,1245
255,4,1251
255,4,1266
255,4,1268
255,4,1312
255,4,1339
255,4,1415
255,4,1421
255,4,1452
255,4,1457
255,4,1474
255,4,1505
255,4,1548
255,4,1595
255,4,1599
255,4,1611
255,4,1671
255,4,1675
255,4,1707
255,4,1719
255,4,1754
255,4,1781
255,4,1788
255,4,1793
255,4,1842
255,4,1856
255,4,1865
255,4,1873
255,4,1887
255,4,1892
255,4,1916
255,4,1939
255,4,1955
255,4,1977
255,4,1978
255,4,1991
255,4,1993
255,4,2054
255,4,2064
255,4,2097
255,4,2104
255,4,2107
255,4,2109
255,4,2118
255,4,2125
255,4,2150
255,4,2189
255,4,2210
255,4,2230
255,4,2239
255,4,2246
255,4,2255
255,4,2259
255,4,2290
255,4,2313
255,4,2332
255,4,2346
255,4,2374
255,4,2429
255,4,2439
255,4,2440
255,4,2450
255,4,2479
255,4,2486
255,4,2488
255,4,2520
255,4,2547
255,4,2548
255,4,2568
255,4,2579
255,4,2594
255,4,2624
255,4,2633
255,4,2638
255,4,2646
255,4,2657
255,4,2660
255,4,2669
255,4,2680
255,4,2697
255,4,2728
255,4,2785
255,4,2790
255,4,2796
255,4,2805
255,4,2823
255,4,2872
255,4,2888
255,4,2921
255,4,2922
255,4,2951
255,4,3002
255,4,3006
255,4,3015
255,4,3043
255,4,3044
255,4,3048
255,5,3
255,5,10
255,5,14
255,5,30
255,5,93
255,5,99
255,5,113
255,5,120
255,5,124
255,5,132
255,5,161
255,5,175
255,5,183
255,5,242
255,5,249
255,5,259
255,5,280
255,5,293
255,5,297
255,5,298
255,5,299
255,5,308
255,5,318
255,5,332
255,5,364
255,5,368
255,5,395
255,5,398
255,5,435
255,5,446
255,5,469
255,5,470
255,5,483
255,5,499
255,5,520
255,5,552
255,5,575
255,5,586
255,5,588
255,5,602
255,5,631
255,5,639
255,5,647
255,5,676
255,5,683
255,5,717
255,5,752
255,5,753
255,5,776
255,5,852
255,5,865
255,5,892
255,5,938
255,5,946
255,5,952
255,5,960
255,5,973
255,5,1056
255,5,1071
255,5,1077
255,5,1085
255,5,1094
255,5,1103
255,5,1116
255,5,1138
255,5,1142
255,5,1148
255,5,1149
255,5,1154
255,5,1169
255,5,1183
255,5,1189
255,5,1192
255,5,1194
255,5,1199
255,5,1216
255,5,1248
255,5,1270
255,5,1274
255,5,1295
255,5,1303
255,5,1305
255,5,1336
255,5,1338
255,5,1339
255,5,1342
255,5,1358
255,5,1369
255,5,1386
255,5,1392
255,5,1401
255,5,1411
255,5,1417
255,5,1421
255,5,1440
255,5,1461
255,5,1495
255,5,1562
255,5,1563
255,5,1581
255,5,1623
255,5,1624
255,5,1639
255,5,1647
255,5,1707
255,5,1720
255,5,1727
255,5,1737
255,5,1767
255,5,1782
255,5,1789
255,5,1863
255,5,1875
255,5,1879
255,5,1926
255,0,4
255,0,12
255,0,15
255,0,44
255,0,88
255,0,109
255,0,116
255,0,167
255,0,168
255,0,169
255,0,179
255,0,194
255,0,205
255,0,232
255,0,256
255,0,281
255,0,291
255,0,297
255,0,317
255,0,340
255,0,346
255,0,352
255,0,371
255,0,398
255,0,403
255,0,423
255,0,429
255,0,441
255,0,443
255,0,470
255,0,583
255,0,610
255,0,630
255,0,635
255,0,652
255,0,670
255,0,672
255,0,679
255,0,682
255,0,687
255,0,689
255,0,721
255,0,755
255,0,823
255,0,825
255,0,884
255,0,897
255,0,898
255,0,907
255,0,916
255,0,924
255,0,933
255,0,934
255,0,942
255,0,957
255,0,959
255,0,962
255,0,989
255,0,1010
255,0,1015
255,0,1019
255,0,1045
255,0,1069
255,0,1071
255,0,1077
255,0,1082
255,0,1123
255,0,1129
255,0,1148
255,0,1155
255,0,1168
255,0,1186
255,0,1200
255,0,1227
255,0,1236
255,0,1289
255,0,1313
255,0,1378
255,0,1383
255,0,1396
255,0,1417
255,0,1466
255,0,1522
255,0,1558
255,0,1565
255,0,1566
255,0,1586
255,0,1593
255,0,1603
255,0,1607
255,0,1625
255,0,1696
255,0,1707
255,0,1711
255,0,1720
255,0,1771
255,0,1814
255,0,1829
255,0,1854
255,0,1877
255,0,1996
255,0,2033
255,0,2036
255,0,2047
255,0,2064
255,0,2091
255,0,2093
255,0,2099
255,0,2100
255,0,2110
255,0,2118
255,0,2122
255,0,2133
255,0,2176
255,0,2177
255,0,2185
255,0,2189
255,0,2198
255,0,2211
255,0,2212
255,0,2239
255,0,2249
255,0,2283
255,0,2285
255,0,2311
255,0,2332
255,0,2340
255,0,2358
255,0,2378
255,0,2384
255,0,2393
255,0,2401
255,0,2406
255,0,2412
255,0,2434
255,0,2471
255,0,2474
255,0,2494
255,0,2499
255,0,2525
255,0,2530
255,0,2546
255,0,2551
255,0,2564
255,0,2579
255,0,2592
255,0,2593
255,0,2597
255,0,2637
255,0,2639
255,0,2644
255,0,2656
255,0,2684
255,0,2703
255,0,2706
255,0,2707
255,0,2715
255,0,2745
255,0,2746
255,0,2754
255,0,2758
255,0,2771
255,0,2795
255,0,2821
255,0,2824
255,0,2837
255,0,2886
255,0,2907
255,0,2922
255,0,2961
255,0,2982
255,0,2991
255,0,3012
255,0,3023
255,0,3027
255,0,3045
256,1,8
256,1,22
256,1,49
256,1,62
256,1,87
256,1,90
256,1,254
256,1,275
256,1,292
256,1,296
256,1,299
256,1,311
256,1,312
256,1,333
256,1,340
256,1,356
256,1,359
256,1,376
256,1,387
256,1,401
256,1,440
256,1,443
256,1,460
256,1,477
256,1,482
256,1,489
256,1,493
256,1,507
256,1,508
256,1,513
256,1,532
256,1,636
256,1,652
256,1,702
256,1,730
256,1,739
256,1,750
256,1,761
256,1,762
256,1,780
256,1,781
256,1,822
256,1,829
256,1,835
256,1,855
256,1,861
256,1,871
256,1,874
256,1,876
256,1,916
256,1,946
256,1,951
256,1,962
256,1,977
256,1,995
256,1,1002
256,1,1004
256,1,1017
256,1,1024
256,1,1037
256,1,1064
256,1,1078
256,1,1080
256,1,1084
256,1,1118
256,1,1129
256,1,1132
256,1,1136
256,1,1146
256,1,1166
256,1,1168
256,1,1176
256,1,1220
256,1,1243
256,1,1247
256,1,1293
256,1,1319
256,1,1338
256,1,1343
256,1,1355
256,1,1376
256,1,1379
256,1,1401
256,1,1466
256,1,1487
256,1,1504
256,1,1508
256,1,1512
256,1,1518
256,1,1575
256,1,1582
256,1,1598
256,1,1602
256,1,1636
256,1,1683
256,1,1688
256,1,1730
256,1,1770
256,1,1774
256,1,1781
256,1,1801
256,1,1829
256,1,1905
256,1,1934
256,1,1938
256,1,1954
256,1,1957
256,1,1978
256,1,1999
256,1,2136
256,1,2156
256,1,2166
256,1,2169
256,1,2172
256,1,2198
256,1,2209
256,1,2210
256,1,2211
256,1,2240
256,1,2245
256,1,2259
256,1,2275
256,1,2282
256,1,2315
256,1,2327
256,1,2340
256,1,2356
256,1,2367
256,1,2377
256,1,2411
256,1,2418
256,1,2438
256,1,2450
256,1,2462
256,1,2470
256,1,2487
256,1,2490
256,1,2492
256,1,2497
256,1,2517
256,1,2521
256,1,2537
256,1,2558
256,1,2582
256,1,2600
256,1,2606
256,1,2608
256,1,2618
256,1,2619
256,1,2659
256,1,2677
256,1,2727
256,1,2728
256,1,2733
256,1,2747
256,1,2758
256,1,2783
256,1,2784
256,1,2792
256,1,2812
256,1,2823
256,1,2833
256,1,2850
256,1,2860
256,1,2866
256,1,2881
256,1,2969
256,1,3008
256,1,3031
256,1,3057
256,1,3067
256,1,3068
256,1,3116
256,1,3128
256,1,3145
256,1,3175
256,1,3176
256,1,3180
256,1,3216
256,1,3236
256,1,3243
256,1,3251
256,1,3268
256,1,3273
256,1,3281
256,2,26
256,2,36
256,2,41
256,2,52
256,2,95
256,2,110
256,2,161
256,2,178
256,2,188
256,2,193
256,2,195
256,2,204
256,2,207
256,2,223
256,2,261
256,2,278
256,2,280
256,2,287
256,2,294
256,2,324
256,2,329
256,2,336
256,2,340
256,2,343
256,2,377
256,2,381
256,2,473
256,2,497
256,2,500
256,2,514
256,2,523
256,2,567
256,2,633
256,2,682
256,2,683
256,2,696
256,2,702
256,2,721
256,2,737
256,2,748
256,2,757
256,2,762
256,2,797
256,2,817
256,2,825
256,2,873
256,2,881
256,2,891
256,2,897
256,2,918
256,2,1042
256,2,1044
256,2,1053
256,2,1065
256,2,1067
256,2,1087
256,2,1093
256,2,1108
256,2,1119
256,2,1129
256,2,1132
256,2,1134
256,2,1150
256,2,1152
256,2,1157
256,2,1166
256,2,1174
256,2,1175
256,2,1179
256,2,1180
256,2,1212
256,2,1215
256,2,1219
256,2,1242
256,2,1265
256,2,1273
256,2,1276
256,2,1277
256,2,1286
256,2,1357
256,2,1384
256,2,1400
256,2,1415
256,2,1420
256,2,1437
256,2,1449
256,2,1479
256,2,1491
256,2,1493
256,2,1500
256,2,1543
256,2,1546
256,2,1555
256,2,1566
256,2,1589
256,2,1632
256,2,1638
256,2,1639
256,2,1645
256,2,1652
256,2,1663
256,2,1681
256,2,1689
256,2,1691
256,2,1703
256,2,1731
256,2,1753
256,2,1765
256,2,1788
256,2,1793
256,2,1826
256,2,1868
256,2,1874
256,2,1883
256,2,1896
256,2,1912
256,2,1925
256,2,1927
256,2,1953
256,2,1966
256,2,1975
256,2,2007
256,2,2030
256,2,2034
256,2,2062
256,2,2086
256,2,2135
256,2,2156
256,2,2175
256,2,2182
256,2,2184
256,2,2200
256,2,2203
256,2,2279
256,2,2280
256,2,2289
256,2,2290
256,2,2317
256,2,2326
256,2,2329
256,2,2334
256,2,2343
256,2,2347
256,2,2382
256,2,2414
256,2,2502
256,2,2513
256,2,2519
256,2,2521
256,2,2530
256,2,2543
256,2,2551
256,2,2554
256,2,2561
256,2,2563
256,2,2566
256,2,2591
256,2,2595
256,2,2600
256,2,2622
256,2,2627
256,2,2666
256,2,2710
256,2,2720
256,2,2730
256,2,2733
256,2,2738
256,2,2787
256,2,2836
256,2,2872
256,2,2888
256,2,2909
256,2,2916
256,2,2918
256,2,2927
256,2,2963
256,2,2996
256,2,3005
256,2,3014
256,2,3017
256,2,3019
256,2,3024
256,2,3047
256,2,3079
256,2,3091
256,2,3127
256,2,3149
256,2,3150
256,2,3151
256,2,3192
256,2,3194
256,2,3202
256,2,3205
256,2,3206
256,2,3251
256,3,1
256,3,5
256,3,12
256,3,36
256,3,95
256,3,102
256,3,110
256,3,127
256,3,144
256,3,169
256,3,176
256,3,248
256,3,255
256,3,272
256,3,283
256,3,289
256,3,307
256,3,312
256,3,315
256,3,348
256,3,379
256,3,381
256,3,402
256,3,410
256,3,411
256,3,417
256,3,422
256,3,424
256,3,434
256,3,454
256,3,484
256,3,497
256,3,502
256,3,504
256,3,505
256,3,533
256,3,537
256,3,552
256,3,554
256,3,575
256,3,578
256,3,587
256,3,607
256,3,628
256,3,646
256,3,727
256,3,734
256,3,746
256,3,766
256,3,784
256,3,785
256,0,9
256,0,14
256,0,113
256,0,115
256,0,126
256,0,131
256,0,146
256,0,154
256,0,176
256,0,182
256,0,204
256,0,205
256,0,208
256,0,243
256,0,249
256,0,294
256,0,303
256,0,304
256,0,318
256,0,320
256,0,337
256,0,342
256,0,344
256,0,346
256,0,357
256,0,402
256,0,407
256,0,417
256,0,454
256,0,460
256,0,462
256,0,464
256,0,477
256,0,487
256,0,533
256,0,538
256,0,567
256,0,579
256,0,589
256,0,590
256,0,615
256,0,652
256,0,655
256,0,656
256,0,745
256,0,755
256,0,764
256,0,769
256,0,775
256,0,800
256,0,801
256,0,826
256,0,850
256,0,857
256,0,877
256,0,888
256,0,891
256,0,907
256,0,923
256,0,926
256,0,929
256,0,932
256,0,957
256,0,965
256,0,1031
256,0,1073
256,0,1076
256,0,1095
256,0,1101
256,0,1106
256,0,1113
256,0,1118
256,0,1130
256,0,1167
256,0,1217
256,0,1247
256,0,1248
256,0,1255
256,0,1271
256,0,1287
256,0,1303
256,0,1319
256,0,1330
256,0,1338
256,0,1339
256,0,1390
256,0,1391
256,0,1428
256,0,1430
256,0,1452
256,0,1503
256,0,1507
256,0,1518
256,0,1520
256,0,1522
256,0,1569
256,0,1574
256,0,1610
256,0,1621
256,0,1630
256,0,1636
256,0,1638
256,0,1643
256,0,1664
256,0,1696
256,0,1699
256,0,1701
256,0,1703
256,0,1734
256,0,1795
256,0,1821
256,0,1823
256,0,1829
256,0,1838
256,0,1858
256,0,1894
256,0,1903
256,0,1906
256,0,1919
256,0,1958
256,0,1980
256,0,1997
256,0,1998
256,0,2001
256,0,2012
256,0,2027
256,0,2029
256,0,2042
256,0,2051
256,0,2076
256,0,2089
256,0,2107
256,0,2110
256,0,2130
256,0,2145
256,0,2147
256,0,2152
256,0,2161
256,0,2170
256,0,2173
256,0,2262
256,0,2274
256,0,2305
256,0,2317
256,0,2353
256,0,2369
256,0,2376
256,0,2383
256,0,2392
256,0,2408
256,0,2411
256,0,2418
256,0,2424
256,0,2467
256,0,2483
256,0,2500
256,0,2547
256,0,2585
256,0,2592
256,0,2617
256,0,2641
256,0,2679
256,0,2704
256,0,2732
256,0,2758
256,0,2768
256,0,2812
256,0,2819
256,0,2825
256,0,2916
256,0,2922
256,0,2925
256,0,2926
256,0,2942
256,0,2945
256,0,3003
256,0,3014
256,0,3075
256,0,3078
256,0,3103
257,1,8
257,1,9
257,1,38
257,1,48
257,1,72
257,1,107
257,1,144
257,1,182
257,1,196
257,1,234
257,1,240
257,1,241
257,1,242
257,1,329
257,1,331
257,1,351
257,1,368
257,1,372
257,1,378
257,1,379
257,1,386
257,1,396
257,1,398
257,1,402
257,1,455
257,1,468
257,1,485
257,1,497
257,1,512
257,1,515
257,1,567
257,1,604
257,1,615
257,1,619
257,1,627
257,1,648
257,1,663
257,1,699
257,1,710
257,1,748
257,1,775
257,1,789
257,1,790
257,1,797
257,1,807
257,1,814
257,1,824
257,1,849
257,1,865
257,1,880
257,1,892
257,1,894
257,1,896
257,1,900
258,1,2
258,1,22
258,1,27
258,1,32
258,1,40
258,1,44
258,1,47
258,1,80
258,1,103
258,1,107
258,1,118
258,1,137
258,1,145
258,1,150
258,1,156
258,1,182
258,1,198
258,1,216
258,1,247
258,1,249
258,1,261
258,1,349
258,1,373
258,1,402
258,1,415
258,1,423
258,1,427
258,1,428
258,1,444
258,1,464
258,1,468
258,1,475
258,1,559
258,1,604
258,1,640
258,1,681
258,1,684
258,1,695
258,1,716
258,1,722
258,1,735
258,1,751
258,1,754
258,1,766
258,1,796
258,1,798
258,1,800
258,1,836
258,1,886
258,1,920
258,1,932
258,1,935
258,1,939
258,1,958
258,1,960
258,1,968
258,1,969
258,1,982
258,1,1035
258,1,1037
258,1,1071
258,1,1116
258,1,1123
258,1,1133
258,1,1156
258,1,1163
258,1,1173
258,1,1180
258,1,1203
258,1,1221
258,1,1281
258,1,1312
258,1,1327
258,1,1346
258,1,1374
258,1,1391
258,1,1405
258,1,1410
258,1,1414
258,1,1433
258,1,1459
258,1,1483
258,1,1484
258,1,1504
258,1,1574
258,1,1582
258,1,1621
258,1,1624
258,1,1625
258,1,1626
258,1,1662
258,1,1704
258,1,1705
258,1,1717
258,1,1788
258,1,1818
258,1,1849
258,1,1851
258,1,1852
258,1,1897
258,1,1916
258,1,1949
258,1,1950
258,1,1953
258,1,1976
258,1,1981
258,1,1998
258,1,2021
258,1,2030
258,1,2063
258,1,2071
258,1,2085
258,1,2091
258,1,2098
258,1,2111
258,1,2135
258,1,2139
258,1,2143
258,1,2155
258,1,2178
258,1,2193
258,1,2207
258,1,2215
258,1,2218
258,1,2230
258,1,2244
258,1,2269
258,1,2272
258,1,2274
258,1,2290
258,1,2299
258,1,2309
258,1,2314
258,1,2328
258,1,2344
258,1,2353
258,1,2361
258,1,2364
258,1,2368
258,1,2454
258,1,2463
258,1,2542
258,1,2543
258,1,2549
258,1,2571
258,1,2585
258,1,2592
258,1,2610
258,1,2625
258,1,2629
258,1,2638
258,1,2641
258,1,2713
258,1,2721
258,1,2727
258,1,2735
258,1,2736
258,1,2737
258,1,2740
258,1,2748
258,1,2757
258,1,2781
258,1,2787
258,1,2801
258,1,2835
258,1,2856
258,1,2901
258,1,2903
258,1,2923
258,1,2928
258,1,2933
258,1,2948
258,1,2957
258,1,2966
258,1,2982
258,1,2984
258,1,2986
258,2,5
258,2,76
258,2,96
258,2,105
258,2,153
258,2,170
258,2,171
258,2,179
258,2,206
258,2,231
258,2,234
258,2,264
258,2,284
258,2,311
258,2,321
258,2,335
258,2,339
258,2,360
258,2,381
258,2,392
258,2,397
258,2,454
258,2,482
258,2,494
258,2,497
258,2,504
258,2,510
258,2,539
258,2,576
258,2,582
258,2,594
258,2,595
258,2,596
258,2,598
258,2,699
258,2,702
258,2,810
258,2,831
258,2,842
258,2,866
258,2,888
258,2,929
258,2,934
258,2,936
258,2,942
258,2,949
258,2,970
258,2,991
258,2,1004
258,2,1010
258,2,1056
258,2,1063
258,2,1072
258,2,1074
258,2,1132
258,2,1205
258,2,1206
258,2,1269
258,2,1322
258,2,1339
258,2,1405
258,2,1413
258,2,1415
258,2,1445
258,2,1474
258,2,1481
258,2,1484
258,2,1533
258,2,1556
258,2,1559
258,2,1570
258,2,1578
258,2,1594
258,2,1650
258,2,1717
258,2,1731
258,2,1737
258,2,1747
258,2,1807
258,2,1847
258,2,1895
258,2,1896
258,2,1906
258,2,1928
258,2,1957
258,2,1968
258,2,2008
258,2,2053
258,2,2080
258,2,2096
258,2,2160
258,2,2181
258,2,2183
258,2,2192
258,2,2224
258,2,2259
258,2,2288
258,2,2353
258,2,2367
258,2,2373
258,2,2408
258,2,2419
258,2,2427
258,2,2432
258,2,2446
258,2,2451
258,2,2456
258,2,2488
258,2,2499
258,2,2505
258,2,2521
258,2,2581
258,2,2597
258,2,2600
258,2,2617
258,2,2623
258,2,2624
258,2,2734
258,2,2743
258,2,2764
258,2,2768
258,2,2799
258,2,2809
258,2,2818
258,2,2822
258,2,2841
258,2,2847
258,2,2856
258,2,2859
258,2,2906
258,2,2939
258,2,2963
258,2,2985
258,2,2990
258,3,34
258,3,80
258,3,134
258,3,171
258,3,177
258,3,212
258,3,220
258,3,222
258,3,241
258,3,289
258,3,313
258,3,314
258,3,341
258,3,347
258,3,360
258,3,365
258,3,372
258,3,383
258,3,406
258,3,407
258,3,465
258,3,480
258,3,490
258,3,492
258,3,494
258,3,505
258,3,514
258,3,515
258,3,545
258,3,565
258,3,583
258,3,589
258,3,602
258,3,622
258,3,626
258,3,628
258,3,648
258,3,705
258,3,725
258,3,764
258,3,765
258,3,817
258,3,820
258,3,832
258,3,838
258,3,872
258,3,886
258,3,888
258,3,913
258,3,921
258,3,994
258,3,1017
258,3,1018
258,3,1025
258,3,1065
258,3,1083
258,3,1097
258,3,1127
258,3,1129
258,3,1159
258,3,1172
258,3,1175
258,3,1179
258,3,1186
258,3,1195
258,3,1200
258,3,1241
258,3,1290
258,3,1311
258,3,1322
258,3,1352
258,3,1360
258,3,1379
258,3,1381
258,3,1425
258,3,1444
258,3,1447
258,3,1452
258,3,1455
258,3,1464
258,3,1493
258,3,1586
258,3,1623
258,3,1626
258,3,1630
258,3,1677
258,3,1698
258,3,1728
258,3,1741
258,3,1804
258,3,1808
258,3,1814
258,3,1832
258,3,1836
258,3,1854
258,3,1892
258,3,1905
258,3,1918
258,3,1929
258,3,2055
258,3,2102
258,3,2106
258,3,2123
258,3,2159
258,3,2180
258,3,2241
258,3,2275
258,3,2279
258,3,2296
258,3,2298
258,3,2310
258,3,2319
258,3,2328
258,3,2359
258,3,2363
258,3,2364
258,3,2366
258,3,2367
258,3,2427
258,3,2438
258,3,2459
258,3,2487
258,3,2502
258,3,2525
258,3,2526
258,3,2587
258,3,2596
258,3,2598
258,3,2619
258,3,2631
258,3,2637
258,3,2667
258,3,2686
258,3,2705
258,3,2761
258,3,2765
258,3,2797
258,3,2815
258,3,2844
258,3,2851
258,3,2855
258,3,2888
258,3,2912
258,3,2923
258,3,2929
258,3,2971
258,3,2975
258,3,2992
258,3,3007
258,3,3015
258,3,3027
258,4,3
258,4,8
258,4,48
258,4,61
258,4,63
258,4,64
258,4,77
258,4,119
258,4,128
258,4,140
258,4,145
258,4,166
258,4,170
258,4,178
258,4,184
258,4,185
258,4,205
258,4,221
258,4,227
258,4,261
258,4,270
258,4,272
258,4,275
258,4,303
258,4,364
258,4,366
258,4,377
258,4,383
258,4,384
258,4,394
258,4,415
258,4,431
258,4,433
258,4,451
258,4,480
258,4,507
258,4,509
258,4,519
258,4,521
258,4,539
258,4,566
258,4,613
258,4,647
258,4,660
258,4,679
258,4,680
258,4,704
258,4,757
258,4,762
258,4,797
258,4,800
258,4,817
258,4,841
258,4,855
258,4,874
258,4,888
258,4,895
258,4,917
258,4,931
258,4,945
258,4,968
258,4,980
258,4,1069
258,4,1084
258,4,1099
258,4,1110
258,4,1116
258,4,1118
258,4,1136
258,4,1152
258,4,1238
258,4,1249
258,4,1260
258,4,1271
258,4,1295
258,4,1298
258,4,1311
258,4,1327
258,4,1348
258,4,1363
258,4,1370
258,4,1382
258,4,1391
258,4,1436
258,4,1475
258,4,1495
258,4,1511
258,4,1529
258,4,1565
258,4,1585
258,4,1643
258,4,1660
258,4,1668
258,4,1683
258,4,1706
258,4,1712
258,4,1725
258,4,1726
258,4,1728
258,4,1732
258,4,1756
258,4,1759
258,4,1824
258,4,1844
258,4,1848
258,4,1853
258,4,1891
258,4,1926
258,4,1929
258,4,1972
258,4,1996
258,4,2002
258,4,2004
258,4,2035
258,4,2050
258,4,2069
258,4,2071
258,4,2080
258,4,2104
258,4,2129
258,4,2137
258,4,2145
258,4,2160
258,4,2166
258,4,2178
258,4,2204
258,4,2215
258,4,2237
258,4,2248
258,4,2249
258,4,2250
258,4,2251
258,4,2273
258,4,2284
258,4,2302
258,4,2318
258,4,2355
258,4,2370
258,4,2380
258,4,2421
258,4,2425
258,4,2436
258,4,2472
258,4,2513
258,4,2517
258,4,2526
258,4,2536
258,4,2544
258,4,2551
258,4,2556
258,4,2577
258,4,2593
258,4,2595
258,4,2616
258,4,2653
258,4,2656
258,4,2658
258,4,2671
258,4,2692
258,4,2726
258,4,2736
258,4,2758
258,4,2780
258,4,2804
258,4,2834
258,4,2836
258,4,2868
258,4,2870
258,4,2882
258,4,2887
258,4,2923
258,4,2925
258,4,2975
258,4,2983
258,4,2984
258,5,30
258,5,31
258,5,42
258,5,93
258,5,98
258,5,110
258,5,126
258,5,134
258,5,144
258,5,156
258,5,169
258,5,180
258,5,188
258,5,190
258,5,191
258,5,200
258,5,213
258,5,232
258,5,241
258,5,247
258,5,269
258,5,285
258,5,305
258,5,331
258,5,358
258,5,368
258,5,387
258,5,443
258,5,449
258,5,461
258,5,466
258,5,471
258,5,491
258,5,502
258,5,515
258,5,520
258,5,525
258,5,528
258,5,547
258,5,561
258,5,570
258,5,578
258,5,627
258,5,644
258,5,663
258,5,689
258,5,705
258,5,788
258,5,793
258,5,800
258,5,818
258,5,832
258,5,845
258,5,857
258,5,885
258,5,902
258,5,918
258,5,929
258,5,944
258,5,966
258,5,993
258,5,1015
258,5,1038
258,5,1076
258,5,1104
258,5,1141
258,5,1147
258,5,1172
258,5,1180
258,5,1191
258,5,1196
258,5,1216
258,5,1227
258,5,1266
258,5,1268
258,5,1275
258,5,1296
258,5,1301
258,5,1351
258,5,1362
258,5,1400
258,5,1407
258,5,1425
258,5,1429
258,5,1443
258,5,1461
258,5,1478
258,5,1485
258,5,1503
258,5,1510
258,5,1580
258,5,1582
258,5,1611
258,5,1629
258,5,1655
258,5,1660
258,5,1663
258,5,1668
258,5,1679
258,5,1729
258,5,1740
258,5,1765
258,5,1799
258,5,1832
258,5,1834
258,5,1852
258,5,1867
258,5,1900
258,5,1901
258,5,1917
258,5,1965
258,5,1988
258,5,2003
258,5,2004
258,5,2042
258,5,2054
258,5,2056
258,5,2103
258,5,2105
258,5,2107
258,5,2108
258,5,2145
258,5,2150
258,5,2160
258,5,2181
258,5,2186
258,5,2215
258,5,2220
258,5,2241
258,5,2296
258,5,2304
258,5,2306
258,5,2312
258,5,2317
258,5,2335
258,5,2343
258,5,2352
258,5,2395
258,5,2399
258,5,2441
258,5,2500
258,5,2515
258,5,2560
258,5,2563
258,5,2571
258,5,2600
258,5,2607
258,5,2682
258,5,2720
258,5,2747
258,5,2751
258,5,2753
258,5,2754
258,5,2776
258,5,2825
258,5,2851
258,5,2874
258,5,2918
258,5,2926
258,5,2935
258,5,2938
258,5,2946
258,5,2950
258,6,0
258,6,9
258,6,13
258,6,31
258,6,34
258,6,42
258,6,48
258,6,83
258,6,104
258,6,126
258,6,140
258,6,142
258,6,162
258,6,203
258,6,208
258,6,227
258,6,262
258,6,284
258,6,297
258,6,303
258,6,344
258,6,357
258,6,367
258,6,373
258,6,398
258,6,403
258,6,414
258,6,442
258,6,480
258,6,491
258,6,511
258,6,516
258,6,518
258,6,525
258,6,552
258,6,560
258,6,585
258,6,587
258,6,591
258,6,592
258,6,595
258,6,606
258,6,621
258,6,627
258,6,634
258,6,642
258,6,675
258,6,684
258,6,690
258,6,721
258,6,742
258,6,743
258,6,748
258,6,785
258,6,796
258,6,816
258,6,818
258,6,819
258,6,848
258,6,851
258,6,875
258,6,904
258,6,906
258,6,913
258,6,915
258,6,953
258,6,967
258,6,973
258,6,994
258,6,1032
258,6,1035
258,6,1047
258,6,1054
258,6,1072
258,6,1133
258,6,1223
258,6,1225
258,6,1298
258,6,1302
258,6,1310
258,6,1314
258,6,1315
258,6,1320
258,6,1353
258,6,1357
258,6,1378
258,6,1387
258,6,1397
258,6,1407
258,6,1459
258,6,1474
258,6,1480
258,6,1486
258,6,1517
258,6,1523
258,6,1534
258,6,1535
258,6,1579
258,6,1586
258,6,1591
258,6,1616
258,6,1619
258,6,1636
258,6,1681
258,6,1689
258,6,1710
258,6,1727
258,6,1736
258,6,1774
258,6,1777
258,6,1782
258,6,1807
258,6,1822
258,6,1842
258,6,1845
258,6,1894
258,6,1905
258,6,1929
258,6,1935
258,6,1941
258,6,1942
258,6,1975
258,6,1987
258,6,1997
258,6,2037
258,6,2052
258,6,2057
258,6,2062
258,6,2072
258,6,2085
258,6,2114
258,6,2197
258,6,2199
258,6,2211
258,6,2212
258,0,5
258,0,26
258,0,28
258,0,40
258,0,62
258,0,63
258,0,66
258,0,72
258,0,85
258,0,103
258,0,127
258,0,128
258,0,205
258,0,213
258,0,224
258,0,236
258,0,264
258,0,265
258,0,277
258,0,300
258,0,306
258,0,309
258,0,310
258,0,324
258,0,337
258,0,376
258,0,380
258,0,394
258,0,402
258,0,418
258,0,420
258,0,437
258,0,461
258,0,471
258,0,472
258,0,493
258,0,504
258,0,507
258,0,530
258,0,535
258,0,557
258,0,597
258,0,609
258,0,637
258,0,669
258,0,675
258,0,713
258,0,720
258,0,721
258,0,739
258,0,749
258,0,758
258,0,799
258,0,827
258,0,855
258,0,858
258,0,893
258,0,945
258,0,969
258,0,1048
258,0,1059
258,0,1061
258,0,1063
258,0,1088
258,0,1162
258,0,1166
258,0,1177
258,0,1214
258,0,1220
258,0,1227
258,0,1236
258,0,1239
258,0,1241
258,0,1246
258,0,1254
258,0,1260
258,0,1265
258,0,1320
258,0,1388
258,0,1395
258,0,1398
258,0,1452
258,0,1457
258,0,1478
258,0,1480
258,0,1526
258,0,1528
258,0,1554
258,0,1595
258,0,1622
258,0,1633
258,0,1634
258,0,1650
258,0,1686
258,0,1693
258,0,1695
258,0,1701
258,0,1713
258,0,1728
258,0,1756
258,0,1764
258,0,1774
258,0,1779
258,0,1812
258,0,1822
258,0,1844
258,0,1874
258,0,1882
258,0,1883
258,0,1898
258,0,1923
258,0,1926
258,0,1976
258,0,1981
258,0,2108
258,0,2129
258,0,2130
258,0,2132
258,0,2138
258,0,2146
258,0,2169
258,0,2175
258,0,2197
258,0,2219
258,0,2228
258,0,2291
258,0,2333
258,0,2341
258,0,2387
258,0,2417
258,0,2461
258,0,2488
258,0,2502
258,0,2527
258,0,2530
258,0,2561
258,0,2590
258,0,2606
258,0,2612
258,0,2662
258,0,2679
258,0,2684
258,0,2692
258,0,2694
258,0,2695
258,0,2703
258,0,2787
258,0,2803
258,0,2826
258,0,2851
258,0,2881
258,0,2893
258,0,2911
260,0,9
260,0,29
260,0,32
260,0,111
260,0,126
260,0,134
260,0,137
260,0,143
260,0,150
260,0,174
260,0,191
260,0,207
260,0,226
260,0,227
260,0,239
260,0,270
260,0,400
260,0,415
260,0,416
260,0,419
260,0,436
260,0,479
260,0,484
260,0,489
260,0,490
260,0,520
260,0,525
260,0,556
260,0,557
260,0,594
260,0,598
260,0,609
260,0,641
260,0,665
260,0,671
260,0,678
260,0,682
260,0,728
260,0,798
260,0,806
260,0,809
260,0,828
260,0,843
260,0,850
260,0,893
260,0,905
261,1,19
261,1,23
261,1,27
261,1,48
261,1,63
261,1,127
261,1,147
261,1,211
261,1,246
261,1,265
261,1,274
261,1,284
261,1,294
261,1,323
261,1,325
261,1,330
261,1,336
261,1,347
261,1,390
261,1,425
261,1,430
261,1,476
261,1,481
261,1,499
261,1,506
261,1,532
261,1,535
261,1,556
261,1,564
261,1,579
261,1,585
261,1,591
261,1,600
261,1,629
261,1,634
261,1,641
261,1,648
261,1,667
261,1,672
261,1,689
261,1,692
261,1,717
261,1,727
261,1,742
261,1,744
261,1,746
261,1,751
261,1,774
261,1,777
261,1,803
261,1,820
261,1,862
261,1,863
261,1,868
261,1,890
261,1,917
261,1,925
261,1,944
261,1,972
261,1,973
261,1,1032
261,1,1075
261,1,1087
261,1,1101
261,1,1103
261,1,1159
261,1,1181
261,1,1207
261,1,1221
261,1,1242
261,1,1249
261,1,1252
261,1,1258
261,1,1279
261,1,1287
261,1,1310
261,1,1317
261,1,1321
261,1,1328
261,1,1350
261,1,1431
261,1,1438
261,1,1460
261,1,1462
261,1,1463
261,1,1465
261,1,1474
261,1,1478
261,1,1490
261,1,1494
261,1,1504
261,1,1518
261,1,1529
261,1,1544
261,1,1570
261,1,1583
261,1,1588
261,1,1607
261,1,1651
261,1,1664
261,1,1668
261,1,1675
261,1,1722
261,1,1736
261,1,1798
261,1,1809
261,1,1815
261,1,1822
261,1,1824
261,1,1848
261,1,1899
261,1,1902
261,1,1909
261,1,1923
261,1,1955
261,1,1961
261,1,2029
261,1,2038
261,1,2039
261,1,2044
261,1,2058
261,1,2065
261,1,2072
261,1,2083
261,1,2108
261,1,2176
261,1,2190
261,1,2210
261,1,2232
261,1,2247
261,1,2248
261,1,2257
261,1,2295
261,1,2340
261,1,2348
261,1,2370
261,1,2390
261,1,2437
261,1,2442
261,1,2445
261,1,2465
261,1,2503
261,1,2508
261,1,2531
261,1,2535
261,1,2572
261,1,2582
261,1,2591
261,1,2596
261,1,2600
261,1,2620
261,1,2638
261,1,2680
261,1,2691
261,1,2714
261,1,2727
261,1,2746
261,1,2753
261,1,2785
261,1,2794
261,1,2806
261,1,2810
261,1,2833
261,1,2841
261,1,2873
261,1,2900
261,1,2934
261,1,2938
261,1,2960
261,1,2983
261,1,2999
261,1,3014
261,1,3053
261,1,3065
261,2,32
261,2,53
261,2,67
261,2,77
261,2,85
261,2,112
261,2,133
261,2,146
261,2,170
261,2,178
261,2,192
261,2,225
261,2,232
261,2,243
261,2,279
261,2,292
261,2,317
261,2,326
261,2,344
261,2,348
261,2,349
261,2,360
261,2,380
261,2,399
261,2,400
261,2,412
261,2,436
261,2,466
261,2,544
261,2,556
261,2,561
261,2,578
261,2,606
261,2,614
261,2,615
261,2,644
261,2,665
261,2,667
261,2,669
261,2,676
261,2,683
261,2,690
261,2,709
261,2,722
261,2,728
261,2,732
261,2,745
261,2,752
261,2,769
261,2,802
261,2,811
261,2,832
261,2,855
261,2,892
261,2,900
261,2,902
261,2,904
261,2,917
261,2,920
261,2,932
261,2,949
261,2,982
261,2,988
261,2,989
261,2,1038
261,2,1076
261,2,1093
261,2,1095
261,2,1119
261,2,1122
261,2,1141
261,2,1177
261,2,1213
261,2,1220
261,2,1229
261,2,1273
261,2,1297
261,2,1302
261,2,1320
261,2,1323
261,2,1359
261,2,1378
261,2,1392
261,2,1397
261,2,1455
261,2,1476
261,2,1482
261,2,1483
261,2,1489
261,2,1490
261,2,1556
261,2,1557
261,2,1612
261,2,1646
261,2,1648
261,2,1666
261,2,1673
261,2,1695
261,2,1697
261,2,1699
261,2,1729
261,2,1785
261,2,1790
261,2,1793
261,2,1798
261,2,1802
261,2,1803
261,2,1808
261,2,1810
261,2,1837
261,2,1838
261,2,1852
261,2,1853
261,2,1858
261,2,1860
261,0,9
261,0,29
261,0,67
261,0,87
261,0,105
261,0,108
261,0,119
261,0,133
261,0,135
261,0,146
261,0,147
261,0,198
261,0,200
261,0,205
261,0,218
261,0,241
261,0,264
261,0,270
261,0,294
261,0,312
261,0,339
261,0,340
261,0,347
261,0,422
261,0,433
261,0,483
261,0,505
261,0,515
261,0,522
261,0,531
261,0,537
261,0,545
261,0,567
261,0,593
261,0,604
261,0,626
261,0,642
261,0,685
261,0,701
261,0,732
261,0,749
261,0,780
261,0,801
261,0,835
261,0,901
261,0,915
261,0,942
261,0,944
261,0,953
261,0,989
261,0,1026
261,0,1045
261,0,1046
261,0,1047
261,0,1068
261,0,1073
261,0,1121
261,0,1160
261,0,1204
261,0,1208
261,0,1256
261,0,1258
261,0,1286
261,0,1289
261,0,1295
261,0,1345
261,0,1380
261,0,1392
261,0,1432
261,0,1436
261,0,1447
261,0,1459
261,0,1461
261,0,1463
261,0,1481
261,0,1536
261,0,1568
261,0,1578
261,0,1582
261,0,1592
261,0,1655
261,0,1680
261,0,1684
261,0,1710
261,0,1715
261,0,1751
261,0,1754
261,0,1755
261,0,1780
261,0,1814
261,0,1833
261,0,1839
261,0,1840
261,0,1871
261,0,1895
261,0,1900
261,0,1946
261,0,1947
261,0,1952
261,0,1972
261,0,1978
261,0,1991
261,0,1996
261,0,2018
261,0,2022
261,0,2042
261,0,2052
261,0,2114
261,0,2131
261,0,2136
261,0,2150
261,0,2155
261,0,2186
261,0,2194
261,0,2197
261,0,2200
261,0,2211
261,0,2269
261,0,2297
261,0,2316
261,0,2323
261,0,2347
261,0,2350
261,0,2351
261,0,2352
261,0,2384
261,0,2388
261,0,2398
261,0,2403
261,0,2438
261,0,2452
261,0,2481
261,0,2491
261,0,2526
261,0,2556
261,0,2559
261,0,2566
261,0,2596
261,0,2610
261,0,2621
261,0,2628
261,0,2681
261,0,2690
261,0,2727
261,0,2749
261,0,2781
261,0,2782
261,0,2789
261,0,2810
261,0,2818
261,0,2873
261,0,2883
261,0,2910
261,0,2916
261,0,2948
261,0,2952
261,0,2962
261,0,2994
261,0,2999
261,0,3034
