Run,Subrun,Event,Zone,Si,Quad,SiChan,eSi,eMM,psi,theta,phi,vertex_y,vertex_z,SiPlane_x,SiPlane_z,elastic
226,1,22,l,2,2,10,2189.9946,8275.84628,9.881097,-5.764976,8.038634,-162.509097,-77.915727,-45.684753,-13.683677,False
226,1,24,r,4,4,54,2419.0283,5877.71925,8.120706,7.826262,2.173687,-252.883949,-77.788423,74.619369,-56.988869,False
226,1,44,l,2,1,17,1260.1306,11053.8416,10.27835,-9.242613,4.516181,-237.082598,-71.672053,-85.771096,-29.49236,False
226,1,81,r,4,3,67,1290.9808,10885.80634,5.462227,5.34589,1.122965,-180.465548,-67.855995,44.023847,-58.593668,False
226,1,101,r,4,4,54,430.65503,18325.2717,20.219582,19.347784,5.989126,112.98738,-68.675827,62.154716,-48.993454,True
226,1,116,r,4,1,63,2991.2236,6268.68641,10.626493,7.539074,7.510728,-135.714601,-76.771188,56.341772,-20.154289,False
226,1,156,r,4,3,67,2587.0854,5540.87124,9.39786,7.753686,5.326691,-72.195588,-75.330265,49.316389,-41.248605,True
226,1,160,l,2,4,4,1656.0732,8668.07856,7.447011,-6.731645,3.192157,-119.377596,-70.811914,-48.320051,-47.821873,False
226,1,175,l,1,4,48,3695.5938,4901.33706,14.032287,-13.762346,2.765976,-183.896569,-75.848371,-116.06999,-52.276305,True
226,1,191,l,7,2,46,2260.1929,6210.63984,6.319442,-5.551593,-3.023872,-135.023578,-72.552702,-41.311417,-95.110628,False
226,1,198,l,2,2,10,2145.2488,7437.08975,9.095676,-8.176913,3.99726,-141.372142,-65.736646,-61.984255,-35.283298,False
226,1,236,r,4,4,54,3108.1624,5723.81251,7.747682,7.013835,3.299567,-250.579533,-74.534242,66.507326,-43.133746,False
226,1,257,r,4,3,67,2496.468,6581.05758,6.740086,6.312313,2.367736,-231.74095,-74.750079,57.714227,-53.045377,False
226,1,288,l,2,4,4,1773.4045,8075.23192,9.727818,-9.103461,3.443459,-107.700777,-68.114808,-63.725985,-43.879028,False
226,1,315,r,4,4,54,1586.1837,8795.45563,10.075591,9.243502,4.02693,-91.614165,-70.589318,62.105389,-43.370558,False
226,1,407,r,5,2,5,1067.8292,11720.7272,15.820401,15.392292,3.70048,-176.454779,-72.775826,128.415538,-41.485268,False
226,1,412,l,2,4,4,3401.8245,4865.77092,6.300221,-6.002553,1.917186,-192.249913,-73.45098,-50.708231,-57.219297,False
226,1,430,l,2,4,4,2088.111,7005.8301,7.762268,-7.419472,2.287689,-150.325272,-76.475586,-57.340444,-58.736533,False
226,1,435,l,6,1,57,823.0407,13840.7859,31.678796,-30.706803,-8.198047,71.755034,-67.752829,-129.619428,-104.322137,True
226,1,444,r,10,1,37,338.4201,21786.51096,29.805771,28.381457,-9.508323,124.671618,-69.528255,89.323588,-101.00256,True
226,1,448,l,1,3,41,2860.115,6256.7347,20.154142,-19.831806,3.664653,-75.918025,-66.704947,-131.968101,-41.791196,True
226,1,465,r,5,3,18,2993.727,5139.74996,17.431745,17.226515,2.708375,-91.749319,-74.578615,118.364775,-55.671709,True
226,1,466,r,4,2,59,513.02203,17666.8427,23.082039,20.511511,10.822039,106.56758,-77.593666,68.624579,-40.155413,True
226,1,476,r,10,1,37,276.70914,20304.5277,32.587192,30.923982,-10.829256,133.49833,-73.815999,93.753307,-108.713851,True
226,1,485,l,1,4,48,1932.3754,7745.267159999999,13.346311,-12.386733,5.008502,-164.886467,-76.201206,-99.90286,-35.385673,False
226,1,508,r,4,1,63,3662.7703,3768.08628,7.88423,6.691923,4.178366,-211.377373,-73.677115,58.826654,-36.797336,False
226,1,522,l,2,4,4,1463.9302,9615.691039,9.840443,-9.630935,2.029352,26.721721,-65.569159,-44.676416,-56.106874,True
226,1,530,l,7,2,46,2152.6917,6501.74196,6.775088,-6.522936,-1.835127,-143.717064,-75.885966,-49.591701,-89.872787,False
226,1,587,r,4,3,67,3364.091,4839.10023,6.117984,5.775914,2.020492,-254.638309,-74.080962,55.091034,-54.768696,False
226,1,612,l,1,2,29,1892.9058,8724.76321,22.3693,-20.074373,10.079955,15.446049,-78.365237,-100.333254,-26.401941,True
226,1,614,l,2,1,17,1954.1097,7828.63697,13.612579,-12.357638,5.753814,-116.643757,-71.391246,-89.091291,-29.44517,False
226,1,638,l,7,2,46,2631.955,5247.54763,10.499594,-9.321694,-4.853433,-41.565345,-68.83861,-54.424822,-97.369106,True
226,1,673,r,4,3,67,792.0597,12748.8242,18.592905,17.369246,6.738414,130.731929,-72.851219,49.817718,-53.134173,True
226,1,731,r,4,3,67,1236.0758,9839.9115,9.643449,9.627702,0.553483,73.883698,-63.554388,36.660826,-61.436794,True
226,1,749,l,2,1,17,3592.2053,4259.88886,11.727305,-9.631497,6.722411,-176.587339,-69.441776,-79.181198,-13.659028,True
226,1,763,r,5,3,18,1765.8102,8525.30132,21.45178,21.415804,1.272116,35.346975,-66.090338,99.878465,-60.016047,True
226,1,785,l,2,2,10,269.7306,21600.0738,19.74264,-16.729122,10.637172,126.737793,-69.351452,-49.071473,-37.332977,True
226,1,803,r,4,3,67,343.7765,18421.347,12.255403,12.247868,0.433003,95.056715,-64.249257,42.318742,-62.741664,True
226,1,810,l,6,1,57,307.91397,21002.9251,34.491153,-34.333261,-3.51945,101.373867,-75.387972,-128.832539,-89.436833,True
226,1,849,r,4,3,67,2257.115,6096.57802,6.033264,5.890572,1.306701,-148.609725,-76.214667,45.25296,-66.156791,False
226,1,870,r,4,3,67,2647.738,5417.88834,6.822363,6.156752,2.944903,-184.515181,-70.364951,51.186473,-45.812583,False
226,1,899,r,10,4,50,2540.5232,4450.177175,24.843062,24.014315,-6.560713,-27.982616,-78.438111,141.670189,-118.474404,True
226,1,908,r,5,3,18,2481.2837,5789.075150000001,17.59197,17.312903,3.169947,-48.118868,-70.804208,105.39584,-51.189666,True
226,1,928,l,2,4,4,3156.387,5565.38449,7.206734,-6.66088,2.757534,-95.848189,-75.238218,-45.059681,-56.527452,True
226,1,978,l,2,2,10,1366.9696,9564.74994,18.667756,-14.036243,12.433161,35.0,-78.203298,-63.75,-20.252919,True
226,1,979,l,1,1,35,2961.0535,6089.39159,21.338885,-20.788829,4.924082,-93.66086,-67.93994,-145.653498,-32.584321,True
226,1,995,r,4,3,67,3657.9695,4916.15071,5.77029,5.243568,2.411948,-181.441512,-78.24274,43.266023,-58.301551,True
226,1,996,l,1,2,29,2652.7407,6964.54752,18.628724,-17.088587,7.530127,-57.385613,-72.837904,-106.794027,-24.796945,True
226,1,1015,r,8,4,14,3859.324,3730.54358,7.612993,7.213577,-2.43997,69.584632,-82.016093,27.898003,-91.483205,True
226,1,1040,r,5,2,5,2062.8606,6818.37428,20.261996,18.774291,7.762021,-89.481226,-71.495595,128.995965,-16.862555,False
226,1,1043,l,2,2,10,291.50327,21402.7673,23.975317,-20.543505,12.637452,131.088262,-73.623273,-59.552235,-35.573472,True
226,1,1049,r,4,3,67,1957.2129,6767.62337,12.11667,11.725361,3.07605,57.681253,-66.06099,48.218151,-53.310383,True
226,1,1051,r,4,3,67,1148.5854,10081.0056,17.281281,15.847031,6.983221,103.703473,-77.741229,52.881806,-54.020754,True
226,1,1073,r,4,4,54,2703.4429,5966.3020400000005,8.405076,8.297165,1.347243,-240.240275,-72.51812,77.326892,-59.915934,False
226,1,1134,l,1,3,41,2492.4688,8497.653839999999,21.323285,-21.079158,3.29325,-61.809621,-75.108678,-135.605024,-53.41329,True
226,1,1146,r,4,1,63,3546.7227,4151.811180000001,10.195017,8.024851,6.308799,-106.38319,-66.84266,55.883356,-22.586562,True
226,1,1220,l,7,1,27,984.05756,10075.0382,10.324918,-10.171011,-1.785502,-155.328608,-70.143722,-79.894678,-84.247582,False
226,1,1244,r,4,4,54,1588.2156,8550.97416,9.653308,9.472251,1.869416,-215.266709,-70.284712,84.301111,-53.565327,False
226,1,1250,r,4,1,63,3447.2078,4912.54825,7.830456,6.350576,4.590493,-237.636479,-70.098515,58.723085,-27.47244,False
226,1,1264,l,2,2,10,1136.2089,12107.9803,12.819554,-11.572757,5.552744,63.437305,-58.99944,-46.39439,-36.516355,True
226,1,1265,r,10,2,31,1823.0426,10232.66554,24.972524,24.729425,-3.590745,34.529405,-75.091436,117.662341,-92.74148,True
226,1,1269,l,7,2,46,365.7078,19015.2353,18.270218,-14.963775,-10.60475,120.797281,-60.602756,-45.223093,-93.394701,True
226,1,1282,r,5,1,12,3030.4082,6297.67289,18.395878,16.24903,8.743049,-62.595314,-68.608525,102.765683,-12.126504,True
226,1,1284,l,2,2,10,1321.1616,10004.1992,11.810633,-9.002385,7.67688,-87.598148,-69.419813,-59.821781,-17.886897,False
226,1,1289,r,4,3,67,3231.732,5034.51681,7.300435,6.428323,3.467494,-64.508406,-64.297665,39.94195,-42.680965,True
226,1,1312,r,10,1,37,861.1872,13948.406,29.592469,28.519114,-8.252338,99.893145,-73.779933,103.30173,-105.159726,True
226,1,1344,r,4,3,67,2602.1191,5374.61249,8.559184,7.337746,4.418598,-43.78496,-70.462586,42.982365,-44.457273,True
226,1,1358,l,1,1,35,1565.4485,10588.435662,26.720296,-24.767635,10.35964,-13.755841,-80.609727,-140.146742,-19.455973,True
226,1,1372,l,2,1,17,2785.915,5233.94485,9.920787,-8.539689,5.068165,-205.923961,-74.767395,-74.467574,-30.292003,False
226,1,1396,r,10,4,50,2940.11,2989.32708,21.591581,20.293342,-7.534815,-42.814915,-79.411127,123.068013,-126.346082,True
226,1,1434,r,10,1,37,282.69687,20569.8214,33.193069,33.087895,-2.804567,123.900119,-81.354078,108.229153,-91.065919,True
226,1,1435,r,4,4,54,1403.4414,8386.95496,10.674076,10.323452,2.728179,-104.694585,-78.524914,71.895066,-59.407562,False
226,1,1443,l,2,2,10,324.92905,20877.1451,18.344127,-14.838794,10.908531,88.44023,-69.57743,-53.400415,-29.391831,True
226,1,1448,l,7,2,46,676.9115,13788.1001,20.693491,-18.086957,-10.22679,117.303896,-67.639002,-56.402278,-100.414876,True
226,1,1452,l,6,1,57,904.0879,12826.1289,32.805471,-31.499679,-9.675397,73.574828,-64.886255,-132.623846,-108.161793,True
226,1,1473,l,1,4,48,1287.8137,12776.54234,26.928396,-26.628644,4.161679,70.354393,-67.528365,-110.127704,-49.649928,True
226,1,1480,l,1,3,41,378.86487,21663.8306,33.3815,-33.152266,4.149485,98.255052,-67.083648,-125.246352,-50.468049,True
226,1,1529,l,2,2,10,1513.987,8947.4409,8.327278,-6.047837,5.734942,-102.703891,-71.074908,-41.606365,-31.415224,False
226,1,1551,l,7,2,46,1311.4686,8300.85666,13.09672,-10.8018,-7.450174,22.831325,-64.73575,-50.973849,-100.303039,True
226,1,1563,l,7,3,33,424.12323,17586.8554,24.90558,-22.866112,-10.147186,127.417693,-73.852149,-68.564166,-105.432349,True
226,1,1601,r,4,1,63,1030.2902,11581.9876,19.054606,16.01959,10.455649,90.585318,-74.527324,57.255035,-36.240876,True
226,1,1614,l,1,4,48,469.63797,19199.367,27.287909,-26.748804,5.608188,96.184795,-71.460343,-97.685832,-50.147959,True
226,1,1625,l,7,2,46,3441.2534,4553.16533,7.41666,-6.941592,-2.618152,-167.904131,-69.357109,-55.749784,-90.450403,False
226,1,1649,l,7,1,27,1492.3263,7595.577069999999,10.673912,-9.942724,-3.902287,-123.081811,-73.415631,-72.411763,-102.022947,False
226,1,1660,r,4,1,63,3695.8774,3897.31316,7.152017,5.142261,4.977457,-237.465924,-75.105921,47.467262,-28.982103,False
226,1,1683,r,5,2,5,3062.9941,5868.77319,20.255604,19.431501,5.832806,-100.632481,-68.919307,137.804865,-26.604038,True
226,1,1691,l,7,2,46,2435.5408,5198.66771,7.362432,-7.220608,-1.441961,-184.790928,-80.75743,-60.153545,-92.804539,False
226,1,1700,l,7,2,46,465.28055,16930.4327,16.971808,-14.989414,-8.052819,127.508194,-73.767642,-43.507371,-97.566955,True
226,1,1717,l,8,1,1,1799.7881,8315.50897,3.311164,-3.290759,0.367241,-174.383039,-73.307286,-26.701008,-70.325834,False
226,1,1767,l,1,2,29,3076.667,6505.773973,13.196779,-11.6431,6.2557,-211.71216,-72.451729,-103.380086,-16.299395,False
226,1,1777,l,7,2,46,1373.3921,9198.32264,14.977569,-13.460918,-6.628986,108.316983,-78.590723,-43.487184,-100.301738,True
226,1,1788,l,1,2,29,1837.075,8734.405,22.935465,-21.380865,8.50211,26.388357,-71.589987,-103.206727,-29.270512,True
226,1,1794,r,4,2,59,3293.154,4234.34928,11.52442,10.623885,4.491901,-136.325716,-72.653108,79.968654,-38.577068,True
226,1,1797,r,5,3,18,3151.7903,5186.33942,17.473455,16.811734,4.833409,-82.326526,-68.262131,112.495216,-35.372668,True
226,1,1816,l,2,2,10,2678.9517,5798.11625,6.969824,-5.31314,4.517471,-168.180345,-65.828651,-42.610089,-29.472292,False
226,1,1817,r,4,3,67,310.4746,18804.7559,12.166476,11.616357,3.642211,115.000984,-72.79224,35.974206,-61.419863,True
226,1,1843,l,8,3,7,2573.0134,5924.44215,8.931322,-8.135236,-3.698446,51.131778,-77.423601,-34.145873,-93.020968,True
226,1,1845,l,7,4,39,500.83948,16132.49926,19.597315,-15.353209,-12.328848,111.300329,-71.901523,-49.065116,-112.404073,True
226,1,1846,r,3,4,3,2577.1304,6046.5081,7.102494,4.968789,5.081471,9.849938,-53.763735,24.356188,-28.758357,True
226,1,1912,l,1,1,35,3011.4207,5966.01846,19.053117,-17.910168,6.60912,-93.550465,-72.781111,-123.958594,-26.077684,True
226,1,1920,r,8,2,20,3349.227,4383.90305,5.992281,5.872206,-1.195675,46.947242,-69.477826,24.997902,-74.577462,True
226,1,1944,l,2,1,17,2568.0703,7767.1769,13.696041,-10.438106,8.916865,-72.561568,-82.958981,-66.791783,-25.116796,True
226,1,1952,l,7,2,46,1043.8757,11216.2685,9.630715,-9.521191,-1.455032,-35.487783,-74.341327,-54.591734,-82.724382,False
226,1,1970,r,4,1,63,421.15182,18366.3194,25.279022,20.838759,14.640743,145.582646,-67.873604,54.970828,-27.505337,True
226,1,1975,r,4,4,54,1308.8943,9348.65483,11.573147,11.152306,3.112308,-66.637772,-69.389723,70.307723,-49.624846,False
226,1,1982,l,1,1,35,2709.6548,6387.49809,21.264147,-20.31807,6.4092,-71.754781,-71.26856,-133.946878,-27.936281,True
226,1,1998,l,2,2,10,3735.9893,3596.81524,6.905991,-5.372671,4.345403,-178.112279,-70.007777,-44.02437,-34.280214,True
226,1,2008,r,10,1,37,1216.5126,11750.8141,26.569592,25.969066,-5.822941,59.760488,-76.230309,112.141477,-102.347352,True
226,1,2010,r,4,3,67,1224.2097,10332.0432,9.573467,9.549866,0.674952,79.01233,-64.234524,35.496024,-61.714015,True
226,1,2030,r,4,2,59,2841.2922,4985.85207,10.52863,9.321872,4.916143,-187.43464,-69.72747,78.370078,-28.111792,False
226,1,2039,l,2,4,4,3100.267,4739.62055,10.212264,-9.119,4.616766,-96.472777,-79.645577,-62.034362,-48.037405,True
226,1,2071,l,1,3,41,1831.7246,7882.22042,16.88236,-16.826672,1.390349,-126.371876,-69.512974,-125.921609,-58.955209,False
226,1,2108,l,1,3,41,2790.452,5221.64154,18.592315,-18.198121,3.874392,-82.31382,-67.243564,-122.397026,-40.701346,True
226,1,2132,l,7,1,27,2066.0588,6441.67973,8.660245,-8.393828,-2.139227,-145.429239,-70.247454,-64.250667,-86.688554,False
226,1,2138,l,1,4,48,2202.6294,6814.45362,13.602778,-13.522788,1.486939,-159.927049,-68.947364,-108.207207,-56.93523,False
226,1,2139,l,3,3,23,2833.9165,5486.41157,6.146589,-3.745297,4.877214,-104.108013,-69.155804,-25.798713,-35.454734,True
226,1,2148,l,1,4,48,3052.827,5938.2431,13.038426,-12.91885,1.776958,-206.869999,-72.397785,-113.970475,-56.582718,False
226,1,2188,l,2,4,4,1561.977,10991.81545,7.766601,-6.833007,3.700692,-115.823173,-72.33167,-48.628608,-45.895572,False
226,1,2221,r,4,1,63,2447.5347,5846.43472,13.816957,8.861547,10.643689,-31.258245,-76.588852,50.086829,-15.484046,True
226,1,2230,r,3,4,3,2299.3584,6729.08393,4.4337,2.624944,3.574397,-166.262904,-65.960437,20.917827,-37.42956,False
226,1,2233,r,4,1,63,3385.4192,4285.65518,9.17518,7.555983,5.220084,-74.41378,-65.720634,48.33827,-32.135962,True
226,1,2242,l,7,1,27,1020.3367,11503.4093,24.756645,-23.651529,-7.534026,110.671669,-67.727913,-78.538759,-93.620178,True
226,1,2255,r,10,1,37,3733.7224,4400.61575,15.285171,14.740663,-4.089003,-128.547977,-69.561331,110.121558,-100.500778,True
226,1,2267,l,2,4,4,3487.9546,4502.52033,6.71008,-6.530142,1.546865,-198.042094,-72.42797,-55.865465,-59.162601,False
226,1,2288,l,7,1,27,1121.1251,10709.3796,17.956181,-16.691629,-6.71552,59.447159,-74.576689,-69.132453,-102.91791,True
226,1,2296,r,4,1,63,3511.5298,4974.81612,11.112609,8.171157,7.557145,-135.658767,-75.418791,61.119649,-18.36862,True
226,1,2315,l,7,4,39,488.283,14670.7899,16.288591,-12.513238,-10.512065,93.191683,-67.566578,-43.679062,-104.974295,True
226,1,2348,r,4,2,59,330.67532,20095.7045,27.159001,24.965344,11.054155,112.755938,-65.889468,82.519782,-27.693957,True
226,1,2406,l,1,3,41,2262.9744,6646.4352,16.430406,-16.221265,2.649028,-152.029217,-71.55812,-128.599278,-50.258722,False
226,1,2411,r,4,3,67,2778.5103,6472.36777,4.927498,4.704516,1.467176,-224.236323,-71.05992,42.318726,-57.84444,False
226,1,2477,l,3,3,23,2432.5073,7051.83707,5.908859,-4.272505,4.085495,-79.635479,-55.393397,-27.614655,-28.918074,True
226,1,2502,l,1,4,48,628.27234,16926.7696,28.960561,-27.547349,9.308645,76.119811,-83.745047,-111.563723,-44.204989,True
226,1,2542,l,2,3,24,3473.1787,4686.29029,8.143722,-7.714307,2.617467,-185.04245,-71.961076,-64.349052,-50.04607,False
226,1,2564,r,4,2,59,2043.3518,7588.97263,12.543589,9.334287,8.416737,-137.689406,-77.834406,70.299651,-13.701877,False
226,1,2570,r,4,1,63,1640.5688,8329.22159,6.726897,5.717332,3.550372,-266.005354,-73.605079,55.666587,-38.935201,False
226,1,2607,l,1,3,41,336.92996,23297.166,31.090799,-31.06239,1.40065,89.674925,-60.616293,-120.664531,-54.898244,True
226,1,2610,r,10,2,31,3060.659,5609.19586,20.223278,20.049963,-2.698069,-42.211495,-73.494737,121.243272,-90.160241,True
226,1,2623,l,2,4,4,2324.6226,6690.34621,6.787172,-6.532779,1.844794,-196.514048,-72.307387,-55.713241,-56.534916,False
226,1,2628,r,5,1,12,2861.3467,6306.90297,16.409777,14.590756,7.592334,-86.524355,-73.91945,98.012384,-22.059142,True
226,1,2641,l,2,2,10,3529.377,4672.50016,9.979823,-6.763668,7.355371,-124.696232,-68.474937,-49.182846,-14.568566,True
226,1,2673,r,5,3,18,3636.646,3740.60815,11.792408,11.217294,3.661276,-203.830262,-67.145861,97.935938,-34.931015,False
226,1,2678,r,4,1,63,1068.4202,11456.8595,12.920239,10.224481,7.941302,27.217659,-62.062014,47.397928,-24.813342,True
226,1,2680,l,7,1,27,741.2999,13666.4937,26.311057,-24.461151,-10.004605,117.192557,-68.672324,-78.611426,-102.163339,True
226,1,2694,r,10,1,37,2301.3528,7188.3217,12.241911,12.074621,-2.032049,-157.595379,-77.210124,95.748785,-93.450476,False
226,1,2714,r,10,3,43,334.40363,19439.5641,32.277589,30.54438,-10.979644,118.683073,-70.22652,101.092204,-108.819293,True
226,1,2727,r,4,3,67,1068.2312,11428.0264,5.812505,5.027925,2.920118,-171.820954,-74.767003,40.630912,-51.118591,False
226,1,2792,l,6,1,57,1406.9655,9014.6371,25.89896,-25.505605,-4.655282,18.189524,-67.92991,-129.679588,-92.453197,True
226,1,2794,l,1,3,41,1495.9127,10179.5448,15.193167,-15.025707,2.275909,-182.739122,-71.368097,-126.897427,-51.914909,False
226,1,2798,l,1,3,41,1388.7843,11844.28434,19.447691,-18.768123,5.190504,-121.088961,-74.82521,-139.690926,-35.38477,False
226,1,2821,l,7,2,46,3123.789,3922.81983,9.087626,-8.994207,-1.305062,-111.224312,-73.931447,-63.506107,-83.185752,True
226,1,2836,l,2,1,17,1790.2605,8113.860909999999,9.262032,-7.888938,4.868257,-207.326833,-73.639656,-68.911938,-30.876539,False
226,1,2856,l,7,1,27,3188.4902,4141.26793,10.011138,-9.807024,-2.021176,-80.664909,-77.636262,-64.071741,-90.911318,True
226,1,2857,r,4,1,63,2220.4226,6974.54436,5.724147,4.113814,3.983676,-297.60454,-68.317559,42.262422,-27.290771,False
226,1,2865,l,2,2,10,2955.9712,4054.33496,7.248337,-5.444018,4.79273,-184.031865,-66.783946,-45.176664,-26.858864,False
226,1,2888,l,7,2,46,2211.1477,5794.31122,6.593608,-6.512919,-1.030601,-137.094321,-71.952344,-48.758804,-79.685387,False
226,1,2899,r,4,3,67,891.16675,12858.469,17.326749,13.875117,10.481321,94.297262,-79.594811,48.341343,-42.301243,True
226,1,2915,r,4,1,63,2696.6172,6246.252469999999,9.459997,7.460728,5.832814,-152.259544,-71.94419,57.916211,-26.379441,False
226,1,2939,l,2,2,10,2121.58,7833.723449999999,7.377686,-5.29811,5.141566,-186.832313,-72.673782,-44.218535,-29.584842,False
226,1,2942,r,4,3,67,3306.9185,4922.55139,4.947412,4.791093,1.235263,-219.340473,-67.868678,42.690775,-56.847389,False
226,1,2963,r,4,2,59,1823.0554,8023.58399,10.547219,9.74599,4.051938,-192.976196,-65.956331,82.95569,-31.242367,False
226,1,2975,r,4,3,67,1176.8717,10756.9144,17.197762,16.008003,6.369369,81.882213,-68.071825,59.708276,-43.903146,True
226,1,2983,r,4,1,63,547.3637,15433.0757,17.699138,13.657285,11.366649,112.250103,-70.721506,43.19039,-33.948764,True
226,1,2993,r,4,1,63,1811.4733,8441.1508,7.988747,4.915861,6.304923,-146.66886,-73.623525,37.557502,-25.198731,False
226,1,3026,r,4,1,63,2412.9182,6866.1978,10.423694,7.225601,7.532966,-27.074619,-72.291652,40.199786,-30.026735,True
226,1,3034,l,2,1,17,1136.0275,11453.3513,11.515106,-10.699537,4.281499,-129.904172,-65.295679,-79.338202,-33.303063,False
226,1,3038,r,4,3,67,3493.5667,3281.72631,8.379273,8.051581,2.328088,-124.845353,-67.068041,58.683602,-50.034522,True
226,1,3040,l,2,4,4,2035.8977,7312.11238,8.473188,-7.313601,4.290254,-103.096091,-71.962801,-50.451618,-42.231114,False
226,1,3077,r,4,3,67,1118.9072,11418.9752,5.518811,4.788866,2.746201,-241.575329,-74.249797,44.533598,-48.66241,False
226,1,3104,r,4,1,63,1488.333,8996.33354,11.123333,7.146613,8.546003,-66.580176,-68.835844,44.709033,-14.832298,False
226,1,3109,r,4,1,63,2024.0261,8091.62408,8.402705,5.542444,6.325484,-106.935077,-65.031791,38.517294,-20.824367,False
226,1,3128,l,7,2,46,1637.226,7115.00028,7.675245,-6.743525,-3.673779,-191.648555,-65.925832,-56.951673,-97.066751,False
226,1,3131,l,7,3,33,383.00366,17325.9705,24.220951,-20.676733,-12.901159,122.063193,-63.770739,-63.380108,-104.885267,True
226,1,3238,l,2,2,10,1231.4264,11703.4537,17.477992,-13.697585,10.961745,68.87614,-61.897581,-53.894311,-17.814901,True
226,1,3244,r,4,3,67,1244.3638,11635.7878,13.306411,12.846711,3.496893,94.346515,-63.287992,44.619154,-51.024999,True
226,1,3343,l,2,2,10,2733.5715,6305.80724,12.397654,-11.069547,5.617907,-23.687194,-61.738623,-61.369854,-30.297372,True
226,1,3351,r,5,1,12,914.4857,14832.3142,29.908701,26.565051,14.272219,61.25,-80.145255,114.375,-15.087372,True
226,1,3388,l,2,2,10,1242.8145,10335.3745,11.920434,-8.881143,7.983355,-72.412704,-67.085133,-56.63012,-15.641939,False
226,1,3400,l,2,4,4,1628.3572,9552.7377,5.072654,-4.745834,1.793387,-289.936485,-71.540307,-48.146548,-53.319599,False
226,1,3405,r,5,3,18,1872.3174,7761.29967,13.678224,13.11593,3.916002,-130.898152,-71.326607,98.069436,-41.742797,False
226,1,3420,r,3,4,3,2367.3623,6417.96282,4.250609,3.062604,2.948969,-130.415197,-64.901693,22.493678,-43.213146,False
226,1,3426,r,4,4,54,1970.9697,7625.13183,9.709596,9.051832,3.527652,-236.648439,-76.383436,83.901367,-43.507684,False
226,1,3431,r,4,3,67,624.6903,15363.812,17.000425,14.571185,8.854102,118.275719,-79.306459,44.638614,-51.667075,True
226,2,50,l,1,1,35,768.0857,15926.6011,32.63725,-31.038182,10.636485,58.913623,-81.624359,-139.060383,-30.973386,True
226,2,101,l,2,1,17,1249.4585,11955.9932,22.009,-17.947971,12.954149,40.768857,-78.629475,-80.729965,-18.367422,True
226,2,132,r,10,2,31,3572.4524,1685.32749,19.081323,18.801341,-3.317292,-71.973178,-77.757372,123.235172,-99.920829,True
226,2,139,l,2,2,10,1102.7325,11120.17,15.266176,-8.331792,12.837623,2.157884,-86.90149,-42.15475,-20.606867,False
226,2,149,l,7,2,46,2637.0872,5612.56796,10.778862,-8.788584,-6.26524,-40.938819,-63.567756,-51.164521,-100.332194,True
226,2,155,r,5,3,18,1223.4001,10929.87304,25.436362,24.689765,6.318906,47.540943,-73.890673,111.466235,-44.340574,True
226,2,156,l,2,3,24,631.0754,16931.6499,10.528746,-10.460157,1.20657,-108.974388,-73.170551,-73.658597,-64.62545,False
226,2,206,l,8,1,1,3605.5022,4092.78564,3.572096,-3.247869,-1.487814,-170.60284,-69.670196,-26.137737,-81.652719,True
226,2,217,l,2,2,10,1592.357,8772.98634,11.71353,-10.193111,5.802017,-31.668984,-66.440596,-57.837458,-33.231063,False
226,2,219,l,8,1,1,2681.517,6315.96732,3.323876,-3.243288,0.727877,-153.307981,-76.622145,-25.12075,-70.981089,False
226,2,291,l,7,1,27,417.16757,18579.2218,26.284728,-25.339441,-7.228781,122.880667,-71.801909,-79.137739,-95.255827,True
226,2,376,l,2,1,17,2843.5242,5299.22101,10.979504,-9.686164,5.194751,-201.712635,-73.878543,-83.927776,-28.528101,False
226,2,393,r,3,4,3,2701.771,4992.30074,6.792891,5.040327,4.559843,31.720242,-61.635754,22.779739,-40.957279,True
226,2,402,r,10,1,37,2907.8271,6290.72091,18.949575,18.044106,-5.886477,-32.887212,-66.394364,105.187281,-101.406446,True
226,2,414,r,4,1,63,3555.6194,3676.81491,7.754161,5.605788,5.366017,-289.878042,-72.539724,56.91668,-17.810357,False
226,2,417,l,1,4,48,2237.6072,7193.43012,18.392548,-18.125842,3.174621,-41.696711,-79.598381,-108.58081,-60.240403,True
226,2,432,r,4,1,63,1924.8058,7555.86963,8.063148,6.177627,5.191905,-223.339322,-68.307655,55.56369,-21.390798,False
226,2,463,l,3,3,23,2626.664,6223.87322,9.453458,-8.157907,4.792905,78.319347,-64.664056,-30.344923,-46.73369,True
226,2,469,l,1,4,48,2644.629,5969.90778,18.628508,-18.494839,2.267624,-75.128026,-74.628047,-122.133559,-59.38223,True
226,2,506,r,5,3,18,492.06876,18694.8722,30.006482,29.419195,6.191269,92.903423,-74.036979,111.145224,-49.490547,True
226,2,520,l,7,1,27,596.77875,14909.9189,26.3869,-25.832206,-5.577055,121.176719,-72.772958,-81.729465,-91.088131,True
226,2,562,l,2,3,24,3415.7095,4489.17894,7.994436,-7.287164,3.2965,-279.233707,-74.695729,-72.790908,-41.641824,False
226,2,569,r,3,4,3,1811.5217,8042.608,5.992768,3.886519,4.565109,-64.276037,-62.519516,24.068377,-34.167067,False
226,2,597,r,4,3,67,3559.7341,3877.17836,5.435189,5.126331,1.808518,-266.909544,-71.609998,49.960841,-53.95492,False
226,2,606,r,5,3,18,2861.4539,5144.10706,12.531654,12.462723,1.323092,-222.695659,-70.594622,113.311988,-58.467431,False
226,2,610,l,7,1,27,1385.3998,9798.9573,17.959276,-17.910443,-1.345732,55.471245,-73.58207,-75.797932,-79.372164,True
226,2,635,l,2,2,10,2766.3108,3243.23806,7.223393,-6.075634,3.914277,-212.937263,-68.220524,-53.532174,-33.61341,False
226,2,746,l,1,3,41,1557.7686,8884.45017,24.04105,-23.653784,4.426871,-5.378526,-70.505819,-129.378041,-45.540939,True
226,2,748,l,1,4,48,359.65027,22648.9793,30.728764,-29.809837,7.827367,90.351277,-71.504187,-114.385426,-39.873142,True
226,2,784,r,4,3,67,2333.6577,7088.78497,5.076552,4.673016,1.985709,-156.689348,-68.279884,36.512765,-52.741043,False
226,2,807,l,7,2,46,2648.9612,5014.86551,11.603561,-10.356946,-5.261045,7.08183,-71.486183,-51.705475,-97.969205,True
226,2,828,l,2,1,17,2507.6162,6392.0543,15.008521,-13.993619,5.480354,-61.564473,-72.650389,-87.613279,-37.888604,True
226,2,831,r,4,3,67,2791.2168,5742.95496,6.707663,5.809215,3.359237,-142.793695,-67.974131,44.031906,-42.439296,False
226,2,836,l,7,1,27,2225.9468,5445.96456,9.530063,-8.836172,-3.58416,-161.691358,-68.97804,-70.217544,-97.610504,False
226,2,843,l,1,4,48,427.0855,20375.5342,31.031784,-30.744136,4.438277,116.039073,-70.69369,-103.471772,-54.983251,True
226,2,847,l,1,3,41,2808.884,6394.36005,18.572605,-18.526673,1.328921,-95.616434,-68.353789,-129.225098,-58.91924,True
226,2,896,r,4,3,67,370.67426,18082.9463,17.014053,15.858454,6.244115,144.353814,-69.37655,41.37425,-52.810322,True
226,2,921,l,7,2,46,493.62207,16204.31,19.087349,-17.963709,-6.5615,143.930293,-69.708455,-47.358659,-87.370844,True
226,2,946,l,2,2,10,1865.4198,8467.09491,8.083019,-6.019228,5.404784,-126.467116,-75.65811,-43.91377,-36.036849,False
226,2,949,r,4,1,63,2230.686,6493.16033,11.859782,9.653135,6.922874,-27.327855,-78.174521,53.974739,-39.091708,True
226,2,975,l,7,2,46,3508.9805,2653.77503,5.347082,-5.162828,-1.393467,-222.045213,-73.266727,-46.264833,-85.773167,False
226,2,988,r,4,4,54,2619.3904,5972.82924,7.134696,7.010928,1.326484,-204.780568,-68.303307,60.847209,-56.760029,False
226,2,1019,r,4,4,54,3199.6653,5159.7418,6.86304,6.748726,1.250302,-275.351947,-70.714155,66.901064,-58.289057,False
226,2,1043,l,6,1,57,305.75888,20426.3665,32.007574,-31.293531,-7.092915,68.626139,-68.018205,-134.563186,-100.253674,True
226,2,1055,l,7,2,46,273.3701,20801.1252,17.870407,-17.442172,-3.950615,114.513223,-77.976976,-55.136106,-90.680318,True
226,2,1091,l,7,2,46,1487.0002,8457.09488,7.337222,-6.77497,-2.823439,-148.044635,-74.691877,-52.039585,-96.44738,False
226,2,1113,r,4,3,67,2839.8882,5258.8842,5.302089,5.014319,1.725212,-188.521344,-69.033507,41.985702,-54.565198,False
226,2,1118,r,4,4,54,2230.1965,6812.11568,13.06476,12.40043,4.145669,3.948143,-65.305818,62.894831,-44.076922,True
226,2,1125,r,4,3,67,1472.9227,8479.74164,10.041125,9.730653,2.489637,67.254476,-68.695161,38.197252,-58.868878,True
226,2,1140,l,1,4,48,592.1793,17172.2212,31.056509,-30.538061,5.945436,88.318894,-82.148204,-118.979781,-57.76231,True
226,2,1154,r,10,2,31,1305.9879,12262.2016,30.338816,29.919059,-5.279779,63.165629,-66.460087,130.535969,-90.645273,True
226,2,1162,r,10,2,31,2531.6562,6695.75017,20.568356,20.182936,-4.048483,-41.495257,-76.365123,121.854425,-101.362359,True
226,2,1165,r,5,1,12,1586.878,10596.6818,26.078106,24.733714,8.538343,33.914689,-68.411217,117.968694,-26.080459,True
226,2,1172,r,4,1,63,683.0634,14631.6275,8.676252,4.738398,7.276388,-198.814601,-75.700236,40.517694,-13.072334,False
226,2,1177,r,4,1,63,2972.736,5323.56009,7.46945,6.106706,4.309434,-240.943196,-69.613279,56.804311,-29.375212,False
226,2,1222,r,5,3,18,609.046,16625.7219,17.84161,17.578084,3.104574,-87.214408,-74.668522,119.500671,-53.207002,False
226,2,1228,r,4,4,54,1920.4594,7374.831029999999,14.316963,14.198645,1.856,23.989744,-65.248747,67.304248,-56.357151,True
226,2,1236,l,1,4,48,1307.7943,10569.8403,14.912751,-14.40871,3.885736,-101.300199,-75.910255,-100.532225,-48.468786,False
226,2,1268,l,2,2,10,3418.518,4697.28133,8.487815,-5.233041,6.69201,-158.784614,-76.630294,-41.103562,-23.753273,True
226,2,1280,r,5,3,18,2353.5173,7863.62745,18.563516,17.898611,5.00649,-20.229063,-71.143921,100.19295,-42.584774,True
226,2,1289,l,5,2,5,561.2869,7555.7975,11.243296,-9.690177,5.729394,-23.701698,-72.158259,-53.566664,-40.228555,False
226,2,1291,r,5,3,18,2776.3936,6956.89633,18.100798,17.984092,2.086932,-68.060011,-69.477541,116.230853,-55.759629,True
226,2,1305,l,2,1,17,2944.5347,4632.93008,9.646168,-8.135495,5.20042,-241.334498,-74.470405,-75.955962,-25.619628,False
226,2,1322,l,2,3,24,928.70575,13422.6154,14.605729,-14.053834,4.017737,-60.377803,-68.66094,-87.708752,-43.291791,False
226,2,1333,r,5,1,12,2291.1309,7389.009,21.584631,19.742344,8.905322,-43.02405,-78.514969,119.517619,-23.074366,True
226,2,1346,l,1,2,29,1793.4437,9889.9421,23.783318,-22.146321,8.898074,14.071237,-61.505617,-112.302992,-14.864867,True
226,2,1352,r,8,2,20,3810.5317,3435.99524,3.649848,3.570875,0.755634,-99.811903,-67.917424,24.325956,-62.766169,True
226,2,1382,l,2,4,4,2913.686,4001.68731,5.900095,-5.682753,1.589251,-172.105482,-63.42485,-45.983779,-50.540517,False
226,2,1398,l,2,2,10,278.60968,22919.1267,22.29628,-20.789691,8.241621,133.529671,-61.634961,-59.405288,-37.392787,True
226,2,1436,l,2,4,4,1298.6425,10915.92055,7.904363,-7.819899,1.156047,6.408291,-65.938045,-38.947577,-60.161569,True
226,2,1448,l,7,2,46,342.79395,18599.1271,17.817704,-15.764168,-8.411818,109.561706,-62.088435,-50.937033,-89.814088,True
226,2,1449,l,7,2,46,2585.3066,4618.27583,9.969253,-9.227934,-3.788882,3.694567,-73.177095,-46.514619,-92.386283,True
226,2,1479,l,2,4,4,2876.3032,5045.47456,8.369083,-8.352044,0.535673,-73.494244,-66.033484,-53.365322,-62.598553,True
226,2,1487,l,1,4,48,2192.224,6899.042100000001,12.922012,-12.340316,3.863493,-171.395141,-73.690062,-100.940559,-41.793682,False
226,2,1511,l,7,2,46,2385.4526,5631.33061,13.458055,-12.405459,-5.25905,-1.110911,-72.1396,-64.033964,-99.575896,True
226,2,1532,l,6,1,57,1751.7925,5799.62672,15.759963,-15.513888,-2.808823,-222.241874,-69.749417,-142.19097,-95.831578,False
226,2,1534,r,5,3,18,755.526,15114.0546,12.791212,12.267768,3.649823,-207.749326,-66.797628,108.233618,-34.305372,False
226,2,1537,l,2,4,4,2574.972,6154.09022,10.677751,-10.644946,0.841225,-9.674548,-67.633803,-56.325918,-63.156569,True
226,2,1593,r,4,3,67,3201.8127,5031.173621,9.343078,8.741152,3.312196,-92.84446,-78.342462,58.864878,-55.925656,True
226,2,1597,l,2,2,10,1740.1147,9263.02866,9.70147,-6.8604,6.876032,-142.52045,-67.645546,-52.037437,-15.112261,False
226,2,1601,l,3,1,16,2911.536,5497.02153,7.487717,-4.288358,6.143814,-92.920962,-56.748658,-28.713727,-15.414301,True
226,2,1692,r,4,3,67,1950.8241,7022.69984,12.831775,10.498245,7.420211,49.263557,-78.269611,44.610233,-46.383287,True
226,2,1706,r,4,4,54,3311.082,5028.02717,8.707642,8.665461,0.85934,-259.885285,-67.772284,83.805058,-59.429079,False
226,2,1710,l,7,1,27,666.5965,13787.729,21.783708,-20.764709,-6.735144,111.243791,-81.779152,-67.777153,-104.355833,True
226,2,1712,l,1,3,41,1218.024,11813.7967,26.913714,-26.548476,4.588681,41.31075,-72.272422,-124.25471,-49.960122,True
226,0,20,l,1,4,48,1215.445,11356.984,26.756199,-26.253141,5.357753,54.101586,-69.829719,-116.3483,-45.16169,True
226,0,26,r,4,4,54,1495.8833,9299.3759,8.510457,8.348025,1.660691,-205.148392,-67.679532,72.658256,-53.170132,False
226,0,62,l,1,4,48,2304.106,8467.83352,20.719004,-20.645134,1.787472,-29.706917,-67.362526,-120.457441,-56.700622,True
226,0,103,r,4,1,63,2208.8445,6695.31888,6.951249,4.966896,4.869215,-200.560382,-73.447413,42.63288,-31.499534,False
226,0,121,l,2,2,10,2611.6433,6818.2094,12.188657,-8.80074,8.466152,3.684212,-67.083135,-44.327814,-23.958121,True
226,0,182,r,10,1,37,1503.8007,10079.8918,23.933137,22.588327,-8.125486,57.137536,-68.683736,96.875633,-104.692982,True
226,0,188,l,6,1,57,736.7395,14378.7828,29.525969,-29.276914,-4.008625,59.514085,-73.952983,-129.220576,-92.470273,True
226,0,195,l,1,4,48,809.9129,13434.9956,18.456395,-18.181214,3.230274,-62.402608,-73.764784,-115.736059,-52.830469,False
226,0,195,r,1,4,48,809.9129,13434.9956,30.236095,29.958295,4.293477,-40.607235,-72.178767,190.555448,-43.530401,False
226,0,219,l,1,4,48,2638.603,5504.47883,12.841741,-12.646697,2.248047,-203.828319,-68.961729,-110.80637,-49.094004,False
226,0,254,l,1,3,41,2227.5227,7099.85584,22.896728,-22.411495,4.814561,-54.658485,-72.136129,-142.138879,-40.734346,True
226,0,257,l,7,1,27,2199.8137,6367.591280000001,13.57114,-13.342538,-2.503245,-51.586341,-74.738689,-81.015409,-90.086322,True
226,0,343,l,1,2,29,678.4253,17186.9399,17.050391,-15.976647,6.034228,-120.250422,-66.666439,-117.456477,-21.557186,False
226,0,366,l,8,1,1,1782.9509,8660.28303,4.527367,-4.259833,1.534671,-61.333546,-70.448122,-26.16922,-61.009307,False
226,0,398,r,5,3,18,1556.5759,9442.35899,13.314836,12.755463,3.850829,-169.122913,-71.275599,103.934927,-39.589595,False
226,0,430,l,1,4,48,3380.7122,5382.79225,17.391551,-17.209429,2.549158,-108.121366,-74.315434,-123.310952,-55.760112,True
226,0,440,l,7,4,39,312.05627,18486.1856,17.469191,-13.527733,-11.158,86.969365,-66.267754,-48.847292,-107.456979,True
226,0,512,l,2,4,4,1680.61,8807.2853,5.818464,-5.359446,2.268455,-184.960314,-72.751731,-44.557807,-53.854651,False
226,0,531,r,4,3,67,721.3598,13014.6923,12.981473,12.904093,1.427449,111.201718,-70.592512,40.963715,-66.02163,True
226,0,566,l,2,2,10,2723.9587,6088.57001,6.689933,-4.646737,4.818089,-241.817676,-74.563011,-43.225681,-29.588116,False
226,0,588,l,2,1,17,1494.2734,9807.8555,10.999231,-9.912761,4.790595,-164.913881,-72.517257,-79.499593,-33.814478,False
226,0,589,l,7,1,27,2118.7917,5411.38918,8.723191,-8.596995,-1.484013,-180.735988,-71.395032,-71.166869,-83.728827,False
226,0,597,r,4,1,63,2933.6565,5303.56166,7.326051,5.532066,4.810327,-160.798354,-66.892772,43.661591,-28.778833,False
226,0,623,l,1,3,41,1980.2467,6874.0416700000005,18.162056,-18.017865,2.32291,-126.532701,-75.502824,-135.483279,-57.734984,False
226,0,623,r,1,3,41,1980.2467,6874.0416700000005,33.106752,32.983959,3.024809,-144.42017,-78.916116,281.942868,-51.54965,False
226,0,638,l,2,2,10,1723.012,10896.6461,15.58713,-10.568005,11.523421,20.807362,-74.023685,-50.222463,-18.194237,True
226,0,641,l,1,4,48,2275.0356,6644.68733,18.770013,-18.572829,2.76273,-11.572094,-64.930495,-101.331038,-49.578236,True
226,0,658,l,7,1,27,282.58887,20358.3069,24.55384,-24.177336,-4.418207,99.396962,-70.537899,-85.569794,-86.680967,True
226,0,673,r,4,3,67,1866.203,7165.00534,4.633935,4.381481,1.510109,-255.767629,-71.402628,41.817084,-56.972666,False
226,0,677,l,1,4,48,2341.4377,7214.01656,18.438972,-18.160152,3.249719,-16.641383,-71.903837,-100.582296,-53.580274,True
226,0,679,l,2,2,10,2188.633,8482.52994,7.105144,-4.919244,5.13312,-272.818964,-76.375001,-48.441032,-25.629884,False
226,0,700,r,4,2,59,2392.1252,6850.21453,17.322238,13.622128,10.803245,-37.418891,-79.244552,79.344828,-14.958479,True
226,0,746,r,3,4,3,951.7442,12189.8882,4.763161,2.195018,4.22828,-279.326351,-73.111278,21.821735,-30.989122,False
226,0,782,l,7,2,46,1303.4072,9232.0099,12.780201,-11.71816,-5.136867,60.899658,-67.202879,-47.520134,-88.23651,True
226,0,786,r,4,3,67,1438.0547,8993.6088,6.445865,6.40349,0.739432,-104.80356,-69.939935,44.308668,-64.812519,False
226,0,805,r,10,1,37,1594.0046,7812.360500000001,25.106457,24.105581,-7.237842,64.250124,-75.695675,101.009189,-107.105087,True
226,0,825,r,5,3,18,890.2715,14247.991,28.758904,27.846493,7.492928,74.569564,-75.99991,113.807088,-43.954181,True
226,0,846,r,4,2,59,2634.5889,6970.21521,8.250002,6.322312,5.310889,-277.598939,-71.195848,62.887243,-18.109621,False
226,0,883,l,7,2,46,1844.3474,6677.16556,6.486517,-5.479886,-3.476008,-137.139686,-73.345267,-40.977537,-99.409843,False
226,0,887,r,4,3,67,3224.3018,4442.15358,6.689013,5.693026,3.517543,-87.64793,-76.987211,37.647849,-53.65814,True
226,0,915,r,4,1,63,2737.7568,6150.1131000000005,6.230465,5.149357,3.512272,-252.126596,-71.899939,48.854281,-38.490672,False
226,0,918,r,5,3,18,1473.5775,10770.9949,20.873851,20.780916,2.012559,-27.585275,-64.86687,120.518296,-52.9303,False
226,0,923,r,4,2,59,2039.1743,7483.6312,7.721807,7.153117,2.916069,-244.794314,-64.799088,67.115693,-37.343517,False
226,0,945,r,4,3,67,3578.8813,3655.31928,6.333066,6.145105,1.534418,-85.157235,-66.20339,40.391478,-56.095958,True
226,0,997,r,4,1,63,3257.4346,5733.0960700000005,7.468575,4.659368,5.843394,-287.787775,-73.778348,47.090313,-14.450596,False
226,0,1007,r,4,3,67,3798.321,3613.84479,4.147658,3.974058,1.188357,-268.130797,-76.189866,38.774375,-64.584257,False
226,0,1032,r,8,4,14,3667.4546,3327.97861,5.63968,4.967441,-2.673658,-12.064814,-84.61667,26.254289,-98.775684,True
226,0,1033,r,5,1,12,1238.1284,10608.1977,16.304108,14.354945,7.813046,-101.233018,-79.116428,100.123701,-23.703332,False
226,0,1035,l,2,4,4,414.09174,18288.2533,12.695191,-12.674663,0.727648,71.792653,-68.259195,-49.073763,-65.418625,True
226,0,1040,r,4,2,59,539.3464,16763.0209,22.827449,21.227887,8.595713,132.419983,-63.342862,61.209512,-37.789319,True
226,0,1052,r,4,1,63,2195.2183,6407.6333547,15.356728,10.889015,10.894694,-18.178743,-75.712151,59.284598,-15.308305,True
226,0,1083,l,7,2,46,280.63083,19804.9313,16.041609,-15.160772,-5.305142,129.953581,-64.929362,-43.366007,-80.326802,True
226,0,1105,r,4,1,63,2652.4275,6184.66348,11.092425,7.812014,7.899492,-25.872044,-71.618959,43.336569,-27.380381,True
226,0,1132,r,4,1,63,1528.4109,9016.323,6.589371,4.584443,4.738212,-231.045395,-72.791558,41.779925,-29.465343,False
226,0,1156,r,4,2,59,2052.7153,6732.20412,10.450013,8.411427,6.223304,-225.524495,-71.664084,76.231095,-14.836753,False
226,0,1202,l,1,3,41,2234.549,7406.50831,23.35471,-23.173255,2.989216,-30.659629,-72.004576,-137.257754,-53.790507,True
226,0,1286,l,1,1,35,3568.4656,5249.85319,17.532432,-16.480693,6.065812,-187.209839,-68.505397,-141.181095,-15.62165,False
226,0,1314,r,5,1,12,3746.3967,4252.81741,13.686767,12.519046,5.576544,-207.807786,-73.969409,110.534957,-24.180906,False
226,0,1338,l,2,4,4,2503.6917,5661.83778,7.360805,-7.117416,1.882041,-90.762956,-75.673107,-47.544075,-63.064217,True
226,0,1343,l,1,4,48,2540.1594,6028.17059,14.391168,-14.25977,1.960713,-97.202633,-74.220839,-98.407227,-60.543838,True
226,0,1348,l,7,2,46,923.0507,12128.5828,17.634649,-15.952872,-7.615438,127.704539,-79.625236,-46.39304,-102.193739,True
226,0,1380,r,4,4,54,1922.0133,7068.31604,7.812991,7.585003,1.879154,-250.796103,-79.030564,72.013536,-61.130861,False
226,0,1395,r,3,4,3,3634.759,4147.97739,3.860599,3.208559,2.148068,-102.94548,-57.478808,22.027946,-42.716896,True
226,0,1400,l,7,2,46,2430.8118,5671.7793,5.726153,-5.665918,-0.829729,-153.613421,-77.198124,-44.012013,-83.654303,False
226,0,1438,l,2,2,10,3155.8267,2212.50972,6.430484,-5.090114,3.934797,-198.329403,-63.808334,-43.497309,-30.086427,False
226,0,1453,l,2,1,17,2862.0625,6305.74157,10.540723,-9.311617,4.961639,-240.595824,-72.197522,-86.998869,-25.519265,False
226,0,1463,r,10,2,31,4134.1196,3811.65948,16.981178,16.870232,-1.966754,-177.925299,-71.175669,141.901069,-87.966757,True
226,0,1478,l,1,2,29,578.2658,19249.52363,31.115431,-29.570059,10.154915,97.672044,-67.772454,-109.124587,-28.164604,True
226,0,1490,r,4,3,67,2528.682,6771.80924,7.178357,7.106836,1.013392,-163.041684,-69.821671,56.484214,-61.745828,False
226,0,1527,r,4,3,67,2990.9905,5368.10943,6.452715,5.752379,2.928568,-80.339656,-72.446212,37.306775,-53.404594,True
226,0,1529,l,2,2,10,1106.3597,12414.869,8.021238,-6.521966,4.679628,-253.496174,-68.634236,-62.134645,-23.855468,False
226,0,1537,l,6,1,57,1181.9873,9359.81404,28.111902,-26.836235,-8.701943,48.46431,-64.872411,-122.200249,-106.303004,True
226,0,1540,l,7,2,46,2269.7727,6755.68489,13.398313,-12.807247,-3.968947,22.448131,-76.081084,-60.821881,-95.118036,True
226,0,1543,l,1,2,29,2435.4512,6739.62829,13.324935,-12.006648,5.821701,-201.600607,-67.993868,-104.552556,-16.749731,False
226,0,1562,l,2,1,17,1966.6781,8332.84804,11.912941,-11.282976,3.847668,-150.256591,-68.385351,-87.835919,-38.192075,False
226,0,1568,r,4,3,67,2013.3606,7163.89556,4.490395,4.076754,1.884069,-262.681036,-71.088723,39.391295,-52.862131,False
226,0,1577,r,5,3,18,363.55206,20031.4387,29.348478,29.279687,2.103617,98.945209,-67.525695,107.1259,-59.480068,True
226,0,1583,l,1,2,29,2284.0862,8423.51514,20.274464,-18.492087,8.461905,-26.292789,-71.839333,-105.781515,-22.222173,True
226,0,1585,l,7,2,46,3570.5303,3487.2202,7.866531,-7.761368,-1.285923,-106.762778,-72.566187,-54.077229,-81.554807,True
226,0,1595,l,1,4,48,1882.3967,9160.87404,13.911218,-13.819668,1.609083,-183.01823,-68.891016,-116.356609,-55.20726,False
226,0,1626,r,5,3,18,1788.904,8261.38725,21.967975,21.649584,3.819507,29.491883,-70.306675,103.403336,-51.594669,True
226,0,1638,r,4,2,59,2283.1824,6599.57664,14.860913,12.608678,7.930179,-24.07518,-78.478129,70.254068,-33.646803,True
226,0,1659,r,10,2,31,2706.27,5637.36367,20.969511,20.669564,-3.614034,-33.918623,-69.167567,122.202052,-91.033958,True
226,0,1673,l,2,3,24,2441.297,7016.64635,11.91383,-11.207722,4.066676,-155.407375,-73.090859,-88.255424,-40.808379,False
226,0,1704,r,4,3,67,2985.455,4950.55787,9.977244,9.051631,4.214432,-58.684031,-75.133603,55.548262,-49.115543,True
226,0,1749,l,2,3,24,1984.1538,7956.166223,10.837585,-9.915815,4.395821,-92.82015,-78.869365,-66.921705,-48.994776,False
226,0,1762,r,4,1,63,498.26025,16308.3442,18.788333,15.59973,10.604176,116.174048,-74.851024,48.532194,-41.062633,True
226,0,1780,l,2,3,24,261.35275,21262.0363,20.950616,-20.129231,5.933282,112.276759,-76.404308,-65.140301,-56.732475,True
226,0,1782,l,2,3,24,3014.4177,6098.82115,7.409794,-7.393407,0.493905,-237.947671,-68.398933,-68.506656,-63.809618,False
226,0,1800,l,2,3,24,2820.0764,5556.11627,8.41376,-8.080434,2.352593,-219.060974,-69.152711,-72.272754,-48.02894,False
226,0,1830,l,7,1,27,1382.9742,9229.85803,18.299945,-17.562475,-5.225763,47.960682,-68.19615,-76.604957,-91.415482,True
226,0,1849,r,4,4,54,3160.6294,4684.25178,9.622972,9.459465,1.774478,-88.904071,-74.616341,63.13126,-62.715922,True
226,0,1853,l,1,2,29,2426.3364,7133.80942,19.357687,-16.887584,9.603155,-32.31606,-76.504255,-97.850818,-19.51264,True
226,0,1870,r,10,1,37,635.997,15672.6966,27.660673,26.56081,-8.019762,99.875761,-67.27077,95.044527,-97.218542,True
226,0,1886,l,2,4,4,366.70163,20558.596,15.220689,-14.464387,4.789629,86.25,-64.63306,-52.558239,-47.001983,True
226,0,1908,l,7,2,46,681.1529,14419.8743,13.912301,-13.795768,-1.814605,41.963587,-72.491827,-60.904162,-80.583402,True
226,0,1913,r,4,4,54,2514.1772,6030.51795,8.712012,8.607309,1.351722,-231.63183,-74.6545,78.957461,-62.205667,False
226,0,1950,r,10,1,37,1151.5822,13086.6956,28.702093,27.630918,-8.093686,101.184298,-66.027226,98.840236,-96.334943,True
226,0,1952,r,10,1,37,2668.3374,4507.53934,10.990828,10.827525,-1.898955,-209.098757,-74.477501,95.456699,-91.325137,False
226,0,1960,l,1,4,48,2558.0671,5725.14123,17.593621,-16.944455,4.806099,-32.869267,-67.212595,-98.368884,-38.833911,True
226,0,2005,r,4,1,63,3386.4338,4664.79897,8.910792,6.229098,6.384466,-100.703478,-70.634485,42.644755,-26.657687,True
226,0,2007,l,2,3,24,2360.96,6228.83294,10.770646,-10.698776,1.249478,-183.479781,-73.04566,-89.454457,-62.535919,False
226,0,2024,l,1,3,41,854.34875,13483.6732,18.763625,-18.33116,4.07592,-89.546574,-69.887126,-125.752063,-41.395393,False
226,0,2035,l,2,4,4,3404.8318,5057.94803,6.581251,-6.546997,0.67205,-127.450951,-66.082477,-47.909424,-61.153622,True
226,0,2059,l,7,2,46,265.1405,20196.9333,19.624575,-18.166237,-7.552363,97.418207,-70.478838,-63.191944,-97.351216,True
226,0,2078,r,4,1,63,715.8801,15126.0519,17.271405,13.339734,11.071645,123.283161,-63.383277,39.532288,-29.855806,True
226,0,2109,r,10,1,37,2972.2344,5587.4919,16.929336,16.50108,-3.837487,-29.500935,-66.690951,94.64704,-89.042723,True
226,0,2141,l,1,4,48,805.8566,15164.6973,20.46532,-19.941585,4.696911,-33.245391,-68.425735,-117.278619,-40.173706,False
226,0,2180,r,10,2,31,3284.9043,4810.21304,15.824069,15.60976,-2.628376,-199.387783,-72.648528,136.729389,-95.974716,False
226,0,2188,r,10,3,43,469.0882,18387.5781,31.57548,29.085365,-12.867426,120.386436,-66.461787,94.34896,-110.797952,True
226,0,2227,l,2,1,17,2264.8767,7706.21951,10.815672,-9.420498,5.337632,-162.170156,-72.679366,-75.022497,-29.855714,False
226,0,2241,r,4,3,67,2843.9883,4894.3512,7.781811,7.411637,2.378193,-28.331976,-68.154121,41.409854,-54.822037,True
226,0,2267,l,2,1,17,2797.6711,6119.47527,10.196984,-8.942999,4.919163,-215.551129,-72.494792,-79.55595,-28.44798,False
226,0,2290,r,5,2,5,2861.073,6325.28548,21.42725,20.347332,6.863843,-96.219442,-76.64428,143.229735,-27.059903,True
226,0,2342,l,2,2,10,2642.7444,6283.22445,8.525302,-5.165836,6.791176,-212.884731,-76.897004,-45.463775,-16.765944,False
226,0,2359,l,2,4,4,444.8495,19218.6341,16.710724,-15.849046,5.366068,73.757276,-84.547005,-61.3905,-63.432577,True
226,0,2360,r,4,1,63,910.45807,12682.2574,17.247016,12.869062,11.58084,97.114544,-79.257051,44.067063,-38.712145,True
226,0,2368,r,10,1,37,3002.557,5761.7912400000005,15.207451,14.747553,-3.753511,-132.87904,-68.807587,111.31545,-97.495641,True
226,0,2369,l,3,1,16,3420.8398,5960.6817200000005,17.31161,-15.995614,6.708851,110.961023,-39.730409,-51.323768,-17.821887,True
226,0,2392,l,7,2,46,3073.5776,4345.60166,7.634162,-7.260179,-2.366481,-52.490698,-74.555711,-43.632152,-88.824012,True
226,0,2487,l,1,2,29,3872.0713,3905.3826,15.397836,-14.342181,5.662882,-171.012674,-72.037031,-117.87217,-24.852905,True
226,0,2493,l,7,2,46,1969.9226,7552.17625,6.735343,-5.667292,-3.64555,-131.743293,-64.463948,-41.852434,-91.466397,False
226,0,2501,l,1,2,29,801.21234,15330.194,27.584978,-25.995863,9.566902,56.33476,-75.666003,-113.945269,-31.850292,True
226,0,2510,l,2,1,17,641.2408,17284.482,26.246762,-23.943661,11.083626,109.700716,-70.566071,-80.062074,-31.920631,True
226,0,2570,r,4,2,59,1455.414,9880.90636,20.565186,17.161286,11.507006,50.762296,-71.917128,73.87934,-20.943764,True
226,0,2575,r,10,2,31,2618.7446,5810.86373,15.320329,15.077492,-2.748996,-176.169795,-72.080984,125.585823,-95.262569,False
226,0,2589,r,10,2,31,568.0332,17371.5234,31.755147,31.676661,-2.357236,99.619266,-81.227459,117.474435,-90.436328,True
226,0,2594,l,7,3,33,393.89923,18535.6521,26.909367,-23.717249,-13.097766,115.57296,-69.656846,-76.630756,-113.983917,True
226,0,2597,r,4,4,54,2424.0413,6892.8894,12.574519,12.316442,2.55433,-22.659525,-67.120053,68.264795,-52.843404,True
226,0,2643,r,8,4,14,3745.1875,2971.88192,2.378446,2.068013,-1.175128,-285.029126,-72.350562,20.763909,-84.153669,False
226,0,2684,l,7,1,27,1055.2913,10367.4231,18.103156,-16.627249,-7.262891,72.962407,-60.698266,-64.814126,-89.5656,True
226,0,2687,r,5,2,5,2598.4785,6660.08419,20.427497,19.388194,6.560285,-68.198715,-76.707706,126.058723,-33.037823,True
226,0,2689,r,4,1,63,3408.169,5039.88835,8.164733,5.967491,5.582541,-71.856662,-73.343343,37.825098,-37.781601,True
226,0,2701,r,3,2,9,1125.4904,12795.8438,3.684348,3.451903,1.288719,-163.330344,-66.388225,27.344917,-56.171487,False
226,0,2710,l,2,4,4,3494.0962,4167.82215,5.507085,-4.897383,2.52173,-271.301472,-76.307551,-48.094689,-51.496735,False
226,0,2714,l,2,4,4,478.56912,17728.5324,17.406471,-16.147628,6.587518,136.765312,-74.024663,-44.366944,-55.601819,True
226,0,2717,l,2,1,17,3469.065,4693.50531,7.947104,-7.216762,3.336729,-233.391874,-65.770977,-66.275337,-35.012077,False
226,0,2719,r,5,2,5,1014.36194,12731.2284,31.671771,29.373494,12.412911,66.149372,-72.759167,125.996945,-16.221033,True
226,0,2769,l,8,1,1,3008.8774,4685.48673,3.107897,-3.079701,0.417886,-143.637838,-67.999158,-23.33091,-64.831794,False
226,0,2809,r,4,2,59,1241.3138,8477.64789,17.832878,15.543289,8.851684,-11.834722,-75.490172,83.951813,-26.700532,False
226,0,2825,r,4,2,59,375.73657,18748.4424,26.11374,21.877259,14.623689,126.234369,-69.232558,65.757871,-23.186449,True
226,0,2853,r,4,2,59,1933.737,8833.496200000001,13.092962,10.985444,7.167806,-102.23654,-69.367141,76.13965,-19.11928,False
226,0,2872,r,3,4,3,2216.6194,7613.78757,6.182327,5.183891,3.373354,9.290558,-58.086268,25.466987,-41.472106,True
226,0,2884,l,2,2,10,490.25497,19470.1563,23.515544,-17.086366,16.404422,127.669022,-65.921912,-49.897248,-15.924976,True
226,0,2930,r,4,4,54,1368.642,9127.30607,8.355182,8.179005,1.712568,-197.990363,-65.117008,70.137967,-50.376721,False
226,0,2933,l,7,1,27,3462.4602,3959.25177,11.115669,-10.888086,-2.251412,-99.869106,-77.333352,-74.992884,-92.94196,True
226,0,2955,l,3,3,23,2415.7153,7159.72775,12.169015,-11.615763,3.652712,-112.84695,-74.448388,-82.808111,-48.193599,False
226,0,2979,l,2,2,10,3037.455,5334.66761,9.958804,-7.747183,6.276904,-48.979657,-68.115035,-46.116131,-30.486179,True
226,0,3016,r,5,3,18,510.76575,19299.68301,29.449676,29.175202,4.200412,109.76688,-64.33738,100.626538,-49.177267,True
226,0,3041,r,8,2,20,2484.2139,6725.4016,2.404477,2.335925,0.570212,-221.170005,-67.230155,20.851746,-62.138554,False
226,0,3057,l,1,1,35,2426.6858,6936.56361,16.290114,-15.72932,4.29204,-163.412696,-66.6752,-127.698958,-31.322423,False
226,0,3070,l,1,3,41,2787.4822,6376.5279,14.770812,-14.585397,2.358768,-187.102785,-66.911372,-124.146127,-46.604345,False
226,0,3075,r,10,3,43,2741.0037,3567.241978,20.558364,19.134659,-7.662432,1.147775,-70.971085,100.219775,-112.105227,True
226,0,3115,r,5,3,18,2234.1533,6341.42654,19.994743,19.444884,4.74968,-28.483102,-76.536735,112.436111,-48.473981,True
226,0,3118,l,2,2,10,3116.3003,5913.17036,8.044037,-6.279812,5.037084,-224.79101,-66.43392,-56.649872,-20.785876,False
226,0,3128,r,4,3,67,2084.9902,7027.38008,9.516321,9.123547,2.717311,28.765945,-74.052973,41.953039,-61.495514,True
226,0,3150,l,1,2,29,1758.8641,9633.501,16.067274,-15.117284,5.507505,-137.305074,-76.157021,-115.434056,-33.478809,False
226,0,3160,l,7,2,46,1782.8153,6963.66575,11.120106,-9.648887,-5.554104,-19.097866,-69.971877,-52.551312,-100.460542,True
226,0,3202,r,4,4,54,3219.4954,5784.1986,8.097738,7.855839,1.970667,-252.158889,-68.822418,74.804887,-49.990981,False
226,0,3239,r,10,3,43,3145.9768,3304.96217,18.593136,17.008356,-7.624986,-29.574458,-79.158941,97.754683,-123.897918,True
226,0,3244,l,7,2,46,2373.9248,5595.77726,12.390475,-11.180233,-5.375328,-19.651438,-69.850919,-61.201625,-99.550711,True
226,0,3245,l,2,3,24,2415.0046,6637.41795,8.76854,-8.564552,1.88741,-203.288653,-71.630979,-74.290752,-55.192107,False
226,0,3265,l,7,2,46,410.369,18175.5152,25.841551,-24.878044,-7.22455,159.859723,-71.407558,-60.348501,-89.592191,True
226,0,3275,l,1,3,41,1638.8938,8866.661,24.416364,-24.093868,4.078864,-9.275727,-80.211568,-133.834065,-56.833426,True
226,0,3283,l,1,4,48,2149.7908,9251.65189,21.886526,-21.359379,4.890373,-6.041561,-68.536808,-115.775366,-41.339104,True
226,0,3294,r,4,3,67,1113.3776,10425.8058,6.55541,6.398591,1.42826,-38.643677,-66.740354,36.855109,-58.494914,False
226,0,3311,r,4,2,59,3611.9895,3548.33077,10.118314,8.277521,5.839577,-204.833443,-77.748757,71.990132,-26.607277,False
226,0,3316,r,4,3,67,1361.6895,9240.4633,15.672344,14.865273,5.021419,75.985488,-72.778434,56.805982,-53.322826,True
226,0,3318,l,2,3,24,600.18,15601.4326,22.061485,-21.805331,3.436959,127.068912,-73.352809,-65.185372,-62.81336,True
226,0,3337,l,2,2,10,1656.1027,8789.7075,6.970606,-5.511405,4.274361,-143.901326,-68.838843,-41.86712,-36.258275,False
226,0,3341,r,10,1,37,2871.4824,5772.77126,13.321497,13.122369,-2.315113,-191.333719,-70.838816,112.207982,-90.820104,False
227,1,10,l,2,4,4,756.41595,13427.4093,17.863962,-16.362558,7.268667,77.913077,-70.302155,-62.270004,-42.109211,True
227,1,40,l,2,4,4,2710.4941,3521.8554,7.237329,-6.801574,2.4792,-202.933299,-73.420472,-58.792469,-51.92656,False
227,1,65,l,2,4,4,428.6023,17565.7241,12.622717,-12.525697,1.574651,90.331541,-71.738152,-44.359393,-66.115487,True
227,1,91,r,4,3,67,1152.8401,10233.9452,15.772181,15.024786,4.853894,77.477169,-68.815244,57.043872,-50.129062,True
227,1,95,l,2,2,10,1935.0223,7648.43279,9.298153,-8.043379,4.680154,-91.406625,-67.586583,-53.897708,-36.052026,False
227,1,110,l,7,1,27,2269.7021,5769.13145,12.302736,-12.031742,-2.587119,-33.04596,-68.793379,-68.852614,-83.717891,True
227,1,112,r,4,1,63,2948.0388,5699.57725,10.500285,7.425538,7.445026,-55.646936,-70.461358,45.048367,-24.911426,True
227,1,117,l,7,2,46,648.24567,13907.6085,20.259853,-18.120724,-9.21724,101.408965,-68.640802,-61.716561,-100.841152,True
227,1,131,l,2,4,4,3532.8848,4436.85291,7.291669,-7.180772,1.270201,-144.494986,-60.874387,-54.741345,-51.164246,True
227,1,137,l,2,3,24,1358.5122,10015.96074,19.21639,-18.302263,5.959354,66.546555,-75.299136,-73.909954,-50.730647,True
227,1,138,l,1,3,41,2440.5752,6482.27946,18.150513,-18.087309,1.539356,-111.806389,-68.997562,-131.232071,-57.638378,False
227,1,169,r,5,1,12,509.9376,18692.1695,31.528925,28.129086,14.864293,103.197729,-69.915765,99.865024,-13.695902,True
227,1,179,l,6,1,57,1910.004,7411.72883,24.678296,-24.555437,-2.539406,-16.100981,-76.954128,-139.856092,-91.879585,True
227,1,189,r,5,2,5,2769.0576,3399.50748,17.015857,16.378014,4.679753,-203.116451,-68.418855,144.926473,-26.345487,False
227,1,238,r,5,3,18,639.5398,16763.1347,32.296323,31.522936,7.418268,96.724779,-74.386973,118.545658,-44.865831,True
227,1,251,r,8,2,20,1961.6593,7271.8431,41.424523,38.87402,-15.605717,1.147811,-72.687768,232.858159,-176.319326,True
227,1,273,r,4,3,67,1957.7538,7900.75411,10.046149,9.849589,1.987383,29.65318,-75.199095,45.20179,-66.029831,True
227,1,282,r,10,4,50,2209.7903,6695.4509,25.631156,24.126442,-8.924246,0.71977,-71.809885,129.561547,-121.58331,True
227,1,289,l,2,4,4,1700.9714,8232.20465,9.227639,-8.142288,4.356657,-50.544653,-66.224381,-48.723142,-40.015822,False
227,1,314,r,10,1,37,2510.3958,6911.23242,21.883487,20.892586,-6.661302,32.762443,-61.263629,98.191335,-93.420249,True
227,1,349,r,4,4,54,2530.4124,6203.79838,7.978409,7.559402,2.559003,-282.667831,-79.223642,75.997242,-53.405151,False
227,1,351,r,4,1,63,3247.0244,3951.58545,10.113756,8.886252,4.848865,-67.328005,-65.609655,55.868233,-34.928799,True
227,1,360,r,4,1,63,424.3331,19059.14887,20.961737,18.05614,10.829958,123.413368,-72.524146,54.307794,-39.005061,True
227,1,369,l,7,1,27,781.4318,13282.6694,24.972412,-23.588649,-8.442505,103.294846,-73.731973,-81.525431,-103.970398,True
227,1,377,r,5,2,5,3476.05,4667.619000000001,18.458723,16.91047,7.510649,-161.976156,-77.185047,137.411074,-14.902734,True
227,1,395,l,2,3,24,1744.5156,8849.96384,7.373213,-7.124211,1.904889,-271.014047,-68.425663,-70.11875,-49.621811,False
227,1,410,r,4,3,67,1392.9519,9744.023535,15.647859,15.090846,4.186792,88.195284,-71.286955,54.416503,-55.986465,True
227,1,417,l,1,2,29,3440.9631,5136.38011,14.811437,-13.441141,6.28022,-157.330299,-69.266634,-106.908603,-18.65081,True
227,1,457,l,2,1,17,2250.7346,6984.140439999999,9.15961,-8.209325,4.076685,-260.849134,-78.104583,-79.470087,-38.438057,False
227,1,465,r,4,3,67,1292.0181,10089.0802,12.087134,10.698714,5.657689,48.049568,-77.061272,45.711386,-52.667814,True
227,1,467,l,1,2,29,1824.0544,9306.1824,23.83767,-21.09245,11.368825,-13.361301,-82.19934,-117.011461,-16.822545,True
227,1,476,l,8,1,1,2782.6465,5208.00996,5.160824,-5.116771,0.67377,-0.919959,-67.765176,-26.049749,-64.330255,True
227,1,483,l,2,2,10,1753.4149,8836.52655,7.349074,-6.208745,3.939693,-175.268867,-65.496846,-50.61623,-33.265098,False
227,1,495,l,7,1,27,265.85355,21021.2343,22.390061,-20.980484,-8.001582,116.655141,-64.73706,-66.473121,-90.834144,True
227,1,525,l,2,2,10,888.26904,13998.7569,16.244253,-12.842568,10.031884,68.404534,-74.291672,-50.518417,-34.085473,True
227,1,564,l,2,3,24,1224.554,10754.2925,20.215018,-18.372586,8.581387,51.613412,-78.863192,-79.174001,-40.957657,True
227,1,589,r,10,2,31,1620.7501,9212.3126,20.8425,20.73156,-2.196512,-66.132214,-72.961351,134.79537,-87.566557,False
227,1,664,l,1,4,48,1373.062,11285.6991,23.795687,-22.729626,7.237308,38.128428,-71.451192,-105.513219,-36.77258,True
227,1,674,l,2,2,10,2288.59,8437.17635,14.350066,-11.713751,8.3479,55.212319,-61.719964,-48.680961,-26.534899,True
227,1,699,l,2,2,10,513.04474,17427.5472,20.673613,-16.580395,12.526258,73.184652,-80.589903,-64.554689,-30.329003,True
227,1,720,l,1,1,35,685.59045,14333.3217,17.043326,-15.861903,6.316674,-211.964938,-72.36235,-142.627698,-14.597542,False
227,1,735,r,4,2,59,624.0844,15783.9216,23.748166,22.837496,6.695197,113.147681,-60.007891,74.478096,-37.481704,True
227,1,740,l,1,4,48,2674.4602,6420.293970000001,12.818213,-12.611224,2.313073,-168.687459,-66.636097,-102.623146,-47.650427,False
227,1,749,l,2,1,17,874.1972,14120.8171,24.611653,-21.458837,12.34787,72.294161,-66.713817,-85.575988,-15.506004,True
227,1,760,l,2,3,24,2387.257,5918.09868,10.225607,-9.36605,4.122114,-147.150512,-73.254248,-72.103695,-41.32364,False
227,1,789,l,2,3,24,2597.4343,6718.48786,10.621175,-10.097141,3.31224,-201.771319,-71.921126,-87.5725,-43.012629,False
227,1,792,r,5,1,12,1917.8351,9196.93675,13.629755,11.9692,6.567981,-209.329921,-71.197789,105.855334,-12.428419,False
227,1,794,l,2,3,24,2762.8318,5296.88065,6.768454,-6.746819,0.541995,-232.106592,-69.455202,-61.765999,-64.481699,False
227,1,810,r,4,1,63,411.73224,18945.6881,23.440173,19.180893,13.735454,115.28925,-64.872145,60.775399,-19.657668,True
227,1,852,l,1,4,48,2129.6782,6813.3791,13.858217,-13.48042,3.243979,-163.325569,-68.055299,-108.670003,-41.633465,False
227,1,855,r,5,3,18,1680.881,8655.77846,24.003377,23.686917,4.001912,31.193617,-70.29904,113.537583,-50.527159,True
227,1,906,r,8,1,1,517.5941,16212.5849,90.0,90.0,-0.016045,0.0,-77.373808,,,False
227,1,917,l,7,2,46,2101.767,7172.343085,9.099218,-8.696108,-2.688696,-123.127284,-76.434435,-63.188639,-96.060956,False
227,1,941,l,2,2,10,1736.1796,9669.81414,15.78057,-9.312259,12.796777,-10.789484,-83.839427,-49.322251,-14.60712,True
227,1,943,l,6,1,57,606.0357,16042.9147,33.950749,-33.409734,-6.420981,97.202828,-77.92804,-127.173314,-103.92031,True
227,1,978,r,8,4,14,2460.1863,4998.31006,3.021413,2.385127,-1.855289,-211.881141,-78.550942,20.904541,-94.822084,False
227,1,1030,l,5,3,18,1514.9929,8894.279199999999,31.532925,-28.779852,13.477344,-163.328505,-61.657473,-249.011907,62.299114,False
227,1,1030,r,5,3,18,1514.9929,8894.279199999999,13.831203,13.201919,4.161633,-148.90381,-67.261839,102.959472,-34.459305,False
227,1,1033,r,5,1,12,1822.1232,8310.1364,12.136988,11.043106,5.067068,-202.898452,-66.65293,96.194649,-22.123937,False
227,1,1036,l,7,2,46,3066.3499,4017.64179,8.450247,-8.010571,-2.699066,-41.357759,-80.356278,-46.631641,-96.131228,True
227,1,1065,r,8,4,14,3206.928,4396.78283,6.67857,5.895994,-3.142521,21.259348,-77.110741,27.752655,-91.943717,True
227,1,1100,r,5,2,5,1417.1411,9687.5829,15.430587,14.471914,5.412272,-222.672323,-72.65321,132.317995,-22.488914,False
227,1,1130,r,5,3,18,1155.3673,10864.5636,25.226428,24.940449,3.915034,61.072328,-71.244946,106.461191,-53.966612,True
227,1,1158,r,5,3,18,3354.9573,5019.18382,15.975276,15.461974,4.066991,-104.844906,-64.761646,109.218031,-35.633219,True
227,1,1163,r,8,4,14,3673.6868,3797.12014,5.659738,5.292539,-2.008267,30.130086,-78.468159,24.073274,-87.619572,True
227,1,1177,l,1,4,48,899.03046,12946.1257,17.473498,-17.308682,2.431807,-54.989927,-72.883602,-107.509744,-57.537441,False
227,1,1180,r,4,3,67,3235.76,4917.6276800000005,7.61635,6.028818,4.662884,-132.847285,-78.256371,44.658077,-43.575938,True
227,1,1186,l,2,2,10,906.2557,10790.1683,9.34694,-7.363513,5.773022,-28.567111,-66.889681,-41.168368,-34.414531,False
227,1,1199,l,2,2,10,1833.8816,8776.96161,17.171079,-13.22362,11.052783,48.487151,-64.175424,-56.751378,-15.714177,True
227,1,1207,r,4,3,67,2999.925,4767.67902,6.887286,6.146586,3.113102,-220.513001,-68.063989,54.977963,-40.137964,False
227,1,1208,l,7,2,46,2508.132,5336.6311,7.116919,-6.798981,-2.108383,-174.258489,-80.952982,-55.351102,-98.165635,False
227,1,1236,r,10,3,43,429.4053,18893.2459,32.424118,30.900066,-10.35005,107.421563,-72.418392,109.271226,-111.279007,True
227,1,1254,l,7,3,33,2530.5183,3734.37113,17.289244,-15.343308,-8.066332,-20.857165,-78.168412,-85.2935,-123.851853,True
227,1,1257,l,2,4,4,1186.055,13390.52646,9.778551,-9.059139,3.696779,-100.422044,-72.671916,-62.249933,-47.12787,False
227,1,1301,l,1,4,48,299.93723,22697.5628,30.550896,-30.404329,3.143152,103.5649,-71.291715,-109.39976,-59.421472,True
227,1,1357,r,4,3,67,2499.1467,4885.60426,7.268681,6.683116,2.864776,-63.790936,-64.025217,41.455191,-46.199871,True
227,1,1412,l,2,4,4,1229.0101,9431.8078,14.25277,-13.522459,4.54642,78.711028,-75.247362,-50.813597,-57.967273,True
227,1,1460,l,7,2,46,330.6761,19443.7234,21.109714,-18.75552,-9.867112,137.217237,-64.894874,-51.879175,-92.959636,True
227,1,1465,l,1,3,41,582.7556,18385.2898,35.484944,-35.172946,5.030773,94.18863,-79.414125,-137.991304,-58.326659,True
227,1,1529,l,1,3,41,1199.0283,10642.16,26.77833,-26.743463,1.41937,27.646984,-68.10637,-132.199271,-60.827204,True
227,1,1541,l,7,1,27,323.2063,19159.0578,25.842058,-25.087272,-6.411224,120.8178,-70.783078,-79.204909,-91.77365,True
227,1,1590,l,7,1,27,269.79037,19549.072,22.624598,-22.015414,-5.349503,117.562146,-79.208177,-69.723384,-96.625014,True
227,1,1663,r,4,2,59,964.1393,13945.5141,12.310154,10.496285,6.468181,-110.00409,-73.417106,74.109546,-27.295641,False
227,1,1678,l,1,4,48,529.90234,19201.0226,31.992351,-31.111281,7.861472,90.868018,-76.442677,-120.177571,-44.328114,True
227,1,1695,l,3,3,23,2215.6643,7137.64766,7.129469,-5.655125,4.348603,12.185773,-54.743571,-27.509809,-33.514278,True
227,1,1714,r,4,2,59,1291.1996,10172.6285,21.366681,17.219179,12.847203,60.044875,-79.18774,71.267362,-24.283091,True
227,1,1726,l,7,2,46,1438.7727,9095.51614,10.522456,-9.785629,-3.887261,44.425558,-70.408415,-42.354643,-87.341514,True
227,1,1741,l,1,4,48,332.52628,21577.125,28.539147,-27.80679,6.696705,87.989829,-75.325947,-106.538479,-48.510485,True
227,1,1824,r,10,1,37,926.4601,14124.0085,27.85256,26.565051,-8.692818,85.75,-59.60758,102.125,-94.522036,True
227,1,1895,r,4,4,54,2717.2512,5913.16315,11.913302,11.624342,2.626088,-53.911036,-72.07641,70.747075,-55.972285,True
227,1,1899,l,1,2,29,3053.8962,6184.07187,12.951206,-11.374839,6.233703,-230.934161,-72.787026,-104.80071,-14.745344,False
227,1,1917,l,1,3,41,1552.1965,9652.739,25.568384,-25.404049,2.995412,13.635836,-66.028173,-131.251285,-50.018694,True
227,1,1923,l,10,3,43,1832.2343,9281.1874,10.427988,-7.391126,7.376769,-126.121648,-63.255619,-53.979228,-8.931032,False
227,1,1973,r,4,3,67,1735.3899,7604.0498,15.007814,13.783531,5.995445,41.712282,-75.722429,60.909646,-48.873111,True
227,1,2009,r,5,3,18,3164.7058,4551.66057,10.64284,10.427563,2.141665,-245.735964,-73.165712,98.592375,-52.794607,False
227,1,2053,r,5,1,12,2199.4226,7089.95007,20.19443,18.194791,8.913915,-14.467826,-68.614349,100.073256,-18.346846,True
227,1,2077,l,2,4,4,2250.197,6977.838229999999,5.386207,-5.254809,1.184122,-197.028808,-71.680777,-44.792883,-61.571513,False
227,0,6,r,4,3,67,1171.0431,11115.9158,16.556092,14.432475,8.199874,65.563303,-74.871894,57.761165,-41.476691,True
227,0,32,l,1,4,48,2884.3987,5943.904210000001,16.64719,-16.078274,4.372967,-91.922031,-68.038453,-110.079264,-37.64349,True
227,0,41,r,4,2,59,2875.7893,5990.13706,9.125882,8.124343,4.170556,-262.885238,-74.587647,78.926901,-33.863222,False
227,0,45,l,7,1,27,2301.9429,6337.27529,12.124035,-11.461259,-3.980419,-55.763976,-69.586109,-70.10304,-94.135067,True
227,0,51,l,7,1,27,2218.2988,7621.55973,15.055046,-13.834059,-5.997962,16.95701,-71.631796,-67.237917,-101.176989,True
227,0,62,l,7,2,46,696.0382,14288.8194,19.813575,-18.321009,-7.677469,144.246547,-74.477867,-48.262642,-95.175293,True
227,0,69,l,7,4,39,509.5036,15371.3337,20.364614,-17.981629,-9.721512,109.978951,-77.1556,-58.428577,-109.580508,True
227,0,83,r,4,3,67,3209.3513,4717.33919,5.581644,5.569262,0.372172,-220.678373,-67.449416,49.795863,-64.11646,False
227,0,87,r,5,1,12,1840.6141,9165.73229,13.864452,12.250319,6.542751,-224.394348,-75.533446,111.688957,-15.162127,False
227,0,99,l,7,4,39,870.2,12403.2351,19.837955,-17.558303,-9.382343,135.109074,-82.013664,-49.010259,-108.857284,True
227,0,110,l,1,2,29,1734.5066,9246.15024,19.513706,-18.500099,6.318983,-49.565749,-68.879112,-113.617763,-29.227768,False
227,0,126,r,4,2,59,2960.0698,4962.2885514,9.236084,7.714875,5.093429,-230.414229,-72.236116,70.500344,-25.426841,False
227,0,129,r,10,1,37,3010.2495,5066.748509999999,16.322108,16.264444,-1.389697,-25.68835,-77.973306,92.101111,-85.951037,True
227,0,146,l,2,4,4,3065.5574,5617.74311,7.134584,-6.036574,3.809966,-110.605233,-79.505281,-42.363869,-52.678368,True
227,0,217,l,2,4,4,1467.9932,9131.6612,7.862877,-6.896695,3.785463,-143.514811,-73.50282,-52.43568,-44.610215,False
227,0,218,r,3,4,3,3292.5603,4263.00138,6.99742,4.550495,5.321322,-12.303542,-62.524488,24.059895,-34.278125,True
227,0,233,r,4,4,54,817.6513,12184.2171,16.693005,16.58626,1.911822,60.839412,-69.491274,68.255906,-61.509798,True
227,0,270,r,10,2,31,2069.8535,7884.44814,25.721706,24.734592,-7.29063,13.482255,-66.954108,127.38627,-105.904349,True
227,0,275,l,2,2,10,1359.5997,9551.0869,7.071315,-4.754128,5.240693,-221.217703,-72.420491,-42.516002,-25.368042,False
227,0,282,r,4,4,54,1451.5214,9315.9873,14.903341,14.762349,2.068259,59.886089,-68.527363,60.636976,-59.93344,True
227,0,336,r,4,1,63,1857.268,8084.60978,8.611594,6.910926,5.150485,-191.438397,-67.046588,58.353598,-23.334137,False
227,0,360,r,4,2,59,1508.0665,9507.54585,11.917454,10.176613,6.234759,-116.432035,-71.774751,72.957408,-26.6629,False
227,0,401,r,10,2,31,1300.6182,12117.35923,28.241062,27.943855,-4.261744,65.654996,-71.100615,119.004513,-90.025014,True
227,0,439,r,4,1,63,2466.0156,6536.862999999999,6.956721,5.287334,4.527506,-179.487714,-71.599463,43.448378,-34.264331,False
227,0,452,l,2,2,10,3025.8284,4010.48269,6.387671,-5.065676,3.896263,-269.208525,-71.950376,-49.570373,-33.714663,False
227,0,523,r,4,3,67,1309.297,9947.8036,7.238746,6.922432,2.121626,-50.792133,-69.894021,41.375767,-57.176226,False
227,0,524,r,4,1,63,1443.579,10061.08,18.789464,13.218282,13.474623,76.093591,-72.900187,50.243309,-20.251109,True
227,0,534,l,7,3,33,270.61395,19334.6839,25.794772,-23.65464,-10.596991,114.084923,-71.705872,-77.055272,-107.636823,True
227,0,560,l,1,1,35,1225.3545,12182.4455,29.548495,-27.523658,11.197388,42.456159,-67.750918,-128.993107,-12.49363,True
227,0,586,l,7,2,46,3452.7573,4460.39812,6.860591,-6.746861,-1.246904,-49.940701,-79.849726,-40.21575,-87.300475,True
227,0,607,r,4,3,67,2262.7668,5754.83172,6.345766,5.296483,3.500133,-157.559202,-79.980323,41.491107,-52.488003,False
227,0,635,l,3,3,23,3003.959,5433.65676,8.163049,-7.277325,3.708091,80.453588,-45.202628,-26.75923,-31.511871,True
227,0,644,r,10,4,50,320.11234,21101.7873,37.143653,36.329621,-8.329376,117.869838,-77.954455,126.579234,-109.236134,True
227,0,647,r,10,2,31,2644.4119,5656.12434,14.529862,14.415905,-1.83575,-188.366775,-78.239507,122.965271,-94.070004,False
227,0,663,r,10,3,43,540.4406,17315.122,33.823246,31.351785,-13.394537,116.530726,-66.417308,105.685833,-114.788817,True
227,0,667,l,7,2,46,2445.5837,5425.5772,6.56382,-6.151864,-2.293147,-150.648795,-70.316762,-47.49524,-88.064462,False
227,0,685,l,7,2,46,1190.673,9081.4295,15.994006,-14.520296,-6.779252,49.634849,-73.791267,-62.253504,-103.307584,True
227,0,695,r,10,1,37,3421.6028,4624.86341,16.990239,16.847152,-2.232994,-49.151959,-71.199102,102.700636,-85.01663,True
227,0,719,l,4,3,67,346.4886,9600.0641,10.596103,-10.556375,0.921947,-159.094672,-72.026305,-83.691914,-64.67487,False
227,0,725,r,4,3,67,1225.2329,9982.88486,13.913205,12.386391,6.386909,91.203447,-67.201737,43.658758,-44.41881,True
227,0,741,r,4,3,67,2310.4194,5603.04082,7.593874,6.823775,3.340035,-175.218714,-76.203483,55.669769,-48.859282,False
227,0,749,l,3,3,23,2549.517,5518.12936,5.845611,-4.159084,4.111313,-84.839362,-58.546694,-27.257372,-31.53234,True
227,0,773,r,5,2,5,3487.2214,5207.55963,16.810281,15.324386,6.994428,-173.514242,-75.721535,127.015217,-16.758468,False
227,0,787,r,10,1,37,2696.934,6099.88096,18.128907,17.49835,-4.815693,-8.129997,-66.470894,93.990588,-92.806468,True
227,0,868,l,2,4,4,521.12054,17618.0146,19.316309,-18.569927,5.414037,127.027684,-68.160256,-54.751034,-51.866216,True
227,0,871,r,5,1,12,2517.1384,7047.46334,18.616569,17.610951,6.133866,-65.722274,-73.553807,112.916588,-33.445633,True
227,0,912,l,7,2,46,1841.5297,6855.71552,11.431055,-10.305309,-4.973639,47.16864,-69.985054,-44.153183,-91.463961,True
227,0,916,l,7,4,39,606.5072,14769.8169,20.743059,-17.523881,-11.277813,114.388079,-74.376944,-55.450709,-111.101276,True
227,0,917,l,7,3,33,1063.5724,11732.6679,19.261638,-17.490452,-8.19744,36.279577,-68.88686,-79.951258,-107.208691,True
227,0,1017,l,2,2,10,2634.4858,6367.34421,7.293507,-4.597829,5.667825,-246.315284,-73.116477,-43.13045,-19.717407,False
227,0,1048,l,2,4,4,524.05994,17965.4413,17.00953,-16.726759,3.133735,115.327225,-69.920589,-52.493278,-59.934992,True
227,0,1081,r,4,1,63,3589.2004,3868.76254,6.531226,4.502559,4.736041,-224.502341,-73.602689,40.515336,-30.845095,False
227,0,1095,r,4,4,54,2478.1628,5416.25746,8.535165,8.41025,1.460158,-229.987298,-78.523051,76.880102,-65.124449,False
227,0,1100,l,2,4,4,2166.2737,6944.24216,11.014419,-10.893553,1.637161,15.922311,-73.920594,-52.747062,-65.943254,True
227,0,1110,r,4,1,63,3720.627,4557.83137,7.72357,6.034715,4.829296,-149.939849,-70.050196,46.509057,-32.67375,True
227,0,1111,l,1,1,35,3264.2017,5068.3206,18.074053,-17.283435,5.369796,-129.376192,-68.453652,-130.488143,-27.169876,True
227,0,1142,l,1,1,35,1449.4712,9845.525,26.836714,-25.377191,9.034632,6.467267,-79.997448,-134.492947,-30.099747,True
227,0,1158,l,3,3,23,3236.5063,5586.45421,6.19942,-5.169174,3.427001,3.843209,-52.702476,-25.887084,-35.496322,True
227,0,1167,r,10,1,37,478.25412,17769.454,29.861895,28.970977,-7.576129,103.620572,-62.928356,103.188422,-91.263347,True
227,0,1188,r,3,4,3,3539.4607,3628.23993,6.070174,4.884878,3.607844,3.093624,-53.314741,24.520278,-35.158744,True
227,0,1198,l,3,3,23,2166.2375,8166.17793,5.237847,-3.258257,4.103287,-113.472178,-60.930119,-22.969146,-31.938744,False
227,0,1198,r,3,3,23,2166.2375,8166.17793,24.19993,19.560385,14.537451,-124.823206,-73.165739,147.388801,40.992329,False
227,0,1247,l,2,4,4,2484.71,5586.20903,7.847147,-7.31928,2.837199,-143.740683,-74.881636,-55.711818,-53.209299,False
227,0,1271,l,2,2,10,2938.2546,6354.38934,9.614187,-7.906257,5.487732,-113.926729,-75.252909,-56.094427,-36.074059,True
227,0,1281,r,8,2,20,2635.492,5336.205370000001,3.961368,3.912771,0.61908,-45.634068,-69.848435,22.956395,-66.213301,True
227,0,1295,r,5,3,18,2715.6707,6027.88666,16.918104,16.087857,5.30539,-71.928177,-73.632075,104.382107,-38.652809,True
227,0,1357,l,1,3,41,990.5365,13814.37921,30.687555,-29.726616,7.993785,67.405315,-71.851614,-127.102848,-35.855556,True
227,0,1374,r,10,2,31,847.76654,12590.373591,21.835448,21.746859,-2.01437,-30.981696,-74.768721,128.038314,-86.923291,False
227,0,1419,l,2,3,24,1210.4664,11634.6395,22.507141,-21.867162,5.46477,72.125193,-76.541819,-87.440096,-54.082081,True
227,0,1434,l,7,2,46,1663.4081,7115.06779,7.339107,-6.142027,-4.024938,-95.515891,-68.845315,-41.485793,-96.128445,False
227,0,1452,r,4,1,63,2168.1074,6744.60628,8.03726,5.017048,6.287124,-201.698383,-82.690486,43.165463,-28.309975,False
227,0,1458,l,2,2,10,1331.6279,10823.1789,11.046832,-7.982386,7.661247,-16.628431,-62.933077,-42.997695,-21.282895,False
227,0,1469,l,1,4,48,1181.6102,12153.7059,27.998965,-27.475574,5.611396,67.868193,-78.181468,-115.514167,-53.582013,True
227,0,1475,l,7,1,27,539.0714,16349.2086,19.83246,-19.413719,-4.134421,107.669633,-70.434543,-64.257734,-84.408782,True
227,0,1479,r,5,3,18,2194.1416,7634.40213,20.611094,20.163795,4.362468,-29.073692,-68.915526,117.167396,-42.985136,True
227,0,1499,r,4,3,67,2220.5,6363.1337,10.783454,10.720674,1.168769,1.435957,-71.496543,54.632588,-65.504766,True
227,0,1504,r,4,3,67,2957.6792,5343.08266,5.864046,4.679512,3.537945,-231.175319,-76.9935,42.660789,-44.662817,False
227,0,1555,r,4,4,54,780.8422,12905.4972,21.218045,19.481419,8.575544,112.588263,-75.265286,62.76005,-46.887076,True
227,0,1563,l,6,1,57,1864.6324,6911.6851,14.966319,-14.671112,-2.99092,-214.04219,-72.157472,-131.961403,-99.380703,False
227,0,1620,r,8,4,14,2510.2954,5136.5938400000005,4.555072,3.819716,-2.483464,-80.791723,-74.041865,24.756118,-90.159569,True
227,0,1651,l,7,1,27,1642.6958,7727.08303,17.761122,-16.588711,-6.437192,17.787428,-66.680261,-81.091696,-98.72653,True
227,0,1653,l,1,4,48,2058.053,7672.3128,20.973383,-20.674059,3.61068,-6.296814,-72.787577,-111.807958,-52.803842,True
227,0,1692,l,7,2,46,3287.454,5153.37494,6.79991,-6.662817,-1.361619,-159.662808,-74.174438,-52.527423,-84.935246,False
227,0,1738,l,1,2,29,2423.5996,6626.0792,13.918361,-13.348791,3.97717,-225.90171,-69.619721,-122.417965,-32.754936,False
227,0,1753,r,4,4,54,3258.3743,4728.63999,8.05314,7.994784,0.970888,-225.642059,-70.336307,72.420892,-61.512053,False
227,0,1762,l,2,2,10,1126.1106,11825.0477,20.471775,-16.070797,12.852721,96.75807,-74.022601,-55.669736,-28.138968,True
227,0,1781,r,10,2,31,1290.8512,11780.5258,23.827212,23.269757,-5.272656,-36.077158,-70.008285,140.227015,-102.765211,False
227,0,1792,l,7,2,46,1922.1093,6421.963848,9.365151,-8.771405,-3.294457,-25.793235,-82.854808,-48.726008,-101.247792,True
227,0,1795,l,1,2,29,1791.4349,9224.1108,23.53236,-21.954423,8.689834,-2.063163,-67.513427,-117.731014,-19.384261,True
227,0,1803,r,4,4,54,617.63434,14657.4124,22.557051,22.184597,4.189324,102.56197,-72.618467,76.433269,-57.791373,True
227,0,1872,r,8,1,1,2363.694,6572.03695,25.752238,25.703938,1.632986,-133.895021,-69.196826,204.042785,-55.784987,False
227,0,1891,l,1,4,48,2454.7002,6528.97825,18.767524,-18.285566,4.300037,-47.529495,-72.978629,-111.532887,-46.249754,True
227,0,1939,r,3,4,3,1656.4788,6762.98505,5.930695,3.897047,4.474043,-97.9188,-65.567573,26.425562,-35.144179,False
227,0,1945,r,4,3,67,1205.3467,9688.3435,12.562755,12.151075,3.213961,63.828367,-67.479525,48.697919,-54.488226,True
227,0,1949,r,4,3,67,343.5042,19013.1565,20.575787,18.940914,8.189581,139.006645,-76.681278,51.817072,-53.706854,True
227,0,1972,r,4,3,67,3472.8264,3865.43468,5.27248,4.147062,3.258754,-246.446282,-71.223216,38.895865,-40.599183,False
227,0,1984,r,4,2,59,1256.6276,11667.97341,23.025873,20.048206,11.566316,84.360346,-66.975329,75.04271,-22.174837,True
227,0,1999,r,4,4,54,358.90817,18970.0762,19.989706,19.742779,3.196677,121.281018,-67.307963,60.552302,-57.29643,True
227,0,2007,l,6,1,57,2751.8933,4657.56793,21.734979,-21.477653,-3.416395,-65.647932,-70.584755,-139.933235,-93.400583,True
227,0,2018,l,2,1,17,1370.8369,9767.9293,14.618195,-12.513139,7.618384,-17.561612,-63.266014,-68.258768,-21.127134,False
227,0,2041,l,1,2,29,2445.636,7452.75992,19.380377,-18.251736,6.631137,-47.163825,-68.083012,-111.191281,-26.809652,True
227,0,2091,l,2,2,10,1381.5443,9811.7768,20.619064,-16.947002,11.921653,86.779447,-61.448082,-61.925269,-16.594814,True
227,0,2098,l,2,2,10,1286.1099,12307.91537,21.190713,-18.349974,10.786063,104.389629,-67.109958,-61.564411,-29.855323,True
227,0,2107,l,2,4,4,1477.4221,9639.67794,10.615098,-9.444905,4.867149,-39.679228,-72.312883,-54.843539,-43.854015,False
227,0,2127,l,7,1,27,780.69885,13210.0726,21.393896,-20.443314,-6.44589,86.941299,-71.730977,-75.69164,-96.214366,True
227,0,2174,l,7,2,46,3342.4834,4505.5508,7.684386,-7.507653,-1.643294,-81.372966,-72.90434,-48.942641,-83.650694,True
227,0,2183,r,5,2,5,2139.736,6869.11427,16.620812,15.153992,6.908479,-166.195038,-76.273203,123.552173,-19.007725,False
227,0,2242,r,5,3,18,1059.7056,12239.7943,27.119296,26.888771,3.667816,59.50734,-72.488477,116.878808,-55.922144,True
227,0,2246,l,2,1,17,260.8738,23284.1085,24.877303,-22.118201,11.68479,112.006658,-69.890447,-72.341477,-30.154897,True
227,0,2249,r,4,3,67,1808.1477,9568.31568,13.835029,13.248267,4.022554,52.19842,-62.866762,55.98725,-45.68676,True
227,0,2318,l,2,4,4,1087.4805,10628.9121,16.33507,-15.365457,5.61217,100.572398,-70.358801,-52.054206,-51.054618,True
227,0,2322,l,7,1,27,2081.1458,6958.38309,10.409256,-10.163219,-2.261717,-136.865429,-68.916727,-76.522351,-86.044494,False
227,0,2323,r,4,3,67,630.7106,15292.646,14.659112,14.40336,2.755617,85.008846,-72.434775,52.645598,-62.248015,True
227,0,2352,l,2,2,10,3135.1694,5467.80616,7.816701,-6.72734,3.989605,-214.361437,-68.790764,-59.492852,-33.370458,False
227,0,2362,l,7,2,46,1481.7904,8061.76946,4.706355,-4.617405,-0.911672,-195.253996,-75.055545,-39.190973,-82.802548,False
227,0,2373,l,2,2,10,2255.442,7100.9066,13.867853,-10.11807,9.533652,-50.788003,-73.647692,-60.814486,-15.509378,True
227,0,2378,l,1,4,48,2525.2473,6171.18695,12.713591,-12.328792,3.128552,-226.677927,-68.482055,-112.926022,-39.574892,False
227,0,2452,r,4,3,67,3075.2354,4384.67339,6.743886,6.336271,2.313765,-62.190688,-67.567437,39.107901,-53.249786,True
227,0,2464,l,2,4,4,3397.3413,4286.29517,6.396178,-5.888599,2.501509,-114.470308,-76.753749,-41.716602,-58.989788,True
227,0,2472,l,2,4,4,2776.4338,4527.92206,5.762806,-5.675813,0.999175,-246.877564,-70.289633,-53.358614,-60.880001,False
227,0,2491,l,4,2,59,758.48553,13960.1696,25.017947,-23.842044,-7.811679,-66.269983,-70.421518,-157.446174,-123.858565,False
227,0,2491,r,4,2,59,758.48553,13960.1696,12.816712,11.368787,5.957019,-81.698117,-69.845449,74.736787,-30.284047,False
227,0,2517,l,1,3,41,1509.5021,10720.10385,18.654218,-18.098129,4.598462,-94.802816,-68.712416,-125.75904,-36.151386,False
227,0,2542,l,2,2,10,3536.4072,3962.016059,8.818656,-6.827771,5.594517,-225.411466,-70.869958,-61.712485,-20.022611,False
227,0,2565,l,2,2,10,899.43066,13508.5953,16.07229,-12.443564,10.253683,69.574149,-71.604923,-48.639494,-30.771577,True
227,0,2601,l,1,3,41,720.4183,15660.9799,33.467821,-33.311474,3.435365,71.469236,-75.86651,-143.610534,-60.16886,True
227,0,2621,l,1,4,48,568.08057,17941.6648,32.316746,-31.796793,6.1027,96.933301,-74.469633,-119.691465,-50.18261,True
227,0,2628,l,7,1,27,960.6203,11323.6179,20.893761,-20.444283,-4.405878,99.618737,-78.016295,-70.969699,-93.671037,True
227,0,2638,r,5,3,18,2166.0913,7551.03276,13.221613,12.853655,3.123925,-175.502902,-78.742716,106.218183,-52.684034,False
227,0,2675,l,7,2,46,1790.6003,7669.86076,8.6026,-7.362425,-4.46197,-95.044364,-70.003679,-49.75178,-100.299963,False
227,0,2677,l,2,4,4,3432.209,4475.70676,8.469466,-7.654551,3.635719,-120.489146,-68.240166,-55.168782,-41.922943,True
227,0,2680,l,2,2,10,414.45944,19868.6911,19.682332,-15.834653,11.843025,91.07442,-76.591825,-56.420233,-33.232847,True
227,0,2689,r,4,1,63,1259.1997,11289.0595,7.449783,5.204902,5.337295,-219.72376,-64.099507,46.432465,-16.282029,False
227,0,2714,r,4,3,67,3119.19,5645.12275,6.437068,5.333297,3.609632,-215.892039,-76.632953,47.226729,-44.58078,False
227,0,2719,r,4,3,67,2792.9111,3400.80618,4.297437,3.923694,1.754254,-243.000426,-68.993336,36.55777,-52.630738,False
227,0,2741,l,1,3,41,1441.6163,10521.0267,16.318905,-15.892689,3.754,-160.393161,-72.599764,-128.235732,-41.873382,False
227,0,2768,r,4,4,54,1921.4155,9312.33062,15.973179,15.192623,4.991351,37.45591,-68.040172,68.579797,-45.185061,True
227,0,2785,l,2,3,24,464.60382,17822.5929,24.122575,-23.736437,4.428984,101.471866,-77.249861,-82.9011,-61.298059,True
227,0,2794,r,4,1,63,2947.1372,5289.94506,7.232405,4.698846,5.504227,-243.52931,-74.665393,43.853273,-23.079256,False
227,0,2806,l,1,4,48,323.75974,21946.0459,20.791632,-20.067179,5.556429,-9.531666,-72.617806,-109.418503,-41.595062,False
227,0,2859,r,10,1,37,2031.6093,7622.52164,22.707273,22.296538,-4.41343,28.760332,-74.470619,107.123755,-96.262862,True
227,0,2863,l,2,2,10,1951.785,7670.29244,9.728729,-7.845285,5.771329,-18.34386,-66.721842,-42.48616,-35.262845,True
227,0,2872,r,4,1,63,2283.6958,5802.46205,10.413059,8.812827,5.568749,37.502372,-63.614365,39.146584,-38.701678,True
227,0,2908,r,4,3,67,3298.347,4745.70802,7.892904,6.483185,4.511453,-107.342832,-78.570973,45.153379,-47.01771,True
227,0,2993,l,2,3,24,357.12735,21412.6572,29.6628,-29.075008,6.150822,140.014908,-78.23658,-83.394961,-59.742708,True
227,0,3020,l,7,1,27,3253.438,4852.68761,9.092817,-9.075435,-0.564315,-111.260614,-75.116864,-64.095102,-79.11917,True
227,0,3050,r,5,2,5,1058.5271,13099.5153,32.258277,30.176766,11.979916,53.393918,-74.350577,137.57961,-16.274539,True
227,0,3107,l,7,2,46,563.6395,15740.1848,15.901779,-12.243583,-10.225509,96.945409,-59.485651,-41.89362,-95.120925,True
227,0,3131,l,2,1,17,1851.5505,7859.53734,13.506035,-10.806347,8.150241,-167.179579,-81.664804,-87.264159,-15.007383,False
227,0,3132,l,2,4,4,1917.0854,7893.08695,9.163844,-8.164384,4.175774,-160.156596,-78.360089,-64.582943,-45.157492,False
227,0,3143,r,4,1,63,2073.668,7156.43361,7.104438,5.044153,5.009437,-159.238659,-65.283405,39.652157,-25.75246,False
227,0,3147,r,4,3,67,293.3136,20635.40151,90.0,90.0,0.076917,3.5,-73.721228,,,False
227,0,3171,r,10,2,31,374.58295,20008.9805,37.031865,36.908251,-3.264479,102.994651,-70.857381,140.449703,-84.197013,True
227,0,3175,l,6,1,57,1895.1602,7030.38291,23.371045,-23.135711,-3.40311,-19.173508,-77.635096,-132.101497,-97.628131,True
227,0,3207,r,5,2,5,2504.757,6317.264450000001,14.918087,14.351945,4.114199,-202.511157,-67.854886,126.015155,-31.287347,False
227,0,3224,l,2,4,4,404.32724,18691.9395,20.326779,-19.136704,6.985293,128.706244,-64.446922,-55.968713,-43.528598,True
227,0,3247,r,4,1,63,1176.3254,10540.1307,17.120313,12.42242,11.874822,84.617707,-70.116669,45.240483,-25.894769,True
227,0,3260,r,10,2,31,1744.962,5203.29737,8.959993,6.02195,6.646845,-181.532905,-76.255407,49.74275,-21.001564,False
233,1,0,l,2,3,24,2353.4766,6782.33017,11.89234,-11.277977,3.797601,-62.304115,-77.482803,-70.256496,-53.637146,True
233,1,44,l,1,4,48,1549.6938,8827.11927,15.043829,-14.461102,4.19143,-133.13837,-76.17309,-109.124599,-44.148764,False
233,1,87,l,2,4,4,2722.2375,3289.08372,5.623977,-5.412493,1.530034,-235.607826,-76.689461,-49.800197,-62.587346,False
233,1,88,r,4,1,63,3096.2168,4727.18409,8.666428,6.851778,5.319324,-178.535514,-65.955405,56.298956,-22.017491,False
233,1,99,l,1,3,41,1044.1813,12070.0501,28.519912,-27.598868,7.490003,38.75616,-78.473049,-131.340783,-41.199512,True
233,1,151,l,2,4,4,1502.3787,11148.7813,6.827054,-6.659482,1.506721,-188.987007,-70.059724,-55.924665,-57.375196,False
233,1,161,l,7,1,27,3002.8828,4721.32663,8.401848,-8.353599,-0.902341,-155.468164,-75.001368,-65.412427,-82.092783,False
233,1,182,l,1,4,48,882.6237,14051.9873,30.222552,-29.61784,6.308622,87.206222,-75.212645,-115.286433,-49.423539,True
233,1,257,l,2,3,24,2331.7798,6009.94038,11.302264,-10.903423,2.99417,-145.111187,-75.424192,-83.816164,-52.246967,False
233,1,260,r,4,1,63,2573.123,5416.19975,9.385645,6.765226,6.520736,-168.49857,-70.809151,54.390439,-18.034281,False
233,1,285,l,7,1,27,2785.1016,5232.68722,11.52604,-11.430155,-1.493597,-120.225778,-73.105865,-82.940731,-84.018561,False
233,1,289,l,1,2,29,1100.9819,14756.025613,28.043309,-24.698185,13.721473,40.42493,-76.731664,-114.782129,-9.656807,True
233,1,293,l,2,2,10,2242.2651,6713.16466,12.659257,-9.594711,8.297224,-47.776839,-79.481446,-57.098604,-29.522999,True
233,1,302,r,4,1,63,3055.9387,4953.33344,6.705416,4.669411,4.817742,-264.344002,-71.268023,45.27743,-24.39,False
233,1,303,r,10,2,31,579.02185,18312.8508,35.540402,35.23547,-4.978976,107.308669,-68.673695,129.044007,-88.159625,True
233,1,333,r,4,1,63,811.6139,14482.118,90.0,90.0,0.043875,147.0,-32.980039,,,True
233,1,339,l,1,1,35,2079.2883,7602.40689,17.745712,-16.705635,6.07322,-158.809111,-68.571481,-134.697302,-18.715577,False
233,1,390,r,4,1,63,2405.5334,5311.2652,11.590395,8.37224,8.043919,-19.497609,-74.195316,45.549421,-29.985165,True
233,1,398,r,4,1,63,567.7102,16443.147399999998,18.392348,14.438202,11.517114,103.856748,-74.733729,47.925781,-35.567572,True
233,1,417,r,4,1,63,2192.5293,7154.04873,13.093616,8.896022,9.646446,-4.468842,-74.758846,46.091646,-24.098181,True
233,1,459,r,4,1,63,1664.6571,6545.94686,7.495388,6.357871,3.977856,-117.743383,-67.947635,45.432194,-39.418329,False
233,1,472,r,10,2,31,1070.4772,11430.811,29.783646,28.916589,-7.464194,77.61653,-69.762165,117.32222,-101.551287,True
233,1,615,l,7,1,27,2142.1921,6098.07533,9.364694,-9.213954,-1.680752,-139.580594,-74.605297,-69.684248,-87.375277,False
233,1,622,l,2,1,17,3077.3828,5142.0693,13.824771,-10.62813,8.892562,-94.452929,-84.652731,-72.143791,-23.450206,True
233,1,675,r,4,4,54,813.2515,12640.0033,18.094347,18.05574,1.201559,89.464891,-65.555309,65.373562,-61.131383,True
233,1,680,l,1,4,48,2294.5903,7032.97181,11.028118,-10.759808,2.432206,-249.312942,-72.447545,-102.487417,-49.129992,False
233,1,682,r,10,2,31,2905.147,6397.12314,22.714693,22.338111,-4.228677,-17.338466,-81.105483,126.287573,-105.673311,True
233,1,712,r,4,1,63,469.6919,17170.6226,20.595083,18.585904,9.033769,111.914106,-63.786886,59.883755,-33.915352,True
233,1,733,l,7,2,46,3544.7073,3169.8554,8.090719,-7.049165,-3.98109,-110.92579,-72.442514,-49.576748,-100.557527,True
233,1,738,r,5,1,12,1749.7,8773.3402,16.614115,14.672827,7.880496,-147.954305,-74.289393,114.673194,-11.626601,False
233,1,750,r,4,3,67,1910.8572,6442.40483,4.548944,4.192303,1.767219,-288.790898,-76.177066,42.42557,-58.271383,False
233,1,792,l,2,2,10,637.303,15921.2384,17.034698,-12.279203,11.898849,91.032544,-75.269445,-43.306273,-32.363024,True
233,1,828,l,1,2,29,2143.2617,7159.393899999999,21.09575,-18.065156,11.080921,-18.679608,-71.913829,-100.684315,-8.325409,True
233,1,872,l,1,4,48,523.169,16549.63053,15.268399,-14.98782,2.947604,-82.537882,-72.386277,-99.736351,-52.528448,False
233,1,877,r,4,4,54,1839.1521,7567.540010000001,11.43672,10.344247,4.904815,-96.851025,-76.354425,70.611401,-42.608361,False
233,1,879,l,2,4,4,2430.077,6945.89097,6.996693,-6.698717,2.024747,-198.54079,-68.389341,-57.379264,-50.99913,False
233,1,881,r,10,2,31,1001.6534,12576.7879,32.227251,31.342691,-7.912817,80.068119,-67.958696,127.854924,-102.122488,True
233,1,895,l,2,2,10,1800.9746,8612.48145,7.188319,-5.072875,5.099597,-193.579531,-64.815943,-42.927576,-21.491349,False
233,1,957,l,2,1,17,2046.0323,8305.0924,11.556031,-10.17153,5.513808,-165.360182,-73.380778,-81.698659,-28.721938,False
233,1,981,l,1,3,41,289.5704,21415.4627,34.917889,-34.775461,3.369955,81.031933,-74.191237,-145.103898,-59.210566,True
233,1,1035,r,3,4,3,2634.6287,6079.83142,4.535981,3.300964,3.112794,-96.245551,-59.86683,22.277299,-38.827107,True
233,1,1052,l,1,2,29,1537.4944,10953.4796,26.502052,-24.280333,10.959889,54.097037,-75.968632,-106.416803,-25.852013,True
233,1,1142,r,4,4,54,3341.5828,4450.28778,9.597984,9.514892,1.266053,-105.6656,-73.291438,66.317436,-64.425096,True
233,1,1155,r,5,3,18,2125.2207,7167.21853,13.956733,13.571445,3.287739,-130.432719,-76.698061,101.491608,-51.852598,False
233,1,1182,r,4,4,54,3754.642,4019.8201,8.382244,7.334913,4.068369,-278.065326,-85.719625,73.1227,-44.982043,False
233,1,1305,l,7,2,46,3664.211,2828.27924,7.558792,-6.85691,-3.188529,-90.30192,-79.775099,-45.731415,-101.113525,True
233,1,1306,l,2,3,24,1409.8907,8562.808753,17.771707,-17.413352,3.607212,31.572541,-75.707897,-81.052398,-58.633867,True
233,1,1326,l,4,3,67,2179.0232,5823.70463,22.562106,-19.146089,12.167335,-154.134708,-77.205736,-154.195645,24.161676,False
233,1,1326,r,4,3,67,2179.0232,5823.70463,7.741158,7.137924,3.003713,-134.723741,-76.527046,53.187651,-54.066551,False
233,1,1342,r,4,3,67,328.783,17421.7317,14.887538,12.590189,8.010201,110.977797,-80.582613,39.984019,-54.769479,True
233,1,1361,l,1,4,48,2975.9177,5690.1795600000005,11.247304,-11.096893,1.844853,-214.98599,-69.809543,-99.045878,-53.234093,False
233,1,1378,l,1,4,48,475.82657,18375.5428,26.064565,-25.222849,6.796733,79.609212,-83.641333,-99.10489,-55.923193,True
233,1,1424,r,5,3,18,1528.3005,8748.5922,14.083412,13.25519,4.801608,-194.82006,-75.46738,114.20632,-33.627523,False
233,1,1444,r,10,2,31,3108.8733,2607.2991,15.018799,14.741384,-2.905702,-192.895716,-75.240643,127.058181,-100.585509,False
233,1,1454,l,2,3,24,1909.9819,7267.947550000001,10.701152,-10.223519,3.178329,-126.927457,-72.682714,-75.193787,-49.157519,False
233,1,1463,r,4,2,59,1340.1139,7800.14271,11.302709,9.403345,6.299647,-224.81401,-70.205991,85.257789,-12.599117,False
233,1,1467,l,1,1,35,1639.6753,9579.6754,28.152195,-26.727736,9.186776,9.303847,-78.621986,-141.345751,-27.794933,True
233,1,1547,l,1,1,35,1723.1661,10736.15096,24.738226,-23.429942,8.172362,6.431856,-77.298227,-122.886875,-32.915564,True
233,1,1575,r,4,2,59,1290.3187,9330.4326,20.239909,18.308992,8.779549,61.719929,-73.478869,75.53616,-36.342701,True
233,1,1600,r,4,2,59,1805.476,7662.76482,18.752046,15.862867,10.131651,36.28799,-72.137863,72.094027,-25.005387,True
233,1,1611,l,1,4,48,1318.7253,10970.5179,11.884781,-11.652118,2.356469,-203.152646,-68.664829,-101.697276,-47.943914,False
233,1,1630,r,4,3,67,2728.719,5654.58947,6.610624,6.486904,1.27569,-196.8552,-72.773859,55.357424,-61.862386,False
233,1,1636,r,4,3,67,2084.5579,6101.33616,4.330358,3.921834,1.837523,-269.7874,-78.151963,38.376799,-60.150808,False
233,1,1642,l,8,1,1,3657.195,3352.5695,3.452567,-2.787918,2.037404,-251.221685,-80.908113,-26.355753,-61.63166,False
233,1,1643,l,2,1,17,1804.8986,9037.901,10.311902,-9.146733,4.781974,-187.382402,-59.243811,-76.863687,-18.793789,False
233,1,1657,r,4,3,67,3644.4324,4011.48636,6.191003,5.384365,3.060183,-166.865316,-74.865676,43.060707,-50.332897,True
233,1,1691,l,2,2,10,1664.093,9061.8762,10.458691,-7.8653,6.915371,-128.769728,-75.581197,-57.850618,-24.308151,False
233,1,1701,r,4,1,63,2248.2927,7171.05477,7.594185,5.582589,5.156607,-258.251795,-73.290035,53.588357,-23.578059,False
233,1,1720,l,7,2,46,784.89484,12928.6322,17.739799,-17.35692,-3.723528,94.164546,-68.626318,-61.209442,-81.979211,True
233,1,1727,l,7,1,27,1203.0326,9542.67032,23.484687,-21.956524,-8.547427,90.288754,-64.32509,-80.512357,-96.688553,True
233,1,1747,l,2,2,10,2019.2412,7440.8741,7.681192,-5.569128,5.298495,-163.653285,-72.534836,-44.234319,-30.263185,False
233,1,1764,l,2,4,4,976.5882,12511.0936,8.132771,-7.237292,3.719847,-96.054892,-76.937225,-49.02538,-51.63631,False
233,1,1769,l,1,3,41,1731.8872,8929.22518,26.775583,-26.090444,6.241234,-7.629841,-80.419035,-145.745806,-44.176243,True
233,1,1779,l,6,1,57,2583.499,5541.81448,20.424058,-20.294206,-2.349506,-79.911375,-68.552978,-136.791847,-84.734802,True
233,1,1789,l,6,1,57,1609.283,7708.24686,25.519238,-25.448464,-1.965897,30.276856,-79.93665,-123.594947,-89.809553,True
233,1,1816,l,1,3,41,1344.5071,12091.14465,19.652909,-19.220715,4.178652,-117.340256,-75.717171,-142.01604,-44.199693,False
233,1,1824,l,1,2,29,2256.466,7641.79035,13.980101,-12.282781,6.728508,-211.011871,-76.163833,-109.080539,-15.671022,False
233,1,1835,l,6,1,57,2067.5728,4125.53518,15.207861,-15.029799,-2.347589,-190.928273,-74.555841,-129.132465,-94.970382,False
233,1,1860,r,4,4,54,3731.2454,3367.68166,8.642568,8.471176,1.718931,-274.848467,-74.21791,84.126679,-57.079823,False
233,1,1876,r,4,4,54,2305.167,5939.75187,8.404571,8.357389,0.892476,-249.540218,-66.708896,79.262407,-58.213779,False
233,1,1909,r,5,3,18,1536.9727,9274.66598,25.114914,24.599387,5.227836,35.395232,-70.459541,116.56387,-44.838629,True
233,1,1918,r,4,4,54,1930.2063,7079.03491,14.017714,13.614804,3.36866,8.40739,-74.514421,68.201442,-57.460079,True
233,1,1924,l,2,2,10,1997.821,7530.156440000001,8.44041,-6.899841,4.87316,-158.561939,-70.482744,-54.280693,-31.960094,False
233,1,1955,l,2,3,24,417.52066,19375.8834,21.604329,-21.444745,2.685118,96.470239,-67.962737,-76.017884,-58.211403,True
233,1,1963,r,4,3,67,2712.045,5472.95848,7.838672,7.808197,0.692678,-155.826339,-70.345046,61.135594,-64.904521,False
233,1,2006,l,1,3,41,1271.1014,12794.24498,15.921293,-15.673431,2.834169,-166.334458,-73.562131,-128.041535,-50.098407,False
233,1,2007,l,2,1,17,296.64246,22319.4643,31.186604,-26.565051,16.969216,120.75,-74.462847,-84.625,-16.721422,True
233,1,2032,l,1,4,48,2453.082,7179.80124,20.742166,-18.370726,-9.8018,-18.625301,-7.751406,-102.490867,-63.933432,True
233,1,2033,r,4,4,54,2699.5098,5671.029689999999,12.012193,11.261209,4.207923,-24.161181,-73.778652,62.55444,-50.210665,True
233,1,2039,l,6,1,57,372.34967,20025.68853,38.022605,-37.700077,-5.356308,109.116624,-79.372819,-139.802948,-100.807182,True
233,1,2066,l,7,2,46,2613.9565,5250.33794,8.340884,-7.559773,-3.534512,-42.35376,-79.122206,-44.107984,-99.830776,True
233,1,2068,r,4,1,63,2577.0344,5928.2413400000005,9.583797,6.521479,7.038024,-153.123361,-76.107179,50.655812,-21.043645,False
233,1,2089,r,4,1,63,3679.1626,4371.27978,8.542227,5.260697,6.739625,-216.212198,-75.372402,46.609677,-15.298145,False
233,1,2112,l,2,2,10,1539.7908,8718.02655,10.840148,-8.709994,6.47834,-44.549593,-71.784729,-51.253002,-33.352504,False
233,1,2166,l,7,1,27,2491.201,5110.36818,7.116049,-6.899023,-1.748261,-244.286806,-81.229051,-64.646568,-97.655695,False
233,1,2173,r,4,1,63,2210.576,7388.43626,13.614857,8.169221,10.928888,-1.239006,-75.164728,41.808493,-18.352144,True
233,1,2183,l,6,1,57,1338.9656,9044.935,27.668293,-27.325398,-4.520034,25.995565,-67.196464,-136.411086,-90.688313,True
233,1,2203,l,2,4,4,1541.6937,8696.69934,10.206277,-8.841591,5.118866,-20.74132,-74.49015,-48.336299,-46.319337,True
233,1,2244,l,2,4,4,2247.5398,5992.33017,9.148542,-8.7476,2.689163,-1.103894,-66.62634,-44.792691,-52.792491,True
233,1,2245,l,1,4,48,686.4229,16377.8836,31.568202,-30.397378,8.95742,94.926353,-76.862608,-114.437031,-41.214229,True
233,1,2251,l,6,1,57,1721.5725,8250.29291,29.849514,-29.479443,-4.91164,18.284386,-76.888853,-153.600628,-103.711354,True
233,1,2265,r,4,3,67,2434.083,4739.56951,4.744898,4.640395,0.991434,-167.729678,-74.29723,37.152878,-66.349934,False
233,1,2272,l,2,4,4,2739.8313,4951.19127,5.990614,-5.719939,1.783346,-237.386418,-66.406044,-52.825533,-49.903533,False
233,1,2381,l,1,1,35,1774.4275,9393.4718,19.610558,-17.821814,8.319045,-111.136154,-73.13961,-128.959213,-11.527403,False
233,1,2384,r,10,1,37,2397.1213,6867.17816,20.081226,19.940024,-2.427107,32.54768,-71.795898,93.399902,-83.40429,True
233,1,2477,l,2,2,10,1087.0458,10489.5908,10.576622,-9.522725,4.623845,-93.021229,-68.236046,-64.251955,-36.825612,False
233,1,2493,r,4,3,67,817.7649,13638.2786,15.561762,15.026276,4.094598,90.289986,-74.350313,53.610314,-59.547701,True
233,1,2494,r,4,3,67,494.04333,15980.1427,20.358533,19.852892,4.603013,137.630655,-74.917597,55.015281,-61.875037,True
233,1,2521,r,4,1,63,2210.9182,6366.04273,9.016791,6.016969,6.727948,-109.311687,-63.566589,42.088921,-16.199819,False
233,1,2534,l,1,3,41,2007.0573,7881.9142,23.924776,-23.720527,3.21381,-20.799607,-76.62017,-136.564316,-57.558247,True
233,1,2554,l,7,2,46,288.60928,19312.4548,17.718801,-17.470856,-3.001003,122.699029,-71.084073,-52.656248,-80.279047,True
233,1,2558,r,5,3,18,590.9326,17104.8381,31.519323,30.574192,8.06117,97.355013,-72.256838,113.812837,-40.566752,True
233,1,2572,r,4,4,54,1509.1217,8949.71494,19.028749,18.695737,3.609504,53.427483,-72.216208,80.055762,-56.461625,True
233,1,2578,r,10,2,31,688.1372,15224.1763,35.000454,33.849394,-9.486287,85.768534,-62.325938,136.976167,-103.417079,True
233,1,2581,r,4,1,63,459.4107,15643.2653,7.353393,5.218961,5.187422,-229.832269,-70.118261,47.481898,-22.728417,False
233,1,2604,r,4,3,67,2731.5242,6943.45901,5.86196,5.772535,1.021738,-214.918956,-71.324595,51.043278,-62.27368,False
233,1,2628,l,7,2,46,2583.9663,4704.28359,8.164418,-7.780426,-2.482058,-35.942009,-71.110048,-44.535065,-85.369995,True
233,1,2632,l,7,1,27,1602.9825,8088.17331,17.628464,-16.230885,-6.973536,48.730867,-67.001725,-70.236219,-97.737781,True
233,1,2703,r,10,1,37,2943.876,5215.91589,13.823189,13.503765,-2.982318,-181.223182,-70.726783,113.163426,-95.974711,False
233,1,2736,r,5,3,18,2648.369,5497.55141,17.578353,17.190203,3.730365,-42.902782,-77.474383,102.988249,-54.75443,True
233,1,2739,r,4,4,54,699.4958,13641.1661,18.609393,18.436097,2.57896,88.102798,-72.427385,67.303562,-62.841609,True
233,1,2743,l,2,1,17,2029.7148,7089.35899,10.286376,-8.08612,6.37926,-172.641037,-70.008786,-65.729229,-17.76543,False
233,1,2774,l,6,1,57,2827.912,4926.67826,19.90797,-19.841331,-1.661347,-90.617591,-73.189778,-137.340999,-84.925953,True
233,1,2850,l,2,2,10,2036.4489,7032.26593,11.425955,-9.157752,6.862222,-109.04905,-75.284004,-64.329914,-26.640696,False
233,1,2882,r,5,3,18,2615.3323,6374.34122,18.291301,17.94924,3.580323,-48.034514,-79.166862,109.503075,-56.934004,True
233,1,2930,l,7,2,46,1181.1992,9867.28284,7.149169,-7.06025,-1.126908,-146.9911,-78.655673,-54.122269,-87.317314,False
233,1,2951,r,5,2,5,2730.3826,7156.50667,20.932556,19.783919,6.980133,-63.961937,-70.562136,127.321928,-24.507305,True
233,1,2956,l,1,3,41,1639.0563,8138.71258,27.230224,-26.370357,7.046204,1.656029,-82.653489,-142.949299,-42.873847,True
233,1,2968,l,2,1,17,383.75336,19757.5721,24.621944,-20.226801,14.344746,115.716356,-69.189722,-64.216473,-21.691232,True
233,1,2983,l,7,1,27,2310.323,5517.8657,10.567762,-10.177191,-2.861588,-118.086511,-70.333759,-73.25865,-91.058327,False
233,2,59,l,2,4,4,2820.6997,5079.97747,7.413702,-6.584174,3.415116,-137.789545,-70.424934,-49.3772,-44.726798,False
233,2,66,r,5,3,18,3040.1287,4291.54351,13.968706,13.31448,4.263552,-217.789978,-74.612906,120.171973,-35.711167,False
233,2,79,l,3,3,23,1703.9127,6878.882,10.725821,-10.548236,1.954797,103.663648,-54.834178,-34.697688,-48.365033,True
233,2,96,r,4,1,63,3269.871,5015.17665,6.61681,5.712814,3.344103,-262.529823,-68.210485,55.274612,-35.76393,False
233,2,103,r,5,1,12,3048.006,5989.43492,17.478323,15.504975,8.168631,-60.984595,-67.27352,97.369466,-14.989235,True
233,2,116,l,1,4,48,2071.3977,7409.994909999999,13.689903,-13.239475,3.514314,-215.512167,-68.375511,-118.93431,-36.482625,False
233,2,137,l,7,2,46,2485.6729,3891.79368,10.11297,-8.242818,-5.879378,-18.862815,-69.746952,-44.743448,-101.884472,True
233,2,163,r,3,4,3,2463.3083,5540.02684,7.414574,6.452407,3.660473,56.58205,-57.579073,26.398228,-42.551112,True
233,2,199,l,7,4,39,269.45905,18603.4423,20.168499,-17.811091,-9.619726,99.124681,-75.615528,-61.32412,-109.595947,True
233,2,251,r,5,1,12,3223.5757,5666.55702,17.746273,16.667013,6.182722,-105.619357,-73.514925,118.443267,-28.778122,True
233,2,278,l,2,1,17,2105.251,9114.24934,16.581642,-14.246774,8.573428,12.824523,-69.070628,-70.37699,-25.957294,True
233,2,279,r,4,1,63,1781.4149,7900.01965,6.898978,5.406074,4.292434,-123.538891,-69.419831,39.135164,-38.241921,False
233,2,291,r,5,3,18,1504.8254,8183.862139999999,23.02423,22.585066,4.597463,31.066472,-71.46659,107.704449,-48.915388,True
233,2,301,l,2,2,10,3609.1257,4377.19649,8.926687,-5.691912,6.887976,-234.884008,-79.285465,-52.315558,-15.565114,False
233,2,309,r,4,3,67,2637.8906,5523.03173,8.074289,7.736489,2.318097,9.851223,-73.130981,38.059292,-61.686239,True
233,2,315,r,4,2,59,1894.0135,8179.75721,16.847088,14.172178,9.20388,18.350223,-78.238692,68.597622,-32.840426,True
233,2,330,r,3,4,3,2715.5068,5870.18826,11.206089,10.815153,-2.951715,-153.838319,-79.708786,84.788349,-103.008173,False
233,2,344,l,2,3,24,1738.5264,8290.50558,15.235018,-14.73688,3.907482,18.470588,-69.101666,-71.421247,-49.924167,True
233,2,354,r,4,1,63,2098.3125,7381.4166,14.550875,11.304457,9.222012,-12.590647,-72.514238,60.488057,-22.413963,True
233,2,388,l,7,2,46,3621.9885,2969.28082,4.389812,-4.3229,-0.764261,-272.906282,-72.595141,-42.551397,-80.125542,False
233,2,405,l,1,4,48,3454.6848,4831.95335,16.871827,-16.036897,5.312028,-133.288157,-76.601558,-121.67098,-35.651045,True
233,2,445,r,5,3,18,1362.6902,10522.15723,24.171188,23.807,4.307401,43.686562,-79.305193,108.673121,-59.027361,True
233,2,469,l,7,2,46,835.279,12138.871,16.289941,-15.569088,-4.852672,114.204682,-67.821351,-48.980713,-83.31454,True
233,2,477,l,7,2,46,2161.9512,6025.89525,15.232522,-14.519919,-4.654859,62.327223,-73.055948,-58.964637,-92.205095,True
233,2,520,r,4,3,67,594.77045,14457.1129,14.87714,13.66588,5.936698,125.129753,-65.12113,40.087034,-47.477212,True
233,2,581,r,5,2,5,2970.3174,6025.82089,19.783243,17.903792,8.557669,-97.78534,-77.807251,125.279594,-16.483596,True
233,2,619,r,5,2,5,1940.0005,7551.26324,23.960314,22.242298,9.144806,-11.35609,-77.209375,123.240746,-24.79838,True
233,2,623,r,10,2,31,2852.5283,5186.09988,21.984355,21.773995,-3.110535,-25.043963,-78.235675,125.842757,-96.671239,True
233,2,627,l,2,1,17,1587.9017,11468.93068,22.084417,-18.703355,11.959836,57.114399,-70.253114,-78.842626,-18.172029,True
233,2,688,r,4,4,54,2374.1848,6543.63178,12.598415,12.318429,2.661938,-24.522404,-75.164067,68.682956,-60.196365,True
233,2,734,l,1,2,29,2249.7478,7355.62338,22.237861,-20.8523,7.905136,-17.95578,-68.658205,-117.303205,-22.9006,True
233,2,736,l,7,2,46,2439.7922,5231.0108296,7.708965,-7.51429,-1.72647,-134.297128,-74.688446,-55.967434,-87.588264,False
233,2,742,l,2,1,17,1355.5895,9734.1126,21.261599,-18.911034,9.90055,60.550743,-65.061843,-78.607411,-22.729279,True
233,2,763,l,2,3,24,2061.047,8337.43615,17.432782,-17.122524,3.32447,18.669053,-75.051264,-83.589075,-58.559178,True
233,2,778,r,4,1,63,3503.7227,4168.94644,7.936829,5.295858,5.920057,-290.184063,-81.639787,53.779743,-21.220409,False
233,2,794,r,10,2,31,3734.081,3596.26756,13.238889,13.060414,-2.185589,-240.081617,-68.575896,122.967851,-89.343263,False
233,2,854,l,7,1,27,2870.4932,4612.06077,7.699259,-7.350618,-2.296952,-263.953304,-74.537183,-71.460533,-96.940849,False
233,2,858,r,4,3,67,2469.5193,6104.59228,8.256839,8.063425,1.782575,9.794597,-70.788487,39.696657,-61.980902,True
233,2,874,l,1,4,48,1306.6268,11021.6364,25.019132,-24.810332,3.332809,33.918867,-70.534804,-118.382138,-54.105757,True
233,2,878,r,4,1,63,3627.3572,3190.72338,7.272317,5.806476,4.386042,-218.751896,-73.480461,51.735229,-34.257564,False
233,2,883,r,4,3,67,1175.8857,10226.3361,14.416927,13.442307,5.259452,115.581569,-61.942724,41.688455,-45.434656,True
233,2,884,r,4,3,67,3240.0571,4587.31282,9.487275,8.933397,3.20723,-80.378601,-66.054827,58.220944,-45.045717,True
233,2,892,r,10,2,31,287.2949,19942.6682,32.827792,32.351541,-5.901394,107.402204,-70.698978,115.663567,-93.041029,True
233,2,912,l,7,2,46,2153.163,5327.23729,8.768082,-8.031052,-3.530328,-51.659537,-80.160234,-48.205954,-101.447329,True
233,2,923,r,4,1,63,2581.146,6647.58785,11.262162,7.99394,7.958976,-23.668054,-69.626239,44.049339,-25.341748,True
233,2,930,l,2,2,10,3506.5332,4983.21321,10.590866,-7.230054,7.759709,-105.978735,-70.419763,-50.234786,-16.028603,True
233,2,939,r,4,3,67,2214.7378,7182.23939,5.726992,5.34162,2.068317,-288.610097,-72.153171,54.099985,-51.165745,False
233,2,962,l,2,2,10,2194.1724,6122.39421,7.624102,-6.542379,3.923159,-98.082966,-65.406935,-44.50727,-38.618046,False
233,2,966,r,3,4,3,3147.189,4692.59216,6.83061,4.408785,5.222426,-28.927474,-66.453304,24.58932,-37.216247,True
233,2,976,l,1,4,48,569.58417,17629.9566,29.772596,-29.368437,5.122807,103.051991,-63.566258,-105.204147,-44.335068,True
233,2,1001,r,4,3,67,3974.572,3673.10762,6.192102,5.942175,1.744595,-157.498614,-66.377226,46.577424,-52.67353,True
233,2,1056,r,4,4,54,451.86957,18013.2738,18.215039,16.989939,6.666412,80.142875,-68.644005,64.11947,-42.996828,True
233,2,1101,l,2,2,10,3259.5303,5187.63073,11.457103,-8.558381,7.645602,-133.486483,-78.579783,-63.73169,-21.091379,True
233,2,1106,l,2,2,10,1088.5533,12216.989,12.217999,-9.09744,8.190332,-71.722362,-72.022266,-57.921957,-19.296334,False
233,2,1119,l,1,4,48,622.1038,16530.4314,26.173625,-24.72624,8.86689,75.411666,-71.654792,-98.818698,-34.799144,True
233,2,1140,l,2,1,17,2580.4712,6041.04287,8.928515,-7.90889,4.156653,-247.646499,-71.280074,-74.689642,-31.831479,False
233,2,1147,r,10,2,31,432.26553,19954.7299,34.728892,34.525956,-4.005716,120.253878,-72.334386,116.776534,-86.762425,True
233,2,1163,l,1,3,41,1369.1272,9114.08538,26.102915,-25.988982,2.525601,28.792704,-68.232327,-127.337136,-55.414692,True
233,2,1169,r,4,4,54,573.03253,14448.8217,22.550158,21.813751,5.860613,123.691287,-79.230786,66.565044,-60.843393,True
233,2,1202,r,4,4,54,1929.1974,6539.533343,17.672815,17.143147,4.360259,34.843998,-71.552442,78.706618,-51.192718,True
233,2,1215,r,5,1,12,1443.1897,10046.4595,25.875288,22.850347,12.480575,48.53234,-71.206596,101.753426,-13.208854,True
233,2,1272,r,4,2,59,3010.298,4602.385270000001,9.513438,7.437953,5.948235,-235.712694,-73.295819,68.632292,-18.056555,False
233,2,1298,l,5,2,5,2459.33,6636.82003,26.087168,-25.933494,-2.930707,-207.99718,-69.275662,-242.174298,-97.625455,False
233,2,1298,r,5,2,5,2459.33,6636.82003,17.419649,16.136409,6.651115,-186.827431,-76.286603,137.957473,-18.404255,False
233,2,1318,l,1,3,41,1707.6492,8368.7935,20.003518,-19.61804,3.987438,-97.182749,-70.469112,-138.006958,-41.816742,False
233,2,1353,r,5,2,5,1906.9792,8144.09219,16.508988,15.472066,5.830328,-156.275668,-63.93074,123.528914,-16.647521,False
233,2,1400,r,5,1,12,357.17023,20281.9938,31.544122,29.579638,11.491397,89.786272,-75.605804,113.64313,-28.803432,True
233,2,1430,l,2,4,4,3456.0728,4256.0876100000005,5.615448,-5.221167,2.069912,-151.498877,-78.330515,-40.344007,-62.307159,True
233,2,1434,l,7,1,27,2173.7083,5615.45511,15.868669,-15.605563,-2.914129,12.414069,-80.652313,-77.532436,-95.323675,True
233,2,1436,l,1,2,29,297.11108,22775.0305,29.513817,-26.565051,13.355779,89.25,-78.74286,-100.375,-25.455469,True
233,2,1442,l,7,2,46,412.17307,17132.655,19.666067,-18.866758,-5.653678,140.875329,-74.47413,-50.960145,-90.075193,True
233,2,1443,r,5,1,12,3735.194,4847.20702,13.242886,11.87484,5.904503,-172.305113,-69.2892,97.210964,-20.432328,True
233,2,1460,l,3,3,23,1079.369,10950.8055,7.198703,-6.96803,1.812207,-20.675398,-63.937973,-37.970191,-54.035207,False
233,2,1464,r,4,4,54,2834.533,4811.31005,10.449697,10.197438,2.29437,-169.957304,-72.320393,82.738145,-53.596091,False
233,2,1466,l,7,1,27,610.91583,13715.775,17.989984,-16.733784,-6.701138,70.268997,-67.125584,-66.06371,-94.084084,True
233,2,1478,r,10,2,31,3513.6987,4509.50796,20.01765,19.591146,-4.193359,-61.271392,-72.207562,125.020954,-99.544968,True
233,2,1498,r,5,2,5,479.49335,19624.9808,36.686996,35.495536,9.951482,93.637832,-70.419104,140.040691,-28.102494,True
233,2,1514,r,10,2,31,1475.1737,9714.93819,28.659002,27.838925,-7.096732,61.349109,-69.082101,120.75253,-101.274672,True
233,2,1519,l,2,4,4,3123.9844,6656.18554,6.171741,-6.019348,1.365543,-287.040475,-69.697768,-60.846413,-55.866166,False
233,2,1519,r,2,4,4,3123.9844,6656.18554,6.516055,6.466593,-0.803049,-254.9975,-72.678016,61.772751,-80.366032,False
233,2,1532,l,2,2,10,2959.1062,5580.748,7.336887,-6.407915,3.58079,-247.137364,-70.609267,-60.324747,-36.784931,False
233,2,1542,l,6,1,57,1069.4658,11588.0317,21.734955,-21.45303,-3.57474,-76.494045,-71.446148,-144.018891,-96.04613,False
233,2,1559,r,5,2,5,2007.2466,8298.64927,15.851478,15.036068,5.077486,-172.248112,-71.538599,124.170943,-29.011105,False
233,2,1582,r,4,3,67,3745.4062,3056.33039,5.653265,5.028169,2.5873,-262.003521,-70.441445,48.567523,-45.401354,False
233,2,1610,r,5,3,18,1094.4451,11097.166,26.29357,25.737247,5.573629,56.657346,-77.681788,112.48712,-52.40298,True
233,2,1612,r,5,3,18,3673.4453,4436.22036,13.621669,13.549621,1.41243,-176.426559,-67.753218,112.406432,-55.923493,True
233,2,1614,r,4,4,54,3336.9998,4092.72286,12.542137,12.058952,3.473556,-89.549934,-76.455871,81.084087,-52.897574,True
233,2,1637,r,5,3,18,2680.6953,6121.22393,11.376916,10.722869,3.824331,-235.336754,-74.57036,99.480595,-38.829364,False
233,2,1703,r,4,3,67,2544.7644,5312.96788,7.128483,6.611353,2.671514,-234.511541,-69.738479,60.793379,-45.100645,False
233,2,1723,r,8,2,20,854.48883,12983.1311,3.043951,2.745195,1.315623,-103.296826,-71.402725,18.858345,-62.359898,False
233,2,1765,r,4,3,67,858.8131,12893.2681,15.934733,15.507085,3.712729,125.678245,-61.059429,45.592338,-49.99374,True
233,2,1780,r,4,4,54,3081.8037,5227.3286,6.736613,6.485144,1.82733,-284.797868,-74.66657,65.338982,-56.210268,False
233,2,1791,r,5,3,18,1410.5605,9487.569,24.360618,24.00987,4.246697,38.998114,-68.959476,111.805051,-48.555955,True
233,2,1795,l,2,4,4,2068.0825,6288.06318,6.798309,-6.535921,1.874564,-121.797233,-72.135515,-47.179912,-58.569636,False
233,2,1797,l,3,4,3,930.42926,11271.5297,5.406368,-5.243895,1.317279,-105.93869,-71.347884,-36.339114,-62.205046,False
233,2,1801,r,4,3,67,3640.8271,3364.38765,6.60616,6.337226,1.869539,-188.396984,-70.422595,53.130156,-54.711138,False
233,2,1802,r,10,1,37,2387.5728,6350.40286,21.478962,21.140349,-3.888997,-4.226304,-75.197246,113.7706,-96.64206,True
233,2,1813,l,1,4,48,2080.527,6893.9018,14.936291,-14.223011,4.608357,-161.277271,-77.350953,-114.383569,-39.825518,False
233,2,1819,r,4,4,54,621.83954,15572.836,21.453742,19.684897,8.705036,122.274258,-68.648325,60.004634,-41.373641,True
233,2,1829,l,2,2,10,1471.9421,8699.10054,8.135228,-7.386931,3.417601,-174.809871,-66.429762,-60.260455,-38.43937,False
233,2,1855,l,7,2,46,1751.2811,7461.0507,12.377894,-11.736853,-3.959615,-13.854758,-80.394024,-63.129143,-101.875542,True
233,2,1872,l,6,1,57,2346.5583,5893.24162,22.4686,-22.01877,-4.589039,-38.977597,-74.807102,-133.04096,-103.290193,True
233,2,1873,l,1,3,41,2450.7231,6118.985790000001,21.049815,-20.75784,3.573596,-59.275769,-68.876222,-132.38341,-45.548996,True
233,2,1905,r,4,1,63,422.39963,17778.0752,19.462312,16.248557,10.860598,123.568241,-71.315501,48.505888,-38.055991,True
233,2,1949,l,1,2,29,3373.5344,5735.47009,15.327867,-14.04742,6.195671,-157.844626,-75.321819,-112.053978,-25.205849,True
233,2,1970,l,1,4,48,2341.666,7545.72955,12.855955,-12.685985,2.100891,-224.233808,-67.846212,-115.755422,-48.51008,False
233,2,1988,l,7,2,46,3486.994,3691.4405,7.610192,-7.248759,-2.323651,-133.395053,-76.88659,-53.853338,-94.205368,True
233,2,1993,r,5,3,18,1832.139,7868.6847,21.863348,21.656444,3.075601,19.373802,-75.564001,107.457006,-59.918637,True
233,2,2002,l,2,3,24,1786.9062,7766.02556,10.637841,-10.515409,1.618429,-185.045388,-74.00458,-88.176608,-60.353176,False
233,2,2028,l,1,2,29,2312.9597,8229.68859,20.370566,-18.959274,7.591256,-22.349471,-65.849968,-107.302264,-21.834306,True
233,2,2088,r,4,3,67,3607.9888,4315.47679,5.312863,4.560538,2.728321,-221.790913,-74.660233,40.822964,-50.193776,False
233,2,2093,r,4,4,54,3661.6863,3168.85965,8.1825,7.671729,2.854231,-270.227569,-68.842151,75.46428,-40.658635,False
233,2,2110,l,7,2,46,1478.2854,7027.21361,6.874791,-6.84992,-0.585644,-131.120151,-74.683081,-50.587704,-79.018621,False
233,2,2112,r,4,1,63,1673.2311,8477.84751,9.68197,5.464932,8.004357,-124.226183,-74.64484,39.62958,-16.131058,False
233,2,2130,r,10,1,37,720.4383,16459.26581,27.475022,26.975489,-5.422793,102.066193,-69.381256,95.655808,-89.399652,True
233,2,2194,l,7,1,27,2312.6985,6035.64222,16.200841,-15.248287,-5.539433,-14.581755,-71.810993,-83.028733,-102.428342,True
233,2,2215,r,4,3,67,3185.1091,4183.51182,9.800054,9.214613,3.350964,-76.852549,-64.596439,59.51317,-42.83563,True
233,2,2223,l,7,3,33,464.39032,15195.9285,26.181912,-21.021369,-15.975231,128.802816,-66.143727,-61.946789,-115.581088,True
233,2,2249,r,4,4,54,387.89633,17129.2307,24.725739,24.122663,5.597685,110.980783,-71.953424,80.16416,-52.728912,True
233,2,2314,l,2,2,10,3125.6628,6220.6996,8.41176,-6.277328,5.610614,-193.166612,-66.866891,-53.148581,-19.11532,False
233,2,2318,l,1,4,48,453.35263,19954.9629,32.224223,-32.174731,1.889627,111.288566,-64.690405,-112.430555,-57.724569,True
233,2,2320,l,1,1,35,1716.4968,8232.43966,18.140981,-17.435229,5.090502,-116.556469,-69.383035,-127.681653,-31.422726,False
233,2,2320,r,1,1,35,1716.4968,8232.43966,28.5559,28.317696,3.84325,-115.764214,-70.262983,218.643201,-39.299067,False
233,2,2478,l,2,4,4,1097.7162,12896.8172,16.266845,-14.387825,7.671005,86.257505,-74.7122,-52.266034,-46.381553,True
233,2,2490,r,4,2,59,1887.5417,8675.9189,19.193518,16.212824,10.414025,26.208086,-70.535274,76.702667,-20.045739,True
233,2,2537,l,2,2,10,2072.6162,7235.59917,8.697635,-7.405777,4.573839,-204.551034,-78.401534,-64.281668,-38.50536,False
233,2,2554,r,5,2,5,2377.002,6402.25724,24.136939,22.201592,9.719358,-61.941313,-75.345868,143.636001,-10.237953,True
233,2,2557,l,2,4,4,2359.9705,5885.53038,5.30959,-4.785277,2.303304,-193.906394,-67.485952,-40.509534,-47.954229,False
233,2,2609,r,4,1,63,2086.7954,7124.765170000001,7.140303,5.033647,5.070754,-245.145522,-71.048058,47.135857,-23.379075,False
233,2,2675,r,4,1,63,2232.4695,6762.70796,8.212528,5.270024,6.307521,-125.274852,-62.403691,38.304758,-16.306889,False
233,2,2697,l,1,3,41,1631.9303,11100.49441,26.546502,-26.442898,2.432301,17.946957,-69.707827,-135.302277,-56.801501,True
233,2,2737,r,8,2,20,2623.7666,5135.2562,4.103146,4.087318,0.360364,-30.413229,-67.111348,22.896221,-65.090933,True
233,2,2768,l,7,2,46,1173.6335,9784.6026,15.530195,-13.700428,-7.384418,91.348415,-78.32242,-48.427607,-104.821801,True
233,2,2776,r,5,1,12,1163.5328,11273.2349653,24.558728,22.695239,9.642649,51.97335,-73.7732,99.545468,-29.937549,True
233,2,2803,r,5,3,18,2633.7812,5813.72628,18.64169,18.513373,2.222787,-44.395233,-70.99747,111.973874,-57.309764,True
233,2,2824,r,3,4,3,3215.8723,4717.61853,6.1577,3.55977,5.027709,-83.14097,-65.952276,23.213015,-33.061364,True
233,2,2828,r,4,4,54,2166.2046,5523.6051,10.784965,10.372929,2.968896,-129.940751,-70.399555,76.868474,-48.258117,False
233,2,2848,l,1,2,29,2392.7842,7324.84212,20.499094,-18.067009,9.850893,-54.952438,-77.322705,-112.528035,-14.316946,True
233,2,2860,l,1,3,41,1880.8533,8088.75515,15.675313,-15.623415,1.29068,-194.023352,-71.104154,-135.354994,-59.780521,False
233,2,2889,l,2,4,4,3035.869,4517.96595,5.992667,-5.754934,1.673982,-109.133851,-77.134152,-40.225388,-65.41045,True
233,2,2893,r,4,1,63,2970.3462,5127.46423,7.728299,6.019294,4.856085,-211.431412,-80.794583,52.873291,-37.957698,False
233,2,2965,l,1,2,29,1169.5818,10828.2944,28.643217,-26.565051,11.124324,47.25,-81.808297,-121.375,-28.44153,True
233,2,2966,l,7,2,46,2601.0269,4555.2623,7.815329,-7.415465,-2.474769,-66.18084,-77.77288,-46.357581,-93.29676,True
233,2,2971,l,2,1,17,1911.0558,9055.01314,11.391433,-10.080762,5.332654,-207.973629,-69.539726,-88.530119,-22.329012,False
233,2,2975,r,4,4,54,1841.7289,9010.99969,18.446946,18.169128,3.244682,33.271812,-73.699031,84.254679,-58.381107,True
233,2,3003,l,2,3,24,946.0739,9878.0887,17.1795,-16.952683,2.824162,41.850699,-64.144136,-75.642827,-51.346606,True
233,2,3018,l,2,1,17,3295.1252,5294.40036,13.212612,-10.503795,8.060638,-65.076457,-70.422419,-65.833855,-19.279395,True
233,2,3021,l,7,2,46,1127.2616,8937.4675,7.609331,-7.09949,-2.745504,-38.249577,-75.983083,-40.882677,-91.845842,False
233,2,3041,r,4,1,63,3352.3042,4789.35405,8.326213,5.780128,6.003197,-84.504281,-76.096722,37.909531,-36.512352,True
233,2,3047,l,7,1,27,1268.0475,7757.14833,12.459036,-12.351344,-1.647437,-53.417073,-77.408215,-75.199467,-87.519306,False
233,2,3054,r,5,3,18,2470.252,6305.477559999999,20.310845,19.746507,4.852425,-37.637071,-74.067305,117.611182,-44.515163,True
233,2,3076,l,2,2,10,1794.2418,8173.95527,7.111975,-6.313117,3.281519,-220.423505,-64.314166,-56.469565,-34.869963,False
233,3,0,l,2,3,24,3061.285,4687.736613,10.437234,-9.466402,4.415983,-98.986011,-78.484163,-64.859473,-48.029438,True
233,3,16,l,3,1,16,3073.8323,5634.1004,7.547467,-5.036127,5.628799,-24.671226,-45.549644,-27.730107,-14.415977,True
233,3,17,r,4,3,67,3221.5835,5002.62371,7.658443,7.142928,2.769499,-123.919622,-76.241631,51.871375,-56.061838,True
233,3,32,r,3,4,3,2135.3142,6496.72715,21.209107,19.613241,8.235324,-74.373585,-75.75388,129.842486,-19.769285,False
233,3,40,l,7,2,46,942.46924,10763.308606,16.208717,-15.929417,-3.035601,75.762866,-67.876092,-61.145992,-79.690955,True
233,3,48,r,4,3,67,2258.606,6243.52368,10.408039,10.293445,1.548586,-7.873655,-74.506375,54.097614,-66.321779,True
233,3,99,l,2,2,10,1991.6808,7495.72565,6.947993,-5.345884,4.444492,-195.672862,-69.805367,-45.446824,-31.89057,False
233,3,184,r,4,1,63,559.94586,15739.0536,17.512139,13.375599,11.408219,109.524316,-76.197277,42.914159,-38.764675,True
233,3,188,l,2,2,10,1617.5557,8885.67139,12.745266,-9.679742,8.331082,-55.840233,-79.605062,-58.989712,-28.229371,False
233,3,188,r,2,2,10,1617.5557,8885.67139,25.294322,14.719762,20.80333,-37.71996,-72.823193,86.096545,55.91283,False
233,3,201,r,4,2,59,2054.286,7110.04327,9.943367,7.396777,6.66374,-196.573923,-74.585999,63.167085,-17.261826,False
233,3,249,l,7,4,39,836.58435,12344.7899,13.297273,-13.121734,-2.172646,-91.79962,-75.757309,-89.000238,-90.630364,False
233,3,294,r,4,2,59,1382.7292,9183.58515,17.986423,16.441853,7.395132,66.008455,-66.733814,66.102129,-36.422224,True
233,3,298,l,1,3,41,760.1622,14287.722,29.075477,-28.415084,6.435995,51.09268,-82.2103,-129.258003,-51.569002,True
233,3,304,r,10,1,37,3649.0276,4093.03521,17.400644,17.164361,-2.901826,-81.629997,-76.113811,114.785439,-95.829756,True
233,3,321,l,2,1,17,2228.9436,7621.13185,10.160886,-8.882371,4.954203,-193.134888,-68.54868,-75.50461,-26.160612,False
233,3,329,l,7,2,46,390.62665,16918.564300000002,19.764661,-19.314308,-4.277617,131.823986,-78.45066,-55.4368,-90.987424,True
233,3,346,r,4,2,59,2828.503,5681.2572,16.123092,13.069342,9.525141,-60.136011,-78.552918,81.281727,-18.240013,True
233,3,365,l,1,1,35,2121.6013,7163.35243,24.476043,-23.376344,7.466936,-26.619314,-80.175308,-136.858239,-34.966655,True
233,3,383,r,5,3,18,896.32117,13013.4452,24.203232,23.869886,4.12573,66.015964,-67.592482,99.115256,-49.92483,True
233,3,404,l,7,1,27,3197.6104,4658.08205,9.631235,-9.556679,-1.201661,-90.677593,-75.4736,-64.09077,-83.571079,True
233,3,450,r,4,4,54,2924.6418,4616.33155,7.221066,7.122907,1.189658,-257.179952,-77.56174,68.377038,-66.110385,False
233,3,477,l,1,4,48,2652.3,6136.64035,19.090577,-18.987049,2.02313,-43.711475,-67.950308,-114.821707,-55.483681,True
233,3,489,r,4,4,54,3442.5007,4506.24348,10.184216,10.099801,1.315382,-108.068364,-73.160057,70.905347,-63.875827,True
233,3,536,l,1,4,48,901.9433,15957.1605,30.419027,-29.484322,7.843972,80.199901,-70.658236,-118.62341,-37.455009,True
233,3,547,l,1,3,41,2514.7693,7738.46984,21.976318,-21.930465,1.455231,-68.257421,-68.67751,-144.239884,-58.866372,True
233,3,552,r,4,4,54,438.96393,16777.639,22.567944,20.737722,9.105918,124.982643,-76.54183,62.479049,-48.260537,True
233,3,559,l,2,4,4,1433.2107,8840.6677,14.306147,-13.85754,3.589811,59.818254,-74.672683,-56.783229,-59.799063,True
233,3,565,r,5,3,18,361.15955,17681.8733,28.397588,26.565051,10.422855,96.25,-86.591455,96.875,-46.745086,True
233,3,568,r,4,3,67,1859.2201,7055.42422,10.685638,10.275513,2.947892,66.723788,-73.262626,40.477597,-61.577409,True
233,3,625,r,4,3,67,3241.4443,4408.11399,5.182022,4.647575,2.29455,-230.530362,-72.299746,42.31592,-51.373878,False
233,3,628,l,1,4,48,2862.218,5369.16126,16.434856,-16.145734,3.110844,-70.15277,-74.207945,-104.264254,-53.830677,True
233,3,645,l,2,2,10,2081.8464,8487.16363,8.927025,-5.852768,6.752461,-174.630653,-71.720754,-47.627833,-16.419585,False
233,3,718,r,4,2,59,2489.462,5173.94315,10.252221,8.268253,6.08288,-252.6814,-73.390647,78.861581,-14.951291,False
233,3,722,r,5,1,12,2227.0774,6972.3068,17.630523,15.122522,9.171164,-73.399621,-76.013386,98.206003,-15.238541,True
233,3,797,r,5,3,18,297.09464,20281.2726,31.77217,31.623297,3.244944,129.175683,-69.738722,99.029946,-59.0307,True
233,3,803,l,2,2,10,406.5658,18472.2307,19.586451,-17.208985,9.498108,125.513803,-68.333029,-50.945251,-39.523308,True
233,3,829,l,7,2,46,2497.7324,4777.63584,8.68659,-7.653764,-4.120424,-51.021578,-67.869317,-45.827732,-92.657071,True
233,3,833,r,8,2,20,3649.8528,3531.60024,3.975451,3.565026,1.760342,-90.264839,-73.164713,23.691206,-61.455211,True
233,3,854,r,4,1,63,2506.3147,5982.95175,5.859195,4.633415,3.590229,-171.824537,-66.775884,37.428617,-37.704407,False
233,3,884,r,5,1,12,2641.261,5460.69228,14.108032,12.871358,5.825628,-220.967324,-71.579544,116.75834,-18.102725,False
233,3,907,l,2,2,10,2837.1624,5421.794165,8.505117,-6.962207,4.897233,-170.967926,-71.160093,-56.291128,-31.370228,False
233,3,915,r,4,3,67,2447.0056,6431.24588,8.330805,8.015025,2.279392,-38.777203,-76.290348,46.294544,-63.074638,True
233,3,920,l,7,2,46,1235.4844,8752.746,12.939447,-12.019342,-4.827812,51.651575,-66.803845,-50.746627,-87.386262,True
233,3,930,r,4,2,59,1894.2213,7961.70806,18.042496,14.425167,10.954385,12.861936,-71.63903,71.286733,-16.251635,True
233,3,947,r,5,1,12,346.83313,22051.9433,33.820813,32.144072,11.131883,106.50206,-70.240759,115.304823,-27.597125,True
233,3,1000,r,4,4,54,2451.689,5974.55469,7.801255,7.752812,0.870701,-229.203171,-69.677369,70.686406,-61.713844,False
233,3,1016,l,6,1,57,770.25867,12789.9297,32.404863,-31.861492,-6.247582,89.467595,-75.927594,-124.633513,-101.77549,True
233,3,1065,l,2,3,24,1759.8632,8420.733,18.274918,-17.557806,5.150949,16.903672,-72.165337,-86.409958,-46.344424,True
233,3,1097,r,10,1,37,3404.6067,5407.84083,18.733314,18.156887,-4.691105,-53.530398,-72.168331,112.660683,-101.835189,True
233,3,1122,l,1,3,41,3712.6934,4407.82459,15.959153,-15.550863,3.631919,-190.772273,-68.753268,-133.789679,-37.077163,False
233,3,1132,r,4,1,63,2142.1526,7095.70979,7.285751,5.27053,5.037394,-106.016079,-67.99559,36.531869,-32.940008,False
233,3,1160,l,8,1,1,3534.1858,4262.20513,3.409139,-3.046151,1.53147,-164.752555,-71.971581,-24.199889,-59.796311,True
233,3,1176,l,1,2,29,1763.0763,9223.936561,25.112542,-23.809258,8.228431,21.347198,-70.177338,-118.54186,-27.713918,True
233,3,1196,r,4,2,59,2271.1047,7087.72619,8.252718,6.939532,4.477546,-254.202601,-76.115317,66.236766,-33.18574,False
233,3,1207,l,2,2,10,1357.597,10047.73904,17.156014,-10.065472,13.965441,33.259558,-80.082541,-45.572827,-15.236352,True
233,3,1232,r,5,2,5,2215.3562,8103.51067,24.360088,23.40403,6.956263,-31.517237,-76.653681,139.159783,-33.908661,True
233,3,1256,l,2,4,4,2000.2081,7070.0795,8.580355,-7.159228,4.741851,-140.586474,-78.954977,-54.084452,-42.95701,False
233,3,1280,r,5,3,18,1859.0127,7899.831599999999,21.665139,21.236537,4.390802,10.858919,-78.384707,108.476526,-55.389514,True
233,3,1285,l,1,4,48,2282.6985,8708.19703,21.347258,-20.697218,5.34655,-17.921149,-71.895068,-116.336623,-41.089594,True
233,3,1302,r,8,2,20,2694.3772,5346.48728,2.46892,2.455073,0.261197,-193.48098,-70.509152,20.729416,-68.303044,False
233,3,1318,l,7,1,27,1633.7737,7993.94867,10.527788,-10.221993,-2.532468,-97.435679,-70.671289,-69.864221,-88.083445,False
233,3,1365,r,4,2,59,2498.5762,6885.97932,9.704766,7.678715,5.952509,-207.431768,-68.201579,67.067253,-15.866935,False
233,3,1370,r,8,2,20,2161.1587,6491.90384,4.07191,4.062216,0.281047,-21.125596,-63.755412,22.095542,-62.225423,True
233,3,1466,r,4,1,63,1311.8091,9083.2011,9.727692,7.482787,6.233557,-141.434092,-68.840092,56.667521,-21.310911,False
233,3,1478,r,5,1,12,1585.0592,10616.27147,24.86266,23.30036,8.927175,35.349708,-73.000954,109.671638,-29.448027,True
233,3,1488,l,2,4,4,654.5312,14940.5929,19.487423,-18.958234,4.595856,108.328018,-67.176048,-62.406584,-51.734687,True
233,3,1611,l,1,4,48,1481.8741,8724.98374,16.554055,-16.475909,1.629343,-118.257503,-67.751004,-120.744683,-55.640839,False
233,3,1622,l,7,1,27,3580.9102,3004.8618,10.11811,-9.641315,-3.084015,-160.421769,-70.236934,-76.517267,-94.85256,True
233,3,1689,l,1,3,41,1525.6344,11719.29768,18.505339,-18.058298,4.112085,-121.928428,-74.341733,-134.3072,-43.192647,False
233,3,1699,l,7,1,27,319.0111,17928.90037,25.461451,-25.082381,-4.526136,120.524215,-69.767503,-79.324715,-84.580173,True
233,3,1784,l,7,2,46,4054.224,3256.52755,5.269429,-5.243046,-0.527376,-194.419259,-75.331043,-44.452589,-79.808719,True
233,3,1809,l,7,3,33,349.34805,17911.0087,26.761416,-24.199173,-11.78807,101.853243,-67.109846,-84.553243,-110.157648,True
233,3,1836,l,2,2,10,3061.2632,4944.85688,9.32282,-7.003446,6.169002,-52.50974,-67.832191,-42.07582,-30.532909,True
233,3,1857,l,1,3,41,776.63965,14479.1264,32.351166,-32.157825,3.737835,91.298117,-69.706156,-124.925083,-54.372504,True
233,3,1874,l,7,2,46,1635.056,6654.49105,6.667384,-6.064537,-2.775643,-94.60122,-76.47404,-40.861263,-95.22523,False
233,3,1907,l,1,3,41,1391.1864,11280.90146,28.746854,-28.463184,4.208411,41.551526,-73.422581,-134.689881,-52.627342,True
233,3,1915,l,1,3,41,3647.4958,4757.34169,15.151477,-15.088983,1.390969,-206.588052,-71.445108,-133.887304,-58.956503,False
233,3,1916,l,2,1,17,468.27408,18798.7162,25.418385,-21.269018,14.254138,100.036443,-79.060732,-73.945386,-27.27422,True
233,3,1967,r,10,1,37,2203.627,6902.14103,16.320175,16.129634,-2.520262,-101.89159,-77.602523,113.333303,-95.558566,False
233,3,1970,r,10,1,37,1533.5492,9223.30329,12.143581,11.990614,-1.935613,-157.364425,-74.176173,95.013652,-89.632386,False
233,3,1984,l,2,1,17,2601.633,5964.98463,14.32926,-12.968757,6.147119,-62.867164,-71.420798,-81.263155,-32.421883,True
233,3,1995,r,10,1,37,511.09222,17427.5444,29.162844,28.853956,-4.428047,119.648765,-70.365652,93.860397,-85.427202,True
233,3,2009,l,1,2,29,2376.2847,7209.66066,21.351194,-19.366349,9.167814,-42.705743,-70.614235,-116.944598,-13.699045,True
233,3,2024,r,4,2,59,742.31903,14870.7884,26.208505,24.444281,9.758193,105.969472,-63.124941,83.651504,-28.359378,True
233,3,2031,r,4,3,67,2682.909,6260.190196,11.330814,10.111264,5.140498,-53.084331,-77.750768,61.182217,-46.399941,True
233,3,2082,l,2,2,10,2532.7441,5631.63805,8.422062,-6.480296,5.390824,-184.507237,-68.256603,-53.897978,-23.191203,False
233,3,2101,l,7,2,46,3702.7166,2731.8405,5.825577,-5.332291,-2.349461,-143.109181,-76.485886,-40.42453,-94.333085,True
233,3,2110,l,2,4,4,1845.5513,8098.78314,7.228811,-6.966329,1.935055,-63.786254,-71.181721,-43.228464,-59.139827,False
233,3,2126,r,10,2,31,2271.5588,6184.51355,15.947601,15.675753,-2.969497,-197.468866,-72.562696,136.798756,-98.82648,False
233,3,2165,r,4,3,67,2537.4568,5185.18498,4.702064,4.198108,2.119751,-249.874116,-75.670427,39.62795,-55.634029,False
233,3,2172,l,2,4,4,3057.6526,4479.46454,5.539053,-5.46018,0.932836,-280.131105,-73.115368,-54.497495,-63.789896,False
233,3,2202,l,2,2,10,1794.8317,8472.05994,7.101767,-4.589372,5.425475,-273.378098,-74.583148,-45.223144,-20.903386,False
233,3,2242,r,4,2,59,3083.0276,5232.2765,13.901916,11.84707,7.32654,-87.813333,-72.980803,79.253304,-23.346655,True
233,3,2245,l,2,1,17,3160.069,5524.38478,8.741162,-7.843612,3.87032,-261.165585,-76.030929,-75.927744,-38.39091,False
233,3,2292,l,2,1,17,2668.7693,7465.49486,11.147815,-9.24378,6.258354,-199.277873,-68.69332,-79.629442,-14.330517,False
233,3,2329,l,7,1,27,1213.3954,9563.1849,18.361067,-18.308148,-1.417509,77.034103,-77.926627,-70.465337,-83.477503,True
233,3,2330,r,10,2,31,2383.8298,6636.37416,25.162468,25.038736,-2.576762,9.986653,-71.667064,130.802911,-85.575702,True
233,3,2347,l,8,3,7,3211.1404,3587.82771,9.756188,-9.560851,-1.951603,81.406397,-80.080864,-35.134378,-87.288826,True
233,3,2357,l,1,3,41,1779.2217,10371.49829,24.44388,-23.924101,5.16839,-9.122418,-69.220449,-132.703373,-39.621524,True
233,3,2362,l,2,2,10,1591.7157,11233.7594,10.28004,-7.42954,7.125048,-86.412848,-63.800502,-49.084847,-16.350324,False
233,3,2363,l,1,1,35,1404.054,9770.3011,19.441735,-18.341473,6.561516,-119.863874,-72.132271,-135.878719,-22.465172,False
233,3,2390,l,7,3,33,711.7595,12717.7438,22.965963,-21.107448,-9.264793,120.431171,-78.689928,-65.456491,-108.340246,True
233,3,2397,r,4,3,67,1347.7703,8749.1642,15.569823,13.467464,7.886566,95.628355,-75.430216,46.547782,-47.744066,True
233,3,2402,r,4,1,63,3313.859,4505.38631,7.662418,5.597304,5.241215,-125.262896,-62.82183,40.697156,-24.546238,True
233,3,2437,r,4,4,54,2337.5657,6270.76342,16.04506,14.743346,6.402117,-5.855124,-75.973489,77.855412,-41.646761,True
233,3,2509,l,7,2,46,2312.186,5487.42416,11.506698,-10.285943,-5.185863,-5.011521,-67.332503,-53.537914,-94.544592,True
233,3,2515,r,4,3,67,2291.3503,6323.89845,6.442798,6.204334,1.740037,-92.072983,-75.240185,41.535652,-63.564917,False
233,3,2520,l,1,3,41,1095.9014,12182.4734,28.700443,-27.816508,7.368599,56.625353,-73.679951,-123.130437,-39.556888,True
233,3,2566,r,10,1,37,1229.9933,10342.9572,10.126861,10.035786,-1.362107,-247.374095,-73.117279,95.099657,-86.093364,False
233,3,2591,r,10,2,31,2081.8347,6688.71631,21.091681,20.914572,-2.790846,-49.477084,-73.08662,129.73263,-90.8027,True
233,3,2628,l,3,3,23,4102.913,3163.70185,5.133781,-4.150583,3.023966,-83.879837,-63.803644,-27.131832,-44.000671,True
233,3,2664,r,4,1,63,471.8853,16766.7308,10.802803,5.118359,9.526012,-149.888495,-64.036058,39.401084,10.076869,False
233,3,2678,r,5,3,18,1431.8253,9847.58886,15.13104,14.204878,5.266957,-109.313599,-71.687607,101.078049,-33.715646,False
233,3,2729,l,2,3,24,2962.709,5269.92566,11.835985,-11.290704,3.57441,-104.047694,-74.030783,-78.672014,-48.930303,True
233,3,2743,r,5,2,5,2355.643,7616.53054,23.070807,22.252446,6.251168,-36.715039,-66.322038,133.678936,-27.654381,True
233,3,2750,l,2,2,10,1656.3129,8334.09805,7.964133,-6.837672,4.093078,-95.481958,-63.60438,-46.223018,-35.821893,False
233,3,2751,r,4,2,59,2284.5054,5903.30193,13.631042,11.076902,7.994171,-28.257667,-71.439497,62.306441,-25.895844,True
233,3,2755,l,7,1,27,1456.3586,7790.22524,12.663163,-12.303859,-3.018487,-101.652748,-68.247668,-85.421745,-89.385546,False
233,3,2761,r,4,2,59,1704.7958,9113.0845,11.920339,9.186321,7.629298,-99.856433,-76.07534,63.047452,-23.176007,False
233,3,2786,r,4,4,54,4082.9917,3774.46655,7.299806,7.234475,0.977046,-298.760031,-73.699978,74.73763,-63.578494,False
233,3,2800,r,10,1,37,1893.4104,7256.39254,15.708762,15.559714,-2.185997,-53.661101,-72.448748,95.691479,-86.065806,False
233,3,2802,r,4,1,63,1507.747,8768.22943,7.859403,6.188504,4.854316,-82.934815,-66.502143,40.437979,-34.644222,False
233,3,2805,l,2,3,24,2741.456,5199.99036,10.070618,-9.57778,3.126455,-224.354871,-78.869967,-86.791448,-50.378154,False
233,3,2809,r,4,3,67,2003.7098,7191.45407,6.550288,6.510635,0.721203,-153.614152,-70.778894,50.626864,-65.158418,False
233,3,2812,l,2,4,4,3534.586,4796.76062,6.768417,-6.533716,1.770771,-164.44005,-68.222935,-52.047811,-54.081787,True
233,3,2865,l,2,2,10,2536.279,5977.5474300000005,13.868206,-10.306388,9.329954,5.274721,-72.962512,-51.776148,-25.416956,True
233,3,2886,r,10,3,43,3281.779,2519.85435,18.722656,17.184045,-7.547634,-43.544059,-73.344286,103.147363,-119.603299,True
233,3,2891,r,4,4,54,2198.7883,6169.30783,13.639475,13.090682,3.863947,-4.364671,-75.951554,68.450344,-55.539411,True
233,3,2920,l,2,3,24,1819.2366,7062.61783,9.145541,-8.607942,3.101086,-196.944534,-77.935609,-73.712483,-51.253826,False
233,3,2935,r,5,1,12,1452.7223,10840.92806,23.674525,21.243892,10.699868,30.582831,-74.174928,100.849985,-21.584458,True
233,3,2953,l,1,4,48,1174.3737,11430.79259,26.283261,-26.177336,2.445166,80.21998,-65.284284,-103.121516,-55.30242,True
233,3,2957,l,2,4,4,2777.6836,5632.60467,7.515695,-6.631511,3.544701,-218.504762,-73.74958,-59.119433,-42.037694,False
233,3,3024,l,2,4,4,1770.2584,8302.42396,14.187047,-13.61572,4.023741,29.60076,-65.57189,-63.072837,-46.724904,True
233,3,3025,r,10,1,37,2386.792,6414.02802,14.098754,13.91751,-2.275977,-189.700271,-76.735262,118.869404,-96.37719,False
233,3,3043,r,4,4,54,2250.0537,5997.38418,8.042617,7.656908,2.468149,-197.916648,-79.414966,65.595291,-58.1946,False
233,3,3069,r,4,4,54,274.78226,19397.7849,23.594733,23.349905,3.489286,105.173206,-71.959669,79.78991,-59.684554,True
233,3,3074,l,2,2,10,2445.844,7122.66347,7.860438,-4.905194,6.14964,-218.738891,-75.167287,-43.660763,-20.151449,False
233,3,3085,r,4,1,63,3332.23,5372.67115,7.712346,6.334321,4.40862,-171.217816,-57.534272,51.198586,-21.757275,False
233,3,3091,l,1,2,29,1713.2721,9940.17325,16.153873,-14.715978,6.737289,-120.024078,-67.095059,-107.690023,-17.014966,False
233,3,3101,r,5,1,12,2433.441,6903.50115,18.651075,16.717228,8.391013,-38.618263,-75.789207,98.697917,-25.176663,True
233,3,3102,r,4,3,67,2674.527,5522.05185,6.771027,6.11555,2.911887,-170.440392,-71.47685,49.333275,-47.922127,False
233,4,24,r,5,1,12,2149.8906,9095.41593,21.962723,18.728607,11.683779,-34.693942,-80.554377,110.083552,-9.655254,True
233,4,38,r,4,1,63,2968.4124,5528.49081,8.052793,5.135689,6.210927,-203.889929,-77.587678,44.388608,-23.62211,False
233,4,51,r,4,3,67,3566.477,4228.9447,8.804929,8.27284,3.024995,-78.281475,-75.290498,53.548174,-55.623932,True
233,4,61,r,10,1,37,715.7133,15653.1958,30.374927,29.935671,-5.403701,102.5247,-64.567597,107.958444,-85.031632,True
233,4,88,l,7,2,46,915.4003,11279.4273,20.81302,-19.303877,-7.933791,148.045258,-81.017906,-49.722627,-101.979587,True
233,4,102,r,4,3,67,2452.5308,5939.8010300000005,6.828647,5.796219,3.616479,-141.627624,-69.691808,43.81436,-42.271274,False
233,4,114,l,1,3,41,781.539,14383.2045,31.903986,-31.573773,4.835075,63.032699,-80.928319,-139.488043,-58.39351,True
233,4,136,l,7,2,46,1345.987,8747.83365,9.917274,-9.847158,-1.183052,-48.151237,-76.027645,-58.695524,-83.115255,False
233,4,143,l,2,1,17,2506.259,6873.60311,14.666994,-11.649115,8.97404,-97.439904,-80.99925,-79.876168,-18.527984,True
233,4,173,l,7,1,27,2220.0862,5192.11356,9.612559,-8.738736,-4.020117,-138.810014,-69.73022,-65.913878,-100.220786,False
233,4,188,r,10,2,31,1640.4324,9498.95575,28.175245,27.29166,-7.286376,52.504408,-65.559162,122.536838,-99.729337,True
233,4,212,r,4,1,63,2269.0457,7499.1059,6.966653,4.532144,5.29646,-243.309962,-68.893821,42.27347,-19.29831,False
233,4,237,l,1,3,41,1714.4175,8742.985639999999,23.805487,-23.395682,4.527216,-4.579922,-77.902263,-127.44976,-52.48808,True
233,4,250,l,1,3,41,3173.5579,5276.11848,18.038339,-17.740634,3.317474,-104.300094,-69.688798,-126.145396,-45.691776,True
233,4,255,l,3,3,23,3601.682,3927.16637,5.61505,-5.198859,2.124392,-57.430115,-54.756328,-31.611641,-41.815296,True
233,4,258,l,8,4,14,734.20306,10571.6971,66.019901,-65.632682,9.917685,7.205371,-69.008895,-624.363729,50.834352,False
233,4,277,r,4,1,63,1741.101,7950.28716,9.011136,6.980916,5.71219,-83.72223,-72.93236,45.760967,-35.27042,False
233,4,290,l,2,3,24,2807.4597,5751.02235,7.13685,-7.11658,0.538888,-257.91269,-69.57913,-68.407156,-64.385644,False
233,4,337,r,5,3,18,305.8577,21261.1354,31.189743,29.890234,9.352553,120.416244,-66.378138,97.476524,-34.162757,True
233,4,372,r,4,4,54,3282.4507,4853.71276,11.918792,11.276141,3.886102,-90.512029,-68.854058,75.869041,-42.497292,True
233,4,381,l,1,3,41,2550.9346,5737.27258,19.103385,-19.068756,1.171734,-131.826212,-70.151504,-145.812861,-61.022779,False
233,4,433,l,3,3,23,3650.3677,4062.03842,6.313019,-5.497828,3.107694,-4.552857,-60.589743,-28.350945,-44.523753,True
233,4,437,r,10,2,31,317.569,19239.8682,33.483075,32.924264,-6.466882,111.880973,-73.18214,115.337397,-97.235106,True
233,4,465,r,5,1,12,1437.3488,9762.0552,24.265357,21.793237,10.940993,37.252212,-68.558102,101.0573,-15.938227,True
233,4,475,l,1,4,48,560.9732,17594.9026,29.764046,-29.22265,5.918498,91.583944,-74.727133,-110.993943,-51.15848,True
233,4,483,l,2,1,17,1249.7997,11265.2681,20.959129,-17.841284,11.182665,69.577936,-79.057291,-70.945017,-33.280386,True
233,4,489,l,2,3,24,2777.3506,4705.49108,7.615394,-7.516659,1.225846,-278.009659,-74.080299,-74.947906,-61.820501,False
233,4,512,l,1,3,41,718.4289,15825.5198,29.760659,-29.419489,4.709062,43.566951,-71.367418,-138.968348,-48.062443,True
233,4,518,r,4,4,54,3209.991,4542.63524,8.488516,7.573963,3.84398,-230.205628,-75.057649,69.16966,-39.796906,False
233,4,519,r,5,3,18,554.7016,16742.0167,29.760131,29.65464,2.62579,105.021286,-69.558485,105.315993,-59.796643,True
233,4,526,l,7,2,46,3579.1746,3093.30668,5.357969,-5.116646,-1.592012,-177.53448,-74.779549,-41.86326,-87.825724,True
233,4,545,l,7,1,27,1310.0504,8140.903420000001,19.567013,-18.993395,-4.792374,47.359283,-77.916381,-83.516612,-99.430267,True
233,4,563,l,2,2,10,1909.7745,7850.93229,14.751892,-12.531289,7.846734,37.565683,-69.867863,-56.107989,-34.229896,True
233,4,577,r,5,1,12,1876.6854,7498.13219,21.599428,19.418641,9.646167,10.051842,-66.947554,98.687696,-16.495839,True
233,4,596,r,4,4,54,2121.2534,6734.43778,11.137463,10.248392,4.38395,-141.469486,-76.896611,78.009889,-43.282128,False
233,4,653,l,1,3,41,1766.8718,8751.07445,25.664088,-25.534312,2.668765,-11.445642,-76.444509,-144.00385,-60.872419,True
233,4,672,l,2,1,17,374.78113,21070.4664,24.081216,-20.716348,12.557542,104.234888,-65.373092,-70.255363,-21.133807,True
233,4,685,r,4,2,59,3190.4622,4944.23741,9.155179,8.068037,4.341529,-215.030701,-73.84221,71.589093,-35.117323,False
233,4,696,r,4,2,59,2113.5251,5962.367,10.78724,9.480295,5.170405,-139.312627,-69.178245,71.69052,-29.793407,False
233,4,706,r,4,1,63,2649.3372,6564.31911,10.350855,8.502754,5.924662,30.285456,-61.063055,38.827362,-33.811654,True
233,4,778,r,4,3,67,468.29208,16587.5274,18.28503,15.735084,9.434105,101.113392,-76.042697,53.218452,-43.435258,True
233,4,791,l,1,3,41,3634.951,3914.40131,14.480329,-14.42645,1.26145,-197.199828,-70.647063,-125.331418,-59.569624,False
233,4,802,r,4,3,67,3125.9307,5008.00694,8.812332,8.392716,2.69659,-47.04738,-67.832849,49.727043,-51.786356,True
233,4,804,l,8,3,7,3369.1138,4218.96675,8.845128,-8.066945,-3.63983,73.723826,-84.697393,-30.653368,-98.592784,True
233,4,815,r,4,2,59,2308.113,6688.9529,13.392493,10.646905,8.171516,-63.686946,-73.318307,66.490443,-21.641053,True
233,4,828,r,5,3,18,338.47104,19200.2172,31.595903,30.347013,9.247931,93.652558,-74.62163,114.952406,-37.575713,True
233,4,833,r,4,3,67,1391.6309,9434.75126,9.618364,9.487498,1.588525,5.62966,-64.252037,47.523488,-56.256484,True
233,4,854,r,4,2,59,3258.9688,4914.70454,9.737255,8.33269,5.055786,-254.292446,-70.778937,79.720864,-22.111695,False
233,4,863,l,6,1,57,883.16766,11431.2178,20.041076,-19.957618,-1.865512,-73.791282,-79.137349,-132.104534,-91.743386,False
233,4,870,r,4,1,63,2127.9104,7229.81073,8.959456,6.844044,5.795769,-157.07289,-72.419465,53.6588,-26.715129,False
233,4,875,r,4,4,54,2077.3777,7194.91539,9.523013,9.067258,2.923021,-234.28593,-68.986408,83.66974,-41.877273,False
233,4,879,l,2,2,10,1655.3302,8883.9826,14.353528,-7.884028,12.032601,5.75704,-82.306553,-39.361213,-21.141638,True
233,4,903,l,7,2,46,3145.9302,3868.44289,6.784275,-6.191404,-2.779029,-89.613855,-74.255691,-41.181635,-92.790742,True
233,4,909,r,4,1,63,2760.0645,5955.15222,8.570818,6.887997,5.112782,-211.740494,-78.316792,60.610627,-33.098458,False
233,4,915,l,1,4,48,1013.5954,15117.85783,25.376471,-25.013472,4.421544,76.622478,-72.571308,-99.560661,-54.36444,True
233,4,944,l,2,2,10,2231.374,6972.07309,9.458676,-7.632594,5.603223,-129.564475,-67.639814,-56.224802,-26.109378,False
233,4,964,l,6,1,57,1451.2238,8562.792,28.036571,-27.301717,-6.637338,14.281856,-66.329712,-142.319212,-102.43555,True
233,4,981,l,6,1,57,673.16486,15706.7966,35.232649,-34.306712,-8.566716,100.772904,-75.549455,-129.114458,-110.058369,True
233,4,1074,r,4,3,67,2277.7112,7110.1739,4.687209,4.496209,1.325762,-257.431309,-73.030662,43.047334,-60.322323,False
233,4,1093,r,4,4,54,2264.663,6197.17993,13.070273,12.432484,4.065173,-14.5001,-74.094321,67.129694,-51.933859,True
233,4,1121,l,2,1,17,259.92215,22139.2619,25.060536,-19.878106,15.58068,112.228457,-71.395635,-64.275579,-18.684938,True
233,4,1143,l,1,2,29,2437.1272,6818.247,20.500435,-18.334923,9.332583,-53.716713,-75.571838,-113.905897,-16.064383,True
233,4,1144,l,1,1,35,3722.8965,4472.349,15.918258,-14.539371,6.551621,-200.121076,-71.168962,-127.113308,-13.017074,False
233,4,1153,r,5,2,5,1103.4429,12579.1723,30.778971,30.140317,6.553325,61.902077,-63.56101,132.43827,-33.260831,True
233,4,1175,r,4,3,67,659.0467,14691.7204,20.392847,19.18399,7.050991,119.965553,-66.888539,59.15899,-44.62074,True
233,4,1187,l,6,1,57,3244.5828,3646.3854,17.435183,-17.277986,-2.372443,-130.804795,-79.579794,-130.888757,-97.837896,True
233,4,1202,r,10,2,31,2265.5796,6448.1852,14.326526,14.121182,-2.441882,-178.44703,-75.428137,117.84989,-96.02739,False
233,4,1220,r,5,1,12,1601.375,9769.78395,26.113498,23.436609,11.857147,31.282982,-77.845035,112.153168,-18.642719,True
233,4,1238,r,10,1,37,2906.34,5508.72319,12.204982,11.997614,-2.256881,-209.970507,-74.03184,106.250254,-94.175893,False
233,4,1257,l,1,3,41,970.9997,15084.41508,30.777675,-29.975156,7.331896,48.03746,-74.08467,-139.557281,-38.144331,True
233,4,1266,r,10,1,37,659.416,14648.8667,29.016808,27.777796,-8.744427,97.916483,-70.699186,101.179039,-104.092761,True
233,4,1275,r,4,4,54,2363.2332,6084.8875100000005,7.585946,7.278383,2.14394,-256.238457,-67.567158,69.765297,-46.951906,False
233,4,1300,r,10,4,50,2621.3325,3569.9564,23.864788,22.022294,-9.432916,-25.925521,-67.274431,127.785215,-123.893059,True
233,4,1339,l,7,2,46,2278.7397,7075.89545,12.851463,-11.135102,-6.45727,45.472457,-72.878073,-48.12999,-101.084754,True
233,4,1379,l,1,4,48,1256.8152,11051.8845,23.007946,-22.814616,3.059233,26.998955,-62.922734,-110.634415,-47.673764,True
233,4,1385,l,1,3,41,1867.4032,9974.43676,25.078714,-24.419501,5.895934,-2.067653,-74.755911,-132.607643,-41.631384,True
233,4,1387,l,1,1,35,1692.2972,10511.83044,26.542626,-25.692111,6.904197,13.761639,-66.683764,-132.897707,-29.565039,True
233,4,1388,r,4,1,63,374.17365,19004.7076,23.455868,19.12605,13.840814,117.294274,-68.632913,59.892672,-23.595801,True
233,4,1406,r,4,4,54,1222.1149,9372.89456,17.293961,17.008885,3.17439,70.206401,-63.695067,67.234918,-50.947665,True
233,4,1410,r,4,3,67,779.2267,12913.25642,16.243962,14.036243,8.259679,126.0,-67.682082,41.0,-43.142228,True
233,4,1432,r,5,2,5,1708.0363,8407.22317,17.860879,15.990151,8.063824,-137.267155,-75.568248,122.437407,-12.597956,False
233,4,1446,l,1,3,41,488.18405,19316.9062,34.733477,-34.473583,4.530596,92.688392,-78.440746,-135.474611,-59.475411,True
233,4,1495,r,5,3,18,3659.065,4602.44889,14.367791,14.078579,2.897708,-188.776191,-75.053669,120.069996,-50.068639,False
233,4,1504,l,6,1,57,2263.8809,3955.53413,22.427421,-21.85525,-5.161668,-27.396108,-75.187059,-127.304549,-106.078533,True
233,4,1505,r,4,4,54,1473.5082,10756.99306,10.3422,10.164205,1.920635,-86.512245,-68.018095,67.502432,-55.190839,False
233,4,1514,r,4,3,67,1900.9404,5656.38342,5.997425,5.972507,0.547138,-163.243278,-69.943199,47.417908,-65.591262,False
233,4,1519,l,7,2,46,3506.5347,3778.6859,9.45336,-9.092994,-2.596185,-77.564353,-71.337841,-58.828171,-88.216427,True
233,4,1527,r,4,3,67,2228.6362,6658.08541,5.699634,5.612739,0.993047,-151.022344,-72.248267,43.341618,-64.566899,False
233,4,1534,l,2,3,24,3035.741,5363.76109,10.803287,-10.404187,2.925441,-83.84665,-75.626475,-68.641938,-56.202425,True
233,4,1618,r,10,1,37,388.02377,18121.0028,29.105655,28.859647,-3.950025,105.440604,-76.310239,101.712733,-90.861309,True
233,4,1755,r,4,1,63,3742.239,3591.6649,7.245888,6.149829,3.839162,-249.970655,-72.796387,58.181221,-36.351123,False
233,4,1763,r,4,3,67,354.19586,17756.9136,22.009499,21.34908,5.480775,148.004291,-67.677651,55.501986,-53.049304,True
233,4,1773,r,5,1,12,1907.8389,7315.12968,17.608166,15.640504,8.191423,-60.26367,-65.326475,98.062341,-12.967494,False
233,4,1781,l,6,1,57,2110.775,8293.75273,24.798356,-24.665325,-2.649406,-19.858848,-71.170771,-142.292011,-86.948693,True
233,4,1788,l,7,1,27,3404.1777,4456.9661,10.136673,-9.999043,-1.673245,-103.590851,-68.458809,-69.393911,-80.133692,True
233,4,1799,l,7,2,46,562.96466,14970.3636,23.253907,-21.815063,-8.257028,129.594774,-76.29491,-64.206434,-101.368194,True
233,4,1863,l,7,2,46,2251.9072,5267.4462,13.36045,-12.502072,-4.749646,12.923264,-77.234737,-61.436948,-100.815457,True
233,4,1895,l,2,2,10,2074.686,8078.13696,8.420711,-5.963133,5.956316,-166.95855,-65.721522,-47.731018,-17.786078,False
233,4,1902,l,7,2,46,496.71835,15751.568,10.289426,-10.047328,-2.230383,-67.147641,-71.238553,-63.278994,-85.365096,False
233,4,1995,l,1,3,41,2533.6646,6318.06076,15.910996,-15.807671,1.833877,-152.592843,-73.479156,-125.305152,-58.751173,False
233,4,2008,r,5,2,5,1803.9635,9085.7302,24.266038,22.463724,9.424883,-1.590967,-73.380078,120.564701,-21.003113,True
233,4,2016,r,4,4,54,2870.9602,5491.8598600000005,9.968766,9.567961,2.811411,-195.873088,-70.566973,81.899845,-46.370216,False
233,4,2029,r,4,1,63,2405.341,6141.38172,12.266023,6.396985,10.487723,-45.431018,-80.532899,37.606742,-18.04974,True
233,4,2031,r,5,1,12,526.0438,18302.5138,29.568157,28.19018,9.312039,86.002458,-67.140851,109.337513,-29.189315,True
233,4,2045,l,7,1,27,2481.4937,3703.73864,9.759838,-9.427786,-2.535632,-138.214915,-74.092901,-71.103895,-93.315636,False
233,4,2062,l,7,2,46,1174.6526,8739.15605,15.953744,-15.35721,-4.374788,89.225718,-81.343491,-55.141163,-97.272117,True
233,4,2104,l,2,2,10,2524.0723,3833.11278,7.320795,-6.203182,3.895372,-184.071487,-66.131747,-51.527282,-33.661147,False
233,4,2127,l,2,2,10,1758.3246,8797.0347,14.436595,-10.226859,10.24431,53.150012,-66.886578,-42.730672,-23.390368,True
233,4,2131,l,7,1,27,1547.7787,7060.49929,17.041908,-16.515784,-4.26163,59.080536,-71.014712,-68.470665,-88.962629,True
233,4,2181,r,5,3,18,2944.4219,5797.66201,16.859226,16.623844,2.847846,-92.969148,-69.649349,114.34162,-49.767459,True
233,4,2206,l,7,2,46,434.21225,17505.6521,18.150326,-17.343496,-5.435621,133.957375,-68.989728,-48.731847,-84.545217,True
233,4,2248,l,2,4,4,3218.0168,4185.52801,8.63577,-7.77533,3.769367,-59.292297,-73.223515,-47.693882,-49.997579,True
233,4,2250,l,2,2,10,2227.6934,6803.055109999999,13.569209,-10.652814,8.45385,-23.300138,-75.166952,-58.931487,-27.785285,True
233,4,2266,r,5,3,18,3091.5403,5356.45841,11.295764,11.168634,1.700773,-245.663144,-69.3638,105.759454,-53.151416,False
233,4,2294,l,7,1,27,1514.4994,7870.37222,13.543876,-13.30384,-2.561796,-23.030487,-74.917445,-74.019423,-89.30915,True
233,4,2294,r,7,1,27,1514.4994,7870.37222,47.675734,47.222887,7.507917,-62.633397,-73.29883,381.114686,-4.868054,False
233,4,2345,l,1,4,48,1790.3885,7733.67984,21.121312,-20.414094,5.539397,1.13452,-76.22597,-107.509,-46.333549,True
233,4,2355,r,5,1,12,2279.0408,7309.63388,13.880562,12.376593,6.333748,-170.300934,-68.260604,101.006603,-15.952821,False
233,4,2427,l,6,1,57,2326.975,4933.59609,21.455003,-20.830696,-5.256239,-61.872973,-66.280927,-133.879766,-100.916069,True
233,4,2478,r,8,4,14,906.884,6929.32732,6.896602,6.077153,3.266708,-61.572775,-66.703202,37.430504,-46.52319,False
233,4,2495,r,4,3,67,3173.3394,4946.28142,4.849648,4.678898,1.276963,-263.276806,-68.955755,45.282487,-56.581484,False
233,4,2518,r,10,2,31,1486.2915,10281.7383,29.724825,29.577877,-3.095354,46.571283,-73.894159,138.162461,-89.030469,True
233,4,2529,r,4,2,59,1787.6956,7566.71384,12.531949,10.686754,6.583868,-83.172798,-76.097219,70.422383,-32.265898,False
233,4,2552,l,7,1,27,3055.7756,4184.7696,9.08212,-8.790564,-2.29176,-220.446847,-77.443046,-78.935269,-98.113995,False
233,4,2557,r,4,2,59,2193.311,6955.74418,15.186954,11.799775,9.629434,-3.721866,-71.441314,61.360493,-20.53093,True
233,4,2570,l,1,3,41,2258.1436,6536.60043,22.317272,-21.834104,4.735966,-49.342841,-68.655318,-135.96181,-38.369206,True
233,4,2615,r,4,3,67,1156.2175,10881.0725,11.84683,11.81967,0.807494,76.71452,-69.280079,44.634082,-66.208838,True
233,4,2621,r,10,4,50,346.19382,18244.087,36.59128,35.238526,-10.566099,97.205317,-63.221781,136.195924,-107.252604,True
233,4,2628,l,7,1,27,458.45728,17035.2982,23.659885,-22.3584,-7.945675,108.927994,-69.218175,-74.478738,-96.545539,True
233,4,2765,r,5,1,12,1759.8505,7883.8969232,14.244063,12.909348,6.071945,-158.374683,-74.202453,102.768507,-25.270295,False
233,4,2844,l,2,4,4,3448.7725,4481.74538,5.801334,-5.102827,2.763484,-156.615115,-73.346272,-39.881546,-51.702676,True
233,4,2851,r,4,4,54,2314.1543,4366.3971,7.646295,7.461602,1.675175,-205.57212,-71.36575,64.905459,-56.74864,False
233,4,2873,r,4,1,63,2880.0671,5340.55276,6.9344,4.818571,4.992604,-158.477731,-72.82781,37.806117,-33.510465,False
233,4,2934,l,2,2,10,3241.4285,5780.75316,7.750872,-7.024454,3.284384,-219.696026,-67.291664,-62.803634,-37.82095,False
233,4,2963,l,1,1,35,3491.6309,3109.82319,18.249323,-17.431359,5.488277,-172.62493,-77.051091,-145.255985,-30.461348,False
233,4,2977,r,10,2,31,3073.7,3692.48591,18.251937,17.837713,-3.93088,-98.41433,-73.238216,124.988273,-101.275791,True
233,4,2987,r,4,3,67,3807.3997,3741.08889,6.130294,6.053744,0.96756,-251.304388,-70.33588,57.406794,-61.142674,False
233,4,2998,l,7,2,46,3249.9688,4127.34954,6.142663,-6.027229,-1.187445,-106.974938,-81.455056,-41.914497,-89.72921,True
233,4,3021,l,7,1,27,1424.6879,9163.11323,19.145466,-17.951646,-6.767356,61.696967,-71.229642,-73.967196,-99.707611,True
233,4,3048,r,4,2,59,3436.9238,3681.9262,10.477295,8.78943,5.725149,-137.876307,-74.770604,66.157925,-31.363437,True
233,5,26,l,7,3,33,265.725,18778.2474,25.355015,-22.054282,-12.834683,122.655132,-73.216569,-67.796207,-114.352941,True
233,5,27,r,10,2,31,1450.1617,10019.77375,30.767712,30.156853,-6.40978,60.977561,-76.530634,133.063453,-106.286566,True
233,5,41,r,5,2,5,1806.1769,7330.5495,17.640389,16.720091,5.705419,-189.542227,-70.223469,144.052872,-20.197987,False
233,5,84,r,4,4,54,3595.902,4106.89981,6.650631,6.203742,2.401467,-284.515784,-73.484431,62.450349,-49.248421,False
233,5,101,r,10,1,37,3047.048,5213.71761,19.160277,18.684796,-4.319851,-26.9883,-73.449757,107.200875,-98.7269,True
233,5,136,r,4,1,63,2546.224,6365.14586,7.722526,5.414075,5.515056,-151.712201,-72.000023,41.863575,-29.159709,False
233,5,154,l,7,2,46,3491.2537,4238.2913,6.990822,-6.585263,-2.351653,-72.977869,-72.083463,-41.903364,-87.088934,True
233,5,172,r,8,2,20,2546.9365,5405.50628,4.729361,4.692699,0.588392,6.908832,-67.413447,23.238015,-64.496396,True
233,5,208,l,10,2,31,2800.537,5547.56783,28.631122,-28.072532,5.871987,-152.873083,-70.818073,-236.199424,-19.197379,False
233,5,208,r,10,2,31,2800.537,5547.56783,18.616877,18.415162,-2.781779,-137.841379,-72.15018,142.44964,-94.060715,False
233,5,230,r,5,3,18,434.98672,18285.1448,33.007174,31.59259,10.097014,107.801173,-74.842071,112.056989,-36.75219,True
233,5,245,l,2,4,4,1144.2233,11328.9594,11.675881,-10.89218,4.231179,61.842699,-76.532968,-43.903879,-59.343636,True
233,5,250,l,2,1,17,1822.864,8113.88949,17.035345,-15.313206,7.554849,42.491393,-64.74655,-67.772016,-30.712004,True
233,5,278,l,1,3,41,661.0136,17185.9822,33.96942,-33.489117,6.056293,76.572332,-72.099443,-141.206399,-44.947839,True
233,5,300,l,2,2,10,1235.915,11028.4195,15.06724,-12.432953,8.57928,76.073326,-65.310793,-47.16383,-32.2615,True
233,5,341,l,7,1,27,1099.5914,9794.5293,19.159933,-17.849612,-7.080135,55.568276,-64.778467,-75.491771,-95.368413,True
233,5,349,l,1,1,35,2404.1653,7464.00685,16.287599,-15.431004,5.277019,-177.906879,-79.059718,-129.155474,-34.226419,False
233,5,353,l,2,2,10,2843.088,6119.31978,13.190382,-9.921593,8.735768,-32.338506,-67.376083,-56.382265,-17.093398,True
233,5,354,r,4,3,67,3754.7263,3574.15985,5.418297,5.259011,1.30596,-193.362646,-71.613591,44.491452,-60.547673,False
233,5,367,r,4,2,59,1806.723,8183.641,11.773777,9.127377,7.469007,-114.650496,-79.737944,65.012831,-26.007027,False
233,5,382,r,4,2,59,1720.671,8514.95352,11.19552,9.000182,6.686181,-142.088869,-72.8833,68.437561,-21.598748,False
233,5,406,r,4,3,67,2715.941,5988.86128,6.731027,6.494192,1.773607,-75.181193,-71.724536,41.569644,-60.343612,True
233,5,424,l,7,3,33,391.78726,15712.6923,23.568341,-21.617337,-9.622979,105.604614,-70.328296,-73.071847,-103.957848,True
233,5,472,r,4,3,67,4149.517,3280.79637,5.359839,5.086578,1.691782,-235.624259,-76.42541,46.786601,-60.839322,False
233,5,489,l,2,2,10,3459.6423,4678.14949,10.00226,-5.95396,8.05167,-131.345507,-76.13274,-43.942914,-16.205691,True
233,5,496,r,4,1,63,555.93134,16571.4574,21.847293,18.702442,11.500722,141.384237,-55.688342,50.310722,-23.764487,True
233,5,536,r,5,1,12,2226.3726,7796.8717,21.679303,19.907234,8.764423,-17.434706,-74.286299,111.333713,-23.876088,True
233,5,549,l,2,3,24,416.65155,18296.8121,23.004555,-22.890866,-2.348281,123.359756,-56.32544,-70.360291,-63.743226,True
233,5,585,r,4,3,67,529.8952,15938.0847,18.867702,16.569215,9.154481,102.644606,-79.327001,55.743473,-47.826763,True
233,5,632,r,5,3,18,1238.169,9827.68455,13.724564,13.322556,3.327688,-194.810151,-72.392554,114.805804,-43.42391,False
233,5,639,r,5,1,12,400.29913,20397.3965,33.347054,30.719484,13.661619,94.135555,-76.749703,116.385903,-21.371301,True
233,5,649,l,1,3,41,1799.007,9135.53595,25.516944,-25.127209,4.594487,-11.567905,-81.329372,-141.439405,-54.561923,True
233,5,652,l,3,4,3,2884.6685,5361.93648,26.873502,-26.545442,-4.347063,-158.214599,-73.583247,-223.91558,-111.670041,False
233,5,677,l,2,2,10,2979.6096,5786.30944,11.015871,-9.525663,5.558465,-54.506238,-68.017483,-57.80921,-34.021726,True
233,5,693,l,7,2,46,2609.0532,4895.50164,11.246969,-10.159705,-4.849936,-18.751279,-75.101934,-55.328981,-101.716835,True
233,5,703,l,6,1,57,406.60214,17448.3809,33.702824,-33.432213,-4.533875,106.043897,-74.508248,-121.445149,-91.987491,True
233,5,707,l,1,4,48,2095.3428,7728.18949,19.407294,-19.283722,2.229401,-21.582393,-69.534773,-109.015235,-56.683857,True
233,5,827,l,1,4,48,2177.087,9240.49882,21.881183,-21.241128,5.379547,-16.543013,-71.582522,-119.153418,-40.612066,True
233,5,846,l,2,2,10,718.22046,16164.6118,21.58141,-18.567886,11.199269,119.876347,-71.209154,-57.146802,-35.676435,True
233,5,879,r,4,3,67,1244.6055,9538.6963,11.802941,11.503661,2.659039,72.809338,-71.470801,44.20239,-61.177182,True
233,5,884,l,2,2,10,3217.653,4837.75294,7.871376,-6.498247,4.451563,-141.75726,-71.868906,-49.179148,-38.038763,True
233,5,906,l,7,2,46,3329.6985,4282.66024,6.260966,-6.237548,-0.542078,-129.887823,-75.7496,-45.892853,-79.745954,True
233,5,909,r,5,3,18,763.4417,15068.97762,26.333352,26.297028,1.434699,70.089634,-67.976351,108.672278,-61.832797,True
233,5,957,l,7,2,46,1228.2717,8571.0873,12.681284,-11.334958,-5.723855,78.129484,-73.165406,-42.470353,-94.824449,True
233,5,977,l,2,3,24,1421.8134,8536.42828,12.862484,-12.196955,4.115149,-48.445515,-77.984619,-73.15568,-53.072251,False
233,5,1019,l,2,4,4,1985.7296,7353.56158,6.112035,-5.258391,3.119879,-243.540087,-71.097763,-49.104247,-41.893702,False
233,5,1032,l,7,2,46,2583.0188,5655.0244,7.672257,-7.473707,-1.739083,-6.514405,-74.66104,-38.898442,-83.74096,True
233,5,1043,l,8,1,1,2711.7144,5579.7112,2.409097,-2.208249,0.963246,-266.301791,-70.850695,-21.451172,-61.490422,False
233,5,1044,l,7,2,46,766.3301,12541.324,16.187033,-14.904356,-6.387921,79.753318,-77.646956,-55.959433,-102.004494,True
233,5,1056,l,1,1,35,1112.3894,12358.4933,31.284344,-29.01304,12.249068,51.668297,-73.083334,-132.180337,-13.9155,True
233,5,1068,l,2,2,10,387.16824,20378.8948,24.05024,-19.351326,14.563699,139.123989,-61.806149,-52.987805,-20.260828,True
233,5,1114,l,7,2,46,430.14005,16025.6586,19.848925,-19.513044,-3.709061,128.08679,-72.031945,-57.37796,-83.167692,True
233,5,1125,r,5,1,12,1873.8019,9910.22947,22.85531,20.773592,9.748437,-6.521928,-77.811551,112.481749,-23.32594,True
233,5,1134,l,2,4,4,274.16016,19980.5004,18.856127,-16.607444,9.058765,134.656579,-79.754465,-46.331863,-53.909001,True
233,5,1174,r,4,1,63,1425.2595,8773.13952,14.518783,11.608725,8.780204,85.314075,-66.104292,42.048471,-33.829452,True
233,5,1197,r,4,4,54,2508.8325,5989.82379,10.339968,9.82741,3.231027,-176.473028,-74.659948,80.803722,-47.934491,False
233,5,1280,l,1,1,35,1547.297,9339.6145,18.389151,-16.882238,7.399069,-131.715726,-74.930203,-127.984246,-17.699421,False
233,5,1317,l,2,4,4,3277.4563,4294.72104,5.718234,-5.498461,1.57249,-136.024858,-73.35883,-41.009976,-61.609524,True
233,5,1388,l,2,2,10,1329.9456,9825.7683,17.075271,-11.755879,12.472376,74.34956,-69.792649,-44.878441,-21.071216,True
233,5,1429,l,2,1,17,545.1707,16733.904000000002,28.631115,-24.767427,14.841447,105.551797,-77.172329,-85.099821,-23.344978,True
233,5,1439,l,7,2,46,3397.1309,3671.10973,8.586543,-8.345093,-2.029113,-109.887903,-67.187748,-58.658793,-81.507202,True
233,5,1455,r,4,2,59,2228.8882,7391.16013,10.815605,8.886387,6.190106,-173.37003,-71.552434,72.449021,-20.684717,False
233,5,1483,r,4,1,63,1413.9661,9313.74595,19.056079,14.200836,12.840233,53.679299,-79.894696,59.802,-24.3315,True
233,5,1492,l,7,1,27,1514.3851,7923.64404,11.579937,-11.404935,-2.019006,-114.98081,-76.444124,-81.694757,-91.008456,False
233,5,1492,r,7,1,27,1514.3851,7923.64404,28.415385,27.566778,7.179932,-94.667187,-76.274266,200.815227,-21.610513,False
233,5,1499,l,1,1,35,1372.2931,10874.85406,28.424583,-26.386723,10.970365,39.389483,-76.622027,-124.331764,-22.392912,True
233,5,1564,r,4,4,54,2124.1963,7420.48743,8.721044,8.357798,2.499643,-164.894372,-72.469778,66.830626,-52.398333,False
233,5,1569,l,2,2,10,1911.5005,7592.07307,14.639273,-10.478605,10.280596,63.01473,-65.143406,-41.981569,-23.27434,True
233,5,1571,r,10,2,31,3466.5264,5132.78697,14.893602,14.730395,-2.22357,-204.61289,-74.845584,130.039753,-94.703129,False
233,5,1618,r,4,1,63,1400.2953,9782.75075,8.828929,6.305822,6.192063,-128.906544,-65.67593,46.290797,-19.950179,False
233,5,1632,l,7,1,27,1441.9403,8151.13,20.421194,-18.92224,-7.82424,40.971482,-68.465135,-85.369529,-104.640046,True
233,5,1635,r,4,3,67,1344.7943,9646.7989,8.203202,7.19302,3.954141,-74.165383,-69.758658,45.959718,-44.386943,False
233,5,1662,r,4,2,59,2457.9412,6712.13849,10.016675,9.170316,4.047125,-218.31877,-74.540027,82.059442,-38.109139,False
233,5,1664,l,2,3,24,2086.193,7158.34619,10.798123,-10.747658,1.048922,-126.13734,-71.22725,-78.988519,-63.472073,False
233,5,1670,l,2,3,24,1889.3905,6863.78294,15.428219,-14.056956,6.423697,15.720663,-72.611859,-68.675193,-40.778369,True
233,5,1688,l,7,3,33,1479.614,9914.38747,21.318082,-20.191097,-6.987137,66.597504,-76.712496,-82.156702,-105.884691,True
233,5,1693,l,7,2,46,1570.3944,9966.66818,9.006688,-7.802611,-4.512847,-15.111735,-72.001885,-41.809276,-96.308576,True
233,5,1693,r,7,2,46,1570.3944,9966.66818,6.3015,4.522518,4.392703,-51.987864,-66.533613,27.050271,-40.180839,False
233,5,1765,l,2,2,10,1066.54,12223.9116,10.416342,-8.241701,6.391945,-67.425491,-66.633218,-51.771372,-26.174558,False
233,5,1824,l,2,2,10,1162.9338,11561.5946,17.846818,-14.416138,10.634181,76.217716,-66.818129,-54.95415,-25.372861,True
233,5,1869,r,4,4,54,2322.284,6597.64191,9.229282,8.9253,2.35876,-144.312933,-69.085108,68.208087,-50.975875,False
233,5,1871,r,4,4,54,1585.6354,8686.2269,8.397829,8.333526,1.040924,-175.270311,-68.3103,68.153663,-59.76633,False
233,5,1884,l,6,1,57,2941.3528,4442.94884,20.593713,-20.454048,-2.447362,-79.017903,-74.862672,-137.632915,-91.695983,True
233,5,1890,r,4,3,67,2366.0,6237.83115,7.218314,6.8442,2.299165,-169.622888,-66.702199,55.166354,-48.116098,False
233,5,1895,l,2,3,24,2884.6423,5124.44231,9.843233,-9.518666,2.518473,-185.257797,-73.282059,-79.690053,-52.086502,False
233,5,1932,r,4,3,67,1767.043,7375.14636,5.618493,5.319436,1.811213,-220.401897,-77.293829,47.523191,-61.084002,False
233,5,1946,r,4,2,59,2024.3645,9034.27499,18.882695,15.653796,10.694934,12.406672,-75.736089,77.786478,-21.290291,True
233,5,1952,r,4,3,67,2713.666,5420.27368,8.60007,8.254024,2.42342,-40.346633,-66.536136,47.921674,-52.408898,True
233,5,1979,l,7,2,46,3451.4607,4360.76662,7.956197,-7.82162,-1.46172,-122.091295,-72.795432,-56.607908,-83.409667,True
233,5,2008,l,7,2,46,640.6168,14014.3993,21.039544,-19.589317,-7.831516,144.531597,-66.713254,-51.768407,-87.950694,True
233,5,2028,l,2,1,17,2938.4365,5349.94798,10.562479,-9.491779,4.65519,-229.076724,-73.854846,-86.78709,-31.000947,False
233,5,2081,r,4,1,63,2396.3042,6886.123079999999,14.350192,9.837556,10.499445,2.792148,-68.325054,49.803307,-14.302765,True
233,5,2086,l,1,4,48,3426.4253,4581.1409,18.085431,-17.894717,2.663481,-85.304031,-68.576304,-121.181687,-50.229586,True
233,5,2092,l,1,1,35,2423.3723,5897.00634,18.694226,-18.110343,4.715443,-147.001934,-69.651451,-142.921566,-31.725924,False
233,5,2118,l,2,4,4,406.51053,18697.7927,17.595547,-15.749443,7.947273,128.164919,-66.783439,-45.640516,-43.309596,True
233,5,2124,r,10,1,37,1496.7025,9998.27462,26.858356,25.667822,-8.190813,49.260639,-62.359279,115.693559,-100.804732,True
233,5,2131,l,2,2,10,2365.521,7192.07546,9.351946,-7.643406,5.404704,-133.601213,-69.288833,-56.847125,-28.852366,False
233,5,2157,l,2,4,4,1945.0558,7666.808559999999,7.797566,-7.538767,1.99802,-144.264699,-69.611871,-57.470983,-54.329946,False
233,5,2181,l,1,2,29,1326.6779,10701.3924,14.15968,-12.611467,6.49081,-179.963536,-74.23648,-105.14806,-19.445312,False
233,5,2206,l,2,3,24,1546.1903,7693.27781,13.045903,-12.912139,1.87943,-50.701723,-71.623175,-78.107082,-60.153358,False
233,5,2212,r,4,3,67,385.30417,17663.2415,17.660991,17.054596,4.65792,117.778414,-70.726784,52.83292,-56.049501,True
233,5,2218,l,1,4,48,2171.8604,7407.12415,14.018851,-13.948002,1.421798,-203.746582,-69.590594,-122.629011,-56.963417,False
233,5,2252,r,5,3,18,1854.7141,7256.62102,17.819661,17.030731,5.323009,-72.770539,-71.932292,111.122883,-36.581953,False
233,5,2254,l,2,2,10,2925.3865,3982.36452,7.017994,-5.918092,3.778791,-240.380384,-69.370467,-54.978751,-34.152123,False
233,5,2270,l,1,4,48,3819.094,4409.56179,12.692489,-12.459093,2.442251,-183.608618,-70.918467,-104.641804,-50.231337,True
233,5,2276,r,5,3,18,1921.2053,7486.36188,20.824745,19.888637,6.302519,7.326017,-76.617994,102.263152,-43.417703,True
233,5,2323,l,2,2,10,393.2633,19562.7713,21.75351,-19.18765,10.448452,115.793915,-69.829717,-60.622877,-35.815004,True
233,5,2328,r,5,3,18,836.39453,12756.94713,17.138272,16.989033,2.290817,-88.482464,-73.750749,115.634488,-57.919203,False
233,5,2334,r,10,1,37,1970.559,7169.36172,14.3396,14.311794,-0.902037,-82.984033,-79.515924,95.154205,-85.576584,False
233,5,2371,r,4,2,59,1353.0432,10510.8618,20.510402,17.367949,11.082664,91.336535,-72.36001,62.13533,-31.587273,True
233,0,5,l,2,4,4,2956.6138,5237.62463,7.312327,-6.958629,2.252238,-95.937512,-66.982943,-47.104324,-51.69168,True
233,0,11,r,8,2,20,1873.3109,7693.140499999999,22.696482,9.291662,20.799715,-24.084206,-61.603286,51.386327,59.290547,True
233,0,21,l,2,2,10,2929.1897,5303.21579,8.375727,-5.461404,6.359918,-206.729564,-73.059792,-47.491924,-17.442007,False
233,0,24,l,1,2,29,1780.2524,9244.30036,17.213612,-15.271474,8.039298,-113.155505,-68.528027,-110.07515,-9.50192,False
233,0,48,l,1,3,41,274.4782,22004.3542,35.505372,-35.144192,5.411827,92.601147,-67.969852,-138.961819,-45.100023,True
233,0,50,l,7,1,27,2286.4365,5475.77183,13.479226,-13.2022,-2.743197,-1.648206,-69.227176,-68.417285,-83.580699,True
233,0,72,l,2,4,4,2550.1958,4374.49477,5.02713,-4.391209,2.449709,-236.212679,-72.911462,-40.408648,-50.332988,False
233,0,76,l,2,2,10,2865.7637,5243.19308,9.080074,-7.067838,5.714835,-139.549175,-68.29336,-53.258335,-24.97717,False
233,0,99,r,5,2,5,1414.3137,11418.379536,18.92351,17.816384,6.483877,-84.558425,-69.169353,120.37571,-24.456219,False
233,0,157,l,2,2,10,3401.3188,5179.85598,8.517727,-6.027352,6.029678,-92.323347,-71.003711,-40.368341,-30.395183,True
233,0,190,r,4,3,67,1352.591,11232.10579,12.976982,12.672778,2.816481,64.080952,-73.521013,50.80028,-62.129065,True
233,0,199,l,6,1,57,270.55527,19587.9726,33.918593,-32.707617,-9.527964,97.196971,-67.525517,-123.813544,-105.984523,True
233,0,227,r,4,3,67,2609.5205,5049.1336,5.764955,4.544145,3.551327,-208.718661,-73.144091,39.63666,-42.095093,False
233,0,272,l,2,3,24,737.5028,13272.5038,20.695278,-18.240478,9.947455,85.636067,-85.443472,-67.351463,-47.705525,True
233,0,286,l,7,2,46,2313.112,4970.76277,12.217248,-11.274877,-4.735893,20.518318,-68.768429,-53.724886,-91.533174,True
233,0,300,l,7,1,27,1619.2711,6495.11816,10.474694,-9.774424,-3.784055,-133.102344,-72.839335,-72.887977,-101.235704,False
233,0,317,r,4,3,67,1554.7273,8972.4565,9.275084,8.468599,3.796731,-82.144749,-73.879144,55.408911,-48.9104,False
233,0,323,l,1,4,48,2138.8691,6818.34802,18.69242,-17.884672,5.526682,-25.685497,-77.191554,-101.87038,-45.095107,True
233,0,342,l,2,4,4,2953.0496,5171.65199,9.737126,-9.127165,3.406587,-32.215497,-70.86609,-51.767261,-51.439825,True
233,0,385,r,4,2,59,1757.4019,7831.80226,9.279355,8.111167,4.522419,-249.539887,-76.460591,76.895186,-33.354228,False
233,0,402,l,2,2,10,1943.7047,7944.667090000001,7.580361,-4.972407,5.728833,-247.564168,-70.997795,-46.769915,-16.8648,False
233,0,432,r,5,1,12,2388.3965,6242.2383,21.066987,19.521456,8.079588,-30.796194,-71.610153,113.735104,-23.293262,True
233,0,433,l,1,4,48,2992.6619,5152.88898,17.438782,-16.6562,5.240279,-69.689113,-75.997455,-107.612257,-41.563425,True
233,0,460,r,5,3,18,1186.0983,11096.2176,25.273891,24.580886,6.069568,70.036578,-77.154851,100.618371,-51.434823,True
233,0,494,r,4,4,54,703.6375,13727.0886,22.472363,21.665219,6.117825,104.050134,-68.595217,73.867715,-47.149396,True
233,0,495,r,10,2,31,3282.5322,4431.52038,15.808461,15.705065,-1.828255,-180.145024,-73.610198,132.196653,-89.199148,False
233,0,496,l,6,1,57,2623.5623,4524.11691,18.483687,-18.256147,-2.941896,-101.51882,-68.892754,-129.150115,-90.079708,True
233,0,501,r,5,3,18,726.23975,15610.6674,29.446072,29.081427,4.835937,100.482881,-63.281704,105.403425,-44.934795,True
233,0,522,l,2,2,10,323.61047,21760.238,24.036836,-17.303442,16.946846,112.289903,-74.258553,-55.362242,-17.54045,True
233,0,559,r,4,4,54,2165.2898,7301.32286,16.097121,15.311021,5.029438,-10.584749,-71.624221,82.29283,-44.197366,True
233,0,600,r,4,2,59,2619.6611,5950.73218,10.043114,7.636852,6.541909,-188.050094,-72.081008,64.09848,-16.769237,False
233,0,614,r,4,1,63,1064.0702,11245.0704,18.638495,17.009891,7.734809,101.697951,-67.606508,57.605262,-40.86055,True
233,0,678,r,4,3,67,1182.7314,10143.49655,13.79305,13.581723,2.428143,97.717891,-71.494456,46.453018,-63.106264,True
233,0,701,r,4,1,63,747.90936,13306.1224,20.960863,13.624807,16.082339,89.690712,-78.452027,48.551729,-19.030428,True
233,0,729,l,7,1,27,1938.5392,8010.22428,9.253565,-9.177677,-1.187767,-96.208553,-77.088763,-62.397728,-85.200023,False
233,0,734,r,4,3,67,2299.3235,5865.0362378,5.429909,4.777626,2.583345,-175.485152,-74.687228,38.904836,-53.612028,False
233,0,740,r,10,1,37,1212.5636,11561.8626,25.956602,25.67384,-3.95752,81.412165,-76.42519,100.269277,-92.436381,True
233,0,753,l,2,2,10,2442.3733,6375.43295,8.567539,-6.840439,5.170913,-127.649197,-65.016035,-50.100643,-26.949784,False
233,0,763,r,4,1,63,3224.6199,4972.52656,9.595576,6.813703,6.77238,-80.246032,-68.689156,44.238979,-24.408245,True
233,0,809,l,2,4,4,703.3543,14471.1243,15.737929,-14.048795,7.165754,107.588834,-66.803033,-45.645251,-43.162808,True
233,0,824,l,6,1,57,447.66376,17196.3916,34.854295,-34.166011,-7.353863,80.890751,-71.86972,-141.92923,-104.486221,True
233,0,829,l,2,3,24,2945.406,5014.30418,6.709858,-6.54898,1.463691,-269.436115,-76.857589,-64.224193,-62.469111,False
233,0,892,l,1,4,48,2247.9797,7440.44584,19.870781,-18.833856,6.453368,-21.330808,-80.752778,-106.190976,-43.545647,True
233,0,910,r,7,2,46,716.89246,9921.453,5.431846,4.299684,3.322409,-127.922325,-74.176428,31.421419,-49.8467,False
233,0,912,r,5,1,12,970.5437,13625.7171,28.175818,24.81164,13.796889,78.062023,-74.378677,97.981348,-17.041229,True
233,0,953,r,10,1,37,3616.4287,4483.00392,12.941563,12.712256,-2.445624,-216.597997,-70.099201,114.28066,-92.279773,False
233,0,957,r,4,3,67,3284.6404,4584.72184,8.03961,7.798149,1.96163,-46.681024,-69.146753,46.108482,-57.507696,True
233,0,963,r,4,2,59,1356.914,10760.06409,15.261185,12.34415,9.044189,-61.518658,-73.141783,76.927252,-15.86457,False
233,0,964,l,1,1,35,2246.8652,9218.94729,22.541964,-21.203526,7.834674,-37.97648,-77.440338,-127.236916,-29.033884,True
233,0,990,r,4,3,67,1529.0535,8812.126980000001,12.941464,10.189459,8.021033,7.359019,-84.277818,50.80146,-43.811172,True
233,0,1030,r,10,1,37,3507.1116,4361.1151,11.825303,11.653661,-2.021507,-211.448694,-75.517035,103.422152,-93.588993,False
233,0,1065,l,6,1,57,567.3047,16337.379078,32.544662,-31.666774,-7.932151,89.847147,-70.268372,-123.456638,-103.034764,True
233,0,1119,l,2,2,10,912.59875,13738.91581,23.449168,-20.223579,12.12626,120.20315,-66.343557,-62.552423,-27.463967,True
233,0,1147,l,7,1,27,3013.4695,4426.82173,8.39191,-8.135643,-2.064986,-225.224967,-79.061287,-73.654406,-97.827318,False
233,0,1164,r,8,4,14,2138.842,5266.47384,6.895377,6.567812,-2.104637,58.215764,-76.555643,26.686401,-85.129839,True
233,0,1197,r,4,3,67,1833.3496,7730.87742,8.790756,7.95413,3.754988,-67.700884,-75.006767,49.979586,-51.302481,False
233,0,1210,l,2,3,24,1989.5968,8131.35509,12.507159,-11.658638,4.559943,-97.675925,-72.407884,-79.991999,-40.837668,False
233,0,1312,l,2,3,24,2796.7388,5043.78771,8.252182,-8.181126,1.084287,-180.404395,-70.949952,-67.628143,-61.955241,False
233,0,1313,l,7,1,27,951.14545,11714.6397,22.879809,-21.533659,-7.923051,83.729831,-65.115911,-81.391992,-95.976882,True
233,0,1317,l,7,2,46,3337.9932,4856.15046,5.868113,-5.844561,-0.526135,-159.712579,-78.194801,-46.033535,-82.346111,True
233,0,1331,l,2,2,10,1892.4038,8205.67216,9.779004,-6.071866,7.680013,-144.401431,-73.369431,-46.208388,-14.459873,False
233,0,1398,l,2,1,17,1524.6862,8638.58911,18.368592,-16.815337,7.501769,74.821284,-62.969093,-65.029139,-33.367832,True
233,0,1501,r,4,1,63,3560.669,4783.87967,9.117542,5.885045,6.976193,-87.541102,-73.978038,38.915481,-27.536287,True
233,0,1529,l,7,2,46,2597.697,4612.36272,10.167095,-9.393359,-3.907908,-24.819296,-79.846864,-52.080506,-101.645035,True
233,0,1535,l,2,3,24,958.4122,11435.28001,12.596199,-12.337171,2.561276,-48.549245,-77.73038,-74.045785,-62.228241,False
233,0,1535,r,2,3,24,958.4122,11435.28001,14.450499,13.523416,-5.14072,-4.728341,-80.911542,70.885419,-108.182594,False
233,0,1548,r,10,1,37,2947.3105,5497.7844000000005,18.358434,18.097053,-3.139887,-23.199846,-76.750098,102.35166,-94.825226,True
233,0,1563,l,1,2,29,1974.3575,8275.5741,15.583501,-14.041905,6.827018,-185.3792,-72.133645,-118.894713,-13.467713,False
233,0,1573,l,1,4,48,1929.4752,7886.73862,17.237631,-16.776934,4.016754,-43.102737,-67.024112,-100.42334,-42.593548,True
233,0,1580,l,7,2,46,1232.568,8636.9102,11.731583,-11.03395,-4.010155,57.913464,-69.470991,-45.255787,-86.04784,True
233,0,1588,l,7,1,27,380.9824,17794.5821,25.569447,-24.050515,-8.952085,121.229483,-64.427173,-75.319839,-93.540573,True
233,0,1648,l,2,2,10,3555.521,4991.53403,7.730612,-5.515743,5.424939,-206.817155,-73.026436,-47.975833,-25.625721,False
233,0,1654,r,3,4,3,2620.208,5913.86498,5.170351,3.914802,3.380036,-71.376678,-63.249064,24.729982,-41.855773,True
233,0,1663,l,1,1,35,1291.1902,11428.81547,29.418438,-27.029752,12.076913,22.794599,-77.179903,-136.32277,-12.998103,True
233,0,1669,r,4,2,59,1844.077,8935.7164,9.871891,8.673315,4.732786,-163.948809,-71.513033,69.247574,-33.495361,False
233,0,1692,l,3,3,23,2586.4495,6816.54821,7.691694,-5.027617,5.828596,-43.392845,-77.772566,-29.330028,-43.608191,True
233,0,1758,l,2,3,24,3146.4497,3992.32711,8.267296,-8.153414,1.372129,-282.564085,-72.280252,-82.032598,-58.42572,False
233,0,1813,r,4,4,54,1126.7117,11509.2215,22.024234,21.709639,3.802268,101.781268,-68.328485,74.938012,-54.864533,True
233,0,1814,l,4,4,54,476.5234,13264.6236,12.526434,-10.567893,6.763997,-87.726455,-75.434169,-70.470526,-29.86072,False
233,0,1831,l,2,2,10,2978.8123,5082.6108,6.682863,-5.060217,4.370878,-240.391763,-70.61392,-46.965019,-29.915046,False
233,0,1862,l,2,2,10,1104.5325,11456.3983,12.188273,-9.196565,8.033247,-66.604915,-74.805894,-57.735453,-23.821953,False
233,0,1866,l,1,4,48,1814.9585,8464.9462,21.338552,-20.732084,5.166263,-0.409053,-74.287813,-109.922315,-46.212963,True
233,0,1896,r,4,2,59,594.1448,15815.1948,21.805173,18.91443,11.054052,112.394989,-65.351545,60.857764,-28.67428,True
233,0,1920,r,4,3,67,3482.8193,4254.80482,8.717745,7.18027,4.956977,-142.976922,-78.816004,54.546239,-40.966191,True
233,0,1944,l,1,3,41,3673.1501,4108.15036,15.377423,-15.335034,1.154937,-184.841328,-68.699798,-130.214014,-58.773491,False
233,0,1956,r,4,4,54,2671.4092,5817.7277,8.087525,8.018817,1.055426,-220.493628,-68.41414,71.916174,-58.916581,False
233,0,1984,r,4,3,67,397.76828,16776.9426,19.518851,18.389241,6.660054,131.244474,-68.512364,52.777826,-48.977536,True
233,0,1985,r,5,3,18,1618.7068,8255.84081,16.783759,16.178254,4.528443,-112.394581,-67.889636,116.740839,-34.705381,False
233,0,2021,r,5,2,5,1767.0348,7885.38972,25.103064,23.771725,8.311713,19.499722,-71.468305,119.145415,-28.286507,True
233,0,2102,l,2,2,10,2242.71,6932.39836,10.241029,-7.631639,6.849437,-168.13666,-73.894662,-61.385994,-18.372415,False
233,0,2131,l,2,1,17,3041.9058,3498.21113,9.247585,-7.94763,4.743158,-208.519843,-69.672932,-69.597788,-27.90791,False
233,0,2153,r,4,1,63,2184.4438,6250.32365,9.86305,7.184386,6.775355,-87.924004,-69.060394,47.638272,-23.805244,False
233,0,2165,r,4,3,67,3489.0793,4902.2265,6.871438,6.635178,1.790367,-160.582985,-78.605836,52.414596,-64.426552,True
233,0,2189,r,5,2,5,2470.9634,6260.93076,21.82367,20.778769,6.824757,-42.605433,-71.640691,126.203941,-29.064874,True
233,0,2197,r,4,4,54,2391.561,6004.91284,8.716516,8.631115,1.221811,-221.226462,-74.239494,77.599732,-63.211233,False
233,0,2200,r,5,1,12,913.27893,13983.5858,27.487302,23.705514,14.335634,71.577522,-70.469129,95.905834,-9.505362,True
233,0,2204,r,4,3,67,667.84326,14841.7252,14.935174,13.36911,6.719335,88.447431,-69.109598,47.901779,-44.702233,True
233,0,2238,l,2,2,10,3160.2644,5580.6959,9.901395,-8.33798,5.358997,-44.011616,-66.278756,-48.953166,-34.611788,True
233,0,2271,r,3,3,23,1610.1295,8117.4974,27.63644,25.164099,11.817919,-94.373417,-70.743167,180.578312,18.115323,False
233,0,2273,l,8,1,1,3132.5242,5034.13445,4.10418,-4.016957,0.842328,-35.861757,-71.545625,-22.883385,-66.742857,True
233,0,2285,r,10,1,37,3602.3247,4101.59903,16.986109,16.650702,-3.407466,-84.964516,-72.749886,112.143172,-96.053031,True
233,0,2297,l,7,4,39,557.83624,14147.4515,17.724614,-14.036243,-10.934022,84.0,-65.906398,-51.5,-106.927405,True
233,0,2305,l,6,1,57,680.5206,14855.6696,31.655624,-31.406129,-4.186363,88.876532,-70.195367,-122.79582,-87.443807,True
233,0,2311,r,10,1,37,3083.8745,6394.63582,13.462247,13.381544,-1.485475,-157.988286,-79.602536,106.573381,-91.544081,False
233,0,2321,l,2,3,24,2965.602,3578.9619700000003,7.346074,-7.046113,2.083027,-243.7849,-69.644524,-65.976664,-50.082115,False
233,0,2358,r,10,1,37,3627.577,3971.85081,17.868906,17.314396,-4.486218,-63.632398,-72.918915,110.241706,-101.981754,True
233,0,2362,l,2,3,24,3227.607,5634.78144,9.103762,-8.485109,3.310844,-200.956914,-69.994355,-73.243556,-41.278408,False
233,0,2406,l,2,1,17,1790.9803,7598.56679,15.71812,-13.122097,8.729778,-37.613094,-76.430885,-76.371161,-24.775981,True
233,0,2455,r,4,1,63,1145.8987,11807.7075,16.719192,14.036243,9.176572,91.0,-57.176996,49.75,-24.040143,True
233,0,2496,l,2,4,4,1834.5392,6523.47368,9.093085,-8.40912,3.472406,-143.608771,-77.078694,-64.100301,-50.481706,False
233,0,2513,r,4,2,59,2208.6426,6973.67772,16.390184,13.375413,9.560649,6.751761,-66.341463,67.350817,-17.303544,True
233,0,2525,l,2,2,10,1695.6362,8331.599259999999,10.435771,-8.477127,6.108726,-9.415929,-65.093893,-44.625816,-32.695479,True
233,0,2555,l,2,4,4,282.1907,21034.2154,21.656585,-21.432819,3.180956,152.747828,-69.8484,-53.87925,-61.653897,True
233,0,2603,r,4,3,67,1165.8932,10295.6798,12.293315,12.071061,2.344498,45.699391,-75.336357,52.244463,-65.108029,True
233,0,2661,r,4,1,63,897.249,12826.74638,8.34938,6.833666,4.808633,-168.182702,-71.937742,54.908046,-33.117752,False
233,0,2702,r,4,4,54,2233.0452,8490.590329999999,15.229223,14.479812,4.769792,11.681531,-76.521406,71.873436,-52.53625,True
233,0,2703,r,4,3,67,3964.1816,3089.61032,6.153544,5.295679,3.138463,-253.121742,-71.290502,50.342573,-41.382737,False
233,0,2705,l,2,3,24,2697.933,5442.65272,8.345658,-7.591934,3.476112,-215.208036,-75.428159,-67.33676,-44.468339,False
233,0,2733,r,4,2,59,3298.056,4156.56254,8.360604,6.807141,4.865601,-237.755281,-69.868857,62.997719,-24.624494,False
233,0,2808,r,10,2,31,2050.6582,6940.19786,15.375507,15.088358,-2.992606,-173.866871,-71.71746,125.059781,-96.833531,False
233,0,2812,l,7,4,39,3164.763,3257.99683,9.911842,-7.761774,-6.183351,-81.411486,-64.88062,-50.624623,-105.491693,True
233,0,2866,r,5,3,18,3464.9573,4171.53846,15.592577,15.396442,2.495736,-130.396488,-66.741309,115.768397,-47.73567,True
233,0,2877,l,7,2,46,334.27588,17371.56,24.333491,-23.042846,-8.042116,149.558502,-76.340009,-59.737863,-97.903563,True
233,0,2886,l,2,4,4,2479.9438,5629.70342,7.26747,-7.120153,1.459632,-50.682098,-71.299263,-42.555891,-62.550914,True
234,1,5,r,4,3,67,1861.9557,6734.14601,5.593782,5.149986,2.186533,-170.492801,-71.47412,41.502861,-53.820906,False
234,1,14,l,1,3,41,1624.3483,8441.43667,18.661371,-18.373049,3.325597,-150.813292,-72.71892,-146.408807,-45.728326,False
234,1,26,r,8,4,14,2154.4912,5743.96483,5.0439,4.414889,-2.441616,-5.029842,-75.864302,22.778434,-88.481828,True
234,1,50,l,7,2,46,769.55225,13440.6668,17.47812,-14.504226,-9.859078,87.260072,-66.065571,-52.448065,-102.460081,True
234,1,106,l,7,1,27,1936.7241,6298.04975,10.659428,-10.607407,-1.057891,-99.708759,-76.627738,-72.984161,-83.949126,False
234,1,124,l,7,1,27,1494.7417,8002.81998,12.067096,-11.630515,-3.238897,-67.718454,-72.915196,-73.627619,-93.582722,False
234,1,126,l,1,4,48,1366.6492,10324.8871,12.738838,-12.452995,2.704903,-227.252561,-68.286575,-114.227004,-43.260418,False
234,1,147,r,5,2,5,1615.9247,8866.396639999999,15.870556,14.975368,5.315991,-188.186865,-66.968397,127.909469,-20.909433,False
234,1,161,r,4,1,63,3772.0642,4763.63996,7.781279,4.175853,6.571691,-247.539842,-75.894577,39.246696,-13.803386,False
234,1,175,r,4,3,67,2894.417,4576.1367,7.056208,6.722563,2.149055,-166.013813,-75.73618,53.751372,-58.505484,False
234,1,179,l,2,1,17,1390.8715,9124.55455,20.030075,-18.121259,8.680853,60.012592,-71.022912,-75.265936,-34.075991,True
234,1,216,l,1,2,29,719.12946,16416.1719,28.949406,-25.185741,14.765983,79.024969,-82.131927,-99.213189,-20.682042,True
234,1,245,l,2,2,10,2347.0437,6646.43748,13.515111,-9.924998,9.219874,-54.406101,-73.133864,-60.263339,-16.380285,True
234,1,270,l,7,1,27,2169.2554,5749.21272,10.73258,-10.721969,-0.479937,-111.818351,-76.306263,-76.083951,-79.731976,False
234,1,302,l,2,1,17,2670.96,5393.04967,12.890803,-9.637486,8.601852,-98.487302,-75.736344,-65.969177,-16.129068,True
234,1,324,r,4,3,67,321.47955,18819.1812,17.535938,17.131649,3.801189,119.45495,-64.930957,52.569648,-53.073711,True
234,1,362,l,2,2,10,358.8828,20243.9615,23.848763,-19.07998,14.583257,138.745429,-66.917231,-52.317412,-25.278036,True
234,1,386,r,10,4,50,2588.0454,3504.55962,24.985657,23.246682,-9.423957,-22.870613,-66.071788,134.398358,-122.59009,True
234,1,408,r,10,2,31,536.06915,15989.8257,32.358829,32.075886,-4.517784,94.559307,-79.866207,122.485124,-98.090833,True
234,1,426,r,5,3,18,2436.67,6288.97001,18.235301,17.267215,5.953995,-34.709875,-77.159153,100.932074,-41.696059,True
234,1,441,r,5,1,12,2483.3835,6844.86764,18.105237,15.681513,9.165222,-50.142268,-69.453299,95.491271,-12.452503,True
234,1,449,l,2,2,10,1967.0002,8339.37103,9.115528,-6.605355,6.295875,-103.857092,-61.733741,-45.608125,-17.989847,False
234,1,454,r,4,3,67,1893.5398,6941.72505,5.963881,5.566426,2.144122,-261.396152,-66.650515,53.738669,-45.908731,False
234,1,473,r,4,3,67,2706.3428,6328.56899,6.858995,6.791645,0.961096,-168.241432,-73.223023,54.574213,-65.481305,False
234,1,496,l,6,1,57,533.32025,16638.950100000002,33.504965,-33.415006,-2.609664,102.989856,-75.88335,-123.380757,-86.094985,True
234,1,513,l,1,1,35,1229.4642,11978.6711,29.204092,-28.397448,7.119556,27.409344,-68.765078,-141.967121,-31.480157,True
234,1,534,l,7,2,46,3701.1865,2709.67435,5.215659,-5.090594,-1.13682,-296.845349,-70.163796,-52.277442,-81.855188,False
234,1,580,r,4,3,67,2618.7446,5376.7412,7.953578,7.202032,3.383861,-10.956051,-71.860447,38.030434,-53.923918,True
234,1,607,l,2,1,17,2904.2363,5141.98161,9.520377,-8.769253,3.721033,-223.688753,-69.078834,-79.240976,-35.275556,False
234,1,637,r,4,2,59,1231.2781,9528.6226,19.387118,16.757562,9.89223,79.990492,-78.864563,63.235917,-40.617142,True
234,1,659,r,10,1,37,2264.4985,6300.62834,11.594488,11.20465,-3.00051,-237.599868,-70.428977,104.512085,-98.62139,False
234,1,683,r,4,1,63,443.09442,16935.4904,24.25384,19.256679,15.03474,133.246381,-67.608234,54.761318,-23.009044,True
234,1,688,l,7,2,46,2202.866,4987.65424,7.002361,-6.601539,-2.340298,-160.027708,-72.30199,-52.082235,-90.816765,False
234,1,688,r,7,2,46,2202.866,4987.65424,24.923984,17.939729,17.595986,-121.283266,-62.889343,133.155885,74.211377,False
234,1,716,l,1,4,48,2166.722,6930.14824,15.390429,-15.156564,2.704688,-145.882512,-73.597009,-118.071894,-52.263478,False
234,1,830,l,6,1,57,323.82846,19703.6974,33.490329,-33.060405,-5.681401,108.08432,-63.309299,-118.410283,-84.903438,True
234,1,834,l,2,2,10,2902.4683,5022.37945,8.31139,-6.664293,4.977781,-229.788603,-73.107146,-60.732749,-27.526663,False
234,1,856,l,6,1,57,2447.1274,4372.22467,21.45157,-20.818679,-5.291148,-31.394223,-74.623635,-122.206121,-106.467484,True
234,1,896,r,4,2,59,459.5173,16945.8105,24.903932,21.228316,13.334337,110.552532,-71.06427,69.705133,-25.43494,True
234,1,912,l,8,1,1,2662.8855,6626.381020000001,2.964533,-2.883516,0.688616,-212.719521,-70.090574,-25.321673,-64.040632,False
234,1,989,l,2,4,4,2096.2915,8030.55156,7.437283,-7.336356,1.224445,-169.540995,-71.084944,-59.164963,-61.181714,False
234,1,991,l,2,2,10,410.06378,18900.2211,23.30652,-17.630029,15.493105,103.245066,-83.951527,-59.349902,-29.632761,True
234,1,1030,l,7,2,46,2789.0652,4413.3641,4.926287,-4.722083,-1.405246,-210.535443,-74.53896,-41.345728,-86.859461,False
234,1,1033,r,4,3,67,1855.0933,7760.3453,10.031601,9.689399,2.610298,60.45806,-70.463862,39.192613,-59.847639,True
234,1,1045,r,4,3,67,2335.1777,6389.73964,6.072934,5.713065,2.062895,-157.701951,-71.256181,44.789702,-55.04951,False
234,1,1050,l,7,4,39,1203.7604,8959.12533,13.914521,-10.840777,-8.775768,67.477925,-71.645934,-42.61251,-106.622007,True
234,1,1052,l,1,4,48,1908.2465,7159.41075,15.945251,-15.575068,3.458975,-130.786961,-75.798555,-117.288478,-49.394975,False
234,1,1055,l,6,1,57,1861.5424,6741.2763154,21.962975,-21.66718,-3.682165,-63.923531,-72.239078,-140.608492,-96.747308,False
234,1,1115,l,1,3,41,1244.7487,10932.1126,28.388146,-27.652537,6.690089,43.687279,-72.271577,-129.056902,-39.654049,True
234,1,1127,r,10,1,37,2169.9038,7246.11938,12.448719,12.358046,-1.511566,-144.213388,-71.246692,95.134745,-82.976473,False
234,1,1168,l,2,2,10,3028.946,4188.1314600000005,7.026704,-4.61108,5.307862,-216.794964,-70.326699,-40.874397,-23.089722,False
234,1,1174,r,10,2,31,942.7015,13327.844,31.670582,30.615054,-8.533452,82.985075,-65.480915,122.501712,-101.57418,True
234,1,1182,l,7,2,46,3665.651,2824.3637200000003,5.999861,-5.859835,-1.290923,-223.965274,-72.054775,-52.749023,-83.697656,False
234,1,1186,l,2,3,24,2392.7927,6881.233120000001,14.720877,-13.878683,4.956717,-49.18672,-74.68179,-83.806314,-44.380346,True
234,1,1202,r,4,4,54,2922.4878,5507.58946,9.809275,9.125397,3.613814,-212.185697,-71.493044,80.665444,-39.370083,False
234,1,1228,l,2,3,24,3244.663,5097.83818,8.362386,-8.131702,1.957212,-206.032845,-67.574443,-70.875971,-50.451306,False
234,1,1232,r,5,3,18,1767.5476,8475.843939999999,21.429407,19.936136,8.024537,18.84261,-79.569742,98.351074,-38.905772,True
234,1,1243,l,1,4,48,2590.458,6148.67409,10.294157,-10.167442,1.618754,-255.409593,-72.627731,-97.814747,-56.968484,False
234,1,1253,l,2,4,4,2029.0867,7416.433379999999,6.02384,-5.913962,1.147339,-224.461518,-69.275662,-53.29113,-58.917142,False
234,1,1270,l,2,1,17,2170.6875,6942.92217,8.562134,-7.62247,3.911327,-228.791772,-73.836611,-69.428691,-38.049669,False
234,1,1296,r,10,4,50,415.65097,17018.3808,33.87876,32.435558,-10.366342,98.875674,-66.609663,121.457634,-108.03387,True
234,1,1436,l,2,1,17,2115.135,7704.2310585,17.448866,-14.5513,9.735137,-21.182242,-69.734634,-80.774519,-14.577577,True
234,1,1453,l,2,3,24,3016.6658,4680.2577,8.816686,-8.30034,2.983398,-219.912458,-69.188112,-74.391275,-42.331561,False
234,1,1472,l,2,2,10,2813.068,3266.22163,6.549958,-5.353295,3.779655,-290.749467,-73.980188,-54.419392,-35.445896,False
234,1,1498,l,2,3,24,3188.8347,5239.3357,7.099668,-7.022535,1.046319,-234.913988,-74.091904,-64.660907,-64.432551,False
234,1,1523,l,7,2,46,395.8579,16435.0518,19.511115,-18.094774,-7.423559,132.826713,-76.304348,-51.356283,-97.848816,True
234,1,1572,r,4,1,63,1288.4363,9011.47414,7.759738,6.619552,4.058131,-65.439681,-64.034993,41.248694,-38.648578,False
234,1,1588,l,1,4,48,2877.1106,5599.32721,16.243509,-15.725472,4.121897,-69.723625,-66.866365,-101.286328,-39.934859,True
234,1,1604,l,7,2,46,2442.483,5381.64891,6.931995,-6.799716,-1.350924,-132.85251,-73.996936,-50.41998,-84.039472,False
234,1,1625,l,7,1,27,409.85794,17463.955,25.504084,-24.977872,-5.327916,129.896548,-68.998063,-74.582201,-85.469665,True
234,1,1627,l,2,1,17,3089.4944,6143.102431,13.379994,-11.017105,7.640004,-73.650391,-70.078184,-70.799145,-20.382535,True
234,1,1634,l,2,2,10,1061.2826,12148.4705,6.788803,-6.217762,2.730675,-250.425339,-62.909853,-58.878496,-36.98153,False
234,1,1672,l,7,1,27,290.41284,18804.4476,27.466773,-26.565051,-7.248853,127.75,-72.15144,-81.125,-95.224872,True
234,1,1680,l,6,1,57,1099.8551,11166.1406,30.13695,-29.507866,-6.42156,54.23114,-70.116653,-133.434335,-100.60719,True
234,1,1705,r,4,1,63,2311.4324,6175.12394,9.053603,6.575042,6.237597,-120.045503,-72.176875,47.262885,-27.062684,False
234,1,1722,r,10,1,37,1909.0763,7393.803,22.013581,21.220125,-5.997071,33.63986,-75.952629,99.539153,-104.842762,True
234,1,1766,l,7,2,46,508.16565,16870.045,16.535711,-15.884686,-4.65453,88.533274,-65.244972,-57.331094,-82.298809,True
234,1,1833,r,4,1,63,3059.301,4200.9248,10.123967,7.754511,6.528632,-25.868267,-68.338052,43.013117,-31.855882,True
234,1,1845,l,2,2,10,1382.2571,10122.5794,18.337823,-12.814484,13.228864,56.140245,-74.26843,-53.193804,-17.888576,True
234,1,1852,l,1,4,48,2704.999,5613.79671,17.121227,-16.66391,3.987679,-64.862643,-76.525833,-106.220295,-50.703654,True
234,1,1863,l,1,1,35,3003.9546,6293.15271,20.037344,-18.96986,6.575123,-87.162641,-67.497319,-129.645629,-21.527418,True
234,1,1866,l,1,3,41,1154.3889,12139.2458,29.508272,-29.045111,5.450766,55.977162,-70.724123,-129.961948,-45.180849,True
234,1,1883,r,4,3,67,493.01633,16359.9019,19.13235,18.203934,5.989989,130.537403,-65.613862,52.440768,-48.000289,True
234,1,1884,r,10,1,37,3023.9082,3542.45265,20.055091,19.349738,-5.376075,-44.941329,-70.453945,117.621301,-103.861169,True
234,1,1913,l,7,2,46,2451.7178,5316.78415,6.579619,-6.377952,-1.619867,-107.331875,-73.194462,-44.413096,-84.500805,False
234,1,1931,r,4,4,54,455.4886,17284.4915,19.819647,19.109655,5.35843,97.966644,-73.946449,66.533753,-54.884057,True
234,1,1947,l,2,2,10,768.8349,15936.6964,10.770776,-7.060344,8.154664,-134.411731,-76.828914,-52.564997,-15.54833,False
234,1,1976,r,4,3,67,1830.8232,7507.60811,8.236422,7.300751,3.823205,-124.767375,-71.549483,53.138452,-43.605387,False
234,1,1981,r,5,3,18,883.7303,14773.40993,25.190642,24.960067,3.515013,39.761586,-64.704105,116.475828,-47.749532,True
234,1,1994,r,4,3,67,1319.6208,8894.0727,13.451118,12.173387,5.7657,81.639597,-76.056212,44.947819,-54.533792,True
234,1,2019,r,4,3,67,3908.6826,3824.97387,6.373183,5.663994,2.926526,-235.546676,-74.432323,52.123001,-47.433522,False
234,1,2039,r,4,2,59,2241.9373,6431.80982,11.444433,9.270614,6.740048,-198.938036,-72.517146,79.809207,-13.968902,False
234,1,2048,r,5,3,18,2553.4097,5933.3945,14.435092,13.713577,4.550472,-122.417432,-77.603246,100.640074,-43.816556,False
234,1,2078,r,8,2,20,3831.0117,3957.74159,2.525325,2.506694,0.306291,-187.638092,-66.690647,20.910037,-64.134826,True
234,1,2101,l,1,4,48,1370.7771,10808.0701,23.961185,-23.802417,2.837616,32.751368,-62.876164,-113.473127,-48.939929,True
234,1,2129,l,7,2,46,429.34283,17229.457300000002,20.182568,-16.107023,-12.326221,128.762194,-62.195265,-46.560313,-98.867667,True
234,1,2161,l,2,3,24,1677.3555,7498.41751,11.360832,-10.886782,3.267309,-86.125039,-67.754743,-72.340278,-45.889294,False
234,1,2191,l,2,4,4,2270.236,6242.00716,11.126578,-10.315968,4.191884,-45.247355,-73.994474,-61.021294,-49.019477,True
234,1,2199,l,7,2,46,2309.4204,5514.69388,11.228853,-9.841312,-5.433859,-38.632178,-68.302808,-57.008689,-100.030523,True
234,1,2284,r,4,3,67,671.8927,13501.758,11.345873,11.135788,2.187108,102.451877,-72.029457,36.91715,-64.729402,True
234,1,2319,l,2,3,24,1493.1807,11039.21055,18.636843,-17.987452,4.959568,60.780657,-72.832509,-74.422385,-51.919244,True
234,1,2334,l,2,2,10,3056.1348,5104.45986,7.926293,-6.378732,4.714855,-70.697096,-68.32846,-40.323095,-38.394291,True
234,1,2362,r,5,3,18,305.00098,18752.8362,28.614967,27.831711,6.932261,101.219898,-72.436165,99.666023,-46.480977,True
234,1,2368,r,4,3,67,1487.4987,8561.76789,9.866562,9.668261,1.977615,48.128959,-65.074145,41.205888,-56.6021,True
234,1,2384,l,2,1,17,1912.9369,8387.79155,11.54569,-9.576008,6.480364,-173.728564,-71.136996,-78.234092,-17.718433,False
234,1,2396,r,5,2,5,1879.5211,7922.6259,18.052073,17.188097,5.603098,-130.612737,-73.029534,130.105644,-29.836104,False
234,1,2430,l,6,1,57,334.6866,18308.9458,31.772182,-30.823437,-8.116438,75.486057,-70.048569,-127.994934,-105.673179,True
234,1,2438,r,4,4,54,2628.2173,4829.15825,12.319753,11.910159,3.173311,-46.823788,-78.200826,71.042282,-59.115983,True
234,1,2457,r,4,2,59,1114.2275,11460.7738,23.885642,20.171059,13.068712,68.189708,-78.896047,81.483112,-24.042531,True
234,1,2472,r,4,4,54,473.20093,15960.2557,23.345225,23.265966,1.97782,141.880057,-70.131096,63.68625,-64.563274,True
234,1,2484,l,2,2,10,361.2915,19659.095,23.506101,-19.318491,13.655759,109.213177,-77.193252,-63.376151,-30.649348,True
234,1,2499,l,2,1,17,1358.5068,11002.9565,10.577799,-9.276873,5.104674,-241.898998,-69.244044,-86.881361,-21.099907,False
234,1,2508,r,10,1,37,3020.3447,6063.55661,17.908019,17.210645,-5.025477,-33.328941,-65.224448,100.15286,-94.989731,True
234,1,2511,l,2,3,24,467.11493,18427.0492,21.914521,-21.840679,1.843136,118.518531,-70.245929,-68.72896,-64.300955,True
234,1,2577,l,2,2,10,2375.049,7048.30297,7.203025,-6.090779,3.852526,-268.622372,-68.278784,-59.608579,-30.447162,False
234,1,2606,l,1,3,41,1967.3429,10009.82723,24.306235,-24.01729,3.852638,-20.746554,-73.583668,-138.465655,-50.673654,True
234,1,2667,r,4,4,54,3508.292,4386.3794,7.56343,7.489407,1.058603,-253.208184,-72.618995,71.412546,-62.495114,False
234,1,2670,l,2,1,17,536.7053,17415.663099999998,23.450318,-21.596977,9.364192,76.574429,-72.044067,-84.488134,-34.1913,True
234,1,2672,r,5,2,5,1901.483,9729.83142,25.106881,24.054193,7.417966,5.268154,-69.786485,127.093621,-29.190107,True
234,1,2685,l,7,1,27,574.67487,14375.2355,20.504921,-19.821581,-5.358364,102.635106,-77.164612,-67.535242,-95.845215,True
234,1,2690,l,7,2,46,2653.382,5493.48828,6.57577,-6.263284,-2.007006,-195.235238,-73.370599,-53.255759,-90.476896,False
234,1,2726,r,4,4,54,1452.7709,8754.2354,15.52871,15.511241,0.745589,57.207246,-62.930225,64.60833,-59.786213,True
234,1,2735,r,5,3,18,471.6853,19253.3544,27.526961,26.565051,7.491056,92.75,-64.851822,98.625,-35.853226,True
234,1,2749,l,2,1,17,2102.4695,8299.32683,10.249878,-9.602798,3.601104,-209.498664,-66.867095,-84.508969,-34.9849,False
234,1,2771,r,4,1,63,1731.8046,8272.25942,7.8072,4.369503,6.476205,-205.729266,-76.713969,37.878872,-20.277259,False
234,1,2789,l,1,2,29,2757.0344,6205.66049,16.062462,-14.042216,7.878334,-126.585928,-75.026226,-104.192621,-15.605033,False
234,1,2820,r,4,3,67,2573.391,5949.36842,9.295695,7.125016,5.985742,-24.5,-75.641031,39.3125,-42.408247,True
234,1,2845,l,7,1,27,2259.095,5271.56244,10.415691,-9.916496,-3.201924,-109.602356,-76.962772,-69.860336,-99.656521,False
234,1,2851,l,2,1,17,2254.2725,8581.91194,18.202587,-16.806238,7.094928,5.061268,-65.491352,-86.061927,-28.443586,True
234,1,2864,l,6,1,57,3044.8103,4378.80331,18.496243,-17.941087,-4.573493,-105.204117,-69.147879,-127.960491,-102.377046,True
234,1,2895,l,2,1,17,1740.6917,9835.2774,9.988309,-8.14161,5.805845,-201.66696,-67.085157,-70.338905,-16.583776,False
234,1,2955,r,4,1,63,1035.4086,10849.27925,20.06588,15.548857,12.8435,81.184343,-70.47079,58.101508,-21.053732,True
234,1,2978,l,1,4,48,273.2613,22650.91621,33.501891,-33.095706,5.525029,128.50507,-74.861165,-105.259976,-56.214532,True
234,1,3004,r,4,3,67,1748.7516,8585.38147,6.120545,5.25472,3.142722,-120.244332,-63.370251,37.730239,-40.750346,False
234,1,3049,l,7,2,46,2394.7244,4159.47984,5.286271,-5.273386,-0.369388,-196.373676,-76.336963,-44.891668,-79.486001,False
234,1,3115,l,7,2,46,447.0027,15279.9257,19.931229,-18.130187,-8.422417,133.246624,-73.986548,-51.326328,-98.409076,True
234,1,3129,r,4,3,67,2915.3677,4483.41566,6.375409,5.868323,2.496083,-161.022862,-67.504911,46.356676,-47.740141,False
234,1,3136,l,1,1,35,916.20605,15013.3232,34.148488,-32.082286,12.379619,61.517009,-77.564883,-143.228693,-18.375855,True
234,1,3137,r,4,2,59,3041.8076,6000.38674,9.26813,8.270287,4.197997,-194.197172,-67.08591,70.380307,-31.172223,False
234,2,3,r,4,3,67,1773.1931,7778.88134,5.901686,5.825757,0.945271,-129.862961,-71.652137,42.838828,-64.688605,False
234,2,7,l,2,2,10,1617.9706,9503.5642,8.049264,-6.907149,4.143091,-201.648571,-71.745802,-59.55826,-35.871956,False
234,2,19,l,2,2,10,3181.9429,5133.58049,6.670914,-4.911472,4.519803,-227.839271,-74.505556,-44.498932,-33.419765,False
234,2,36,r,4,2,59,536.06396,17293.2669,25.313084,22.816338,11.267975,100.10681,-72.75132,79.887471,-31.705557,True
234,2,89,l,1,3,41,1050.6202,11883.0441,22.081138,-21.777142,3.743577,-20.054058,-76.487074,-123.869315,-54.640887,False
234,2,100,l,2,4,4,2074.5422,6040.46308,6.136242,-5.292668,3.109447,-203.616016,-76.786291,-45.72766,-49.856562,False
234,2,100,r,2,4,4,2074.5422,6040.46308,22.984352,19.259573,12.789733,-162.062435,-68.942392,157.952015,39.762265,False
234,2,101,l,7,2,46,1285.3585,9261.6884,7.499776,-7.228163,-2.005411,-106.269347,-69.459901,-50.258359,-83.44655,False
234,2,105,r,8,2,20,2854.38,4942.36064,2.559803,2.383712,-0.93328,-216.076274,-72.719264,21.066763,-80.970508,False
234,2,106,l,7,1,27,3578.9412,3097.70968,7.273169,-6.867756,-2.400112,-274.959517,-72.946533,-68.045041,-96.797595,False
234,2,124,r,5,2,5,1322.2384,11445.5649,28.885532,26.949175,10.811333,39.101646,-75.966468,127.55888,-22.216886,True
234,2,127,l,2,2,10,1812.6155,5958.98584,7.529684,-4.381112,6.12987,-236.134018,-75.782399,-40.309342,-19.111861,False
234,2,165,l,2,2,10,1075.6711,12800.2487,19.016682,-16.174438,10.137654,75.96449,-71.542173,-62.079528,-31.694243,True
234,2,207,r,4,2,59,2446.3933,5734.40559,11.78798,10.315015,5.737032,-120.079605,-72.117377,74.635113,-30.241496,False
234,2,209,r,4,2,59,1529.9526,8575.6962,10.366689,7.887514,6.748606,-184.3834,-71.475323,65.720775,-14.803904,False
234,2,212,r,4,1,63,672.58887,15122.7789,20.21833,15.080334,13.626746,97.255373,-78.298217,51.935526,-29.906624,True
234,2,247,l,7,2,46,3541.517,4422.55041,7.48479,-7.36471,-1.339031,-128.073453,-68.987283,-54.036438,-78.840941,True
234,2,323,l,3,3,23,3141.0205,4554.82995,6.397844,-4.384072,4.664206,-38.983384,-65.930581,-25.221896,-39.011363,True
234,2,419,l,2,1,17,2489.1902,6753.69844,11.791684,-10.805866,4.74817,-119.292804,-68.514302,-78.12021,-33.904152,False
234,2,470,l,2,2,10,298.1225,20985.8846,18.819,-17.358328,7.384002,88.979237,-64.585437,-62.83556,-37.291438,True
234,2,484,r,5,2,5,1320.2656,10388.5573,27.952759,26.960098,7.676564,25.541194,-70.748025,134.516583,-30.755668,True
234,2,493,r,4,3,67,3431.1763,4746.43217,5.602364,4.982786,2.56416,-222.303372,-73.082938,44.665646,-50.053455,False
234,2,501,l,7,2,46,1926.7777,4654.74207,8.922852,-8.778166,-1.606649,-104.912143,-73.63575,-60.981541,-84.84379,False
234,2,519,r,10,2,31,1816.3896,8394.23995,20.721507,20.510985,-3.011851,-83.814187,-68.884083,139.845093,-89.883656,False
234,2,530,r,4,1,63,3396.7778,4809.25561,10.015506,6.06208,7.987497,-125.298803,-75.606355,44.104662,-17.00463,True
234,2,578,l,7,1,27,3819.0574,2973.19747,8.536114,-8.322564,-1.904128,-219.989326,-77.116013,-74.604523,-94.251342,False
234,2,605,l,1,4,48,1080.7938,12593.5852,26.133179,-25.908425,3.544725,42.430863,-69.310942,-120.258106,-52.261389,True
234,2,607,l,1,2,29,439.55814,18755.2318,28.26773,-26.565051,10.034838,85.75,-73.804247,-102.125,-33.395308,True
234,2,611,l,2,1,17,323.14023,20916.7424,25.029772,-23.146165,9.799818,121.454369,-64.933293,-72.051368,-33.272418,True
234,2,619,r,4,4,54,2012.6238,6744.77508,8.869065,8.812647,1.002754,-243.120132,-67.05523,82.651858,-57.612479,False
234,2,701,l,1,3,41,1399.7131,12548.37219,28.669303,-28.500927,3.241536,25.831941,-74.714099,-143.437089,-57.689477,True
234,2,724,l,2,2,10,2963.4824,6762.13027,7.710752,-6.285607,4.475185,-224.460814,-65.633771,-56.666197,-25.125502,False
234,2,749,r,10,2,31,1833.5414,8132.023059999999,28.335606,27.839342,-5.504727,58.563318,-69.497925,122.225885,-94.72136,True
234,2,771,l,2,3,24,1132.069,11056.9744,17.86034,-16.045336,7.949965,54.458295,-85.16668,-67.742241,-50.939815,True
234,2,773,l,2,4,4,2221.9753,7011.402239999999,10.917463,-10.215981,3.870902,-60.93682,-73.432667,-63.244561,-49.30472,True
234,2,777,r,5,2,5,3526.1108,5389.87589,18.89775,17.979055,5.919203,-146.38143,-69.380938,141.612574,-21.814799,True
234,2,784,r,4,3,67,1741.2594,7826.63382,7.784649,7.147349,3.09287,-168.887205,-71.659465,57.54257,-46.67011,False
234,2,865,l,3,3,23,2554.8982,6183.76491,4.855243,-4.46773,1.90266,-39.028669,-40.894869,-25.708664,-29.931259,True
234,2,866,r,5,1,12,1375.9054,9725.0637,21.752014,19.499665,9.832715,-18.82394,-76.953183,109.358263,-20.171616,False
234,2,879,r,5,1,12,1522.0057,9741.61866,14.390474,12.796037,6.639517,-196.271059,-71.254855,110.442708,-13.209914,False
234,2,940,l,2,1,17,335.98123,20761.6187,26.533876,-23.757744,12.175207,116.720047,-67.267711,-76.272959,-26.4202,True
234,2,968,r,4,3,67,390.80518,17371.793700000002,16.672227,16.517261,2.300136,114.907011,-73.302595,51.922288,-65.967009,True
234,2,973,l,7,2,46,1871.893,7576.04944,4.834021,-4.799685,-0.575804,-212.927985,-74.402783,-42.229262,-79.475006,False
234,2,979,r,5,3,18,2383.599,6773.20105,20.172453,19.419164,5.569715,-21.099195,-71.670229,109.672294,-39.50274,True
234,2,990,r,3,2,9,2280.5933,6571.81498,7.120369,4.416568,5.590667,-36.957864,-52.015308,25.253142,-19.915259,True
234,2,1016,r,4,3,67,2943.2185,5444.24888,6.09939,5.063689,3.404675,-181.253835,-68.485235,41.757267,-40.339165,False
234,2,1030,r,10,1,37,3178.0823,3526.23514,10.604805,10.485526,-1.595021,-264.570014,-71.003589,102.638577,-86.70815,False
234,2,1052,l,2,3,24,3020.0188,5235.1376900000005,7.19194,-7.152408,0.754997,-227.111535,-68.742387,-64.890038,-61.874479,False
234,2,1102,l,2,3,24,484.7113,18083.196,21.812622,-20.025878,8.829518,91.584355,-76.576261,-72.318892,-43.771797,True
234,2,1135,l,2,3,24,1830.7067,7357.00294,8.843814,-8.710086,1.538082,-134.536998,-73.892129,-65.039774,-62.35987,False
234,2,1180,l,1,4,48,2098.4172,8050.4271,20.362027,-19.727767,5.146142,-15.107974,-67.739372,-109.411321,-38.548211,True
234,2,1189,l,1,4,48,1286.6962,11226.1455,26.331715,-25.229219,7.799613,69.513763,-71.178134,-103.89032,-37.792094,True
234,2,1223,r,4,3,67,1352.5544,10018.6302,11.145313,9.878026,5.187476,18.350738,-67.903837,47.303035,-42.870576,True
234,2,1290,r,3,4,3,1393.961,9077.92384,4.931896,3.574616,3.400107,-92.537667,-65.730608,23.897085,-42.958665,False
234,2,1325,r,10,2,31,2693.0537,5501.13278,18.010787,17.785948,-2.884,-148.631454,-70.661682,140.710498,-93.868157,False
234,2,1381,r,4,3,67,648.9324,13174.3954,17.243891,16.668668,4.480754,126.083597,-76.377319,49.079588,-62.968786,True
234,2,1405,l,2,1,17,2184.809,7006.5718,13.619326,-11.48487,7.369803,-27.450083,-73.640593,-64.498656,-31.742225,True
234,2,1411,l,7,2,46,496.5542,15340.5941,17.08874,-16.729536,-3.536263,139.291013,-80.18646,-45.299559,-89.911585,True
234,2,1421,l,1,4,48,3375.6182,5465.47545,16.032281,-15.857915,2.388942,-134.66999,-73.182382,-120.633261,-54.764599,True
234,2,1431,r,4,4,54,1476.3157,8953.83465,18.750799,18.58045,2.5675,58.415055,-71.032004,77.848988,-60.076384,True
234,2,1439,r,10,2,31,2038.6823,8112.36178,27.705392,27.097134,-6.005484,20.541802,-73.209281,137.871721,-105.051721,True
234,2,1488,l,1,2,29,3524.1917,4697.46997,16.521137,-14.639456,7.742486,-135.164502,-70.664196,-111.059766,-10.919033,True
234,2,1590,l,1,4,48,2348.1277,7225.82204,19.280472,-19.000523,3.335825,-63.773879,-71.280893,-121.81773,-49.472241,True
234,2,1594,l,7,1,27,1142.017,9427.62396,18.374281,-18.182872,-2.691133,70.626653,-76.009971,-72.053623,-86.863288,True
234,2,1598,l,1,1,35,1398.5187,11222.65328,24.089631,-22.762846,8.103023,-41.753299,-71.279093,-139.203173,-20.056217,False
234,2,1606,r,4,4,54,1696.0209,7835.37336,18.12147,18.079423,1.254895,41.611831,-69.544889,81.087045,-63.821214,True
234,2,1636,l,1,4,48,489.46863,19332.1443,28.842088,-28.526553,4.445571,100.339218,-73.93675,-103.091238,-57.153887,True
234,2,1641,l,2,1,17,2104.8015,7529.585133,17.554685,-14.036243,10.650559,-0.0,-74.809969,-72.5,-18.594587,True
234,2,1721,l,6,1,57,2248.7583,6602.65841,22.135389,-21.823912,-3.794142,-51.378415,-76.524993,-136.706916,-100.912071,True
234,2,1729,r,5,3,18,1680.4629,8319.70367,13.233355,13.172469,1.279329,-156.760988,-68.154167,104.560385,-57.907396,False
234,2,1774,r,4,3,67,2652.782,4952.97274,6.45996,6.352904,1.173598,-126.677161,-68.684368,46.391057,-60.095573,False
234,2,1795,r,10,2,31,3769.9727,3657.00062,17.972857,17.863987,-2.008255,-149.811101,-70.453915,141.749899,-86.657099,True
234,2,1801,r,3,4,3,3305.4338,5772.13191,4.098801,2.359233,3.352692,-251.829185,-62.436876,22.323183,-30.668298,False
234,2,1856,l,1,3,41,2169.9219,6581.26076,16.705726,-16.315245,3.640654,-156.585281,-71.13717,-130.719673,-41.530001,False
234,2,1857,r,10,2,31,3539.5215,4694.59673,14.059676,13.736169,-3.027959,-226.824066,-68.466647,126.333818,-96.61006,False
234,2,1911,l,1,4,48,324.49115,22456.46473,32.469471,-31.908094,6.356874,103.761325,-71.152355,-115.959871,-46.71113,True
234,2,1923,l,3,3,23,2786.9478,5363.50555,4.840794,-2.769298,3.971973,-206.626079,-70.815684,-24.022319,-36.292,False
234,2,1945,r,4,2,59,2221.3506,6600.24936,11.050283,9.29249,6.006287,-188.217444,-79.370524,78.246753,-28.385713,False
234,2,1953,l,2,4,4,2356.9685,5882.00402,4.367208,-4.310773,0.700474,-256.492949,-71.548358,-41.194348,-64.847875,False
234,2,1965,r,4,2,59,1743.0437,8478.40716,10.264203,8.474405,5.812504,-236.738666,-73.971665,78.481082,-19.759462,False
234,2,2023,r,4,1,63,2803.1113,6037.59912,7.597537,6.296107,4.26084,-187.179336,-72.227508,52.648271,-36.460443,False
234,2,2080,r,3,2,9,1264.241,11064.9861,45.968117,45.919914,2.388944,-25.419115,-73.104896,325.71373,-54.189123,False
234,2,2126,l,2,1,17,650.09235,17032.0921,23.419658,-20.191817,12.121139,88.663455,-70.857537,-74.044778,-24.785544,True
234,2,2162,r,4,2,59,1839.6455,9064.62612,14.25117,12.496536,6.905925,-29.330905,-61.205118,70.773704,-21.589802,True
234,2,2175,l,2,2,10,1612.2548,9834.9067,9.160222,-7.456495,5.335856,-186.881755,-64.283615,-62.414339,-19.363757,False
234,2,2220,l,1,3,41,2081.875,7734.4198,16.208489,-16.156025,1.32077,-157.032331,-67.743256,-129.502923,-57.012762,False
234,2,2266,l,1,3,41,1901.2764,7952.06762,20.058937,-19.402674,5.189927,-114.891979,-74.438237,-142.606215,-35.447564,False
234,2,2271,l,1,2,29,2621.2068,5732.96887,19.820245,-18.495617,7.252306,-62.888971,-72.821275,-118.04498,-25.467787,True
234,2,2295,l,7,2,46,859.88934,12058.7251,12.65993,-12.356056,-2.778811,74.924194,-72.270177,-47.114583,-82.956954,True
234,2,2296,l,1,4,48,2320.52,6393.84386,13.338822,-13.241736,1.620979,-221.416854,-68.659065,-120.344828,-53.791188,False
234,2,2305,r,4,4,54,2244.8047,6857.31201,7.00823,6.795798,1.716465,-225.671226,-74.215299,61.451712,-58.65288,False
234,2,2312,l,7,2,46,983.577,10378.2178,14.557951,-13.55119,-5.37022,79.993485,-76.449916,-50.616587,-96.756573,True
234,2,2375,l,2,4,4,2877.966,4646.5817,7.179665,-6.141499,3.725964,-220.161818,-77.703897,-54.894325,-44.289279,False
234,2,2379,l,2,2,10,2343.4646,6707.32176,13.475896,-11.22955,7.497968,-2.240803,-63.544004,-58.021882,-24.32955,True
234,2,2478,l,1,1,35,2205.277,7326.45509,23.832949,-21.981531,9.447326,-29.938409,-70.746188,-129.143561,-13.335698,True
234,2,2479,r,4,1,63,2730.2473,5548.61097,6.638117,5.504602,3.715704,-171.44746,-67.785885,44.469747,-37.679569,False
234,2,2493,r,4,4,54,2573.6174,6750.120199999999,13.243167,12.443643,4.567984,-31.784563,-67.464903,71.005926,-41.137219,True
234,2,2517,r,10,1,37,304.80594,19816.70292,32.292026,32.057522,-4.109902,126.676953,-75.394233,102.283703,-89.241189,True
234,2,2568,r,4,4,54,734.06323,12333.2489,19.578941,18.847214,5.40168,103.124367,-78.976317,63.789541,-60.304734,True
234,2,2583,l,1,2,29,779.7369,16480.4133,31.547268,-28.326117,14.503623,80.690376,-72.166063,-112.824723,-10.655602,True
234,2,2617,l,1,4,48,1293.4998,10582.2112,14.838356,-14.698793,2.053093,-137.716103,-73.383348,-112.199589,-57.531558,False
234,2,2624,r,5,1,12,1167.383,11877.0926,24.316876,21.746205,11.156269,30.574384,-80.458031,103.480408,-25.376164,True
234,2,2638,l,6,3,61,360.5877,8321.9701,60.486284,-60.473253,-1.623825,-38.924917,-71.264675,-580.740094,-90.185181,False
234,2,2638,r,6,3,61,360.5877,8321.9701,17.445943,16.917988,4.323094,-51.632205,-70.69694,103.91297,-43.702754,False
234,2,2683,r,10,1,37,1490.031,8849.673,25.187882,24.764616,-4.750462,56.808491,-76.575749,107.574898,-97.916979,True
234,2,2690,l,7,2,46,767.5352,12340.8593,15.688858,-15.219234,-3.855721,123.231872,-81.401698,-45.370019,-93.049854,True
234,2,2692,r,3,4,3,1854.1644,6749.51683,5.468156,4.484568,3.132001,-15.533111,-63.627842,23.963175,-46.858265,True
234,2,2702,r,4,1,63,602.64886,14982.2478,19.811038,15.486364,12.509648,125.962168,-71.894471,45.449679,-34.128031,True
234,2,2715,l,2,1,17,1530.4578,9907.1985,10.707771,-8.423389,6.634815,-156.005587,-65.74327,-66.046426,-13.298266,False
234,2,2745,l,1,4,48,396.14352,20843.643,26.812996,-26.021833,6.70348,85.894728,-73.8726,-99.645087,-47.176953,True
234,2,2778,r,4,3,67,3446.6208,4471.48124,5.956981,5.648756,1.894418,-146.314932,-74.541738,43.155936,-60.039815,True
234,2,2789,r,10,1,37,2694.4622,5493.90694,11.996133,11.80279,-2.16046,-194.402103,-68.98177,101.221488,-87.650552,False
234,2,2814,r,10,1,37,1426.6066,10166.2373,27.510309,27.271045,-3.767773,68.429301,-69.819471,114.219399,-86.235688,True
234,2,2830,r,10,2,31,1683.767,9524.0654,28.65848,28.02208,-6.265367,50.723295,-72.473842,127.343985,-102.232566,True
234,2,2868,r,5,3,18,1885.6237,7372.38514,13.655246,13.293012,3.152873,-195.615888,-73.646047,114.732195,-46.160129,False
234,2,2879,l,2,4,4,494.21335,17510.5153,12.784604,-12.745577,1.006547,74.561008,-68.324166,-48.731383,-64.443416,True
234,2,2892,r,10,3,43,299.03635,18582.3845,32.941099,31.268816,-10.932142,97.871102,-65.65524,116.673024,-109.071857,True
234,2,2905,r,4,2,59,2624.293,6070.89395,10.361877,8.374797,6.123635,-166.845509,-65.972937,67.255752,-16.431332,False
234,2,2913,r,4,3,67,613.4491,14920.5809,12.110283,12.058721,1.124693,110.238673,-65.587638,38.402047,-61.978912,True
234,2,2917,r,4,4,54,281.20343,20468.4961,23.772856,23.626983,2.708319,108.502729,-61.370297,79.396019,-51.999148,True
234,2,2927,l,7,2,46,1191.9274,9066.0339,16.112487,-15.0682,-5.773577,95.897991,-81.482179,-52.257184,-101.806728,True
234,2,2932,l,2,2,10,3681.6113,4575.85269,6.861829,-5.336383,4.319922,-171.282829,-64.717386,-43.087368,-29.720368,True
234,2,2949,l,6,1,57,2801.1875,4505.80436,20.756792,-20.650001,-2.150318,-72.559273,-71.603364,-136.638287,-86.151329,True
234,2,2975,r,4,2,59,1336.9926,10242.77755,19.602809,16.867455,10.136611,57.863864,-74.913194,70.384346,-31.544618,True
234,2,3000,r,10,1,37,1775.0868,8919.06934,24.425786,23.72084,-6.002031,48.735983,-65.548199,106.012179,-93.255532,True
234,2,3047,r,4,2,59,2600.0083,6917.78665,9.817935,8.885897,4.192118,-177.364652,-70.96084,73.069496,-36.28822,False
234,2,3065,l,2,2,10,2527.7217,5723.13897,9.057552,-6.675128,6.136168,-222.913539,-76.421547,-60.027775,-20.903057,False
234,2,3069,r,4,2,59,1230.7697,9819.956,12.46078,10.217503,7.170806,-92.96835,-78.949925,69.027668,-29.9916,False
234,2,3118,r,10,1,37,2065.9114,6647.89354,13.81736,13.698945,-1.822605,-155.70336,-75.087235,108.642074,-89.685311,False
234,2,3128,l,7,1,27,2404.43,5463.35396,10.149043,-9.66695,-3.105618,-78.958119,-72.414074,-62.848145,-92.72076,True
234,2,3147,l,3,3,23,2580.5671,6295.85317,4.317542,-3.971588,1.694774,-108.045354,-56.798123,-27.635697,-44.992397,False
234,2,3176,r,10,3,43,2770.2014,3294.37467,19.07244,17.850332,-6.829643,-21.399059,-82.997069,100.281132,-122.178755,True
234,2,3197,r,4,3,67,3168.3118,4795.9014,7.263106,6.624871,2.983877,-112.073587,-74.829948,46.698376,-53.730731,True
234,2,3233,l,7,2,46,2312.295,6166.7521,11.194157,-10.455996,-4.020093,-2.087659,-68.460657,-53.903249,-89.33498,True
234,2,3251,l,7,2,46,1784.2571,6402.20866,7.075252,-6.764239,-2.079511,-157.880547,-82.398647,-53.123027,-98.775301,False
234,2,3254,l,8,1,1,1943.1423,7186.27469,4.565182,-4.476839,-0.894666,-25.876305,-76.969525,-24.731529,-81.91739,True
234,2,3285,r,5,1,12,1224.9731,11634.3216,25.923478,24.985859,7.142282,56.967201,-66.313146,108.594968,-34.097753,True
234,2,3291,r,10,3,43,2983.9023,2606.35962,17.920406,16.187187,-7.793758,-29.011559,-70.976746,92.60407,-116.442946,True
234,2,3306,r,4,3,67,929.3883,11372.9304,15.874368,13.665864,8.155206,133.027071,-72.609931,38.166809,-49.459659,True
234,2,3328,r,4,3,67,1978.8772,6695.97465,5.118297,4.96135,1.259338,-265.430585,-76.073766,48.216359,-63.817741,False
234,2,3329,r,4,4,54,1827.4506,7096.13273,7.372124,7.256491,1.304091,-195.583356,-71.636907,61.829905,-60.49354,False
234,2,3346,l,7,1,27,1523.8901,8147.6954,19.632094,-17.777634,-8.467217,77.112416,-68.666443,-68.259067,-101.9474,True
234,2,3357,l,7,2,46,3301.2053,4421.61373,8.501709,-8.242841,-2.089205,-58.551558,-69.498494,-50.493108,-82.346268,True
234,3,0,r,10,3,43,2812.5789,3590.36549,20.469199,19.093352,-7.519513,-11.185127,-70.060149,104.255567,-112.130714,True
234,3,14,l,7,2,46,3555.4985,3140.91975,5.318959,-5.145977,-1.347265,-264.970584,-69.762433,-49.978723,-82.867355,False
234,3,24,r,5,2,5,2875.5364,6252.584,19.94439,18.186314,8.32982,-85.795647,-79.888768,123.455865,-21.973273,True
234,3,61,r,4,3,67,1705.5239,7597.523239999999,6.614022,5.985198,2.819865,-134.84114,-74.603715,44.541642,-53.563173,False
234,3,65,l,7,2,46,934.48303,12092.19235,21.878402,-20.624537,-7.464814,123.778774,-69.021918,-62.559705,-92.292991,True
234,3,72,r,4,2,59,2320.8723,7243.69034,9.822014,8.816005,4.34735,-212.835663,-68.146408,77.98691,-29.463061,False
234,3,73,l,6,1,57,549.3884,16511.7692,34.996651,-34.740104,-4.523611,97.959909,-70.546815,-133.173824,-89.036137,True
234,3,115,l,2,2,10,2610.5806,5372.8289700000005,8.352594,-6.924255,4.682674,-54.176242,-68.828424,-41.797742,-40.429638,True
234,3,117,r,4,3,67,1437.7429,9240.82227,4.926173,4.818709,1.024551,-131.160415,-69.61149,35.504321,-62.052871,False
234,3,162,l,2,4,4,1169.4331,9964.4118,10.265332,-9.928332,2.621871,61.411176,-68.737584,-40.011624,-58.110843,True
234,3,193,l,7,2,46,3972.326,1115.78118,5.620527,-5.090905,-2.38495,-236.788641,-77.301154,-46.930352,-99.328417,False
234,3,205,r,4,4,54,2061.1584,6880.596,7.539784,7.469643,1.028972,-216.330223,-66.8244,66.386739,-57.652428,False
234,3,212,r,4,3,67,2776.2573,5528.69069,5.993349,5.489068,2.410012,-104.124011,-75.02838,37.873929,-58.364287,True
234,3,244,r,4,1,63,2609.822,5367.41661,12.208776,8.712592,8.585736,-82.509974,-79.898094,57.085823,-22.999541,True
234,3,246,r,4,1,63,1062.7874,10810.8049,17.530453,14.416398,10.081802,96.416429,-66.752591,49.762875,-31.214514,True
234,3,247,r,5,1,12,1107.1802,11083.0667,27.644661,24.727265,12.770062,55.762253,-77.983677,107.872401,-19.535723,True
234,3,260,r,4,4,54,2322.524,6302.6553175,15.15248,14.282359,5.114312,-35.391759,-75.338538,82.834631,-45.287339,True
234,3,270,l,1,3,41,2398.3777,6698.8031900000005,15.677979,-15.249426,3.684589,-160.393587,-76.323687,-122.786539,-46.261187,False
234,3,296,r,5,3,18,2620.93,6659.21511,19.362025,18.647616,5.306244,-41.614187,-73.38854,111.907394,-40.882711,True
234,3,316,l,7,1,27,1476.0822,7964.96666,18.749256,-17.375721,-7.155407,68.470687,-71.956766,-69.319999,-101.097038,True
234,3,355,l,1,2,29,1984.2522,8411.755000000001,17.643055,-15.997871,7.538688,-129.174047,-72.01381,-120.179368,-14.305605,False
234,3,414,l,7,2,46,1273.5955,9318.74204,17.564374,-16.499556,-6.108169,103.308085,-74.710074,-55.299091,-95.546614,True
234,3,439,l,6,1,57,1557.6412,8044.08,27.52636,-27.065917,-5.214504,11.50623,-65.482082,-142.303477,-94.023876,True
234,3,465,l,3,3,23,2428.737,7783.480879999999,10.803202,-10.526311,2.444036,108.183577,-52.190061,-33.784051,-44.296873,True
234,3,466,l,2,2,10,1867.7036,8052.74998,15.152366,-13.002157,7.848597,36.599275,-67.536451,-58.512216,-31.686753,True
234,3,467,r,4,1,63,2084.7654,7668.53978,8.985498,6.862125,5.814839,-170.333151,-75.291377,55.397701,-28.073741,False
234,3,499,l,7,2,46,592.79865,14195.248,22.507808,-21.002877,-8.281581,146.632673,-76.722064,-55.041821,-99.075109,True
234,3,501,r,4,2,59,1998.6188,6048.5640300000005,9.648457,8.540191,4.506502,-237.07892,-75.881602,79.150494,-33.87362,False
234,3,554,r,5,3,18,1495.1212,8625.46094,15.779114,15.073465,4.721007,-86.102937,-83.293089,101.29352,-51.126206,False
234,3,578,r,4,2,59,2528.686,7156.5128,16.504557,14.122034,8.630486,-23.871174,-65.12768,78.967323,-16.003677,True
234,3,605,l,1,3,41,2104.172,7321.77488,24.360351,-23.75098,5.578721,-27.947245,-73.400067,-139.90663,-39.470609,True
234,3,615,l,2,4,4,1653.086,7615.71177,6.012951,-5.5435,2.332848,-125.165081,-75.089476,-40.293997,-58.096848,False
234,3,652,r,5,2,5,3651.4,2596.46831,16.707858,16.055332,4.685812,-210.007648,-75.797865,143.897602,-33.150968,False
234,3,664,l,1,4,48,1796.2194,9176.77297,14.576822,-14.150921,3.534152,-123.98254,-71.535604,-104.376453,-45.167521,False
234,3,698,r,3,4,3,1656.8533,8874.72416,4.731264,3.713672,2.933524,-86.113886,-57.358283,24.412317,-38.043982,False
234,3,772,l,1,2,29,2250.6187,7006.985087,15.029206,-13.15099,7.340234,-184.046552,-74.890595,-110.7589,-12.180822,False
234,3,786,l,2,2,10,2224.4072,6895.57986,12.694996,-8.730189,9.252645,21.871918,-65.27075,-41.173956,-21.078605,True
234,3,801,r,4,4,54,2368.9678,6186.84934,7.504365,7.3723,1.405557,-279.174472,-73.104127,73.643066,-59.022151,False
234,3,869,r,4,3,67,2016.1132,6885.35593,6.187996,5.228813,3.313807,-182.536953,-75.873539,43.243838,-48.398646,False
234,3,897,r,10,2,31,2809.7556,6238.9981,24.750286,24.454173,-3.940143,-20.810899,-69.803786,141.344567,-93.321221,True
234,3,898,l,7,2,46,3531.059,2676.88589,4.306414,-4.271796,-0.545446,-251.675653,-75.513146,-40.460662,-80.68433,False
234,3,927,l,7,1,27,3488.5183,3745.31339,9.628852,-9.4925,-1.62214,-165.204562,-70.695665,-76.113869,-83.765686,True
234,3,955,r,4,3,67,538.90045,16615.5651,19.862409,18.537918,7.260527,118.571365,-67.785643,57.4854,-44.749915,True
234,3,968,l,1,4,48,521.27136,18716.8483,30.059011,-29.799238,4.137934,105.016151,-75.929678,-105.937984,-60.507525,True
234,3,977,l,1,3,41,2152.4612,7697.8673,22.194753,-21.554951,5.421425,-49.016817,-71.751083,-133.918009,-37.15736,True
234,3,985,l,7,1,27,1284.7092,10090.52688,19.673396,-19.332882,-3.716248,55.14969,-70.623007,-82.394747,-86.788529,True
234,0,16,l,7,1,27,2267.283,5528.77012,15.07077,-15.014994,-1.310558,-1.540901,-77.800032,-78.199929,-84.705536,True
234,0,64,r,4,2,59,2835.138,5386.02341,9.772629,8.403928,5.00583,-194.821574,-71.496375,71.626181,-28.56934,False
234,0,77,l,7,1,27,1185.4025,8640.27205,19.984568,-19.735244,-3.211596,64.79575,-80.701428,-80.791118,-94.126573,True
234,0,89,l,2,2,10,882.5871,12170.5727,14.566984,-10.796786,9.837525,72.798246,-69.796022,-41.420823,-31.4535,True
234,0,97,r,4,3,67,1858.3676,7774.072959999999,6.530582,5.932782,2.734473,-112.66183,-73.104145,41.843913,-53.768714,False
234,0,138,r,4,3,67,589.98566,14578.6531,14.309603,13.993227,3.022703,119.831918,-69.035335,42.406304,-59.774776,True
234,0,174,l,2,2,10,537.77594,17156.9842,14.861304,-8.840901,11.99348,29.572497,-84.585443,-40.506692,-28.595621,False
234,0,200,r,4,2,59,1508.9294,8750.02247,9.850253,8.184114,5.500358,-247.717841,-71.518161,77.334141,-19.20567,False
234,0,216,r,4,1,63,1516.3031,8601.86119,17.225172,12.104468,12.347896,78.838238,-70.199413,45.286382,-22.922648,True
234,0,228,l,2,4,4,2249.383,5716.0485,5.731654,-5.707532,0.526164,-228.646818,-69.69821,-51.836697,-64.911463,False
234,0,238,r,4,3,67,996.7057,11294.4771,17.547892,16.775508,5.224532,99.440374,-65.510623,57.444472,-47.311571,True
234,0,242,r,4,1,63,2024.1683,7024.58477,7.431428,5.397039,5.116209,-142.261341,-73.807105,40.838186,-34.933208,False
234,0,250,r,4,1,63,2702.1733,5696.13484,6.386238,4.931896,4.062169,-147.261514,-68.468762,37.731757,-37.30025,False
234,0,304,l,1,3,41,1076.0327,12999.9605,24.017979,-23.793648,3.374618,-35.423456,-68.772606,-143.485755,-47.801072,False
234,0,321,l,1,1,35,1778.9408,9121.09884,11.702136,-11.569067,1.771847,-175.606024,-66.583769,-95.313259,-51.881825,False
234,0,323,r,5,1,12,2042.3716,8062.23223,22.813148,20.456934,10.32128,-22.12701,-73.791282,116.432175,-13.122349,True
234,0,339,r,4,3,67,3998.3179,3586.53732,7.04271,6.331722,3.089979,-231.629058,-74.5841,57.880726,-46.252357,False
234,0,380,r,4,3,67,763.88464,13094.264,15.808317,13.330714,8.574876,107.729174,-70.028471,43.190178,-41.783292,True
234,0,385,l,2,1,17,1529.6097,9865.54235,8.425856,-7.699559,3.432618,-206.580316,-68.324717,-67.136401,-38.267721,False
234,0,391,r,5,3,18,1164.1671,11243.89678,16.134001,15.765819,3.471413,-66.431699,-67.839829,100.63038,-45.372825,False
234,0,437,r,5,3,18,3234.66,3947.37419,11.921579,11.431082,3.407182,-240.475579,-71.210366,107.262148,-38.988416,False
234,0,447,l,1,4,48,2794.395,7301.78828,17.805695,-17.218046,4.60703,-44.359922,-68.136558,-103.617101,-39.929201,True
234,0,490,l,1,4,48,1255.0674,10799.4301,20.680654,-20.418957,3.351942,-21.724502,-74.530499,-116.046718,-55.048934,False
234,0,501,l,2,2,10,1978.346,7284.11509,8.073797,-6.212975,5.166227,-141.752986,-66.926526,-47.002314,-27.659887,False
234,0,518,r,4,1,63,3759.6465,3823.8998,6.514201,4.579074,4.638183,-238.743709,-74.99028,42.347348,-31.956546,False
234,0,555,l,2,2,10,3554.1292,3448.96462,9.563975,-7.768631,5.595555,-171.342901,-66.411403,-62.93881,-20.793794,True
234,0,563,l,3,3,23,2725.0269,5436.7733800000005,6.156669,-3.655339,4.957463,-95.712282,-62.557879,-24.640994,-29.032752,True
234,0,642,r,5,2,5,2283.7415,7474.6804,21.99241,20.467526,8.225134,-54.733204,-75.89253,128.667811,-22.703546,True
234,0,643,r,4,1,63,1715.7252,8693.83216,14.501254,10.481498,10.077817,61.206041,-64.381859,42.328038,-23.028805,True
234,0,703,r,4,3,67,1896.8365,9094.29889,10.993163,10.700031,2.53652,25.548394,-70.35656,49.968799,-58.434167,True
234,0,705,r,10,1,37,3379.4055,5100.5578,12.420056,12.300773,-1.73059,-215.538256,-73.83001,110.232307,-89.463075,False
234,0,719,r,8,4,14,3012.3708,3787.98463,16.675543,15.94552,4.944582,-205.752535,-71.693161,141.644747,-27.08728,False
234,0,737,r,5,1,12,3445.3538,4823.8234,15.724428,14.195819,6.833499,-102.441661,-65.090716,99.272537,-16.580818,True
234,0,798,r,10,1,37,1132.8248,9556.4479,12.160687,12.061514,-1.561508,-237.063586,-75.888883,112.622394,-90.581095,False
234,0,828,r,5,1,12,522.71,18461.0588,33.313151,31.568087,11.238284,107.322997,-66.642943,112.243434,-24.040726,True
234,0,914,r,4,3,67,3142.0657,4869.75973,5.698115,5.448555,1.670383,-100.655071,-74.624178,37.261819,-63.180214,True
234,0,923,l,1,3,41,1624.8246,9182.81336,25.711835,-25.561985,2.870089,3.892001,-68.115445,-136.846653,-52.215255,True
234,0,927,r,4,3,67,2212.4912,7260.99027,7.194405,6.678676,2.680922,-184.994346,-72.134062,55.619798,-49.740442,False
234,0,928,r,4,3,67,2885.453,3271.35025,5.890254,5.742805,1.311885,-113.320791,-66.721952,40.56111,-57.439029,True
234,0,984,l,7,2,46,1911.558,7172.07727,5.590288,-5.492348,-1.043442,-192.057727,-72.267591,-46.351901,-81.088054,False
234,0,995,l,7,2,46,2616.866,5113.70559,8.256096,-7.896242,-2.418588,-56.068651,-70.942089,-47.997861,-85.699051,True
234,0,1022,r,4,3,67,1148.4032,9735.6127,13.649339,12.967172,4.298082,81.363243,-68.226421,48.041697,-52.135633,True
234,0,1032,l,7,2,46,2158.8303,6388.14246,7.631582,-6.531312,-3.956119,-80.967831,-74.617839,-42.471826,-100.440543,False
234,0,1070,l,2,4,4,2999.6826,5253.84028,6.658643,-6.311846,2.125187,-202.837888,-64.858543,-54.512948,-46.458516,False
234,0,1103,r,4,3,67,1958.4983,5921.21415,5.017902,4.576497,2.060108,-167.611239,-79.417013,36.629603,-62.903548,False
234,0,1117,l,2,4,4,2492.569,6273.03578,6.6804,-6.658093,0.546701,-45.484801,-64.464742,-39.161664,-61.241799,True
234,0,1139,l,8,3,7,2414.0454,5431.78338,5.84487,-5.036083,-2.970371,-48.5037,-79.430964,-29.830061,-97.063735,True
234,0,1145,l,1,4,48,1665.9368,8516.3124,22.533422,-21.274683,7.604502,-16.701628,-83.093172,-119.421875,-39.151347,True
234,0,1146,l,7,2,46,3161.4158,4296.76159,8.858845,-8.705855,-1.645626,-53.965457,-74.968114,-52.670087,-84.965247,True
234,0,1147,l,3,3,23,3041.689,5720.91688,8.487354,-7.283969,4.368286,45.550287,-47.743726,-31.245217,-28.918529,True
234,0,1162,r,5,3,18,2152.8079,7546.15862,20.34801,19.474523,6.015812,-17.633724,-70.47813,108.784891,-36.091416,True
234,0,1163,r,5,1,12,3011.0398,5592.425020000001,13.38658,11.749512,6.460395,-221.6407,-69.647829,106.416869,-10.472068,False
234,0,1235,l,7,4,39,2213.034,7550.41107,14.1297,-11.6346,-8.073666,55.760282,-73.70541,-48.229942,-107.629851,True
234,0,1240,l,1,1,35,1293.3308,10599.1359,19.487836,-18.108912,7.32415,-119.135006,-73.85788,-133.796374,-18.530686,False
234,0,1269,l,6,1,57,3620.3652,3634.41704,15.315573,-15.008611,-3.086641,-201.42677,-72.141793,-131.756564,-99.577514,False
234,0,1277,l,7,1,27,3619.2163,3662.92078,11.00356,-10.718882,-2.501416,-137.658251,-71.369058,-80.952842,-90.383378,True
234,0,1279,l,7,1,27,540.3995,15411.5613,22.477782,-21.862857,-5.354648,98.210171,-67.507669,-76.954631,-86.877082,True
234,0,1287,r,4,3,67,2801.7231,5370.80422,5.885877,5.322122,2.5173,-191.795004,-72.244863,44.882404,-50.97178,False
234,0,1347,r,4,3,67,3741.546,3848.10718,6.481635,6.358759,1.258685,-242.724883,-70.486193,59.366422,-58.708851,False
234,0,1354,r,4,1,63,942.16077,11751.7167,16.092057,12.547827,10.156986,63.296925,-69.224992,50.457438,-27.616531,True
234,0,1367,r,4,2,59,978.51044,11918.5253,23.387588,20.520887,11.470018,98.761516,-71.878886,71.58061,-30.446037,True
234,0,1379,l,2,4,4,1616.677,8506.38687,8.35724,-8.046858,2.263908,-64.75185,-75.14348,-50.15301,-60.979538,False
234,0,1417,l,7,1,27,795.76526,12181.9809,22.744102,-22.12336,-5.415161,107.593139,-69.704603,-74.154392,-88.370069,True
234,0,1539,r,4,3,67,894.0946,11190.5441,16.071466,14.458251,7.093999,71.85806,-74.671158,56.245791,-46.635448,True
234,0,1570,l,6,1,57,2138.2546,5883.0578,15.114753,-14.811192,-3.048329,-206.491031,-72.626662,-131.282348,-99.975311,False
234,0,1591,l,7,2,46,2213.8289,5627.47579,10.871207,-10.059754,-4.142614,2.940685,-81.130277,-50.925044,-102.246186,True
234,0,1622,l,2,3,24,351.93207,20146.6409,22.083543,-20.748816,7.733711,102.48753,-73.430791,-71.03769,-46.199612,True
234,0,1658,r,5,1,12,1177.5074,11171.2838,20.629053,19.1689,7.770697,-49.783862,-76.491511,118.118499,-27.402166,False
234,0,1674,r,10,1,37,2891.6272,5436.44781,11.0409,10.924002,-1.612216,-234.427906,-75.288798,101.216749,-90.321697,False
234,0,1804,l,1,2,29,2137.5164,7497.57828,21.791166,-19.53604,9.848531,-33.916069,-73.743744,-114.934045,-14.076148,True
234,0,1810,r,5,2,5,1052.3158,11894.5797,18.491256,17.451541,6.210591,-122.792375,-69.849428,129.769199,-22.761195,False
234,0,1823,l,7,2,46,1211.4401,10252.3819,7.259155,-7.231132,-0.638923,-86.173928,-79.841939,-47.729493,-84.070577,False
234,0,1846,r,5,3,18,1625.9668,8143.5926,21.657044,19.903508,8.715675,23.1652,-80.301196,96.611328,-36.796361,True
234,0,1868,l,2,1,17,468.756,19120.1593,25.469441,-22.185738,12.838768,98.001523,-78.845145,-78.297382,-31.588885,True
234,0,1901,r,4,3,67,448.37244,16479.7519,18.820613,18.490418,3.572998,112.770148,-63.284215,59.267324,-51.615323,True
234,0,1927,l,1,4,48,268.2982,23074.5311,29.99862,-29.589151,5.179686,97.86888,-72.829811,-109.097554,-52.801234,True
234,0,1952,r,5,1,12,3171.5408,5117.18682,17.892351,16.413246,7.223451,-101.674015,-72.942551,115.374331,-21.190786,True
234,0,1953,r,4,3,67,3123.276,5488.60945,5.618633,4.731765,3.033211,-229.566699,-73.717322,43.006167,-46.091837,False
234,0,1976,l,8,1,1,760.8677,12123.80418,3.035627,-2.995031,0.495016,-249.014707,-69.901403,-28.201691,-65.238015,False
234,0,2033,l,8,1,1,2655.5056,5587.12882,3.702697,-3.525054,1.133837,-108.931562,-74.332823,-24.574797,-66.422291,True
234,0,2034,l,1,3,41,416.08072,20003.7111,33.879435,-33.150476,7.427399,102.165269,-71.864017,-122.683853,-42.616852,True
234,0,2036,l,2,3,24,1427.0818,8834.90076,9.78345,-9.543522,2.163435,-129.159556,-78.168842,-70.470606,-62.112013,False
234,0,2041,r,10,1,37,519.4134,17256.24544,32.378264,30.289018,-12.029238,125.268855,-66.873577,96.218758,-107.525425,True
234,0,2083,l,6,3,61,457.99493,18166.812,35.249291,-33.092961,-12.897669,97.828055,-63.372958,-125.241674,-115.898344,True
234,0,2116,l,1,3,41,3351.3008,4565.61197,20.58029,-20.114639,4.446219,-89.664871,-73.37532,-139.047621,-41.936006,True
234,0,2124,l,2,2,10,1650.7705,8412.75823,9.661936,-7.829321,5.679427,-98.946165,-64.417446,-53.481786,-25.372536,False
234,0,2129,l,1,1,35,3708.0066,4298.03348,15.762894,-15.277683,3.927945,-201.709425,-67.615569,-134.310646,-32.616375,False
234,0,2131,l,1,3,41,3649.9048,4075.5202,16.694525,-16.607421,1.727661,-172.865754,-71.783236,-138.051556,-57.214306,True
234,0,2139,r,10,4,50,911.2741,9922.57994,32.729192,31.390943,-9.776872,97.673687,-72.522526,117.354757,-111.345501,True
234,0,2180,l,7,1,27,3298.6792,3286.22241,8.497171,-8.355814,-1.548977,-238.021585,-79.906179,-77.555402,-94.337788,False
234,0,2195,l,1,2,29,3019.0996,5688.13467,13.264934,-12.682132,3.920966,-215.431419,-66.575619,-113.738272,-31.066636,False
234,0,2219,l,2,3,24,2343.4492,6279.32046,9.324307,-8.556602,3.718907,-196.028663,-74.639943,-73.12841,-42.69323,False
234,0,2247,r,5,2,5,2603.752,6800.81418,20.977294,18.621976,9.83386,-74.412981,-74.847621,122.794137,-8.191026,True
234,0,2261,r,10,1,37,282.54468,19078.2423,30.468742,29.971389,-5.756866,129.226261,-64.478692,92.715747,-83.189294,True
234,0,2267,r,4,2,59,1460.7194,9266.11225,19.203656,15.603059,11.336939,45.182033,-66.899043,68.368494,-15.937397,True
234,0,2295,l,6,1,57,298.40857,19464.5205,33.915282,-33.583144,-5.039596,94.885373,-80.53718,-129.551125,-101.190795,True
234,0,2302,l,2,2,10,2514.1912,5975.13933,7.71608,-6.308579,4.451956,-187.993021,-60.810611,-52.843367,-23.368282,False
234,0,2304,l,2,2,10,1570.2836,8934.62545,10.796343,-7.810596,7.476813,-8.342504,-73.979108,-40.92405,-34.457745,True
234,0,2315,r,10,2,31,352.8659,17659.2347,32.645185,32.432108,-3.945392,94.030625,-79.146097,124.52005,-95.1596,True
234,0,2329,r,4,4,54,2179.689,6822.15202,7.249429,6.897336,2.237225,-228.966597,-66.528005,62.777377,-46.105848,False
234,0,2349,l,2,3,24,1123.1184,10559.7507,18.601693,-18.071796,4.483812,81.448802,-70.545781,-68.051432,-53.343098,True
234,0,2401,l,1,4,48,737.3479,14899.5737,29.272841,-29.112576,3.202413,74.495067,-71.460349,-120.01047,-57.659072,True
234,0,2408,r,5,3,18,2078.1064,7846.715920000001,21.106984,20.415288,5.477417,-11.765435,-72.520391,112.317223,-41.64437,True
234,0,2425,l,2,1,17,704.87994,14086.151000000002,19.326374,-18.025113,7.090512,72.338072,-64.570043,-70.828136,-36.098043,True
234,0,2439,r,5,1,12,2302.1006,7006.93374,15.105305,14.078716,5.529763,-182.397556,-75.509774,118.47153,-28.359093,False
234,0,2449,r,4,4,54,2768.5393,4891.90813,8.885784,8.154685,3.541624,-182.229628,-72.013704,67.668128,-42.487997,False
234,0,2465,l,7,1,27,1970.0382,5754.2827,9.229899,-8.997819,-2.065286,-175.710255,-70.322899,-73.743086,-87.326422,False
234,0,2498,l,1,2,29,1774.582,8460.80471,23.885835,-20.664743,12.250952,7.036818,-79.279132,-106.723942,-13.611941,True
234,0,2506,l,7,2,46,3760.9373,2770.61661,4.83441,-4.693443,-1.160227,-222.963695,-81.456444,-42.114188,-91.880221,False
234,0,2528,r,4,2,59,3022.7944,5883.09683,9.617621,7.391304,6.17081,-200.083185,-66.561983,63.575053,-13.130548,False
234,0,2691,l,1,4,48,3549.2305,4083.10232,14.557331,-14.311035,2.694778,-150.143653,-68.607053,-112.281497,-47.227153,True
234,0,2694,r,4,4,54,3170.531,5057.029418,7.410979,6.901987,2.705665,-217.5245,-67.847751,61.435075,-43.688126,False
234,0,2773,r,10,1,37,2450.459,5735.04522,15.065218,14.921533,-2.099707,-104.736721,-72.228525,105.190192,-87.20589,False
234,0,2788,r,5,2,5,3377.6238,5056.96482,17.607672,16.124029,7.170189,-163.844867,-72.108006,131.201806,-12.676068,False
234,0,2790,r,4,3,67,3160.275,5072.52627,6.273962,5.725003,2.570789,-132.722803,-73.831616,42.379662,-54.756698,True
234,0,2818,r,3,4,3,2268.5867,7186.22804,6.479508,4.733422,4.429834,-17.487313,-52.77197,25.460642,-28.869526,True
234,0,2819,l,7,2,46,3546.497,3391.51724,7.671009,-7.378489,-2.103991,-191.549912,-79.967021,-62.358581,-97.805958,False
234,0,2845,r,5,3,18,1254.5625,10018.6891,16.88121,16.343029,4.287433,-58.149933,-75.641945,102.090046,-48.442187,False
234,0,2903,l,2,2,10,1806.828,8183.844419999999,7.910012,-5.77957,5.409643,-187.419902,-73.433343,-48.322565,-27.991812,False
234,0,2917,l,1,4,48,1854.0399,7723.41044,12.887604,-12.830961,1.217221,-137.284183,-69.205285,-97.319422,-59.893963,False
234,0,2917,r,1,4,48,1854.0399,7723.41044,27.237005,26.994209,-3.773157,-143.363218,-72.260955,220.754422,-104.335424,False
234,0,2928,l,7,1,27,1508.557,7544.89278,11.852908,-11.236036,-3.798476,-101.404882,-72.819531,-77.756107,-99.313981,False
234,0,2987,l,2,2,10,2156.4993,7671.03781,9.741504,-7.335668,6.427367,-179.634519,-74.242552,-60.458748,-20.900854,False
234,0,3020,r,5,2,5,1985.2866,7122.97025,25.042766,23.917946,7.649513,-12.156255,-67.201121,134.01046,-22.806802,True
234,0,3030,r,4,3,67,3422.7793,2256.31112,4.699598,4.154183,2.199424,-265.856141,-70.346774,40.372654,-48.942299,False
234,0,3096,r,10,2,31,1961.6332,8318.863159999999,26.705901,26.521774,-3.250612,33.358066,-72.813851,128.078749,-89.104095,True
234,0,3118,r,4,4,54,3647.5667,3956.2502,9.463337,9.26236,1.948476,-161.387038,-76.646443,73.613008,-61.087191,True
234,0,3122,r,4,1,63,3160.3533,4936.27355,8.550484,6.138343,5.963874,-210.810641,-70.908221,53.860221,-18.288446,False
234,0,3126,r,4,1,63,2037.187,6190.75626,8.526284,6.240864,5.820938,-225.31105,-65.230908,56.35259,-12.384066,False
234,0,3132,l,2,3,24,1437.2537,8401.30887,17.748953,-16.01519,7.75337,62.533864,-81.91656,-65.290131,-49.69561,True
235,1,1,l,7,3,33,2196.8625,5781.106229999999,17.107841,-15.660755,-6.974057,22.380883,-71.103469,-75.026588,-105.102107,True
235,1,24,l,7,2,46,1383.4922,8224.40869,11.639597,-10.85757,-4.219851,23.438598,-74.038064,-51.126942,-94.064469,True
235,1,28,r,4,1,63,3378.9238,4045.2906,8.168507,5.786573,5.77526,-291.479186,-77.962119,58.926834,-18.850061,False
235,1,47,r,10,1,37,3482.4316,4398.86104,12.185974,11.908607,-2.604032,-203.456556,-75.546081,104.065026,-98.482241,False
235,1,81,r,5,3,18,708.0836,13179.2948,13.44218,13.234613,2.374421,-125.458535,-72.630977,97.709747,-54.933881,False
235,1,128,l,2,4,4,3208.625,4692.2384,7.973369,-7.661906,2.213377,-102.305384,-74.048557,-52.776198,-58.749385,True
235,1,131,r,5,2,5,1594.8684,10730.99865,27.374987,26.198246,8.236711,29.984394,-65.183562,127.933653,-23.235414,True
235,1,141,l,2,2,10,1405.7626,9736.5388,7.021127,-5.335719,4.570205,-188.388505,-73.610291,-44.679578,-35.204023,False
235,1,144,l,6,1,57,2154.0496,7459.35397,22.08581,-21.902002,-2.916105,-33.904049,-75.829977,-130.221741,-93.613055,True
235,1,151,l,3,3,23,2524.4824,6296.72119,5.622324,-2.737399,4.912794,-236.760292,-70.914084,-25.185996,-25.584578,False
235,1,194,r,4,3,67,984.0865,10325.691,11.753263,10.662232,4.974174,-12.069512,-74.624444,56.870426,-47.872099,False
235,1,224,r,4,3,67,329.8517,18286.1038,22.057553,19.838604,9.842542,134.938694,-72.307133,55.94355,-43.707489,True
235,1,274,r,5,3,18,1966.3458,8298.62959,11.701899,11.473831,2.314621,-232.858094,-75.584649,106.128011,-54.019901,False
235,1,288,r,4,3,67,1501.7999,8591.50636,8.563859,8.561392,0.206315,36.183453,-67.432543,38.21122,-66.50828,True
235,1,298,l,7,2,46,3617.8733,3544.5687900000003,7.182063,-6.31413,-3.429498,-159.099229,-73.399241,-49.693123,-100.476945,True
235,1,312,l,7,1,27,1853.4663,6526.60229,10.0931,-9.264107,-4.023475,-131.065534,-69.562181,-68.6813,-99.570728,False
235,1,355,r,4,3,67,3139.9663,4664.88069,7.153,6.741469,2.396777,-95.986971,-69.481021,45.626293,-53.212646,True
235,1,387,r,5,1,12,1477.7084,10281.4486,18.793131,16.287987,9.504437,-54.248208,-71.885554,100.586875,-11.840803,False
235,1,404,l,2,2,10,652.5555,17382.124,21.490117,-15.113679,15.459551,65.4984,-80.916036,-60.632685,-16.602293,True
235,1,447,r,5,3,18,1184.6144,11234.3,27.003084,26.311237,6.302352,56.361126,-69.846978,115.528542,-41.061062,True
235,1,481,r,4,1,63,2627.898,5837.15826,5.784937,4.783042,3.257711,-201.980877,-64.927139,41.166149,-36.826159,False
235,1,509,l,1,2,29,1351.9177,10347.4414,14.390569,-13.085432,6.041291,-177.052669,-74.69367,-108.561384,-23.946397,False
235,1,514,r,4,3,67,2435.4998,5844.91858,5.836132,5.378264,2.269328,-200.156677,-67.769351,46.145843,-48.259551,False
235,1,515,r,5,3,18,1901.2837,8001.33341,14.798622,14.362921,3.602611,-128.502701,-73.860628,107.164591,-46.661383,False
235,1,521,r,5,3,18,2108.6443,6701.39577,20.49366,20.079963,4.184276,-21.41136,-73.7963,113.836905,-49.539113,True
235,1,548,l,1,2,29,974.0029,13856.8358,27.260162,-25.42373,10.181278,57.145848,-77.175676,-110.685489,-30.873093,True
235,1,561,r,5,3,18,1887.6901,9990.5046,24.808644,24.631062,3.060028,36.215768,-68.260833,116.357959,-53.33592,True
235,1,581,r,4,1,63,2967.5635,5437.89047,7.251295,6.310994,3.578335,-211.690427,-70.348429,55.484577,-38.78391,False
235,1,593,l,2,3,24,3167.1392,5559.60995,9.522507,-9.420018,1.399672,-240.673613,-73.605401,-88.042946,-60.46182,False
235,1,722,l,7,2,46,2692.6372,5149.21643,9.362703,-8.650107,-3.59643,-6.093281,-76.998422,-45.044798,-95.822629,True
235,1,741,r,4,3,67,1001.3989,11963.2868,18.379351,17.632078,5.271986,114.738054,-58.360456,55.704381,-41.391124,True
235,1,751,l,1,4,48,2768.8828,5313.12737,18.315016,-17.25631,6.232342,-72.674204,-76.641964,-112.657126,-35.168978,True
235,1,845,l,4,4,54,2904.6038,5258.96364,26.782982,-20.531872,17.584141,-92.838389,-72.127645,-143.380194,57.429026,True
235,1,845,r,4,4,54,2904.6038,5258.96364,10.072628,9.951433,1.565736,-81.915919,-69.035486,65.253799,-58.714232,True
235,1,847,r,4,3,67,463.59714,15369.588,9.946165,9.910595,0.844646,95.005404,-68.179511,34.069164,-65.261174,True
235,1,849,r,4,2,59,3768.3608,4046.82008,9.254266,7.020875,6.044165,-236.84011,-71.126484,64.882678,-14.921289,False
235,1,862,r,4,1,63,3942.3867,4065.9174,6.886988,4.822743,4.922299,-192.010996,-65.728042,40.66828,-24.068654,True
235,1,946,r,4,2,59,2779.3645,5023.27042,9.415955,7.693929,5.444462,-265.22962,-80.597948,75.010082,-27.197816,False
235,1,962,l,2,4,4,1244.6038,11849.14749,17.167744,-16.898403,3.074266,89.0581,-72.279135,-61.044698,-61.000011,True
235,1,976,r,5,2,5,2312.9092,6556.34143,22.389219,21.209712,7.342569,-44.320808,-75.945514,129.739692,-29.735384,True
235,1,987,l,6,1,57,1983.5165,6449.32662,23.656541,-23.432014,-3.347316,-17.708082,-67.049783,-133.361354,-86.664676,True
235,1,1003,l,1,1,35,963.35864,13129.8795,29.764733,-28.826428,7.755306,30.115136,-64.953315,-143.029055,-24.553908,True
235,1,1072,r,5,3,18,1498.9237,11639.8405,22.594851,21.634859,6.678493,49.776574,-75.986928,95.280289,-45.726821,True
235,1,1080,r,5,1,12,2397.4993,6650.81941,13.496771,11.95526,6.309877,-195.168533,-71.982804,102.729859,-17.145604,False
235,1,1088,r,10,1,37,2759.6008,5679.47847,14.453781,14.257861,-2.396717,-163.145638,-72.762835,115.150518,-92.332039,False
235,1,1116,r,5,1,12,1696.7715,8775.537400000001,19.201158,16.713931,9.589426,-61.645524,-81.360137,105.591917,-19.329883,False
235,1,1134,l,2,4,4,1076.5841,11065.0489,8.701281,-7.751471,3.965231,-113.206566,-71.971415,-54.88455,-43.76459,False
235,1,1161,l,6,1,57,330.24854,18218.7324,33.155064,-32.748363,-5.492118,94.411738,-72.61823,-125.7987,-94.978082,True
235,1,1221,l,2,1,17,2271.2988,7182.31078,17.283475,-14.948327,8.776351,-16.405123,-74.979693,-81.804903,-26.018257,True
235,1,1225,l,7,2,46,3569.5378,4572.93092,6.617291,-6.540809,-1.005362,-167.366856,-76.38614,-52.440387,-84.464911,True
235,1,1228,r,4,2,59,1795.5156,8804.38039,12.649748,10.541179,7.032748,-144.87034,-69.203726,80.921776,-14.635128,False
235,1,1248,r,5,3,18,2569.1782,5161.21473,12.375778,12.273312,1.601583,-230.660221,-75.831925,113.268259,-60.933671,False
235,1,1298,r,3,4,3,2092.0906,6416.90942,5.337116,2.600196,4.662481,-192.815765,-67.13811,21.92619,-27.72113,False
235,1,1335,r,10,1,37,2655.643,5584.25395,14.735215,14.501647,-2.641684,-129.074809,-72.272847,108.392963,-92.244742,False
235,1,1345,l,2,2,10,2225.6926,6879.91338,13.248722,-10.808762,7.707565,-1.226527,-64.637574,-55.600589,-24.511149,True
235,1,1400,l,1,3,41,542.51733,17600.2119,33.21893,-33.178425,1.742614,82.64491,-66.499118,-135.577882,-58.961798,True
235,1,1405,l,7,2,46,2243.1956,5526.68536,14.155682,-12.298833,-7.063388,15.066847,-69.689885,-59.939256,-104.556416,True
235,1,1445,r,4,1,63,1689.3729,8225.70205,6.945622,6.090121,3.345788,-114.847399,-55.004908,43.195105,-31.202595,False
235,1,1467,r,5,3,18,2263.8904,6968.4431380000005,19.852032,18.677706,6.849966,-7.021327,-74.806333,100.407377,-37.142376,True
235,1,1475,l,1,4,48,1878.8774,9342.516988,19.402256,-19.263682,2.359992,-5.785272,-68.48746,-103.372095,-55.574271,True
235,1,1486,l,2,4,4,2497.5037,4314.43231,5.985278,-5.286641,2.810234,-243.776464,-71.203179,-49.391419,-44.889649,False
235,1,1496,r,5,1,12,1444.2555,10262.26476,16.363033,14.890853,6.861275,-112.568897,-71.411152,107.04649,-21.287724,False
235,1,1497,l,1,4,48,815.5057,15318.2383,29.585666,-29.28707,4.392015,96.692885,-60.675415,-108.421541,-43.652463,True
235,1,1501,l,2,2,10,635.23267,14608.8663,17.791823,-11.969344,13.261168,86.062361,-74.023094,-43.234248,-24.892023,True
235,1,1521,r,5,2,5,1297.1835,10414.73226,16.935608,16.079623,5.387678,-191.615882,-70.50705,138.825744,-23.236101,False
235,1,1529,r,10,1,37,2356.6125,6624.35622,10.18216,10.160963,-0.660145,-266.817554,-79.523482,99.795679,-86.041484,False
235,1,1550,l,7,2,46,1628.9834,7688.25669,7.800846,-7.474667,-2.238531,-109.848412,-63.345113,-52.461197,-79.108996,False
235,1,1564,r,5,2,5,3268.859,4578.14703,17.951439,17.089085,5.580954,-131.325039,-74.194514,129.528653,-31.122977,True
235,1,1591,l,7,2,46,1190.0746,8704.23105,12.123794,-11.669398,-3.311131,49.291336,-73.542453,-49.714304,-87.762458,True
235,1,1595,l,2,3,24,1782.8457,10593.23565,10.78682,-10.333512,3.111141,-95.967322,-70.523642,-70.375383,-49.199252,False
235,1,1638,l,1,1,35,1512.2743,10001.7954,27.343941,-26.073053,8.544263,13.314854,-73.887966,-135.385332,-27.608932,True
235,1,1645,r,10,2,31,1161.1823,12051.957,32.291913,31.167741,-8.907065,70.955793,-53.068319,132.489385,-93.188517,True
235,1,1649,r,4,2,59,1865.6587,8301.79128,18.547604,16.668913,8.25201,38.909643,-70.668088,75.182244,-32.655363,True
235,1,1664,r,5,1,12,3461.3503,4694.48977,11.171345,10.359798,4.203161,-239.025672,-68.271179,96.71073,-28.748314,False
235,1,1667,r,4,1,63,2452.2473,5903.3338,7.552407,4.654925,5.953873,-194.463684,-71.565028,39.446481,-20.872938,False
235,1,1672,r,5,1,12,1449.7399,9126.42946,15.773506,14.311867,6.701701,-153.029277,-66.424979,113.024477,-12.700299,False
235,1,1690,l,6,1,57,1139.6198,10332.2193,25.477315,-25.059075,-4.753578,-14.418826,-66.923585,-142.335134,-94.868382,False
235,1,1690,r,6,1,57,1139.6198,10332.2193,54.855318,53.790868,-12.978722,16.509894,-68.667611,373.551901,-175.370738,True
235,1,1691,l,7,2,46,2648.369,4696.65225,6.104199,-5.533602,-2.580935,-178.109808,-70.724693,-45.350939,-91.924146,False
235,1,1693,r,4,1,63,1871.1628,8183.646000000001,9.629672,5.575891,7.863561,-84.821398,-65.843244,36.592335,-13.829316,False
235,1,1704,l,2,2,10,2540.1914,5441.92871,11.915227,-9.489881,7.23846,-22.005348,-66.542971,-52.155143,-26.364889,True
235,1,1715,l,1,3,41,1751.5377,10318.6008,16.38147,-16.009994,3.515111,-181.982113,-65.513331,-135.427789,-35.350826,False
235,1,1718,l,1,4,48,1503.5149,8938.61247,13.1564,-12.601294,3.812272,-155.473029,-66.680405,-99.585581,-36.263599,False
235,1,1721,r,8,4,14,3513.334,2743.82073,8.58022,8.222525,-2.460051,77.31134,-83.023546,30.734263,-92.25607,True
235,1,1768,l,7,2,46,3581.7666,3593.00104,4.957578,-4.459919,-2.167069,-206.455143,-79.255742,-38.722443,-98.098924,False
235,1,1783,l,2,4,4,2287.1353,6477.05017,5.791247,-4.93393,3.036063,-270.89743,-74.474287,-48.420489,-44.614232,False
235,1,1789,l,4,4,54,1112.201,10634.8537,32.439553,-31.698278,7.285493,-91.902091,-77.004704,-235.85168,-19.619933,False
235,1,1789,r,4,4,54,1112.201,10634.8537,12.548164,11.34919,5.38825,-68.726245,-74.628575,72.000905,-40.118374,False
235,1,1805,l,2,1,17,3118.7695,5919.61327,11.337622,-8.846032,7.11992,-194.084143,-79.965782,-75.338469,-18.771096,False
235,1,1806,r,4,3,67,3168.078,4906.38968,5.521543,5.254293,1.699394,-264.080019,-70.463264,50.954673,-53.955053,False
235,1,1816,l,7,1,27,3497.2627,3816.50476,10.90034,-10.300058,-3.586799,-142.122958,-72.644528,-78.530504,-100.175106,True
235,1,1821,l,1,4,48,1303.7867,9536.70515,26.195092,-25.366559,6.764043,42.384286,-80.346118,-117.399529,-47.84361,True
235,1,1831,l,2,1,17,2639.76,6922.04429,9.669993,-8.97802,3.607023,-209.304062,-67.361119,-78.885659,-35.495721,False
235,1,1833,l,7,1,27,2269.3418,5754.18385,12.301801,-11.788707,-3.54093,-102.972535,-71.328183,-82.015406,-96.169156,False
235,1,1837,r,4,4,54,1798.5598,7884.61766,9.54027,8.701258,3.927297,-197.348762,-73.531012,74.585787,-39.684075,False
235,1,1948,l,7,1,27,1465.5272,8832.38996,19.053512,-18.708211,-3.67741,75.301499,-72.450499,-72.705729,-87.019174,True
235,1,1965,r,5,3,18,2276.5151,6243.04152,19.062133,18.53778,4.520397,-43.711931,-71.181169,111.903181,-43.3541,True
235,1,1986,l,1,4,48,2765.3708,5791.66584,11.73348,-11.607111,1.729321,-223.316192,-69.191259,-105.435072,-53.369926,False
235,1,2000,r,4,3,67,2684.692,5719.60606,6.862657,6.594302,1.904541,-57.06594,-68.474553,40.121921,-56.85679,True
235,1,2004,r,4,3,67,3742.1116,3417.80314,6.389901,4.851395,4.163685,-201.961618,-77.842874,41.75561,-41.900182,False
235,1,2033,l,2,1,17,1341.0312,11606.43422,23.137519,-19.004773,13.448782,81.328719,-68.290245,-71.870731,-15.513144,True
235,1,2052,l,2,3,24,1123.425,10879.5163,17.950646,-16.255135,7.720496,53.369453,-76.014829,-68.994524,-42.599125,True
235,1,2089,r,5,3,18,911.08813,14671.75179,28.139163,27.978035,3.136364,89.157172,-67.331028,106.691283,-54.869515,True
235,1,2117,l,2,2,10,3584.0762,4811.8238,6.673882,-5.41046,3.913207,-230.526299,-68.163016,-49.300099,-32.397205,False
235,1,2125,r,4,1,63,523.3235,16457.1788,17.86769,16.823983,6.106275,98.837623,-60.468701,57.802646,-39.103705,True
235,1,2158,r,5,2,5,3643.898,4555.60753,16.504787,15.673062,5.239433,-183.676511,-70.573916,132.904194,-25.459866,False
235,1,2163,r,10,1,37,3984.206,3740.4947,13.771754,13.273866,-3.702965,-150.946884,-67.99422,104.023083,-97.315238,True
235,1,2175,l,7,1,27,2198.986,7453.87651,17.345683,-16.679205,-4.831169,13.998719,-78.032177,-82.695178,-102.384442,True
235,1,2184,r,3,4,3,2940.318,5229.264090000001,8.116707,7.836698,2.120181,67.191555,-49.200841,30.666361,-40.87448,True
235,1,2207,r,5,3,18,2083.1887,9174.8164,21.385065,21.1831,3.001957,10.24604,-64.347261,108.414491,-48.613255,True
235,1,2236,r,4,2,59,1498.5146,9207.34465,10.68554,9.261604,5.352905,-121.862852,-68.712968,67.161753,-29.612273,False
235,1,2252,r,5,2,5,1531.7173,9111.9329,20.316742,18.632704,8.246828,-108.803766,-71.120775,134.46576,-10.122363,False
235,1,2278,r,4,3,67,2562.4834,5692.53,9.520827,8.724358,3.826893,-44.020337,-71.903341,51.257631,-49.298712,True
235,1,2299,l,1,4,48,2380.9216,7746.287429999999,19.870386,-19.296465,4.834193,-34.063768,-72.035289,-113.463071,-42.996781,True
235,1,2300,l,10,3,43,356.5697,11139.3886,34.551475,-34.330589,-4.164455,-87.794672,-65.752815,-258.009708,-99.063503,False
235,1,2300,r,10,3,43,356.5697,11139.3886,19.742011,18.06838,8.091244,-78.963341,-64.872286,120.370472,-9.697736,False
235,1,2315,l,1,1,35,1957.0205,10080.28693,24.151806,-22.246515,9.65086,-12.745799,-76.214577,-123.835081,-20.592153,True
235,1,2324,r,4,3,67,334.59183,19825.5632,20.721231,19.498336,7.153836,126.021909,-64.660701,58.062329,-42.82756,True
235,1,2355,l,2,4,4,1977.3093,7371.5683,8.387812,-7.679177,3.384422,-94.415113,-65.327639,-51.83271,-42.388333,False
235,1,2397,l,2,4,4,2468.4785,5735.85845,9.140488,-8.976431,1.731114,-53.007497,-70.285434,-54.182424,-59.790233,True
235,1,2409,l,1,3,41,2190.1633,8737.21532,15.398727,-15.242618,2.213485,-202.114582,-67.755899,-134.097724,-48.041232,False
235,1,2451,r,4,4,54,1495.6487,8290.74541,8.141896,7.939739,1.808863,-239.512144,-71.138177,73.850248,-54.253736,False
235,1,2457,l,7,2,46,3317.2437,3751.71909,7.318762,-6.567896,-3.236192,-119.441821,-76.244824,-47.141562,-99.548564,True
235,1,2473,r,4,1,63,1683.7428,7802.56644,8.191137,5.515335,6.065443,-179.94798,-67.081506,45.377793,-16.912964,False
235,1,2477,l,2,4,4,1191.5868,10261.6036,10.983163,-10.651504,2.694284,64.14379,-66.173574,-42.478011,-55.358702,True
235,1,2531,l,2,1,17,2541.823,5893.55776,9.691827,-7.75469,5.831323,-205.733814,-73.33182,-67.507739,-22.235912,False
235,1,2536,l,2,4,4,1841.4829,7421.88702,8.86954,-8.352822,2.993779,-45.064934,-76.20987,-49.196204,-58.498465,True
235,1,2576,l,7,2,46,3292.4172,4375.03061,10.874472,-10.243679,-3.669469,-62.729148,-68.551522,-63.743633,-91.53917,True
235,1,2577,l,7,2,46,1374.5463,8404.5718,16.844173,-16.441661,-3.711917,82.698789,-71.672219,-61.175891,-85.694477,True
235,1,2591,r,10,1,37,1101.6906,13110.69698,27.552239,27.032452,-5.539417,76.619296,-78.310398,108.875175,-101.542968,True
235,1,2606,r,10,2,31,2102.3381,8234.67109,24.627862,24.272262,-4.302332,28.991478,-68.867206,117.697778,-90.407312,True
235,1,2612,l,1,4,48,1421.5259,9903.0636,17.294317,-16.78163,4.241207,-112.830243,-73.756786,-121.480706,-42.55466,False
235,1,2630,l,2,2,10,3368.515,5168.89358,9.435446,-6.857229,6.496763,-177.572057,-75.925239,-56.228318,-22.295262,False
235,1,2696,r,4,3,67,2156.6711,6124.78791,7.98557,6.860691,4.096407,-82.929794,-71.953102,44.86988,-45.052043,False
235,1,2700,r,3,4,3,2033.5424,6957.52125,6.436772,3.595389,5.342537,-64.285992,-74.086513,22.26116,-40.889749,False
235,1,2713,l,2,4,4,2289.6948,6309.9916,7.138973,-6.898174,1.842976,-86.2349,-69.137374,-45.517261,-56.942953,False
235,1,2723,r,5,3,18,1283.8906,10513.8188,25.501871,24.458046,7.454542,62.639956,-72.065793,103.412951,-39.384062,True
235,1,2731,r,4,1,63,2375.2727,6799.14508,8.205853,6.226641,5.355186,-135.442273,-64.591621,46.417985,-24.474529,False
235,1,2752,r,4,1,63,2357.6743,6256.31125,11.597806,9.899146,6.073222,-55.939599,-70.930575,60.370809,-33.567548,True
235,1,2754,r,4,2,59,2053.0896,7333.05891,9.837371,8.540275,4.90059,-212.7265,-72.385528,75.494289,-28.798141,False
235,1,2770,l,7,2,46,2675.3882,3700.08943,8.379729,-7.736759,-3.228913,-31.834569,-72.773017,-43.724013,-91.096075,True
235,1,2777,r,5,1,12,1397.2163,8522.05264,19.966645,17.80348,9.189288,-4.059812,-74.362023,94.431977,-24.398431,True
235,1,2790,l,1,1,35,1318.1971,10858.6234,27.932697,-26.565051,8.965889,26.25,-71.371723,-131.875,-24.847032,True
235,1,2822,l,7,2,46,1820.8711,6768.11197,13.086524,-10.707597,-7.567931,51.506091,-72.160166,-45.096643,-104.407683,True
235,1,2828,r,4,4,54,1494.2701,8655.9363,17.802505,17.679976,2.119225,40.697344,-68.680852,79.466634,-58.998244,True
235,1,2839,l,2,2,10,2224.388,6622.26011,12.364677,-8.714843,8.805484,19.460458,-71.92276,-41.470097,-29.525013,True
235,1,2915,r,4,3,67,1402.2346,8632.86195,4.400481,4.096526,1.608451,-291.629832,-75.871404,41.656301,-59.497321,False
235,1,2943,r,10,4,50,2777.5122,3820.44821,22.26072,21.440329,-6.134014,-21.109961,-80.427848,122.175341,-116.348478,True
235,1,2957,l,1,2,29,663.4508,16237.4734,29.599853,-27.657956,10.988078,77.809749,-78.814004,-111.203826,-32.299177,True
235,1,2964,r,3,4,3,2162.7803,6941.59163,5.082083,4.465114,2.42946,-7.374778,-54.993775,23.221725,-42.338493,True
235,1,2977,r,3,4,3,3890.1135,3464.35803,3.845154,2.952443,2.464482,-188.187482,-64.959058,24.662761,-44.350575,True
235,1,3032,r,4,3,67,3607.0486,4252.2542,5.456658,5.396389,0.809963,-218.606338,-69.199328,48.045114,-61.976916,False
235,1,3043,r,4,3,67,3464.162,4464.06684,6.217715,6.03918,1.482033,-262.260867,-76.257056,58.426805,-61.889157,False
235,1,3047,r,4,3,67,2646.6414,5263.0683,5.5384,5.508423,0.576346,-116.322024,-67.129048,39.184651,-63.022698,False
235,1,3062,l,2,2,10,2499.5405,5490.17311,7.946394,-5.871905,5.363465,-196.072581,-66.694327,-49.989833,-20.818932,False
235,1,3078,l,2,2,10,2160.7278,7646.26554,7.587948,-6.218573,4.356709,-178.30717,-71.348175,-51.028044,-35.458637,False
235,1,3081,r,4,1,63,3609.4355,2537.98883,6.651449,5.12259,4.248409,-181.867208,-62.90556,42.300558,-27.712378,False
235,1,3093,l,6,1,57,3062.7388,4016.28308,17.551645,-17.420036,-2.179419,-103.460725,-74.018289,-123.454241,-89.711755,True
235,1,3095,r,5,3,18,2181.8735,7296.4943,18.433138,18.133255,3.368547,-20.597991,-70.872098,101.718645,-51.634864,True
235,1,3109,r,4,3,67,606.7349,15930.1397,16.479064,13.305342,9.811601,117.040724,-73.371878,40.902868,-42.635513,True
235,1,3127,l,1,3,41,2164.4583,8006.55138,23.707321,-22.968581,6.037954,-29.918391,-78.396355,-135.59031,-41.643497,True
235,1,3127,r,1,3,41,2164.4583,8006.55138,3.432777,3.40554,0.431833,-197.132154,-86.830825,28.988247,-83.152789,False
235,1,3140,l,6,1,57,1135.9845,11008.08325,29.760997,-28.525697,-8.866623,61.084537,-67.793439,-124.423924,-108.438183,True
235,1,3141,l,2,4,4,330.1113,18681.1435,12.909975,-12.350206,3.789865,103.639003,-68.90982,-40.804364,-56.272397,True
235,1,3146,l,1,3,41,288.43515,21949.7643,32.342891,-32.257176,2.491458,88.020612,-65.163599,-127.474873,-54.771207,True
235,1,3147,l,1,4,48,1797.1261,7983.76026,12.908171,-12.687119,2.398378,-211.456413,-72.726551,-112.889628,-51.197879,False
235,1,3194,r,4,4,54,3825.3074,3952.86766,7.224676,6.674493,2.771619,-258.382109,-72.059255,64.172605,-45.330013,False
235,1,3222,l,7,1,27,1565.1924,6963.95919,19.293377,-17.934339,-7.232946,58.298966,-70.203826,-74.990775,-101.111654,True
235,1,3227,l,2,2,10,439.83572,18582.8972,19.236969,-17.601485,7.888023,120.708635,-65.66292,-53.707214,-41.055837,True
235,1,3302,l,1,1,35,371.98083,20583.2007,21.559551,-20.417907,7.075506,-92.452802,-69.574416,-142.369001,-18.921031,False
235,1,3349,r,10,1,37,669.2469,14694.8393,28.531627,27.940105,-6.027687,112.301766,-68.701017,94.245683,-89.940381,True
235,1,3388,r,4,4,54,1746.2429,9326.16925,8.803243,8.173871,3.279943,-169.96558,-68.321088,66.067949,-41.690655,False
235,1,3402,r,10,1,37,2285.9246,6994.12075,12.356858,12.003429,-2.955989,-177.552933,-67.475436,99.41069,-92.158418,False
235,1,3422,l,1,4,48,2293.6677,6816.67158,12.899743,-12.79188,1.678734,-144.780429,-69.720581,-98.714894,-56.653806,False
235,2,26,r,4,3,67,857.39984,12483.5077,15.316847,14.799712,3.99128,95.450253,-70.06248,51.401214,-56.022201,True
235,2,27,l,2,2,10,2357.0068,5865.06358,9.376051,-7.574022,5.542907,-137.39462,-71.452817,-56.829396,-29.611293,False
235,2,30,l,6,1,57,1972.6396,8757.97208,24.974804,-24.267615,-6.088425,-10.46549,-68.226992,-135.460968,-103.382597,True
235,2,69,l,7,2,46,1335.1942,7961.79234,12.442354,-11.475607,-4.841176,51.399017,-73.797878,-48.438142,-94.418676,True
235,2,92,r,10,4,50,2765.1885,3289.42742,24.057279,22.657487,-8.308572,-20.900898,-68.745267,129.781693,-117.945368,True
235,2,95,r,4,1,63,2316.8235,7313.3327,9.346967,6.166005,7.038306,-168.446896,-79.804,49.528066,-22.873296,False
235,2,109,l,1,4,48,355.5679,20624.3469,29.425992,-29.140532,4.281024,113.133112,-63.305906,-98.60679,-48.147494,True
235,2,117,r,4,3,67,3736.5984,3415.7702,6.101853,6.023672,0.975449,-219.855215,-69.706044,53.800927,-60.976828,False
235,2,119,r,4,4,54,2243.817,6239.27189,14.087663,12.581534,6.389533,-3.190608,-74.572272,65.436656,-40.932111,True
235,2,128,r,4,3,67,3645.5686,3981.47187,4.156071,4.131037,0.455872,-199.819009,-66.781427,35.377373,-62.873961,False
235,2,130,l,2,2,10,2636.6887,5333.35992,8.798526,-6.399056,6.051333,-222.955172,-67.813025,-57.528583,-13.093655,False
235,2,132,l,7,2,46,1195.4287,9311.2096,15.087553,-14.437624,-4.427885,76.658387,-71.589847,-54.926172,-88.648765,True
235,2,135,r,10,3,43,330.6895,18181.427,34.986433,33.62518,-10.289044,121.917329,-74.117467,111.780367,-110.761402,True
235,2,138,l,2,3,24,1984.3928,7652.367889999999,9.089488,-8.745847,2.485356,-147.550993,-73.060344,-67.313075,-53.845072,False
235,2,141,l,2,4,4,3402.9355,4804.88519,6.451145,-6.39297,0.866215,-73.038574,-67.648646,-40.676196,-62.125353,True
235,2,194,r,4,4,54,3108.52,5183.7837500000005,9.633967,9.555177,1.235347,-106.894182,-74.049846,66.810295,-65.370721,True
235,2,206,r,4,3,67,1643.2607,7034.5194200000005,8.303338,8.184566,1.404181,-126.390711,-72.985516,59.888332,-62.673715,False
235,2,247,r,10,3,43,758.78436,15772.73009,29.21644,26.565051,-12.630629,106.75,-66.318954,91.625,-112.23001,True
235,2,277,l,2,1,17,1636.7502,9344.1895,11.892058,-10.346351,5.895158,-171.593323,-69.976934,-84.271532,-21.527546,False
235,2,280,r,4,2,59,1760.8396,9022.87059,11.259496,9.569707,5.960553,-82.13806,-65.344769,62.740074,-25.942179,False
235,2,296,r,10,1,37,2753.758,5584.4288,10.232339,10.14595,-1.333826,-244.963136,-74.158507,95.734156,-86.81239,False
235,2,317,l,4,1,63,3445.71,5907.5222300000005,4.061364,-3.894517,-1.153025,-229.29169,-73.783446,-35.35183,-84.259315,False
235,2,317,r,4,1,63,3445.71,5907.5222300000005,6.808913,5.323529,4.25128,-218.006448,-68.294932,47.336756,-30.368529,False
235,2,351,r,5,2,5,1777.0482,9128.78037,24.604478,22.590075,10.016623,-1.431743,-72.487146,121.2521,-16.735215,True
235,2,397,l,1,4,48,3261.976,4446.84134,11.804201,-11.292377,3.460765,-236.909263,-69.988053,-105.213962,-37.493991,False
235,2,403,l,7,2,46,3732.6785,3517.44929,7.818836,-7.678629,-1.478498,-142.580665,-75.148596,-58.322908,-86.41469,True
235,2,413,l,7,2,46,2288.7346,6622.32409,6.011926,-5.953601,-0.836908,-181.702063,-74.220403,-49.191704,-81.148319,False
235,2,418,l,2,2,10,1918.46,7540.77163,7.921623,-7.002049,3.71378,-194.279662,-67.227858,-59.479649,-35.557736,False
235,2,426,l,1,2,29,1796.6113,9260.075672,25.223539,-22.614516,11.477878,12.901399,-71.061419,-115.427394,-10.110108,True
235,2,430,l,7,1,27,3254.1265,4390.04489,8.306826,-7.964225,-2.368684,-242.625814,-73.899401,-74.51657,-96.145992,False
235,2,470,l,2,1,17,3058.274,5099.5927,10.208232,-9.011533,4.815799,-203.042435,-70.259701,-78.191984,-28.201723,False
235,2,488,l,2,2,10,471.28702,17740.1326,14.997913,-12.677816,8.079645,111.397131,-64.818058,-40.177236,-38.830245,True
235,2,501,l,1,3,41,666.5703,14014.736,22.324841,-22.161422,2.766876,-46.796285,-68.646293,-137.179554,-51.070996,False
235,2,628,l,2,2,10,893.45245,14320.01993,20.889121,-18.973351,8.904586,110.249492,-60.643286,-61.799561,-30.862366,True
235,2,661,r,5,1,12,1555.9658,8430.2749,24.854176,22.843472,10.066983,41.912589,-76.580911,104.507906,-28.788914,True
235,2,677,r,5,3,18,317.9915,21881.09423,32.966109,32.200684,7.476606,124.442049,-66.780809,104.260168,-41.10403,True
235,2,698,l,7,3,33,1254.2612,8755.000180000001,23.294891,-21.725432,-8.617202,79.631455,-74.804035,-83.823994,-109.12152,True
235,2,707,r,3,4,3,3230.968,4946.65317,5.516793,4.052618,3.746293,-38.684946,-58.003259,23.287238,-36.42752,True
235,2,743,l,2,1,17,1949.9797,7442.77571,9.252861,-7.567287,5.340197,-241.129463,-75.514108,-70.559181,-25.43068,False
235,2,797,r,4,1,63,3728.1992,3967.10961,7.191676,5.410083,4.745334,-207.756137,-71.246743,47.14019,-29.742322,False
235,2,802,l,1,4,48,494.10593,19275.8434,28.947102,-28.913078,1.467896,102.938676,-61.104803,-103.319115,-55.628746,True
235,2,825,l,7,1,27,2241.7075,5867.4831,15.73532,-15.263034,-3.872548,-15.93689,-65.092163,-83.482745,-86.558771,True
235,2,841,l,2,3,24,1669.0046,6138.97678,10.256923,-10.010007,2.248508,-88.486558,-77.806065,-66.805554,-62.715442,False
235,2,843,l,1,3,41,999.57056,12088.88248,16.358794,-15.959829,3.638442,-155.026723,-75.172959,-127.271757,-45.739966,False
235,2,867,r,4,3,67,1682.9678,8158.527480000001,9.137908,8.614714,3.059201,-100.00418,-67.404089,59.08504,-46.322895,False
235,2,878,r,10,2,31,2422.5225,5757.85231,21.356881,21.149142,-3.042104,-74.10345,-72.415523,140.854732,-93.163154,True
235,2,912,r,4,3,67,2434.161,6804.61644,7.315549,6.825478,2.638765,-137.602107,-76.007252,51.181322,-56.159378,False
235,2,954,r,4,3,67,3347.053,4065.53865,5.424853,5.067848,1.937974,-172.571882,-77.886057,41.021809,-62.172615,False
235,2,964,r,5,3,18,3063.8557,5268.96541,16.627756,16.162279,3.95996,-65.22699,-67.976488,102.949427,-42.374166,True
235,2,971,r,4,3,67,1253.0591,9867.2611,10.287144,9.416017,4.161757,-72.163555,-70.333901,60.059807,-43.621385,False
235,2,982,r,5,1,12,3454.5579,4820.879,15.992864,14.98792,5.64487,-103.09881,-72.566281,105.241684,-32.343409,True
235,2,1013,l,3,3,23,2192.51,7324.95007,6.589614,-3.64038,5.496483,-121.442074,-61.878851,-26.176873,-22.206923,False
235,2,1023,r,4,3,67,3199.958,3636.92761,4.841892,4.518514,1.741619,-264.81219,-71.850081,43.845058,-54.927668,False
235,2,1049,l,2,2,10,450.8912,19064.9975,24.37895,-19.032871,15.526057,113.369853,-67.780347,-60.932008,-15.872222,True
235,2,1096,l,2,3,24,1709.9265,10008.93094,16.90662,-16.851753,1.381143,13.234846,-73.06994,-83.833177,-66.097683,True
235,2,1106,l,2,2,10,1976.0004,8192.79505,8.438457,-6.331629,5.589759,-117.853057,-62.526939,-45.2553,-22.365218,False
235,2,1131,r,4,2,59,3865.9355,2811.59772,9.026891,7.512357,5.019348,-177.036376,-68.612827,61.58898,-27.238383,True
235,2,1139,r,5,2,5,2360.2095,6613.15203,23.444783,21.973112,8.386122,-42.808519,-69.307365,134.281725,-16.401757,True
235,2,1159,r,8,2,20,2936.0376,4435.32223,3.35808,3.091419,-1.31206,-89.543525,-71.84668,20.498333,-80.552328,True
235,2,1167,r,4,3,67,469.36133,16130.5355,16.942495,16.268204,4.797479,101.515387,-75.68694,55.003233,-59.207995,True
235,2,1180,r,4,3,67,1052.5354,11089.8252,15.213693,15.206511,0.47304,89.385659,-65.981032,54.530191,-64.264605,True
235,2,1182,l,1,4,48,268.68896,22474.5739,30.277871,-29.955627,4.625658,99.862381,-72.755398,-109.579757,-54.999637,True
235,2,1201,r,5,2,5,381.41095,20461.2299,35.379353,33.635625,11.680266,75.139382,-71.063685,142.945698,-17.713277,True
235,2,1212,l,7,1,27,1916.7473,7562.36575,18.976047,-16.8638,-8.830106,42.18974,-64.096437,-75.119523,-104.322683,True
235,2,1224,l,1,4,48,1865.6539,8394.08941,21.355598,-20.466251,6.233982,-11.582618,-76.278738,-112.554689,-41.115852,True
235,2,1252,r,4,1,63,1172.7693,9779.4228,9.061076,6.762424,6.045054,-19.771414,-72.934755,36.731978,-39.900346,False
235,2,1261,l,2,4,4,1542.448,8102.2001,9.352074,-7.912139,5.001866,-33.839355,-70.710903,-45.006357,-42.095594,False
235,2,1265,r,10,2,31,623.30963,15926.1381,33.976781,33.39545,-6.656149,96.264064,-61.055865,127.72324,-88.135351,True
235,2,1284,r,4,1,63,3011.35,4776.42881,11.803529,8.196796,8.522484,-68.176051,-72.35569,51.593515,-18.128239,True
235,2,1314,l,3,3,23,3628.8538,4411.99968,6.089851,-3.464504,5.0114,-96.540491,-68.146844,-23.401472,-34.189377,True
235,2,1319,l,1,4,48,932.1766,13733.7513,15.525082,-15.373781,2.188738,-115.800812,-76.125957,-111.576406,-60.04097,False
235,2,1347,r,8,4,14,3087.133,3289.05681,10.957739,9.723046,-5.07765,121.558475,-88.938042,28.861973,-104.122941,True
235,2,1362,l,1,3,41,1947.9775,7890.45687,23.385766,-23.006171,4.315351,-45.47595,-77.225997,-142.443737,-49.723577,True
235,2,1396,r,5,3,18,2744.9163,5196.28154,13.014104,12.912024,1.640817,-222.788428,-67.516666,117.557489,-52.446534,False
235,2,1419,l,2,4,4,2250.584,6057.49713,6.878436,-6.643623,1.785908,-62.025918,-69.094782,-41.002419,-58.044385,True
235,2,1455,r,10,2,31,2289.11,6824.33924,16.941061,16.871312,-1.558517,-150.781501,-72.514712,133.678625,-85.046875,False
235,2,1456,r,10,3,43,544.86743,16173.6872,30.469012,27.990984,-12.555876,98.222013,-63.635238,101.931456,-112.005993,True
235,2,1476,l,2,4,4,807.9635,12282.6597,17.52095,-17.149417,3.644213,109.737995,-74.253245,-55.626066,-62.238264,True
235,2,1488,l,7,2,46,2131.525,5204.89772,8.641245,-8.150607,-2.880061,-68.984594,-74.329988,-51.414613,-92.574408,True
235,2,1490,r,5,3,18,260.55292,22559.78657,27.482504,27.356942,2.731606,103.744974,-65.622517,96.367923,-55.616966,True
235,2,1497,r,4,4,54,724.6428,14815.737,22.274719,22.117831,2.707883,110.0422,-72.188377,73.138531,-63.000873,True
235,2,1499,l,6,1,57,1267.4801,9599.6656,31.278269,-31.062316,-3.867566,49.116774,-70.719774,-145.094052,-89.730579,True
235,2,1509,r,4,1,63,3296.1045,4878.91571,6.025982,4.294473,4.231254,-208.253214,-62.615369,37.415515,-25.648881,False
235,2,1519,l,1,3,41,1976.0758,7157.57984,21.004829,-20.31662,5.44918,-69.379105,-74.713646,-133.056894,-38.156798,False
235,2,1536,r,3,4,3,1980.5101,7318.1736,6.380465,3.951065,5.013911,-54.536944,-51.103574,23.79669,-20.804193,True
235,2,1554,r,4,2,59,1161.2499,10610.870863,9.012077,7.78193,4.559289,-196.909695,-69.756652,66.541895,-30.56811,False
235,2,1578,l,7,2,46,2465.2454,4449.52794,7.994112,-7.614228,-2.442236,-43.106086,-79.651247,-44.530033,-93.984901,True
235,2,1590,l,7,2,46,3246.4644,3997.346503,6.994178,-6.948957,-0.796006,-142.638759,-77.974535,-52.730169,-84.030021,True
235,2,1624,l,1,3,41,1900.5454,7222.01598,17.305342,-17.169778,2.195156,-157.233774,-65.154502,-138.183514,-47.211746,False
235,2,1632,l,7,1,27,2004.003,5471.09527,10.449225,-9.764702,-3.737975,-122.499585,-70.817064,-70.989373,-98.162943,False
235,2,1662,l,2,4,4,869.3387,12756.6478,12.881942,-12.798704,1.474406,95.067408,-67.854869,-44.282961,-62.709679,True
235,2,1691,r,4,2,59,1709.8236,8092.0224,11.732865,8.831155,7.755545,-118.480262,-76.462628,63.463541,-20.163212,False
235,2,1715,r,5,4,25,673.59076,7001.4502600000005,10.108824,9.846098,2.30107,-76.195928,-73.539299,63.556478,-58.604522,False
235,2,1727,l,1,2,29,1086.1993,12252.6383,20.446113,-17.75883,10.3002,-54.533983,-73.13145,-110.344737,-7.384866,False
235,2,1766,l,1,4,48,432.84488,20337.9342,27.6634,-26.714024,7.465045,86.176011,-69.852381,-102.575301,-39.953584,True
235,2,1790,r,4,2,59,1107.8346,10991.9059,11.323323,9.432821,6.292714,-96.411117,-73.061582,64.19738,-29.867079,False
235,2,1815,l,2,2,10,1132.656,10868.951,14.645698,-11.321849,9.351763,25.688354,-77.654871,-52.919503,-33.263079,True
235,2,1830,l,7,2,46,2467.9583,5991.6807,7.528656,-7.422876,-1.261142,-9.150441,-77.143341,-38.97432,-83.784683,True
235,2,1879,l,8,3,7,2937.9497,4117.41393,5.214694,-4.194322,-3.101272,-69.004985,-72.433019,-26.327908,-91.936262,True
235,2,1896,r,4,1,63,2425.1677,6711.51774,12.537574,11.108674,5.849639,2.358206,-63.583595,56.4783,-33.551517,True
235,2,1898,r,4,3,67,1294.6475,10615.5273,12.246267,11.791837,3.328745,61.521816,-69.141508,47.69761,-55.566038,True
235,2,1931,r,4,3,67,2630.6497,5941.277700000001,5.808916,5.590036,1.58207,-189.74809,-73.470401,46.955481,-60.156755,False
235,2,1959,l,2,1,17,1817.4717,8027.1566,9.375812,-8.642132,3.649739,-181.223983,-68.058452,-71.620404,-37.655649,False
235,2,1960,l,2,1,17,342.2025,20516.0434,26.901583,-20.926481,17.299849,118.514071,-74.387304,-65.574938,-17.204043,True
235,2,1982,l,7,2,46,2074.9067,4397.98438,9.814299,-8.448458,-5.012632,8.750443,-78.201539,-41.774408,-103.1408,True
235,2,2012,l,2,3,24,3215.0889,5135.9452,8.376453,-8.099721,2.142454,-243.096238,-66.675017,-75.868183,-46.530767,False
235,2,2052,r,10,4,50,361.87595,17755.019,35.226355,33.440061,-11.78277,115.155424,-68.628095,115.464241,-112.335336,True
235,2,2057,l,7,2,46,2750.145,5464.45481,5.666996,-5.536416,-1.211406,-197.848846,-69.294263,-47.287465,-79.658752,False
235,2,2070,l,2,2,10,2981.4294,5954.71706,8.23166,-5.702106,5.94669,-240.75419,-71.231522,-52.996014,-15.671333,False
235,2,2095,r,4,1,63,267.06668,19970.4875,22.703658,19.868193,11.216377,138.51843,-64.055301,54.740468,-32.114956,True
235,2,2112,r,4,4,54,2722.2053,5212.61939,7.411425,7.342237,1.013116,-217.489696,-65.756533,65.391216,-56.707863,False
235,2,2150,l,8,1,1,2699.004,5416.4708900000005,4.444771,-4.347052,-0.927782,-30.123644,-71.48998,-24.33461,-76.689106,True
235,2,2151,l,2,1,17,515.0457,17817.9372,25.123154,-22.488524,11.503162,124.315013,-65.950324,-68.590093,-29.456696,True
235,2,2169,r,5,1,12,1750.5574,8371.61695,21.736222,19.608485,9.569787,-41.250983,-78.015243,118.008446,-18.7299,True
235,2,2179,r,5,3,18,2703.5857,6873.80855,18.467221,18.271613,2.727711,-61.599406,-71.802503,116.087167,-54.161625,True
235,2,2192,l,1,4,48,1101.1763,11083.7848,24.957867,-24.606657,4.308542,68.80854,-75.012448,-101.300447,-56.683304,True
235,0,26,l,1,2,29,2405.3816,6582.12067,20.473279,-18.759201,8.352349,-65.624857,-80.465273,-120.782067,-25.324155,True
235,0,29,r,4,1,63,2307.4612,5916.16234,11.537316,10.281197,5.263535,6.393753,-62.857978,51.44385,-36.304307,True
235,0,37,r,4,3,67,3145.209,4775.04493,7.437005,6.717755,3.198084,-196.408329,-69.484853,57.292658,-42.118838,False
235,0,45,r,5,3,18,1896.3827,7328.275184,11.859452,11.385559,3.341108,-242.663173,-70.566814,107.264032,-38.845955,False
235,0,66,l,1,2,29,2772.22,6099.48292,12.972049,-11.753115,5.528885,-197.286037,-78.549061,-101.383283,-30.370711,False
235,0,75,r,4,3,67,3466.8403,4099.23144,6.589149,5.880041,2.978787,-108.214206,-71.510518,41.011244,-50.679225,True
235,0,96,r,4,4,54,1089.7034,11335.4052,12.0008,11.664264,2.841835,-25.411052,-72.296674,65.113356,-56.309492,False
235,0,122,r,5,3,18,404.08804,20238.712398,31.558186,30.264569,9.400221,126.843867,-72.704467,95.20545,-41.431178,True
235,0,125,r,4,1,63,1443.0127,11378.82494,10.707712,9.225664,5.458972,-53.962812,-67.735721,55.867941,-34.433663,False
235,0,130,l,2,4,4,3013.6118,4405.5542700000005,6.842212,-6.193472,2.913739,-149.6108,-71.142051,-47.706336,-48.635279,False
235,0,131,r,10,2,31,532.6904,16428.9094,34.095172,33.65536,-5.811811,112.238466,-71.884208,118.352212,-93.620972,True
235,0,212,r,4,3,67,2541.975,5607.07479,5.199741,5.093719,1.046046,-190.92725,-67.19333,42.868477,-58.377278,False
235,0,219,l,7,2,46,3312.4949,2990.316860000001,7.218913,-6.647922,-2.820206,-200.899699,-77.491083,-57.215157,-101.837323,False
235,0,233,l,2,4,4,1183.4127,8889.11004,15.317906,-13.581569,7.15134,88.638662,-75.073302,-48.645876,-49.082375,True
235,0,244,l,2,3,24,2318.6582,7776.01182,12.268677,-12.083253,2.140936,-6.782572,-64.618554,-63.533942,-53.272317,True
235,0,255,l,8,1,1,2706.2961,5692.91285,9.690358,-9.483602,-2.000234,99.649544,-73.975767,-31.79774,-80.715848,True
235,0,257,r,10,2,31,2722.5686,5741.51156,24.41342,23.862966,-5.312822,-17.475255,-68.496862,136.016577,-99.762616,True
235,0,320,l,2,2,10,3653.4705,4400.104103,8.517134,-5.470314,6.538144,-214.093482,-74.630454,-48.275094,-16.59196,False
235,0,332,l,2,2,10,402.3078,19662.2448,19.451615,-15.519088,11.87426,85.158508,-75.216476,-56.881072,-30.515985,True
235,0,359,l,2,4,4,560.00604,17009.5458,20.047398,-19.259705,5.673105,151.477027,-65.282539,-48.400716,-50.705973,True
235,0,363,r,4,2,59,969.01044,11921.3865,13.637213,11.69621,7.061698,-69.879915,-59.442997,74.50272,-13.916576,False
235,0,366,l,7,2,46,3163.402,3817.63737,6.730396,-6.432793,-1.983419,-129.034045,-73.231436,-47.245065,-87.834959,True
235,0,382,l,2,3,24,360.81696,19525.8931,23.813269,-23.654677,2.826149,120.041692,-75.87132,-74.446189,-66.711624,True
235,0,394,r,4,1,63,277.3812,19797.6523,25.771681,20.999367,15.291151,142.062975,-67.537207,56.785829,-24.213394,True
235,0,397,r,4,4,54,3538.3538,3752.740659,10.036924,9.50304,3.244815,-146.782876,-67.734151,73.116209,-42.626927,True
235,0,398,r,4,3,67,3130.1326,5138.111809999999,9.05696,8.819883,2.066877,-94.45222,-75.665034,59.65297,-61.624331,True
235,0,400,r,4,1,63,3953.6282,4581.83528,8.395796,5.227478,6.578992,-273.143502,-79.549369,51.5224,-14.329416,False
235,0,415,l,7,2,46,888.3214,10710.7564,19.802928,-19.536345,-3.303569,122.809002,-70.390658,-59.324818,-80.630809,True
235,0,429,l,1,2,29,435.11475,20113.5213,28.788217,-26.565051,11.521047,92.75,-74.368519,-98.625,-29.416367,True
235,0,445,r,5,3,18,508.15237,16201.061,27.543881,26.565051,7.557842,92.75,-74.972818,98.625,-45.712678,True
235,0,491,l,7,2,46,2598.754,5272.83461,9.060916,-7.941741,-4.376277,-80.716519,-72.953601,-51.716469,-101.599023,True
235,0,505,r,5,1,12,2795.957,6408.27489,20.825884,18.118199,10.445947,-71.780186,-81.704932,118.375197,-11.526231,True
235,0,506,l,1,2,29,1419.2444,11437.4617,25.463911,-23.132228,10.950501,51.319819,-75.800278,-101.96444,-25.581989,True
235,0,593,r,5,1,12,1734.4178,10392.09876,22.461916,20.869729,8.498187,35.456504,-67.952035,97.046646,-27.248013,True
235,0,598,r,10,2,31,3579.3171,2667.1004000000003,17.646964,17.311572,-3.477819,-100.089939,-74.856562,121.585922,-99.688792,True
235,0,607,l,1,3,41,501.0205,17570.9027,30.98877,-30.61932,5.020866,75.028541,-70.068648,-127.231626,-48.122208,True
235,0,623,r,4,3,67,581.6743,14638.8444,19.939931,18.264534,8.140684,155.198549,-68.954476,44.488767,-48.64871,True
235,0,627,l,2,4,4,2067.7444,6312.795700000001,5.629299,-5.560887,0.87633,-130.374926,-72.107918,-40.928412,-65.647443,False
235,0,643,l,7,2,46,2123.9536,6093.72388,7.366852,-7.124414,-1.879218,-126.354661,-71.124631,-52.039887,-84.891648,False
235,0,667,l,2,1,17,1984.4058,7050.54377,9.635464,-8.189671,5.093967,-239.437383,-74.168636,-76.195666,-26.487543,False
235,0,669,l,1,4,48,1360.5697,11298.60973,17.082653,-16.811241,3.077769,-106.74489,-78.053611,-119.869283,-55.768665,False
235,0,669,r,1,4,48,1360.5697,11298.60973,16.698401,10.710857,12.88641,-80.530662,-74.376323,70.085214,11.897128,False
235,0,670,l,2,1,17,2138.9336,7521.344499999999,17.236121,-15.14021,8.335768,23.257618,-65.723906,-72.173486,-25.234934,True
235,0,698,r,5,3,18,1539.9646,7716.52016,11.750084,11.412316,2.815792,-189.306528,-71.660944,96.752367,-47.61102,False
235,0,788,r,10,2,31,563.0094,15727.508,33.791336,33.215306,-6.602953,107.159523,-75.994982,119.717229,-101.293164,True
235,0,814,l,1,4,48,1983.8627,7520.06821,15.056541,-14.434382,4.32972,-141.972585,-69.793273,-111.188056,-36.021707,False
235,0,824,l,7,2,46,3241.6404,3630.35819,8.671063,-7.983863,-3.394104,-139.079459,-71.87654,-60.179955,-97.573323,True
235,0,845,r,4,3,67,1165.9338,9701.8828,3.737379,3.730936,0.21951,-97.14962,-61.058045,25.24576,-59.571649,False
235,0,854,r,4,1,63,1750.7867,9346.99721,16.451557,11.551808,11.794267,38.157965,-70.601297,51.47503,-16.927847,True
235,0,919,l,7,2,46,796.70264,12189.8259,19.569938,-18.019908,-7.763255,114.6112,-78.5101,-57.054658,-103.654133,True
235,0,974,r,3,2,9,2684.697,6287.43459,7.319648,3.034662,6.664056,-160.468842,-63.9677,23.881351,-11.262338,False
235,0,1028,l,1,3,41,2781.132,5947.8475,20.898321,-20.336671,4.917758,-88.510603,-72.01518,-140.290797,-37.282174,True
235,0,1035,r,8,4,14,2154.0205,5549.66186,8.326772,7.823215,-2.860658,84.318743,-76.900621,28.259734,-87.274953,True
235,0,1052,l,7,1,27,2299.5125,5533.73427,12.023799,-11.900992,-1.726593,-98.38968,-76.508536,-81.853567,-88.473274,False
235,0,1084,l,1,4,48,1788.1821,9920.69688,14.345417,-14.323033,0.809582,-141.40876,-67.520794,-110.149427,-61.229067,False
235,0,1126,l,1,4,48,1768.5164,7979.3397,23.045151,-22.917819,2.487175,16.380204,-69.203267,-115.681822,-56.299567,True
235,0,1129,r,4,1,63,772.28564,13340.9672,18.944539,15.399743,11.170052,104.762958,-67.883792,51.021888,-29.944321,True
235,0,1141,r,8,2,20,2526.7898,5442.75794,2.614909,2.36863,1.108169,-192.150983,-74.983968,19.943677,-65.649456,False
235,0,1153,r,4,1,63,2435.5571,6069.60223,12.201434,10.366271,6.470989,-9.742392,-69.525272,54.830646,-34.96354,True
235,0,1167,l,7,1,27,753.4825,12951.2986,22.754264,-22.347428,-4.397749,92.557957,-75.675763,-81.167877,-92.093333,True
235,0,1178,r,4,1,63,2413.8804,6250.05804,7.280181,5.821627,4.379014,-175.570807,-73.895192,47.468514,-38.058176,False
235,0,1187,r,4,3,67,439.27438,16982.3253,15.038426,13.262516,7.153895,123.078144,-68.28735,39.343366,-46.762581,True
235,0,1197,r,4,3,67,2489.6838,6068.9234400000005,4.107441,3.86297,1.396958,-266.259015,-75.055799,37.560774,-61.459784,False
235,0,1205,l,2,4,4,1824.608,8228.66904,6.108824,-5.2029,3.205593,-224.459236,-70.073094,-46.845712,-41.140772,False
235,0,1208,l,7,1,27,1765.5238,6549.31232,9.975933,-9.900304,-1.232212,-110.925972,-78.171836,-69.974979,-86.925903,False
235,0,1225,l,2,4,4,3085.8013,4920.47429,5.716002,-5.704905,0.3566,-132.294845,-68.925936,-42.187139,-66.284521,True
235,0,1240,r,10,1,37,1815.5422,8773.93302,24.702859,23.474398,-7.920767,40.996534,-65.262045,108.137513,-103.032039,True
235,0,1258,l,1,4,48,2811.0667,6484.66572,17.954292,-17.630878,3.447662,-58.777876,-75.420656,-110.845776,-53.372609,True
235,0,1265,l,7,1,27,423.49106,16257.7965,25.419134,-24.217361,-7.967606,122.307501,-71.229328,-75.42508,-96.965156,True
235,0,1279,r,4,1,63,2787.1072,5957.12511,7.606804,5.246361,5.515822,-190.821881,-64.329847,44.150531,-17.70262,False
235,0,1291,r,4,1,63,2657.4758,5907.58131,6.482547,4.11428,5.013917,-273.19375,-76.905566,40.511322,-27.366987,False
235,0,1303,l,2,4,4,1294.3679,9574.2212,13.36154,-12.136758,5.630792,102.280674,-74.451899,-40.369519,-55.520864,True
235,0,1380,l,1,4,48,1333.6267,9980.3923,21.582674,-20.527986,6.813137,24.637693,-78.957405,-99.362662,-45.103463,True
235,0,1455,r,4,4,54,2396.0925,6646.11769,9.900157,9.641776,2.257763,-151.024618,-75.272912,74.924532,-57.636027,False
235,0,1465,l,1,4,48,1175.8466,13834.46306,25.941115,-25.521411,4.811604,71.033818,-70.656653,-104.54197,-50.231932,True
235,0,1484,r,10,1,37,2375.4639,6673.95799,20.441312,19.660209,-5.710903,9.330555,-67.219817,100.274357,-97.025853,True
235,0,1498,r,5,1,12,412.42636,19711.962,32.611506,31.016154,10.619277,113.082295,-69.664921,106.370783,-30.960128,True
235,0,1501,r,4,3,67,1157.9929,10330.9735,15.420476,15.356458,1.420865,73.22414,-69.86412,59.532817,-64.288163,True
235,0,1534,l,2,4,4,2720.555,3159.44735,5.616245,-4.615602,3.203223,-258.676673,-77.891096,-44.295859,-47.084442,False
235,0,1537,l,2,2,10,1472.5065,10239.1758,9.960899,-7.75266,6.273472,-188.200795,-69.970801,-65.102881,-16.9161,False
235,0,1554,r,10,3,43,831.6442,12811.7721,29.43345,26.565051,-13.163025,103.25,-65.981549,93.375,-114.811335,True
235,0,1571,l,2,2,10,2790.9956,5984.98265,7.362376,-6.022001,4.243402,-214.947049,-71.759751,-53.268115,-34.086278,False
235,0,1573,r,10,1,37,3287.0283,4762.777700000001,18.771845,18.28922,-4.303507,-66.69031,-71.609786,117.889594,-99.879474,True
235,0,1599,l,1,2,29,854.0744,14856.3258,32.530339,-28.804656,15.812859,88.018221,-78.256041,-111.061796,-12.974556,True
235,0,1635,l,7,2,46,2315.3992,5440.59385,9.380459,-7.881183,-5.103382,-26.279906,-69.118707,-43.781598,-97.634094,True
235,0,1641,l,7,1,27,573.0667,14703.2331,20.65311,-20.087386,-4.903217,94.534437,-62.753451,-71.481446,-80.607904,True
235,0,1711,l,7,2,46,3582.3472,3570.94997,9.793898,-8.714025,-4.487962,-78.615564,-72.862536,-56.498454,-102.133159,True
235,0,1731,l,1,1,35,1465.6593,10658.19744,30.002976,-29.028376,7.938871,29.113453,-67.001023,-144.780727,-25.392753,True
235,0,1737,l,2,2,10,404.7881,20627.622,21.061252,-17.488885,11.923543,112.993331,-72.492668,-55.772237,-33.304061,True
235,0,1772,r,5,1,12,3113.974,4374.681,18.883118,17.173609,7.972235,-93.611604,-67.912049,118.554032,-11.681434,True
235,0,1783,r,4,4,54,3023.0898,4038.72579,10.629539,10.591206,0.90711,-132.003825,-69.739909,78.908831,-62.942356,True
235,0,1790,l,7,2,46,3148.53,4437.2830300000005,8.465598,-8.002065,-2.771883,-106.729071,-68.236131,-55.771216,-87.63314,True
235,0,1872,r,5,1,12,1053.4817,13246.1632,19.101286,17.364777,8.083264,-58.656153,-73.566472,109.026875,-21.684691,False
235,0,1881,l,2,1,17,1533.0044,8884.153699999999,20.604885,-17.207273,11.510387,66.453752,-66.807909,-69.230222,-19.151652,True
235,0,1888,r,10,2,31,1876.5602,6912.6846,13.886176,13.759944,-1.886402,-202.934655,-70.791387,120.711016,-87.506299,False
235,0,1896,r,5,3,18,2739.5564,5436.21281,14.64528,14.353403,2.940354,-158.623827,-76.076979,114.7982,-52.291419,False
235,0,1942,l,2,3,24,1707.4984,7766.96305,7.211821,-7.113635,1.189048,-249.908394,-73.760855,-67.379624,-62.467705,False
235,0,1962,r,4,3,67,1268.4156,9702.32827,13.818398,12.226437,6.488754,74.710461,-75.535362,46.651239,-50.480742,True
235,0,1979,l,7,2,46,3143.4119,4479.12208,7.522762,-7.240099,-2.048235,-85.666374,-76.003038,-47.724833,-89.546237,True
235,0,2004,r,4,4,54,3084.3298,5804.3159,8.40762,7.933872,2.791348,-236.465872,-75.148872,73.370429,-49.232007,False
235,0,2015,l,2,1,17,3128.3757,5529.16325,10.478294,-9.552928,4.325502,-201.147454,-69.535816,-82.65638,-31.864001,False
235,0,2051,l,4,1,63,2807.7048,5125.56736,23.696329,-19.035825,14.382362,-136.136872,-63.160891,-147.028798,52.433964,False
235,0,2051,r,4,1,63,2807.7048,5125.56736,6.382572,5.077683,3.872164,-187.451618,-70.244762,42.423975,-37.801087,False
235,0,2069,l,7,2,46,733.3021,12035.4988,13.795594,-13.272329,-3.797718,25.537054,-73.211742,-62.381547,-91.248538,False
235,0,2069,r,7,2,46,733.3021,12035.4988,33.734455,33.1733,-6.511231,-6.257498,-74.934693,193.668359,-115.331732,False
235,0,2082,l,2,4,4,348.82227,18727.3856,16.122285,-15.323577,5.072758,102.301061,-71.985659,-51.431646,-54.709744,True
235,0,2113,l,1,4,48,2299.9521,5753.53504,18.310214,-17.510745,5.437328,-36.38095,-77.788527,-102.974818,-45.21233,True
235,0,2114,l,7,2,46,1538.9434,6902.88005,14.048971,-13.198524,-4.857113,34.392003,-78.500398,-59.945367,-100.810332,True
235,0,2134,r,10,4,50,363.43414,19986.14873,34.943519,33.945707,-8.838144,89.17499,-70.518289,135.181478,-108.159934,True
235,0,2142,r,10,2,31,554.0648,17188.2253,35.925057,35.679779,-4.500251,106.710768,-70.623235,131.608612,-88.382894,True
235,0,2154,l,1,1,35,898.4688,14504.7138,29.044629,-26.565051,12.195616,40.25,-74.210503,-124.875,-13.86142,True
235,0,2178,l,1,3,41,411.36014,20715.6375,35.868391,-34.991078,8.441927,106.600325,-70.066135,-128.375281,-36.841183,True
235,0,2192,r,5,3,18,3111.5183,4928.70828,15.509281,15.01382,3.934341,-97.06587,-76.318979,103.814056,-48.757543,True
235,0,2203,l,2,2,10,2690.9648,5578.8489,8.522483,-7.35732,4.313348,-184.15904,-71.247811,-61.223378,-35.18763,False
235,0,2237,r,4,3,67,395.16608,17820.6483,18.871173,18.436609,4.09836,129.146523,-67.969335,53.623006,-55.820282,True
235,0,2243,l,6,1,57,314.87793,18046.4384,35.644587,-35.485238,-3.612115,102.951726,-75.653979,-133.347541,-90.155139,True
235,0,2258,l,2,3,24,1887.6855,7664.235790000001,9.570362,-9.560634,0.433418,-225.058916,-68.764706,-86.751735,-64.813551,False
235,0,2330,r,5,3,18,1224.7142,10186.3982,24.089273,23.800054,3.834904,67.820136,-69.871701,97.993248,-53.594339,True
235,0,2333,l,1,4,48,1628.5375,10144.95355,25.197519,-24.294964,6.896183,24.662861,-70.358904,-119.776238,-35.149339,True
235,0,2372,l,4,1,63,984.5836,13515.06126,21.831018,-18.158276,12.329212,-39.870929,-76.036978,-108.189923,-0.15848,False
235,0,2372,r,4,1,63,984.5836,13515.06126,10.612984,6.431498,8.460057,-41.369403,-77.734932,37.353506,-28.135433,False
235,0,2392,r,4,1,63,2271.9978,5945.03334,9.359071,7.699664,5.336584,-135.314749,-73.426136,57.502272,-33.335502,False
235,0,2401,l,2,2,10,2745.8052,5771.56603,12.822118,-10.460095,7.457415,-23.439644,-65.842031,-57.866834,-24.120551,True
235,0,2435,l,7,1,27,623.0261,14509.2266,19.315577,-18.897184,-4.07361,102.628003,-68.273726,-64.141483,-82.378187,True
235,0,2446,r,4,1,63,450.60565,18126.4588,20.784252,18.042854,10.49346,134.137373,-66.994831,50.771752,-36.632752,True
235,0,2447,l,2,4,4,2483.089,5041.53804,7.386886,-7.309878,1.066746,-177.861152,-74.240339,-60.016383,-65.457203,False
235,0,2477,r,4,4,54,2607.4724,5359.02909,10.957739,10.74748,2.148956,-40.711999,-82.023977,62.772568,-69.392787,True
235,0,2499,r,4,1,63,751.5805,13208.576,18.502302,15.532391,10.180205,117.997639,-66.712849,47.805211,-34.655319,True
235,0,2521,r,5,1,12,313.6877,21391.924146,33.69994,31.87791,11.558474,120.397233,-70.317704,105.477722,-29.470587,True
235,0,2524,r,4,4,54,701.5166,14442.41527,23.565843,23.393933,2.924662,122.793822,-75.274733,72.335553,-65.967164,True
235,0,2525,l,2,3,24,2635.4412,5293.25834,13.74616,-12.85642,4.906628,-48.563239,-74.855757,-77.270355,-45.043833,True
235,0,2536,l,2,1,17,486.65378,17498.425900000002,24.36593,-21.365541,11.998626,116.410932,-75.650979,-67.908405,-36.035248,True
235,0,2545,r,4,3,67,3451.0913,4188.16488,7.180003,6.613178,2.80236,-94.625326,-72.546405,44.59232,-53.593097,True
235,0,2547,l,7,2,46,2758.5374,5347.43059,8.564454,-7.828502,-3.484263,-77.669594,-74.75764,-50.550812,-97.354512,True
235,0,2571,l,2,2,10,1690.0258,8880.91496,8.110472,-5.947032,5.524702,-157.491599,-69.027987,-46.61504,-25.510517,False
235,0,2579,l,1,4,48,2168.7676,6729.73233,19.296916,-18.775058,4.539993,-14.425578,-75.497033,-103.487061,-49.965871,True
235,0,2624,l,1,4,48,580.1176,17324.0625,30.831172,-30.236796,6.33192,82.402228,-77.180816,-121.003337,-50.517194,True
235,0,2659,l,1,3,41,1100.5748,10903.6179,25.218662,-25.05512,2.964711,20.525841,-72.347024,-125.973614,-56.941231,True
235,0,2660,r,4,2,59,2241.8884,6417.67615,10.84068,9.812401,4.631124,-166.556059,-75.264183,78.962694,-37.731868,False
235,0,2669,r,4,1,63,550.5859,15948.1344,23.44556,18.091512,15.169908,138.611353,-61.365451,49.456615,-18.18465,True
235,0,2682,r,10,1,37,1411.0493,11435.2362,22.970987,22.95535,-0.871343,75.511344,-80.9176,90.847831,-84.460304,True
235,0,2685,l,2,1,17,2838.5613,6218.39614,10.231863,-8.02476,6.368676,-251.163596,-74.888613,-76.294079,-13.88964,False
235,0,2707,l,6,1,57,2088.2993,5905.72081,20.383675,-20.151678,-3.132432,-91.051924,-68.611251,-139.835048,-90.824419,False
235,0,2710,l,7,3,33,417.9611,16079.0291,23.598028,-20.993187,-11.029947,119.319468,-72.479948,-65.494833,-108.114808,True
235,0,2717,r,5,1,12,982.975,12505.4404,27.669721,24.804639,12.670105,66.3382,-66.004675,103.368236,-10.612649,True
235,0,2726,r,4,2,59,3260.0627,4139.968150000001,9.720457,9.039442,3.589272,-232.770891,-66.073127,83.167712,-32.869062,False
235,0,2756,l,7,3,33,717.37805,12136.1318,21.043704,-19.621298,-7.76,96.7436,-77.42159,-68.896466,-105.380485,True
235,0,2779,r,5,1,12,557.09406,18084.55137,31.531778,27.606368,15.876103,107.219454,-69.573632,95.58123,-10.911017,True
235,0,2811,l,7,2,46,1966.67,6892.5687,9.510203,-9.404038,-1.423471,-73.148563,-73.865953,-60.145147,-83.012892,False
235,0,2814,r,4,3,67,484.67728,15991.7079,21.002725,19.329451,8.37694,117.523906,-80.912999,60.499814,-53.997679,True
235,0,2847,r,4,2,59,2774.8828,5081.72235,12.279876,11.210525,5.044322,-83.159667,-72.674305,73.958844,-39.095468,True
235,0,2894,l,7,2,46,2795.2756,4805.57018,6.536356,-6.384634,-1.403051,-231.881738,-80.633657,-58.396701,-93.495757,False
235,0,2910,l,2,4,4,1495.8328,8982.97325,7.403413,-6.812876,2.904315,-122.842741,-78.110023,-49.322613,-57.016194,False
235,0,2964,r,5,2,5,806.2651,14973.4848,32.24469,30.164892,11.972041,60.968258,-81.563391,133.111848,-25.391329,True
235,0,2981,l,2,4,4,1755.6692,7568.669,7.117123,-6.72246,2.342472,-177.785483,-66.769897,-55.138074,-47.50189,False
235,0,2996,r,10,2,31,2176.1904,7430.91314,25.576688,25.118964,-4.981571,20.153793,-64.195903,126.514131,-90.173693,True
235,0,3022,r,10,2,31,1497.6389,9447.7399,29.818791,29.284726,-5.885333,58.176708,-68.899386,130.011916,-96.297505,True
235,0,3033,l,7,2,46,338.42316,17644.1712,13.35954,-12.033982,-5.845066,100.385513,-67.092652,-40.421358,-86.93984,True
235,0,3061,r,5,3,18,1424.35,8785.5188,18.909938,18.175375,5.309818,-71.316239,-76.887283,118.622683,-41.543084,False
235,0,3101,l,3,3,23,1955.3671,7381.21781,5.352731,-3.678294,3.891361,-87.728994,-66.76905,-24.282947,-41.02225,False
235,0,3157,r,5,3,18,2232.2026,6728.87296,20.075529,19.102318,6.293489,-22.82123,-73.919424,108.338237,-37.40921,True
235,0,3166,r,4,3,67,1839.4642,6714.86399,7.046846,6.521889,2.674683,-88.861945,-73.949126,43.312489,-56.134945,False
235,0,3167,l,2,4,4,2390.7817,5683.04093,6.652745,-6.491768,1.457758,-177.41565,-73.66806,-53.187262,-61.696423,False
241,1,6,l,6,1,57,1620.7028,7653.92793,17.597249,-17.526388,-1.602976,-108.473023,-73.141967,-125.839857,-84.835892,False
241,1,20,l,7,1,27,509.87753,14605.2552,21.900304,-21.802573,-2.118958,117.291522,-76.634219,-69.087459,-83.516682,True
241,1,27,l,2,4,4,1050.9634,10546.746,8.47245,-7.133074,4.583707,-37.966164,-80.108789,-41.042616,-53.61003,False
241,1,34,r,4,4,54,2095.9644,5819.77845,8.221069,7.3273,3.738038,-273.654472,-79.254678,72.478795,-42.125791,False
241,1,38,r,4,4,54,2941.7444,4880.28523,13.03476,12.613573,3.313724,-47.159708,-68.790937,75.447988,-48.786599,True
241,1,73,l,2,4,4,2349.4138,5901.891,10.737651,-8.788997,6.192917,-53.964263,-79.971261,-53.180843,-42.204338,True
241,1,76,l,7,2,46,2154.5522,4972.88641,4.28365,-4.204497,-0.820409,-231.48663,-76.807148,-38.336736,-84.294894,False
241,1,98,r,4,3,67,348.88647,17749.732799999998,19.806222,17.755271,8.922189,148.408116,-75.273647,45.338281,-51.932999,True
241,1,137,l,2,4,4,1510.472,8653.4379,6.20207,-5.88634,1.95708,-261.588683,-68.986234,-56.868235,-50.038113,False
241,1,155,r,10,2,31,2945.6926,5401.54866,22.098959,21.448431,-5.452665,-27.058761,-67.923885,124.563238,-100.440708,True
241,1,176,r,5,1,12,2817.8892,5317.2151300000005,17.853747,16.974526,5.617014,-62.366976,-67.707482,107.558111,-31.473406,True
241,1,177,l,7,2,46,3276.1804,4046.27363,6.942282,-6.923656,-0.509434,-194.272915,-75.766826,-58.806349,-80.104388,False
241,1,188,l,2,2,10,1717.9425,8230.97988,7.684209,-5.353421,5.520576,-245.170749,-79.2459,-50.149604,-27.294238,False
241,1,190,l,1,4,48,379.48663,18168.8806,27.130972,-25.971074,8.136075,80.524198,-84.74523,-102.037296,-51.433897,True
241,1,199,l,2,2,10,384.19714,18721.202,24.56326,-21.514551,12.144814,139.269922,-64.915523,-59.418379,-30.049127,True
241,1,202,r,10,1,37,3122.1946,5755.88839,18.134071,17.846923,-3.267965,-18.447583,-71.791823,99.310407,-90.294125,True
241,1,251,l,7,2,46,2319.019,5044.82625,4.563244,-4.395372,-1.227539,-198.079436,-68.747047,-37.516012,-79.236399,False
241,1,264,l,2,3,24,2045.8873,6383.69799,12.347657,-11.868099,3.432475,-101.825215,-68.828982,-82.342702,-44.814044,False
241,1,292,r,4,3,67,2771.1548,5716.50569,7.917019,6.74923,4.148104,-224.909841,-76.932337,60.936579,-39.327989,False
241,1,352,r,5,2,5,2401.5474,6264.76021,15.075806,14.21659,5.069352,-188.648252,-77.078293,121.264108,-33.276678,False
241,1,357,l,2,3,24,567.22864,16311.4609,22.128782,-20.656873,8.115346,122.180395,-69.556508,-63.26943,-43.982205,True
241,1,358,r,4,1,63,544.208,15112.9432,21.315837,17.151063,12.852466,109.975067,-75.233848,55.558576,-32.248248,True
241,1,376,l,1,4,48,537.6693,17211.1293,28.682348,-26.565051,11.232569,78.75,-82.145495,-105.625,-35.240133,True
241,1,377,l,2,3,24,476.612,16771.346700000002,16.163492,-14.539341,7.139037,1.382158,-80.013948,-74.853114,-42.669035,False
241,1,396,r,4,3,67,1812.1338,7081.01635,6.343816,6.107333,1.719213,-270.332054,-75.40662,59.954757,-58.49229,False
241,1,408,l,1,3,41,1107.4034,10475.5621,25.625942,-24.860777,6.422997,15.621968,-76.338965,-127.133814,-42.296361,True
241,1,413,l,2,1,17,2429.9644,5147.26327,11.268007,-9.682894,5.790474,-173.560444,-72.640877,-79.095402,-24.95261,False
241,1,417,r,4,1,63,2172.5657,5830.39128,9.476137,6.234954,7.150153,-93.889223,-64.685527,41.940693,-16.241766,False
241,1,484,l,2,2,10,1170.9084,10528.3999,8.244836,-4.977843,6.580844,-178.816075,-76.626998,-40.833417,-22.337201,False
241,1,485,l,7,2,46,1265.8771,7946.765789999999,14.288914,-12.686561,-6.629134,57.874174,-71.230908,-52.254605,-98.88351,True
241,1,504,l,7,2,46,649.2641,12571.8585,16.521011,-16.066374,-3.900832,102.985531,-65.982994,-53.860073,-79.253411,True
241,1,604,l,2,3,24,602.54065,15682.7264,21.214528,-20.347072,6.135978,98.112427,-73.005029,-71.160644,-51.003469,True
241,1,612,l,2,4,4,2244.7664,6124.86312,5.712623,-5.391911,1.889949,-192.761924,-75.332018,-45.565674,-59.331138,False
241,1,626,r,5,3,18,3757.7295,4204.70788,18.282284,17.822911,4.140345,-12.524056,-73.017752,97.263309,-50.014435,True
241,1,674,l,2,3,24,1702.131,7804.57231,8.839769,-8.79394,0.902519,-264.117302,-72.371319,-85.721875,-63.538345,False
241,1,685,r,4,1,63,3354.3762,4376.72353,8.352829,6.691166,5.011225,-48.128161,-67.377652,39.66808,-37.525184,True
241,1,692,r,4,1,63,3703.9663,3675.13562,7.770026,5.318356,5.672824,-146.659841,-65.192087,40.648814,-21.629273,True
241,1,693,l,1,4,48,1633.3429,8946.45537,24.247162,-24.093267,2.812702,24.315592,-71.336153,-118.808915,-57.037289,True
241,1,730,l,7,4,39,352.65964,15110.3974,17.073303,-15.160592,-7.945843,97.016852,-79.60559,-52.289855,-107.51288,True
241,1,735,l,7,1,27,1226.4376,8625.9807,12.431521,-11.676093,-4.297442,-101.036379,-71.478812,-80.809599,-101.484323,False
241,1,746,l,7,2,46,2026.7858,6586.23568,4.643649,-4.574877,-0.797074,-193.912764,-73.751578,-38.721148,-80.505515,False
241,1,754,l,2,1,17,445.69116,17946.5377,24.554693,-23.248652,8.130581,113.600682,-66.716295,-75.782213,-39.287699,True
241,1,759,r,4,3,67,2667.8228,5280.83064,9.375988,8.313441,4.350739,-12.414484,-74.423203,44.189957,-51.170869,True
241,1,760,l,2,2,10,2985.3323,4926.84785,7.702048,-5.523456,5.376115,-227.642719,-74.850399,-50.057212,-25.909225,False
241,1,771,r,4,3,67,1817.9497,7932.61241,12.139129,11.111113,4.919956,80.843597,-63.809971,41.076985,-45.461621,True
241,1,802,l,2,3,24,2715.6104,5701.7775,14.119204,-13.06942,5.389623,-39.618657,-72.873526,-76.519234,-40.948665,True
241,1,839,r,10,1,37,1716.3605,7499.451199999999,11.953577,11.760553,-2.154714,-173.384782,-68.522302,96.473219,-86.330804,False
241,1,845,r,4,2,59,2296.633,4591.16398,10.139083,9.391218,3.839048,-223.071322,-74.321802,84.857616,-39.4247,False
241,1,871,l,2,4,4,826.293,11741.5064,16.97507,-16.287886,4.8471,124.23781,-75.542822,-48.434216,-60.898388,True
241,1,908,l,2,1,17,2634.427,6150.70302,9.939406,-9.207966,3.758592,-202.736661,-70.55717,-79.876234,-37.764733,False
241,1,912,l,8,3,7,1993.489,6484.002570000001,7.813377,-7.658857,-1.550838,72.809394,-81.396977,-29.206528,-87.33009,True
241,1,914,r,4,3,67,2097.209,6256.4961,9.011987,8.461344,3.113221,4.404262,-74.654704,42.485603,-58.950362,True
241,1,928,r,4,4,54,633.8828,13331.1809,22.021661,21.143006,6.304687,118.67596,-75.284162,66.256232,-54.989447,True
241,1,932,l,2,2,10,2322.6128,6123.39959,11.447977,-8.339606,7.870564,3.193031,-79.312729,-42.04311,-39.241427,True
241,1,963,r,5,2,5,2201.0674,8487.1019,25.173198,23.459199,9.399893,-26.120583,-77.136505,137.185552,-20.088298,True
241,1,965,l,2,1,17,2399.967,6576.8181,11.327739,-8.764868,7.204213,-153.47795,-75.277479,-68.375594,-18.557682,False
241,1,992,l,2,3,24,1518.0038,9530.02957,15.998348,-15.878397,1.981073,29.286796,-70.943654,-74.159846,-61.567836,True
241,1,999,r,10,1,37,3186.293,5258.83285,16.673119,16.57064,-1.872181,-41.800839,-72.880732,98.729019,-84.196379,True
241,1,1042,l,1,3,41,1828.9807,10443.47326,26.325068,-25.462976,6.916707,-13.80743,-76.575039,-144.667803,-35.755317,True
241,1,1051,l,2,2,10,2562.512,5796.58607,11.301382,-8.548693,7.419612,-80.659262,-81.209905,-55.717482,-32.398351,True
241,1,1061,r,8,4,14,2491.0696,3862.8415,2.617091,2.514856,-0.724573,-166.97569,-88.453569,20.070701,-94.23845,False
241,1,1065,r,4,2,59,2228.471,7372.724709999999,10.509935,8.708347,5.907005,-197.644368,-65.577782,74.692784,-14.535962,False
241,1,1066,l,1,2,29,1374.8196,9915.31145,26.152536,-24.395949,9.725738,22.36755,-75.196798,-121.38065,-24.828566,True
241,1,1080,r,4,1,63,2214.8518,7267.321910000001,13.806927,9.058082,10.464137,25.557174,-67.242652,42.15847,-17.78549,True
241,1,1108,r,4,1,63,526.6118,15410.1653,19.612748,15.924709,11.599814,110.406041,-71.570435,51.24243,-33.234481,True
241,1,1128,l,1,2,29,968.0021,14739.57242,29.601947,-27.728483,10.801945,62.655019,-72.382293,-119.502991,-23.378438,True
241,1,1136,l,1,4,48,2475.31,6212.72226,18.522274,-17.827224,5.110121,-55.385519,-76.38656,-111.072209,-43.942385,True
241,1,1144,l,2,3,24,1416.1165,8560.33604,9.188011,-9.110426,1.196562,-109.032041,-73.236938,-63.989056,-64.795876,False
241,1,1176,r,4,3,67,1430.0126,8008.318316,6.796809,5.986113,3.22505,-66.45886,-68.599506,37.377988,-48.403901,False
241,1,1202,l,7,1,27,1946.0118,6155.86542,11.506988,-11.485121,-0.713872,-13.742913,-79.887552,-61.715058,-83.749535,True
241,1,1227,l,2,4,4,1737.9424,8788.04743,11.142676,-10.39201,4.042899,25.761568,-73.509723,-48.458741,-54.522092,True
241,1,1249,r,4,1,63,2490.7761,5458.19436,10.760707,7.418085,7.817101,-91.870564,-67.342424,49.718899,-14.474061,True
241,1,1256,r,4,1,63,756.8442,14705.16103,21.714065,14.870872,16.005175,77.85574,-78.364672,56.331755,-15.403777,True
241,1,1258,r,10,1,37,1836.5756,7827.3171,23.973804,23.168578,-6.338456,65.151937,-74.50598,96.224076,-101.673204,True
241,1,1282,r,8,4,14,2690.5505,4243.15034,4.640479,4.047097,-2.272366,-44.90594,-79.392877,23.695557,-92.715526,True
241,1,1300,r,10,1,37,2715.6655,7227.68517,19.47777,18.538368,-6.083925,3.079801,-69.143282,96.215849,-101.398482,True
241,1,1330,r,4,3,67,2153.6965,6505.47165,6.563725,6.194691,2.174104,-90.466194,-79.521188,41.296187,-64.992531,False
241,1,1331,l,2,4,4,3145.4,4425.82885,6.297751,-5.457507,3.147583,-195.670185,-69.922756,-46.401209,-43.093639,False
241,1,1343,l,1,2,29,1299.9858,13188.66882,26.771371,-24.436426,11.287476,53.962891,-68.054957,-107.252174,-16.308319,True
241,1,1387,r,4,3,67,1172.6274,9066.41805,14.440392,14.141255,2.954286,118.653268,-69.634124,43.170508,-60.514957,True
241,1,1403,r,4,3,67,3341.3398,4335.0998,6.520521,6.305759,1.663062,-200.965047,-74.973019,54.252996,-60.631543,False
241,1,1416,l,1,1,35,1843.9655,8285.65964,27.058904,-25.075135,10.516153,-7.819566,-75.817833,-139.351303,-14.780822,True
241,1,1418,l,1,1,35,3503.1238,5270.408960000001,17.734181,-16.8496,5.613047,-137.763857,-71.93127,-129.553688,-28.00449,True
241,1,1423,l,7,1,27,1917.5294,5937.54379,13.583321,-13.231946,-3.097322,-20.711721,-71.233573,-73.059572,-88.505086,True
241,1,1449,l,1,2,29,3698.74,4175.19209,14.693912,-13.28211,6.341943,-194.013342,-76.987671,-114.25634,-21.714922,False
241,1,1462,r,5,3,18,1094.2721,12934.97577,24.773248,24.02271,6.239675,62.299809,-70.02896,101.486818,-42.77241,True
241,1,1463,r,5,3,18,826.75757,7774.78547,13.601561,10.927532,8.148597,-113.080818,-77.768917,77.822025,-18.987329,False
241,1,1481,l,7,4,39,1301.0868,8094.07921,20.0474,-17.803624,-9.368972,91.539501,-75.598204,-63.732542,-109.989724,True
241,1,1484,l,1,4,48,3551.377,5125.01832,15.203867,-14.634485,4.167603,-174.979282,-73.769675,-121.416923,-38.751982,True
241,1,1499,r,8,2,20,3619.8633,3333.57749,3.245421,3.064177,1.069892,-145.524086,-73.909727,23.314052,-65.764532,True
241,1,1536,r,10,1,37,1521.1517,7798.84689,27.944487,27.820563,-2.740521,62.026151,-81.430187,120.301556,-93.768945,True
241,1,1571,l,1,3,41,1965.305,6798.87275,21.651755,-21.522255,2.422764,-42.738568,-71.368036,-131.218528,-56.234542,True
241,1,1581,r,5,2,5,850.61346,14755.1261,32.743301,31.436612,9.66702,63.085254,-74.944722,138.708452,-29.642298,True
241,1,1592,l,7,2,46,3178.025,3546.34009,6.329776,-5.962095,-2.12976,-147.163659,-76.165293,-45.655364,-92.51115,True
241,1,1631,r,5,3,18,2707.876,5252.80673,12.194763,12.081887,1.667812,-194.808124,-68.945759,103.773559,-54.509816,False
241,1,1651,l,1,3,41,1338.4667,13211.4392,29.732458,-29.444663,4.325295,36.067485,-74.133791,-143.344525,-52.078965,True
241,1,1668,r,8,2,20,1711.8481,6026.2211,2.863052,2.782397,-0.675046,-179.442574,-77.634932,22.815006,-83.172586,False
241,1,1670,r,4,3,67,960.10223,12058.33952,5.152825,5.116345,0.612878,-224.542815,-67.065423,46.069684,-61.539267,False
241,1,1676,l,7,2,46,1226.85,8946.21457,12.522719,-11.993617,-3.628296,40.935772,-65.495141,-52.911236,-81.640876,True
241,1,1743,r,4,2,59,1252.0504,10114.6001,21.247764,18.804213,10.077146,65.706114,-74.843136,76.374272,-32.735113,True
241,1,1778,l,2,2,10,3141.292,4756.66051,7.356042,-4.518849,5.81046,-251.563781,-74.879038,-42.801263,-19.597261,False
241,1,1781,l,1,4,48,1323.9896,10926.4635,25.257995,-24.183361,7.518828,67.94213,-75.054755,-99.719261,-42.926435,True
241,1,1841,l,1,3,41,2013.6473,6444.40067,15.799062,-15.70703,1.724669,-161.124875,-64.307852,-126.865209,-50.19747,False
241,1,1851,l,7,2,46,1350.5181,8501.37688,12.445306,-12.387383,-1.208804,43.689195,-83.354865,-54.098086,-88.676084,True
241,1,1883,l,7,2,46,3510.972,3644.53953,8.474961,-8.114431,-2.453832,-151.524939,-68.38856,-62.95177,-87.500865,True
241,1,1891,r,5,2,5,849.6553,13151.0578,23.200975,21.910182,7.826097,-10.826536,-72.610503,120.993597,-28.043734,False
241,1,1921,l,1,4,48,1173.2654,12705.29293,28.435006,-23.983431,15.750453,-38.982216,-69.588964,-146.358339,31.964219,False
241,1,1921,r,1,4,48,1173.2654,12705.29293,15.290663,7.586608,13.314985,-97.513843,-82.048501,51.613203,10.472801,False
241,1,1945,r,10,4,50,3106.6555,3533.14204,22.434291,21.627313,-6.111383,-44.712911,-83.594661,132.706818,-122.146418,True
241,1,1949,r,4,1,63,1920.265,7908.19265,16.305561,12.415071,10.654752,25.956071,-72.136286,58.126637,-21.271163,True
241,1,1970,l,6,1,57,1402.3406,7583.17787,24.239282,-23.850185,-4.457947,6.991503,-77.876021,-125.117837,-102.000359,True
241,1,2008,l,2,1,17,1889.3082,7470.16889,19.176366,-15.417556,11.544388,11.047452,-77.700726,-76.928301,-18.595124,True
241,1,2012,r,5,3,18,1321.1019,10094.52763,23.794897,22.808259,6.969671,62.237296,-70.183913,95.781261,-39.978718,True
241,1,2031,r,10,2,31,1010.6676,11827.3135,31.033991,30.187604,-7.564266,70.805263,-66.967943,127.510903,-100.642452,True
241,1,2033,r,4,3,67,3709.3242,4454.61811,6.568648,6.404242,1.463474,-203.312676,-73.849598,55.370862,-61.167308,False
241,1,2036,l,2,1,17,3176.879,5301.4357,8.029113,-6.911429,4.096377,-253.132881,-78.615261,-65.836233,-39.432811,False
241,1,2063,r,8,2,20,2749.5725,4801.22778,7.468321,7.398684,1.020343,72.973503,-68.252152,28.18175,-64.354408,True
241,1,2094,l,7,2,46,1248.2867,8249.016309999999,8.281969,-8.246319,-0.770285,-54.88802,-78.81564,-49.983762,-83.501038,False
241,1,2134,r,4,1,63,427.3538,16562.9551,23.36256,15.110367,18.030751,120.559506,-73.494325,45.751446,-16.363958,True
241,1,2140,r,3,4,3,2796.426,5168.9366,6.535819,6.002816,-2.589921,-136.059003,-83.053955,44.801777,-102.432331,False
241,1,2174,l,7,1,27,2247.1199,5037.53483,11.895745,-11.800112,-1.516142,-43.529207,-70.262715,-69.678563,-79.281102,True
241,1,2216,r,4,3,67,2642.613,5225.66001,4.982104,4.635122,1.828742,-197.016805,-72.515732,39.48493,-56.915036,False
241,1,2217,l,2,2,10,2884.517,6317.32946,8.936586,-6.721453,5.902945,-221.473918,-76.311924,-60.278533,-23.063688,False
241,1,2225,l,7,4,39,305.98935,16698.0762,22.041049,-19.195528,-11.042992,127.441189,-72.284287,-56.594742,-105.876797,True
241,1,2300,l,2,1,17,1293.5975,9103.3316,12.851244,-10.847386,6.932885,-52.84044,-70.54818,-65.69422,-28.101825,False
241,1,2319,l,2,1,17,1210.0002,10254.71307,21.870111,-19.060332,10.929565,92.126424,-76.295819,-68.366484,-35.869087,True
241,1,2336,r,5,2,5,390.47546,19143.4564,36.045837,34.759499,10.208576,92.476331,-72.30528,137.07556,-29.008421,True
241,1,2339,r,4,3,67,2084.233,6670.90098,8.90831,8.531687,2.572408,-69.824392,-73.16858,53.979575,-56.821789,False
241,1,2356,l,7,1,27,1339.3119,9194.85685,20.555883,-19.171937,-7.558569,71.28195,-64.966778,-76.045585,-95.693211,True
241,1,2374,l,2,4,4,2598.6592,3344.97283,6.843745,-6.502907,2.137448,-241.341001,-71.437517,-60.565965,-51.477951,False
241,1,2402,r,10,1,37,400.24826,16436.9136,31.751204,31.140611,-6.534051,110.943939,-81.599335,108.186692,-105.560832,True
241,1,2414,r,4,1,63,3505.7725,5043.97699,8.090584,5.864636,5.583243,-162.569647,-75.347314,46.486223,-30.873328,True
241,1,2445,l,7,2,46,3564.693,3734.95692,7.015712,-6.734375,-1.971378,-56.247416,-79.745439,-40.885337,-91.746292,True
241,1,2461,l,7,1,27,2241.2695,5532.35635,15.990683,-15.479582,-4.06051,16.88349,-83.374676,-75.637109,-103.492474,True
241,1,2476,l,6,1,57,2196.8108,7767.84966,23.314536,-23.177064,-2.600837,-30.874107,-72.599342,-137.374802,-88.454465,True
241,1,2489,l,1,3,41,2577.9363,6400.13415,14.753178,-14.618082,2.014041,-201.409848,-66.081405,-128.168297,-48.222314,False
241,1,2549,l,1,3,41,1956.4337,8424.2213,16.969113,-16.563216,3.742065,-145.189245,-68.781314,-129.431382,-39.085842,False
241,1,2551,l,2,4,4,1166.1974,10454.0123,13.028467,-12.806329,2.415865,50.68126,-65.334611,-54.399687,-54.980233,True
241,1,2558,l,2,2,10,3006.4023,3428.0082300000004,7.522459,-6.428994,3.914052,-256.323608,-72.430787,-61.559964,-34.81502,False
241,1,2584,r,8,2,20,3258.4292,3967.20157,5.699268,5.456329,-1.64874,58.183594,-74.760454,22.143067,-81.463403,True
241,1,2586,l,2,2,10,682.5017,14974.9895,20.671953,-15.660904,13.665926,112.605698,-71.722113,-49.732706,-26.926822,True
241,1,2611,r,5,3,18,445.10693,17151.646099999998,29.098576,28.663497,5.240467,110.766297,-69.557609,97.979221,-50.82246,True
241,1,2617,l,7,2,46,734.9018,12133.3988,6.434921,-6.407546,-0.594166,-6.554649,-79.571752,-33.303482,-82.66651,False
241,1,2621,l,7,2,46,3435.4836,4214.74705,5.407872,-5.364599,-0.68376,-246.476143,-72.747879,-50.377515,-79.178579,False
241,1,2662,l,2,2,10,2372.2888,6724.707584,9.21889,-6.10214,6.923392,-133.371388,-67.633424,-45.261344,-15.931525,False
241,1,2664,l,7,2,46,2583.0012,4566.98852,8.875355,-8.725728,-1.629153,-5.922987,-76.144267,-45.418584,-84.659389,True
241,1,2671,r,4,2,59,453.90552,16934.322,23.981148,21.200299,11.477179,132.125307,-65.839768,61.236505,-31.458413,True
241,1,2695,r,10,1,37,1081.9397,11807.884,29.418744,28.804966,-6.252121,83.63325,-71.00044,113.474375,-96.801502,True
241,1,2733,r,4,2,59,430.67966,17536.6945,27.109907,23.989047,13.020355,127.616674,-68.49046,72.260522,-27.390462,True
241,1,2763,l,6,1,57,2084.238,5355.30906,21.610115,-21.422267,-2.912487,-26.035026,-72.093329,-123.994481,-89.365276,True
241,1,2766,r,10,1,37,1385.4053,11652.1784,27.792782,26.865914,-7.398469,83.752546,-73.793797,104.481072,-103.815397,True
241,1,2788,l,1,4,48,1795.7488,8061.6338,20.634151,-19.932503,5.447107,5.771208,-78.447957,-103.071789,-49.617545,True
241,1,2794,r,4,1,63,1750.8896,7900.54445,6.887569,5.794897,3.728972,-266.527109,-70.234491,56.479882,-33.776587,False
241,1,2799,l,2,4,4,2721.4092,3940.99644,4.957889,-4.360466,2.361731,-266.379864,-73.340869,-42.424941,-50.327292,False
241,1,2847,l,1,2,29,2367.6582,8651.77435,15.023566,-13.782435,6.038087,-209.126508,-67.109322,-122.434992,-12.748341,False
241,1,2861,l,1,3,41,2592.6914,5442.236629999999,14.459589,-13.974407,3.751795,-206.835363,-68.953154,-123.639273,-35.379558,False
241,2,37,r,4,4,54,1171.2289,10273.0222,9.250086,9.19624,1.000945,-177.235248,-69.236733,75.644129,-60.967112,False
241,2,76,l,1,4,48,2520.2932,6249.93149,16.536217,-16.087878,3.876039,-93.027609,-71.265953,-110.467458,-44.25694,True
241,2,105,l,2,1,17,1870.9287,7606.374180000001,10.964621,-8.864165,6.479605,-151.784733,-69.170897,-68.898587,-18.388654,False
241,2,118,l,1,4,48,1559.4187,8569.82727,24.27902,-23.291939,7.051887,43.270515,-80.652373,-106.217356,-47.422827,True
241,2,140,l,1,3,41,1533.3201,8759.72713,17.702853,-17.253417,4.02536,-122.121283,-71.924796,-127.99401,-41.556663,False
241,2,219,r,5,3,18,505.78485,17072.2383,30.381005,29.468134,7.747866,94.731488,-68.555739,110.334289,-38.040492,True
241,2,229,r,4,4,54,1584.0326,8418.28274,12.273762,11.618193,3.985116,-93.696173,-68.267879,78.88849,-40.978259,False
241,2,240,l,1,3,41,2895.4138,5076.06116,20.31782,-20.026007,3.503863,-103.962606,-71.090057,-143.593207,-45.415244,True
241,2,265,l,7,4,39,942.7224,10722.326,4.807332,-4.74863,-0.749828,-69.140297,-82.339312,-29.83361,-87.055826,False
241,2,269,l,4,2,59,1462.3217,8212.5806,4.161151,-4.117937,-0.598661,-99.567163,-76.633168,-28.047107,-80.714287,False
241,2,269,r,4,2,59,1462.3217,8212.5806,18.059762,15.561266,9.280842,62.834261,-69.418734,63.260301,-30.8844,True
241,2,296,l,1,3,41,3093.048,5730.79453,19.474018,-19.288055,2.737444,-116.122881,-71.555896,-142.127166,-50.982851,True
241,2,311,l,1,4,48,339.42087,20883.096,32.729439,-31.712483,8.55421,96.933109,-72.620649,-119.298656,-38.482959,True
241,2,341,l,2,1,17,1430.9557,10137.0915,23.214563,-19.941433,12.135386,63.473497,-67.024824,-82.186773,-15.208588,True
241,2,353,l,3,3,23,3531.2002,3427.28417,4.463075,-3.526628,2.737042,-164.807078,-66.3926,-28.029359,-44.60849,True
241,2,356,l,7,3,33,373.81406,16135.6263,27.57029,-25.103842,-11.787686,132.016301,-67.0636,-74.017891,-103.471785,True
241,2,399,l,2,2,10,2135.1616,7030.9787400000005,9.901452,-6.888158,7.130037,-115.981524,-72.175066,-49.04403,-21.022028,False
241,2,426,l,7,2,46,2445.7363,4794.29605,6.145795,-6.091487,-0.816758,-88.618497,-78.311938,-40.40575,-83.740202,True
241,2,433,r,10,4,50,3088.5093,2638.19211,21.377892,20.496065,-6.211843,-41.579395,-82.041071,123.946501,-120.57053,True
241,2,438,r,4,1,63,3522.4663,4186.328390000001,8.25514,6.252244,5.401179,-187.168392,-72.685123,52.277353,-27.299569,False
241,2,444,r,4,1,63,2533.7097,6485.51785,10.272113,7.458081,7.083596,-111.442447,-68.330612,52.552134,-18.019397,False
241,2,464,r,10,2,31,1940.0275,8067.40078,25.352442,25.082485,-3.815441,22.928907,-72.448936,125.005701,-92.114572,True
241,2,470,l,2,2,10,1810.9532,8059.1183,9.830168,-7.964299,5.780813,-103.155767,-72.697389,-55.004645,-32.507444,False
241,2,514,r,8,4,14,3547.3984,2820.4432,9.558981,6.824319,6.709401,-281.703974,-80.557154,68.417689,-12.822385,False
241,2,554,l,1,3,41,1374.3062,9037.7851,17.950454,-17.48546,4.124199,-149.207222,-73.439429,-138.35898,-40.235985,False
241,2,579,r,4,2,59,355.78574,18737.192,27.168715,23.23262,14.493922,97.637633,-74.789687,82.576282,-20.67506,True
241,2,589,r,4,4,54,3133.9353,5088.4882,12.504927,12.105176,3.160219,-86.081449,-77.635626,80.660411,-56.399122,True
241,2,595,r,4,1,63,3450.573,4165.83106,8.248062,6.44337,5.16003,-132.309636,-75.277301,47.69333,-36.898711,True
241,2,634,l,7,2,46,3848.4058,3041.69566,6.301171,-6.082189,-1.649836,-150.310063,-84.125959,-46.917138,-96.880019,True
241,2,636,r,8,4,14,3699.995,2892.13925,4.335884,4.053136,-1.541411,-51.49084,-82.24201,24.197631,-91.454291,True
241,2,682,l,1,3,41,2295.415,6731.5475,20.46282,-20.304799,2.593477,-45.441171,-71.526285,-124.115401,-55.325543,True
241,2,711,r,4,3,67,3626.0977,3437.85989,7.495732,6.506356,3.73004,-101.666858,-71.11137,44.668818,-45.411671,True
241,2,713,r,4,4,54,1276.8972,9603.532,12.320842,11.943701,3.047306,-52.953224,-73.756253,72.544822,-55.094895,False
241,2,751,r,4,2,59,2087.9236,7512.403,11.940906,9.851834,6.780935,-111.209278,-68.300473,69.674727,-19.880534,False
241,2,767,r,4,3,67,1551.8749,7945.34854,6.795938,6.353237,2.417669,-182.375335,-75.86129,52.595033,-55.793722,False
241,2,781,r,4,1,63,905.5672,11267.9532,9.579559,6.59657,6.961879,-145.964177,-81.387885,50.416329,-27.79784,False
241,2,783,l,8,1,1,2720.1843,5757.82774,4.722307,-4.697683,0.482164,-41.362491,-73.592609,-27.229466,-70.794612,True
241,2,793,l,1,4,48,291.77463,23652.7239,32.345089,-31.711247,6.732881,121.282568,-61.754637,-104.247767,-38.341303,True
241,2,798,l,2,1,17,2677.7615,6289.88449,14.872939,-12.170917,8.6136,-29.797679,-69.469714,-68.972807,-19.913336,True
241,2,799,r,4,3,67,298.375,18740.7378,20.855946,19.974284,6.126381,147.190556,-60.682718,51.905811,-44.3732,True
241,2,801,l,2,2,10,823.806,13578.8586,19.175793,-16.602214,9.733927,106.585411,-65.728359,-54.685982,-32.896218,True
241,2,802,l,1,4,48,2308.5422,5628.07584,19.768817,-19.233987,4.656266,-14.551505,-75.716559,-106.258662,-49.445468,True
241,2,862,l,2,2,10,3462.0505,4864.82945,7.646931,-6.615444,3.84411,-201.476887,-71.353265,-57.000075,-38.107987,False
241,2,899,l,1,4,48,1288.8964,10845.6592,12.174435,-11.948132,2.353629,-189.893239,-69.642857,-101.550482,-49.481645,False
241,2,911,l,1,4,48,2099.7422,7305.81444,19.876178,-19.822353,1.492079,-17.316176,-67.48518,-110.776085,-58.976163,True
241,2,1033,r,5,3,18,365.46298,19915.16299,30.257235,28.858724,9.511622,116.140678,-73.95258,95.812149,-40.691662,True
241,2,1034,l,2,2,10,2255.396,6727.6524,13.464125,-10.606846,8.341176,2.647152,-73.259919,-53.812162,-30.396355,True
241,2,1038,l,2,1,17,371.7893,18332.6833,25.433786,-21.886377,13.28784,110.898582,-80.524902,-71.948847,-34.94185,True
241,2,1059,r,10,1,37,390.6585,16551.9737,31.091399,30.80326,-4.447276,106.036887,-76.261653,109.678213,-92.919446,True
241,2,1087,l,7,2,46,2669.0337,5204.86502,11.948508,-10.537253,-5.665338,27.383813,-75.633053,-48.84967,-102.132061,True
241,2,1092,r,5,2,5,1990.64,6957.264,25.324389,23.81556,8.873473,-22.335545,-83.308612,137.857727,-30.007748,True
241,2,1098,r,4,2,59,1529.924,9175.7838,11.137704,9.978155,4.973486,-160.289946,-72.958243,79.221261,-33.171114,False
241,2,1099,l,7,2,46,2218.5298,5432.40986,6.26806,-6.206368,-0.878973,-159.429556,-74.887702,-48.874217,-81.823583,False
241,2,1116,r,5,3,18,2195.9963,6854.01715,21.949467,20.780013,7.230863,-23.419353,-79.106462,118.931748,-36.574109,True
241,2,1248,r,5,2,5,336.87656,20399.7429,21.190387,19.176742,9.190662,-98.523794,-78.460217,135.121488,-11.904903,False
241,2,1263,l,7,4,39,717.3283,12070.8611,19.018499,-14.904206,-11.950441,92.149467,-64.196368,-52.659509,-107.529822,True
241,2,1322,l,2,2,10,2714.5981,6367.45018,12.64914,-9.385081,8.518929,-10.884427,-71.632438,-49.730607,-25.951877,True
241,2,1362,l,1,4,48,2045.9434,9587.92611,22.15733,-21.905577,3.415728,1.987863,-74.617288,-115.812704,-56.089138,True
241,2,1367,r,4,4,54,1993.8262,6888.159540000001,15.820282,15.009521,5.058046,-5.26163,-71.231506,79.167704,-44.17492,True
241,2,1378,r,4,1,63,2285.827,6848.06487,9.84686,7.34334,6.578253,-116.845002,-63.135123,52.430876,-15.830036,False
241,2,1404,l,1,1,35,2354.4072,7049.6805,15.508388,-13.944054,6.856096,-215.166626,-75.18611,-125.42838,-12.602715,False
241,2,1407,l,7,4,39,957.3036,10321.0964,19.305425,-14.930579,-12.380354,68.962164,-61.25885,-58.939958,-111.473018,True
241,2,1412,l,2,4,4,2433.8875,5841.96184,8.187673,-7.308118,3.701868,-133.804745,-76.919343,-54.351671,-49.274674,False
241,2,1416,r,4,3,67,2867.884,4890.41092,4.889173,4.651727,1.506798,-157.073468,-68.50128,36.376938,-56.702307,False
241,2,1491,l,8,1,1,2102.589,4724.63973,55.832758,-55.309107,-9.33567,-28.596289,-69.339923,-460.267767,-161.364756,True
241,2,1550,r,10,2,31,3686.2478,3741.32306,18.0127,17.781315,-2.92554,-104.489379,-71.137449,126.514788,-92.309114,True
241,2,1561,r,4,4,54,3881.751,3572.49785,8.040102,7.331084,3.310336,-285.463443,-78.016654,74.035915,-44.45715,False
241,2,1583,r,10,3,43,3070.7104,2444.71427,18.890992,18.071443,-5.598159,-31.511762,-79.838291,104.908905,-112.987603,True
241,2,1591,r,5,3,18,2046.6244,7789.59743,14.715634,13.858443,4.99828,-138.33534,-76.082016,105.672638,-37.497307,False
241,2,1652,l,7,2,46,3552.148,3370.22555,7.501902,-7.283347,-1.802476,-110.458908,-79.14424,-51.181668,-91.848998,True
241,2,1659,r,4,4,54,766.39874,14528.80111,24.119798,24.026727,2.182572,114.763035,-73.237204,78.118491,-65.925108,True
241,2,1708,l,1,3,41,336.60327,21036.2409,35.542755,-34.8535,7.453591,81.96043,-72.739453,-144.879546,-39.572272,True
241,2,1720,r,10,2,31,3816.0325,3942.33816,19.74998,19.61576,-2.345277,-101.109186,-77.018973,139.388946,-94.024002,True
241,2,1739,r,4,4,54,2329.4268,6594.52757,15.047984,13.731877,6.214519,-38.217141,-78.716082,80.204199,-41.92453,True
241,2,1785,r,4,1,63,2423.102,5897.47006,12.880939,10.018661,8.137704,8.63423,-67.818386,49.706873,-26.962172,True
241,2,1844,r,5,1,12,1557.7213,8831.4324,20.372712,19.073564,7.295864,-47.119509,-74.971262,116.563926,-29.302782,False
241,2,1865,l,1,1,35,1576.3063,10744.4076,27.296623,-25.611676,9.778266,-14.283135,-79.040728,-145.864301,-20.88682,True
241,2,1920,l,2,2,10,1395.8177,9554.7148018,8.592161,-5.7021,6.438038,-114.198671,-74.198019,-40.359356,-28.361331,False
241,2,1922,l,1,3,41,2171.625,7200.7253,23.384968,-22.863033,5.050502,-38.099658,-70.800207,-138.345325,-39.331472,True
241,2,1955,l,7,2,46,1213.5928,8931.3674,13.162367,-12.431057,-4.360751,41.019692,-70.833563,-54.883371,-90.275805,True
241,2,1963,l,1,4,48,1763.3022,8667.26745,14.946343,-13.986283,5.323776,-116.846359,-76.853663,-101.33474,-37.783076,False
241,2,2024,l,7,2,46,311.04388,17105.7951,21.281914,-20.214926,-6.797938,116.084787,-72.165701,-64.039784,-94.258326,True
241,2,2032,l,2,3,24,1236.8657,12601.63605,10.430681,-10.040428,2.841076,-142.039809,-68.15131,-76.49464,-46.377082,False
241,2,2039,r,4,3,67,1190.568,9540.0459,16.320712,14.252797,8.035074,67.964716,-73.320574,56.401316,-40.981501,True
241,2,2077,l,2,3,24,2346.082,6590.23607,10.43584,-9.632581,4.034079,-120.18849,-72.43719,-69.61814,-43.095142,False
241,2,2117,l,2,2,10,3127.3447,4576.33056,8.147512,-6.108943,5.401247,-215.917261,-69.547302,-54.146826,-21.439746,False
241,2,2132,r,6,2,52,294.76407,6325.62846,6.828831,6.304375,-2.629778,52.306636,-84.536678,26.259961,-95.520487,False
241,2,2134,l,1,1,35,3126.6794,3459.97336,20.308486,-18.884525,7.610824,-139.171889,-79.187592,-146.808886,-18.578922,True
241,2,2135,r,4,1,63,1959.1168,6488.75701,8.164968,5.30233,6.21792,-242.135227,-72.305809,49.386518,-14.07987,False
241,2,2141,r,5,3,18,1082.7814,11183.7576,26.801908,26.002971,6.734059,70.283535,-78.479369,107.176983,-49.614215,True
241,2,2165,l,1,2,29,2884.836,5552.73635,13.454292,-12.356591,5.364744,-204.839519,-74.342043,-108.404558,-26.771136,False
241,2,2231,r,10,1,37,569.77026,14677.8363,28.226136,27.925738,-4.283062,107.819895,-80.353819,96.564203,-95.79601,True
241,2,2239,l,7,3,33,2172.1172,6435.89385,15.389413,-13.672719,-7.131683,5.131612,-68.142852,-69.299746,-104.824558,True
241,2,2273,l,7,1,27,2607.0234,4819.92141,12.069322,-12.040849,-0.834742,-59.990668,-76.134846,-74.65365,-81.348935,True
241,2,2279,l,7,2,46,1726.5685,8196.22497,13.932252,-13.700114,-2.557274,37.753829,-69.002477,-61.49152,-80.598341,True
241,2,2485,l,2,1,17,3547.8835,4832.72006,13.313954,-11.057482,7.462394,-139.854998,-71.574636,-84.002979,-14.205106,True
241,2,2494,l,2,1,17,2390.19,6675.85162,16.502049,-15.167981,6.577715,-29.487903,-71.039321,-86.61125,-32.869505,True
241,2,2497,l,2,2,10,1854.2115,8516.19514,10.070223,-6.915219,7.338334,-57.050806,-69.88697,-42.0913,-24.865192,False
241,0,28,l,2,3,24,1244.9795,9265.8785,10.663628,-10.50987,1.814558,-85.913127,-71.98141,-69.73836,-59.869055,False
241,0,120,r,10,2,31,3928.5945,3258.72945,13.893465,13.705186,-2.301671,-187.765816,-78.009125,116.512566,-97.774921,True
241,0,129,l,7,2,46,1070.1809,9575.2395,10.952037,-10.665348,-2.504009,71.116908,-74.389901,-41.221301,-84.13015,True
241,0,133,r,5,3,18,2160.4775,8770.40997,20.132626,19.470936,5.22145,11.698432,-78.736579,98.392906,-51.761406,True
241,0,159,r,5,2,5,296.06738,21292.8285,35.969702,33.579381,13.726001,100.555441,-82.096524,125.76842,-26.555093,True
241,0,163,l,1,1,35,3485.1443,4191.28125,17.656668,-16.975081,4.931602,-149.666148,-73.268293,-134.210369,-33.603177,True
241,0,195,l,7,2,46,754.6132,12448.9867,17.414646,-15.606665,-7.824673,99.83426,-72.615791,-53.119075,-99.749059,True
241,0,208,l,2,2,10,1966.6869,7447.17611,11.024955,-8.62461,6.89388,-90.074596,-70.235321,-57.647872,-23.756856,False
241,0,223,l,2,4,4,2606.303,5911.8849,7.448693,-7.088432,2.294348,-161.184121,-73.871331,-56.105452,-55.655252,False
241,0,232,r,5,1,12,694.2773,16387.8101,31.361279,27.733219,15.263205,81.8858,-77.377579,109.416363,-13.217104,True
241,0,277,l,2,4,4,281.94308,20976.4625,18.000766,-17.195632,5.405643,119.350574,-67.174454,-52.810567,-50.270798,True
241,0,427,r,4,3,67,3619.7847,1959.47574,5.659305,5.350647,1.846136,-243.063448,-70.325266,49.926103,-53.068206,False
241,0,450,l,2,4,4,871.0983,14131.8319,7.453433,-7.30116,-1.502984,-33.454717,-78.333756,-41.442164,-86.88995,False
241,0,458,r,5,1,12,2880.9827,5789.55496,18.68787,16.340306,9.194526,-63.191641,-77.274946,103.550223,-17.698579,True
241,0,459,l,7,2,46,334.0382,15827.8224,18.499103,-17.524258,-6.021268,113.573643,-73.425164,-55.709148,-92.94024,True
241,0,463,r,4,3,67,3046.9763,4709.695900000001,5.707072,5.627629,0.950459,-110.034758,-72.048397,39.418519,-65.379612,True
241,0,513,r,4,3,67,2744.959,5268.96483,6.243272,5.69797,2.556001,-104.09942,-68.879297,39.32225,-51.199243,True
241,0,543,l,7,2,46,3337.3923,3547.42952,7.498676,-7.464413,-0.718052,-118.926299,-79.629886,-53.577802,-84.798775,True
241,0,546,r,4,2,59,1499.9675,8612.72205,19.941065,18.619217,7.269545,56.826196,-71.052908,78.558729,-39.665868,True
241,0,579,l,2,2,10,1288.3097,9913.365,9.578649,-8.264223,4.859756,-97.455731,-68.195357,-56.276614,-34.907142,False
241,0,603,r,4,3,67,1059.4407,11427.0844,5.067709,4.513989,2.305772,-177.540313,-69.475463,36.911078,-50.591351,False
241,0,644,l,2,2,10,3616.5325,3868.83225,8.681702,-6.552918,5.707317,-182.61193,-74.718658,-54.289539,-27.174145,False
241,0,736,r,4,3,67,847.9844,11060.7049,17.829984,17.003307,5.447259,124.028427,-71.773382,50.753078,-55.222858,True
241,0,743,l,2,1,17,984.0447,11711.6799,22.272999,-18.190448,13.07662,62.82423,-79.722372,-74.649629,-24.178784,True
241,0,746,r,5,2,5,2586.2183,5660.52546,17.509306,16.585853,5.691736,-138.933188,-69.016955,127.755222,-24.410268,False
241,0,747,l,8,1,1,2350.4685,5813.8127,4.338816,-4.215694,-1.027206,-49.673724,-76.419665,-25.037624,-82.526553,True
241,0,760,r,4,3,67,2376.8958,5742.54227,6.588059,5.949223,2.835169,-239.04722,-76.327601,55.131113,-49.985472,False
241,0,782,r,4,4,54,2498.6353,5829.50444,7.412117,6.680911,3.217433,-238.484725,-77.141893,61.904187,-47.23059,False
241,0,817,l,1,4,48,1022.52203,14061.64849,27.992161,-26.821563,8.325267,62.376678,-73.834666,-115.088359,-36.509951,True
241,0,831,r,5,2,5,2286.435,7297.44342,23.540165,22.025275,8.523258,-19.898793,-66.09225,125.366288,-15.992604,True
241,0,867,l,1,2,29,399.97073,20239.7181,32.135107,-29.246932,13.94789,112.44973,-75.067515,-99.420439,-24.528083,True
241,0,878,r,8,3,7,1105.7511,10395.14541,23.281326,19.598583,12.821821,-63.677127,-76.118396,125.928906,9.326949,False
241,0,887,r,5,3,18,527.0347,16002.7183,28.198676,27.940124,3.97327,97.476904,-71.574549,102.108415,-56.437914,True
241,0,932,l,1,1,35,2083.4524,7142.7501,23.796082,-23.073442,5.985753,-10.162205,-67.126666,-127.86562,-32.917157,True
241,0,937,l,2,2,10,395.2998,17344.6904,16.287494,-13.696824,8.899227,83.598816,-70.921822,-50.303065,-37.657137,True
241,0,938,l,1,3,41,1125.8259,11031.4955,30.617796,-30.530065,2.436695,49.607597,-71.306037,-141.771909,-59.429903,True
241,0,943,r,4,4,54,1404.5177,8940.1123,8.514078,7.9978,2.929255,-173.995555,-77.477338,65.192151,-53.501606,False
241,0,951,l,10,1,37,1459.538,10068.40075,4.759421,-4.575297,1.312404,-105.930401,-70.118195,-31.684001,-61.018521,False
241,0,956,r,4,3,67,1937.7454,6828.23569,5.336275,5.135094,1.453375,-216.671321,-76.982583,45.532041,-64.075708,False
241,0,961,r,5,3,18,711.57385,13679.6524,31.238926,30.894012,4.876716,96.082373,-77.845633,116.029782,-58.564821,True
241,0,969,r,4,3,67,1667.16,7708.066330000001,6.189256,5.972605,1.626183,-259.81406,-80.163718,57.522008,-64.469373,False
241,0,986,l,1,3,41,2948.8435,5284.00586,18.083301,-18.010775,1.645466,-91.064362,-70.77819,-123.894547,-59.267426,True
241,0,1031,r,5,3,18,1335.3313,9098.46237,25.183619,24.644188,5.354427,47.60556,-77.423707,111.203044,-52.428499,True
241,0,1037,l,2,4,4,2983.7983,5232.65798,7.596097,-7.417105,1.643887,-113.640691,-70.415721,-52.546311,-58.733844,True
241,0,1039,r,4,3,67,1292.8058,8798.479299999999,8.98708,8.909211,1.185289,26.464865,-66.015201,41.311909,-60.496033,True
241,0,1059,l,6,1,57,1264.026,9080.28055,28.716313,-27.477006,-8.69081,52.362786,-65.093897,-123.584918,-106.03704,True
241,0,1066,r,5,3,18,393.5072,18077.4923,28.205094,28.130047,2.145653,109.632767,-65.247376,96.428722,-57.584563,True
241,0,1075,l,2,1,17,670.8635,15561.293,23.591521,-18.965947,14.296995,102.661091,-77.000197,-64.38144,-26.51799,True
241,0,1097,r,4,2,59,2966.2114,5007.39438,13.772964,12.713527,5.341425,-69.4136,-69.536159,81.086522,-35.087669,True
241,0,1115,l,1,4,48,1671.4895,8108.9929,21.779441,-20.809637,6.574353,10.144297,-83.697739,-106.361073,-49.193415,True
241,0,1116,r,4,3,67,3066.71,4605.78702,7.545082,6.413686,3.982363,-213.543995,-74.872684,56.603304,-39.596427,False
241,0,1120,l,8,1,1,3216.6477,5037.98454,6.707566,-6.489194,1.701234,28.204467,-73.453873,-29.777818,-65.628183,True
241,0,1217,r,4,3,67,2494.6003,5339.37381,6.741782,5.651054,3.682557,-150.12563,-72.101767,43.550677,-43.636328,False
241,0,1227,r,5,3,18,463.09705,17614.8772,31.531676,30.606761,7.978295,112.412432,-72.989643,105.05328,-44.071057,True
241,0,1242,r,5,1,12,890.37366,12500.9296,30.327056,28.137465,11.808368,67.322329,-80.404566,119.085988,-27.611704,True
241,0,1260,r,4,3,67,805.78235,11747.77693,21.478439,21.316242,2.698195,158.775249,-67.547046,51.205252,-60.908643,True
241,0,1286,l,7,4,39,1718.4645,7763.13349,14.541341,-11.900383,-8.417527,12.746374,-64.655477,-58.428439,-106.584554,True
241,0,1329,l,7,1,27,758.1186,11267.512,24.276193,-23.278681,-7.087614,92.27004,-73.39073,-85.06877,-100.154647,True
241,0,1332,r,5,3,18,2033.4479,7128.51026,14.351155,13.934123,3.469022,-163.909168,-70.954496,112.618095,-42.604293,False
241,0,1384,r,4,1,63,456.4332,16247.499,26.281759,22.499297,13.952103,155.949736,-65.133002,55.523511,-29.085754,True
241,0,1385,l,1,2,29,1955.3987,10028.68158,24.30876,-22.839453,8.55568,11.738598,-67.214212,-117.195853,-21.789821,True
241,0,1412,r,10,2,31,2783.1204,5503.830739999999,14.618249,14.395986,-2.566717,-172.481789,-77.66284,118.710601,-99.066887,False
241,0,1432,r,10,1,37,4365.3804,2885.04666,12.622526,12.449871,-2.097223,-209.526127,-79.659496,110.283838,-98.39255,True
241,0,1455,l,2,1,17,715.24915,13932.7927,26.258531,-21.768918,15.056161,92.444453,-73.6708,-78.892292,-16.447602,True
241,0,1461,l,2,1,17,466.79648,18145.88959,8.923756,-7.67141,4.572529,-210.595024,-70.839533,-67.428763,-30.442616,False
241,0,1463,r,4,1,63,2940.9055,5469.35653,10.617432,8.265105,6.687964,-121.92686,-66.673586,59.837434,-17.864066,True
241,0,1492,l,2,4,4,2153.4893,6194.18485,10.888554,-10.137305,3.995327,49.290219,-73.903126,-43.038658,-56.824163,True
241,0,1518,r,4,4,54,3052.4011,4458.97231,9.009925,8.993823,0.540649,-226.204918,-68.96761,81.701781,-64.035867,False
241,0,1520,r,4,4,54,3739.4097,3205.43697,12.54337,12.317876,2.386229,-111.317688,-64.678942,87.632574,-47.561305,True
241,0,1529,l,8,1,1,3808.596,3440.43192,3.744088,-3.674553,0.718722,-123.297922,-65.921275,-26.542457,-60.725889,True
241,0,1645,r,4,3,67,471.18573,15430.8991,17.677528,14.758276,9.840923,134.301251,-70.839587,41.01611,-42.909777,True
241,0,1660,l,2,2,10,2198.6362,7267.1636,9.891029,-8.487761,5.097137,-133.860554,-73.052448,-63.253822,-34.826577,False
241,0,1668,l,7,2,46,3241.0503,3710.48173,7.528274,-7.458025,-1.028963,-77.067797,-78.985976,-48.051842,-85.635031,True
241,0,1688,l,2,2,10,328.26736,20217.9467,22.763772,-19.476006,12.020787,123.805282,-71.601078,-58.774323,-34.064477,True
241,0,1716,l,2,2,10,2795.8325,5269.35663,8.47425,-7.288729,4.33461,-211.927412,-69.465795,-64.198032,-31.110835,False
241,0,1716,r,2,2,10,2795.8325,5269.35663,8.913906,8.504946,-2.678879,-260.463695,-78.698382,82.315935,-104.74061,False
241,0,1741,r,8,2,20,2459.2036,4997.12326,3.528209,3.446753,-0.754212,-77.242296,-78.875368,22.118955,-83.718598,True
241,0,1787,l,2,3,24,305.68976,18224.4259,22.070402,-20.593899,8.115327,93.951185,-82.148243,-73.66608,-52.284472,True
241,0,1793,r,4,3,67,763.2313,12122.5597,5.895434,4.667121,3.605954,-210.980633,-75.07782,40.898687,-43.40149,False
241,0,1837,l,2,2,10,3538.0215,4438.89963,7.996585,-6.579984,4.554171,-224.837996,-75.005694,-59.386536,-33.72533,False
241,0,1844,r,5,1,12,2650.1755,6142.43752,11.630335,10.485168,5.060894,-236.287101,-72.019189,97.400636,-24.619886,False
241,0,1853,r,4,1,63,3774.9312,3857.53949,7.202368,5.287572,4.89733,-129.933996,-70.374455,38.864232,-34.239362,True
241,0,1878,l,1,3,41,2438.155,6415.85466,16.071205,-15.418498,4.589632,-167.469741,-74.047677,-126.167071,-35.952803,False
241,0,1882,r,4,2,59,2770.3184,5483.81484,9.884662,8.976517,4.15575,-200.954914,-73.766146,77.553366,-37.651547,False
241,0,1917,l,1,2,29,1715.4521,8669.8493,26.227988,-23.147011,12.688861,31.94573,-75.071107,-110.319815,-11.882013,True
241,0,1924,l,7,1,27,890.08417,10847.2982,21.750438,-21.591686,-2.688131,99.234456,-81.767808,-75.497404,-91.400396,True
241,0,1947,l,7,2,46,2424.5713,5457.62152,7.454563,-7.42712,-0.64086,-139.072719,-75.475101,-55.933347,-80.315139,False
241,0,1961,l,2,4,4,699.7639,12642.3425,18.816553,-16.569919,9.044192,123.619935,-75.522019,-49.504953,-47.890992,True
241,0,2028,r,4,3,67,3516.7988,2801.51914,8.370514,7.5596,3.604645,-117.725499,-76.135979,54.10961,-50.225681,True
241,0,2060,l,1,3,41,1621.8691,9485.08645,18.821636,-18.707936,2.103685,-129.045797,-72.309475,-141.903875,-56.058152,False
241,0,2064,l,2,4,4,2591.962,5930.15545,11.712322,-10.761837,4.649329,-17.998668,-66.83902,-58.5413,-41.342692,True
241,0,2069,r,4,3,67,3809.586,3162.5929,5.414137,5.17407,1.596501,-206.391842,-71.024683,44.948695,-57.132937,False
241,0,2073,l,7,1,27,594.00793,12617.7431,22.725326,-21.546803,-7.401748,105.589198,-75.609973,-72.815415,-101.36639,True
241,0,2092,r,4,4,54,921.2195,11191.9195,7.729566,6.915166,3.461927,-250.581237,-75.173807,65.562708,-42.23135,False
241,0,2099,l,7,2,46,2750.7793,4172.77815,9.365287,-8.479387,-3.990624,-63.380123,-67.213484,-52.683044,-92.138574,True
241,0,2126,l,2,4,4,767.1153,13424.3023,13.443086,-13.131981,2.900957,108.761852,-62.39402,-42.282091,-52.963234,True
241,0,2195,l,2,2,10,2229.7104,6855.59385,8.505975,-6.156052,5.88115,-218.235984,-70.214251,-54.817694,-17.558522,False
241,0,2224,l,7,2,46,3634.3801,3438.85783,5.615608,-5.56429,-0.75865,-193.291003,-76.033724,-47.083002,-82.46362,False
241,0,2225,r,10,1,37,3530.2432,4267.1709,13.507696,13.460136,-1.14312,-194.233856,-77.651022,115.897997,-87.586258,False
241,0,2227,l,2,1,17,2123.598,6736.94768,17.078957,-14.365324,9.336252,-12.967307,-73.129869,-77.593366,-21.712575,True
241,0,2262,l,2,3,24,999.0486,11901.3793,22.10564,-21.375845,5.769986,90.246571,-72.647528,-78.185383,-50.971955,True
241,0,2281,l,1,2,29,759.62555,15071.7575,24.0983,-22.31192,9.34751,-0.535337,-77.947213,-119.227843,-26.252473,False
241,0,2307,r,10,2,31,2819.6743,4979.40097,22.840495,22.693124,-2.661733,-16.364953,-75.576605,128.112035,-91.014478,True
241,0,2342,l,1,2,29,2405.6624,7672.02221,23.177621,-21.816303,8.024818,-11.825013,-64.802032,-120.821025,-18.967289,True
241,0,2370,r,4,2,59,3372.152,4984.32092,9.498299,8.12559,4.935185,-237.115683,-72.14204,75.25988,-26.164608,False
241,0,2381,r,4,2,59,2175.5422,7491.19507,15.793103,13.302998,8.58982,-14.196082,-77.328293,71.925711,-30.111263,True
241,0,2407,l,1,4,48,1779.2352,8381.77123,23.127109,-22.704387,4.522893,27.773211,-67.272812,-109.715433,-44.787248,True
241,0,2428,l,2,2,10,1867.1398,7985.331999999999,15.213399,-13.506675,7.067306,64.270898,-66.157999,-54.220576,-37.376735,True
241,0,2441,l,6,1,57,920.55646,11212.1951,29.23369,-28.536109,-6.633409,66.002479,-63.207838,-121.803579,-92.859841,True
241,0,2459,l,2,3,24,1349.9407,7551.224200000001,9.820645,-9.36082,2.983195,-232.143074,-72.395947,-86.073425,-44.817909,False
241,0,2475,l,6,1,57,259.79517,19667.7004,34.516176,-34.319189,-3.93118,82.853654,-68.364403,-141.407341,-85.600042,True
241,0,2513,r,4,2,59,3621.2295,3604.46316,11.362395,10.599028,4.118081,-166.057164,-71.784395,85.340769,-38.379208,True
241,0,2528,l,2,2,10,419.60663,17259.4755,22.340493,-19.995254,10.175152,158.192763,-57.375633,-47.961547,-32.201291,True
241,0,2574,l,7,2,46,2300.755,6091.49631,7.509426,-7.425291,-1.124109,-127.401938,-76.445552,-54.398408,-84.70504,False
241,0,2609,r,10,1,37,2489.3015,6669.26198,12.868905,12.787925,-1.453577,-165.750062,-75.942062,103.442872,-87.800933,False
241,0,2620,r,4,1,63,1335.4192,8927.25437,15.40525,10.165872,11.636345,78.650863,-61.7084,37.897761,-17.490741,True
241,0,2631,l,7,2,46,368.56296,15195.6911,16.118639,-15.884478,-2.773447,126.357354,-84.023172,-46.566908,-92.265338,True
241,0,2675,r,5,2,5,959.3199,12986.7172,27.176677,24.839502,11.394261,-5.912694,-78.559387,136.978509,-12.844341,False
241,0,2689,r,10,2,31,2410.3628,6105.17321,25.130802,24.582077,-5.393207,10.000584,-65.884028,128.087811,-94.952891,True
241,0,2690,r,5,3,18,1858.7151,6798.98173,20.576625,20.11082,4.446509,12.835904,-76.516176,101.487011,-53.563812,True
241,0,2707,l,1,3,41,2342.377,7841.20144,22.470698,-21.970929,4.834032,-59.078955,-72.954584,-140.831062,-41.120827,True
241,0,2752,r,4,2,59,2203.456,6925.857,10.651411,9.338372,5.146107,-192.07907,-68.432631,79.275025,-24.434065,False
241,0,2753,r,4,3,67,412.6204,17282.414,17.425057,14.6535,9.534244,118.62142,-70.379887,44.811699,-40.627912,True
241,0,2774,r,4,1,63,1825.739,7841.62496,8.885557,5.204245,7.21195,-155.208449,-70.802391,40.550402,-14.231941,False
241,0,2813,r,10,1,37,544.6448,15011.4561,25.776371,25.553432,-3.502576,93.443444,-76.585671,93.97777,-89.920856,True
241,0,2872,r,5,3,18,358.0151,17740.3203,32.275098,31.950771,4.82678,107.845654,-72.752208,113.605164,-54.624199,True
242,1,20,l,1,4,48,2338.9219,6704.41063,11.077157,-10.947812,1.698236,-221.457631,-66.034093,-98.933915,-50.589058,False
242,1,30,r,5,3,18,1783.0999,8206.72065,13.284995,12.70122,3.927297,-168.983017,-75.940602,103.446557,-43.640193,False
242,1,46,r,8,4,14,2278.8088,4780.23766,6.840398,6.592413,-1.829182,46.415437,-78.47288,28.151011,-86.303801,True
242,1,151,r,4,1,63,2394.648,6380.57125,7.216425,5.05405,5.157755,-235.597138,-71.675169,46.483449,-24.047619,False
242,1,186,l,1,2,29,2677.9846,8170.23338,19.407737,-17.921786,7.573298,-51.588815,-70.600082,-110.473634,-22.868358,True
242,1,201,l,2,2,10,2969.9006,5519.86084,8.010004,-5.913398,5.412581,-155.177411,-70.965481,-46.109826,-28.559544,False
242,1,204,l,2,3,24,910.6143,12354.1182,23.832399,-23.760926,1.900277,103.91141,-66.862261,-81.923301,-60.116344,True
242,1,246,l,7,1,27,712.79767,12573.2265,22.974819,-22.788477,-3.001302,107.589111,-78.281434,-76.635311,-88.655097,True
242,1,258,r,10,2,31,4088.7468,3138.74823,16.466235,16.434109,-1.042545,-165.482646,-78.493797,134.350531,-87.135658,True
242,1,265,l,1,2,29,816.31104,15235.1592,31.558582,-28.243269,14.701408,68.45275,-75.38088,-119.008094,-9.397685,True
242,1,275,r,10,1,37,4290.456,3382.83712,10.59961,10.420222,-1.952654,-231.940365,-74.807738,95.98441,-92.900881,False
242,1,287,l,2,1,17,287.92255,20202.0651,28.723179,-26.565051,11.344568,141.75,-71.615601,-74.125,-38.361676,True
242,1,288,l,2,2,10,1122.0673,12317.7244,13.583033,-8.251789,10.826831,-63.328543,-83.460154,-51.241466,-15.180731,False
242,1,310,r,5,2,5,3533.5117,4867.10762,18.722448,17.445663,6.903799,-168.633939,-73.131745,144.128674,-14.922563,True
242,1,311,l,7,2,46,537.3168,14945.3844,16.031713,-14.958959,-5.832878,101.726957,-65.986447,-50.303094,-85.894343,True
242,1,324,r,4,3,67,1185.6399,10398.2731,16.170749,14.493232,7.250277,110.004428,-71.538528,46.527338,-47.886645,True
242,1,330,r,4,1,63,2443.152,5854.97449,8.966462,6.144828,6.542393,-198.882692,-74.104283,52.633388,-17.712685,False
242,1,332,l,6,1,57,605.7996,14383.04679,36.720995,-35.859386,-8.499192,98.300485,-72.561388,-138.560322,-107.90801,True
242,1,336,l,8,2,20,1009.8588,8853.3379,6.17595,-6.01692,1.39506,5.108404,-71.10721,-30.028378,-64.130755,False
242,1,364,r,5,3,18,1608.7478,7919.714660000001,14.099384,13.334513,4.622854,-177.194575,-78.298491,110.737311,-39.474652,False
242,1,387,l,2,2,10,529.9778,17496.7089,21.450089,-13.410074,16.897911,87.118483,-80.523109,-48.370893,-17.163581,True
242,1,394,l,1,4,48,1737.062,8985.49681,22.430668,-21.397762,6.892166,32.914339,-79.708079,-100.739186,-46.332379,True
242,1,397,r,4,3,67,3171.1062,4006.24716,6.677855,6.494981,1.555426,-95.893696,-69.940926,43.93279,-59.394688,True
242,1,422,l,2,3,24,2831.4229,5261.76542,8.755175,-8.279364,2.856943,-201.779805,-70.930367,-71.562035,-46.129901,False
242,1,445,l,7,2,46,1620.2097,6703.9592,8.114757,-7.106101,-3.928339,-60.742187,-74.49172,-43.725178,-98.763652,False
242,1,456,r,4,3,67,2064.7937,6248.93346,8.877363,7.974861,3.912567,-114.357497,-79.689612,56.647831,-51.76411,False
242,1,476,l,7,1,27,711.1453,13223.865,17.906786,-17.695011,-2.790848,97.676416,-75.747526,-61.359832,-85.588523,True
242,1,489,l,6,1,57,2110.9082,5201.90936,23.958893,-23.877398,-2.034945,-39.035145,-81.171376,-145.653047,-93.956718,True
242,1,530,l,2,2,10,592.24457,16590.85983,17.540304,-14.963113,9.258981,127.341289,-64.190529,-43.472052,-36.743019,True
242,1,550,r,10,2,31,3970.7812,2941.7753,17.136817,17.030988,-1.930375,-147.958985,-74.267909,134.156549,-89.705961,True
242,1,557,r,3,4,3,1497.5115,8437.75919,10.71712,10.449773,2.392175,119.60574,-50.290164,31.426232,-43.051787,True
242,1,584,l,8,3,7,2487.1094,4439.54949,8.407607,-6.831053,-4.913157,49.026427,-75.993182,-28.866826,-96.855749,True
242,1,585,r,10,1,37,2964.2139,4492.38318,11.876936,11.835502,-0.998356,-193.13628,-83.282144,101.244895,-91.884334,False
242,1,595,l,2,4,4,2128.8264,5942.72654,9.060023,-8.816822,2.093395,-8.215432,-70.535048,-46.255848,-59.50406,True
242,1,681,l,1,3,41,1668.6683,8828.304900000001,25.226378,-24.792937,4.810817,-13.319522,-77.644591,-140.107924,-49.524628,True
242,1,692,l,6,1,57,486.01526,13727.0766,22.074682,-21.967659,-2.226881,-47.031852,-70.809787,-135.948462,-84.941644,False
242,1,702,l,1,1,35,1987.1349,8145.53704,22.705079,-21.374744,7.843818,-41.561527,-66.181538,-129.768975,-17.131046,True
242,1,743,r,4,4,54,1815.1364,7433.05606,9.213165,8.508175,3.547683,-220.42819,-74.586265,76.358457,-42.588597,False
242,1,775,l,1,4,48,1171.2887,10376.9106,16.154598,-15.40016,4.939307,-64.751082,-79.170403,-97.715796,-47.37055,False
242,1,782,l,1,3,41,1796.4852,9115.56945,27.094955,-26.906618,3.315235,1.432949,-66.802478,-146.440331,-48.057599,True
242,1,786,l,7,2,46,2416.4602,6429.24646,13.861712,-12.832055,-5.287215,44.954929,-75.899166,-55.817064,-99.157018,True
242,1,788,r,4,1,63,1796.6268,7710.1103,6.153159,4.371098,4.334899,-232.583322,-78.065154,39.945437,-38.336242,False
242,1,842,l,1,4,48,2033.8484,6751.278920000001,15.414755,-15.2487,2.283757,-116.532856,-73.644625,-110.823669,-56.84039,False
242,1,847,l,1,4,48,3714.5852,4099.76823,14.899375,-14.638514,2.806677,-179.188418,-75.506478,-122.551277,-51.732821,True
242,1,859,l,7,2,46,1832.511,5851.1048,14.343424,-13.577008,-4.669966,41.072827,-73.205364,-60.116094,-94.124108,True
242,1,928,r,5,3,18,2384.4587,6019.24927,10.811174,10.783546,0.777026,-253.217033,-67.948401,103.462523,-60.448581,False
242,1,947,l,2,3,24,2316.3342,6139.1067,9.738132,-9.516923,2.073401,-162.571172,-76.432008,-75.871866,-59.818708,False
242,1,984,r,5,2,5,2048.1665,7116.10975,20.256473,19.042855,7.038012,-117.226982,-77.026663,140.560289,-23.840595,False
242,1,988,l,1,4,48,1697.9757,8139.05361,18.354098,-17.799069,4.553874,-52.668311,-76.965139,-110.012618,-48.300275,False
242,1,988,r,1,4,48,1697.9757,8139.05361,32.592505,31.066558,10.390138,-55.414471,-77.182077,208.092457,-3.242901,False
242,1,994,r,4,4,54,2796.0215,4634.72309,9.391826,9.01103,2.658212,-130.042241,-78.03344,66.611049,-58.288083,False
242,1,1000,l,7,2,46,403.175,15556.7349,20.254162,-20.005843,-3.228705,117.535237,-76.265285,-62.791958,-86.619005,True
242,1,1034,r,4,3,67,2860.0771,5313.90776,10.024256,9.166336,4.075039,-39.912753,-73.61947,53.235304,-49.811463,True
242,1,1084,l,1,1,35,3059.187,5730.54774,18.512047,-17.262771,6.789497,-115.864624,-70.536021,-126.123513,-19.935697,True
242,1,1128,l,2,4,4,3449.3953,4401.07942,7.802427,-7.766045,0.754921,-154.114348,-70.9569,-60.567989,-65.050805,True
242,1,1150,r,4,1,63,2132.984,5760.22294,7.700596,5.254009,5.637709,-149.722177,-74.30942,40.43582,-30.718938,False
242,1,1153,l,2,2,10,1932.5155,6929.837460000001,14.750195,-9.612434,11.241004,-20.105575,-91.717572,-52.519657,-29.20669,True
242,1,1204,l,1,3,41,3371.075,4950.59477,18.344125,-17.903739,4.062501,-132.999261,-74.457323,-136.655526,-42.885737,True
242,1,1211,l,1,4,48,1571.108,8482.33594,14.470454,-13.987524,3.744726,-182.584251,-73.47988,-117.719193,-41.603573,False
242,1,1216,l,1,3,41,1520.5659,10923.27541,26.473931,-25.676421,6.679886,27.981996,-76.273197,-125.96797,-42.224258,True
242,1,1245,l,2,2,10,1250.9489,10387.6554,11.136551,-6.401285,9.132041,-136.858522,-85.461,-47.889552,-16.414008,False
242,1,1276,l,6,1,57,2155.3774,6333.55951,24.13026,-23.67727,-4.793767,-8.437331,-71.098053,-130.863643,-98.426274,True
242,1,1288,r,5,3,18,1503.9453,9714.45566,16.747679,16.285307,3.962163,-90.648626,-70.536597,111.203493,-43.06959,False
242,1,1290,l,1,4,48,1984.1122,9452.09683,15.259835,-14.888783,3.383126,-158.529488,-69.682193,-119.250449,-42.246064,False
242,1,1309,r,4,4,54,1324.5035,8508.13223,18.609708,18.584503,-0.985802,64.028167,-59.865762,75.97989,-63.968014,True
242,1,1344,l,7,4,39,401.0491,14673.8223,23.751455,-21.004227,-11.348592,146.636766,-81.590854,-55.044126,-112.412063,True
242,1,1356,r,4,1,63,2619.1785,5777.00752,9.087967,6.762985,6.084851,-157.271259,-65.577626,53.040832,-17.563629,False
242,1,1373,l,2,4,4,2851.9805,5060.3771,4.906062,-4.616876,1.66129,-263.150267,-72.452774,-44.669394,-56.357469,False
242,1,1432,r,4,1,63,1690.6909,8721.36205,10.24556,7.062207,7.441625,-105.839243,-78.170873,49.039252,-26.072622,False
242,1,1441,r,5,3,18,1427.0713,8725.576850000001,25.082934,24.641232,4.840081,40.859629,-73.821337,114.28231,-50.611324,True
242,1,1511,l,1,3,41,1036.6748,12580.5496,28.697672,-28.010644,6.511192,19.662406,-74.888051,-143.805473,-39.939635,True
242,1,1546,r,5,3,18,2596.556,5546.20729,18.881994,17.735752,6.585447,-15.867535,-73.194995,97.825121,-36.121599,True
242,1,1577,l,2,1,17,2157.2415,7630.77265,11.173047,-8.872118,6.81873,-119.939226,-74.92472,-63.990403,-25.312907,False
242,1,1660,l,2,4,4,1178.034,10501.28615,14.217181,-12.734983,6.373392,77.540498,-76.040286,-48.016145,-51.710526,True
242,1,1661,l,6,1,57,2251.5735,5027.51382,21.22415,-20.776588,-4.434864,-49.981165,-73.001947,-128.987785,-101.20415,True
242,1,1677,l,1,3,41,2136.4973,7477.57389,22.044236,-21.607688,4.473761,-52.392067,-74.132825,-135.615753,-45.318916,True
242,1,1713,l,2,4,4,3256.4387,4502.90882,5.176889,-4.895935,1.68431,-231.882443,-69.13734,-44.703812,-53.735069,False
242,1,1773,l,2,3,24,486.21857,16595.2787,7.261887,-6.809729,2.528385,-253.688413,-74.66478,-64.924556,-50.486395,False
242,1,1788,r,5,3,18,1250.1592,8627.25045,23.161972,22.742033,4.511965,60.227932,-79.299596,96.313858,-59.63937,True
242,1,1872,l,8,1,1,3370.061,2515.00062,2.500231,-2.444118,0.526887,-228.854924,-69.060608,-22.146699,-64.284784,False
242,1,1889,r,10,1,37,3561.334,3963.66779,10.787856,10.594438,-2.045363,-224.742738,-74.432116,96.279769,-93.134188,False
242,1,1895,l,2,3,24,2174.0315,5629.3472600000005,10.523479,-10.321486,2.063177,-180.642255,-76.815211,-85.712524,-59.581539,False
242,1,1896,l,2,3,24,418.81396,17194.2713,20.701245,-19.936993,5.689998,109.917709,-70.508922,-65.320417,-51.422164,True
242,1,1928,r,4,1,63,2456.0964,4550.16532,7.369178,5.161207,5.267053,-167.24861,-63.088851,41.300753,-20.764761,False
242,1,1976,l,2,2,10,3089.7737,5500.09098,8.095599,-6.447442,4.906215,-166.150708,-71.861685,-51.54799,-32.456707,False
242,1,1989,l,2,4,4,1289.4241,11063.8027,6.192786,-5.345459,3.131316,-250.341766,-70.835541,-50.558425,-41.146357,False
242,1,2014,r,4,2,59,631.78766,15199.1949,24.003633,19.997581,13.558176,99.23728,-67.472213,69.422831,-18.517613,True
242,1,2027,r,4,4,54,1878.9116,6997.74978,11.463426,11.236782,2.28295,-141.322864,-70.9815,85.692017,-53.450276,False
242,1,2030,l,2,2,10,3436.572,5409.94972,9.769114,-8.472666,4.880933,-118.724445,-70.610054,-60.884945,-35.321894,True
242,1,2034,r,4,4,54,3339.37,4709.95188,7.61225,6.760908,3.506223,-279.121175,-78.318474,67.469797,-43.203293,False
242,1,2087,r,4,4,54,1950.1846,7188.91023,7.713874,6.786076,3.676453,-262.387101,-78.051331,65.732027,-42.307607,False
242,1,2108,l,2,2,10,786.4353,14445.0084,23.156379,-17.639909,15.247226,105.842162,-68.439038,-58.55952,-15.76467,True
242,1,2118,l,7,4,39,261.5306,17192.0822,21.89127,-20.855997,-6.805963,131.510462,-82.647582,-60.381841,-102.88932,True
242,1,2131,r,10,1,37,411.62704,16638.9481,33.044449,32.744871,-4.70946,111.499234,-75.327737,114.792963,-92.811183,True
242,1,2137,l,1,3,41,2249.3936,6703.29413,21.772834,-21.335216,4.448417,-29.420593,-74.958565,-124.763111,-48.280655,True
242,1,2151,l,1,4,48,1497.864,9523.9978,25.052379,-24.131479,6.941121,30.708543,-73.142479,-116.157678,-38.55316,True
242,1,2184,r,5,1,12,1854.7223,8386.2732,23.710125,20.868286,11.515935,6.790378,-71.460379,107.96766,-9.707844,True
242,1,2213,l,2,1,17,524.8851,17983.8871,26.062221,-23.769702,11.013498,100.871314,-75.467426,-83.296252,-35.246465,True
242,1,2258,r,4,2,59,1730.83,8237.56703,15.613557,12.947565,8.801646,-77.501994,-77.995871,84.490346,-19.60827,False
242,1,2287,l,7,2,46,2271.134,5064.59339,6.206581,-6.015578,-1.530714,-129.355586,-79.372762,-44.191329,-90.640983,False
242,1,2288,r,4,4,54,976.9459,11413.3137,21.638484,20.696034,6.459925,82.34738,-79.323717,78.448959,-54.189879,True
242,1,2294,l,2,1,17,1652.1495,8393.49404,21.429104,-18.294338,11.355489,44.718459,-69.10307,-81.092225,-17.221634,True
242,1,2336,l,1,4,48,1745.7191,7471.81956,12.902515,-12.405114,3.576108,-183.766172,-66.52075,-104.208581,-36.204451,False
242,1,2342,l,2,2,10,1197.109,10198.94007,13.767083,-9.624261,9.890897,18.090446,-83.367835,-46.108498,-35.27971,True
242,1,2355,r,10,2,31,1726.5334,9150.29782,28.126934,27.601697,-5.636374,61.668199,-77.416888,119.377593,-102.845399,True
242,1,2365,l,1,2,29,1609.1619,9721.3139,24.720933,-21.505259,12.492789,32.421634,-79.24009,-101.490128,-17.9001,True
242,1,2396,l,1,4,48,2346.01,7173.04365,16.579191,-16.192474,3.608596,-82.326759,-72.202425,-108.117894,-47.751571,True
242,1,2439,r,4,1,63,2582.1895,5994.45642,11.191798,8.493247,7.315331,-5.342804,-66.048493,44.103691,-27.713472,True
242,1,2452,r,5,1,12,492.49124,17919.5956,32.582952,30.20949,12.830814,104.076123,-69.578117,108.251512,-20.577364,True
242,1,2467,r,4,2,59,1328.9586,8868.13309,17.804033,16.494389,6.797308,76.446069,-66.240368,63.234808,-39.693303,True
242,1,2488,l,7,4,39,614.1323,11754.134,19.133246,-14.779538,-12.289064,99.30672,-69.106303,-50.310489,-112.067422,True
242,1,2513,r,4,1,63,1367.3121,9290.3358,17.478286,14.546891,9.795564,97.64686,-67.374183,49.913891,-33.064477,True
242,1,2548,r,4,1,63,3460.5308,3343.87496,5.498192,3.899358,3.879224,-263.033467,-69.770284,37.695811,-32.182698,False
242,1,2553,r,4,3,67,2037.7258,6308.28516,6.535169,5.347661,3.761926,-182.643463,-70.830856,44.242386,-39.617508,False
242,1,2578,l,1,2,29,2328.7588,7774.47375,14.150908,-13.063648,5.487556,-197.463067,-69.017166,-113.110228,-20.942472,False
242,1,2581,l,2,4,4,1561.7974,8009.45975,7.751367,-6.914011,3.512849,-107.279377,-78.985492,-48.174663,-54.418765,False
242,1,2608,r,4,3,67,3016.395,4281.16075,6.726723,6.706337,0.524502,-205.951436,-67.966811,58.316514,-63.39532,False
242,1,2611,l,1,1,35,2402.8306,8250.677090000001,23.041876,-22.279881,6.032342,-52.43359,-71.994787,-140.301804,-32.888565,True
242,1,2620,r,4,3,67,1319.877,8604.63353,8.576733,7.497279,4.177428,-74.829057,-71.466748,48.013033,-44.590106,False
242,1,2624,l,7,1,27,1355.8873,10442.44415,12.641738,-12.580799,-1.249892,-72.74649,-75.556615,-80.955818,-83.665788,False
242,1,2654,r,4,3,67,3151.389,5028.78601,9.383067,8.548813,3.88224,-63.053678,-71.258772,53.071768,-47.030746,True
242,1,2685,r,4,4,54,2480.0967,5304.46375,12.755196,11.762464,4.968646,-43.329936,-71.950518,69.408378,-42.350149,True
242,1,2696,l,2,2,10,2902.039,6312.0741,9.783493,-6.763255,7.085815,-191.160628,-75.870718,-57.061989,-15.640837,False
242,1,2710,r,8,4,14,2922.2769,3183.77819,6.378918,5.609717,-3.041588,27.440717,-85.482279,25.789121,-99.500674,True
242,1,2714,r,10,1,37,2623.1016,5232.55463,21.131355,20.387413,-5.679931,-0.692798,-66.410432,108.034996,-97.254732,True
242,1,2715,r,4,1,63,2266.4412,5813.92135,7.230057,3.98981,6.034407,-256.106601,-75.149757,38.089892,-17.279804,False
242,1,2716,l,8,1,1,2879.2327,5789.42535,2.75222,-2.613654,0.86258,-193.513417,-68.984576,-22.07168,-61.697215,False
242,1,2725,l,1,3,41,1482.6735,9693.20246,27.122022,-26.766586,4.547685,6.615502,-69.182605,-142.940436,-43.937375,True
242,1,2736,l,3,1,16,2770.0076,6106.314200000001,6.105696,-3.13959,5.239275,-164.978823,-62.516574,-24.956084,-20.733065,False
242,1,2753,l,1,2,29,510.06186,15677.54677,31.009106,-27.555374,14.81657,70.038016,-75.40875,-114.775287,-9.779521,True
242,1,2763,l,7,1,27,617.83496,13326.3461,20.385212,-20.336015,-1.446355,89.230818,-75.595639,-74.410278,-81.001828,True
242,1,2768,r,5,3,18,3686.5254,3670.14448,14.469728,14.023068,3.603752,-170.418244,-72.394101,114.992073,-42.506055,True
242,1,2808,l,2,1,17,3512.1233,3838.10385,12.307744,-10.552004,6.371511,-100.339415,-67.94924,-72.711657,-23.612402,True
242,1,2826,r,10,2,31,3047.6582,4641.65848,20.731719,20.42045,-3.658001,-32.463466,-75.310787,120.054115,-97.30861,True
242,1,2835,r,4,4,54,1616.1837,7327.56441,8.571069,8.370633,1.849352,-162.377765,-80.399884,66.56443,-65.63601,False
242,1,2848,l,2,3,24,2955.0073,2989.35927,7.81655,-7.647646,1.620982,-225.456578,-72.073552,-69.212914,-57.355724,False
242,1,2863,l,2,4,4,1255.3882,9830.2858,12.03272,-10.815648,5.305034,60.949407,-66.749255,-43.758572,-45.095927,True
242,1,2870,l,6,1,57,2300.1675,4818.93911,14.648156,-14.557874,-1.641652,-206.110809,-74.444468,-128.837757,-89.134685,False
242,1,2897,r,4,1,63,2317.684,5848.10562,8.971606,6.079798,6.609843,-108.597318,-61.09307,42.455621,-14.643129,False
242,2,47,l,2,2,10,1951.7625,8590.82748,14.359373,-12.141909,7.724153,61.471836,-63.729258,-49.167058,-32.023671,True
242,2,77,r,4,3,67,1607.8937,7069.86592,8.243143,7.587983,3.230017,-129.67541,-72.381049,55.907067,-48.487764,False
242,2,95,r,10,4,50,1377.304,10230.52535,29.789108,28.295597,-9.725293,71.379696,-66.379586,117.693236,-108.932911,True
242,2,102,r,4,3,67,2099.9175,6485.37686,8.071838,7.732938,2.321421,-12.504624,-74.359187,41.077326,-61.983523,True
242,2,134,r,4,2,59,2663.8115,5839.38226,9.139246,7.902002,4.606403,-192.934836,-76.040693,67.029946,-36.75735,False
242,2,156,l,2,1,17,2002.2512,7206.31628,9.028645,-8.084506,4.033029,-201.008305,-69.765403,-69.745366,-34.798809,False
242,2,165,l,7,2,46,1965.0474,5699.24199,6.090288,-6.0209,-0.918414,-120.87473,-73.205695,-43.336211,-79.828852,False
242,2,192,r,5,1,12,1780.2994,10196.04632,23.937798,21.934564,9.832172,27.596148,-68.542713,105.669595,-19.517027,True
242,2,214,r,5,3,18,3688.3901,4185.54213,14.856705,14.512153,3.215778,-171.621388,-67.39674,119.487879,-40.605799,True
242,2,223,l,1,3,41,3596.2886,4400.70846,16.123761,-15.788701,3.312369,-170.902202,-67.283036,-130.324008,-39.561882,True
242,2,249,l,7,1,27,845.76575,11533.3187,20.864275,-20.132328,-5.595294,61.86527,-73.836404,-83.631444,-97.640732,True
242,2,250,l,2,3,24,597.40314,15064.6557,23.396178,-22.391486,6.964155,115.882824,-78.262478,-71.735654,-55.259801,True
242,2,261,l,6,1,57,2130.3203,5898.97736,23.061382,-22.996625,-1.775886,-49.662849,-72.194898,-144.154714,-83.635335,True
242,2,340,r,4,3,67,2135.191,6551.21946,8.645323,7.983608,3.327974,-90.614919,-71.938431,53.3809,-49.589249,False
242,2,341,l,7,2,46,2670.8066,3718.58932,6.904802,-6.572814,-2.11994,-117.59435,-70.945921,-46.964297,-86.133595,False
242,2,356,l,7,1,27,1859.7782,5706.37119,9.877094,-9.70507,-1.844235,-205.51384,-80.444148,-84.744859,-96.630903,False
242,2,377,l,7,2,46,2468.2546,4703.09005,10.74842,-10.485454,-2.376334,-14.446622,-73.256842,-56.345906,-86.105525,True
242,2,415,l,4,3,67,300.40875,17257.7336,8.870687,-8.854911,0.530935,4.836326,-71.823501,-44.425555,-69.149065,False
242,2,415,r,4,3,67,300.40875,17257.7336,20.315874,20.283038,1.179715,142.535038,-69.309881,54.499321,-66.072411,True
242,2,454,l,7,2,46,431.86847,14697.8443,14.636738,-13.73654,-5.103207,114.379282,-78.073413,-42.930391,-94.218845,True
242,2,455,l,2,4,4,1642.613,7365.590529999999,16.425185,-16.019481,3.676561,70.657985,-71.914654,-62.97603,-57.251129,True
242,2,470,r,4,4,54,2239.986,5702.37784,12.9766,11.877885,5.263673,-13.519114,-71.958616,63.839165,-43.384261,True
242,2,476,l,7,1,27,666.82916,12758.5954,25.132145,-24.300779,-6.614733,107.314011,-73.21658,-82.488878,-96.461203,True
242,2,493,l,7,2,46,660.81683,13389.9314,14.681683,-14.04167,-4.331348,81.775637,-67.392016,-52.077045,-83.64882,True
242,2,499,r,3,1,16,328.5877,18522.4046,36.647459,36.478412,-3.789005,59.333237,-79.79841,170.549965,-98.797005,False
242,2,550,r,10,1,37,422.28223,16147.4006,30.096828,29.619218,-5.60071,108.830313,-70.363013,102.999102,-90.799587,True
242,2,599,l,2,2,10,556.1303,15656.1044,20.300817,-13.499482,15.305508,80.827394,-78.726504,-50.215899,-19.855246,True
242,2,649,l,6,3,61,340.3091,18642.5613,35.360515,-33.647142,-11.578048,108.113785,-65.57554,-121.060744,-110.33806,True
242,2,669,r,4,3,67,1105.3148,9527.4697,14.748129,13.410636,6.19402,113.593596,-68.216019,42.06054,-48.534109,True
242,2,692,l,2,2,10,385.62225,18750.8348,23.079161,-18.838944,13.581686,110.946343,-74.400267,-61.090676,-28.694761,True
242,2,700,l,6,1,57,2282.3728,5784.9338800000005,21.329627,-21.024878,-3.676958,-45.059198,-73.79091,-128.784127,-96.858647,True
242,2,716,r,4,4,54,289.02008,18884.7817,24.445186,23.661247,6.325768,121.949644,-73.942005,73.633422,-53.602732,True
242,2,757,l,7,2,46,450.2035,14653.9898,18.053505,-14.962055,-10.220381,120.787036,-60.981163,-45.220388,-92.560148,True
242,2,787,l,2,2,10,3131.4993,4764.92923,9.582039,-7.747754,5.655359,-63.948507,-64.41869,-48.156144,-29.045518,True
242,2,814,r,4,3,67,3788.0337,3738.56456,6.57883,5.600369,3.457597,-126.602587,-73.717842,40.850949,-48.426072,True
242,2,817,l,2,4,4,572.2405,15601.9846,8.536739,-7.26018,4.502708,-189.12078,-81.494488,-61.038367,-43.459131,False
242,2,819,r,4,1,63,1607.457,7842.13401,7.518914,5.723701,4.883927,-126.997095,-71.535264,41.796066,-35.725302,False
242,2,823,r,10,1,37,2945.3877,4633.87913,11.486467,11.236925,-2.396723,-238.998529,-72.888745,105.098864,-95.462797,False
242,2,838,l,1,1,35,1572.1904,10080.8721,26.564221,-25.289886,8.410748,10.27723,-78.586447,-132.163943,-32.842797,True
242,2,864,r,4,2,59,2916.9565,5808.35529,13.632813,11.443852,7.45885,-84.117556,-80.386046,75.733357,-30.41236,True
242,2,884,r,4,1,63,3751.0044,3622.47446,8.387674,6.150138,5.714409,-248.85245,-69.775606,58.063681,-15.541978,False
242,2,890,l,2,2,10,1232.4015,10012.7491,19.690111,-15.043519,12.853785,69.225083,-73.850383,-59.336225,-21.685827,True
242,2,896,l,1,2,29,2391.257,6415.44113,12.931362,-11.609466,5.735164,-209.379112,-72.554828,-102.593795,-21.353129,False
242,2,897,r,4,3,67,1175.5706,8934.94887,11.804531,11.106577,4.024218,98.460965,-67.16884,37.601298,-53.436571,True
242,2,900,l,2,4,4,3135.2625,3574.94715,8.057622,-7.577816,2.747006,-147.400164,-72.976816,-58.189282,-51.804991,False
242,2,918,r,4,4,54,705.7933,12475.6424,22.773879,22.387559,4.288685,103.214615,-78.180788,76.939936,-63.031608,True
242,2,931,r,4,4,54,1868.2869,7046.134840000001,18.244382,17.692426,4.526729,28.915438,-73.179717,83.284687,-51.483149,True
242,2,954,r,5,2,5,427.60794,19779.9524,34.628954,31.902133,14.24485,96.374148,-70.632526,120.53148,-12.73034,True
242,2,992,l,1,4,48,1788.4291,8704.98855,15.466278,-14.843168,4.395504,-125.519298,-77.052758,-110.119917,-44.01049,False
242,2,992,r,1,4,48,1788.4291,8704.98855,7.365065,5.645166,4.738038,-53.251021,-70.661554,33.929264,-42.073103,False
242,2,1004,r,10,1,37,3501.3225,4323.9401,12.550974,12.332264,-2.35114,-230.382128,-70.19086,113.768656,-92.061456,False
242,2,1016,l,2,4,4,1238.6974,9239.33916,10.886894,-10.735951,1.817299,73.695662,-65.344361,-41.011713,-58.359081,True
242,2,1029,r,5,3,18,3169.4272,4409.67481,12.255815,11.860346,3.110597,-228.253382,-72.936969,108.838563,-44.158867,False
242,2,1032,l,2,1,17,3158.1448,4638.2675,12.214817,-10.940961,5.464539,-110.892919,-78.022936,-77.497078,-38.961738,True
242,2,1057,r,5,2,5,882.54565,14229.1588,34.201303,31.875593,13.108749,66.416134,-73.501263,139.036589,-12.189688,True
242,2,1063,l,1,4,48,2016.3748,7385.307479999999,14.746836,-14.065621,4.475676,-132.924336,-68.546199,-105.961517,-34.418773,False
242,2,1108,r,4,4,54,3026.5862,4377.001,11.664511,11.403492,2.470218,-96.417966,-78.895397,77.940037,-61.88955,True
242,2,1112,r,4,4,54,597.2514,13748.1319,21.836754,20.463895,7.789627,113.418224,-80.180798,65.894421,-54.397561,True
242,2,1163,r,4,1,63,574.90735,16155.2975,20.967721,16.735322,12.817511,114.653763,-59.747036,52.724244,-18.088552,True
242,2,1182,l,2,2,10,3458.6274,3183.96632,9.265934,-6.778288,6.332437,-196.621368,-72.798922,-57.839066,-18.416441,False
242,2,1196,r,10,1,37,3637.95,3738.22756,12.396922,12.034622,-2.997346,-222.342888,-70.26551,109.225464,-97.695325,False
242,2,1199,l,1,3,41,3793.8416,3897.91021,14.847121,-14.685316,2.210422,-208.558418,-71.690877,-130.6578,-51.797513,False
242,2,1215,l,1,2,29,1248.0519,11767.5085,25.463183,-21.435588,14.080599,39.566947,-78.63918,-98.323126,-11.157083,True
242,2,1248,l,2,2,10,2306.4648,6695.5308,14.757406,-10.374674,10.553187,11.979791,-73.814196,-50.899239,-21.158341,True
242,2,1251,l,7,2,46,3398.2864,3557.69786,7.864371,-7.421174,-2.610106,-39.85342,-82.592897,-42.964438,-97.756775,True
242,2,1269,r,4,2,59,1905.3344,7656.45785,10.275204,8.150462,6.278234,-234.592947,-74.939786,75.132077,-16.636985,False
242,2,1300,r,10,1,37,3303.1863,4548.8625,18.852895,18.373188,-4.300722,-41.827733,-72.942094,110.21196,-99.236969,True
242,2,1332,l,1,4,48,1274.8909,11174.9125,24.387718,-23.440668,6.928725,42.764132,-76.837318,-107.196924,-44.090179,True
242,2,1336,r,4,1,63,2104.753,6517.89065,9.515879,7.710279,5.593996,-134.063535,-68.712905,57.413111,-26.799039,False
242,2,1339,r,10,1,37,1994.345,7533.329439999999,15.59585,15.525469,-1.498527,-104.549535,-75.221773,109.607169,-85.934143,False
242,2,1342,r,4,3,67,2214.416,5310.97193,6.81132,5.736138,3.67914,-79.515419,-72.04154,37.117942,-48.161566,False
242,2,1355,l,2,1,17,2893.2988,5407.41177,9.936373,-7.853792,6.106016,-189.883686,-69.166979,-66.194941,-17.345156,False
242,2,1372,l,7,2,46,1933.5131,6099.66423,8.849768,-8.53299,-2.355327,-5.791663,-67.752552,-44.380491,-80.055051,True
242,2,1374,r,3,4,3,1289.1951,8799.2914,8.413059,6.957062,4.742313,57.045865,-64.399607,28.425978,-44.930734,True
242,2,1385,r,5,3,18,1208.0248,10116.3076,24.175524,23.111361,7.296814,67.254672,-75.428143,95.061141,-44.417604,True
242,2,1417,r,4,4,54,2209.0222,5668.51006,10.000397,9.472938,3.219633,-175.242609,-73.773335,77.62903,-47.240495,False
242,2,1442,r,4,3,67,2380.512,5370.81208,5.601288,5.38012,1.560737,-190.508285,-73.973181,45.253198,-60.822968,False
242,2,1472,r,8,2,20,2447.1038,4612.39842,2.210058,2.120975,-0.621287,-231.773911,-75.274642,19.323856,-80.936598,False
242,2,1476,l,1,4,48,2196.8992,8154.57824,20.630435,-19.833613,5.796234,-7.372329,-70.703988,-107.257733,-38.614254,True
242,2,1512,r,4,3,67,2581.4446,5517.84797,8.189696,7.424571,3.46615,-40.524277,-73.575576,43.071752,-53.386574,True
242,2,1513,l,7,2,46,2499.8445,5120.51596,4.929791,-4.790168,-1.16632,-181.88253,-70.218051,-39.543538,-79.85875,False
242,2,1527,l,1,1,35,1470.3027,11601.08605,28.072687,-26.63587,9.209573,26.504261,-76.489621,-132.155227,-28.695201,True
242,2,1538,l,6,1,57,1702.0573,6820.86107,25.10114,-24.881074,-3.427452,2.057985,-78.062219,-133.542646,-97.072008,True
242,2,1544,l,1,3,41,1239.6506,10661.8835,29.384757,-29.180686,3.620083,55.261849,-74.853301,-131.086891,-57.84344,True
242,2,1546,r,10,2,31,304.72247,18110.6815,36.312215,36.004125,-5.075996,111.677041,-66.837451,129.578832,-86.417298,True
242,2,1581,l,2,3,24,3292.57,5399.90725,6.893168,-6.802886,1.114606,-257.197267,-72.383706,-65.277278,-61.661949,False
242,2,1608,r,4,1,63,3176.3333,4593.87183,7.441417,5.64813,4.852803,-264.968102,-77.764595,54.885802,-30.417661,False
242,2,1613,l,2,4,4,2646.3806,5387.75616,7.907254,-7.031822,3.625497,-141.780548,-68.092306,-53.259425,-40.526725,False
242,2,1632,l,8,1,1,2151.5322,6270.59738,4.32421,-4.238041,0.859739,-62.188819,-75.021068,-26.098237,-69.721493,True
242,2,1649,l,2,1,17,1334.3762,11428.1199,19.340787,-16.25247,10.629047,21.288236,-76.169213,-78.334905,-23.641017,True
242,2,1677,l,1,4,48,1470.3387,9312.37819,24.595303,-24.431257,2.927183,30.791619,-71.827222,-117.752684,-57.26947,True
242,2,1697,r,8,2,20,2833.0732,4726.08775,3.163921,3.077231,-0.73591,-142.930742,-76.128614,23.274146,-81.697536,False
242,2,1707,r,3,4,3,3281.808,4225.0653,6.007178,4.748188,3.684019,11.288881,-63.028927,23.150231,-45.021753,True
242,2,1711,l,1,1,35,1137.5249,11178.6943,28.64069,-27.399892,8.68212,35.575535,-78.889415,-131.88051,-35.129054,True
242,2,1715,r,5,3,18,1177.4453,9943.37906,16.355659,16.071837,3.074562,-49.486918,-75.429387,97.807116,-56.452906,False
242,2,1723,l,8,3,7,2600.6396,4806.70435,4.058246,-3.500886,-2.053878,-107.489415,-75.344766,-24.317661,-89.626298,False
242,2,1733,r,4,4,54,1783.8914,8117.486229999999,15.691505,14.159336,6.833143,35.970183,-75.969989,64.087627,-44.575948,True
242,2,1737,r,5,3,18,3685.4666,3483.36085,13.101777,13.014432,1.523537,-192.680742,-69.926487,111.563701,-56.750171,False
242,2,1774,l,7,2,46,1157.2274,8967.1242,12.626252,-12.307184,-2.842558,77.035292,-77.574955,-46.461789,-88.39796,True
242,2,1786,r,4,2,59,1006.1758,10593.3415,10.977142,9.455298,5.601834,-149.917809,-71.259325,73.264207,-27.516499,False
242,2,1791,r,4,1,63,2176.3752,6466.40117,7.259693,5.934515,4.188972,-136.198663,-67.721603,44.302851,-36.337807,False
242,2,1797,r,10,1,37,1193.2552,11531.78169,27.447168,26.698678,-6.613866,72.192409,-72.747584,109.53951,-101.016144,True
242,2,1804,l,1,4,48,1628.8075,8357.13316,23.073006,-22.576587,4.890043,13.419308,-73.606551,-114.996847,-47.979786,True
242,2,1805,l,2,4,4,2524.9983,5657.63919,10.302458,-9.948229,2.691904,-64.026831,-80.692646,-62.0947,-63.793202,True
242,2,1810,r,5,2,5,2100.3635,7298.24824,18.328541,17.10616,6.682104,-138.36338,-72.387398,131.832201,-19.879006,False
242,2,1827,l,2,3,24,2552.538,6168.30728,10.033298,-9.936587,1.396744,-97.400908,-72.609545,-67.867228,-63.019846,True
242,2,1828,l,1,3,41,3120.7024,5622.11113,18.793372,-18.710636,1.793924,-130.550544,-68.991285,-142.435526,-55.084638,True
242,2,1830,l,2,4,4,2307.0637,6191.83317,5.46935,-4.979039,2.266252,-171.304716,-69.471733,-40.188883,-51.146817,False
242,2,1883,r,5,1,12,1248.8967,11295.45,27.997767,25.673777,11.56872,55.512259,-72.604764,112.719181,-19.346877,True
242,2,1898,r,4,1,63,2628.9893,6857.99993,8.45774,6.268964,5.68883,-159.308952,-70.616137,49.35784,-25.588355,False
242,2,1916,l,2,3,24,3013.8318,5128.143120000001,9.928601,-9.443395,3.07985,-103.713345,-74.481144,-65.485225,-53.006236,True
242,2,1934,r,5,2,5,1711.207,8113.82487,20.750541,19.714517,6.607652,-108.16923,-70.050908,142.679056,-21.055402,False
242,2,1935,r,3,1,16,1158.7694,11269.9403,43.454882,41.266039,15.037353,-72.177459,-75.870262,317.800505,53.575081,False
242,2,1937,l,2,1,17,1757.8783,8841.63696,21.056287,-18.491691,10.252181,36.684915,-73.627458,-84.717195,-25.316353,True
242,2,1944,r,4,1,63,3246.0176,4603.71872,9.867802,6.123163,7.753044,-130.347574,-80.394707,45.094077,-22.836794,True
242,2,1986,r,4,2,59,3715.5564,4264.74561,11.45151,9.227702,6.810929,-158.680668,-71.500914,72.893051,-17.20959,True
242,2,1988,l,8,1,1,3845.6326,3402.6055,3.587868,-3.450103,0.985273,-150.141686,-75.27056,-26.5355,-67.687283,True
242,2,2027,l,2,2,10,3426.2043,4961.34038,9.038956,-7.043353,5.679495,-82.541973,-64.744458,-46.028561,-27.412756,True
242,2,2078,r,5,1,12,1486.7189,9213.37185,15.167341,14.358408,4.939381,-154.06758,-71.18639,113.673635,-31.571453,False
242,2,2108,l,1,3,41,1453.6776,10462.2382,18.749432,-18.195664,4.601746,-94.904356,-71.577525,-126.517833,-38.96635,False
242,2,2131,r,5,2,5,1313.5819,10145.4181,28.375639,27.225627,8.321096,51.067323,-67.254433,122.929842,-27.954059,True
242,2,2134,l,7,4,39,1260.841,7952.97175,15.570982,-13.367928,-8.05842,74.216924,-75.196557,-51.279156,-106.598099,True
242,2,2175,l,8,3,7,3521.0042,3833.10938,5.039769,-3.841051,-3.265207,-98.630639,-74.804826,-26.092508,-97.026272,True
242,2,2192,l,7,2,46,2585.1123,4978.61099,7.644078,-7.574045,-1.035385,-52.08602,-81.455605,-45.486306,-87.692489,True
242,2,2199,r,4,3,67,2253.7393,6672.763898,11.285276,10.233146,4.783738,33.688287,-73.342796,46.270848,-51.546242,True
242,2,2219,l,2,3,24,2457.293,6707.80251,10.825098,-10.204803,3.631045,-187.203486,-77.375414,-85.903761,-46.605968,False
242,2,2231,l,7,1,27,1280.4156,8220.75352,10.427899,-10.147011,-2.4167,-178.561671,-78.197275,-83.860252,-98.286863,False
242,2,2275,r,4,2,59,1782.463,8050.16068,17.079596,15.242917,7.79803,35.218391,-68.67003,69.427602,-32.505957,True
242,2,2306,l,1,4,48,1547.4155,9279.1912,16.420679,-16.04581,3.535428,-82.485294,-74.124195,-107.130819,-50.177901,False
242,2,2311,l,7,2,46,1459.6678,7536.80034,11.045621,-10.501057,-3.444815,74.088159,-69.317678,-40.021015,-82.536075,True
242,2,2317,r,4,3,67,1873.588,7257.53944,5.00461,4.49184,2.208959,-259.786751,-73.631171,43.190371,-52.359064,False
242,2,2335,l,7,2,46,653.59503,12123.2952,14.898651,-13.505655,-6.349581,104.593457,-76.328528,-44.531526,-97.546765,True
242,2,2341,l,7,2,46,2043.9807,5292.7349300000005,9.771956,-8.73595,-4.395945,-119.417197,-67.980796,-62.912565,-99.824007,False
242,2,2370,l,7,2,46,302.39505,16363.7114,16.44758,-14.98917,-6.850117,127.506825,-77.018808,-43.506997,-97.226695,True
242,2,2387,l,2,4,4,1894.839,7889.89,10.539468,-9.901098,3.630446,27.145111,-65.072833,-45.880712,-48.143019,True
242,2,2390,l,7,2,46,862.5376,10664.0426,20.039359,-18.009243,-8.938452,128.084944,-70.218804,-52.638269,-96.997336,True
242,2,2427,r,4,4,54,1780.8567,7266.09411,14.829849,14.718211,1.836634,45.129972,-73.406803,64.323641,-65.288338,True
242,2,2476,l,1,4,48,1809.4294,8631.86167,24.445437,-24.27133,3.004772,25.858998,-70.599067,-119.105152,-55.389581,True
242,2,2515,l,1,4,48,1525.4893,9132.95274,19.403936,-18.08469,7.153262,-12.154893,-77.522021,-98.670083,-37.630684,True
242,2,2516,l,1,2,29,3301.585,6286.56975,17.421137,-14.715056,9.430301,-108.255492,-78.641672,-104.592237,-10.251363,True
242,2,2555,l,2,2,10,1954.5825,7318.91285,11.270488,-8.44055,7.4959,-91.450752,-79.375411,-56.603628,-28.634646,False
242,2,2639,r,4,3,67,2487.3252,5492.65448,8.759342,6.870196,5.446916,-28.539391,-75.351822,38.379388,-44.758127,True
242,2,2645,l,1,3,41,699.8408,15482.1485,19.879705,-18.993623,5.980447,-112.277003,-78.125364,-138.464999,-33.556586,False
242,2,2648,l,2,3,24,1429.4653,8765.88127,12.761811,-11.920458,4.590375,-33.326623,-76.481883,-68.256187,-49.950157,False
242,2,2713,l,1,4,48,521.974,18171.18,30.688551,-30.53558,3.219669,102.887132,-65.532724,-110.374471,-53.312242,True
242,2,2722,r,4,3,67,1871.5284,6928.45242,7.686883,6.703593,3.770271,-208.208428,-78.403578,58.557714,-45.346244,False
242,2,2730,r,4,2,59,1691.1473,7977.57955,11.188773,10.235018,4.54459,-122.105657,-69.964083,74.409561,-36.678271,False
242,2,2745,r,10,1,37,3435.2441,4581.12272,13.000037,12.715426,-2.727909,-185.367482,-69.124833,107.263187,-92.344112,False
242,2,2752,l,1,4,48,538.6804,15878.0868,28.132585,-27.015545,8.162163,74.546537,-79.328329,-109.852666,-44.641298,True
242,2,2758,r,10,1,37,817.6437,11368.4003,11.322386,11.234155,-1.419892,-242.695104,-70.170788,105.806504,-83.63257,False
242,2,2826,r,8,1,1,3005.4355,3148.73645,17.393584,16.655565,5.085458,-170.857188,-71.577684,137.874294,-28.769146,False
242,2,2886,l,7,2,46,2179.8748,4628.5824,12.24865,-10.510274,-6.325643,43.27372,-74.388872,-45.773775,-102.206196,True
242,2,2900,r,4,4,54,2369.576,6108.41249,12.12796,11.924242,2.229769,-5.227096,-75.894694,62.344576,-64.146076,True
242,2,2910,l,2,2,10,2036.5342,7368.23886,7.284777,-5.611849,4.652356,-266.067886,-78.839614,-54.639037,-33.370071,False
242,2,2915,l,1,2,29,426.76675,20862.22,32.259303,-29.643753,13.347374,82.813373,-78.882079,-117.907747,-22.321532,True
242,2,2916,l,2,1,17,1483.3478,9406.03025,16.082415,-12.71698,9.927201,-27.088437,-75.05925,-71.557717,-18.167738,False
242,3,0,r,10,1,37,3548.9556,3588.81779,12.869737,12.669227,-2.281656,-209.810982,-71.640923,112.355223,-92.052094,False
242,3,47,r,7,2,46,2219.4292,5310.52605,28.288191,25.154222,13.386208,-98.48426,-73.93742,182.427841,28.199747,False
242,3,50,r,4,3,67,3851.1238,3012.25994,6.002702,5.346502,2.732954,-295.004167,-74.765307,54.748119,-46.717958,False
242,3,71,r,5,3,18,2130.72,6573.99793,19.234641,18.671333,4.705583,0.197271,-75.012772,97.931228,-49.833025,True
242,3,99,r,4,3,67,1456.5638,8216.43144,8.976937,8.25829,3.531652,1.633088,-67.604528,41.853813,-49.620867,True
242,3,106,l,1,4,48,2325.2427,5595.64493,12.383192,-12.149753,2.411302,-220.872438,-70.98308,-109.98565,-48.977322,False
242,3,110,r,5,3,18,1555.247,9590.806,24.43949,23.433803,7.143236,19.833043,-73.159917,117.100972,-36.258138,True
242,3,132,l,2,1,17,2211.48,4648.47884,11.914788,-10.171423,6.238132,-81.037435,-79.42083,-66.56914,-38.215811,False
242,3,140,r,4,3,67,3567.0415,3410.32658,5.285639,4.774647,2.269946,-235.980695,-68.930111,43.933461,-48.008282,False
242,3,148,r,4,1,63,2304.3647,6124.9036,8.601141,5.906334,6.263707,-103.278353,-68.749256,40.685306,-25.352683,False
242,3,166,r,10,1,37,865.23895,11860.1241,27.290534,26.589779,-6.381671,88.97699,-72.074224,100.619977,-97.216666,True
242,3,182,r,4,4,54,1994.5923,6423.255124,8.738333,7.989057,3.551803,-222.743097,-78.526351,71.961484,-46.388379,False
242,3,196,l,2,4,4,443.72092,16942.6595,16.011486,-15.424307,4.349464,105.341561,-72.255459,-50.947701,-57.685833,True
242,3,218,r,10,2,31,1659.3096,7946.636060000001,21.448192,21.281368,-2.73411,-15.273697,-70.125813,118.906893,-85.771172,True
242,3,231,r,5,1,12,1008.46594,12828.3118,27.703706,24.365991,13.606318,71.317115,-70.458192,99.042483,-12.352128,True
242,3,232,l,7,2,46,673.1538,11582.4768,17.920148,-15.906347,-8.362304,131.059912,-76.960624,-45.294312,-101.254192,True
242,3,233,l,1,3,41,1072.1449,10905.2306,30.121912,-30.020113,2.598447,60.501856,-71.443693,-132.608255,-59.414798,True
242,3,278,r,5,3,18,2134.5854,6134.58074,21.091952,20.644593,4.418583,-7.957175,-70.788648,112.259478,-46.184966,True
242,3,283,r,5,3,18,2399.5425,7166.21203,19.653835,19.368349,3.403682,-10.949558,-73.700472,105.794241,-54.727619,True
242,3,313,r,4,3,67,2543.6194,5129.10386,6.701768,6.42016,1.926338,-130.813818,-75.327135,47.351768,-61.084321,False
242,3,323,r,4,4,54,2451.495,8051.39996,14.413578,13.613027,4.782141,3.243192,-66.19267,69.442793,-41.50963,True
242,3,366,r,4,3,67,603.8968,14278.7657,19.457997,17.365643,8.916355,113.609809,-79.260449,55.161197,-50.26528,True
242,3,391,r,4,3,67,376.68793,16119.5054,19.460076,18.749114,5.308381,132.57166,-78.187842,53.437005,-62.74073,True
242,3,400,r,4,2,59,2578.0232,5497.51353,8.906382,7.976033,3.976032,-196.259677,-69.900531,68.131929,-35.77219,False
242,3,509,l,2,2,10,1285.105,11337.0921,12.347308,-9.688777,7.690849,-53.891878,-69.850144,-58.713187,-22.738083,False
242,3,532,r,5,2,5,2524.1672,6307.5099,23.0201,21.756564,7.711439,-69.384625,-72.079503,143.427657,-19.683404,True
242,3,534,r,5,1,12,3474.531,4159.91282,15.463063,13.38894,7.807535,-149.28679,-75.856797,104.563269,-13.940281,True
242,3,605,l,7,4,39,1224.6724,7870.26756,18.269743,-16.422158,-8.118716,88.649131,-77.442844,-59.345408,-107.388047,True
242,3,616,l,1,4,48,1009.27094,12440.3198,26.346102,-25.209258,7.919313,47.085119,-74.302035,-114.355014,-36.954282,True
242,3,627,l,1,3,41,881.63257,12740.0435,34.246484,-33.66039,6.717023,74.571204,-79.180665,-143.458073,-48.697888,True
242,3,642,r,4,3,67,716.17377,15191.4404,18.258209,17.437925,5.497312,111.034815,-60.644337,56.214409,-42.590718,True
242,3,644,r,4,3,67,2030.5709,4856.48088,5.781885,5.551047,1.619964,-218.092016,-78.919033,49.380616,-64.481857,False
242,3,648,r,3,4,3,3587.5603,2689.12119,4.372991,4.147333,1.387821,-15.435165,-52.083784,22.147501,-44.664643,True
242,3,690,l,3,3,23,955.8001,12081.0397,7.993406,-6.677777,4.403379,39.887532,-62.838953,-29.28312,-43.447456,True
242,3,706,l,2,2,10,3103.206,5072.1277900000005,8.018089,-6.44819,4.775667,-175.220633,-70.182694,-52.579104,-31.06854,False
242,3,764,r,5,3,18,1868.192,7004.63303,12.323475,12.160178,2.014755,-196.774664,-77.921599,104.890324,-60.404505,False
242,3,807,l,7,4,39,2431.3147,4936.317419999999,6.437473,-5.689281,-3.017131,-212.554389,-79.268506,-50.066642,-105.888069,False
242,3,826,l,1,3,41,1598.477,11580.68854,26.478308,-25.875652,5.821411,15.9609,-74.003032,-132.922358,-42.950463,True
242,3,838,l,1,4,48,1805.2798,8202.50703,15.267835,-15.141884,1.980373,-124.703467,-74.506813,-112.220872,-59.651529,False
242,3,851,r,5,3,18,1240.9453,9523.17133,12.094173,11.956685,1.831817,-222.206319,-70.786121,108.468163,-54.041388,False
242,3,867,r,5,1,12,1737.9827,9357.9659,24.250362,21.270743,11.926857,26.761904,-76.685157,102.477425,-17.018617,True
242,3,868,r,10,1,37,486.4072,15654.1251,29.852243,28.666409,-8.708556,99.632872,-71.747229,104.077947,-104.98001,True
242,3,876,r,4,4,54,3740.3179,3603.74108,8.179516,7.980028,1.801288,-187.41217,-69.6884,66.926211,-54.527566,True
242,3,881,l,2,4,4,1125.5614,9443.10963,13.129977,-12.414558,4.308898,35.406282,-76.867499,-56.043881,-57.225463,True
242,3,921,l,1,1,35,1620.8632,10703.64993,27.6441,-25.961809,9.844743,27.26594,-66.18508,-127.927244,-15.474278,True
242,3,944,r,4,4,54,4053.2896,4171.64243,7.526137,7.383712,1.461294,-241.94646,-73.962909,68.934013,-60.279533,False
242,3,947,l,7,2,46,283.88898,5825.632765,13.382015,-12.235934,-5.460326,-2.400362,-71.96826,-63.411178,-100.56859,False
242,3,950,r,3,4,3,3300.3354,4161.38191,6.321943,2.507326,5.805326,-239.37549,-73.571976,23.180848,-19.698679,False
242,3,967,l,2,3,24,1587.1511,9042.02699,9.968289,-9.643035,2.537634,-211.994639,-72.365242,-85.293926,-49.79846,False
242,3,1022,r,4,1,63,1091.526,10211.7005,18.125504,15.374822,9.717538,84.217295,-75.650679,56.584723,-39.102788,True
242,3,1069,l,1,2,29,2049.644,7536.39453,15.593365,-14.628973,5.458655,-162.786951,-70.951867,-118.186693,-26.233482,False
242,3,1073,l,1,1,35,3143.3833,5068.58388,20.464209,-19.663015,5.785775,-109.581698,-72.093878,-142.780025,-29.09895,True
242,3,1084,r,4,3,67,3096.9956,4411.26284,10.616747,9.017437,5.627003,-64.266924,-76.306019,56.220894,-40.964469,True
242,3,1127,l,1,2,29,3430.63,5256.4154,15.391114,-14.4275,5.418222,-108.202682,-72.178514,-102.444818,-33.179619,True
242,3,1128,l,7,2,46,1317.7513,8168.55134,11.903465,-11.84909,-1.144672,9.420861,-76.921149,-58.866969,-82.64945,True
242,3,1172,r,10,1,37,2196.7354,7690.09487,26.366849,26.309156,-1.808964,60.137267,-75.2323,113.650946,-83.330917,True
242,3,1186,l,2,1,17,722.65814,14993.2896,21.533703,-20.082634,7.936779,101.149779,-67.247201,-69.04447,-39.214036,True
242,3,1202,l,2,3,24,2110.9055,6843.5781,10.05753,-9.484531,3.361698,-168.624463,-71.763091,-76.620131,-44.450067,False
242,3,1208,l,2,3,24,2433.2173,5766.702129,13.022848,-12.916519,1.675057,3.355222,-74.88013,-65.737399,-66.279995,True
242,3,1278,r,5,3,18,573.9822,15604.739,28.965543,27.599912,9.156747,97.193011,-77.433138,100.796681,-42.363834,True
242,3,1292,l,1,2,29,2513.9421,6765.289849999999,18.841062,-16.10712,9.907105,-79.322292,-76.300534,-106.649122,-9.160689,True
242,3,1323,r,4,1,63,2276.92,5664.18098,11.903171,8.746771,8.105014,43.759655,-56.93163,37.88581,-21.451825,True
242,3,1341,r,4,3,67,3434.9707,3680.07001,7.397818,6.911716,2.643829,-84.836926,-68.239146,45.438022,-50.803855,True
242,3,1367,r,4,1,63,1567.7489,8508.84579,11.104281,7.300747,8.389639,-59.847646,-68.985142,44.821151,-16.967056,False
242,3,1368,r,10,1,37,1118.4264,10314.9323,15.645498,15.380143,-2.90456,-102.256083,-67.975726,107.899082,-88.617082,False
242,3,1371,r,4,1,63,324.42496,19400.7558,14.221254,9.079804,10.991668,33.321213,-68.145703,41.02049,-17.658507,False
242,3,1399,l,7,4,39,1727.5189,6041.4682,13.096917,-10.612484,-7.719341,51.975382,-75.56118,-44.59878,-108.386663,True
242,3,1492,l,2,4,4,1447.5417,8845.89904,6.360084,-5.88376,2.41922,-115.485978,-67.86183,-41.786746,-50.639946,False
242,3,1535,l,1,4,48,2404.7964,7274.20172,19.73087,-19.578437,2.497343,-21.050234,-70.571579,-110.628119,-56.172797,True
242,3,1555,l,2,2,10,3146.587,5827.407999999999,8.013502,-4.676822,6.51444,-245.336826,-76.58104,-43.794682,-15.246227,False
242,3,1565,r,5,3,18,592.1411,15268.2921,31.04627,29.748209,9.320874,110.939822,-73.819896,102.333898,-39.969708,True
242,3,1571,l,2,4,4,1595.5278,8530.68329,7.492861,-6.587231,3.578804,-179.640843,-73.651269,-54.23324,-44.083198,False
242,3,1599,r,10,2,31,777.0252,12656.8651,33.649115,32.846249,-7.754388,78.450179,-69.465641,136.576368,-103.754621,True
242,3,1600,l,2,4,4,2640.249,5450.3388,5.665229,-5.098589,2.472927,-199.669626,-78.722721,-43.689694,-57.491086,False
242,3,1621,l,1,2,29,928.64264,12893.2614,30.608901,-28.700233,11.124485,86.892109,-79.103896,-111.199397,-33.571667,True
242,3,1651,l,6,1,57,938.5474,10651.80255,30.041113,-30.008041,-1.479862,59.542938,-85.442924,-133.097573,-92.318196,True
242,3,1678,l,7,2,46,2681.3801,3140.10013,5.979175,-5.921113,-0.832722,-210.870169,-71.06809,-51.94644,-78.387164,False
242,3,1744,l,2,1,17,448.74554,17089.7735,22.395906,-20.209095,9.861204,112.183069,-73.218331,-65.455939,-40.280664,True
242,3,1769,l,7,2,46,1229.7894,8386.922700000001,9.842121,-9.622783,-2.076052,59.06331,-74.656085,-39.15448,-83.146966,True
242,3,1793,l,7,2,46,1630.3937,5389.82532,10.639981,-10.29236,-2.712162,2.001748,-76.205598,-52.298481,-90.071643,True
242,3,1807,r,4,1,63,1128.7142,10486.3772,19.429858,13.961595,13.649518,87.611654,-67.390781,50.317013,-16.746549,True
242,3,1830,l,1,2,29,471.52463,20106.108,30.200381,-26.147026,15.677429,74.323877,-81.877681,-105.878232,-14.444864,True
242,3,1884,l,2,4,4,614.31104,12696.5295,19.227473,-18.856601,3.828516,155.770073,-66.310276,-45.843613,-56.818194,True
242,3,1893,l,1,4,48,1820.0347,9232.57849,22.881188,-22.027974,6.350229,20.737345,-76.948663,-108.94213,-44.623097,True
242,3,1906,r,4,4,54,671.227,13909.851,23.252714,22.372534,6.506455,107.939114,-70.76156,74.938001,-48.307409,True
242,3,1908,r,5,1,12,3682.8604,4380.06552,14.824437,13.140648,6.923257,-170.897776,-72.030888,107.599013,-14.561453,True
242,3,1929,l,2,2,10,1181.2203,10233.652,17.932252,-13.587158,11.814764,110.620466,-68.594603,-43.353921,-29.991669,True
242,4,8,r,5,2,5,1202.8922,10773.151,30.251756,28.682828,10.053259,48.774251,-82.458663,131.973289,-33.710993,True
242,4,39,l,1,4,48,2520.8052,6386.16466,14.56671,-13.947086,4.245633,-164.664328,-71.108551,-112.91466,-36.330707,False
242,4,56,l,2,2,10,1048.5116,11853.8948,19.704705,-16.210435,11.356307,121.877047,-67.46192,-48.877439,-32.29776,True
242,4,72,l,1,3,41,3608.3877,3903.99445,14.706908,-14.364951,3.186698,-191.33379,-71.764902,-123.271709,-44.101361,False
242,4,75,l,1,3,41,2021.4662,7667.6746,23.635078,-22.766416,6.524846,-16.940114,-77.693626,-128.814092,-39.621158,True
242,4,83,r,4,4,54,2611.0713,5568.16299,14.195489,14.092555,1.723944,-35.894648,-65.431752,81.81406,-55.318747,True
242,4,111,l,7,1,27,1603.4071,7301.36377,19.724848,-18.990286,-5.434021,56.242468,-67.232471,-80.444844,-90.749029,True
242,4,137,l,7,2,46,2341.5283,4499.45447,10.721539,-9.444319,-5.098255,-49.214272,-70.696186,-56.426168,-101.375684,True
242,4,144,r,10,1,37,1625.883,8386.34133,12.790572,12.599006,-2.223451,-171.060905,-75.323148,103.050923,-93.666002,False
242,4,146,r,4,3,67,1257.4779,9931.0859,12.444362,12.1033,2.915322,105.48709,-64.818578,39.567257,-55.208466,True
242,4,167,l,1,1,35,1588.2328,10175.94624,28.145626,-25.965157,11.261023,14.154636,-75.998195,-134.33118,-14.907501,True
242,4,181,r,4,4,54,2355.9082,5462.11786,8.709685,7.968844,3.526536,-169.495365,-73.296734,64.323084,-44.703066,False
242,4,237,l,4,3,67,1385.7375,8570.114099999999,4.250952,-4.152118,-0.912118,-105.72195,-82.362531,-28.727538,-88.679322,False
242,4,237,r,4,3,67,1385.7375,8570.114099999999,10.150502,9.324829,4.027878,-72.315811,-77.16636,59.492719,-51.311965,False
242,4,238,r,4,1,63,1313.6311,8911.54765,6.376868,4.791507,4.212755,-255.432977,-75.287189,45.719872,-34.970117,False
242,4,289,l,8,2,20,676.34686,13306.1518,46.712454,-43.659285,18.602582,114.366597,-103.630145,-167.600308,-21.917054,True
242,4,314,l,7,3,33,1430.9806,8104.49704,18.297889,-16.802308,-7.352238,62.131379,-75.271484,-68.807609,-105.98452,True
242,4,321,r,8,3,7,1774.382,5779.29891,39.003001,38.855484,-3.693879,-49.591881,-72.890239,273.580749,-101.043732,False
242,4,352,l,1,4,48,447.06494,19053.3971,32.085223,-31.98074,2.736468,114.167012,-64.544468,-109.790475,-54.636449,True
242,4,436,r,4,1,63,739.7466,12074.0461,19.414612,12.706425,14.801806,85.097397,-81.523818,46.200942,-26.020011,True
242,4,443,r,4,4,54,2723.7344,6318.59866,8.538576,7.98938,3.022648,-195.652839,-68.896123,68.162259,-43.000284,False
242,4,477,l,1,2,29,1077.5605,12715.8037,25.309544,-23.510948,9.648997,46.016654,-78.166359,-106.142417,-32.929641,True
242,4,498,l,2,2,10,1372.7461,8972.8338,18.282896,-14.036243,11.835092,94.5,-65.262106,-48.875,-23.034231,True
242,4,500,r,4,2,59,2575.4563,5230.49403,14.697753,11.915909,8.667347,-19.729536,-69.803294,65.360078,-21.548843,True
242,4,571,l,6,1,57,2781.119,4839.89027,14.629896,-14.395625,-2.63565,-216.252201,-72.893212,-129.942266,-96.953075,False
242,4,578,l,2,2,10,909.7104,14101.8385,21.816065,-17.891489,12.693447,98.894425,-60.69599,-61.69407,-15.46404,True
242,4,600,r,10,2,31,2228.1606,8228.661487,26.041534,25.803818,-3.637526,25.710707,-65.897031,127.784162,-84.559316,True
242,4,699,l,2,1,17,620.68787,15452.3441,23.52075,-20.824559,11.186442,117.596686,-71.055237,-65.57445,-34.577916,True
242,4,712,r,4,3,67,291.53772,17507.7046,14.77418,14.395972,3.357174,125.728405,-68.776946,42.165467,-58.828246,True
242,4,719,l,2,1,17,2988.4062,5257.27447,15.4233,-12.275534,9.410151,-69.467112,-74.368155,-78.215724,-13.399363,True
242,4,723,l,1,4,48,2240.9958,6334.6755,20.15205,-19.095262,6.563882,-25.591711,-74.632897,-109.254205,-36.204815,True
242,4,755,l,2,2,10,1723.4319,8600.50999,9.487158,-7.651266,5.626082,-26.915595,-67.050735,-42.574215,-35.550779,True
242,4,765,r,5,3,18,339.63098,18134.153,30.588467,29.993181,6.306087,101.127098,-77.472153,109.015854,-53.372816,True
242,4,788,r,10,2,31,3737.4658,3740.1974,18.4155,18.079695,-3.560756,-97.90056,-74.644495,126.633314,-100.036096,True
242,4,801,r,4,1,63,2547.6245,5647.25506,8.430388,6.090362,5.84017,-158.54439,-74.152784,47.859253,-28.013143,False
242,4,851,r,4,4,54,2174.458,6521.7193,9.56265,9.073919,3.030712,-120.044293,-78.673857,65.487025,-56.688813,False
242,4,909,l,7,1,27,2051.3606,5406.8598600000005,11.306551,-11.278466,-0.801626,-94.278,-77.852455,-76.636142,-83.335126,False
242,4,911,r,4,2,59,2674.7673,5834.73892,11.437423,9.571557,6.290391,-178.172764,-71.844804,78.946455,-19.50894,False
242,4,940,r,4,2,59,3246.166,4047.08276,8.680294,7.667774,4.080725,-276.690867,-79.120644,76.295074,-38.326591,False
242,4,1003,r,4,3,67,3078.9617,4549.27804,6.078152,5.297356,2.984519,-158.389425,-69.634925,41.574958,-46.157037,False
242,4,1007,r,10,2,31,2411.3108,6123.15644,23.768952,23.637127,-2.574848,12.974194,-77.092955,121.24343,-90.691653,True
242,4,1008,l,7,2,46,2679.9602,4596.78582,10.229067,-9.144276,-4.603953,12.983732,-74.934829,-44.590404,-97.529412,True
242,4,1013,l,1,4,48,2492.5037,5914.32185,12.073514,-12.011637,1.229852,-225.769036,-70.427604,-109.739583,-59.107079,False
242,4,1047,l,2,2,10,2865.1946,5321.9368,8.230324,-5.750645,5.897905,-248.846064,-69.422172,-54.265072,-13.476211,False
242,4,1053,r,5,1,12,735.0093,14865.5428,31.288183,29.242874,11.655076,94.961361,-65.194796,109.195025,-19.087647,True
242,4,1083,r,4,3,67,320.10336,17739.7459,19.241708,18.471924,5.484661,137.518148,-71.204192,50.936642,-55.76776,True
242,4,1095,l,1,2,29,2815.9004,5343.81087,16.001952,-14.985741,5.677041,-146.043944,-72.799775,-116.721322,-27.927159,False
242,4,1100,r,8,2,20,2801.169,5088.32345,2.350515,2.323631,0.354584,-190.492459,-69.668713,19.497065,-66.692625,False
242,4,1213,l,2,2,10,641.58325,14510.4926,17.60473,-12.515749,12.481024,95.179748,-77.44607,-43.246796,-33.273452,True
242,4,1225,r,4,1,63,3304.1318,4645.52469,7.77684,5.665235,5.336409,-86.711307,-73.402698,37.36995,-38.042073,True
242,4,1239,r,4,4,54,298.29227,17523.0662,27.509097,26.904566,5.962265,131.962537,-76.002353,80.192817,-57.493838,True
242,4,1240,l,1,4,48,2359.2583,5863.339669999999,19.843794,-19.490478,3.802586,-46.534661,-79.317639,-119.110238,-55.590114,True
242,4,1248,l,2,3,24,2182.321,6117.13549,8.739285,-8.661876,1.165058,-190.027082,-70.134295,-73.127616,-60.259401,False
242,4,1250,l,2,2,10,3039.8745,5367.24036,7.975017,-6.501072,4.629152,-183.724592,-69.068667,-53.983074,-30.462847,False
242,4,1255,r,4,3,67,2486.0396,5739.98454,5.806195,5.293008,2.390025,-237.232211,-68.947801,48.844965,-46.847939,False
242,4,1273,l,1,3,41,1025.0742,12403.3629,31.903706,-31.813442,2.534911,60.711715,-66.022783,-142.239242,-54.077276,True
242,4,1357,r,4,1,63,2434.9712,6078.39142,8.055335,6.292941,5.038804,-126.976843,-71.8715,45.982676,-34.8833,False
242,4,1381,r,10,2,31,2503.769,5645.55088,24.306956,23.964743,-4.189918,9.392625,-75.923913,124.727609,-98.420058,True
242,4,1384,r,4,4,54,3562.8706,3542.2793,6.733956,6.14095,2.768443,-293.71569,-75.020402,62.8032,-46.631299,False
242,4,1389,l,7,2,46,2155.731,5014.7741000000005,7.382617,-6.499501,-3.508902,-105.84166,-76.894752,-45.096969,-101.324211,False
242,4,1405,r,4,3,67,2685.247,4817.82196,6.984784,6.188465,3.245167,-205.290801,-71.725081,53.704908,-43.477735,False
242,4,1427,l,2,3,24,2307.4446,5945.295,8.845027,-8.797639,0.917979,-254.11255,-74.372783,-84.210118,-65.550598,False
242,4,1466,r,10,3,43,3311.324,3351.46318,20.826584,18.992844,-8.707489,-38.920284,-72.047873,113.210388,-125.324151,True
242,4,1503,l,1,2,29,2499.3582,5417.4795,15.168536,-13.889634,6.157,-177.680868,-67.313502,-115.649523,-15.342571,False
242,4,1505,r,4,1,63,2872.2993,5553.54339,10.905851,9.702042,5.004792,-8.17339,-63.590259,50.97865,-37.099453,True
242,4,1511,l,1,4,48,2443.0754,5551.94015,18.438597,-17.947644,4.297948,-18.707742,-70.448317,-99.993443,-46.060854,True
242,4,1514,r,5,1,12,326.446,21049.3729,32.45333,29.571677,14.020465,125.400442,-72.445621,93.397968,-25.188073,True
242,4,1532,r,4,3,67,2049.226,7036.08232,6.799649,6.264495,2.649399,-250.600278,-71.735341,59.343771,-46.569479,False
242,4,1573,r,4,4,54,2353.4846,6166.17665,9.740312,9.100541,3.486582,-159.239169,-69.030242,71.960811,-41.310264,False
242,4,1579,r,4,2,59,1824.2335,7227.65028,17.933433,15.544902,9.054779,25.618513,-76.625279,73.542649,-32.892504,True
242,4,1591,r,4,4,54,1941.4657,7209.633,11.674554,11.063796,3.750053,-95.041927,-70.411783,75.289592,-44.696502,False
242,4,1623,l,1,3,41,444.5665,18637.6802,32.957016,-32.203972,7.41565,97.161687,-75.873808,-121.455439,-46.21157,True
242,4,1626,r,10,2,31,423.8977,16915.9392,36.269561,35.278427,-9.027656,113.079903,-60.295749,125.16643,-94.727989,True
242,4,1631,l,1,4,48,899.53534,14933.47435,27.260068,-26.936191,4.355712,86.604175,-75.981248,-103.350184,-58.603665,True
242,4,1684,r,4,1,63,1499.6592,8330.22891,19.083906,15.562331,11.185208,74.865487,-71.022694,59.914198,-26.863724,True
242,4,1688,l,1,2,29,3128.386,4782.25206,17.435773,-16.19338,6.552161,-90.135559,-71.056323,-110.39196,-25.590953,True
242,4,1697,r,4,1,63,3823.208,4161.83891,7.604664,5.800372,4.926419,-173.728058,-70.541407,47.106817,-30.364779,True
242,4,1721,l,1,3,41,493.85373,19608.7032,34.938362,-34.733656,4.038786,83.700931,-64.449597,-143.027606,-46.725079,True
242,4,1729,r,3,4,3,3672.6777,3796.10949,4.681338,3.499878,3.11092,-59.615896,-57.833436,21.382678,-38.796582,True
242,4,1740,l,7,4,39,386.74048,15369.3802,25.982947,-22.646911,-13.087211,143.583669,-76.16845,-61.087934,-113.04988,True
242,4,1763,l,2,3,24,3430.5178,5112.22426,10.769036,-10.71634,1.070314,-163.941252,-68.081578,-85.907181,-59.450207,True
242,4,1789,l,2,4,4,2811.4792,3703.31046,6.450107,-5.260176,3.738145,-188.339167,-73.316258,-44.03887,-41.931479,False
242,4,1798,r,4,1,63,3730.5122,3999.16755,7.274255,5.936493,4.211457,-119.855532,-66.708843,42.618302,-36.365807,True
242,4,1825,l,7,1,27,337.18866,19029.6574,29.975466,-28.803394,-8.681031,134.574264,-71.022584,-85.458011,-98.103962,True
242,4,1835,r,4,1,63,1553.176,9234.43173,12.630566,8.790509,9.105537,-60.556042,-74.629345,54.209485,-17.776809,False
242,4,1839,l,2,4,4,1187.4994,10028.7708,8.725027,-8.167355,3.079734,-21.137198,-72.910965,-44.654612,-55.999216,False
242,4,1860,l,1,3,41,1197.1798,10775.7807,26.221901,-25.864742,4.46987,27.97398,-80.722119,-127.033798,-57.958555,True
242,4,1861,l,1,1,35,532.1008,16250.9989,22.506256,-21.416257,7.087991,-30.884972,-76.552836,-125.858488,-33.693454,False
242,4,1871,l,1,4,48,655.8211,16291.5505,28.647892,-27.759665,7.377987,91.037582,-81.879466,-104.72205,-52.765764,True
242,4,1881,r,5,2,5,1967.886,7671.74655,25.781519,24.748811,7.462878,-5.690963,-68.929502,136.307958,-26.278518,True
242,4,1888,r,8,2,20,3544.4795,3412.4687,2.473721,2.453858,0.312949,-164.15741,-79.751363,19.46251,-77.268454,True
242,4,1919,r,10,1,37,3957.8777,3020.03891,13.605932,13.497738,-1.728568,-135.23921,-81.203829,102.073146,-94.401376,True
242,4,1933,r,4,1,63,1364.892,11484.123,8.943306,6.420885,6.238441,-119.496572,-66.937573,46.083548,-21.891439,False
242,4,1940,l,3,3,23,1977.1163,6841.586,7.143721,-5.882965,4.059735,2.189722,-60.887506,-29.655816,-40.352144,True
242,4,1968,r,8,4,14,3607.7854,2993.8245,7.621246,7.001278,-3.018427,61.660919,-88.489202,28.041685,-100.620039,True
242,4,1994,l,1,3,41,2285.7468,6230.2725,21.791783,-21.283093,4.793641,-46.096787,-74.579003,-130.924421,-44.330753,True
242,4,2017,r,4,1,63,1767.0889,7237.37451,14.41194,10.632599,9.785486,40.306565,-76.528429,46.875911,-32.711711,True
242,4,2091,r,4,3,67,2903.891,4684.04755,6.905086,6.496173,2.345967,-225.265137,-70.146996,58.672179,-48.901338,False
242,4,2150,l,2,2,10,3127.8167,5313.79207,6.440135,-4.618059,4.493622,-290.686086,-79.947512,-46.905109,-34.162932,False
242,4,2161,r,4,4,54,3067.902,5308.26998,13.775525,13.194709,3.993465,-50.393179,-71.919663,79.805338,-47.511694,True
242,4,2181,l,7,1,27,290.20105,17491.4714,25.979294,-25.159528,-6.696603,110.244418,-75.416097,-84.431516,-98.73394,True
242,4,2184,r,10,1,37,2042.9275,6805.79531,24.641593,24.047123,-5.547393,37.793715,-70.766148,112.53811,-97.589392,True
242,4,2232,r,10,3,43,288.65555,17522.0032,33.510162,31.833209,-11.066918,121.245585,-70.211018,104.76763,-109.061798,True
242,4,2293,r,4,1,63,1330.1488,9239.54324,16.739687,13.023803,10.608826,69.157306,-68.935519,51.0822,-26.478582,True
242,4,2299,l,1,4,48,460.3722,17697.7895,26.643686,-26.000321,6.033656,80.415535,-75.590215,-102.222628,-50.943016,True
242,4,2305,l,7,2,46,2507.365,4566.28551,7.338913,-7.224991,-1.291509,-38.762738,-78.017173,-41.678087,-85.488418,True
242,4,2312,r,4,3,67,465.46466,15180.0079,19.08148,17.502851,7.7215,108.355146,-68.356094,57.282339,-42.531716,True
242,4,2344,r,4,3,67,3719.0479,3014.33895,4.984952,4.844066,1.178168,-247.450372,-74.939631,45.547266,-63.846911,False
242,4,2352,r,5,3,18,1804.3575,6677.10039,18.506963,17.948832,4.586962,-47.147358,-78.720906,109.213037,-50.288124,False
242,4,2362,r,4,4,54,4084.0674,3838.73453,8.935216,8.680595,2.126028,-260.868467,-70.797586,84.103794,-50.110597,False
242,4,2366,r,5,3,18,1534.8857,8312.38179,22.474064,21.108883,7.896129,41.765826,-78.318871,95.829816,-41.414241,True
242,4,2385,l,2,2,10,2313.21,5979.88114,13.407116,-8.483639,10.419933,-37.669837,-78.061223,-48.87493,-17.138091,True
242,4,2426,l,2,4,4,923.19196,11855.9091,13.152308,-12.939006,2.379477,54.767528,-74.644416,-54.043996,-64.615002,True
242,4,2449,r,4,3,67,1061.6987,11184.0276,7.953008,7.174247,3.441292,-126.903069,-74.989448,52.476737,-49.721493,False
242,4,2457,l,2,4,4,1353.6454,8282.97637,14.134729,-13.703394,3.498848,95.363782,-77.215978,-47.45941,-64.966773,True
242,4,2482,r,8,2,20,3905.215,2520.12963,2.539564,2.481893,0.538308,-204.218931,-71.070132,21.421583,-66.422327,False
242,4,2525,r,4,4,54,3168.914,2830.07532,6.978724,6.344285,2.913308,-263.818878,-76.919902,61.575484,-48.562015,False
242,4,2542,l,1,4,48,551.94165,15578.6595,26.474032,-25.911765,5.625249,73.115173,-79.534707,-105.368653,-55.784847,True
242,4,2556,l,6,1,57,499.35266,15180.3169,21.948038,-21.847216,-2.15471,-67.57469,-80.424729,-143.361592,-94.919316,False
242,4,2564,l,2,4,4,1880.6973,9802.66592,9.590746,-8.686395,4.081277,-101.737594,-69.780952,-59.849078,-41.505189,False
242,4,2587,l,2,1,17,320.85352,20492.8412,29.714066,-26.565051,13.826574,134.75,-73.744566,-77.625,-31.025139,True
242,4,2599,r,5,1,12,2495.1445,7061.88543,18.795573,17.787117,6.174601,-27.941606,-66.635736,102.001029,-30.512046,True
242,4,2611,r,5,3,18,347.15234,19421.4245,31.771622,29.99097,11.013112,104.500455,-75.904115,107.059234,-34.221468,True
242,4,2617,l,2,1,17,2029.7305,6505.65481,9.191383,-7.677484,5.068708,-208.209328,-74.999165,-67.161186,-30.409711,False
242,4,2638,r,5,2,5,3574.3257,4450.70196,17.20164,15.514186,7.523169,-156.129502,-70.419482,123.841623,-9.274001,True
242,4,2648,r,4,3,67,2321.7192,5499.2576,8.368341,7.391054,3.935414,-110.203069,-73.720358,51.913765,-45.958057,False
242,4,2674,l,2,2,10,2990.3018,5123.77876,10.844463,-7.724676,7.63451,-107.51574,-72.248955,-53.920578,-18.477362,True
242,4,2680,r,3,4,3,3371.9187,4646.70681,4.898574,3.587234,3.338015,-100.931601,-62.358613,24.507883,-39.512628,True
242,4,2745,l,7,2,46,2610.825,4600.88854,4.80526,-4.690376,-1.045627,-137.351987,-78.463538,-35.062465,-86.289633,False
242,4,2772,r,4,2,59,2275.453,6139.4983,10.667978,9.491576,4.89236,-193.169725,-74.261458,80.781855,-32.330051,False
242,4,2797,l,7,1,27,1809.9894,6549.22283,17.170673,-15.695682,-7.051884,26.725159,-66.522454,-73.98181,-100.351999,True
242,4,2807,r,4,1,63,632.3817,13787.7301,21.502889,17.790724,12.27825,109.08487,-72.593793,58.053187,-31.242379,True
242,4,2818,l,1,1,35,1561.2316,8515.20573,18.603047,-17.545203,6.283477,-103.481845,-73.451425,-124.40573,-28.011591,False
242,4,2869,l,7,1,27,516.4275,14158.6727,16.357289,-16.333784,-0.888777,87.395753,-81.960298,-59.37533,-85.235554,True
242,4,2870,r,10,2,31,2841.9473,5044.38224,22.454995,22.255993,-3.061687,-35.567351,-72.203045,133.232875,-91.018544,True
242,4,2881,l,2,2,10,1166.5795,9349.58237,14.444616,-10.814385,9.633418,71.292561,-69.25425,-41.777586,-31.460215,True
242,4,2895,l,1,3,41,2265.1604,6467.56429,22.498946,-22.234842,3.527841,-48.671548,-73.946029,-138.449604,-51.389516,True
242,4,2905,r,4,1,63,1899.1744,7568.084,10.936537,8.490868,6.9184,-115.770062,-66.366566,60.576624,-16.58514,False
242,4,2916,r,4,2,59,2639.2036,5580.24474,14.252609,12.996451,5.901604,-42.590101,-72.863271,76.762779,-37.580207,True
242,4,2918,r,4,1,63,284.58777,19685.1567,23.830377,21.20004,11.143542,132.12434,-71.290093,61.23606,-37.934091,True
242,5,13,l,1,4,48,1375.983,10070.0925,25.962479,-24.816855,7.881146,44.585262,-81.691227,-113.48515,-44.263091,True
242,5,17,l,2,1,17,3355.4502,3958.33231,8.633524,-7.162425,4.833142,-262.691522,-73.155628,-69.452964,-26.055319,False
242,5,43,r,4,1,63,1810.9924,8155.76581,8.455232,5.90119,6.066071,-218.968895,-77.300084,52.607501,-22.923667,False
242,5,62,l,7,2,46,1292.5087,8265.68682,9.963528,-9.735663,-2.128961,22.513146,-70.999334,-45.893742,-81.088318,True
242,5,69,l,1,4,48,3183.7751,5813.91587,17.3379,-16.608897,5.046285,-101.309055,-70.386758,-116.720461,-34.328696,True
242,5,77,l,1,2,29,315.59515,22269.4872,34.611951,-30.966624,16.296101,95.319579,-76.217372,-116.821506,-9.842636,True
242,5,130,r,4,1,63,2091.843,6662.8898,7.261662,5.834576,4.33063,-146.435061,-69.971569,44.597566,-36.7491,False
242,5,152,r,5,3,18,2971.1538,5115.90917,17.75936,17.467865,3.255618,-70.976967,-70.472077,113.593054,-48.946149,True
242,5,157,l,2,1,17,485.79678,17393.4651,24.812762,-22.015043,11.742351,119.749921,-72.045862,-68.837498,-33.874239,True
242,5,182,l,1,4,48,2359.1665,6591.7207,15.73773,-15.307149,3.700647,-136.797155,-69.760286,-116.81573,-41.140406,False
242,5,182,r,1,4,48,2359.1665,6591.7207,27.171292,26.898636,-3.991338,-142.865084,-72.886811,219.592037,-106.754086,False
242,5,227,r,10,1,37,1193.145,9818.9179,25.067822,24.656044,-4.673425,82.428676,-68.64139,95.27928,-87.312181,True
242,5,246,l,2,1,17,382.96475,18232.5491,24.787763,-21.668225,12.339883,133.375162,-73.596019,-62.227999,-36.726784,True
242,5,288,l,1,1,35,3094.0576,5340.45302,18.964959,-17.412881,7.633374,-107.839538,-78.072387,-124.773587,-22.192578,True
242,5,294,r,4,3,67,3730.807,3287.92772,6.821126,6.134903,2.98745,-279.288902,-74.667423,61.190213,-44.78616,False
242,5,296,r,4,3,67,1272.4869,8343.69003,12.512297,11.530288,4.892255,88.702537,-72.047946,41.065261,-54.463201,True
242,5,315,r,4,3,67,803.34924,12335.6206,14.832156,13.516763,6.164257,102.41142,-68.11091,45.094085,-47.273504,True
242,5,338,l,8,3,7,2384.832,5015.93077,4.689669,-4.405362,-1.609625,-43.018153,-81.228328,-25.655699,-90.614084,True
242,5,366,l,7,1,27,1661.5692,6877.9479,18.213499,-18.145753,-1.596558,51.855336,-75.698822,-78.048215,-82.683873,True
242,5,376,r,4,4,54,2955.7988,4420.69797,13.07897,12.16953,4.828437,-38.472501,-71.97414,70.835443,-43.589491,True
242,5,398,r,4,1,63,1884.4669,7062.42321,11.309027,9.035407,6.829581,-79.267589,-71.203663,58.720181,-26.422128,False
242,5,429,l,1,4,48,2319.5498,6101.98038,17.203972,-16.919717,3.161019,-54.960308,-80.813502,-104.936634,-60.900687,True
242,5,457,l,7,2,46,1473.4338,7700.28646,10.185594,-9.744796,-2.978423,-14.327889,-73.754872,-52.264636,-89.820911,True
242,5,470,r,3,4,3,2056.1895,7041.72646,7.312336,5.417646,4.91849,23.32713,-50.435094,25.290875,-27.383497,True
242,5,497,r,4,3,67,1862.1257,6894.55276,8.735644,7.821894,3.901816,-60.75108,-72.94883,48.183474,-48.801181,False
242,5,512,l,1,2,29,2306.6987,7431.78369,21.402076,-19.82614,8.228037,-27.368023,-74.013786,-114.423105,-25.230226,True
242,5,524,l,1,2,29,2103.934,8978.30947,23.411325,-21.220825,10.124566,-7.867162,-77.622306,-115.659628,-20.563264,True
242,5,546,r,4,2,59,2780.6116,6053.97458,10.959252,8.84088,6.502339,-238.038523,-74.741182,82.130507,-13.833309,False
242,5,572,r,4,1,63,1590.7036,8939.00257,7.744579,5.618568,5.338695,-120.706842,-76.678172,40.404541,-38.112992,False
242,5,593,r,4,3,67,416.48874,16682.21,15.845649,14.449939,6.573017,105.219619,-73.647041,47.61525,-51.659862,True
242,5,597,r,10,2,31,2631.5342,6049.92566,18.943202,18.531924,-3.996727,-79.326984,-70.615014,123.803943,-97.830904,True
242,5,706,l,2,1,17,1503.06,11320.66217,14.348998,-12.420617,7.242033,-57.645891,-72.635563,-76.566057,-27.399798,False
242,5,715,r,4,3,67,2251.376,5728.49687,8.933972,8.042412,3.903292,-75.713375,-73.591094,51.67375,-48.390291,True
242,5,733,r,5,1,12,1978.8158,7310.82805,16.184572,15.205394,5.610645,-142.023541,-66.773333,117.421877,-22.792322,False
242,5,751,r,10,1,37,429.10428,17442.341,30.260503,29.710966,-6.022424,126.232444,-69.617444,93.452909,-89.510063,True
242,5,772,r,10,1,37,2761.5908,5272.24234,16.896576,16.819262,-1.63837,-97.590969,-78.278757,117.162806,-89.860358,True
242,5,791,r,4,1,63,861.15607,12057.8742,16.744821,13.532746,9.955266,125.038094,-67.705888,39.703579,-37.924598,True
242,5,834,l,2,2,10,278.97165,21691.6817,24.391056,-17.938647,16.806888,105.974913,-76.628636,-59.575593,-18.203834,True
242,5,862,l,10,4,50,3192.401,3289.72975,27.882403,-27.85679,-1.245764,-13.379825,-69.182206,-160.338527,-76.64425,True
242,5,889,r,4,1,63,2429.851,6357.605680000001,9.322922,5.03872,7.854137,-133.315579,-78.366909,37.323597,-19.745813,False
242,5,930,l,1,3,41,2718.7773,6344.2979,20.935162,-20.305059,5.208805,-61.527277,-70.331741,-130.069175,-36.162444,True
242,5,934,r,4,1,63,3526.565,4823.56325,6.444665,5.129737,3.906445,-285.33636,-71.53892,51.6484,-32.09342,False
242,5,942,r,5,3,18,369.11926,18384.7923,33.69428,33.614752,2.462825,119.99009,-68.87407,113.017418,-60.093493,True
242,5,984,r,4,3,67,2926.4778,4134.73527,5.38386,5.027095,1.929721,-194.228491,-78.245562,42.595255,-61.867582,False
242,5,990,r,4,1,63,1721.9956,7829.775180000001,7.541928,6.069211,4.485609,-195.316229,-73.390346,51.601587,-35.103173,False
242,5,993,r,4,2,59,2075.7715,7523.313,18.304851,14.613264,11.145957,17.864336,-71.86809,70.953308,-16.458005,True
242,5,995,r,5,3,18,1373.3304,9538.1458,16.001539,15.839795,2.299022,-61.052108,-71.259837,99.601134,-56.609853,False
242,5,1019,r,10,2,31,3566.9846,4917.33872,20.765137,20.691737,-1.783964,-79.750948,-75.273753,139.656304,-87.584136,True
242,5,1022,l,2,4,4,1128.7277,9687.7536,13.845026,-13.202191,4.207304,110.009527,-69.000298,-42.223647,-55.400106,True
242,5,1037,l,3,3,23,2700.562,5384.44844,5.783294,-5.000776,2.908647,-16.394235,-57.655175,-26.810205,-42.028068,True
242,5,1074,l,2,4,4,1992.572,6155.52462,11.613222,-11.365627,2.401102,27.941422,-73.176455,-52.67669,-61.968096,True
242,5,1111,l,7,3,33,353.52817,15800.5512,26.599764,-21.248081,-16.387745,132.842614,-69.109078,-61.109105,-118.69751,True
242,5,1126,r,5,3,18,2174.4417,6696.88785,15.107055,14.493909,4.306645,-162.258527,-73.256622,116.910712,-38.078822,False
242,5,1132,l,7,2,46,1639.0693,7085.25327,6.792283,-6.566371,-1.741024,-100.973254,-74.086867,-45.004615,-86.049346,False
242,5,1195,r,10,2,31,1766.1708,7941.288500000001,20.315047,20.075113,-3.179323,-44.559482,-71.10377,122.266633,-90.889553,False
242,5,1227,l,2,2,10,1835.9113,9236.54013,9.767984,-7.475204,6.305621,-128.867116,-62.738883,-54.9605,-16.057193,False
242,5,1262,l,8,1,1,2150.6997,5794.74557,3.070591,-2.917719,0.957203,-208.058435,-71.370599,-25.384974,-63.038291,False
242,5,1268,r,5,3,18,3019.3752,4815.20075,12.444433,11.747682,4.134755,-224.195292,-73.648285,106.931076,-35.681527,False
242,5,1354,r,4,3,67,746.53894,12978.7272,15.971022,14.635385,6.46473,80.755442,-70.892712,54.642141,-46.387666,True
242,5,1359,l,2,4,4,2389.362,5387.26886,8.030555,-7.973929,0.955075,-100.266671,-71.071183,-54.667326,-64.501627,False
242,5,1376,r,5,3,18,2054.4978,6345.0781,15.214601,14.502024,4.651844,-169.279988,-78.236933,118.795194,-39.635971,False
242,5,1448,r,10,1,37,362.88742,18426.4243,30.184691,28.362749,-10.786779,121.213465,-54.890857,91.12077,-91.435107,True
242,5,1577,l,6,1,57,2271.8635,4717.32976,16.314012,-16.06301,-2.889045,-168.771866,-75.93267,-132.096897,-100.025752,False
242,5,1595,l,8,3,7,3204.4102,3397.80752,5.787391,-4.432738,-3.72457,-69.986493,-71.708381,-27.906371,-95.212993,True
242,5,1602,l,2,4,4,2496.4932,6529.22519,7.658973,-6.937231,3.253688,-164.16262,-72.670368,-55.259175,-46.661405,False
242,0,41,l,6,1,57,669.5677,14153.83149,25.098448,-25.018348,-2.071378,2.911562,-74.380811,-133.983481,-85.839393,False
242,0,63,r,10,1,37,3090.52,5528.51448,17.332537,16.672902,-4.804877,-20.80222,-66.432752,93.084932,-93.70475,True
242,0,68,l,1,4,48,616.6307,16453.309999999998,32.768546,-32.074011,7.100752,101.478755,-77.158988,-118.140029,-49.444679,True
242,0,72,r,3,4,3,1677.3856,7691.43238,7.770504,5.69853,5.291495,26.885087,-65.680997,26.255544,-41.190928,True
242,0,124,r,10,1,37,1731.3146,8393.454249999999,21.418163,21.373783,-1.411526,40.944368,-78.577273,97.472396,-85.167446,True
242,0,127,r,4,1,63,2691.4443,5968.59648,8.168733,4.793182,6.62239,-272.232741,-81.727164,47.144631,-16.222871,False
242,0,139,r,7,4,39,665.15283,15606.5063,19.988144,15.743936,12.474085,-28.314642,-70.387687,89.737643,2.774696,False
242,0,155,l,7,2,46,2357.7468,5186.78098,6.660893,-6.589572,-0.974283,-171.026664,-74.704203,-53.257577,-82.5966,False
242,0,170,r,4,1,63,2131.009,6113.55529,10.558364,8.745145,5.939363,-90.470807,-61.367255,58.527056,-21.319642,False
242,0,171,r,4,3,67,1925.5824,6677.05315,7.976696,7.168681,3.507416,-128.078935,-71.032225,52.583489,-45.205218,False
242,0,214,r,4,1,63,3168.4248,5194.53426,7.021233,5.899757,3.813401,-183.229703,-68.709325,48.901502,-36.9983,False
242,0,217,l,2,4,4,1990.6963,7406.975479999999,12.408893,-11.744548,4.034212,54.004996,-66.420765,-49.063606,-49.42088,True
242,0,236,l,7,2,46,2599.3267,5383.02732,7.29493,-7.280566,-0.458811,-151.675584,-75.991282,-56.427683,-79.55694,False
242,0,261,l,2,1,17,1039.9585,11807.3719,20.484047,-18.973007,7.867867,76.062523,-71.797633,-73.551861,-40.535209,True
242,0,275,r,5,1,12,2114.1526,6545.84635,15.107699,14.092541,5.500531,-134.83088,-69.543505,106.651351,-27.363513,False
242,0,289,r,5,1,12,2708.3354,6139.56183,14.319597,12.584947,6.887381,-180.739735,-72.457587,105.092952,-14.197249,False
242,0,307,l,2,4,4,3508.9597,3934.32776,6.286734,-6.021789,1.80918,-198.055118,-74.397205,-51.484324,-58.895643,False
242,0,330,r,4,2,59,3973.3054,3317.43957,8.865257,7.162604,5.237655,-231.089989,-77.643481,65.483466,-29.499561,False
242,0,347,r,10,2,31,347.13098,18310.62871,35.611616,34.799725,-8.08867,115.23276,-75.821056,121.465152,-106.068566,True
242,0,374,r,4,4,54,2849.816,5908.17864,8.62568,8.294132,2.376816,-202.780334,-78.0101,71.837335,-57.340031,False
242,0,384,l,7,1,27,1525.5571,7363.467360000001,9.149115,-9.025213,-1.506863,-132.322241,-71.929987,-67.079791,-83.178772,False
242,0,443,l,1,3,41,2413.9602,6566.4119900000005,24.411919,-24.235486,3.02233,-8.75188,-67.217536,-134.486885,-49.919296,True
242,0,477,l,2,3,24,1202.4165,9669.5008,9.85263,-9.092526,3.810831,-255.611358,-79.61713,-87.319784,-42.811583,False
242,0,489,l,2,4,4,2774.2458,4326.14207,9.831628,-9.089509,3.763077,-55.563482,-76.439211,-55.28541,-53.421534,True
242,0,518,l,7,1,27,1559.6791,7412.2436,19.908444,-19.393056,-4.589832,58.774241,-72.419737,-81.395945,-92.098961,True
242,0,547,l,7,2,46,3232.2532,3715.50483,9.625028,-8.741035,-4.045079,-22.322583,-76.312823,-48.021017,-98.659033,True
242,0,565,r,4,2,59,2617.8958,6413.04105,7.382511,6.7191,3.065665,-251.884204,-68.452052,63.839904,-39.229615,False
242,0,568,r,5,1,12,679.6572,15008.9883689,29.772447,27.344328,12.260039,99.444595,-75.568279,98.539754,-28.950738,True
242,0,596,r,4,1,63,3038.4775,5565.74346,8.692146,6.837692,5.379308,-207.808316,-73.612995,59.692216,-26.401844,False
242,0,597,r,8,2,20,1833.8198,6657.37075,5.075111,5.052003,0.484379,-2.424448,-77.357185,25.85129,-74.875327,True
242,0,609,l,1,3,41,1865.3776,9481.50929,24.458107,-24.246967,3.308324,4.675791,-68.48902,-128.511018,-50.399995,True
242,0,620,r,4,4,54,3375.1028,3917.82751,12.31598,11.781924,3.613061,-93.137164,-72.287266,79.915383,-47.573972,True
242,0,622,r,10,1,37,3482.7478,4519.91807,10.401895,9.916817,-3.155282,-255.162742,-69.909629,95.311021,-100.41799,False
242,0,657,r,4,2,59,1902.897,8579.28067,18.028013,15.864169,8.676047,39.62674,-68.175572,71.151449,-28.457426,True
242,0,668,l,7,2,46,1857.3373,6274.91156,7.696061,-7.094313,-2.990961,-118.431399,-77.158128,-50.83165,-98.663139,False
242,0,677,r,10,2,31,307.74445,18775.9869,35.927372,35.70427,-4.293248,117.929617,-73.911319,123.664559,-89.818965,True
242,0,681,r,10,1,37,344.33215,16699.003,29.845422,29.652504,-3.553372,100.897153,-81.633627,107.654698,-95.146033,True
242,0,708,l,2,1,17,1967.1161,8025.48153,20.122386,-16.682663,11.415443,2.841821,-76.033359,-86.056878,-15.50384,True
242,0,756,r,4,1,63,2276.4438,5548.25641,14.739431,10.825029,10.063796,11.216894,-67.605273,53.306945,-17.231782,True
242,0,838,r,10,2,31,3360.1123,4861.89446,20.510865,20.433892,-1.814501,-58.547404,-75.718745,129.858363,-87.502044,True
242,0,854,r,8,2,20,1801.1492,6538.70225,3.256949,3.19526,0.631224,-77.462018,-77.494831,20.51382,-73.440059,False
242,0,858,r,4,2,59,926.0969,11637.2481,19.714551,17.148562,9.875509,83.039766,-73.076488,63.861346,-35.371044,True
242,0,865,l,4,4,54,813.0576,12510.16558,23.345045,-18.840618,14.043151,-18.603206,-77.14857,-105.301289,4.41172,False
242,0,865,r,4,4,54,813.0576,12510.16558,14.862663,13.362457,6.567264,-1.540072,-76.734399,69.252802,-42.236919,False
242,0,946,l,7,2,46,2472.361,4582.55578,12.239485,-11.090644,-5.209862,-25.874721,-72.060841,-61.918591,-101.410645,True
242,0,952,l,2,4,4,518.5703,15729.3825,18.770014,-16.853026,8.386413,86.096961,-82.648054,-61.767923,-51.238696,True
242,0,972,l,7,2,46,3556.412,3570.5497,7.65307,-7.177622,-2.662395,-161.054323,-74.558365,-56.80244,-95.698524,True
242,0,985,r,4,3,67,3608.1267,3586.26035,5.91856,4.664955,3.646498,-173.350672,-76.018591,37.809051,-46.391358,True
242,0,1034,l,7,1,27,268.24365,18158.0338,25.323745,-24.848635,-5.045244,139.525795,-76.189856,-69.683903,-90.829727,True
242,0,1080,r,4,1,63,2650.3281,5993.75823,6.991903,5.318674,4.545086,-184.631425,-70.039369,44.186258,-32.146098,False
242,0,1083,l,6,1,57,2344.4229,6006.78619,20.376269,-20.221874,-2.557752,-44.824143,-69.850931,-123.336449,-85.790302,True
242,0,1109,r,4,1,63,1911.2284,6774.461,9.518686,8.088698,5.034587,-76.783795,-65.88792,52.127247,-33.250686,False
242,0,1117,l,1,4,48,1139.411,11157.2416,25.716936,-25.206259,5.274937,71.998481,-68.371214,-102.612818,-46.125805,True
242,0,1133,l,1,1,35,1772.731,10111.44831,25.488921,-24.45107,7.431553,14.537386,-68.35216,-125.251557,-28.881636,True
242,0,1178,l,1,1,35,2237.9595,7764.80649,23.11687,-21.042867,9.795354,-48.296601,-74.593264,-130.150379,-12.014278,True
242,0,1191,r,4,3,67,484.6256,15917.381,18.026697,17.953775,1.647166,108.700795,-69.543732,58.746016,-64.063356,True
242,0,1221,l,1,2,29,1406.3466,12085.80128,27.319333,-25.27155,10.737156,34.899632,-75.516336,-120.430454,-22.023734,True
242,0,1227,r,5,3,18,3099.4197,5528.10398,18.088873,17.6021,4.235755,-68.112759,-70.063431,113.614507,-42.237772,True
242,0,1228,r,5,3,18,2563.2637,5362.19583,15.196155,14.557672,4.406487,-163.950396,-76.805835,117.887175,-40.664233,False
242,0,1237,l,2,1,17,1383.1143,10227.8208,21.080187,-18.103032,10.986716,75.288878,-69.537173,-70.190986,-25.682376,True
242,0,1260,r,4,3,67,839.28436,11666.078,18.770694,17.444832,7.039835,104.102622,-72.670233,58.416489,-48.606934,True
242,0,1269,l,8,1,1,3608.567,3996.04372,2.825847,-2.699978,0.834293,-198.009928,-74.916673,-23.013773,-67.802278,False
242,0,1321,r,4,3,67,3725.4407,3244.07424,7.255454,7.007427,1.885557,-201.973645,-77.578698,60.471501,-61.260509,False
242,0,1335,r,5,3,18,2147.6458,5818.16822,20.472038,20.275847,2.8889,0.423539,-69.531418,106.978834,-53.953038,True
242,0,1363,r,4,3,67,3097.4822,4244.19726,6.533857,5.574457,3.413724,-236.089439,-72.548011,51.346742,-41.016959,False
242,0,1390,r,10,2,31,339.27795,16932.1203,32.67701,32.555848,-2.980073,101.907023,-80.277954,120.086353,-91.89537,True
242,0,1429,l,6,1,57,3556.5422,1487.12284,18.321518,-18.185014,-2.271051,-160.586899,-78.643921,-148.014856,-97.452766,True
242,0,1466,r,10,1,37,450.86316,16798.9829,31.228864,30.571463,-6.706974,113.191475,-64.100796,104.445443,-88.24964,True
242,0,1491,l,2,1,17,2725.5193,5734.6749,11.31983,-9.821563,5.655936,-192.285183,-74.50972,-83.492048,-26.035384,False
242,0,1505,l,7,1,27,341.60077,17129.859,26.841936,-24.427419,-11.484846,134.334807,-60.831135,-70.702704,-95.568157,True
242,0,1511,r,10,1,37,2058.622,8528.86952,24.668175,24.329508,-4.203483,51.882037,-74.353018,107.66205,-93.559573,True
242,0,1537,r,4,3,67,2074.8574,7405.01454,10.272713,9.622334,3.614191,53.66272,-69.956465,40.068226,-54.815596,True
242,0,1548,l,1,2,29,344.86737,23321.1835,34.830332,-30.905548,16.926079,98.365303,-76.226202,-114.716206,-8.257286,True
242,0,1566,l,2,1,17,2892.1182,5060.4892,8.369553,-7.544783,3.633468,-217.965456,-70.413844,-67.278877,-37.875771,False
242,0,1593,l,7,3,33,399.89258,15579.95636,29.157383,-26.565051,-12.482522,134.75,-73.545724,-77.625,-111.970778,True
242,0,1630,r,4,4,54,2238.2158,6090.35731,16.185059,15.601489,4.36146,7.064106,-78.162505,79.005049,-55.757716,True
242,0,1643,l,6,1,57,1530.8746,7035.86178,22.341745,-22.310299,-1.216421,-3.370274,-81.836732,-120.381527,-88.570131,True
242,0,1661,r,4,1,63,2344.9348,5534.32477,7.680581,5.624131,5.239155,-285.388622,-75.56535,56.662018,-22.549186,False
242,0,1662,l,2,3,24,3564.1064,4424.42274,9.152101,-8.88591,2.200098,-183.061416,-74.560448,-73.960257,-56.165674,False
242,0,1690,l,3,1,16,3434.3713,5107.76732,7.022624,-3.553956,6.060842,-152.532812,-62.58631,-27.484787,-15.508534,True
242,0,1727,l,2,2,10,3361.3882,4945.40673,8.901696,-6.639896,5.942247,-134.320783,-75.709928,-49.395032,-31.24616,True
242,0,1732,r,4,2,59,2157.0176,6292.06797,10.31634,8.346138,6.085337,-137.867616,-76.796119,62.771055,-30.692736,False
242,0,1739,l,7,2,46,2583.472,4579.96097,10.314821,-9.235349,-4.613962,-27.60532,-70.055714,-51.641945,-96.024143,True
242,0,1780,r,5,1,12,2696.7073,5946.9104705,13.907011,12.641947,5.843147,-194.341837,-71.499006,108.635597,-20.70133,False
242,0,1878,l,2,2,10,523.3704,15968.4804,14.12925,-11.495345,8.271304,75.515185,-65.479959,-43.619281,-33.661459,True
242,0,1895,l,7,3,33,292.61935,16979.63,28.201201,-26.865136,-8.915947,133.748328,-79.774397,-79.151486,-107.253008,True
242,0,1897,l,7,2,46,2376.1833,4215.60653,5.477248,-5.233842,-1.616917,-198.662499,-72.525341,-44.762812,-86.377067,False
245,1,36,l,1,4,48,1432.6774,9134.97423,18.706134,-18.045162,5.012825,-88.439194,-73.216431,-123.292217,-38.30472,False
245,1,93,r,4,3,67,2119.9343,7296.84417,5.289455,4.649824,2.524177,-263.920979,-74.346588,45.052263,-49.847056,False
245,1,125,r,4,2,59,1082.5511,10139.5069,19.807277,16.71977,10.774951,78.595789,-80.220877,63.503823,-38.213199,True
245,1,137,l,2,4,4,1232.9125,9402.25726,9.644152,-9.620577,0.677116,25.14942,-67.895821,-44.893966,-64.721045,True
245,1,208,l,1,3,41,1975.089,8753.10156,19.200801,-18.613972,4.796491,-114.599731,-75.039775,-136.2727,-39.215603,False
245,1,261,l,1,4,48,2209.7097,7269.62152,19.857184,-19.002914,5.871218,-13.216914,-73.070726,-104.423204,-40.093027,True
245,1,264,r,4,1,63,3530.0818,4133.37937,6.277967,4.550211,4.329883,-252.38181,-74.653328,43.164668,-33.457098,False
245,1,288,r,5,2,5,1980.8584,7576.97593,24.873845,22.900984,9.981298,-25.154094,-78.012782,133.132677,-17.802853,True
245,1,290,l,1,4,48,2944.2922,6082.63593,18.335145,-17.711783,4.818181,-70.074313,-70.496728,-114.995968,-38.635102,True
245,1,310,l,2,1,17,3167.6226,5737.458960999999,8.648883,-7.11409,4.931335,-269.030349,-75.227762,-69.770521,-26.619752,False
245,1,314,r,10,2,31,2733.6902,6054.16295,23.189736,22.912382,-3.676279,0.225016,-71.488308,122.479547,-91.701547,True
245,1,346,r,4,3,67,3805.3281,2944.23338,5.903234,4.927739,3.254488,-233.709166,-74.495394,45.153135,-44.605399,False
245,1,363,r,5,1,12,1603.7277,8717.6893,20.01736,18.917118,6.668316,-10.57396,-70.39346,103.009804,-33.24626,True
245,1,374,r,4,3,67,1139.2808,9831.6816,16.076157,15.049897,5.718344,118.355533,-64.666554,46.152245,-46.868173,True
245,1,377,l,1,3,41,782.858,14085.4635,32.747277,-32.559331,3.713771,73.513164,-70.406579,-138.232696,-53.734475,True
245,1,435,r,4,3,67,3234.7993,3973.81772,7.076341,6.974423,1.199643,-113.890098,-67.513853,49.408459,-58.993031,True
245,1,438,r,4,3,67,3292.009,4899.69549,5.883773,4.61376,3.655257,-195.62731,-74.65265,39.190029,-43.528487,False
245,1,456,l,2,1,17,476.32953,17741.2166,25.479226,-22.931942,11.418049,93.491729,-71.128985,-83.137472,-28.035819,True
245,1,483,l,6,1,57,1393.8943,7729.5491,28.523797,-28.082921,-5.21239,19.848653,-72.424005,-144.143913,-100.35727,True
245,1,538,r,4,1,63,3200.271,4745.40578,9.188727,6.994702,5.973645,-135.317681,-78.886476,52.182524,-34.047861,True
245,1,589,r,4,2,59,2156.7268,6396.18111,9.610408,7.50974,6.014256,-232.04215,-74.595614,68.818438,-19.11961,False
245,1,608,r,4,1,63,3043.668,4855.667,5.977629,4.046959,4.403003,-258.074085,-73.023389,38.776493,-30.717002,False
245,1,617,r,4,2,59,884.9696,12652.61699,24.293623,21.976542,10.621272,103.150306,-71.8985,75.403203,-34.113132,True
245,1,627,l,1,2,29,3309.34,5145.42024,13.801626,-13.132156,4.284158,-189.781756,-67.775348,-111.932595,-30.868616,False
245,1,659,r,4,3,67,654.53357,13041.3286,18.489602,17.789254,5.124203,139.211663,-65.512931,48.381644,-51.312243,True
245,1,694,r,4,3,67,2346.528,5497.99077,8.917304,7.802293,4.33113,6.259336,-78.873884,38.879203,-57.183476,True
245,1,729,l,1,2,29,2360.4446,6297.88984,14.694341,-13.291118,6.32379,-186.277907,-78.112308,-112.509367,-23.877863,False
245,1,729,r,1,2,29,2360.4446,6297.88984,16.295455,10.375439,12.635135,-142.667149,-70.012374,79.217581,28.591094,False
245,1,735,r,4,2,59,1912.3535,7891.10053,11.924689,9.963839,6.584715,-153.729794,-70.713875,77.952807,-18.708146,False
245,1,836,l,1,4,48,2476.2654,5451.88066,12.533886,-11.979006,3.715301,-225.679778,-74.069394,-109.413651,-39.838161,False
245,1,842,r,4,1,63,1553.2021,8299.258962,8.678854,6.750424,5.467432,-145.127845,-68.836319,51.504036,-26.897149,False
245,1,845,l,6,1,57,1086.318,10794.7686,32.332183,-32.211984,-2.948595,65.579098,-73.74238,-141.390946,-87.404786,True
245,1,886,l,2,2,10,3457.4836,4785.09836,10.338414,-9.236882,4.663869,-93.02533,-68.029137,-62.289617,-36.371378,True
245,1,902,l,1,4,48,562.93274,18528.8828,32.908865,-32.277971,6.790824,110.129155,-62.440539,-113.612856,-37.106517,True
245,1,903,r,10,1,37,1850.204,7367.26933,22.799115,22.437302,-4.154374,49.821311,-72.023344,99.177493,-90.897501,True
245,1,926,l,2,2,10,2934.4294,4693.9133,9.048172,-6.614222,6.188041,-233.035902,-73.833827,-60.648892,-16.744423,False
245,1,989,l,1,3,41,2411.6604,7463.32655,20.773673,-20.400033,4.008644,-53.972739,-69.895137,-127.92254,-44.177084,True
245,1,992,l,3,3,23,2266.5718,6174.7892950000005,5.40196,-3.549573,4.074672,-129.133959,-68.690256,-25.999347,-38.775198,False
245,1,993,r,4,2,59,2377.242,5808.51433,9.730223,8.874205,4.006787,-184.548102,-69.561015,74.093383,-35.918167,False
245,1,1023,r,4,2,59,2054.1768,6845.11518,11.318195,10.043474,5.245256,-173.928083,-73.976189,82.166044,-30.723105,False
245,1,1044,r,5,2,5,982.18225,11844.4629,19.668436,18.586005,6.551747,-127.492392,-73.730879,140.388194,-23.143307,False
245,1,1058,r,4,1,63,2767.698,5587.65314,9.173834,7.518264,5.272071,-168.394253,-75.048697,60.497409,-32.383322,False
245,1,1088,l,8,1,1,2524.1108,5513.79202,4.851696,-4.69807,1.212597,-23.683919,-69.069471,-25.778873,-62.407349,True
245,1,1117,r,4,4,54,764.27136,12657.8159,8.584265,7.958255,3.228454,-254.492925,-75.527037,76.118983,-44.51523,False
245,1,1120,r,4,3,67,1840.3912,7576.179700000001,11.061168,10.403761,3.777352,19.693309,-72.361653,49.628904,-54.216912,True
245,1,1160,l,2,2,10,1566.8672,9527.8215,12.57073,-9.297016,8.498509,-55.320137,-67.8949,-56.529877,-15.608826,False
245,1,1192,r,4,2,59,608.3099,14623.8759,21.972907,18.898327,11.420997,107.579308,-71.343853,62.450611,-32.392116,True
245,1,1210,l,2,4,4,2612.366,5239.9327,5.935473,-5.83999,1.062196,-106.53944,-73.144023,-40.558651,-65.753452,False
245,1,1245,r,3,4,3,3246.9841,3991.64545,6.580987,3.889219,5.312885,-70.709028,-71.112104,24.52249,-37.490891,True
245,1,1271,r,5,2,5,2775.349,6243.87529,22.175066,20.74815,8.004813,-90.208305,-78.403456,144.034004,-21.228078,True
245,1,1320,r,4,1,63,1984.4656,7457.63747,9.782978,6.160747,7.614179,-137.761509,-77.13534,46.173276,-19.619851,False
245,1,1322,l,7,2,46,361.12042,17182.082,18.29789,-17.836657,-4.150518,130.704211,-71.43574,-51.256725,-83.579073,True
245,1,1329,r,5,2,5,2371.4016,7055.07167,25.236007,24.230498,7.275739,-17.416548,-75.736346,138.355207,-32.695892,True
245,1,1367,r,5,2,5,3729.447,3762.62342,16.690125,16.172154,4.181961,-196.329247,-69.781322,141.035435,-32.756363,False
245,1,1390,l,6,3,61,1219.0774,7311.19617,18.880241,-18.306441,-4.700539,-99.107309,-74.650367,-128.733467,-108.350032,False
245,1,1400,r,4,2,59,416.72342,16853.3633,26.975454,23.381303,13.849072,128.065211,-62.741934,70.012712,-19.248332,True
245,1,1418,r,4,3,67,371.4416,16875.8888,16.319702,15.799082,4.14234,149.284052,-72.502759,39.816163,-61.911476,True
245,1,1434,r,4,4,54,3185.8357,4708.16608,12.134097,11.960447,2.060558,-93.79573,-68.336066,81.301422,-54.221044,True
245,1,1442,l,2,4,4,1910.4254,6389.27021,7.757718,-7.049504,3.246527,-140.394438,-72.566254,-53.223303,-47.966902,False
245,1,1458,l,3,1,16,2178.267,7941.2967,8.054236,-3.746022,7.135172,-105.886044,-65.096938,-25.920136,-15.433809,False
245,1,1462,r,10,2,31,1421.7936,11146.06589,29.178882,28.752495,-5.196976,62.339406,-80.014738,124.911777,-103.633404,True
245,1,1474,l,5,3,18,1736.2413,7826.93482,17.483192,-17.480152,-0.331226,-46.290296,-82.015896,-105.90386,-84.05413,False
245,1,1474,r,5,3,18,1736.2413,7826.93482,16.749481,16.343345,3.717134,-90.47368,-76.228887,111.570804,-50.46964,False
245,1,1482,l,6,1,57,965.0987,11401.8152,22.695202,-22.5725,-2.420922,-49.927921,-69.420372,-141.306951,-84.984196,False
245,1,1490,l,7,1,27,1236.916,8017.96028,20.680464,-19.729674,-6.325911,72.927728,-76.024144,-77.849986,-101.589296,True
245,1,1506,l,6,1,57,2807.5408,4214.66976,21.446867,-21.220001,-3.185601,-88.280941,-69.023338,-146.877447,-91.608495,True
245,1,1530,r,5,3,18,1941.9283,6783.35516,20.56754,19.948861,5.111926,-37.13824,-73.784368,118.738022,-42.651362,True
245,1,1533,r,5,1,12,2990.8652,4889.78248,13.11575,12.348225,4.455634,-197.007424,-69.016075,106.614267,-30.168474,False
245,1,1558,r,5,3,18,3629.9746,3875.02699,12.07323,11.764002,2.734322,-182.325046,-70.111532,98.364178,-47.069695,False
245,1,1585,r,4,3,67,703.62714,13947.1237,19.476418,17.269913,9.145131,118.593828,-75.965917,53.288354,-47.069877,True
245,1,1597,l,2,3,24,3024.0728,4617.94654,7.878975,-7.841631,0.768605,-231.021886,-70.811061,-71.75684,-63.755314,False
245,1,1598,r,5,2,5,1243.4325,12306.62311,29.880638,28.742663,8.540762,42.367555,-75.866917,135.814562,-33.451839,True
245,1,1617,r,5,1,12,3200.298,5160.670819999999,17.222039,15.310735,7.981577,-120.295951,-77.158512,112.326903,-17.512751,True
245,1,1631,r,4,1,63,3542.9202,3615.55762,7.229609,6.232281,3.671395,-123.196369,-65.849669,45.123049,-39.178977,True
245,1,1672,r,5,3,18,2666.512,6139.73256,13.333839,13.153411,2.205627,-193.478267,-65.626942,112.984127,-46.504329,False
245,1,1678,r,4,3,67,735.30566,12579.0806,12.508463,10.686199,6.539437,81.542559,-74.8963,39.336441,-50.578487,True
245,1,1709,r,4,3,67,1539.9058,8806.43391,6.585463,6.509459,0.999787,-159.375143,-72.077254,51.274983,-64.184164,False
245,1,1719,r,10,1,37,514.2484,16270.11358,30.775162,30.572132,-3.713486,110.163414,-75.396157,106.237029,-88.952672,True
245,1,1720,r,8,4,14,3046.089,3333.16097,4.361822,3.684892,-2.335505,-87.877481,-80.109335,24.336185,-95.552936,True
245,1,1725,l,7,3,33,1128.4836,8840.22355,23.846583,-22.099927,-9.191956,89.82364,-74.646591,-81.282896,-109.607882,True
245,1,1755,r,5,1,12,1246.6611,9820.5593,26.917878,24.75063,10.932739,50.752689,-79.868333,110.297713,-28.980106,True
245,1,1771,r,4,3,67,3353.0076,3569.03435,6.337569,6.110997,1.682628,-130.887625,-78.628133,45.06162,-66.193541,True
245,1,1855,l,2,1,17,1830.1696,6775.2550200000005,14.570862,-12.564308,7.439023,-68.748396,-78.487122,-79.955151,-30.496093,False
245,1,1871,l,2,2,10,503.98135,16556.7386,19.971577,-17.088123,10.495365,127.677725,-67.661284,-49.900022,-36.201379,True
245,1,1886,l,1,1,35,330.16568,22258.983,36.600686,-35.009917,11.429503,99.674705,-70.4191,-133.316306,-23.440064,True
245,1,1921,r,4,1,63,1001.2641,11598.7522,10.349336,7.62008,7.023863,-31.801038,-73.942089,43.052217,-33.940586,False
245,1,1952,r,4,4,54,347.9768,17934.8329,18.801816,18.757747,1.310338,116.040855,-65.467098,59.077407,-61.264812,True
245,1,2014,r,4,4,54,2692.7363,4482.46179,11.237606,10.975467,2.428007,-39.767789,-74.66453,63.953841,-60.421153,True
245,1,2035,l,2,4,4,1292.7798,9541.03123,6.948643,-6.63153,2.079852,-138.440951,-73.094163,-49.811256,-57.430002,False
245,1,2040,l,2,4,4,601.5666,14461.4834,17.378963,-16.097358,6.638534,145.920267,-69.545974,-41.579281,-52.092873,True
245,1,2043,l,7,2,46,611.3122,13859.2431,18.496848,-18.050254,-4.109042,115.714984,-69.676587,-56.797685,-82.845233,True
245,1,2044,l,7,2,46,715.3599,11395.1703,21.58713,-19.874676,-8.602198,137.762646,-80.460522,-55.03306,-104.94879,True
245,1,2054,l,7,2,46,3464.777,3300.91337,9.62082,-9.245121,-2.673964,-50.2521,-79.110051,-55.383833,-95.210116,True
245,1,2061,r,5,3,18,2106.582,6337.61921,21.41844,20.831321,5.095126,-17.969236,-78.079281,117.179224,-48.699661,True
245,1,2066,l,2,1,17,2362.3696,5908.18794,16.88651,-14.806256,8.212123,-33.621116,-74.133487,-85.542188,-25.825016,True
245,1,2113,r,4,3,67,2399.5122,6194.4974600000005,8.929689,7.726566,4.490205,-125.333668,-72.86503,56.351423,-39.950172,False
245,1,2114,l,7,2,46,2497.3105,4672.95902,7.021676,-6.984575,-0.722657,-159.376077,-77.929893,-55.053645,-83.640436,False
245,1,2146,r,5,1,12,1341.7233,11073.93343,24.476254,23.060639,8.437143,45.197081,-68.848671,104.21858,-29.38352,True
245,1,2165,l,2,2,10,2848.726,5465.76612,8.182204,-5.915279,5.663219,-185.163249,-77.777886,-49.231413,-30.406102,False
245,1,2194,r,5,1,12,2034.8682,7569.9584314,13.163454,11.336988,6.733726,-203.948678,-75.749885,99.032331,-16.268866,False
245,1,2215,l,2,4,4,1138.3617,9740.6392,12.955234,-11.085569,6.746715,68.421627,-73.884055,-43.413996,-47.173008,True
245,1,2241,l,1,4,48,1058.9559,13524.9642,28.47096,-28.194793,4.128989,75.008076,-74.750977,-115.252504,-57.141382,True
245,1,2264,r,4,3,67,3156.3474,4403.27604,6.69921,6.140899,2.682603,-222.406872,-72.58175,55.130468,-48.434628,False
245,1,2273,l,6,1,57,2889.4775,4394.31099,18.641358,-18.446814,-2.734119,-93.284211,-68.417198,-127.849604,-87.712622,True
245,1,2279,r,4,2,59,318.40714,20218.7571,26.648795,25.135361,9.155803,125.020257,-65.069767,77.406357,-35.698174,True
245,1,2326,l,7,1,27,428.2194,15890.3925,22.470594,-21.63638,-6.21699,100.836492,-72.651783,-75.034105,-94.820204,True
245,1,2349,r,4,3,67,2961.9846,4364.91096,7.414601,6.53517,3.510178,-198.676079,-75.365319,55.981488,-45.193427,False
245,1,2351,l,7,1,27,795.6573,11458.4432,23.62575,-22.899413,-5.976338,123.626146,-73.495014,-70.277059,-92.402234,True
245,1,2358,l,2,2,10,1954.6234,9296.03452,7.638815,-5.883576,4.880456,-240.058557,-75.217383,-54.622665,-29.717784,False
245,1,2359,l,2,4,4,762.00977,12215.18925,14.029092,-13.423444,4.115546,110.650589,-72.939026,-42.804613,-59.671738,True
245,1,2415,l,2,3,24,1218.1937,12083.14991,13.1893,-12.177929,5.103856,-58.350389,-76.996177,-75.175571,-45.166855,False
245,1,2486,l,7,2,46,1928.267,6199.43217,8.644872,-7.574154,-4.179464,-79.875645,-75.539764,-49.182135,-102.806346,False
245,1,2490,l,6,1,57,2069.0906,5510.501,23.087316,-22.683684,-4.416436,-31.840585,-70.706945,-134.52116,-97.648053,True
245,1,2512,r,10,1,37,3129.0798,5188.92233,14.993709,14.839279,-2.17094,-148.033429,-71.592704,116.054735,-88.770679,False
245,1,2537,l,2,2,10,1275.6605,10823.6919,11.978531,-9.604329,7.192218,-39.937065,-62.696246,-55.830317,-20.469152,False
245,1,2537,r,2,2,10,1275.6605,10823.6919,51.331606,50.924278,-7.598355,-62.200657,-65.325883,433.758208,-139.861518,False
245,1,2560,r,4,2,59,530.4012,16184.083,24.996647,19.421356,16.051103,111.429687,-76.242051,62.959357,-21.765654,True
245,1,2607,r,5,2,5,2062.4082,7483.81947,23.861527,21.494131,10.6172,-21.608841,-77.93661,122.709113,-15.157833,True
245,1,2654,l,2,1,17,2532.8035,6301.16989,10.636182,-8.96591,5.74551,-184.013093,-77.552018,-74.78722,-29.268969,False
245,1,2656,l,1,4,48,2134.5745,7642.4518,14.209087,-14.002883,2.43641,-143.160012,-65.090883,-108.022074,-46.095885,False
245,1,2660,r,5,2,5,749.0955,14896.6352,25.413785,23.688798,9.481125,-22.621762,-73.370125,137.158466,-16.357208,False
245,1,2734,l,2,2,10,2267.4233,6131.10431,10.715154,-7.945898,7.211897,-142.189224,-69.542031,-60.324128,-14.322501,False
245,1,2748,l,2,4,4,1637.7146,6693.40608,6.453511,-6.174977,1.879135,-93.06794,-73.352601,-41.445229,-60.711238,False
245,1,2772,r,5,3,18,1826.0544,6620.29393,21.110527,20.735501,4.051742,23.697614,-77.964566,100.815895,-57.794701,True
245,1,2812,l,6,1,57,1468.8638,7609.60921,22.303179,-21.866261,-4.504862,-61.050991,-66.1631,-140.881523,-95.9655,False
245,1,2812,r,6,1,57,1468.8638,7609.60921,29.088423,25.430856,14.618039,-52.521869,-64.39785,162.867447,34.522556,False
245,1,2861,r,10,4,50,3454.5955,2083.27216,21.548477,20.901402,-5.362469,-57.302892,-79.658714,132.631814,-114.555332,True
245,1,2863,l,2,2,10,1216.6011,11227.4592,11.063043,-8.956096,6.521235,-33.76659,-69.219277,-51.025304,-31.752379,False
245,1,2869,l,2,2,10,315.66492,19801.2562,24.846872,-20.187793,14.798585,143.121889,-74.882492,-54.005095,-33.539671,True
245,1,2884,l,2,4,4,2705.373,4568.79069,5.958096,-5.616571,1.991419,-144.966608,-74.294197,-42.775862,-59.097093,False
245,1,2885,l,7,2,46,2296.279,5383.36675,10.991211,-10.728202,-2.404189,37.098559,-71.840918,-47.91516,-82.648048,True
245,1,2886,l,2,2,10,1887.4718,8362.32237,14.825956,-9.810043,11.171257,-7.873052,-78.738337,-51.505382,-19.040256,True
245,1,2887,r,4,1,63,1804.0883,7206.07571,11.464892,10.310048,5.042001,-41.427415,-66.394966,60.290614,-36.67411,True
245,1,2889,r,10,2,31,490.38898,15949.4862,33.64354,33.552429,-2.633195,91.328847,-76.207623,131.759166,-87.17134,True
245,1,2895,l,2,4,4,1298.4747,8548.4765,8.740154,-8.376834,2.502726,-139.192765,-76.545628,-63.200371,-57.583909,False
245,1,2899,l,7,2,46,660.44775,12293.9217,20.503266,-16.822252,11.895236,0.960088,-63.950364,-87.388796,-0.343272,False
245,1,2908,l,1,2,29,2917.8408,5863.66324,13.999558,-11.897256,7.432364,-203.924783,-75.477393,-104.061568,-9.629551,False
245,2,0,l,2,4,4,2548.835,5331.70597,9.68548,-9.592007,1.348686,-55.129416,-68.894912,-58.324749,-60.654195,True
245,2,7,r,5,3,18,320.21732,17929.6477,30.035049,28.739074,9.126106,102.398364,-78.991657,102.875243,-44.621269,True
245,2,8,l,7,1,27,3019.6345,3756.69068,10.422847,-9.794266,-3.582368,-102.705214,-75.295059,-67.791499,-100.244286,True
245,2,10,r,8,4,14,2396.7363,4615.98742,3.731877,3.411713,-1.513217,-86.096718,-77.959499,22.42142,-87.912394,True
245,2,45,l,2,2,10,2244.8208,7241.35772,12.749639,-10.226343,7.655033,36.253653,-61.932622,-45.776625,-27.277,True
245,2,96,l,1,1,35,3200.7588,5037.74793,20.279244,-19.246434,6.513983,-104.694056,-67.30062,-137.805774,-19.565392,True
245,2,143,r,10,2,31,2359.73,5692.13263,23.42405,23.24022,-3.013637,13.534683,-69.305773,118.722974,-85.145988,True
245,2,173,r,4,4,54,3048.5083,4343.21093,10.998482,10.990012,0.43423,-45.140356,-65.348901,65.084058,-62.761459,True
245,2,188,r,4,4,54,611.0181,13682.7007,22.249508,21.552387,5.662412,120.571691,-72.194365,66.918599,-54.13258,True
245,2,194,r,4,1,63,2328.591,5726.19775,12.771632,10.713873,6.992806,9.024756,-72.230183,53.161289,-37.155137,True
245,2,210,l,7,2,46,275.26483,17720.1025,18.676024,-17.641439,-6.229659,92.14919,-68.359485,-62.919504,-91.022392,True
245,2,214,r,10,2,31,2368.705,8044.56534,24.599119,24.018645,-5.47729,13.67638,-73.918654,123.13496,-102.926779,True
245,2,219,l,2,3,24,1366.8092,9698.17,19.927655,-18.633596,7.193018,60.202895,-73.092768,-77.485305,-42.486761,True
245,2,258,r,5,1,12,644.58136,14899.6934,28.383247,26.565051,10.380628,89.25,-75.037151,100.375,-33.922164,True
245,2,311,l,6,1,57,1030.7819,8287.48787,17.330482,-17.228988,-1.901914,-158.235823,-81.961116,-139.000717,-97.544882,False
245,2,320,r,4,2,59,2901.1255,5097.155940000001,8.322566,6.528052,5.173551,-252.394073,-75.455583,62.067015,-26.025813,False
245,2,323,r,4,3,67,3513.297,4385.47685,7.102594,6.743236,2.23578,-139.707337,-80.535333,50.807778,-63.642038,True
245,2,344,l,2,2,10,1762.7504,7995.489096,10.703917,-8.069635,7.055834,-101.129788,-68.362559,-55.454542,-19.466759,False
245,2,360,l,7,4,39,742.67505,11954.2165,18.107146,-14.783075,-10.574855,79.899548,-67.64932,-55.444544,-108.215928,True
245,2,410,r,10,2,31,1371.8489,8893.6763,28.1118,27.433057,-6.393396,61.510615,-67.442293,118.604944,-96.28859,True
245,2,414,l,6,1,57,287.37338,18601.0258,39.460794,-38.956845,-6.855738,108.878425,-73.739105,-146.443617,-101.742718,True
245,2,416,l,2,2,10,906.56525,12843.1121,16.527594,-12.604736,10.778056,86.518447,-69.489486,-45.501178,-29.797437,True
245,2,431,l,2,2,10,2230.3296,6951.81048,12.561205,-9.324583,8.453936,-29.612517,-70.999309,-52.479375,-22.859458,True
245,2,437,r,4,1,63,1526.7639,8017.9278,8.616081,6.33207,5.855043,-127.10454,-69.880092,46.285092,-26.844739,False
245,2,463,l,2,2,10,2200.701,6615.26154,7.253801,-5.631384,4.579602,-258.92961,-77.229093,-54.126601,-33.046717,False
245,2,547,l,2,1,17,490.37482,18765.8895,26.991595,-22.984816,14.552531,83.655948,-75.979711,-87.523326,-17.794183,True
245,2,561,r,10,2,31,3742.8672,3616.27244,19.01715,18.684571,-3.605986,-128.088797,-71.727586,141.38978,-99.541232,True
245,2,576,l,2,4,4,292.1654,19334.4101,17.172059,-14.962807,8.523831,127.339603,-67.347373,-43.47157,-42.112831,True
245,2,586,l,8,1,1,2529.2988,5156.93272,2.931854,-2.803914,-0.856982,-173.456778,-74.83152,-22.698552,-81.772347,False
245,2,619,r,4,3,67,370.5508,17005.7252,21.040263,20.170716,6.115043,127.792362,-74.6937,59.586682,-56.180184,True
245,2,632,r,10,1,37,3724.122,3801.94308,12.961601,12.699654,-2.614228,-217.982694,-69.925237,114.475619,-93.700644,False
245,2,638,l,1,1,35,1769.2369,9638.575,27.966302,-25.619422,11.614445,-3.739022,-82.742934,-140.858608,-15.787097,True
245,2,644,r,5,3,18,1230.2363,10447.0933,18.798108,18.654729,2.359688,3.816926,-71.601314,96.615664,-59.154475,True
245,2,661,l,2,3,24,407.63657,18687.9391,24.356106,-23.78342,5.410232,134.945445,-69.447026,-68.333616,-53.399287,True
245,2,668,r,8,3,7,2765.0786,3571.59391,30.112986,29.74468,-4.926181,-149.407679,-75.336161,251.088053,-118.95611,False
245,2,672,l,2,2,10,3301.9958,5127.72515,9.737055,-7.728578,5.940858,-57.19893,-68.700669,-47.119491,-32.239697,True
245,2,690,r,10,2,31,4229.4995,3719.24078,16.372593,16.274051,-1.818369,-178.828034,-74.346238,136.864454,-89.85147,True
245,2,709,l,7,2,46,379.7571,17333.2344,19.663464,-18.795483,-5.885053,146.546961,-71.045196,-48.822779,-86.664719,True
245,2,712,l,8,2,20,1010.99005,10817.4747,6.095491,-4.569046,4.03899,-106.538227,-61.740483,-31.689098,-33.651384,False
245,2,721,l,1,1,35,701.2511,16424.1147,21.081159,-19.338819,8.55755,-75.577215,-69.780816,-128.30145,-11.479956,False
245,2,734,l,2,2,10,2424.5403,5410.85096,8.228209,-7.025296,4.294319,-181.692027,-69.518892,-58.127902,-33.831292,False
245,2,747,r,4,4,54,3276.2969,4608.7518129,7.871712,7.484841,2.444387,-286.593812,-73.375992,75.754825,-48.550533,False
245,2,755,l,3,3,23,1000.27716,11484.9708,9.032205,-6.085898,6.686629,20.380502,-68.312105,-28.746897,-36.523724,True
245,2,764,l,7,2,46,3251.6958,3800.69496,8.070813,-7.807047,-2.05284,-58.48707,-75.857871,-47.780459,-88.465961,True
245,2,765,r,4,3,67,2572.5225,5262.2959200000005,7.118295,6.933728,1.614397,-110.730788,-74.834341,48.73312,-63.456938,False
245,2,766,l,7,2,46,2374.775,5633.32009,7.115203,-7.102753,-0.421822,-124.282893,-76.028661,-51.621875,-79.102333,False
245,2,787,r,4,1,63,2437.978,7025.025122999999,10.839229,7.275819,8.056119,-13.572753,-63.918533,38.758352,-20.60213,True
245,2,833,r,4,2,59,2596.5527,5925.914940000001,9.753466,8.842995,4.131261,-224.633678,-68.07357,80.064987,-30.454766,False
245,2,841,l,2,3,24,1873.6213,8543.80027,16.362524,-16.083438,3.049728,38.964427,-78.690094,-72.379091,-64.770568,True
245,2,858,r,4,4,54,1276.9691,8760.9255,21.998477,21.676961,3.841,79.742446,-62.395529,83.573725,-47.204843,True
245,2,890,r,5,2,5,1948.6995,8085.27704,25.45307,24.178968,8.202677,-7.983223,-78.102186,133.787517,-31.017195,True
245,2,933,l,2,2,10,3017.1404,5754.83946,7.643595,-5.517289,5.298201,-162.433366,-66.705456,-43.702171,-24.553528,False
245,2,960,l,8,1,1,3463.6357,3759.50189,5.09951,-5.006637,0.970045,-65.547401,-67.114543,-31.14787,-61.071322,True
245,2,964,l,2,2,10,3071.805,4816.90259,12.038336,-8.943405,8.091374,-105.353836,-79.069113,-62.217645,-22.170908,True
245,2,967,l,1,2,29,417.82477,19931.4997,33.382234,-31.417207,11.911543,109.49372,-73.103019,-110.255926,-28.485166,True
245,2,982,l,1,4,48,1672.8862,8393.5201,22.629688,-22.336792,3.725747,9.571624,-67.178209,-115.222476,-47.435821,True
245,2,1000,l,1,4,48,313.36313,19421.6209,32.594559,-32.211921,5.271674,98.887926,-72.12375,-120.405234,-51.282231,True
245,2,1022,r,10,1,37,1567.1332,10719.17449,25.988838,25.587061,-4.71379,84.957244,-76.32214,98.183099,-95.067793,True
245,2,1030,l,6,1,57,1292.3937,8539.475402,28.308598,-27.490573,-7.036148,52.331083,-72.14673,-123.672911,-105.214847,True
245,2,1042,r,10,2,31,1337.8784,8253.095949999999,14.861104,14.725061,-2.028795,-166.283315,-78.524381,119.917023,-95.236629,False
245,2,1049,r,10,2,31,2695.4739,6002.10523,23.545716,23.255564,-3.791845,-27.584783,-76.893184,136.481727,-99.803108,True
245,2,1052,l,6,1,57,1007.3892,11799.92337,32.722343,-31.983803,-7.312062,67.229538,-65.067523,-139.114882,-98.76865,True
245,2,1085,l,2,3,24,594.4605,14720.8373,24.673682,-22.926686,9.375954,124.29457,-72.865762,-70.087683,-43.158064,True
245,2,1095,l,7,2,46,4006.7725,3040.61183,7.23803,-7.035193,-1.705804,-206.97801,-80.251678,-61.331115,-95.164303,True
245,2,1103,l,2,2,10,1230.4977,10318.58526,8.29394,-6.326349,5.374411,-94.528655,-67.330135,-42.631361,-30.933096,False
245,2,1114,r,4,2,59,2868.366,5035.6628,8.694893,7.26568,4.788966,-204.442752,-77.719306,63.038568,-35.960373,False
245,2,1151,r,4,3,67,1174.613,9586.51316,10.04207,9.676412,2.69807,39.90553,-75.355289,42.643468,-63.399478,True
245,2,1160,l,1,3,41,2305.0762,6537.79957,14.71756,-14.485631,2.630811,-193.205297,-66.686114,-124.836113,-43.754519,False
245,2,1186,r,4,3,67,3214.852,4564.6301,6.970204,6.041169,3.483251,-106.846765,-75.389962,41.998594,-51.099319,True
245,2,1212,r,10,1,37,1697.5848,9435.60134,26.991709,26.395284,-5.857036,53.897139,-67.770621,117.178255,-94.809395,True
245,2,1221,l,8,2,20,2692.37,5224.45989,44.038782,-43.994837,2.205564,6.079647,-66.733863,-274.129264,-51.53412,True
245,2,1226,r,5,1,12,332.81915,19683.9278,32.440818,29.004816,15.209276,106.897225,-78.166456,101.515645,-21.247918,True
245,2,1247,l,2,2,10,1064.6599,12499.9853,17.841405,-11.865759,13.420552,54.710463,-73.513052,-49.436442,-16.144125,True
245,2,1300,r,4,3,67,2682.5125,4979.62556,9.018708,8.22751,3.706721,17.726492,-68.264238,39.368663,-50.441589,True
245,2,1337,r,4,3,67,1979.295,6616.78145,6.039824,5.445019,2.617609,-271.283254,-74.431872,53.501884,-48.654971,False
245,2,1341,r,8,4,14,2550.2021,4384.3582,6.548783,6.381921,-1.47194,-11.621945,-85.005951,33.735957,-92.804714,True
245,2,1346,r,10,1,37,2899.814,5523.81698,18.666144,18.378609,-3.321557,-27.122933,-73.961791,105.361279,-93.355917,True
245,2,1354,l,1,2,29,2449.248,7229.9421,18.507861,-17.0017,7.423748,-53.802978,-77.134338,-105.122275,-30.289934,True
245,2,1356,r,10,1,37,2889.2878,5075.12421,12.718679,12.585679,-1.849503,-144.283149,-69.425491,96.959821,-83.794247,False
245,2,1358,l,2,1,17,298.5673,19756.6786,26.01382,-23.324033,11.856751,115.500836,-73.956414,-75.238,-34.06098,True
245,2,1392,r,4,4,54,2325.871,5242.47136,9.412184,9.091558,2.446034,-139.024306,-73.466336,68.65373,-54.90641,False
245,2,1414,l,2,1,17,520.67615,16696.121,26.352375,-21.206761,16.018962,104.175737,-77.493897,-72.101708,-20.267798,True
245,2,1464,l,2,3,24,1320.3728,8972.517,8.729202,-8.550919,1.76177,-150.69417,-70.873985,-66.262634,-57.166573,False
245,2,1498,l,7,1,27,443.35233,15381.841,23.933931,-23.050363,-6.626523,115.109483,-68.626756,-74.418115,-90.707206,True
245,2,1499,l,6,1,57,1225.6173,8882.55985,27.254683,-27.058206,-3.397435,9.926766,-71.213744,-143.063016,-89.884148,True
245,2,1551,l,7,2,46,845.93146,11097.4742,19.050766,-18.8561,-2.767253,112.705615,-72.259339,-60.549709,-81.314893,True
245,2,1588,r,10,1,37,1868.1531,7755.72467,23.339991,23.193986,-2.681684,51.392843,-73.598619,102.237512,-85.757305,True
245,2,1630,r,4,3,67,425.50772,16416.945,19.474013,19.42813,1.362601,134.010225,-69.286964,55.018768,-65.352504,True
245,2,1710,r,10,2,31,1617.3732,9108.37955,27.11931,26.981059,-2.843639,34.222909,-72.004718,130.218449,-86.261328,True
245,2,1725,r,4,3,67,2177.9224,6089.83051,8.977937,8.531269,2.806977,-6.299868,-69.4896,44.447643,-54.799407,True
245,2,1730,r,8,2,20,2685.803,5771.887377999999,4.632408,4.507828,1.068197,-15.315516,-73.572994,24.070825,-67.862504,True
245,2,1732,l,2,3,24,1076.6705,10655.9649,17.299246,-16.765548,4.326409,76.984486,-75.838422,-64.173438,-59.007533,True
245,2,1785,r,5,3,18,2810.7764,5405.33184,16.951883,15.743046,6.367832,-54.265623,-80.094612,97.047843,-40.177369,True
245,2,1800,r,5,2,5,456.65125,19126.3954,37.36889,36.279721,9.644374,95.92902,-69.198886,142.453581,-28.288667,True
245,2,1819,r,5,3,18,1225.2136,12735.16752,18.293362,17.759442,4.4599,-55.41439,-79.024436,110.630776,-50.734842,False
245,2,1828,l,2,3,24,2886.6824,4750.43084,8.905341,-8.210555,3.460343,-240.071397,-76.680494,-76.484138,-44.296238,False
245,2,1834,r,4,3,67,778.03925,11456.2377,14.319096,13.994261,3.063424,113.263431,-73.447773,44.046574,-63.699895,True
245,2,1843,l,1,4,48,1112.9181,12299.3663,26.532854,-26.146043,4.681938,69.148865,-73.016389,-108.414012,-52.867443,True
245,2,1892,r,10,1,37,2922.2227,4464.83832,13.160094,12.886019,-2.694708,-224.790548,-71.185005,117.770577,-96.040221,False
245,2,1897,l,1,3,41,1728.5607,8481.0754,21.749221,-21.286542,4.569664,-27.338773,-68.431057,-123.639358,-41.21061,True
245,2,1902,l,3,4,3,1189.4069,10992.2945,25.299777,-21.677531,13.371909,-178.602044,-69.746377,-186.266565,50.125243,False
245,2,1902,r,3,4,3,1189.4069,10992.2945,7.016874,4.246072,5.591483,-33.174104,-54.353452,23.993708,-22.627376,False
245,2,1916,l,1,2,29,1678.8618,9694.92566,15.253821,-13.227191,7.666127,-133.808953,-71.689899,-99.615707,-13.089142,False
245,2,1929,l,1,4,48,2407.2517,6599.03392,19.86796,-18.873762,6.322544,-49.971811,-78.015493,-116.224457,-38.20646,True
245,2,1936,l,8,1,1,3174.6997,4288.48189,6.794631,-6.503189,1.972884,25.179769,-71.785447,-30.187383,-62.604124,True
245,2,1957,r,5,3,18,3097.159,4924.5436,11.880391,11.577896,2.682203,-238.380569,-71.472135,108.248539,-46.204706,False
245,2,1976,l,1,3,41,1988.0392,6634.67944,17.530335,-17.267796,3.069683,-125.463301,-72.394994,-129.14628,-49.063161,False
245,2,1998,r,4,1,63,2626.207,5036.91197,7.138693,5.721328,4.276469,-183.326162,-74.16823,47.422184,-38.596943,False
245,2,2032,r,10,2,31,939.4522,11093.4521,16.685281,16.572959,-1.960471,-132.607579,-76.77041,125.767645,-91.863281,False
245,2,2040,l,2,4,4,1156.7955,9338.19267,18.190437,-17.637973,4.521515,102.212584,-71.222313,-59.706686,-55.639629,True
245,2,2041,l,2,4,4,732.6825,12397.6437,19.680014,-19.14368,4.65123,108.758975,-73.130225,-62.915111,-57.521638,True
245,2,2061,l,1,4,48,1047.3063,13244.68331,27.081523,-26.56524,5.465333,75.834289,-69.629643,-107.083737,-46.719928,True
245,2,2064,l,1,4,48,409.5284,19213.0536,32.919924,-32.537159,5.305601,108.342117,-72.261432,-115.894532,-52.250817,True
245,2,2109,l,7,2,46,3309.1902,3836.89889,4.825285,-4.811918,-0.35934,-168.567719,-78.477794,-38.603065,-81.363987,False
245,2,2137,l,1,3,41,1618.3726,8685.4418,17.667178,-17.523027,2.288456,-137.904786,-74.909741,-135.106954,-56.977535,False
245,2,2142,l,1,2,29,2388.074,7034.07978,20.273961,-17.883429,9.711063,-47.07656,-74.786646,-108.765114,-14.173473,True
245,2,2144,l,1,1,35,2264.1797,9104.90945,23.064457,-21.997332,7.113367,-23.095091,-68.19829,-126.481666,-26.058321,True
245,2,2161,l,1,3,41,1625.5101,10019.22841,16.706151,-16.405107,3.201509,-176.78165,-69.62338,-137.426519,-42.405841,False
245,2,2213,l,1,3,41,1129.221,12158.33571,32.51838,-32.346305,3.53854,60.498619,-70.943817,-145.344486,-54.145327,True
245,2,2219,r,4,3,67,2376.3555,6062.64011,7.36398,6.415282,3.623159,-133.887217,-69.637196,47.661056,-42.627323,False
245,2,2223,l,5,3,18,2911.7297,5358.30521,26.365457,-23.628787,12.048475,-171.236963,-69.470731,-201.78551,37.985086,False
245,2,2223,r,5,3,18,2911.7297,5358.30521,12.733781,11.938975,4.460832,-188.842151,-74.090672,101.248109,-35.908385,False
245,2,2268,r,5,1,12,918.2188,13018.0512,31.049714,27.548202,14.922668,83.196977,-80.31433,107.876062,-18.152953,True
245,2,2274,l,2,2,10,3199.7415,4294.6213,10.028016,-8.895499,4.648135,-65.927696,-64.740213,-55.708141,-35.449669,True
245,2,2285,r,4,3,67,2812.077,4067.54835,9.865669,9.53775,2.534203,-24.781508,-79.091236,52.889587,-64.964021,True
245,2,2301,r,8,2,20,3278.7642,3768.15066,4.715976,4.668435,0.668682,3.698879,-69.046135,23.379451,-65.693525,True
245,2,2359,r,4,1,63,1983.8998,7056.25333,10.196535,8.114705,6.195001,-97.927507,-74.379485,55.311842,-31.845442,False
245,2,2377,r,10,1,37,3076.1758,4654.42892,11.083159,11.062625,-0.678575,-216.529991,-78.07251,99.034142,-84.185402,False
245,2,2448,l,2,2,10,3401.665,5030.102760000001,9.165773,-6.010493,6.932674,-157.645194,-74.267196,-47.132295,-19.536269,True
245,2,2449,l,1,2,29,2718.407,6225.01626,21.403379,-19.531027,8.930966,-52.790884,-66.714017,-121.597566,-9.555716,True
245,2,2530,l,2,4,4,1201.9797,9995.4293,13.884897,-12.423735,6.249455,52.200616,-78.997548,-52.386867,-52.332151,True
245,2,2538,r,3,4,3,1537.4299,8811.11964,6.606472,4.696198,4.651849,-29.681195,-50.714644,26.261224,-24.614901,False
245,2,2562,l,7,4,39,385.61993,14899.3646,23.871735,-20.364077,-12.730618,129.67319,-72.75477,-59.51061,-111.390749,True
245,2,2570,r,10,3,43,2322.1907,4574.8569210000005,23.161514,21.951633,-7.577746,28.335078,-72.535095,105.462631,-110.066229,True
245,2,2604,l,7,1,27,3359.519,3479.38783,9.53685,-9.327842,-1.994517,-113.141186,-74.829535,-66.218068,-89.057038,True
245,2,2614,l,2,2,10,380.74152,18365.2741,21.799894,-19.236292,10.457014,124.447937,-72.954477,-57.768935,-40.59285,True
245,2,2649,r,5,1,12,2421.029,6512.25536,19.355355,18.467637,5.898322,-24.588484,-66.90002,105.062287,-32.635233,True
245,2,2687,l,2,3,24,2122.112,6667.82504,15.454486,-14.94776,3.970521,-34.512789,-68.969759,-86.635895,-45.6565,True
245,2,2699,r,10,2,31,2231.505,5543.79012,15.548322,15.33286,-2.61099,-189.117514,-75.321353,131.36711,-97.976425,False
245,2,2730,r,5,1,12,820.05145,14435.29306,30.152094,28.106648,11.391742,95.491201,-74.269353,103.887031,-29.839115,True
245,2,2758,r,10,2,31,3063.3513,4904.659680000001,18.684164,18.365714,-3.495716,-96.018561,-72.815807,128.15478,-97.662306,True
245,2,2824,l,2,2,10,2862.7397,5815.97688,6.716562,-5.135368,4.334808,-211.988708,-73.29395,-45.113658,-35.089174,False
245,3,47,l,7,2,46,1137.2047,8507.52796,19.298287,-17.47992,-8.308696,114.027093,-75.60122,-55.416249,-102.544341,True
245,3,55,r,4,4,54,1428.7527,7473.257869999999,16.976869,16.789473,2.552504,55.557354,-74.415346,70.735409,-63.498758,True
245,3,62,r,10,2,31,2061.5889,6873.51865,17.16801,17.102579,-1.520342,-104.566172,-72.839948,121.403845,-83.796717,False
245,3,79,r,4,3,67,3451.2866,4228.73458,6.942648,5.865058,3.721543,-95.773645,-71.450128,39.628067,-46.225566,True
245,3,90,r,4,3,67,810.4738,11083.8284,16.027652,15.215193,5.09881,128.793121,-72.242625,43.844845,-57.336151,True
245,3,91,r,4,2,59,499.0304,16430.3664,23.203609,19.419546,12.953177,110.371196,-70.733913,63.326174,-26.925641,True
245,3,115,r,5,2,5,3250.4531,5740.5234,19.818055,17.678411,9.103865,-124.488495,-78.606903,132.10809,-8.895887,True
245,3,136,l,1,3,41,921.2041,15119.89229,32.250808,-31.595113,6.833749,57.78448,-71.126118,-142.832639,-38.454497,True
245,3,178,l,7,2,46,2514.5442,4700.14592,9.789214,-9.715385,-1.205808,-29.328645,-78.508601,-54.672098,-85.327764,True
245,3,190,l,2,2,10,2153.2046,7763.44655,7.223162,-5.855351,4.23692,-191.636656,-62.725092,-49.393004,-26.856721,False
245,3,194,l,7,1,27,1273.4257,9083.13329,21.245629,-20.656955,-5.078874,100.794886,-80.202521,-71.332259,-98.17369,True
245,3,218,r,4,2,59,2332.371,5744.90662,12.724662,9.21916,8.808857,-90.285579,-79.372849,61.72334,-19.670137,False
245,3,240,l,7,4,39,1080.9883,8528.770059999999,18.490142,-14.92113,-11.046406,67.692104,-66.36518,-59.239356,-111.278781,True
245,3,277,r,4,1,63,2160.9146,7180.5825,9.660867,6.679287,6.995828,-180.74058,-75.462959,55.126789,-17.303333,False
245,3,298,r,4,2,59,466.45538,15683.7807,24.192558,21.652601,11.060697,125.031821,-73.649328,65.490777,-38.953133,True
245,3,301,l,7,1,27,2295.4714,6147.29011,15.848165,-15.717096,-2.060156,8.222728,-68.506287,-79.294746,-79.036082,True
245,3,366,l,1,2,29,1851.7793,8635.06985,24.186595,-21.553452,11.246246,-12.639484,-74.180776,-119.53913,-9.478352,True
245,3,374,r,4,3,67,1741.2218,6582.9916,7.680381,6.86432,3.453475,-55.638363,-74.902244,41.60846,-53.893203,False
245,3,406,r,5,3,18,3241.5007,5395.66036,13.696295,13.586685,1.745805,-159.65642,-74.220755,108.672731,-60.120884,False
245,3,418,r,10,1,37,4285.7188,2843.10021,13.567133,13.159669,-3.329547,-172.555813,-71.466561,108.148031,-99.102431,True
245,3,424,l,1,4,48,1963.5183,9342.84888,20.722181,-20.41713,3.620682,24.130989,-70.90811,-98.966293,-52.956966,True
245,3,425,l,1,1,35,1156.8691,11897.0624,30.05961,-28.736199,9.223828,66.375647,-64.588535,-122.614453,-23.173249,True
245,3,454,r,4,3,67,536.2573,14925.0546,21.792566,19.041612,10.801402,122.585651,-77.562216,57.781419,-43.773098,True
245,3,514,l,1,3,41,1463.66,12504.93332,20.869778,-20.6253,3.25682,-79.056088,-71.950293,-138.905085,-49.51146,False
245,3,521,r,5,3,18,2039.2594,7344.59175,14.437461,13.878871,4.016731,-139.475816,-73.083748,106.116458,-42.01891,False
245,3,535,l,1,2,29,410.28027,20541.2679,34.083586,-31.905501,12.678739,108.439277,-70.341703,-113.035784,-22.226871,True
245,3,595,r,10,1,37,1244.4398,9859.86286,28.428241,28.352843,-2.160713,88.039449,-77.062271,108.98494,-85.720811,True
245,3,602,l,2,3,24,285.87488,19553.1969,26.347615,-25.626991,6.338101,149.884647,-61.710829,-67.213205,-44.44963,True
245,3,613,r,10,1,37,2653.8774,6001.9801,20.125113,19.48186,-5.14853,-7.248716,-68.209973,105.155394,-96.61901,True
245,3,630,r,4,1,63,422.28656,18240.8051,21.848631,17.113406,13.791511,134.663596,-65.126447,47.827507,-25.230126,True
245,3,644,l,6,1,57,1980.7881,6427.1456,25.384221,-25.096961,-3.937785,-11.334919,-70.340987,-141.136099,-93.246033,True
245,3,687,r,4,2,59,332.7645,18513.4534,24.140625,21.764496,10.707831,123.666494,-70.657826,66.409126,-36.791071,True
245,3,710,l,2,2,10,1126.0942,12142.1306,18.144024,-15.498422,9.552223,84.884651,-72.745173,-56.877437,-36.925948,True
245,3,767,l,1,3,41,2621.5486,5353.93019,15.658176,-15.256011,3.568624,-183.282943,-76.561757,-129.085087,-45.967359,False
245,3,770,r,4,2,59,1200.4825,10641.5943,15.868635,13.959258,7.622882,-38.715514,-68.869201,81.709755,-23.536786,False
245,3,775,r,4,2,59,2232.696,6617.03262,9.052718,7.798595,4.611416,-159.124521,-71.257478,61.511187,-34.693536,False
245,3,785,l,1,4,48,2378.4092,6853.70161,18.24148,-17.274433,5.951998,-40.062149,-78.775768,-102.641364,-42.738894,True
245,3,840,r,4,2,59,2805.6765,5531.50469,10.112129,7.658236,6.623319,-183.95461,-76.482329,63.729422,-20.953138,False
245,3,858,l,5,2,5,2243.1907,6820.33429,21.574624,-20.332167,-7.373706,-22.771401,-73.446095,-115.897321,-116.611525,True
245,3,858,r,5,2,5,2243.1907,6820.33429,23.866611,22.838313,7.123603,-5.072881,-70.823375,124.269461,-30.809739,True
245,3,937,l,7,1,27,663.05304,13315.3985,22.471288,-20.467059,-9.482769,99.972499,-64.444638,-70.923874,-98.324299,True
245,3,961,l,1,4,48,864.0216,13120.4139,26.688603,-26.564502,2.669639,91.620633,-70.157126,-99.187307,-59.815383,True
245,3,1006,r,4,2,59,487.8255,18213.22424,26.146497,22.754821,13.236267,117.753225,-66.366028,72.246109,-22.431365,True
245,3,1016,l,7,1,27,1945.0018,8601.01399,10.812246,-10.206684,-3.586736,-69.442039,-74.611436,-64.717122,-97.504353,False
245,3,1024,r,10,1,37,331.35947,18158.0101,31.422172,29.69845,-10.76817,132.668746,-69.166254,89.734523,-103.612974,True
245,3,1086,r,4,4,54,2003.6365,4954.17126,8.175874,7.5711,3.095026,-242.877375,-75.144926,70.827475,-46.078319,False
245,3,1098,l,7,1,27,1035.4938,9704.80867,20.399023,-20.154753,-3.214968,71.429865,-71.769773,-80.222237,-84.84785,True
245,3,1107,l,1,3,41,804.7472,13447.4375,30.237251,-29.59693,6.490915,67.505278,-68.01354,-126.378827,-38.900586,True
245,3,1127,l,8,1,1,967.63306,12244.17054,15.554166,-15.502175,-1.286555,-5.47766,-47.96767,-81.955287,-54.854154,False
245,3,1129,l,2,4,4,2201.2605,6667.66971,12.560271,-11.417392,5.269948,15.311698,-73.257085,-55.473654,-47.408821,True
245,3,1131,r,4,3,67,1231.4395,9545.3679,14.087186,14.018565,1.40289,110.184852,-69.561545,44.894841,-65.022703,True
245,3,1136,l,2,1,17,363.25732,20781.2635,27.626782,-24.460688,13.257484,130.947724,-67.704302,-72.352544,-26.53545,True
245,3,1151,r,4,1,63,2221.8257,6638.9933,10.143943,7.547297,6.797476,-38.823225,-66.083402,43.566575,-26.545773,True
245,3,1166,l,7,4,39,464.8775,13469.0467,25.70368,-17.163149,-19.430709,94.07491,-50.676083,-60.510886,-123.011469,True
245,3,1173,r,4,1,63,319.15552,18643.6763,24.443955,19.002349,15.669427,132.162509,-64.627274,54.355045,-17.800188,True
245,3,1175,l,7,1,27,2293.443,5081.64567,9.737184,-9.652236,-1.289519,-144.642809,-75.215282,-73.921985,-85.139648,False
245,3,1217,l,2,2,10,3470.2388,4641.71248,8.858867,-7.604545,4.557696,-182.964961,-75.319627,-63.145182,-37.282691,False
245,3,1229,r,4,1,63,2671.5208,6830.77354,9.096771,6.628876,6.243675,-217.719023,-74.548017,59.004417,-18.626611,False
245,3,1232,r,4,3,67,2706.8337,5134.14718,6.167422,5.416831,2.953139,-187.102274,-69.280377,45.240853,-44.557366,False
245,3,1271,r,10,2,31,1895.1978,7106.24202,19.961572,19.675313,-3.437245,-75.076526,-72.432889,130.538879,-95.720208,False
245,3,1294,r,5,2,5,3697.803,4335.46963,16.348533,15.018822,6.533966,-184.778812,-73.049857,127.383776,-16.747261,True
245,3,1363,l,2,4,4,1181.437,9457.88566,16.5377,-15.948513,4.432923,107.811656,-68.58083,-52.064535,-53.891481,True
245,3,1403,r,10,1,37,847.54913,10999.8777,13.156081,12.628025,-3.720261,-139.242184,-71.727289,96.167464,-100.329449,False
245,3,1404,r,4,3,67,294.00574,18666.1142,20.239612,19.011036,7.076409,143.362211,-61.86083,50.523035,-42.607268,True
245,3,1425,r,10,1,37,2023.1422,6320.46818,24.505432,24.366502,-2.689084,40.328903,-77.081952,113.07987,-89.955147,True
245,3,1459,r,5,1,12,694.3686,15151.0418,29.855057,28.048149,10.672037,86.571315,-75.304328,108.384334,-31.867341,True
245,3,1488,r,4,4,54,3066.0999,4280.0969000000005,9.240914,8.315299,4.045415,-243.507844,-78.045958,77.975873,-39.913602,False
245,3,1495,l,1,4,48,2449.8376,5818.24807,16.703334,-16.55182,2.276758,-46.579723,-71.558488,-100.03067,-57.598325,True
245,3,1499,r,4,3,67,2557.719,5415.56362,5.244428,4.981135,1.642901,-150.11353,-76.627127,38.358932,-63.955987,False
245,3,1508,l,1,2,29,2399.0828,6225.01795,19.36177,-17.520043,8.374293,-35.705518,-76.004314,-102.819832,-25.72526,True
245,3,1555,r,5,3,18,838.2978,13466.3249,30.8256,30.68641,3.080081,92.323144,-71.091299,117.308522,-58.722459,True
245,3,1629,r,4,4,54,2244.8904,6049.85649,15.773901,15.424478,3.342558,-4.245906,-72.743713,81.184088,-54.91619,True
245,3,1656,r,5,1,12,2029.8065,7791.00922,14.290108,12.803698,6.399774,-222.103729,-78.267697,116.381873,-19.363454,False
245,3,1659,r,4,3,67,381.1228,17569.4758,16.863304,15.079276,7.63815,106.928503,-70.842882,49.325449,-45.416335,True
245,3,1671,r,4,1,63,2229.133,5917.18174,8.066125,6.766717,4.400461,-122.030397,-70.012048,48.888918,-38.082285,False
245,3,1680,l,2,3,24,3224.7268,4575.61743,8.121339,-7.061235,4.022079,-241.646863,-79.122821,-65.854868,-41.454878,False
245,3,1688,r,4,1,63,2706.3184,6108.28885,6.740594,4.851408,4.685292,-194.576653,-76.820364,41.128923,-36.963351,False
245,3,1717,r,10,1,37,3505.7761,4201.18998,13.52986,13.376092,-2.052832,-169.919876,-79.873455,109.365583,-96.818506,True
245,3,1790,l,7,4,39,364.80432,15380.9933,25.272238,-19.807315,-16.022422,129.725881,-65.646836,-57.725348,-114.566814,True
245,3,1824,l,2,4,4,351.94012,20656.6359,19.297917,-17.004756,9.262068,110.443388,-72.363867,-54.912263,-41.743693,True
245,3,1825,l,7,2,46,3258.3865,2304.60395,9.240093,-8.275744,-4.124304,-108.812002,-73.236904,-58.00796,-102.296752,True
245,3,1827,r,4,4,54,2581.984,5224.79147,7.907104,7.560251,2.322983,-189.626689,-75.773787,63.657233,-56.146666,False
245,3,1851,l,1,3,41,3636.6902,3268.630025,19.456726,-19.238948,2.959532,-102.100571,-78.424711,-136.842797,-56.954213,True
245,3,1877,r,5,3,18,1394.0966,12186.06751,25.140938,23.664148,8.74531,42.269639,-78.892596,108.561191,-37.285421,True
245,3,1896,l,2,4,4,2988.8318,4255.31972,6.876577,-6.387006,2.553529,-222.326302,-73.233536,-57.34895,-50.24261,False
245,3,1909,r,4,3,67,3486.289,2921.39191,5.452828,5.05293,2.052354,-233.580848,-71.064823,46.294816,-52.228757,False
245,3,1931,r,5,1,12,1145.7036,11314.9537,28.400397,26.565051,10.431106,54.25,-72.501994,117.875,-23.97872,True
245,3,1937,l,7,1,27,1180.0745,8578.53068,16.419027,-15.638596,-5.065519,53.667346,-74.362337,-66.156907,-96.11642,True
245,3,1944,r,8,2,20,917.47656,11001.9511,5.28584,4.947135,1.86403,-4.319725,-71.274837,25.476021,-61.6604,False
245,3,1956,l,2,3,24,1172.3188,9840.2689,17.724545,-17.60222,2.112504,38.238598,-74.256628,-79.874155,-64.513766,True
245,3,1985,r,4,3,67,3523.3345,3933.09676,6.088897,5.727467,2.070041,-260.011942,-71.051405,55.1648,-51.071612,False
245,3,2002,l,7,1,27,1416.0253,7475.31233,15.657702,-14.481592,-6.018497,22.07074,-70.541628,-69.199389,-99.716528,True
245,3,2055,r,4,1,63,1469.3052,6753.77304,12.815419,8.499051,9.62721,9.366163,-69.880709,41.936256,-21.74939,True
245,3,2120,l,2,2,10,2895.5977,5032.0221,9.575878,-7.309264,6.203324,-137.107736,-68.290138,-54.783959,-21.485983,False
245,3,2134,l,3,3,23,3586.2725,4381.74567,5.170119,-4.656783,2.248474,-25.02381,-58.933583,-25.660467,-46.523702,True
245,3,2165,r,5,2,5,2837.8718,5963.96071,15.45618,14.872727,4.254893,-216.342572,-69.636418,134.469288,-30.659389,False
245,3,2169,r,10,1,37,1023.19507,13220.13635,30.147937,29.294436,-7.461746,101.888035,-73.225717,105.539492,-101.476117,True
245,3,2195,l,6,1,57,535.6322,15192.7926,30.179966,-30.13217,-1.783686,87.253613,-77.97443,-117.680108,-85.274694,True
245,3,2254,r,10,2,31,1562.3906,6482.8669,29.927789,29.42192,-5.742451,65.219694,-79.762921,126.770519,-105.714237,True
245,3,2301,l,2,3,24,723.5427,14463.3358,24.702507,-22.973865,9.335122,90.235976,-76.54039,-84.687278,-40.872995,True
245,3,2331,l,7,2,46,592.5844,12046.0047,13.827952,-13.093181,-4.486947,97.151927,-77.851391,-44.852957,-93.388578,True
245,3,2337,r,5,1,12,473.1015,17527.5339,33.073122,30.503255,13.448469,109.375715,-72.69855,106.409657,-22.568258,True
245,3,2351,l,2,4,4,2760.955,3885.80752,5.811915,-5.483377,1.92933,-269.251487,-73.616294,-53.686037,-54.690806,False
245,3,2377,l,3,1,16,2527.3547,6080.20774,7.858092,-4.279528,6.596686,-85.570726,-56.258295,-28.104356,-12.703856,True
245,3,2415,r,4,2,59,1904.5247,6774.73694,9.279645,7.771211,5.087146,-191.252648,-76.267179,65.677081,-33.028238,False
245,3,2420,l,2,4,4,323.3647,17533.9774,15.132744,-10.98385,10.474024,69.026741,-86.384541,-42.888214,-44.770858,True
245,3,2442,r,10,1,37,3219.6401,4986.69258,17.808093,16.786916,-6.031186,-32.101476,-68.720386,97.167917,-104.266668,True
245,3,2448,l,8,1,1,2692.648,5431.38623,5.97943,-5.785686,1.512346,18.674135,-69.794643,-27.491796,-62.594542,True
245,3,2461,r,5,3,18,2418.135,6270.96212,13.567997,13.396727,2.168937,-186.233803,-73.049412,113.426151,-54.508406,False
245,3,2507,l,5,3,18,550.37024,6393.155339999999,36.926994,-36.739277,4.012275,-93.583589,-71.456664,-286.323648,-37.882281,False
245,3,2507,r,5,3,18,550.37024,6393.155339999999,18.802436,16.633259,8.894077,-114.247085,-74.61903,120.766849,-8.5958,False
245,3,2515,r,5,1,12,461.6853,19118.2586,30.119388,26.565051,14.74258,103.25,-65.008787,93.375,-10.06713,True
245,3,2549,r,4,2,59,1340.1011,8705.35694,21.100953,18.426308,10.465758,58.443421,-76.844478,77.146728,-31.759673,True
245,3,2552,r,4,2,59,3296.6687,4691.38432,12.777795,11.878202,4.743822,-94.533454,-69.954011,80.881126,-37.345254,True
245,3,2556,r,4,2,59,2086.5044,7340.91853,11.984048,9.25455,7.647274,-109.347076,-73.927823,65.070353,-19.601009,False
245,3,2577,r,10,2,31,1226.7103,10673.7777,30.616372,29.92013,-6.81566,74.175087,-71.518123,124.20575,-101.280152,True
245,3,2686,r,5,2,5,493.02902,18029.5438,34.785857,33.25236,10.858705,88.025485,-73.101374,132.432189,-26.772424,True
245,3,2693,l,2,2,10,2228.6873,6604.59534,13.711219,-10.501937,8.865118,12.638431,-66.349328,-51.415628,-22.35163,True
245,3,2698,r,4,3,67,284.37616,17286.6053,20.840715,17.964295,10.74411,154.727422,-68.027744,43.859547,-41.044381,True
245,3,2718,r,4,2,59,3067.012,4712.50394,9.032692,6.766717,5.99738,-240.654006,-79.60095,62.964044,-23.46043,False
245,3,2764,r,10,2,31,703.4849,14282.1576,31.777698,31.703006,-2.300673,86.694558,-76.138051,125.578736,-85.738593,True
245,3,2769,l,1,3,41,608.34344,17311.733,33.277999,-32.819711,5.840292,71.032097,-63.955071,-141.221823,-37.303405,True
245,3,2779,l,1,1,35,2171.2402,7578.53117,16.918067,-15.310628,7.285355,-168.771884,-72.835545,-125.597255,-12.026486,False
245,3,2792,r,3,3,23,1002.58704,11823.2709,68.766623,68.239229,12.339456,5.638864,-70.970173,712.367689,96.821954,False
245,3,2793,r,5,1,12,611.6463,15783.8476,31.464633,26.565051,17.514448,85.75,-79.506769,102.125,-7.442316,True
245,3,2841,l,1,4,48,2292.4453,5968.26551,18.093089,-17.311723,5.342135,-34.917716,-78.917578,-101.273533,-47.093212,True
245,3,2845,r,5,1,12,1971.9532,7886.66031,23.063356,21.341821,8.955141,4.174372,-70.688849,111.679167,-22.331843,True
245,3,2869,l,2,4,4,2542.3057,3776.71861,6.884601,-6.387066,2.574997,-221.066753,-70.56592,-57.208503,-47.438439,False
245,3,2873,r,4,2,59,631.31146,14260.7022,27.325772,25.615035,9.855949,115.315577,-70.424701,83.75112,-36.76795,True
245,3,2879,l,2,3,24,2608.5818,4795.53831,7.709022,-7.257894,2.605445,-237.277806,-74.648535,-67.152033,-50.460981,False
245,3,2881,r,5,3,18,3718.2007,4203.12755,14.204375,13.690281,3.823595,-191.613426,-72.980267,117.318147,-39.851102,False
245,4,3,l,2,4,4,1989.2975,6150.80079,10.637667,-9.701641,4.384319,2.836664,-78.554314,-49.094194,-56.217913,True
245,4,15,l,1,1,35,1464.0585,11668.35595,28.92783,-27.596377,9.038021,45.333687,-76.761388,-127.888761,-32.847664,True
245,4,34,l,1,3,41,2399.9324,5086.61784,15.665195,-15.52424,2.123007,-214.302909,-67.91927,-140.085367,-48.516687,False
245,4,54,r,5,1,12,1242.7847,10682.2305,27.029206,23.099358,14.438243,59.191077,-76.476964,98.44529,-11.871369,True
245,4,62,l,1,4,48,2743.4866,5330.46177,12.031708,-11.99628,0.929472,-204.450943,-68.742482,-105.065244,-60.541527,False
245,4,77,r,5,2,5,326.91003,19317.3137,37.956448,37.073615,8.79577,105.865379,-67.255794,139.126671,-31.54581,True
245,4,85,r,4,1,63,1904.0253,7885.953473,13.080316,8.811711,9.705341,-72.018266,-78.692671,56.11916,-16.037507,False
245,4,113,l,2,1,17,2620.159,5094.99446,10.426573,-9.30606,4.723058,-159.22792,-69.519313,-73.612679,-31.909034,False
245,4,136,r,10,1,37,2978.5647,4153.16674,10.961677,10.739293,-2.209814,-240.240957,-70.683529,100.566734,-91.509041,False
245,4,153,r,4,2,59,2577.5603,5464.56558,14.282064,12.882218,6.219349,-52.767003,-70.462949,78.392173,-32.144963,True
245,4,158,l,2,2,10,1454.3256,7922.628467,9.22572,-7.57275,5.284911,-139.785146,-71.103609,-57.137553,-30.998016,False
245,4,167,l,2,3,24,1969.2711,6275.59514,11.609935,-10.890555,4.047747,-105.613024,-73.044924,-76.115428,-44.536211,False
245,4,202,r,10,1,37,2610.8965,4623.502109999999,13.297371,12.983934,-2.895085,-128.203313,-70.434191,96.426333,-92.138402,False
245,4,220,l,1,4,48,1443.3298,9110.785,15.258382,-15.050107,2.542012,-98.303835,-71.05315,-104.409747,-53.201849,False
245,4,241,l,1,3,41,1752.6057,8063.43462,24.786851,-24.025811,6.284308,-8.029247,-76.645915,-132.852075,-40.712611,True
245,4,253,r,4,1,63,1627.1865,8710.846300000001,6.833315,5.579307,3.951574,-176.301446,-69.400636,45.551233,-37.036359,False
245,4,284,l,2,2,10,2546.1582,5365.850498,7.419003,-5.691902,4.766412,-233.312125,-70.029641,-52.158792,-26.178613,False
245,4,306,r,5,2,5,2120.695,7928.763879999999,23.974349,23.031624,6.846024,-2.975842,-66.8559,124.551754,-28.635341,True
245,4,307,r,5,1,12,1063.561,13436.4008,21.84927,18.848614,11.257758,8.514898,-69.230675,96.091934,-10.025326,True
245,4,344,r,10,2,31,548.23975,15065.4106,34.798645,33.958272,-8.103467,97.630804,-72.189942,129.550922,-105.212119,True
245,4,352,l,7,2,46,767.2727,12213.5634,21.216105,-19.908894,-7.485663,117.860685,-68.808302,-62.343786,-92.864782,True
245,4,369,l,2,2,10,2951.9197,4183.08046,7.459818,-4.167276,6.192769,-261.301401,-76.456407,-40.168488,-16.477728,False
245,4,398,r,10,1,37,1296.1295,10133.3139,27.668075,27.304074,-4.655848,68.602075,-67.843329,114.291929,-88.134556,True
245,4,472,l,2,2,10,3549.64,4281.87329,9.186999,-6.902728,6.077194,-132.5457,-69.290679,-51.154061,-23.975212,True
245,4,509,l,1,4,48,1805.2584,8358.0403,22.817365,-22.644845,2.8773,37.403087,-71.38604,-105.377984,-57.629888,True
245,4,514,l,2,4,4,524.5614,14954.6014,18.507717,-17.989278,4.423688,115.694146,-74.609549,-56.599345,-60.431866,True
245,4,525,r,4,1,63,2387.6414,6423.01337,7.583957,6.562754,3.809226,-202.059793,-69.931438,56.609131,-36.953186,False
245,4,530,l,2,1,17,3138.8638,4971.48001,8.743762,-7.289117,4.842402,-220.985945,-70.97041,-65.360158,-27.328184,False
245,4,538,l,2,3,24,2725.1304,4883.00777,11.981441,-11.728935,2.464162,-65.087703,-72.772707,-73.72216,-57.1659,True
245,4,600,l,8,1,1,3544.184,3966.16211,4.360378,-4.337812,0.44346,-38.999203,-64.95399,-24.955933,-62.400225,True
245,4,604,l,7,2,46,2683.3423,5109.28082,6.35979,-6.111439,-1.76325,-66.638273,-73.452346,-38.185652,-84.493933,True
245,4,626,r,4,3,67,464.12128,14342.6196,13.888655,13.242365,4.22536,121.175067,-76.791344,39.72925,-63.977772,True
245,4,634,r,5,1,12,440.2662,18576.1266,32.097913,29.35924,13.595466,98.872325,-65.113837,107.515847,-12.079633,True
245,4,637,l,3,3,23,1778.4933,7244.51,6.212845,-4.196467,4.585492,-103.070513,-66.442558,-28.840927,-34.832282,False
245,4,648,l,2,1,17,2948.786,5121.58935,9.871749,-7.854284,5.99896,-247.383637,-71.026537,-74.131156,-14.020317,False
245,4,660,l,6,1,57,902.77026,11752.9618,32.046399,-31.85971,-3.651638,65.990906,-73.654876,-139.214924,-90.486894,True
245,4,699,l,1,3,41,461.8816,19185.6282,34.712778,-34.406581,4.913183,101.381834,-58.819615,-129.181376,-39.167439,True
245,4,752,l,6,1,57,2056.562,8539.04103,23.435855,-23.179754,-3.554637,-3.62307,-77.085549,-125.724214,-96.927087,True
245,4,756,r,4,3,67,3448.4475,3980.4005,7.570676,5.977315,4.654624,-130.973368,-79.60616,44.077578,-45.144111,True
245,4,773,l,1,4,48,365.93753,20745.4579,36.387924,-35.250253,9.677089,118.098605,-76.939693,-121.489034,-41.045129,True
245,4,801,r,4,4,54,1441.1763,7289.6323,9.305256,9.193253,1.445637,-144.307589,-75.13944,70.289995,-64.036428,False
245,4,820,l,7,2,46,2040.9912,5410.95659,8.619561,-8.363306,-2.093591,-106.459544,-78.914527,-58.284637,-93.56341,False
245,4,826,l,1,3,41,1786.2914,8043.70524,17.529651,-17.363092,2.448759,-111.552862,-73.694825,-125.555028,-55.702577,False
245,4,830,l,1,3,41,3416.9324,5509.9463,19.010327,-18.50499,4.432387,-125.522205,-69.592135,-139.072025,-35.627037,True
245,4,850,l,2,3,24,2708.0276,4735.87977,8.045984,-7.656932,2.479091,-211.506159,-76.621976,-67.422469,-54.713762,False
245,4,856,r,10,2,31,2777.8777,5131.5833,21.377956,21.057808,-3.772612,-46.819783,-73.904411,129.683055,-97.703598,True
245,4,859,r,4,2,59,1496.4127,9554.17026,8.907441,6.999773,5.522468,-236.769778,-69.863579,64.677081,-18.550469,False
245,4,867,r,4,2,59,1847.9802,8099.37024,17.90369,15.249733,9.493683,10.957653,-77.474377,76.074278,-29.10725,True
245,4,872,r,8,4,14,2162.9517,4742.20608,4.05402,3.298087,-2.358782,-90.918786,-83.171351,21.950878,-98.888105,False
245,4,899,r,4,4,54,1815.0461,6612.95264,7.041699,6.913216,1.342285,-284.96778,-73.425117,69.713311,-59.854048,False
245,4,901,l,7,2,46,722.8374,12175.4051,20.618473,-19.69855,-6.214794,126.723877,-71.609549,-58.456654,-90.494854,True
245,4,910,r,4,1,63,1997.1073,8100.81581,10.30229,8.125,6.355541,-63.88697,-70.130012,50.523123,-30.313585,False
245,4,939,r,4,3,67,674.0335,13511.2521,12.526161,12.497737,0.850158,97.209473,-68.713473,42.732643,-65.783193,True
245,4,946,r,10,1,37,1897.9803,7403.33543,24.506084,24.257826,-3.589636,39.788471,-69.531785,112.753188,-86.748451,True
245,4,981,l,6,1,57,2405.893,4837.284540000001,20.043457,-19.588911,-4.330286,-65.025024,-71.603849,-126.341304,-100.138566,True
245,4,987,r,10,1,37,2407.957,5134.44795,24.03117,23.217896,-6.378059,38.302641,-72.359034,107.970697,-102.973193,True
245,4,1004,r,4,3,67,1197.5608,9925.98784,16.273942,16.083562,2.515418,121.608571,-67.073283,48.551357,-59.374409,True
245,4,1074,r,4,4,54,2192.4114,6040.9107,8.854768,8.769216,1.232746,-207.421445,-74.736297,76.731269,-63.905783,False
245,4,1119,l,2,1,17,2271.3645,5746.19486,16.486682,-14.07817,8.66812,13.43102,-74.185033,-69.357313,-30.715901,True
245,4,1122,r,4,3,67,1438.2109,8693.15264,6.840917,6.302909,2.664613,-104.517614,-75.424137,43.575421,-56.951696,False
245,4,1174,l,7,3,33,815.8676,11160.8638,11.905997,-9.994966,-6.502582,-77.541608,-78.874781,-64.774207,-121.413241,False
245,4,1174,r,7,3,33,815.8676,11160.8638,16.009652,12.391606,10.217301,-85.187407,-75.02607,82.432683,-5.789277,False
245,4,1176,r,10,2,31,3228.6333,2711.37671,20.198729,19.723435,-4.445439,-40.345877,-79.806388,118.433408,-107.089283,True
245,4,1201,l,7,3,33,557.56885,13213.4306,25.01289,-23.203522,-9.610178,129.339847,-77.785063,-68.870718,-107.382123,True
245,4,1204,l,2,4,4,1198.9946,9827.65643,12.005647,-10.394799,6.040298,19.264636,-77.859958,-49.663833,-48.733969,True
245,4,1239,r,4,3,67,286.50168,16736.9546,18.034412,16.917294,6.342066,138.175005,-77.286562,46.178023,-59.648833,True
245,4,1264,r,5,3,18,1459.0498,9199.0309,23.005686,22.324284,5.705543,35.594993,-79.442933,104.465084,-51.965625,True
245,4,1276,l,2,2,10,2595.9617,6036.54771,9.146098,-6.601337,6.344437,-187.466335,-71.450593,-55.256027,-18.008647,False
245,4,1277,l,2,3,24,1239.3197,10873.391,19.474572,-17.999561,7.561094,64.674125,-76.365549,-73.210905,-44.917258,True
245,4,1293,l,2,2,10,288.23477,19570.0991,21.026753,-19.003073,9.171699,143.162937,-63.920534,-50.568864,-38.846012,True
245,4,1315,r,10,1,37,2247.4927,6465.219069999999,21.129506,20.818167,-3.696878,26.19805,-69.888251,100.304686,-88.123656,True
245,4,1317,r,4,1,63,559.01965,14671.9708,17.368452,13.329294,11.237675,108.393772,-70.466858,43.027946,-33.384796,True
245,4,1334,l,6,1,57,1284.7306,8706.814,28.502319,-28.030483,-5.387885,33.885881,-73.429469,-136.353126,-100.794753,True
245,4,1414,l,1,2,29,483.67422,17843.117,30.164021,-27.844804,12.094151,98.621141,-75.7985,-101.093958,-29.421102,True
245,4,1424,l,7,2,46,1768.9824,6014.53959,7.75041,-7.581306,-1.614893,-140.745028,-74.62595,-57.330625,-86.876892,False
245,4,1428,r,4,1,63,869.7149,12280.2379,18.790366,14.98892,11.464296,127.50542,-56.477168,43.506612,-22.361969,True
245,4,1433,r,4,2,59,2405.4482,6167.4251,15.630565,13.810636,7.39219,-34.893127,-80.037712,79.865359,-36.631622,True
245,4,1460,l,7,3,33,635.291,12921.0225,21.817948,-19.764125,-9.432148,83.671153,-67.340582,-74.137053,-103.762576,True
245,4,1504,r,4,4,54,2205.9744,6654.44079,15.852144,14.688886,6.027192,14.526398,-70.247095,72.212039,-40.178741,True
245,4,1563,r,4,3,67,660.5642,12525.2538,15.768919,14.052939,7.226777,100.227285,-71.956164,47.501937,-47.149773,True
245,4,1579,r,4,1,63,1471.627,9432.14,12.25626,6.892018,10.159495,-54.774451,-78.813734,41.673556,-16.580922,False
245,4,1586,l,2,3,24,2181.7861,6323.02814,14.768928,-14.540339,2.616758,-15.547351,-64.336657,-79.24947,-49.910218,True
245,4,1627,l,2,3,24,2144.1453,6053.02607,8.565904,-8.476124,1.241488,-248.892877,-74.165922,-80.30851,-62.358365,False
245,4,1658,r,4,2,59,1564.4215,10653.0346,13.399575,10.438923,8.448082,-47.030404,-65.971474,62.093355,-15.071655,False
245,4,1685,l,7,2,46,1079.5627,8823.2146,8.999804,-8.895002,-1.374997,-42.164918,-82.178589,-51.985955,-90.248543,False
245,4,1701,l,2,4,4,2226.386,5978.01574,8.168537,-7.496643,3.253586,-142.013863,-72.207538,-56.849955,-47.437166,False
245,4,1703,l,2,3,24,3509.2166,3916.41293,10.711755,-10.143859,3.459651,-201.789345,-75.223861,-87.989475,-45.020221,False
245,4,1711,r,5,1,12,357.5223,21067.72014,34.715007,31.492807,15.423966,104.753033,-78.677803,113.487501,-18.740492,True
245,4,1749,r,4,1,63,2124.877,6232.77924,6.946091,5.577225,4.14694,-225.601409,-72.989998,50.348249,-35.428813,False
245,4,1762,l,2,1,17,1937.8403,8379.25086,13.621977,-10.972487,8.122336,-106.351819,-78.050032,-76.845493,-20.429792,False
245,4,1763,r,4,1,63,2188.553,5694.25986,12.829731,10.259762,7.744839,-20.304115,-71.608646,56.166726,-28.720816,True
245,4,1824,l,2,1,17,442.61246,18347.8923,27.111604,-23.815239,13.352822,121.100665,-77.460331,-74.547151,-33.638439,True
245,4,1839,l,1,3,41,2341.6023,6125.34002,16.24344,-15.831065,3.684293,-191.652385,-69.539059,-136.575984,-37.301836,False
245,4,1848,r,5,2,5,2034.6136,6405.16329,15.867667,15.209267,4.577753,-179.766499,-70.285709,127.714321,-31.307522,False
245,4,1858,l,2,4,4,336.886,18011.457000000002,19.833927,-17.964313,8.548816,149.330099,-74.700129,-45.609574,-52.470613,True
245,4,1888,r,4,3,67,1057.6536,9541.7908,9.785686,8.826449,4.24218,14.456369,-68.978255,42.786663,-48.294699,True
245,4,1916,l,7,2,46,1715.4866,6366.59191,6.944595,-6.749098,-1.639978,-210.325551,-68.572932,-59.209447,-82.997629,False
245,4,1920,r,5,3,18,2408.6267,6554.27623,19.505109,19.031689,4.352738,-38.714379,-75.807846,113.388836,-49.340649,True
245,4,1973,r,5,3,18,695.5006,13234.7069,30.110096,28.907257,8.815112,103.71103,-73.792047,102.867825,-40.790834,True
245,4,1989,r,5,3,18,1630.1045,7390.27209,21.71421,21.344753,4.085088,23.188025,-78.230656,104.265799,-57.771803,True
245,4,2019,l,2,2,10,1477.4688,8003.448710000001,17.239122,-14.230614,9.832446,44.006402,-75.220457,-62.385823,-31.236836,True
245,4,2027,l,7,3,33,1777.6117,6309.49829,18.024927,-15.812697,-8.764699,54.451796,-70.591565,-66.709805,-108.336107,True
245,4,2041,r,4,3,67,3256.5842,4761.17992,7.527206,7.162193,2.321622,-131.665506,-76.959312,52.986086,-59.729654,True
245,4,2094,l,7,2,46,2645.725,5013.00824,8.334626,-7.443708,-3.759901,-38.73999,-68.500524,-42.950905,-90.287945,True
245,4,2109,l,2,2,10,2282.0396,6405.4449,9.971916,-7.556094,6.526253,-143.82862,-77.220075,-57.54677,-27.155447,False
245,4,2111,r,8,2,20,2715.192,5172.86053,5.443917,5.054186,2.025361,28.857446,-73.79125,23.095893,-64.520172,True
245,4,2214,l,7,1,27,2597.7893,4894.55622,12.312521,-12.011834,-2.724536,-13.303241,-76.016635,-64.534572,-90.773332,True
245,4,2248,l,2,3,24,1451.1704,8605.947,15.977162,-14.375851,7.046416,23.846998,-81.084714,-68.216916,-47.122932,True
245,4,2249,r,4,2,59,3939.3237,3565.61589,8.224966,7.247071,3.90016,-281.542898,-77.376063,72.679754,-38.09679,False
245,4,2309,l,2,4,4,2285.3826,5591.59241,5.893232,-4.92657,3.238048,-252.135315,-71.463064,-46.730653,-40.678107,False
245,4,2313,r,3,4,3,3673.1665,3574.348,7.043601,4.700345,5.251762,-27.080968,-54.695661,26.070725,-25.451829,True
245,4,2333,l,2,2,10,648.5984,15257.8751,18.445873,-11.14799,14.790275,60.103086,-78.21616,-45.303986,-16.349155,True
245,4,2345,l,2,3,24,1989.6436,6907.87528,9.613438,-9.544452,1.154983,-216.195839,-73.522287,-85.111907,-63.173626,False
245,4,2351,r,5,2,5,801.1973,15451.9391,32.252726,31.16675,8.751611,79.080625,-67.217869,127.57008,-29.271153,True
245,4,2382,r,10,2,31,3444.7698,4777.0981,20.227751,20.093787,-2.373728,-76.543618,-70.32624,134.090846,-86.505404,True
245,4,2396,l,2,1,17,2811.1812,4382.5762237,9.31069,-7.94601,4.868481,-262.593969,-72.86951,-77.131091,-25.345418,False
245,4,2466,l,2,1,17,662.1047,15827.3809,18.482992,-14.853752,11.125623,7.552679,-78.13358,-74.909347,-20.668127,False
245,4,2509,l,7,1,27,3262.171,3649.09379,10.0329,-9.690513,-2.611165,-117.988795,-74.670344,-69.669278,-93.546005,True
245,4,2562,l,7,2,46,1226.9279,9155.15191,8.508372,-8.453467,-0.96856,26.513367,-81.132022,-39.159597,-85.635501,True
245,4,2566,r,5,2,5,3779.9456,4245.10528,15.304319,14.310517,5.482639,-187.130346,-74.812031,121.712275,-27.548963,True
245,4,2575,l,2,1,17,978.73773,13985.44635,22.720033,-21.367554,7.909399,101.653357,-67.981729,-73.689231,-39.883578,True
245,4,2595,l,1,4,48,2506.1821,6765.523520000001,11.742772,-11.27953,3.287076,-228.365937,-72.397769,-103.387155,-42.039915,False
245,4,2617,r,5,3,18,2686.125,4878.57684,12.621072,12.504641,1.724173,-204.280776,-69.637919,109.621415,-54.397765,False
245,4,2630,r,4,4,54,524.66174,14640.333,24.268919,23.481025,6.315207,120.899631,-69.495159,73.460352,-49.091271,True
245,4,2649,l,1,2,29,635.8944,16634.5788,30.500377,-28.382786,11.663338,86.860713,-68.690537,-109.758142,-21.028578,True
245,4,2676,l,7,2,46,3603.049,1947.16812,8.962861,-8.034918,-3.984623,-53.120318,-77.804707,-48.435673,-101.94244,True
245,4,2692,l,1,4,48,1774.6932,7223.8117,15.21099,-14.163682,5.604205,-103.595103,-77.953414,-99.329451,-38.121032,False
245,4,2717,r,4,3,67,833.8118,12429.5943,17.447724,16.234434,6.48052,101.118853,-77.442273,54.998164,-55.095996,True
245,4,2748,r,4,3,67,720.084,13625.2985,19.089455,17.386166,8.006933,98.418746,-73.551689,59.98713,-45.312898,True
245,4,2770,r,4,3,67,301.53806,16281.5662,16.373144,15.355611,5.751647,142.387547,-75.693874,40.536234,-60.275369,True
245,4,2799,r,4,3,67,1252.6249,9024.25355,16.4046,15.296415,5.999197,86.192899,-70.94271,55.741609,-48.737981,True
245,4,2808,r,4,3,67,1559.8165,8316.2549,6.307655,5.768118,2.55684,-232.782077,-71.540283,52.808381,-48.076688,False
245,4,2810,l,1,3,41,325.78296,21919.31963,36.061132,-35.035074,9.14669,114.864284,-71.087489,-122.791191,-36.648593,True
245,4,2821,r,4,2,59,2245.7026,5184.52137,15.128858,13.65977,6.566102,-22.04692,-71.959542,75.836754,-34.996053,True
245,4,2841,l,7,2,46,3935.233,2852.11194,6.35532,-5.96789,-2.189001,-254.502634,-76.55547,-56.921023,-97.481889,False
245,4,2859,r,5,3,18,1338.8931,9710.5633,20.315284,20.019003,3.530111,-5.625055,-67.453253,107.709772,-48.043339,True
245,5,30,r,5,3,18,1833.5232,8708.58525,20.490265,19.52199,6.349525,23.638455,-68.813364,94.438634,-37.3659,True
245,5,151,l,1,1,35,2181.28,8003.2654,23.072747,-21.475777,8.641657,-40.809006,-74.541737,-130.147603,-20.514558,True
245,5,299,r,4,4,54,2643.4026,4690.67633,11.940447,10.912684,4.876058,-35.92981,-77.253072,62.839021,-48.936164,True
245,5,305,r,5,1,12,2041.3855,7595.5882,14.641474,12.99922,6.796251,-126.802663,-74.522451,96.220497,-23.542955,False
245,5,317,l,1,3,41,829.6938,14323.0823,31.221046,-30.011379,9.038483,72.497028,-77.235237,-125.633004,-37.27934,True
245,5,349,r,10,1,37,1817.5931,10081.6197,23.965384,23.44895,-5.094364,54.346771,-76.674571,102.215376,-99.573832,True
245,5,365,r,4,1,63,367.1908,16593.5889,22.093795,15.352757,16.083593,123.252917,-77.101232,45.78191,-27.244704,True
245,5,377,l,1,1,35,2478.245,5512.81777,17.17063,-16.333283,5.37032,-201.399074,-73.42744,-144.005058,-25.290665,False
245,5,381,l,1,3,41,2086.1636,8054.17183,23.040209,-22.727105,3.890018,-47.537527,-69.239806,-141.382665,-44.355771,True
245,5,415,r,4,1,63,1144.3853,9344.1181,16.631459,13.654062,9.587595,61.716267,-76.021807,55.455707,-36.339879,True
245,5,487,l,7,1,27,1749.4855,6256.08872,15.411032,-14.785353,-4.395936,7.065902,-76.516237,-74.67704,-99.011492,True
245,5,508,l,2,2,10,2565.4634,7519.07192,9.147945,-6.502624,6.448225,-192.80271,-75.134512,-55.03082,-20.214676,False
245,5,512,l,1,3,41,2136.4404,6021.65499,16.816998,-16.719948,1.830413,-166.82619,-72.429299,-137.227803,-57.185766,False
245,5,514,r,10,1,37,1598.6993,7740.00968,13.829649,13.426745,-3.344738,-176.147379,-69.79811,111.281941,-97.806748,False
245,5,517,r,5,2,5,1599.1088,9637.382,17.226357,15.808692,6.932503,-205.733608,-79.206891,140.359703,-16.561722,False
245,5,563,l,7,1,27,1425.0358,7435.35255,20.77763,-19.903172,-6.089195,74.762045,-76.335667,-77.92853,-100.755534,True
245,5,572,l,4,1,63,2256.2422,6026.65849,30.613149,-20.976697,22.822554,-29.687317,-72.022892,-122.567309,72.058202,True
245,5,572,r,4,1,63,2256.2422,6026.65849,13.765754,10.935729,8.412401,-15.720681,-70.420124,59.070262,-24.371388,True
245,5,583,r,4,3,67,3270.4744,4131.33432,5.429305,5.291634,1.216625,-265.092304,-75.427006,51.41261,-63.587887,False
245,5,586,r,3,4,3,1391.89,8229.72164,4.248519,3.034988,2.974397,-106.661413,-64.236105,21.03104,-43.596746,False
245,5,593,r,10,1,37,2856.8857,5295.41802,18.361602,17.808285,-4.547975,-5.409001,-67.088153,94.892578,-91.768818,True
245,5,637,r,4,3,67,1134.4846,8990.55288,9.384015,9.367033,-0.566835,81.446814,-65.038171,34.402479,-67.129368,True
245,5,664,l,2,1,17,2898.9329,5701.72057,10.492784,-9.587393,4.283933,-228.292318,-70.003757,-87.545286,-30.629369,False
245,5,672,l,2,2,10,1081.1157,11359.9192,18.24458,-12.962339,12.950809,78.135828,-76.956686,-48.766039,-26.961549,True
245,5,689,l,1,4,48,2000.5006,6628.31573,11.796046,-11.68865,1.599292,-231.826562,-71.961619,-107.957286,-57.083606,False
245,5,735,l,2,1,17,1774.6562,8472.06223,19.614388,-15.740004,11.85495,25.061529,-71.480303,-74.67048,-13.699923,True
245,5,738,r,4,3,67,3202.3179,4599.90894,6.502593,5.779735,2.984731,-223.190579,-73.651867,51.944625,-46.757102,False
245,5,739,l,2,4,4,531.48645,15234.8506,21.285414,-18.235315,11.171168,139.240033,-78.24262,-49.670344,-46.895922,True
245,5,754,l,7,2,46,741.13794,11673.623,17.537423,-16.611335,-5.704586,104.192719,-74.199018,-55.431583,-93.568432,True
245,5,762,l,1,1,35,1284.1156,11132.2881,30.318674,-28.798306,9.915524,29.894311,-76.313817,-142.984296,-24.428333,True
245,5,771,l,2,4,4,292.86597,19166.6393,19.055559,-18.379882,5.118558,138.390841,-67.12996,-50.374538,-52.819692,True
245,5,827,r,4,1,63,2240.4143,5861.33434,6.066233,4.412947,4.166464,-194.228752,-74.352518,37.369445,-38.973034,False
245,5,848,l,8,1,1,3170.6091,4728.23297,5.520223,-5.411425,1.092198,-22.502523,-73.097915,-29.603056,-67.113459,True
245,5,864,r,4,3,67,778.11743,11402.6408,15.700963,14.749438,5.443545,126.068513,-75.584499,43.15784,-59.430398,True
245,5,924,r,3,4,3,3094.5732,5189.58125,7.995424,4.400616,6.682012,-40.674852,-73.111611,25.447619,-34.25694,True
245,5,943,r,4,2,59,2818.5623,6950.988090000001,14.559675,11.03261,9.560345,-85.309102,-80.468498,73.174402,-16.066623,True
245,5,961,l,2,4,4,1056.1235,11706.7937,16.32611,-14.76873,7.037713,92.947834,-68.823511,-51.948393,-43.665731,True
245,5,970,l,2,1,17,2781.5479,5373.85778,10.05815,-8.688633,5.086529,-222.422816,-71.654869,-78.307667,-25.514266,False
245,5,974,r,5,2,5,3466.2986,4861.14659,18.258198,16.944433,6.902646,-151.877236,-72.924826,134.626967,-17.003434,True
245,5,976,r,4,1,63,3469.944,4384.448,9.820714,8.219777,5.392735,-107.09306,-69.696088,57.361903,-31.821456,True
245,5,987,r,4,2,59,613.48785,15075.1501,26.641046,22.643001,14.423204,111.72397,-71.259445,74.366178,-21.579737,True
245,5,993,r,4,3,67,357.0665,16236.3348,18.679431,17.759769,5.884618,128.385218,-79.774313,51.763681,-62.283349,True
245,5,995,l,2,4,4,2928.8167,4214.69426,9.154969,-8.705391,2.844642,-84.861434,-78.622977,-57.397959,-59.779325,True
245,5,1007,l,7,3,33,468.29486,14297.5926,25.619253,-23.237393,-11.100323,110.832126,-70.098918,-76.929898,-108.354691,True
245,5,1009,l,8,1,1,434.7589,14690.6375,6.4813,-5.759666,-2.977144,-25.013754,-68.586815,-31.773898,-85.053107,False
245,5,1016,r,5,1,12,2283.0398,6418.02312,21.00192,17.863346,11.229625,-12.871903,-77.68225,97.61103,-14.503446,True
245,5,1023,l,1,1,35,839.9014,15076.4866,33.399581,-32.375815,8.693093,82.504061,-66.293524,-131.5581,-28.728441,True
245,5,1030,r,4,3,67,3419.216,3443.978352,6.540477,5.494437,3.553552,-112.44105,-77.494506,38.711232,-52.387225,True
245,5,1032,r,4,2,59,353.0489,17211.4694,24.658235,21.877063,11.667081,130.592068,-68.017409,64.007463,-32.546712,True
245,5,1062,l,3,3,23,2661.1458,5569.98015,7.233152,-6.350906,3.46898,37.906288,-55.99325,-28.058137,-40.617168,True
245,5,1086,r,4,4,54,2374.558,5727.2930400000005,13.886684,13.624531,2.711317,-25.645628,-78.252457,76.505781,-62.871689,True
245,5,1107,l,2,3,24,707.71063,13383.3136,18.326579,-17.835742,4.283281,92.814537,-75.003208,-63.445039,-59.488984,True
245,5,1120,r,10,2,31,1603.1298,8554.58027,27.078798,26.419731,-6.16383,41.867655,-73.48225,123.280487,-103.40471,True
245,5,1180,r,5,1,12,2133.5332,6030.76932,14.140964,13.060488,5.469067,-205.873012,-73.941706,115.032846,-25.204006,False
245,5,1232,r,4,1,63,3276.0583,5092.7578300000005,10.298527,6.289356,8.17144,-103.649016,-72.172238,43.385239,-15.304563,True
245,5,1292,l,6,1,57,2078.3914,7729.78108,22.126588,-22.07265,-1.584116,-36.937388,-78.364551,-132.573745,-88.121109,True
245,5,1299,l,6,1,57,543.83386,15368.4989,33.933488,-33.520411,-5.616967,88.538291,-76.088157,-133.447831,-99.854481,True
245,5,1305,r,8,4,14,3246.0784,3872.35883,3.379414,3.212608,-1.04916,-83.329234,-84.578022,20.954756,-91.425693,True
245,5,1361,r,10,1,37,776.3092,12737.7036,29.519091,28.277357,-8.845057,100.240748,-72.414127,102.078119,-105.944602,True
245,5,1464,r,5,2,5,2706.0996,7129.113,21.705385,20.59631,7.003497,-64.763492,-74.289706,133.320754,-27.732406,True
245,5,1484,r,5,2,5,2360.0525,6947.05969,17.246224,16.314906,5.66831,-180.082184,-70.225387,137.594418,-21.609884,False
245,5,1487,l,7,2,46,2650.1194,4521.97311,6.437937,-6.427175,-0.372876,-202.529517,-75.455382,-55.482594,-78.681038,False
245,5,1496,l,2,1,17,3359.8713,4995.50527,10.086865,-8.508141,5.438217,-239.023369,-74.264646,-79.139925,-23.340744,False
245,5,1568,l,2,4,4,3100.966,5144.11568,7.915661,-7.324605,3.009525,-94.968735,-76.602432,-49.483678,-56.196383,True
245,5,1609,r,10,1,37,1479.4335,9133.02705,27.230015,27.087649,-2.892382,73.041474,-78.133289,110.964277,-90.445529,True
245,5,1619,l,2,2,10,2389.6628,6464.77946,7.915771,-6.257733,4.85738,-228.629824,-70.222673,-56.870042,-25.884834,False
245,5,1641,l,1,4,48,3557.2815,4340.45787,15.440524,-14.836605,4.324935,-113.002427,-69.318362,-106.753322,-37.788881,True
245,5,1643,r,5,2,5,1745.7275,8228.3694,25.626447,24.406718,8.063041,-5.344702,-75.374544,134.016058,-29.429231,True
245,5,1676,r,4,3,67,2235.2954,5961.64568,5.149835,5.03937,1.062288,-245.871271,-73.954734,47.253722,-63.979754,False
245,5,1681,l,2,2,10,1319.4926,9357.4252,14.483143,-11.172287,9.275589,76.071294,-58.589102,-42.251503,-22.975605,True
245,5,1698,l,7,1,27,689.5571,11817.4632,20.753324,-19.650281,-6.811929,73.581614,-74.810601,-77.27719,-102.261285,True
245,5,1699,r,5,3,18,1394.7053,8455.16942,24.770097,24.479377,3.906141,65.360293,-68.8844,102.27658,-52.030856,True
245,5,1701,r,4,2,59,1652.8279,8386.7518,20.366364,17.511489,10.566097,36.572669,-73.699023,79.961201,-24.129356,True
245,5,1718,l,2,2,10,361.601,17739.0272,17.554085,-12.35188,12.571425,89.981843,-74.41446,-43.80077,-28.75287,True
245,5,1719,l,7,2,46,1335.4636,7497.10654,14.140542,-12.830365,-5.994987,75.492959,-81.048475,-48.854367,-104.151949,True
245,5,1736,r,10,1,37,1120.4911,10569.36002,30.669903,30.14776,-5.920648,93.697001,-78.220625,114.011592,-101.762503,True
245,5,1761,r,4,2,59,611.9827,14368.8473,21.865839,20.167259,8.631552,119.980402,-66.987833,62.444746,-39.493325,True
245,5,1766,l,2,3,24,312.94278,19994.58204,28.46316,-26.565051,10.61405,120.75,-76.236034,-84.625,-40.775088,True
245,5,1771,l,1,1,35,3563.9678,3933.27264,16.156632,-15.162912,5.645429,-219.220567,-77.004406,-137.998272,-24.851574,False
245,5,1784,l,8,1,1,2165.8347,5898.9996,5.992078,-5.425421,2.547394,-5.919587,-75.751699,-28.10511,-62.527069,True
245,5,1798,l,8,1,1,2539.5325,5936.79499,3.926077,-3.806631,0.961774,-81.927046,-74.307993,-24.746599,-68.050387,True
245,5,1802,r,4,4,54,1568.7151,8114.19161,12.973041,12.340168,4.03392,-78.471379,-72.022236,80.610397,-45.422427,False
245,5,1841,r,4,3,67,3329.6147,4041.13331,6.247685,6.119849,1.259784,-94.070761,-70.192086,41.179905,-61.697609,True
245,5,1888,r,5,1,12,1274.9525,6113.64658,11.313289,10.262021,4.78824,-64.023736,-70.074121,64.094627,-39.937002,False
245,5,1891,r,5,2,5,1312.8118,10211.9174,19.392888,18.228226,6.734837,-121.892218,-77.827526,135.648151,-26.617588,False
245,5,1898,l,1,3,41,2885.548,4585.932150000001,18.55647,-18.48571,1.64803,-90.852671,-71.805421,-127.325912,-60.251577,True
245,5,1912,l,1,3,41,346.08438,19652.778,32.806697,-32.092149,7.205972,78.125426,-77.688086,-132.868214,-46.067941,True
245,5,1947,r,5,3,18,1158.8975,10854.7586,25.636683,25.309313,4.225556,57.033293,-79.819497,110.16919,-60.779416,True
245,5,1958,r,4,3,67,3653.7617,3116.07589,4.139701,3.968571,1.178894,-230.954796,-75.785129,36.141554,-65.038899,False
245,5,1967,r,10,1,37,906.1192,11536.0669,29.352978,28.369417,-7.869233,94.974423,-70.164246,105.31544,-100.798671,True
245,5,1995,l,7,2,46,2609.668,4557.65291,11.41831,-11.100849,-2.690682,20.527726,-84.896711,-52.872506,-97.802247,True
245,5,2009,r,4,1,63,1243.095,9191.98881,13.887639,11.994405,7.051956,39.588092,-71.326472,53.201137,-39.657838,True
245,5,2037,l,2,4,4,494.25076,15854.8756,19.240259,-18.612628,4.962926,142.725729,-66.024003,-49.599407,-52.5294,True
245,5,2038,l,2,1,17,2365.5686,7088.69104,17.060997,-14.678328,8.793523,-12.737781,-69.803043,-79.299391,-21.391837,True
245,5,2057,l,2,4,4,2992.162,3841.25525,6.54186,-6.303255,1.754234,-237.533746,-68.565412,-58.270604,-52.310512,False
245,5,2073,r,3,4,3,2764.715,4856.44337,5.111347,3.322346,3.886492,-71.440369,-68.130514,20.981961,-43.534249,True
245,5,2104,l,2,4,4,2095.9807,5454.45383,5.954391,-5.48954,2.309993,-179.116058,-76.194903,-45.084302,-57.184117,False
245,5,2110,l,2,4,4,3042.3704,5088.31192,5.208611,-5.103913,1.040467,-224.996904,-68.244576,-45.9977,-58.854194,False
245,5,2160,l,2,3,24,2422.2937,5589.5699,9.730898,-9.211635,3.14989,-227.353694,-70.46305,-83.900829,-41.620391,False
245,5,2175,l,7,1,27,771.20135,12626.8619,24.587379,-24.226867,-4.327612,107.008586,-68.269865,-82.342764,-83.455148,True
245,5,2204,l,1,3,41,1195.6217,11328.3861,30.38797,-29.850316,5.973064,44.484549,-67.919452,-140.894493,-38.30205,True
245,5,2221,r,5,3,18,2787.884,5232.94379,14.181989,13.665693,3.828409,-165.735602,-70.715144,110.807309,-39.329754,False
245,5,2254,l,10,1,37,2808.514,5583.39259,8.092575,-8.025958,-1.039634,-133.394254,-52.181438,-59.699807,-59.94079,False
245,5,2254,r,10,1,37,2808.514,5583.39259,15.462305,15.291017,-2.323015,-115.086748,-68.292053,110.750935,-85.328098,True
245,5,2264,l,2,2,10,1375.1644,9458.82244,11.156058,-9.499688,5.87629,-8.632286,-68.848711,-49.972236,-37.685607,True
245,5,2280,l,7,2,46,3636.505,2959.14468,6.194615,-6.15306,-0.717696,-233.619867,-73.31404,-56.449314,-79.911334,False
245,5,2292,l,2,2,10,520.65576,18465.84907,21.292213,-18.659235,10.444309,125.577771,-63.53199,-55.5235,-31.541951,True
245,5,2316,r,10,3,43,1985.06,7647.25445,23.750382,22.282563,-8.437971,44.417617,-69.045387,100.633377,-108.416161,True
245,5,2326,l,2,2,10,2792.8665,5457.38332,9.145736,-7.633291,5.052588,-159.6284,-72.575354,-60.259162,-32.466671,False
245,5,2332,r,5,3,18,1513.0648,11226.59369,24.16759,24.02941,2.660819,46.220242,-67.938324,108.687712,-55.534035,True
245,5,2336,l,2,2,10,2630.5715,5806.25508,8.859922,-6.205258,6.33642,-169.721316,-71.730597,-49.984407,-20.380225,False
245,5,2345,l,1,3,41,532.49365,15547.3007,31.360594,-30.933669,5.433452,67.921014,-84.103256,-133.088838,-59.477022,True
245,5,2362,r,4,4,54,2585.0134,5287.75787,9.786583,9.460507,2.516683,-197.060449,-66.339735,81.160879,-44.636945,False
245,5,2368,r,4,4,54,2455.495,7615.382039999999,14.552889,14.040398,3.867098,-13.620612,-75.892405,75.928544,-54.736761,True
245,5,2372,r,3,4,3,1292.9607,9609.4506,9.199142,5.867511,7.097389,47.115523,-53.715343,24.960483,-23.314452,True
245,5,2398,l,1,4,48,865.38336,14637.28123,29.431108,-28.9916,5.302876,101.189189,-74.665587,-104.623356,-54.629926,True
245,5,2411,r,4,1,63,1736.2886,6913.36339,8.213956,6.753723,4.685951,-126.231409,-66.249632,49.291657,-31.893527,False
245,5,2421,l,2,1,17,1634.6414,9251.66275,21.12658,-18.406427,10.55478,51.435238,-67.535752,-79.389654,-20.687702,True
245,5,2429,l,2,1,17,1241.1404,11376.0325,22.950777,-19.517661,12.317943,64.315612,-67.560671,-79.997333,-15.275068,True
245,5,2439,r,4,1,63,2280.5825,5662.04949,14.080795,11.655816,7.955333,9.502932,-63.06452,57.862602,-23.040864,True
245,5,2445,l,7,1,27,1406.5365,6730.67333,21.176769,-20.437765,-5.668205,63.502909,-77.281114,-84.403493,-101.271756,True
245,5,2472,r,5,1,12,3547.3535,3379.4576,15.690721,14.204823,6.734662,-174.906048,-77.591862,117.680954,-20.961304,True
245,5,2476,r,5,3,18,3721.4353,3882.8624,13.134329,12.737735,3.230048,-200.544639,-70.254589,110.88854,-41.872317,False
245,5,2503,r,4,1,63,2446.218,6426.15657,7.782838,5.845808,5.146954,-253.662252,-77.415304,55.662377,-28.189631,False
245,5,2535,l,2,3,24,880.32367,11882.014,20.861472,-20.609739,3.303731,69.845948,-77.628341,-82.793178,-64.051001,True
245,5,2542,r,4,3,67,3251.0044,3932.28358,6.287721,5.752548,2.542707,-167.278356,-74.821789,46.066052,-54.412294,False
245,5,2580,l,7,2,46,1625.0071,7234.41231,9.376384,-9.150925,-2.052567,-83.74419,-77.11918,-60.204878,-90.686618,False
245,5,2584,l,2,4,4,1813.698,7228.738,6.853066,-5.668684,3.857347,-184.20913,-72.448285,-47.070611,-40.317459,False
245,5,2597,l,2,2,10,2945.1748,5177.1273,8.69762,-7.435849,4.524582,-197.437584,-68.97647,-63.617244,-30.076735,False
245,5,2625,l,2,3,24,1400.8995,8249.65034,12.335782,-12.092873,2.454316,-104.702503,-75.918497,-84.565531,-58.61678,False
245,5,2643,l,2,2,10,825.79376,12886.7713,18.398388,-15.690652,9.730755,119.027096,-69.226989,-48.028219,-38.772739,True
245,5,2681,l,8,1,1,3823.3245,3346.24619,5.087717,-4.737555,1.856961,-48.959148,-73.340627,-28.091203,-62.313411,True
245,5,2687,l,2,3,24,590.08954,14577.5665,25.928745,-24.602497,8.454029,102.013273,-78.407271,-86.076955,-47.676878,True
245,5,2695,l,7,2,46,3453.0376,1980.58805,8.974129,-8.452797,-3.02518,-118.370052,-78.399314,-60.687408,-100.218055,True
245,5,2696,l,2,1,17,3632.8416,4697.44272,10.183871,-8.744701,5.239758,-223.656302,-69.114591,-79.010639,-21.454786,False
245,5,2738,r,4,1,63,2562.7756,6141.200449999999,14.637076,10.846186,9.888241,-8.110817,-68.153524,57.116767,-15.242695,True
245,5,2739,r,10,2,31,2237.9434,6311.61713,23.742806,22.984529,-6.120893,3.626684,-67.7688,121.467013,-101.127215,True
245,5,2755,r,4,3,67,1271.3647,8169.000620000001,12.534065,11.420215,5.200068,92.075622,-78.675343,39.981232,-60.298746,True
245,5,2759,l,1,2,29,834.50446,15100.4975,28.623158,-25.782352,12.882034,63.245925,-76.792882,-109.531048,-19.200979,True
245,5,2785,l,7,2,46,1705.5985,6536.6971300000005,5.105887,-5.025177,-0.905417,-159.57755,-71.740612,-39.532012,-78.873073,False
245,5,2794,l,1,3,41,2721.1821,5237.12203,16.556955,-16.425532,2.111271,-183.423969,-67.762298,-139.565524,-49.566779,False
245,5,2794,r,1,3,41,2721.1821,5237.12203,19.845225,18.54252,7.199451,-197.975958,-66.14387,163.677244,-1.127798,False
245,5,2812,r,4,3,67,350.76663,16316.598,17.981582,16.072438,8.171733,121.85073,-78.787013,48.446177,-53.658807,True
245,5,2853,l,7,1,27,1383.0808,11022.69278,20.472209,-19.21277,-7.207252,89.168485,-76.464943,-69.987128,-103.359642,True
245,5,2859,l,2,4,4,1782.1296,7407.95078,11.451784,-11.095288,2.853063,41.897767,-73.313664,-48.654534,-60.713593,True
245,5,2871,r,5,3,18,2307.0923,5443.37762,20.569675,20.100294,4.462483,-19.639364,-72.333148,113.313719,-46.600697,True
245,5,2876,l,7,2,46,1190.3973,9158.53302,10.055866,-10.039709,-0.572758,52.806889,-77.180337,-41.993065,-79.588393,True
245,6,1,r,4,4,54,1037.4988,11178.3297,21.669411,20.687586,6.595119,68.984415,-75.656961,83.460112,-48.342443,True
245,6,12,l,1,1,35,2563.2058,7967.12031,22.303761,-20.315723,9.406111,-65.308317,-73.012142,-131.543397,-10.247968,True
245,6,56,l,2,2,10,744.4182,13737.3002,19.145536,-12.494546,14.623722,75.207029,-78.235597,-47.597006,-20.831725,True
245,6,79,r,4,3,67,3920.4492,2796.58761,6.347548,6.134405,1.634212,-272.728596,-73.291209,60.480127,-57.144033,False
245,6,97,l,2,4,4,2464.7634,5514.20834,11.764035,-11.252032,3.45517,-17.956017,-72.514168,-61.267612,-53.556211,True
245,6,109,l,2,4,4,3429.7576,3889.61418,7.49368,-7.1932,2.106285,-82.595088,-71.457712,-47.024783,-57.645636,True
245,6,117,l,2,3,24,370.63434,19543.2144,26.941854,-26.678803,3.901489,115.969359,-69.300801,-87.447638,-56.017911,True
245,6,145,l,7,1,27,725.0353,11278.3013,18.991599,-18.529036,-4.241146,95.267595,-82.685988,-65.266305,-97.916346,True
245,6,188,l,2,1,17,1061.8265,12008.5955,22.820722,-20.379253,10.496048,85.390203,-67.491692,-76.009376,-27.05297,True
245,6,189,l,6,1,57,1327.2343,8423.85434,25.437258,-25.23561,-3.306748,16.82699,-72.024937,-128.752898,-89.473531,True
245,6,214,l,1,2,29,274.23282,23348.8001,36.461122,-33.737208,14.730761,119.650279,-68.55509,-113.769038,-14.696841,True
245,6,233,r,5,3,18,1769.0259,7228.91453,15.025842,14.878911,2.120245,-136.754817,-75.368787,113.382498,-59.021281,False
245,6,282,l,5,2,5,469.42407,6546.46605,35.78967,-35.503866,4.84353,-90.722913,-68.06847,-271.605777,-28.43889,False
245,6,282,r,5,2,5,469.42407,6546.46605,6.751981,6.055639,2.991963,-64.378133,-66.648988,37.594608,-48.022724,False
245,6,308,l,2,1,17,544.6424,16903.7438,21.896155,-17.797711,12.967054,89.172017,-73.478939,-64.469962,-24.911399,True
245,6,317,r,4,4,54,1691.7946,8473.41527,11.849527,10.71928,5.080384,-112.076677,-76.868734,76.113317,-40.488263,False
245,6,327,l,2,2,10,487.84964,16127.904,21.428223,-17.94409,11.910509,118.783779,-70.985749,-55.446867,-33.025558,True
245,6,375,l,7,1,27,800.18994,9876.936,19.31165,-18.246124,-6.436614,82.098784,-76.536896,-68.539947,-101.233006,True
245,6,382,l,2,2,10,2231.4832,6139.3146400000005,13.599275,-11.682633,7.009989,-18.990041,-71.269919,-63.891094,-32.472307,True
245,6,429,l,3,3,23,2855.2092,4936.66288,4.385834,-3.34673,2.83621,-175.446591,-68.136157,-27.21838,-45.03776,False
245,6,461,l,2,2,10,657.70355,14933.7576,19.19151,-16.178153,10.464887,103.16037,-72.661249,-54.204682,-36.728036,True
245,6,515,l,7,2,46,2393.283,4975.37003,4.8409,-4.659536,-1.314095,-232.03247,-70.877725,-42.547739,-82.892497,False
245,6,523,r,4,2,59,403.98544,17811.6731,25.974683,24.300016,9.468013,130.148683,-66.633713,72.175689,-37.384083,True
245,6,552,l,7,2,46,1289.9844,7838.9925,5.674378,-5.549621,-1.185189,-188.347051,-70.682732,-46.477727,-80.625575,False
245,6,556,l,2,3,24,2913.6333,4551.72346,7.714006,-7.646983,1.01769,-266.2326,-73.161488,-74.681563,-63.191959,False
245,6,594,r,10,1,37,4324.271,3128.15352,14.740364,14.57419,-2.23141,-148.635583,-72.401341,114.045035,-90.061088,True
245,6,648,l,1,4,48,2842.0583,5218.76316,14.094698,-13.235916,4.888546,-204.30573,-79.030498,-116.265311,-35.599365,False
245,6,649,r,4,1,63,2453.6912,4240.56378,6.870238,3.902176,5.658865,-248.724288,-77.784234,36.747089,-24.278955,False
245,6,683,l,1,3,41,771.68506,13449.9881,31.82051,-31.035021,7.406096,57.895768,-71.491362,-139.655451,-36.280875,True
245,6,696,r,10,2,31,2985.6218,5332.236424,16.191632,15.883408,-3.185539,-175.180525,-73.485986,132.364528,-100.403541,False
245,6,720,r,4,4,54,339.67285,17953.1354,27.729056,27.431359,4.219372,135.855061,-68.656833,80.008212,-55.84412,True
245,6,757,r,4,3,67,424.27878,15537.9914,19.09498,18.335235,5.426809,130.600833,-76.962062,52.825002,-61.009263,True
245,6,792,l,1,2,29,880.57446,15041.8132,33.066384,-28.989863,16.648315,88.436764,-82.770321,-111.681713,-13.862861,True
245,6,794,l,2,1,17,1891.9287,9635.92372,11.553649,-9.651191,6.381814,-143.464473,-73.374342,-73.713449,-24.196792,False
245,6,795,l,1,3,41,2752.426,5842.34706,16.425611,-16.137141,3.106436,-184.649464,-66.491902,-137.333903,-39.675753,False
245,6,839,r,4,1,63,3252.211,5145.60946,9.293847,5.543849,7.470999,-94.826681,-71.793915,37.351857,-21.091511,True
245,6,845,r,5,1,12,1709.5985,7481.08803,25.637824,23.454841,10.658348,18.050807,-72.460259,117.992093,-16.669922,True
245,6,865,l,7,2,46,300.3181,17996.571,20.160063,-19.012098,-6.833479,138.286994,-70.33267,-52.274812,-89.562244,True
245,6,868,r,4,1,63,738.42413,13019.0759,18.868335,14.036243,12.738436,91.0,-78.015186,49.75,-31.643766,True
245,6,878,r,5,2,5,2805.999,6003.65205,22.528055,20.265837,10.053254,-77.493822,-79.714893,135.691045,-10.264271,True
245,6,899,l,1,3,41,703.8429,14363.6629,21.596118,-21.400296,2.972276,-40.282166,-66.080578,-129.438131,-47.661555,False
245,6,915,r,4,1,63,3477.2952,4497.83189,8.702881,7.026251,5.148302,-76.701045,-67.633397,45.195777,-34.344582,True
245,6,925,r,5,1,12,2414.7861,6044.24278,20.398227,18.881226,7.864146,-51.807142,-77.707372,116.901631,-27.810842,True
245,6,938,r,4,2,59,1356.568,8886.98626,19.863449,18.174218,8.154931,48.942902,-75.098052,79.135363,-38.740963,True
245,6,955,l,3,3,23,3288.246,4638.558849999999,5.96466,-3.761426,4.632461,-112.48907,-61.024609,-26.461139,-28.341189,True
245,6,990,l,2,4,4,1335.8662,8794.93296,9.026435,-9.018469,0.380703,47.404054,-65.882643,-38.503589,-64.250508,True
245,6,1028,l,2,1,17,389.0909,18719.5406,25.424856,-20.018924,16.007246,122.23623,-70.982144,-61.123776,-19.758758,True
245,6,1049,r,4,1,63,854.5057,12706.8812,13.995694,11.35293,8.239075,32.074274,-62.201424,51.78648,-24.108838,True
245,6,1056,l,7,2,46,1281.0964,8151.23044,13.856713,-13.722633,-1.941701,76.11552,-71.505295,-52.228935,-78.969478,True
245,6,1058,l,2,2,10,3148.2048,4795.02519,8.930471,-7.420135,4.983368,-189.134585,-68.221773,-62.399947,-26.090258,False
245,6,1099,r,4,3,67,502.51483,14388.8197,16.607584,12.749744,10.731614,110.55845,-78.892376,40.602634,-44.024253,True
245,6,1154,r,5,2,5,2900.1687,5918.71383,15.050637,14.490397,4.112459,-216.540877,-70.447296,130.909802,-32.830682,False
245,6,1169,l,1,4,48,1876.5946,8085.4792,21.51862,-21.36059,2.66621,18.647888,-67.048589,-106.126478,-53.480275,True
245,6,1196,r,10,2,31,2757.6738,5087.09506,22.262249,22.103591,-2.722197,-24.045166,-70.783464,127.543446,-86.899872,True
245,6,1247,r,5,1,12,1471.6523,10293.16771,25.603691,22.862989,11.848409,49.35121,-66.267839,101.470889,-11.476889,True
245,6,1255,r,4,3,67,2058.4517,6258.61691,6.421561,5.790879,2.780019,-137.418034,-69.653069,43.3468,-48.791791,False
245,6,1264,l,6,1,57,737.81146,12561.5824,32.704602,-32.470089,-4.142801,89.105216,-73.490708,-127.836703,-90.738134,True
245,6,1283,l,1,3,41,2010.6201,7733.14016,24.738507,-24.488523,3.621418,-18.813551,-74.327014,-140.659741,-52.850256,True
245,6,1285,r,10,4,50,436.10077,15969.552,36.206495,34.909589,-10.279496,100.588178,-68.402008,132.182651,-110.291755,True
245,6,1300,l,2,1,17,1806.6163,8437.16096,14.290135,-11.442206,8.618319,-57.612707,-78.50417,-70.357528,-24.750669,False
245,6,1320,l,1,1,35,2524.3743,5264.02108,17.515733,-16.507112,5.941291,-195.351372,-70.16327,-143.833159,-17.482271,False
245,6,1324,r,4,3,67,1202.8993,9251.58884,17.759679,15.988297,7.834802,81.223227,-72.794951,59.81963,-42.910912,True
245,6,1326,r,5,2,5,3419.842,4398.776664,17.547322,16.690314,5.495599,-151.620566,-75.515709,132.411143,-31.157979,True
245,6,1334,r,4,1,63,300.9453,18072.1046,20.287571,15.83502,12.848196,119.575346,-79.356629,48.337842,-38.95305,True
245,6,1337,r,4,4,54,1344.3964,8864.79946,21.360141,20.623872,5.685112,85.541217,-72.976745,76.948243,-51.228946,True
245,6,1370,l,6,1,57,2436.7263,5692.68763,16.324613,-16.286152,-1.135409,-170.404175,-78.354918,-134.510816,-87.861226,False
245,6,1372,l,2,3,24,1396.7947,9091.2821,16.116206,-15.613571,4.044197,-14.336915,-78.653094,-85.0501,-56.31143,True
245,6,1372,r,2,3,24,1396.7947,9091.2821,48.971267,48.587869,-7.072652,-38.040485,-77.601545,371.930119,-139.132019,False
245,6,1384,r,4,4,54,377.66406,16251.5365,21.303844,20.460462,6.066482,103.193732,-85.459225,69.697112,-64.269108,True
245,6,1387,r,4,1,63,2294.1882,6787.42795,8.65515,5.710593,6.514714,-141.75,-75.985467,43.175,-26.435542,False
245,6,1414,r,8,4,14,634.7519,11856.8468,2.47344,2.347817,-0.778461,-224.50184,-83.792345,21.094622,-90.789034,False
245,6,1437,l,1,4,48,1973.3169,7091.76645,10.714726,-10.557898,1.836963,-242.146041,-71.68683,-99.183755,-54.325906,False
245,6,1464,r,4,1,63,3860.5732,3095.4931,7.329865,6.366495,3.639952,-187.774227,-69.441552,53.308084,-38.859462,True
245,6,1465,l,2,3,24,2106.2417,7784.41078,16.953309,-15.806436,6.209277,20.541795,-75.473976,-76.281677,-45.0052,True
245,6,1481,l,7,1,27,2359.4668,5069.8394,6.897869,-6.665387,-1.779754,-260.825019,-76.336983,-64.36974,-93.568996,False
245,6,1494,l,1,2,29,530.5023,18305.2912,32.764091,-30.941261,11.35517,100.198993,-71.642166,-113.77928,-27.202031,True
245,6,1509,l,2,4,4,1256.2529,9114.13084,10.236725,-9.127578,4.654192,23.507365,-75.883453,-42.816777,-53.910022,True
245,6,1514,r,10,2,31,765.67773,13876.8481,29.918056,29.889088,-1.381629,87.489628,-77.023271,116.397312,-82.656862,True
245,6,1541,r,5,3,18,943.2506,12252.5185,26.955442,25.445775,9.206801,68.689774,-74.723245,105.30258,-34.998217,True
245,6,1545,l,1,3,41,890.50757,13283.3893,29.880942,-29.119376,7.017985,45.537542,-75.801381,-136.17436,-41.353297,True
245,6,1559,r,4,4,54,1206.8563,9275.6234,18.428532,17.879729,4.538659,73.575433,-70.620097,69.81868,-52.568329,True
245,6,1569,r,4,1,63,3723.6492,2928.39756,6.271875,4.467688,4.406308,-202.921587,-70.216763,38.51408,-32.118155,False
245,6,1578,r,3,4,3,1465.9902,7749.75102,31.000428,30.81896,3.52737,-31.393708,-74.593273,191.733276,-51.524327,False
245,6,1612,r,4,1,63,2191.227,5453.25016,13.621645,10.766767,8.393953,17.570043,-78.537788,51.805044,-37.617847,True
245,6,1626,r,4,2,59,1041.2347,11085.4454,21.74082,18.456667,11.69582,77.316857,-77.069354,70.983968,-30.653497,True
245,6,1629,r,10,4,50,2661.5642,3799.96295,25.627227,24.688658,-7.098288,-5.138191,-81.010443,135.677624,-121.460389,True
245,6,1648,l,2,2,10,3149.5364,5429.62797,7.447768,-5.644428,4.866867,-154.203228,-64.785404,-43.902289,-26.778226,False
245,6,1660,l,2,1,17,2973.454,6446.65756,9.885319,-7.273217,6.712851,-250.334796,-79.317647,-68.961777,-15.204157,False
245,6,1679,r,7,2,46,750.6611,6258.95993,11.312905,11.221749,-1.442512,-187.989914,-75.062571,94.833125,-87.333883,False
245,6,1716,l,7,2,46,1807.9465,8991.73433,14.598471,-13.479168,-5.658683,85.113852,-75.115108,-49.110031,-95.991297,True
245,6,1730,l,2,2,10,620.0118,16376.8982,7.769822,-5.420037,5.575498,-205.672585,-65.757147,-47.029752,-17.152713,False
245,6,1767,l,7,1,27,747.19055,15175.5285,24.853782,-16.119737,19.175232,4.681673,-80.667181,-82.459386,22.613527,False
245,6,1813,l,1,2,29,2487.589,6344.72267,19.912134,-17.825703,9.021343,-52.413303,-70.349398,-110.106349,-13.244204,True
245,6,1842,l,1,3,41,2071.862,7435.41601,13.538994,-13.509322,0.904326,-213.414212,-67.062625,-120.945685,-58.890227,False
245,6,1864,l,1,4,48,2373.2646,6508.85137,13.285735,-12.73461,3.818565,-233.421782,-74.680342,-118.290474,-38.863309,False
245,6,1881,l,2,2,10,2300.7534,6628.2378,8.293893,-6.575851,5.065537,-72.628333,-65.751248,-41.802651,-33.394503,True
245,6,1885,r,4,2,59,3877.0503,4457.82089,8.236008,7.318856,3.787387,-221.190727,-71.982715,65.656046,-37.864517,False
245,6,1897,l,1,3,41,2966.7844,4971.18524,14.718441,-14.403441,3.06132,-216.152608,-70.879266,-129.990299,-42.931251,False
245,6,1906,l,10,1,37,2408.265,5836.3787,85.866114,-85.768594,-12.313963,13.096767,-72.67905,-3742.61661,-891.889916,True
245,6,1906,r,10,1,37,2408.265,5836.3787,20.579617,20.105607,-4.485328,10.890735,-70.389625,102.170458,-93.704907,True
245,6,1920,l,7,2,46,3100.9067,4316.55913,5.141907,-5.093963,-0.701458,-258.418309,-72.120625,-48.88679,-78.861732,False
245,6,1981,l,2,4,4,2630.2058,5967.75224,9.478726,-9.129356,2.560604,-21.3615,-68.436092,-50.035666,-54.333124,True
245,6,1989,l,7,2,46,393.70068,15162.0242,14.714853,-14.04529,-4.433071,114.681918,-72.951978,-43.858933,-86.962626,True
245,6,2006,r,4,3,67,1820.6252,7154.26889,7.197907,6.247191,3.582369,-192.474979,-70.214091,52.815668,-39.827943,False
245,6,2014,l,7,1,27,3316.2993,3507.66358,11.812465,-11.183765,-3.826781,-128.40242,-71.691547,-82.722712,-100.219991,True
245,6,2019,l,1,2,29,2204.0554,8574.54304,22.448113,-19.721961,10.942583,-24.448501,-74.613941,-112.724861,-10.029883,True
245,6,2058,l,2,1,17,2724.6343,5252.85522,13.268987,-11.938458,5.833828,-98.246943,-78.452215,-82.088676,-37.906947,True
245,6,2063,r,4,3,67,1266.4142,8461.39469,9.127563,7.994116,4.41967,-1.066744,-72.081814,40.876283,-49.364165,True
245,6,2066,r,4,3,67,1306.3176,8948.8889,9.821312,9.715984,1.441447,85.222431,-64.699892,35.062071,-59.472027,True
245,6,2069,l,1,3,41,3298.3098,4435.15608,17.261734,-17.158581,1.913287,-107.587082,-69.446938,-122.758878,-55.546635,True
245,6,2072,l,1,4,48,2285.6294,6179.49252,20.424041,-19.967929,4.382639,-36.28937,-78.691958,-118.552828,-52.085322,True
245,6,2091,r,10,3,43,1238.7627,9509.55543,29.341844,27.536225,-10.556191,86.633898,-67.871517,106.029166,-110.611128,True
245,6,2126,l,1,4,48,1678.8463,8069.05768,13.934136,-13.355743,4.009566,-137.187374,-73.041827,-101.421749,-42.265962,False
245,6,2132,l,5,1,12,983.9847,13219.47508,19.442163,-16.246268,10.826931,-82.850727,-64.741534,-108.649728,9.531038,False
245,6,2132,r,5,1,12,983.9847,13219.47508,16.041132,14.466059,7.007128,-126.746795,-71.894908,107.514708,-18.995063,False
245,6,2198,r,4,4,54,1574.0536,8218.25391,17.54751,17.230569,3.371562,45.871464,-72.101179,75.713162,-57.043065,True
245,6,2207,l,2,1,17,2043.8386,6825.61313,11.042597,-9.71892,5.267668,-231.017457,-74.870941,-89.236233,-26.134664,False
245,6,2235,r,5,3,18,1308.9529,8687.94049,15.889288,15.858676,0.998733,-44.77735,-67.876118,95.102846,-61.809039,False
245,6,2241,l,1,4,48,522.7557,15537.9599,26.004742,-25.189946,6.680492,71.721308,-84.368897,-102.667374,-56.115543,True
245,6,2243,r,5,3,18,2700.341,5886.22707,18.861782,18.4933,3.776722,-61.299215,-71.211378,117.497394,-46.758745,True
245,6,2290,r,4,3,67,2848.8948,5336.99614,7.065369,6.337915,3.128936,-182.36588,-72.389597,52.4661,-46.409118,False
245,6,2304,r,4,3,67,1338.7426,8990.495429999999,11.885271,9.900232,6.609164,55.222877,-70.956865,40.976147,-43.342962,True
245,6,2328,r,4,2,59,985.11053,13414.74884,12.448771,9.795221,7.720628,-75.599575,-76.756671,63.118609,-26.458386,False
245,6,2368,l,7,2,46,2005.915,5913.12077,7.143023,-6.728258,-2.404146,-117.119152,-79.06386,-48.029081,-96.275254,False
245,6,2392,r,10,2,31,2032.8706,6998.65128,25.486714,24.875258,-5.734831,35.36191,-75.929046,118.065441,-104.116749,True
245,6,2404,r,4,3,67,1133.5822,9251.1754,15.652579,13.842772,7.378723,99.212064,-68.292051,47.013057,-42.84601,True
245,6,2444,l,1,4,48,2744.4163,5474.49755,14.252826,-13.552871,4.453562,-213.578277,-75.392345,-121.390026,-35.047079,False
245,6,2451,l,2,1,17,2223.3145,6479.4253100000005,10.15095,-9.190298,4.329119,-160.071448,-70.222744,-72.817461,-35.708615,False
245,6,2451,r,2,1,17,2223.3145,6479.4253100000005,17.187167,12.839914,11.522646,-144.508738,-68.069382,99.036331,22.783065,False
245,6,2479,r,5,3,18,2213.7866,7776.39193,21.25223,20.862589,4.144367,-4.459182,-66.787171,112.222782,-43.953857,True
245,6,2534,r,4,3,67,485.99704,15710.496,14.900343,13.531909,6.29668,123.795675,-66.589455,40.000038,-47.726433,True
245,6,2538,r,3,1,16,2709.9688,4518.69332,21.162502,16.47394,13.472512,-140.724205,-67.904273,127.373251,39.702313,False
245,6,2542,r,4,2,59,3017.1506,4728.73217,8.406127,6.73725,5.038812,-263.453574,-79.36842,65.380661,-30.230389,False
245,6,2556,l,7,2,46,3426.9133,3892.82714,5.146321,-5.133222,-0.36745,-210.261748,-76.485191,-44.939561,-79.706438,False
245,6,2561,l,7,2,46,2281.9492,7516.38628,13.753872,-13.379903,-3.214934,35.100903,-72.490133,-60.631054,-87.20732,True
245,6,2589,l,3,3,23,2798.9702,5898.84228,5.816776,-4.808763,3.27657,-23.004738,-58.642811,-26.331953,-40.660196,True
245,6,2594,l,2,2,10,1797.3823,7351.80053,12.43596,-9.825228,7.661276,-41.726086,-70.358995,-57.449475,-25.071915,True
245,6,2594,r,2,2,10,1797.3823,7351.80053,26.486952,26.407451,2.128523,-69.756893,-74.112463,178.643193,-59.183682,False
245,6,2597,r,8,2,20,3708.576,2715.05318,4.467085,4.341096,-1.054449,-44.013499,-75.10445,25.355543,-81.269886,True
245,6,2608,r,5,2,5,2133.5098,7968.058269999999,17.999154,16.811348,6.52519,-135.746396,-72.153554,128.632434,-21.282134,False
245,6,2627,r,4,1,63,1299.795,9463.65976,17.020808,13.710138,10.18487,47.393475,-75.740859,59.186575,-30.87689,True
245,6,2662,r,5,3,18,2160.48,6502.49636,19.427858,18.845745,4.808301,-14.093594,-71.070056,103.792906,-44.041267,True
245,6,2674,l,6,1,57,423.95645,16054.4232,33.105843,-32.931776,-3.599206,91.047639,-74.911571,-128.864629,-89.821589,True
245,6,2692,r,4,3,67,320.157,10104.8908,17.333791,16.193135,6.268602,-86.039426,-75.510569,109.200699,-32.497547,False
245,6,2749,l,6,1,57,2916.7976,5873.46589,18.670242,-18.326699,-3.627961,-129.618529,-68.914127,-138.99252,-96.941457,False
245,6,2755,r,4,4,54,655.2278,13522.2837,22.488624,22.157466,3.945773,120.530403,-76.072138,69.012546,-63.450757,True
245,6,2766,r,5,2,5,3141.3826,4730.02836,18.272271,17.553373,5.156807,-106.079699,-68.3909,125.289212,-30.90016,True
245,6,2771,r,5,3,18,1897.6033,6635.36819,20.886162,20.721875,2.673988,6.844448,-73.46246,107.119129,-59.323343,True
245,6,2794,l,6,1,57,879.52716,12286.4056,33.042243,-32.655959,-5.342207,74.760855,-66.576051,-137.947556,-90.482033,True
245,6,2819,l,1,4,48,920.2311,11535.2391,13.584525,-13.09945,3.629618,-232.79971,-71.63539,-121.654013,-37.586267,False
245,6,2830,l,1,2,29,2942.1301,5576.14945,12.942429,-11.726792,5.514978,-222.732126,-69.760793,-106.431782,-19.199706,False
245,6,2833,r,5,3,18,825.587,12447.2098,18.172274,17.584737,4.657718,-50.658709,-75.18755,107.963439,-46.072885,False
245,6,2841,r,5,3,18,941.5224,13122.1094,28.583259,27.662398,7.499218,77.347824,-76.189635,111.466923,-44.583804,True
245,6,2890,l,1,2,29,2274.8306,7733.17403,21.22154,-18.335067,10.87442,-37.136909,-81.857357,-108.41235,-15.651085,True
245,6,2892,r,4,2,59,2227.1775,6489.20031,12.328566,10.460522,6.561311,-158.139462,-78.515483,82.738399,-26.099467,False
245,6,2904,l,7,2,46,1306.5078,7941.87933,17.385174,-15.946486,-7.016619,114.484925,-75.949793,-50.150776,-98.416563,True
245,6,2905,l,1,4,48,2112.33,6379.98055,18.205716,-17.754363,4.095258,-33.863494,-75.056403,-103.696711,-50.708911,True
245,7,22,r,4,1,63,2981.4937,4873.05477,5.890758,4.305259,4.024459,-257.606333,-75.048941,41.225279,-36.412632,False
245,7,44,l,7,1,27,437.22095,14569.8068,18.274284,-17.545699,-5.190952,81.485136,-77.072638,-65.927373,-96.940075,True
245,7,94,r,10,3,43,1442.7798,8974.4628,25.470645,23.895562,-9.088987,64.617779,-70.013437,99.85477,-109.449651,True
245,7,96,r,10,3,43,263.01422,18653.9696,90.0,90.0,0.054189,3.5,-71.610425,,,False
245,7,115,l,2,1,17,398.22815,17800.042999999998,25.790419,-21.157435,15.100165,101.994726,-75.09881,-72.761804,-20.70387,True
245,7,141,r,5,3,18,2808.8928,6066.54662,12.639294,12.551633,1.498093,-233.490001,-72.918032,116.549977,-58.892187,False
245,7,158,l,7,2,46,3597.3823,4030.57944,6.914346,-6.57698,-2.138135,-127.172432,-72.975638,-48.09865,-88.653878,True
245,7,167,l,2,4,4,3091.8599,4675.46043,8.904551,-7.301035,5.111513,-126.765187,-81.604014,-53.396505,-44.019572,True
245,7,177,l,1,4,48,443.41174,19036.773800000003,27.94153,-27.85605,2.276992,92.083496,-68.475072,-104.597099,-59.574125,True
245,7,194,l,1,4,48,2629.864,5795.06084,16.179051,-16.112838,1.48201,-66.771533,-70.27429,-103.06342,-60.666577,True
245,7,205,l,7,2,46,2627.9548,4714.84252,6.122985,-6.051644,-0.933697,-132.19544,-78.312443,-44.759319,-85.231742,False
245,7,205,r,7,2,46,2627.9548,4714.84252,31.447047,26.565051,17.480323,-113.75,-74.819048,201.875,67.338367,False
245,7,271,l,2,2,10,2259.6252,6169.42621,8.89962,-6.475363,6.118213,-154.832452,-69.769782,-50.488505,-21.78174,False
245,7,277,r,1,1,35,954.44257,5296.05547,8.496066,8.41604,1.167573,-124.522793,-71.214723,61.329981,-62.674441,False
245,7,301,r,5,3,18,515.2651,16546.2883,31.878759,31.715131,3.408446,114.014354,-69.827963,108.755163,-57.506523,True
245,7,315,l,2,2,10,3684.867,4339.82061,8.884533,-5.697118,6.828741,-187.658661,-79.785084,-47.652407,-22.300767,False
245,7,319,r,4,1,63,3262.9365,5260.63741,6.7591,4.006393,5.44818,-266.899104,-76.450606,39.004626,-23.205502,False
245,7,354,r,4,4,54,1085.2948,10138.286,20.025275,18.745351,7.174622,102.781713,-74.377047,63.535104,-49.490018,True
245,7,368,r,10,2,31,1074.8707,13568.76731,34.144446,33.64274,-6.208695,81.94801,-76.864639,138.453226,-104.051908,True
245,7,413,r,4,1,63,3507.2183,3409.5961700000003,6.445912,4.125664,4.956932,-298.640226,-76.69029,42.459287,-25.504125,False
245,7,461,r,4,2,59,3223.289,4788.17425,11.684147,10.231342,5.672915,-93.836589,-76.930673,69.279888,-38.18584,True
245,7,475,l,2,2,10,1946.5474,7905.12318,13.022094,-10.117545,8.241275,31.297787,-73.731226,-46.163618,-35.669532,True
245,7,493,l,2,2,10,1687.3073,9047.61113,12.277653,-7.947768,9.388334,-46.735911,-73.443989,-47.012148,-17.228184,False
245,7,493,r,2,2,10,1687.3073,9047.61113,15.011392,13.80323,-5.958416,-74.454044,-85.233177,89.540286,-124.402607,False
245,7,494,r,4,1,63,3485.3506,4138.49994,6.558377,4.482601,4.792233,-248.790561,-71.510314,42.239116,-26.201768,False
245,7,498,l,6,1,57,1435.0643,10736.75866,30.50028,-30.373047,-2.926214,38.601421,-77.966594,-147.335746,-92.861522,True
245,7,534,r,10,2,31,671.06354,13070.3337,31.815128,31.487872,-4.805211,87.209218,-72.58336,124.211315,-92.574421,True
245,7,595,r,4,1,63,372.79623,15804.4539,18.349676,13.930683,12.063757,108.333446,-80.556753,45.061186,-40.55444,True
245,7,648,l,7,2,46,2684.663,4085.87215,6.030208,-5.958383,-0.929623,-193.260053,-74.051913,-50.437809,-81.936082,False
245,7,652,r,4,3,67,2377.475,6704.07416,7.119967,6.605383,2.663514,-154.691973,-76.356739,51.494953,-55.531158,False
245,7,658,r,5,2,5,2840.836,5222.5829,20.670846,19.166831,7.890453,-78.251903,-70.621509,127.999891,-16.589711,True
245,7,692,l,1,1,35,3682.485,3616.36726,16.638029,-15.824989,5.204457,-179.803212,-69.861687,-133.162247,-25.383638,True
245,7,711,r,5,2,5,2028.656,7464.07998,20.881866,19.38821,7.909414,-100.115799,-68.847885,137.291234,-11.391198,False
245,7,713,l,7,2,46,469.41156,14888.3574,13.914334,-13.694289,-2.488683,80.516116,-71.220759,-51.044546,-80.591967,True
245,7,727,l,2,2,10,1264.304,9797.50087,7.809893,-6.498848,4.340541,-262.009923,-71.613838,-62.88234,-29.444206,False
245,7,732,r,4,3,67,1880.7053,6537.0315,7.44763,6.999885,2.549741,-187.451728,-70.824939,58.622731,-49.403976,False
245,7,771,l,2,4,4,2123.062,6030.73665,8.312305,-7.618405,3.334658,-13.932792,-73.424581,-40.652668,-55.557752,True
245,7,783,l,2,4,4,2265.4968,6115.92299,8.387399,-8.022152,2.456218,-167.026536,-72.708549,-64.41109,-52.910482,False
245,7,823,r,4,2,59,1122.8727,10079.2744,14.063043,11.260911,8.478824,-97.761776,-81.525073,77.207378,-22.585492,False
245,7,841,l,2,2,10,2200.3755,6913.20182,10.421671,-7.329153,7.429433,-90.956221,-75.269139,-48.998648,-25.183333,False
245,7,852,l,1,4,48,1482.8549,11822.61881,25.195531,-24.950918,3.62019,46.804892,-66.596375,-113.150214,-49.625937,True
245,7,860,r,4,1,63,2432.2356,5916.099677,8.400905,6.454165,5.389061,-128.78997,-73.310473,47.375753,-33.551851,False
245,7,865,r,4,1,63,1398.586,8857.93155,17.318189,11.245749,13.256062,93.919089,-64.056433,38.987795,-16.959334,True
245,7,873,r,5,3,18,410.16815,20380.91212,30.348805,28.734155,10.213286,113.476903,-71.399233,96.780386,-35.129146,True
245,7,889,l,7,4,39,476.23383,13663.1845,23.042624,-20.03719,-11.620623,116.866856,-74.728737,-63.142606,-112.626767,True
245,7,901,r,10,1,37,3516.7424,3246.71756,18.968892,18.241464,-5.293543,-43.84404,-71.744388,110.030114,-104.312926,True
245,7,1042,l,3,3,23,2138.4421,6097.47718,6.665878,-5.343924,3.990316,6.560954,-60.351211,-26.513021,-40.493052,True
245,7,1079,r,4,4,54,2103.232,6257.17501,10.066178,9.463226,3.447255,-103.132038,-72.72878,65.528381,-48.72031,False
245,7,1083,l,2,2,10,3377.8818,5117.2439,10.409473,-8.13964,6.510698,-66.018006,-70.642731,-50.920188,-29.598784,True
245,7,1084,r,4,1,63,912.0389,13066.4049514,12.896848,9.737038,8.498021,-2.201747,-66.831052,50.141388,-22.533389,False
245,7,1095,l,1,4,48,1447.6,10682.12417,24.027137,-22.755655,7.926297,43.865926,-75.547435,-103.24115,-38.385803,True
245,7,1111,r,8,2,20,1878.425,6055.74284,2.120033,2.05289,0.529436,-281.596704,-72.687011,20.4889,-67.401686,False
245,7,1133,l,1,2,29,285.06964,23436.0185,35.252981,-32.068964,15.494488,97.945273,-73.827991,-120.330781,-10.999356,True
245,7,1175,r,4,3,67,1402.4009,11079.6783,16.399304,15.287501,6.007549,87.805333,-64.049373,55.266795,-41.990363,True
245,7,1226,l,2,3,24,3477.3352,4004.40987,10.133363,-10.097981,0.85048,-109.298966,-70.580635,-71.111464,-64.559869,True
245,7,1233,r,10,1,37,342.24188,17292.1114,31.327806,30.38153,-8.035541,114.44791,-73.523365,102.919743,-102.251732,True
245,7,1271,l,2,2,10,2290.4248,7303.05034,8.578051,-7.11417,4.805246,-180.174499,-72.026335,-58.681417,-32.194677,False
245,7,1345,l,1,2,29,2720.938,6269.33621,14.134993,-11.965919,7.57981,-228.672909,-80.527966,-109.924911,-9.975205,False
245,7,1358,r,4,3,67,1627.7285,8165.854310000001,7.919191,7.331206,3.002712,-142.45864,-75.991964,55.638646,-53.120269,False
245,7,1393,r,5,2,5,1475.8822,9611.9999,16.122929,15.096824,5.726934,-208.383283,-69.861086,134.444494,-18.092505,False
245,7,1419,r,4,2,59,3064.2178,4930.50814,11.711822,9.776592,6.480256,-97.44499,-74.451189,66.760367,-29.794108,True
245,7,1427,r,4,2,59,1322.4307,9907.15608,21.165505,19.393635,8.645598,86.923623,-68.814574,71.489126,-36.079419,True
245,7,1435,l,2,2,10,2672.866,5573.71631,7.6005,-4.801361,5.89882,-192.014131,-73.526591,-40.487386,-23.549933,False
245,7,1443,l,2,2,10,1546.9648,8302.66686,7.566036,-6.462958,3.942217,-227.087014,-72.695539,-58.576006,-36.833384,False
245,7,1445,l,2,1,17,1543.6903,9887.67832,20.519413,-16.651827,12.164085,58.548558,-68.940358,-69.226699,-16.866863,True
245,7,1472,l,2,2,10,449.50797,18314.0035,20.928193,-18.213131,10.488557,120.352342,-64.85876,-55.820398,-31.794988,True
245,7,1489,r,4,4,54,1904.8265,7113.11358,11.079273,10.285179,4.141262,-120.865848,-72.510064,74.557195,-42.275578,False
245,7,1505,r,4,3,67,2471.9512,5057.22525,6.463979,6.088596,2.174819,-147.366245,-77.219591,46.652927,-60.515947,False
245,7,1520,r,4,2,59,685.9304,13765.981,24.861013,21.33708,13.068863,111.958913,-72.074151,69.548092,-27.703317,True
245,7,1528,r,4,1,63,2265.4465,5841.35398,7.415817,5.920753,4.473291,-206.751783,-73.128728,51.516161,-34.058088,False
245,7,1545,l,2,3,24,1622.062,7438.94168,18.290818,-18.11355,2.584048,56.754429,-73.821857,-76.297462,-62.746437,True
245,7,1630,r,4,1,63,3472.7722,5111.93906,9.115291,6.126268,6.76254,-120.356082,-68.255255,44.044704,-19.31585,True
245,7,1666,r,4,4,54,1865.8257,7580.33762,10.894434,9.665085,5.05148,-91.71675,-77.614688,65.008659,-43.387355,False
245,7,1668,r,10,4,50,445.94583,15796.7244,35.107586,32.665357,-13.646066,104.093673,-60.718722,119.19107,-114.33208,True
245,7,1701,l,1,2,29,1854.6298,8749.55312,22.219979,-20.859655,7.831982,32.76171,-65.432881,-98.022261,-27.56745,True
245,7,1704,l,1,2,29,1708.9507,8996.331760000001,24.265218,-22.335647,9.735457,15.543981,-69.634889,-112.762146,-18.72699,True
245,7,1750,l,2,2,10,1410.3947,8988.1528,16.608952,-12.579625,10.933527,71.088846,-74.388313,-48.850709,-31.059672,True
245,7,1752,r,4,3,67,2173.7441,6301.753470000001,4.716119,4.644145,0.821687,-208.173707,-70.189737,40.468445,-63.021329,False
245,7,1753,r,5,3,18,1537.3567,7918.966630000001,22.344503,22.13739,3.114551,38.59898,-69.779298,102.27453,-55.011212,True
245,7,1829,r,4,3,67,1639.4637,9082.43304,10.24146,9.898498,2.641364,-30.569455,-68.802871,55.939665,-53.790502,True
245,7,1840,l,1,4,48,2138.2468,6755.28594,18.084804,-17.861008,2.883702,-45.338872,-73.523158,-108.059538,-55.775899,True
245,7,1871,l,7,2,46,1266.1953,9012.48846,7.379829,-7.357279,-0.578064,-115.333113,-75.041364,-52.336287,-79.164909,False
245,7,1874,l,7,2,46,531.218,13377.0364,17.101099,-16.422192,-4.837764,122.52502,-69.780501,-49.361059,-84.557782,True
245,7,1880,r,4,2,59,1725.2833,10360.58261,17.861213,15.649025,8.719747,53.06989,-66.687707,66.370661,-28.949871,True
245,7,1882,l,2,2,10,1633.0104,9411.3967,11.819019,-9.96456,6.388221,-59.949573,-66.504472,-61.48239,-26.724098,False
245,7,1900,r,4,3,67,283.96204,18515.6916,16.352827,15.864748,4.017396,128.290652,-69.396641,45.95657,-57.589755,True
245,7,1948,r,10,4,50,3441.572,2148.90609,21.475324,20.378118,-6.925566,-55.565872,-73.74221,128.364586,-118.519098,True
245,7,1961,l,1,4,48,2236.5713,6303.0429,15.094583,-14.863209,2.662941,-115.552022,-69.590451,-107.630244,-50.07502,False
245,7,1977,r,4,1,63,3746.6653,3515.31295,7.460962,4.15279,6.203851,-266.239821,-80.293067,40.386933,-19.669093,False
245,7,1982,r,4,4,54,2150.96,6761.22061,9.594272,8.763371,3.920906,-201.277119,-76.750423,75.732145,-42.680684,False
245,7,2016,l,2,2,10,1508.2041,9727.55729,7.914546,-6.188038,4.944025,-191.848292,-64.811618,-52.243688,-22.885371,False
245,7,2021,l,1,4,48,1680.7407,8363.35996,12.633084,-11.958479,4.103027,-227.985279,-73.063046,-109.708897,-35.081619,False
245,7,2039,l,1,1,35,2737.918,6522.35376,21.391495,-20.439865,6.448944,-81.010584,-76.821835,-138.271516,-32.067621,True
245,7,2057,r,5,1,12,1942.4154,6856.49162,20.796258,19.469937,7.454101,15.07965,-70.153141,97.192094,-32.001579,True
245,7,2106,l,7,4,39,568.9301,10884.0184,5.892776,-5.875347,-0.453677,-96.303011,-68.690513,-39.752549,-71.765538,False
245,7,2111,r,4,1,63,1304.0764,9667.9992,13.932943,12.300912,6.594334,43.561037,-61.859065,53.736492,-32.700383,True
245,7,2129,r,10,1,37,1923.2572,6706.4407200000005,14.862224,14.654612,-2.503054,-85.643508,-78.5964,98.23024,-95.569575,False
245,7,2168,r,4,3,67,1504.323,7655.13558,11.017224,10.766137,2.352621,77.423997,-73.253092,40.420849,-64.363122,True
245,7,2191,r,5,1,12,2377.5022,6696.15907,20.025891,17.662085,9.593017,-26.902684,-77.660127,100.90553,-21.45018,True
245,7,2263,l,2,2,10,1114.6798,11816.9655,17.722935,-10.95852,14.015128,65.358062,-74.520982,-43.497216,-17.406983,True
245,7,2288,l,1,1,35,278.84906,22303.3665,25.695165,-24.103782,9.18094,-14.298628,-70.353147,-136.143458,-16.473484,False
245,7,2308,r,4,4,54,2734.758,4926.47754,14.853247,14.821427,0.982802,6.923815,-68.335044,74.905216,-63.311789,True
245,7,2309,l,2,2,10,577.02527,15396.4232,20.480668,-14.036243,15.067258,84.0,-81.558065,-51.5,-24.394508,True
245,7,2315,l,7,2,46,1189.4471,9009.572,16.239743,-14.667094,-7.049611,85.576135,-74.461439,-53.50413,-100.592761,True
245,7,2347,r,4,3,67,3024.354,4545.9656,7.697772,7.1511,2.856551,-72.286565,-73.190071,45.453336,-54.971135,True
245,7,2382,r,8,2,20,2526.835,4846.40316,4.064865,3.711728,1.65833,-82.110134,-72.295456,24.139768,-61.499703,True
245,7,2426,l,2,2,10,3483.804,5590.13864,8.084071,-5.56816,5.869958,-230.180178,-69.767462,-50.712282,-16.034169,False
245,7,2460,r,4,1,63,1388.9502,9515.2127,11.930011,8.394284,8.507674,-20.638606,-69.737327,45.839455,-22.766335,False
245,7,2490,l,3,3,23,1951.6267,7149.55372,5.071185,-4.216387,2.820172,-28.085574,-64.081275,-23.450211,-48.369516,True
245,7,2496,l,2,3,24,3169.6423,4659.78237,6.887688,-6.737126,1.435581,-252.264254,-74.331461,-64.057655,-60.647365,False
245,7,2506,l,7,1,27,341.84116,16598.3692,25.714402,-23.907232,-9.761144,136.471515,-68.476184,-68.057647,-97.36667,True
245,7,2510,l,7,1,27,1555.6498,8546.46133,13.660326,-13.242458,-3.383252,-60.976078,-68.274175,-82.595137,-89.589841,False
245,7,2510,r,7,1,27,1555.6498,8546.46133,20.832495,18.683252,9.385021,-93.485184,-68.685617,129.677646,-1.777253,False
245,7,2554,l,3,1,16,3089.3389,5919.48548,7.306577,-3.412825,6.464377,-139.797368,-66.753193,-25.631214,-17.968119,True
245,7,2598,r,10,1,37,2262.2585,6483.29512,23.110985,22.755109,-4.151989,28.905624,-71.781163,109.513335,-92.334524,True
245,7,2605,r,4,4,54,333.71518,18320.6061,27.991262,26.89537,8.062372,128.485771,-70.534506,81.924435,-44.881001,True
245,7,2608,l,7,2,46,613.6113,13785.5509,14.759145,-14.505191,-2.755863,80.26724,-73.411108,-54.260852,-83.839201,True
245,7,2693,r,4,2,59,2812.3325,5529.09015,9.545704,7.551031,5.856736,-243.141008,-71.422178,70.672476,-16.255866,False
245,7,2697,l,2,3,24,580.3972,16832.5215,22.584401,-21.740298,6.270689,131.566042,-70.642223,-63.177643,-51.899887,True
245,7,2734,l,1,3,41,2150.0261,7572.99926,24.181975,-23.692357,4.987492,-31.111015,-67.966489,-140.906794,-37.364278,True
245,7,2758,l,6,1,57,1986.0378,5584.29773,23.127721,-22.892195,-3.384546,-56.615783,-71.627416,-146.360602,-93.878934,True
245,7,2760,l,1,4,48,2302.5625,6216.461789999999,19.834365,-19.264794,4.811356,-32.842376,-76.768797,-112.83514,-47.982614,True
245,7,2782,l,3,3,23,3682.9038,3573.69771,5.474914,-4.39776,3.26425,-49.344866,-56.342181,-26.097818,-36.930959,True
245,7,2786,r,4,3,67,3522.642,4161.13763,8.749542,7.966435,3.629799,-57.072904,-71.379312,48.570593,-49.147556,True
245,7,2848,l,1,3,41,1209.3862,10843.3725,27.46345,-27.332136,2.792134,39.319534,-74.235678,-129.563947,-60.473436,True
245,7,2853,r,5,2,5,2637.9177,5591.37915,15.988814,14.557585,6.684721,-196.926307,-72.676957,126.449953,-13.714955,False
245,8,7,r,5,3,18,2588.1235,7139.85522,18.28408,16.848743,7.206573,-48.237929,-78.921834,102.434111,-34.234753,True
245,8,38,r,4,2,59,968.0676,11707.457,15.518664,13.649328,7.455293,-12.791877,-76.258691,73.529062,-35.484171,False
245,8,75,l,2,2,10,2438.6296,6078.0463,7.685123,-6.009381,4.799272,-198.924262,-71.111994,-51.46895,-29.835303,False
245,8,92,r,4,3,67,1933.4578,6861.25871,7.262568,6.701564,2.805329,-59.177801,-70.93063,41.028625,-53.702722,False
245,8,99,l,6,1,57,2259.1484,5658.64419,21.951362,-21.775172,-2.84569,-21.278049,-72.033013,-124.345898,-88.69475,True
245,8,109,r,4,1,63,2135.3662,6630.16137,9.894254,6.158051,7.759315,-69.015803,-62.428878,38.735666,-13.22561,True
245,8,112,r,4,1,63,659.8673,13249.88,16.02165,12.674307,9.882127,102.929613,-70.747283,42.069995,-37.344479,True
245,8,113,l,1,2,29,370.98145,21048.9111,35.468133,-30.979036,18.205471,116.632739,-76.456009,-104.083243,-9.950823,True
245,8,133,l,2,2,10,332.7877,19760.4684,21.437237,-16.572052,13.794145,125.038529,-73.161152,-49.089546,-30.905373,True
245,8,134,r,4,2,59,1713.2721,7650.478,17.993695,16.152644,8.03664,53.597764,-66.359478,68.469367,-31.609333,True
245,8,140,l,7,2,46,3489.6587,2425.3331900000003,7.85255,-6.807072,-3.924138,-133.978595,-72.466798,-50.60946,-101.756681,True
245,8,161,l,1,1,35,1292.4675,10793.2245,18.563293,-17.493549,6.310117,-109.166214,-70.891722,-125.807216,-24.611597,False
245,8,165,l,2,4,4,2570.3928,5014.81286,6.144066,-5.821469,1.968091,-134.475771,-74.74898,-43.27738,-60.087023,False
245,8,186,r,4,3,67,2492.2063,4780.81217,8.330677,8.142869,1.764896,5.649845,-68.451058,40.686104,-59.600142,True
245,8,220,l,7,2,46,612.69037,14199.314,20.807109,-20.663188,-2.498294,124.587038,-74.131507,-62.382927,-81.84485,True
245,8,238,l,1,3,41,3327.788,4446.27421,16.022067,-15.826153,2.530455,-148.425948,-71.610511,-124.278213,-51.471536,True
245,8,282,r,4,1,63,2483.3535,5258.4442,7.514784,6.06394,4.446857,-201.104702,-75.564058,52.171355,-37.156677,False
245,8,300,r,4,4,54,602.5726,13929.2242,23.634676,23.555355,1.992335,129.242626,-75.275826,70.084048,-69.175254,True
245,8,316,l,1,3,41,1703.984,9741.25132,24.781569,-24.079208,6.040998,0.620049,-72.870434,-129.319904,-39.327149,True
245,8,339,r,5,3,18,2910.9883,5057.56779,17.033889,16.83871,2.609294,-84.426191,-76.90031,113.322014,-59.07247,True
245,8,380,r,5,3,18,2344.0535,7045.312876,19.136305,18.218791,5.95639,-29.686088,-80.572691,105.223628,-45.458011,True
245,8,390,l,1,3,41,1539.8075,10585.29989,19.368821,-19.112366,3.201853,-93.000447,-78.277691,-132.718378,-55.602306,False
245,8,397,l,2,2,10,1397.3605,9283.592,16.655455,-13.047889,10.442827,66.455131,-66.629015,-51.80624,-24.336179,True
245,8,398,r,4,4,54,2317.1812,5542.0011,10.744361,9.98142,3.996813,-107.15633,-78.507743,69.896591,-50.331592,False
245,8,459,l,7,2,46,2230.577,5866.72078,6.27603,-6.228282,-0.774217,-70.99277,-81.148262,-39.396671,-86.055487,True
245,8,474,l,2,1,17,2577.322,6494.37873,8.937525,-7.985022,4.027901,-228.777156,-67.367306,-72.771081,-30.479355,False
245,8,532,r,5,3,18,988.85016,10914.4734,13.01469,12.414038,3.939224,-175.705309,-76.419931,102.511576,-43.583283,False
245,8,535,r,4,2,59,2335.1592,6086.90038,16.283069,13.572587,9.081534,-18.556798,-75.774537,74.491496,-25.036806,True
245,8,568,r,10,1,37,3312.8042,4940.10988,13.206434,13.160636,-1.108719,-201.136591,-75.799714,114.839115,-85.561161,False
245,8,588,l,1,3,41,419.28894,19140.58999,16.118288,-15.991419,2.045217,-203.141893,-69.716983,-141.326238,-51.397514,False
245,8,591,l,6,1,57,317.98947,17683.5125,30.512913,-30.461386,-1.864311,83.75613,-76.61375,-121.299776,-84.401954,True
245,8,614,r,4,2,59,1878.9948,7723.2011,19.215456,16.40609,10.144345,30.092192,-72.114766,76.525047,-23.63673,True
245,8,644,l,2,1,17,2311.346,6563.52198,16.441143,-12.019941,11.301158,-19.946561,-77.476124,-65.99393,-14.147708,True
245,8,661,r,4,4,54,1488.8184,7103.94614,15.075644,13.112768,7.504543,26.861571,-80.294303,61.296049,-44.702195,True
245,8,672,l,2,1,17,849.55426,13044.4785,23.549351,-20.747034,11.396214,102.740885,-74.405433,-70.935048,-34.04288,True
245,8,693,r,4,1,63,2946.7522,5364.10498,9.538317,7.775904,5.541089,11.217852,-61.086688,38.068969,-33.790231,True
245,8,694,l,2,2,10,3274.766,4569.90544,10.982073,-8.493655,6.987293,-117.212616,-79.585761,-60.812233,-29.124562,True
245,9,0,r,5,2,5,462.83234,19079.2478,35.2382,33.374215,12.028438,94.665276,-73.977018,128.673428,-24.137188,True
245,9,9,r,4,1,63,1320.7112,9809.48975,19.105312,14.036243,13.093982,66.5,-71.431313,55.875,-17.846059,True
245,9,17,r,4,1,63,3701.8123,2602.32448,7.767571,5.431788,5.560898,-136.283355,-65.384998,40.534274,-23.694036,True
245,9,19,l,2,1,17,3404.9583,5639.7357,10.133752,-8.016361,6.219632,-216.636714,-76.450632,-71.350682,-20.691759,False
245,9,65,l,8,2,20,697.8886,9486.5989,12.768127,-12.709183,-1.235672,-3.076483,-72.579419,-66.096995,-79.059819,False
245,9,67,r,5,1,12,1761.4354,8650.079,16.301294,14.499281,7.531294,-159.539788,-73.101926,116.252877,-11.713923,False
245,9,91,l,7,1,27,472.29745,15750.2748,20.494868,-20.120767,-3.981405,106.576365,-75.680231,-67.198916,-89.276424,True
245,9,119,l,2,4,4,724.0748,12962.5425,17.646409,-17.169258,4.138633,86.572437,-75.005701,-62.851763,-59.599402,True
245,9,126,l,1,4,48,2085.1284,8986.69126,20.714143,-19.450394,7.266648,8.995685,-76.960888,-99.235134,-38.960999,True
245,9,127,r,4,3,67,3216.83,4284.54678,6.531527,5.85685,2.8961,-76.18396,-70.033435,37.562728,-51.411134,True
245,9,130,r,4,2,59,2698.0818,4505.26745,9.738956,8.838168,4.107078,-248.31286,-71.664854,83.702468,-32.546789,False
245,9,156,r,8,2,20,2645.835,4337.65814,1.785836,1.765764,-0.267037,-275.29816,-79.68756,17.427102,-82.323505,False
245,9,161,l,2,2,10,1861.9454,6970.67957,15.627239,-12.656735,9.241965,46.985163,-73.549678,-54.572969,-33.02238,True
245,9,162,r,4,1,63,2459.5293,5477.59311,10.733748,7.457339,7.742139,-44.855322,-73.381284,43.83092,-27.467924,True
245,9,172,r,4,3,67,2765.1147,4808.20411,5.471597,5.126274,1.915589,-157.914441,-72.526826,40.182343,-57.485811,False
245,9,187,l,1,4,48,1829.367,7904.03705,24.393054,-23.367914,7.202305,21.94716,-79.884832,-115.818641,-42.984223,True
245,9,226,l,7,1,27,2680.686,5122.89235,13.986561,-13.750147,-2.585774,-27.892655,-73.996133,-77.788703,-88.776032,True
245,9,233,l,2,1,17,3177.7805,4662.88473,11.505469,-10.633544,4.419093,-170.832323,-72.479536,-86.521699,-36.24368,False
245,9,254,l,8,4,14,2600.7363,3347.82556,16.689988,-15.495519,6.277813,-162.379603,-72.202474,-125.417863,-20.559453,False
245,9,256,l,1,1,35,1521.0494,9725.23354,27.493831,-26.674777,6.919585,9.395134,-72.17646,-140.974801,-34.066092,True
245,9,278,l,7,2,46,1480.2751,7695.978849999999,9.607656,-9.395416,-2.017361,-81.704508,-76.451971,-61.504731,-89.722973,False
245,9,286,r,5,1,12,2384.2844,6652.97021,20.796664,18.822497,9.008909,-29.277413,-71.297478,108.83081,-17.818078,True
245,9,310,r,4,4,54,1445.1898,8289.1858,11.25537,10.516646,4.033195,-74.204661,-70.872925,67.610799,-44.75447,False
245,9,311,r,4,3,67,430.35245,16832.42142,18.602413,18.264669,3.590457,156.773992,-63.966316,43.969171,-55.163214,True
245,0,14,l,1,3,41,1750.1917,8159.1936,23.588564,-22.857895,5.988432,-7.742069,-75.905859,-125.513413,-42.010952,True
245,0,33,l,7,2,46,2536.1545,5637.77565,4.804978,-4.773538,-0.549405,-200.527886,-78.172784,-40.962638,-82.89294,False
245,0,59,l,2,4,4,1131.6898,9904.2181,13.155616,-13.085641,1.367056,58.347317,-70.719328,-53.846074,-65.043752,True
245,0,94,l,1,3,41,1620.9313,8437.36196,26.095869,-25.877852,3.488607,16.069546,-75.494798,-132.882652,-56.934011,True
245,0,97,r,8,4,14,2440.1138,5053.90136,5.360769,4.976216,-1.996283,-12.918151,-89.253099,26.375201,-99.851504,True
245,0,101,r,10,1,37,3182.9695,5227.87719,17.525164,17.357661,-2.455315,-24.868904,-70.059967,98.418468,-84.205592,True
245,0,109,l,2,4,4,1702.6838,7746.97591,12.494421,-11.776962,4.20277,39.450697,-76.691579,-52.237346,-57.88431,True
245,0,179,l,10,1,37,2696.6877,5359.32418,34.438812,-32.228264,12.854205,-141.903986,-74.604311,-272.282102,41.901722,False
245,0,179,r,10,1,37,2696.6877,5359.32418,12.214804,12.160811,-1.155966,-151.006954,-78.963657,95.033383,-88.06663,False
245,0,194,l,2,2,10,3368.2383,4036.17063,7.32953,-5.834344,4.444185,-260.182156,-72.740094,-56.218676,-29.756405,False
245,0,213,r,4,3,67,2784.8757,5614.03882,7.293137,6.063519,4.060195,-107.764328,-72.608303,42.252608,-44.215095,True
245,0,220,l,1,4,48,2641.1936,5667.16238,17.839925,-16.842533,5.968651,-36.883398,-70.468225,-98.956756,-34.760517,True
245,0,237,l,2,4,4,1767.496,7343.25646,7.553969,-7.474067,1.098921,-173.966879,-73.153185,-60.86877,-64.177041,False
245,0,264,l,2,3,24,569.26044,14960.6226,19.812726,-19.392319,4.140281,103.399036,-77.564419,-65.684457,-63.244415,True
245,0,295,r,10,1,37,2798.011,4766.78203,11.430059,11.2666,-1.938697,-210.360311,-69.898919,99.678563,-87.168709,False
245,0,321,r,5,1,12,2516.036,5711.71226,12.660065,11.510595,5.306937,-200.390633,-69.547019,99.86554,-23.060015,False
245,0,322,r,4,4,54,2117.0356,6794.13294,9.207334,8.444405,3.683127,-183.743597,-77.681291,70.331573,-46.851533,False
245,0,387,l,7,2,46,2304.1199,4179.33734,14.397387,-13.913783,-3.737262,28.861615,-83.88239,-64.691886,-101.455623,True
245,0,391,r,5,3,18,1212.7681,10007.503,12.838974,12.679338,2.035059,-233.251287,-74.849603,117.721509,-55.791948,False
245,0,408,l,7,2,46,2074.261,4736.91403,12.532149,-10.637868,-6.663511,39.248771,-74.910799,-47.098368,-104.717688,True
245,0,412,l,8,1,1,3499.2026,4000.82155,3.310047,-3.175833,-0.933483,-164.469175,-75.769929,-25.216483,-83.18635,True
245,0,425,r,4,3,67,3573.4363,3830.23478,5.684721,5.112225,2.48951,-131.788359,-74.428101,37.734324,-56.016556,True
245,0,458,r,4,3,67,3734.3645,3928.03155,6.809479,5.807642,3.56143,-203.957332,-73.602629,50.240918,-42.700676,False
245,0,461,l,7,2,46,2416.2505,4746.23549,13.046516,-11.668822,-5.876156,8.12753,-73.16101,-58.213039,-102.783351,True
245,0,481,l,2,1,17,3039.6016,5213.6159,10.128807,-9.090902,4.485243,-202.461894,-69.346533,-78.799413,-30.225155,False
245,0,496,l,2,1,17,2016.2421,6605.94413,9.63986,-8.150287,5.16527,-165.182641,-75.814673,-65.18973,-34.248148,False
245,0,503,l,1,3,41,1052.2147,11584.7125,14.266725,-14.069982,2.385347,-221.563998,-68.699858,-128.211112,-46.730957,False
245,0,508,r,5,1,12,2054.2947,8235.42575,23.205512,20.329324,11.435148,6.473929,-75.883221,105.044475,-14.723767,True
245,0,545,r,8,4,14,1045.5605,8626.9488,3.633732,3.195098,-1.731608,-155.403256,-84.912727,24.863686,-98.398881,False
245,0,579,r,4,2,59,1614.4362,8789.702000000001,13.294918,10.159588,8.620866,-61.87235,-72.187142,63.055641,-17.990581,False
245,0,588,l,6,1,57,542.801,15569.7649,35.387234,-34.687431,-7.487947,80.850019,-70.366652,-144.754444,-103.798972,True
245,0,606,r,4,1,63,3309.894,4031.30018,7.77216,6.421512,4.387637,-194.335082,-72.965748,54.511028,-35.568689,False
245,0,620,r,4,3,67,2679.015,5639.956749999999,5.824419,4.630646,3.536697,-192.989729,-74.41433,39.120456,-44.465139,False
245,0,626,r,4,2,59,1147.3588,11559.028,20.442002,15.84726,13.082099,51.929642,-75.488559,67.579267,-17.980551,True
245,0,647,r,3,4,3,1717.6854,7311.10506,5.331249,2.373435,4.775152,-221.105401,-82.065097,21.184275,-39.332928,False
245,0,650,r,4,2,59,591.03845,16350.6867,23.997091,19.10306,14.803727,103.426492,-65.609208,64.618029,-13.427824,True
245,0,698,r,4,2,59,1759.1431,7882.30623,11.693941,10.019985,6.059998,-77.04689,-76.162191,64.852289,-36.591801,False
245,0,702,r,4,4,54,2470.4026,5336.22134,9.044284,8.795566,2.114781,-149.815719,-69.974728,68.052215,-53.540541,False
245,0,740,r,4,3,67,2909.6948,4748.62022,6.660813,6.077705,2.730554,-227.923475,-72.389793,55.146228,-47.548706,False
245,0,763,l,1,1,35,1784.6879,9027.42006,28.186562,-26.057063,11.145256,3.527905,-76.150779,-140.075126,-13.32652,True
245,0,786,r,4,3,67,2474.1208,5934.76614,6.36243,5.676794,2.877785,-189.608083,-73.644959,47.675073,-49.416668,False
245,0,829,l,7,2,46,3084.871,4178.15076,9.034363,-8.536241,-2.969456,-5.173166,-77.948584,-44.304816,-93.431689,True
245,0,885,r,5,3,18,1645.0073,8546.28216,22.312804,21.494742,6.133539,28.586351,-72.177072,102.945864,-41.98544,True
245,0,967,l,7,1,27,2223.279,5118.12563,14.119172,-13.418985,-4.43198,20.166503,-77.97811,-64.377899,-99.479173,True
245,0,973,r,10,3,43,3025.761,3466.66621,22.017515,20.655924,-7.79503,-20.627717,-80.912139,117.103434,-126.35677,True
245,0,1008,l,1,4,48,1761.2426,10950.60874,13.787008,-13.658788,1.894019,-117.473814,-68.394839,-99.020956,-54.527954,False
245,0,1039,l,2,2,10,756.72375,13406.1057,16.62934,-13.215995,10.184417,118.17924,-64.101242,-40.350804,-32.394295,True
245,0,1045,r,4,1,63,3110.3076,5061.48324,6.893905,4.232564,5.44659,-276.160553,-71.665368,41.899756,-17.535289,False
245,0,1057,l,10,2,31,2722.1597,5327.48883,3.886471,-3.879284,-0.236428,-225.583574,-76.597121,-34.961687,-78.729548,False
245,0,1057,r,10,2,31,2722.1597,5327.48883,22.431952,22.321278,-2.284695,-27.184949,-76.440787,130.224658,-90.120423,True
245,0,1059,r,4,1,63,2395.0642,6358.80828,8.503796,5.504059,6.492282,-166.215167,-74.483237,43.961147,-22.325861,False
245,0,1074,l,1,2,29,2517.8743,5345.97029,18.839332,-17.522207,7.031742,-73.919945,-77.447629,-114.898612,-30.375062,True
245,0,1078,r,10,1,37,3096.4756,4365.33283,19.231433,19.001971,-3.018216,-24.767639,-75.727657,108.395302,-93.280794,True
245,0,1158,r,4,3,67,1792.0278,7101.8704,6.657666,6.529926,1.300738,-135.87666,-71.816795,48.747857,-62.083672,False
245,0,1171,l,1,2,29,2714.703,6264.1687600000005,13.777878,-13.244784,3.82987,-219.894766,-69.033026,-120.015286,-33.966071,False
245,0,1178,r,4,1,63,2151.3572,7508.27813,10.5706,8.01168,6.918326,-130.437797,-71.950214,59.176086,-20.432371,False
245,0,1199,r,4,1,63,2575.076,5480.99142,8.814746,6.267147,6.211014,-71.382637,-79.470894,39.687291,-39.905429,True
245,0,1215,l,2,2,10,1378.3817,11736.06614,18.624252,-15.354308,10.670183,84.634762,-63.577246,-56.390849,-23.451547,True
245,0,1216,l,8,1,1,2740.1145,5625.25417,3.481367,-3.390842,0.789196,-158.038955,-70.397636,-26.546555,-64.215104,False
245,0,1233,l,2,1,17,2908.6716,5047.63722,13.259196,-11.969128,5.747036,-81.437529,-71.338839,-78.74233,-33.12568,True
245,0,1235,r,4,1,63,3318.22,5126.73903,7.866468,5.635518,5.497256,-170.07514,-64.388364,45.398727,-19.89536,False
245,0,1237,r,4,4,54,1897.8895,6927.400307,8.7799,8.035302,3.550115,-153.82517,-73.653746,62.654443,-45.845545,False
245,0,1241,l,2,4,4,2741.4058,5668.113247,4.687674,-4.487694,1.355969,-199.025084,-76.624653,-38.38143,-65.013566,False
245,0,1255,l,7,2,46,3611.3474,3722.77539,5.723609,-5.575826,-1.294279,-151.917101,-72.070306,-43.142111,-82.102125,True
245,0,1276,l,2,1,17,1218.3176,9625.3961,18.407044,-16.467411,8.34102,70.203794,-70.5714,-64.97064,-36.96748,True
245,0,1313,r,5,3,18,2090.7766,8146.92619,20.377242,19.984053,4.067716,-1.742748,-73.942558,106.093731,-51.866134,True
245,0,1326,r,4,4,54,1962.4261,7006.69918,16.685026,16.63148,1.354932,27.437015,-69.001903,78.43053,-62.520502,True
245,0,1354,l,1,2,29,1116.0084,12437.3672,27.103615,-24.672585,11.58865,69.966442,-71.45817,-101.076602,-21.804179,True
245,0,1358,l,5,3,18,758.104,12419.4075,26.938409,-19.653803,18.801013,-3.45013,-66.81802,-104.803499,39.266617,False
245,0,1358,r,5,3,18,758.104,12419.4075,18.14985,17.671409,4.207553,-29.034104,-74.676637,101.641385,-50.043597,False
245,0,1386,l,1,2,29,2039.7551,8301.31335,23.460661,-22.354461,7.309047,-6.917387,-75.068215,-122.104522,-33.889963,True
245,0,1393,l,2,3,24,359.54526,18319.8789,19.833194,-19.56279,3.329736,101.263383,-77.999583,-67.068005,-66.346122,True
245,0,1397,r,10,1,37,2206.1174,6526.10853,19.570067,19.414914,-2.508252,18.376362,-75.286648,95.733259,-87.902578,True
245,0,1425,l,2,4,4,3147.4817,4229.1878,8.574039,-7.80328,3.563932,-57.953432,-74.406512,-47.683985,-52.532481,True
245,0,1426,l,2,4,4,725.86597,12505.4599,18.169014,-17.38773,5.35405,124.996953,-71.349057,-51.670018,-55.144709,True
245,0,1440,l,1,3,41,2811.7278,5161.34269,13.956012,-13.498304,3.578251,-230.335667,-76.275615,-124.905253,-42.812812,False
245,0,1444,l,2,3,24,1499.7299,8112.68555,19.499072,-18.839113,5.123985,41.351115,-73.824072,-84.836439,-50.265789,True
245,0,1451,r,10,1,37,3514.9658,4056.08018,10.499241,10.401973,-1.433756,-230.108717,-74.320449,95.476326,-87.555761,False
245,0,1457,l,3,3,23,1327.3591,9318.7403,6.236221,-2.868931,5.539436,-169.847505,-74.448308,-23.04488,-29.794598,False
245,0,1457,r,3,3,23,1327.3591,9318.7403,18.213239,8.608067,16.111787,-164.495392,-68.622546,68.801423,64.157829,False
245,0,1481,r,4,1,63,3035.6409,4833.51101,10.461684,8.076852,6.671339,-40.065119,-69.77101,46.83918,-30.777854,True
245,0,1494,r,4,4,54,2502.8013,5518.59067,8.718081,8.192216,2.992264,-237.082795,-69.924236,75.880701,-42.088313,False
245,0,1522,r,5,3,18,479.85397,17653.048,30.326727,29.154368,8.744055,112.166555,-67.519045,99.201966,-36.198797,True
245,0,1527,r,4,3,67,1235.4568,8967.25625,15.21949,14.741485,3.827035,72.447898,-74.586017,57.242119,-59.537782,True
245,0,1550,l,1,3,41,3690.5476,3716.35462,16.472777,-16.391867,1.653506,-187.335411,-68.504057,-140.413825,-54.140945,False
245,0,1574,r,4,1,63,594.3944,14820.1146,18.421018,13.697064,12.437511,111.845155,-71.314161,43.419798,-30.871859,True
245,0,1579,r,5,1,12,1909.2025,7178.02891,15.320492,13.842218,6.630991,-122.115554,-69.413935,101.547329,-20.071642,False
245,0,1583,r,4,1,63,2102.911,6816.932580000001,6.077221,4.554303,4.028044,-201.760553,-71.508166,39.171393,-36.769348,False
245,0,1660,r,4,2,59,1923.7336,6727.58679,11.430136,10.268785,5.047131,-144.516354,-68.87387,78.720484,-29.873732,False
245,0,1679,r,4,4,54,2370.289,6063.31141,9.718131,8.953571,3.793813,-141.24739,-70.350893,67.944699,-41.401493,False
245,0,1680,l,2,2,10,2564.2515,6023.42156,9.36996,-7.084259,6.148366,-71.207121,-73.044262,-44.889955,-33.834605,True
245,0,1690,l,1,2,29,290.1678,19950.7336,33.467845,-30.957294,13.402721,117.135499,-80.739632,-103.692185,-32.706559,True
245,0,1692,r,4,2,59,790.80475,14849.30229,23.749786,21.169902,11.021795,124.443422,-59.399826,64.115134,-24.81985,True
245,0,1709,l,1,3,41,3060.3865,4658.07685,18.765785,-18.039817,5.25734,-107.418757,-78.20069,-129.434587,-39.741076,True
245,0,1713,r,4,2,59,505.54837,16632.3201,25.1325,20.764663,14.483618,108.7078,-75.617822,68.738532,-25.534589,True
245,0,1716,r,4,4,54,1650.9261,9343.3475,10.871391,10.606768,2.397798,-120.99074,-69.804655,76.965079,-52.2957,False
245,0,1738,r,10,2,31,421.51758,16576.641200000002,33.462146,33.22295,-4.244717,100.832188,-80.010391,123.896193,-96.793781,True
245,0,1744,r,4,1,63,3849.188,3058.29215,7.419956,5.714033,4.741327,-211.368188,-70.426639,50.167222,-28.63492,False
245,0,1756,l,7,2,46,676.21387,12401.3796,18.882537,-17.493115,-7.223167,124.50582,-71.151588,-52.158251,-93.143407,True
245,0,1767,r,5,1,12,2437.5854,5737.52622,13.234968,12.244536,5.062335,-209.075107,-70.597764,108.309994,-25.358033,False
245,0,1777,r,5,1,12,1031.3613,13770.11584,29.95808,27.542762,12.276338,63.857882,-70.179286,117.936733,-14.680222,True
245,0,1818,r,3,4,3,2710.1245,4464.46136,7.390963,5.152061,5.306467,18.612875,-52.256035,24.46923,-26.947068,True
245,0,1822,l,6,1,57,364.55533,17187.5506,36.615948,-36.278329,-5.341469,101.968008,-74.254579,-138.013767,-96.062462,True
245,0,1851,l,2,3,24,1662.3651,10445.79523,11.530639,-11.302475,2.297463,-77.658149,-76.124656,-73.481864,-61.08256,False
245,0,1856,l,6,1,57,1204.5454,8127.0151,29.264032,-28.8877,-4.893864,27.708517,-74.064281,-144.719221,-99.713928,True
245,0,1882,l,1,4,48,3116.097,4849.34463,18.397626,-17.990622,3.913699,-79.981971,-67.370342,-120.147484,-40.757446,True
245,0,1900,r,5,1,12,1292.5695,10364.13554,17.281554,15.152238,8.40955,-66.231792,-71.395183,96.467231,-16.833942,False
245,0,1908,l,7,2,46,439.39014,14372.418,21.727325,-19.388734,-10.000407,127.676018,-72.658573,-57.127423,-103.002739,True
245,0,1953,r,5,1,12,2797.706,5339.18974,18.261236,17.327913,5.853896,-40.649448,-65.648589,103.162569,-30.136487,True
245,0,1957,r,4,4,54,1791.6354,9516.45602,18.45735,17.772039,5.065272,49.665339,-68.350611,77.03366,-45.980606,True
245,0,1958,r,4,3,67,1869.296,7140.59729,5.799976,5.311868,2.332245,-145.109367,-70.98442,40.454781,-53.186919,False
245,0,1984,l,1,4,48,326.51813,21170.8554,32.185828,-31.821259,5.106266,116.065004,-69.594078,-107.933634,-51.302314,True
245,0,1996,r,4,2,59,1315.8347,9607.84007,8.651227,6.941528,5.175923,-252.480497,-73.224216,66.046341,-23.721607,False
245,0,2008,l,1,3,41,2723.1902,5332.56956,21.943975,-21.808966,2.491972,-73.422057,-69.186063,-145.424426,-52.150456,True
245,0,2049,l,1,4,48,2338.394,6145.14675,19.13326,-18.994663,2.342419,-39.588624,-74.223938,-113.452126,-59.965489,True
245,0,2054,l,6,1,57,1653.762,7681.29982,27.249411,-26.956574,-4.142351,14.167057,-72.702756,-140.280672,-95.114702,True
245,0,2054,r,6,1,57,1653.762,7681.29982,5.708216,5.697146,-0.355911,-87.926187,-67.705828,37.703038,-70.065123,False
245,0,2060,l,2,4,4,2693.0708,4914.05546,6.47034,-6.330359,1.34134,-210.041796,-77.739497,-55.473324,-65.959152,False
245,0,2087,l,7,2,46,3530.6604,3633.94397,5.120794,-4.874291,-1.571554,-203.434729,-83.841476,-42.079253,-97.428328,False
245,0,2102,r,4,2,59,2862.5518,3653.49467,10.607774,9.755346,4.18663,-141.267819,-66.714907,74.14679,-34.682577,False
245,0,2110,l,2,2,10,1834.2916,7215.58144,10.609738,-8.677621,6.128068,-82.860792,-70.948416,-56.906683,-30.452783,False
245,0,2122,r,5,3,18,1773.9244,7469.71786,14.163041,13.407737,4.60577,-113.312654,-73.485306,96.140184,-40.084303,False
245,0,2133,l,7,1,27,2145.8425,5270.71879,17.831313,-16.858609,-5.895122,17.738328,-71.164601,-82.504629,-100.539097,True
245,0,2151,l,1,4,48,1826.0474,7961.62911,16.722343,-15.704606,5.818485,-93.536801,-75.150541,-107.840605,-34.551718,False
245,0,2151,r,1,4,48,1826.0474,7961.62911,39.613637,36.869898,15.644826,-106.166667,-76.442811,297.125,62.239563,False
245,0,2154,r,4,2,59,863.84174,12382.937,11.449628,9.727665,6.068052,-74.373159,-68.636078,62.464536,-29.33625,False
245,0,2180,l,1,4,48,3593.5342,4246.16436,13.923816,-13.350185,3.991833,-145.211251,-77.354797,-103.282164,-46.1407,True
245,0,2200,r,3,2,9,1803.2705,8059.45244,9.862972,5.433652,8.243651,48.167615,-50.010207,23.003204,-14.815393,True
245,0,2202,r,10,2,31,1903.8422,6263.00242,17.463123,17.121984,-3.487496,-114.756713,-74.61949,124.689445,-100.430759,False
245,0,2214,l,2,1,17,1503.9954,9308.2552,14.137219,-12.675636,6.31204,-85.215593,-77.901147,-84.390848,-35.360345,False
245,0,2271,l,6,1,57,295.22473,18212.4401,35.992987,-35.31534,-7.453087,103.895617,-71.489893,-131.844068,-101.32643,True
245,0,2275,r,10,2,31,1726.5597,8072.8594,29.151974,28.866821,-4.254772,46.991366,-71.428842,133.964425,-92.073012,True
245,0,2305,r,4,4,54,2551.7556,6655.214,14.792456,14.23875,4.05144,-29.228835,-77.959986,81.007075,-54.632676,True
245,0,2358,r,5,2,5,3025.8596,5685.0382443,20.638412,19.909111,5.551826,-90.445198,-72.95389,137.787664,-33.623195,True
245,0,2367,l,2,4,4,711.7555,13163.0307,12.078623,-11.789739,2.644655,88.405504,-64.561545,-42.077607,-55.049071,True
245,0,2391,l,1,2,29,2367.8872,7673.49871,13.904452,-12.702474,5.702261,-155.319306,-74.941225,-100.377244,-29.359077,False
245,0,2394,r,4,3,67,712.5205,12141.8245,9.622349,9.500084,1.536121,65.156169,-70.809512,37.626294,-64.696078,True
245,0,2399,l,7,2,46,2778.102,4864.35213,7.469723,-7.173366,-2.088636,-136.925524,-70.392241,-53.731622,-86.084926,False
245,0,2419,l,2,4,4,2385.7517,5263.45691,6.44202,-5.944532,2.48684,-176.562564,-71.867548,-48.581079,-51.494798,False
245,0,2420,r,4,1,63,2278.8044,6804.52531,8.279585,4.490183,6.963418,-227.19778,-76.488659,40.615183,-13.12545,False
245,0,2435,r,8,4,14,2172.658,4622.0238,4.537278,2.594554,-3.723528,-205.005417,-68.349239,22.430919,-100.596987,False
245,0,2465,r,4,1,63,2530.2412,5876.62054,8.451935,7.067743,4.646708,-172.647103,-73.758902,57.361254,-35.867659,False
245,0,2545,r,10,1,37,1371.1056,8487.552660000001,14.158255,13.71109,-3.564511,-126.935195,-71.543011,101.723342,-98.276918,False
245,0,2597,r,5,2,5,766.34326,14921.0425,32.169392,30.344376,11.231071,77.053392,-70.987162,124.657297,-21.990219,True
245,0,2675,r,4,3,67,1301.7744,8805.52315,10.459338,9.387333,4.633384,50.476852,-78.227726,39.598398,-58.552189,True
245,0,2737,r,4,2,59,2364.9736,5575.36125,15.899193,14.108453,7.406093,-41.48871,-70.789736,83.316205,-26.360876,True
245,0,2746,r,4,2,59,2339.9946,7014.67931,15.568163,14.021138,6.834651,-0.166187,-70.412099,72.460274,-34.565897,True
245,0,2757,r,4,1,63,3098.4111,4816.33335,8.42735,6.822063,4.959444,-209.164157,-67.606278,59.716682,-23.98222,False
245,0,2764,l,2,4,4,2934.8738,4670.00043,10.10524,-8.557577,5.394496,-26.747971,-72.281385,-47.66376,-42.033833,True
245,0,2797,l,2,1,17,932.8047,12201.9801,24.982659,-22.248433,11.664798,78.941364,-65.729468,-86.339631,-18.651638,True
245,0,2798,r,4,2,59,1645.663,8209.23562,11.878978,9.494472,7.171979,-106.556814,-73.504395,66.32152,-22.911597,False
245,0,2800,r,4,1,63,2545.9028,6258.28921,8.698457,6.204152,6.108823,-256.857092,-77.393873,59.447792,-18.52173,False
245,0,2815,r,10,1,37,3509.7673,3676.2462,12.014975,11.978911,-0.937098,-224.184559,-77.691376,109.095505,-86.289062,False
245,0,2835,l,2,4,4,2712.3303,4713.53017,7.829959,-7.599441,1.891495,-31.550348,-74.187852,-42.900786,-63.474614,True
245,0,2850,l,2,4,4,2329.9087,6023.72688,5.028314,-4.779412,1.564236,-240.096833,-72.600453,-44.321663,-58.074132,False
250,1,4,r,8,2,20,1884.3633,6589.97543,3.294544,3.262483,0.458749,-66.557194,-69.855488,20.32472,-66.995954,False
250,1,15,l,2,3,24,409.94748,17420.9187,23.237394,-22.479145,6.046597,105.708854,-75.97825,-76.257316,-54.8517,True
250,1,38,l,2,3,24,1373.8473,8664.38686,8.310168,-8.189056,1.418444,-210.574393,-73.125589,-72.036271,-60.602885,False
250,1,50,r,4,1,63,3725.8713,2955.88251,6.034195,4.918914,3.499416,-234.375427,-71.391887,45.129207,-39.206539,False
250,1,95,r,4,1,63,2609.6702,5078.92659,12.20076,8.872276,8.408814,-35.861313,-74.725525,50.866988,-25.971933,True
250,1,118,r,8,2,20,705.24817,13915.0252,2.371121,2.139465,1.022444,-229.095576,-70.025492,19.392413,-60.754781,False
250,1,140,l,1,1,35,1092.2993,12078.9008,31.912042,-28.520109,14.962092,49.278227,-85.623842,-130.810671,-12.408611,True
250,1,158,r,4,3,67,2572.9678,5281.23128,7.785774,7.206696,2.954301,-153.735142,-72.705252,56.109471,-49.622607,False
250,1,159,r,8,4,14,2927.383,4211.60718,3.094749,2.879671,-1.134042,-137.89616,-80.306675,21.524074,-88.787739,False
250,1,175,r,4,3,67,531.731,14434.995,19.786214,18.835874,6.171487,123.205037,-68.905189,56.898199,-49.848924,True
250,1,225,l,7,2,46,1294.3085,7892.767479999999,12.454503,-9.874819,-7.627614,43.276065,-67.484994,-42.948491,-101.022901,True
250,1,231,r,4,3,67,2770.4485,5203.26626,6.325103,4.945567,3.948041,-186.447859,-73.911226,41.227721,-40.906024,False
250,1,242,l,7,2,46,2707.8206,4313.41665,6.636543,-6.482721,-1.423621,-235.188185,-80.038671,-59.677199,-93.174631,False
250,1,262,r,5,3,18,1954.385,6661.39433,10.994678,10.538266,3.152817,-241.58754,-75.837638,98.891199,-46.054028,False
250,1,271,l,2,4,4,2155.7012,6214.14519,8.09564,-7.605475,2.782386,-136.777668,-71.649263,-56.985803,-50.723785,False
250,1,283,r,3,4,3,3652.1633,3541.1921500000003,5.863241,3.640735,4.599036,-69.581736,-62.32893,22.879635,-33.345263,True
250,1,285,r,10,2,31,1941.1915,6748.97624,25.738256,24.589151,-7.85299,29.958496,-67.711077,118.996743,-107.154288,True
250,1,325,l,7,1,27,498.9278,14743.4103,26.558297,-25.610141,-7.283429,124.576674,-69.823703,-79.293581,-93.269724,True
250,1,326,r,4,3,67,535.459,14499.5848,18.356732,15.376822,10.149545,142.30942,-71.766425,40.616491,-44.345343,True
250,1,332,l,1,4,48,581.9367,16378.6598,30.593515,-29.947062,6.568255,98.573835,-78.21533,-110.284252,-52.7778,True
250,1,333,r,5,1,12,826.9277,13146.6235,30.816413,28.300396,12.735379,78.657075,-69.063877,113.798327,-14.814315,True
250,1,334,l,2,4,4,3120.129,5248.44013,8.753594,-7.870331,3.844005,-124.176143,-80.219787,-57.253109,-52.126088,True
250,1,427,r,3,4,3,3586.3354,2754.80992,4.872543,3.319162,3.569187,-114.867185,-63.891034,23.480354,-38.595102,True
250,1,457,r,10,4,50,275.86902,17224.9678,36.001252,34.693278,-10.283141,102.389476,-71.232926,129.875124,-112.630563,True
250,1,486,r,4,4,54,2261.2466,7006.263010000001,10.954852,10.848368,1.532923,-116.270307,-68.312463,77.855708,-57.242451,False
250,1,494,r,4,1,63,1229.6744,10421.3448,9.699814,6.077364,7.57414,-153.079148,-75.6403,47.174464,-16.391463,False
250,1,504,r,4,2,59,1090.1571,11486.4765,22.68787,19.584565,11.685847,92.670064,-66.067692,70.206136,-22.747276,True
250,1,523,l,7,1,27,2226.0525,4329.55548,13.625684,-13.092566,-3.807528,-29.032508,-74.517129,-74.197558,-96.316,True
250,1,537,r,4,2,59,767.3466,12829.509196,11.186915,9.36459,6.147266,-122.137884,-79.445306,67.967319,-34.457002,False
250,1,541,l,7,2,46,592.8418,12206.5629,17.870763,-16.440084,-7.105087,130.366649,-81.857997,-47.104029,-102.60395,True
250,1,561,l,1,4,48,2477.8655,5773.02492,14.137469,-13.634436,3.773603,-218.607416,-72.461596,-123.368701,-37.942509,False
250,1,614,l,2,4,4,2774.9802,4388.29204,9.574831,-8.481341,4.459795,-61.668582,-75.403104,-52.440147,-47.671189,True
250,1,615,l,7,2,46,3987.9426,2542.86118,5.358948,-5.142513,-1.509637,-202.422524,-73.828134,-44.315846,-86.858003,True
250,1,627,r,5,3,18,2200.823,8365.39582,19.720544,18.610901,6.640595,-0.253662,-75.149081,97.742629,-39.492609,True
250,1,628,l,2,2,10,1684.4312,7980.423957,8.857464,-7.63909,4.496551,-186.545677,-67.778341,-63.915714,-29.966674,False
250,1,645,l,2,4,4,3431.1794,4179.57633,7.408062,-6.160694,4.121988,-140.699596,-73.307799,-46.490015,-42.088433,True
250,1,651,r,5,2,5,782.10864,14020.269,18.719972,17.159853,7.597026,-170.030075,-76.054652,142.049945,-11.839311,False
250,1,662,l,7,2,46,1366.6488,7723.8547,6.930853,-6.68483,-1.83441,-162.774123,-75.305736,-53.067202,-89.906189,False
250,1,666,r,10,2,31,1444.8375,7819.17156,14.457339,14.262431,-2.39088,-211.59849,-71.979156,127.505638,-93.588436,False
250,1,697,l,6,1,57,2101.0222,6483.954808,25.677281,-25.072805,-5.727082,-14.381395,-72.995788,-142.406528,-106.698177,True
250,1,710,r,4,3,67,1949.1301,6572.98833,7.93715,7.191971,3.366527,-75.938743,-74.625065,46.176714,-52.928126,False
250,1,730,r,10,1,37,448.9861,15565.3088,31.464461,29.30463,-12.003061,115.827126,-63.37991,97.759767,-105.845564,True
250,1,780,l,7,1,27,1416.1935,7689.75456,19.558796,-19.432,-2.267725,58.689343,-77.428736,-81.602579,-87.14192,True
250,1,791,l,2,2,10,3079.1143,3302.8428,7.40783,-6.224174,4.024849,-214.090956,-71.051703,-54.977005,-35.372215,False
250,1,793,l,2,4,4,1814.5432,7340.82276,8.562168,-7.463207,4.208513,-92.324548,-75.37724,-50.084234,-47.003599,False
250,1,803,l,6,1,57,1075.766,8144.2836,29.920655,-29.161163,-7.014247,39.835042,-70.086543,-139.590017,-105.333548,True
250,1,807,r,8,4,14,306.922,6175.92661,13.730462,12.74594,5.148353,-174.631244,-70.518946,105.100705,-27.598812,False
250,1,808,r,4,3,67,1895.1149,7455.4562,10.757392,10.17794,3.50147,61.037894,-65.480097,41.105781,-51.246289,True
250,1,821,l,2,2,10,3119.5671,4803.16711,5.960177,-4.13096,4.30011,-267.792162,-76.983484,-40.286001,-34.932556,False
250,1,837,l,3,3,23,3613.187,3956.24693,6.121317,-4.684882,3.94425,-0.49834,-59.700349,-23.806143,-39.603608,True
250,1,885,l,1,4,48,1305.1401,10492.2262,13.852011,-13.267195,4.018646,-158.237742,-73.574885,-105.687967,-41.220951,False
250,1,937,r,4,2,59,1342.273,9023.00585,9.681673,8.49089,4.66899,-233.804766,-65.276301,78.198006,-22.023028,False
250,1,940,r,4,1,63,2415.4292,6028.89396,14.727035,10.6499,10.231132,-5.955568,-73.789667,55.653403,-19.436581,True
250,1,970,l,2,3,24,539.3863,15948.9898,20.114965,-19.948187,2.639205,121.285987,-72.320277,-61.234156,-64.046946,True
250,1,1037,l,7,4,39,297.55054,14834.1493,23.361691,-19.984986,-12.354283,162.973911,-81.340983,-46.196023,-110.945993,True
250,1,1066,r,4,1,63,1862.0648,7130.98715,8.103458,5.784197,5.684983,-211.061543,-71.838121,50.756351,-21.7029,False
250,1,1101,r,10,1,37,2507.2402,4742.29623,14.563877,14.381296,-2.323508,-154.619998,-71.165849,114.004316,-89.789958,False
250,1,1127,r,4,3,67,687.4335,13712.8491,17.244072,15.356484,7.940748,102.014273,-72.958808,51.626323,-45.7665,True
250,1,1181,l,6,1,57,3614.401,2753.29524,15.680248,-15.619635,-1.394853,-211.573681,-75.556684,-140.227194,-88.238119,False
250,1,1198,r,10,1,37,1276.1592,8245.242040000001,12.099314,11.78705,-2.750616,-221.809541,-70.96748,106.801863,-96.086646,False
250,1,1265,l,2,2,10,2638.11,6288.4719000000005,7.416781,-5.800803,4.629539,-274.849612,-74.330524,-57.383332,-28.355267,False
250,1,1275,r,5,3,18,1767.4512,6601.33538,22.151163,21.629774,4.896676,2.949363,-77.355304,113.823973,-50.900334,True
250,1,1291,r,5,3,18,356.42874,17908.237999999998,31.457331,31.010658,5.567006,118.296759,-66.474027,103.213193,-46.947269,True
250,1,1301,l,7,2,46,1073.5853,8635.75586,16.240594,-15.178119,-5.846844,64.752673,-73.536747,-61.105983,-97.436307,True
250,1,1306,l,2,3,24,2360.4946,5829.69117,7.273732,-7.203204,1.013136,-276.438181,-73.87634,-71.589961,-63.779533,False
250,1,1314,l,7,2,46,918.31146,9811.8421,12.284865,-11.449946,-4.481613,91.242606,-73.431607,-40.256857,-89.326303,True
250,1,1319,r,4,3,67,3655.9067,4432.33631,5.693797,5.35457,1.938775,-148.893717,-66.229755,41.136591,-51.307679,True
250,1,1371,r,4,2,59,1784.041,7212.625480000001,19.49036,17.428593,8.863419,34.917783,-69.787746,80.077742,-28.095732,True
250,1,1389,l,1,1,35,2231.6272,7522.5804,22.736395,-21.023055,8.862103,-31.224185,-76.867325,-123.454737,-23.211047,True
250,1,1398,r,10,1,37,855.80383,11136.1926,27.049615,26.798117,-3.824297,87.757073,-70.667724,102.151911,-85.813473,True
250,1,1421,l,2,2,10,2546.8628,7214.18681,7.771361,-5.036852,5.925769,-170.152531,-70.611406,-40.556381,-22.664943,False
250,1,1479,l,2,2,10,1660.5477,9745.1606,9.246379,-5.81064,7.204878,-164.148912,-81.045874,-46.215973,-23.337733,False
250,1,1499,l,1,1,35,1368.4868,10510.8357,26.753975,-24.686676,10.652177,17.367208,-76.862545,-125.320272,-20.425657,True
250,1,1513,r,4,4,54,2141.5747,5840.01698,9.673905,9.499097,1.839199,-84.077674,-70.421007,62.593071,-58.241963,False
250,1,1546,r,4,4,54,1540.3993,7915.36074,13.142625,12.764712,3.155319,-50.581268,-72.183879,77.157607,-52.933075,False
250,1,1569,l,2,2,10,545.7978,15941.5771,20.947502,-18.078134,10.763751,117.892427,-67.998456,-56.180734,-33.580969,True
250,1,1617,l,7,1,27,1501.575,6610.09377,9.754704,-9.51828,-2.144525,-236.031029,-75.773669,-88.199945,-95.746664,False
250,1,1632,r,10,2,31,386.13297,16382.24,35.851054,34.81645,-9.148401,97.86588,-63.737494,133.618518,-101.425615,True
250,1,1639,l,7,2,46,3446.7659,3096.67389,7.613028,-7.020064,-2.953063,-153.024581,-71.454622,-54.554063,-94.481271,True
250,1,1647,r,4,2,59,1310.1919,9069.4023,11.848212,9.688197,6.853312,-99.412845,-66.650588,66.480995,-19.171242,False
250,1,1668,r,4,3,67,358.17966,17667.3656,16.848869,14.96303,7.835558,133.88882,-70.778167,41.721922,-48.540878,True
250,1,1736,r,5,3,18,750.7507,13345.7104,27.329801,26.812743,5.498751,76.139532,-70.14485,108.088404,-47.077009,True
250,1,1759,l,1,3,41,1254.7894,13029.05128,28.382467,-27.468202,7.441488,36.698343,-77.640473,-131.681877,-40.352182,True
250,1,1772,l,7,2,46,1730.5991,5538.1197600000005,14.989833,-14.722467,-2.85021,61.947998,-84.165946,-59.92391,-95.905311,True
250,1,1787,l,3,3,23,1563.593,8099.06487,5.737989,-3.337309,4.670286,-148.471497,-67.777664,-25.568586,-31.89682,False
250,1,1793,r,4,4,54,476.52386,15672.688,24.363488,23.06236,8.079331,125.300794,-72.134028,70.122317,-46.723653,True
250,1,1835,r,4,4,54,1966.6365,5905.1176,10.61858,10.589776,0.786086,-109.035066,-70.958607,74.603687,-65.388723,False
250,1,1840,l,2,2,10,1894.8927,6998.565430000001,16.697915,-14.25593,8.785831,49.622237,-73.103185,-61.074658,-34.771191,True
250,1,1862,l,2,2,10,774.0754,12502.6345,19.929792,-15.832169,12.26369,113.272918,-72.339089,-50.11591,-32.408908,True
250,1,1922,l,7,2,46,2379.237,4584.38164,7.801192,-7.535358,-2.025006,-31.35504,-78.313518,-42.508958,-89.774885,True
250,1,1956,r,5,1,12,2399.6123,5827.07751,13.837955,11.955229,7.019934,-194.655748,-76.757814,102.621003,-15.755239,False
250,1,2045,l,1,4,48,271.89822,21427.0419,31.848685,-31.091128,7.279575,106.946819,-68.823869,-110.386081,-41.517964,True
250,1,2059,l,7,2,46,420.8415,13937.861,12.029102,-11.500894,-3.549428,21.391381,-74.94103,-54.653406,-91.943829,False
250,1,2067,r,4,4,54,3604.6846,4282.54224,10.631545,10.541149,1.391339,-116.919355,-70.040414,75.720365,-59.98741,True
250,1,2090,r,4,1,63,606.60895,14056.4078,19.623044,16.325114,11.039871,118.639807,-76.088376,50.190771,-41.250993,True
250,1,2111,l,7,2,46,3082.4,3940.4437,7.865664,-7.715048,-1.53655,-117.567843,-75.523383,-55.214337,-86.555966,True
250,1,2150,r,10,3,43,928.705,11185.3970442,27.321599,25.286896,-10.705059,90.059747,-68.593897,94.455385,-110.396832,True
250,1,2159,l,7,2,46,690.55115,12756.67138,20.471126,-20.159657,-3.633846,122.996003,-77.719253,-61.312033,-89.017475,True
250,1,2162,r,5,1,12,1818.7617,8472.0349,23.322393,21.217539,9.914311,16.310307,-76.839794,106.253631,-25.524329,True
250,1,2167,l,1,1,35,2107.8975,7063.65053,17.724996,-16.761505,5.8489,-159.421161,-74.33687,-135.358841,-26.255984,False
250,1,2175,r,4,3,67,2306.0667,5837.35316,7.10588,6.719573,2.316351,-177.142661,-73.675912,55.038445,-54.649294,False
250,1,2177,l,7,1,27,2557.0945,4837.89791,13.902326,-13.196484,-4.412843,9.317344,-66.445662,-65.815349,-88.693814,True
250,1,2234,r,4,3,67,378.00726,15455.5954,16.573117,15.443562,6.088294,137.590526,-72.424119,42.105259,-55.558786,True
250,1,2235,l,8,1,1,2548.4436,5856.89263,3.148097,-3.082906,0.63765,-116.323456,-70.327792,-21.884109,-65.799038,False
250,1,2236,l,1,2,29,2847.0955,6236.53627,19.920714,-18.259833,8.10273,-59.686229,-72.884912,-115.375765,-20.460377,True
250,1,2272,l,10,3,43,3671.6965,3459.20614,16.521535,-14.290333,8.379232,-182.633581,-78.50069,-120.387866,-6.660346,True
250,1,2303,r,10,1,37,2185.6382,6235.54601,21.971901,21.738649,-3.273347,27.35823,-74.624758,104.723133,-90.796061,True
250,1,2361,l,2,1,17,1671.2892,8493.552459999999,16.725301,-14.901166,7.683063,9.756811,-78.822959,-74.573054,-39.70132,True
250,1,2372,l,2,1,17,1306.6232,11969.102,13.288945,-10.752615,7.85521,-149.184396,-76.883461,-83.402531,-15.20859,False
250,1,2425,l,1,3,41,2695.0754,5470.50636,19.562681,-19.053384,4.5195,-73.708478,-72.903781,-125.614049,-42.488439,True
250,1,2437,r,3,4,3,3420.023,4241.549010000001,3.859824,3.773005,0.814638,-46.329195,-53.187427,22.179804,-48.394747,True
250,1,2462,r,4,3,67,393.5026,15669.4689,18.924404,15.905199,10.389948,140.695614,-76.34609,42.54512,-47.880935,True
250,1,2511,r,4,4,54,1374.7594,9096.82454,17.254999,17.187894,1.543767,58.938444,-73.564332,71.472003,-67.046043,True
250,1,2530,r,10,3,43,754.2728,12894.5832,32.886869,31.237037,-10.849942,110.740947,-70.327568,108.721581,-110.510355,True
250,1,2564,r,3,3,23,1506.962,9545.0793,41.455068,26.565051,33.076916,-43.75,-69.563561,166.875,173.471686,False
250,1,2578,r,4,1,63,2637.4246,5851.15989,8.772406,4.640129,7.452915,-174.75539,-75.874789,37.720959,-14.877166,False
250,1,2600,l,8,1,1,625.0213,12809.4146,5.193994,-5.090819,-1.031471,-31.667938,-74.124118,-28.656145,-79.938528,False
250,1,2631,r,4,1,63,1023.001,10480.5039,14.004819,12.276895,6.791278,115.123495,-63.308837,38.05538,-41.995672,True
250,1,2704,r,5,1,12,2225.995,6439.76386,22.139144,19.578109,10.54568,-38.890849,-77.807298,116.97119,-12.822672,True
250,1,2707,r,5,1,12,1614.0809,8139.317209999999,14.88325,13.5371,6.24394,-125.68807,-75.038908,100.082601,-28.258528,False
250,1,2724,l,1,3,41,1514.2367,8970.11271,26.002597,-25.852292,2.893098,0.128015,-75.757199,-140.456119,-59.478805,True
250,1,2743,l,2,4,4,1391.8429,8475.27345,12.784211,-12.623836,2.035203,61.752064,-71.440539,-51.119167,-63.128601,True
250,1,2770,l,7,1,27,1345.9822,8169.198969999999,16.006041,-15.209816,-5.045387,44.645147,-73.924659,-66.706579,-96.372602,True
250,1,2777,l,2,2,10,2344.1653,6283.99295,6.570925,-5.037413,4.224635,-228.084418,-71.870906,-45.667423,-33.452809,False
250,1,2778,l,2,4,4,3347.341,4612.19958,8.698698,-8.236144,2.808506,-83.144532,-72.675714,-54.011248,-54.179607,True
250,1,2779,l,1,4,48,2018.8315,7380.8389,11.461405,-10.937263,3.44744,-228.536883,-73.138997,-100.204248,-41.323438,False
250,1,2807,l,2,1,17,564.253,17237.7827,26.634719,-22.73496,14.260418,97.594959,-72.102071,-80.622748,-19.08053,True
250,1,2809,l,7,2,46,3436.182,3301.88326,7.824717,-7.33491,-2.732422,-177.820917,-72.835773,-60.218985,-95.347186,False
250,1,2836,l,1,4,48,2167.0754,6416.63061,13.153159,-12.688933,3.492373,-222.71001,-74.350272,-115.440135,-42.276754,False
250,1,2859,l,1,4,48,1940.6924,6884.45802,13.055652,-12.997125,1.245588,-186.040088,-69.692673,-109.877354,-59.069973,False
250,1,2869,r,4,3,67,2059.2542,5786.345789999999,5.941437,5.626959,1.910432,-138.129,-77.793155,42.181805,-63.443468,False
250,1,2873,l,1,4,48,1453.2275,9378.1391,16.934622,-16.302889,4.645764,-92.838225,-76.538822,-111.970684,-44.125293,False
250,1,2911,l,2,2,10,3506.9358,4529.970069999999,8.314633,-6.700758,4.933975,-218.315695,-71.20027,-59.720185,-27.016778,False
250,1,2921,r,5,3,18,1793.5734,7783.93276,13.578128,13.119013,3.532121,-202.385532,-75.099366,114.753961,-43.89221,False
250,1,2935,r,8,4,14,3548.9834,2246.81574,3.89699,3.401793,-1.902258,-96.190199,-75.232527,22.956054,-88.081655,True
250,1,2936,l,7,2,46,3205.128,2613.15479,10.928845,-9.928115,-4.5917,-61.54397,-70.64579,-61.532017,-99.308318,True
250,1,2964,l,6,1,57,1276.0844,8305.77666,27.325269,-27.0769,-3.823197,28.237567,-76.203109,-133.817458,-95.849065,True
250,1,2968,r,4,1,63,394.36484,16366.0825,21.432477,17.961597,11.891515,117.084608,-72.830492,56.055512,-34.552718,True
250,1,2980,r,4,2,59,2688.1685,4988.33893,9.957449,7.958417,6.003888,-205.962065,-68.74533,69.3359,-16.076324,False
250,1,2996,l,1,4,48,1071.4995,10476.1717,14.01572,-13.833807,2.2731,-210.659356,-71.663183,-123.287014,-51.19638,False
250,1,3005,l,1,1,35,331.19205,21760.4687,34.086895,-31.583368,13.544001,90.919136,-77.268045,-122.395717,-20.972707,True
250,1,3023,r,4,1,63,2998.597,5562.25401,11.715519,8.266673,8.330571,-55.810155,-70.821052,50.242838,-19.652693,True
250,1,3057,l,7,4,39,342.5056,16118.5823,23.942445,-18.261492,-15.756412,149.885151,-72.263258,-46.234109,-113.893303,True
250,1,3065,r,4,1,63,2057.8013,8052.16015,10.106359,7.805705,6.439452,-148.15742,-70.27472,60.064546,-20.359471,False
250,1,3068,r,4,3,67,2070.4807,5303.62025,6.116629,6.000498,1.188418,-156.778196,-75.605688,46.96221,-66.286312,False
250,1,3083,l,2,4,4,2416.7866,6833.19494,9.09279,-9.053937,0.843192,-49.068397,-70.363817,-54.030407,-65.310606,True
250,1,3092,r,4,1,63,833.59015,11348.2074,16.707252,14.379761,8.597415,117.363843,-67.426748,44.260435,-40.481791,True
250,1,3132,r,4,3,67,2194.1377,5802.96281,6.285839,5.92075,2.114809,-149.768519,-70.369323,45.606631,-54.042829,False
250,1,3176,r,4,3,67,3426.8972,4059.5838,6.533484,6.190226,2.093942,-100.18861,-75.810679,42.320702,-61.460758,True
250,1,3182,r,10,2,31,311.62415,18126.4935,34.201334,33.708216,-6.162516,97.563748,-68.121272,128.378899,-93.098469,True
250,1,3201,l,7,2,46,2299.1965,5643.99457,7.362744,-7.325491,-0.741748,-132.312035,-78.643251,-54.290397,-84.155776,False
250,2,13,r,10,2,31,1055.1833,10451.1499,31.932928,31.43671,-5.919111,72.106313,-71.4219,133.194573,-97.898852,True
250,2,36,l,2,3,24,1109.8242,11054.3459,12.098985,-11.634986,3.341631,-135.938999,-74.275583,-87.703797,-48.883825,False
250,2,74,l,2,3,24,2149.6003,6643.63799,10.381778,-9.893413,3.162485,-121.585277,-76.670747,-71.784373,-53.586595,False
250,2,93,l,1,3,41,2006.9636,6733.54609,23.666625,-23.53381,2.578191,-31.085977,-72.470839,-139.837505,-56.701237,True
250,2,103,l,1,4,48,1884.5006,7774.47729,19.941588,-19.818861,2.254799,-13.501499,-72.134988,-109.380134,-59.432544,True
250,2,111,r,5,1,12,2177.14,6932.38635,16.065015,15.016269,5.776183,-134.219189,-69.81376,113.798305,-25.384126,False
250,2,128,l,2,2,10,378.5636,16796.9242,19.680717,-15.376006,12.435879,123.214473,-75.528534,-45.865253,-37.383507,True
250,2,157,r,5,2,5,376.6456,20487.7455,39.415558,36.363715,16.386142,103.863535,-77.733555,137.049771,-9.763728,True
250,2,167,r,5,3,18,1975.8457,8774.38099,21.992408,20.975537,6.764423,16.720094,-76.048018,104.768478,-41.333005,True
250,2,172,l,7,1,27,325.09644,16637.6341,23.909365,-23.808263,-2.26333,121.5,-73.592784,-74.346386,-80.87187,True
250,2,182,l,7,4,39,596.9081,12994.24988,24.083296,-21.005125,-12.057401,135.171223,-76.388524,-59.449091,-111.814678,True
250,2,195,l,2,3,24,784.0072,12576.20008,12.803842,-11.583917,5.492141,-57.936292,-93.014923,-71.319285,-58.865062,False
250,2,195,r,2,3,24,784.0072,12576.20008,32.63493,32.504864,-3.084839,41.32785,-78.645537,158.451309,-94.536539,True
250,2,235,l,7,1,27,863.8302,11076.1385,18.611799,-17.47748,-6.500516,76.115242,-70.550193,-67.345191,-96.100775,True
250,2,254,l,7,2,46,1314.9587,7405.51374,14.911925,-14.129894,-4.814949,88.786896,-75.157436,-50.65286,-92.635445,True
250,2,259,l,2,1,17,2339.0635,6775.93071,14.31042,-11.094208,9.096434,-53.567502,-74.225309,-67.3692,-18.169072,True
250,2,276,l,1,2,29,1748.2299,9207.2774,17.558299,-16.350053,6.490005,-122.565457,-75.144529,-121.033913,-26.233567,False
250,2,286,l,7,3,33,2336.5112,3719.53359,14.139744,-12.806175,-6.045268,-17.029938,-72.172281,-69.790292,-105.517142,True
250,2,333,l,3,3,23,1563.8727,9130.59327,5.313112,-3.517187,3.984785,-81.068023,-56.8801,-22.80722,-30.982732,False
250,2,386,l,7,1,27,730.74347,11047.8616,20.426516,-20.263929,-2.627959,64.115526,-71.610219,-83.395575,-82.662057,True
250,2,421,l,1,3,41,2580.5076,4679.15856,20.89848,-20.844094,1.541407,-69.313981,-69.335964,-136.807098,-58.99002,True
250,2,434,r,10,1,37,586.666,13195.6883,29.58181,28.027657,-9.871596,102.257461,-70.974332,99.940752,-107.985374,True
250,2,448,l,6,1,57,2254.1719,4824.08897,22.107001,-21.45997,-5.439357,-43.522313,-67.799274,-131.108836,-101.923279,True
250,2,456,l,7,2,46,1164.4546,7300.55526,9.570001,-9.321543,-2.176145,-38.290184,-79.556298,-53.886335,-92.197989,False
250,2,460,r,10,2,31,1500.0735,8977.26218,29.599366,28.933629,-6.531465,66.39674,-72.565395,123.606922,-101.817377,True
250,2,487,r,4,3,67,2466.4863,6433.52723,6.079265,5.523358,2.543625,-156.854539,-74.169666,43.211066,-54.22608,False
250,2,492,l,2,4,4,1142.0997,10228.0567,14.002321,-12.589603,6.179311,51.340638,-79.098404,-53.301218,-52.62231,True
250,2,516,l,2,4,4,1799.3591,7945.14255,6.935525,-6.238577,3.036139,-212.371057,-70.403347,-54.917219,-43.598713,False
250,2,518,l,1,3,41,1643.2715,7692.12552,16.366269,-16.268159,1.814021,-170.805982,-71.787555,-134.471167,-56.584552,False
250,2,519,l,2,1,17,323.42633,21053.7973,28.719208,-24.745449,15.059834,101.689529,-71.394839,-86.794181,-15.603402,True
250,2,523,r,4,1,63,471.5012,15992.3291,22.405879,18.059574,13.489386,138.887884,-56.636221,49.273069,-18.508652,True
250,2,540,r,4,3,67,2818.1155,4038.28472,6.183231,6.012776,1.444484,-231.488786,-73.310001,54.928249,-60.08722,False
250,2,548,l,7,2,46,3367.8235,3398.93229,8.68035,-7.533138,-4.325306,-39.198739,-76.799375,-43.53355,-101.914947,True
250,2,637,r,5,3,18,2272.331,6332.34077,14.420885,13.784866,4.277133,-131.626522,-73.272928,103.443329,-40.804715,False
250,2,666,r,5,3,18,1938.1699,9812.60232,14.460649,14.118328,3.160089,-121.344191,-69.198671,103.462414,-45.781025,False
250,2,670,l,8,2,20,2989.5134,3681.09343,18.039136,-17.720048,3.433464,-182.503092,-69.234595,-150.977166,-39.473788,False
250,2,696,l,2,3,24,2722.5845,5631.26402,7.937576,-7.899307,0.780982,-175.787871,-71.980967,-64.627666,-65.57073,False
250,2,731,l,1,1,35,2258.1611,6756.9830600000005,22.026815,-20.642511,7.859166,-48.110364,-76.589855,-127.373714,-26.716811,True
250,2,747,r,10,2,31,3220.58,4323.47604,14.078404,13.886444,-2.34004,-197.459765,-74.395444,120.511709,-94.91477,False
250,2,774,l,1,1,35,1734.3789,8656.546479999999,15.386948,-13.780195,6.913056,-223.021946,-77.966504,-125.822259,-13.921995,False
250,2,780,l,7,2,46,1739.0261,4936.48991,8.587653,-8.316935,-2.146809,-88.348742,-76.445644,-55.309327,-90.779336,False
250,2,797,l,7,2,46,791.68665,10958.7544,18.08303,-17.083137,-6.020265,98.977149,-67.691706,-58.704766,-88.767188,True
250,2,800,l,7,2,46,3842.2983,3079.16654,5.809644,-5.446233,-2.025558,-126.772129,-72.00204,-39.735895,-86.809026,True
250,2,813,l,7,2,46,3593.406,3351.48682,6.177269,-5.791989,-2.151111,-159.88301,-75.321793,-45.633903,-92.306843,True
250,2,826,l,1,4,48,463.28995,17985.8834,30.641739,-29.286739,9.440145,93.670213,-76.351419,-110.115394,-38.92401,True
250,2,836,l,2,1,17,580.3267,16858.1401,25.229325,-21.963358,12.734908,115.335297,-68.813884,-70.439219,-26.250547,True
250,2,843,r,4,1,63,3202.6846,4510.68137,10.296461,7.683659,6.874767,-66.09662,-63.602969,48.042741,-20.280679,True
250,2,845,l,1,2,29,1962.7057,7674.84054,12.725642,-11.731329,4.966254,-196.485076,-73.445362,-101.023665,-30.270294,False
250,2,850,l,6,1,57,1207.2145,8448.72483,19.074332,-18.979994,-1.930623,-111.094049,-71.522328,-137.951124,-85.819933,False
250,2,863,r,10,2,31,1253.1226,11895.80161,29.563671,28.970517,-6.165937,74.3861,-76.315478,119.371738,-102.940576,True
250,2,897,l,1,1,35,1793.256,8120.01681,26.125791,-24.561904,9.193503,9.218789,-76.939194,-128.325918,-26.974021,True
250,2,924,l,8,1,1,2215.316,5886.25217,4.11998,-3.415,2.306147,-84.207315,-76.678838,-22.330323,-61.582101,False
250,2,945,r,8,4,14,2266.8113,4570.76417,8.235373,8.182261,-0.936994,87.357136,-90.241579,29.137242,-93.589906,True
250,2,953,l,7,1,27,2691.1038,4504.14603,16.60595,-15.798873,-5.180464,40.518888,-73.586402,-70.590738,-97.093203,True
250,2,1028,r,5,2,5,3626.5571,3862.77063,17.213857,16.398238,5.309332,-181.565396,-73.224105,138.773483,-27.54264,False
250,2,1065,l,1,3,41,1749.756,10698.4845,24.821787,-24.263996,5.398524,8.500479,-77.433419,-126.889015,-48.253493,True
250,2,1068,r,4,4,54,1675.2401,7383.43268,8.273311,7.521798,3.455273,-231.696526,-72.274094,68.884577,-40.50112,False
250,2,1073,r,4,3,67,2321.4739,6245.83826,6.729564,5.506925,3.873895,-148.404327,-69.448084,42.267012,-39.623689,False
250,2,1111,l,2,2,10,554.63,15321.0323,20.426908,-16.105007,12.735601,103.740078,-72.529207,-53.778799,-28.712503,True
250,2,1165,l,7,3,33,513.35486,13505.6137,26.653654,-22.78495,-14.215203,96.710261,-63.690807,-81.191789,-116.799552,True
250,2,1170,r,4,2,59,2091.204,7086.42938,16.591078,12.951826,10.458861,7.926711,-71.776116,64.871993,-18.347085,True
250,2,1205,r,4,3,67,3488.1123,3350.62432,5.219041,4.717812,2.234262,-230.129732,-71.492969,42.925245,-51.131116,False
250,2,1208,l,2,1,17,2575.0542,6164.75577,11.17154,-10.105756,4.786987,-143.309951,-58.529825,-77.22917,-21.671037,False
250,2,1221,l,2,1,17,2060.841,7201.51238,19.129296,-16.292148,10.163707,9.975664,-74.933929,-81.84319,-22.632463,True
250,2,1236,r,10,1,37,1894.4176,7063.19743,21.461387,21.034091,-4.361275,44.972611,-71.397697,94.224515,-91.419028,True
250,2,1250,l,7,2,46,1306.7585,7579.11171,12.719697,-11.614388,-5.222206,72.043669,-75.59753,-44.797053,-95.934694,True
250,2,1261,l,2,4,4,687.9308,13413.8534,17.584509,-17.471747,2.019976,100.962989,-70.937094,-59.500675,-63.947317,True
250,2,1263,r,5,1,12,820.64655,11894.9679,25.54092,24.31507,8.066926,72.662376,-69.336892,98.200525,-35.534738,True
250,2,1273,l,1,4,48,1225.2126,10761.1616,24.083685,-23.576923,5.061197,51.457864,-72.81212,-104.102101,-49.761446,True
250,2,1290,r,4,3,67,303.50696,17522.2505,19.876701,17.208772,10.10121,142.46356,-71.65703,45.694911,-44.141801,True
250,2,1336,r,4,4,54,2367.5815,4170.69644,10.17015,9.424975,3.838617,-216.064166,-77.217146,84.005036,-42.797156,False
250,2,1339,r,4,4,54,2236.878,5161.06323,8.206053,8.040994,1.643003,-181.640502,-71.266428,66.6289,-57.603717,False
250,2,1351,r,4,4,54,474.53256,15891.809,23.018785,20.944626,9.771734,128.354904,-72.29569,61.870562,-42.4873,True
250,2,1368,l,2,4,4,3029.3765,5278.50083,8.812298,-7.800966,4.11171,-49.689581,-70.647864,-46.537517,-46.000731,True
250,2,1393,l,7,1,27,581.4513,14351.3744,18.973616,-18.621599,-3.704164,90.676115,-69.633357,-67.16356,-83.250485,True
250,2,1444,l,1,4,48,291.8543,20559.0013,32.150723,-31.260694,7.924944,104.051077,-74.708075,-112.884067,-44.426597,True
250,2,1445,l,2,3,24,2587.858,5750.84119,10.877703,-10.721626,1.846912,-66.645199,-70.963739,-67.528239,-59.259076,True
250,2,1458,l,2,4,4,2130.912,5966.79814,7.2651,-6.841837,2.449384,-154.407539,-76.706153,-53.32154,-57.559889,False
250,2,1469,l,2,3,24,2778.6484,5310.1802,8.695771,-8.258793,2.731394,-176.536773,-69.622293,-67.717718,-47.131532,False
250,2,1473,l,7,1,27,1145.4644,8292.64874,10.715189,-10.496725,-2.164854,-67.791604,-67.789277,-66.2916,-81.544643,False
250,2,1511,l,2,1,17,2327.377,5340.52993,15.839503,-12.792919,9.41875,-20.556283,-82.870856,-70.516297,-30.04281,True
250,2,1522,r,5,3,18,871.2065,11519.6591,28.086457,27.233991,7.146171,83.66795,-75.836142,106.195054,-46.742035,True
250,2,1523,r,5,1,12,2335.7012,6228.37275,19.796296,17.825836,8.753576,-29.501831,-72.809477,102.739762,-21.132069,True
250,2,1525,r,4,2,59,2875.4216,5905.90427,10.37436,9.161879,4.887883,-220.172778,-73.017826,82.281655,-28.825482,False
250,2,1534,r,10,1,37,2754.6704,4774.8656200000005,14.781597,14.666381,-1.862519,-124.379029,-73.490677,108.450468,-87.419529,False
250,2,1548,r,10,1,37,3353.8838,4186.50584,10.208244,10.095611,-1.520149,-246.119345,-74.121642,95.455032,-88.57284,False
250,2,1577,l,3,3,23,2186.3628,7097.37414,5.658827,-3.787927,4.207105,-80.929418,-64.821166,-24.558598,-37.475827,False
250,2,1653,r,3,4,3,3085.647,4857.20115,5.747335,3.476593,4.579401,-108.577934,-61.093246,24.214638,-29.109787,True
250,2,1684,l,2,1,17,2159.1882,7679.31567,10.014331,-8.20372,5.763093,-216.55811,-70.38169,-73.02971,-18.728466,False
250,2,1738,r,10,1,37,2019.7665,6079.17121,12.329866,12.285956,-1.047738,-162.938718,-77.577181,98.640318,-86.054919,False
250,2,1795,l,2,2,10,1056.3076,10063.8078,7.853644,-6.584888,4.289533,-262.748308,-73.632653,-63.807421,-31.897517,False
250,2,1829,l,7,2,46,1159.3212,9250.24874,13.488014,-12.078286,-6.048593,82.214717,-71.174607,-44.462946,-93.690346,True
250,2,1831,r,5,3,18,1739.2721,7472.32343,22.749484,21.739572,6.871696,28.214015,-68.282198,104.386791,-34.318198,True
250,2,1833,r,4,3,67,3731.5537,3669.89423,5.346971,4.686363,2.577387,-196.229117,-69.377661,39.858803,-47.417003,False
250,2,1875,r,4,1,63,3328.2737,4872.2025300000005,8.047265,6.36602,4.932801,-251.215137,-76.667529,60.382013,-29.667086,False
250,2,1901,r,5,3,18,503.51865,15762.3563,26.955233,26.895634,1.862258,93.876938,-66.048315,99.480119,-58.898154,True
250,2,1930,r,4,3,67,2786.4666,4971.56951,6.023511,5.113703,3.187433,-174.754112,-65.821661,41.590235,-39.836702,False
250,2,1947,l,1,2,29,419.45566,20801.17755,33.846624,-32.747437,9.076677,123.867597,-64.163733,-106.849445,-32.607554,True
250,2,1957,l,2,2,10,721.36505,13126.5037,15.976981,-12.445299,10.099051,91.794607,-77.010688,-43.742591,-40.85883,True
250,2,1962,r,5,3,18,617.4378,15165.8535,31.295806,30.603291,6.890061,98.150421,-72.997105,113.474401,-46.062937,True
250,2,1966,r,5,1,12,2443.6035,6133.60276,18.783224,17.494201,6.94791,-38.290763,-73.243261,103.473149,-31.297029,True
250,2,1982,r,4,1,63,2341.061,6200.68076,13.329949,8.887766,9.974773,-14.186179,-79.114,47.567744,-24.965691,True
250,2,2001,l,7,1,27,1046.9858,8531.938900000001,11.369534,-10.697549,-3.873442,-56.434392,-71.381607,-65.444107,-95.252675,False
250,2,2012,l,7,2,46,3869.2139,2321.3085,5.117172,-4.590825,-2.262906,-195.527069,-80.378811,-38.986326,-99.626514,True
250,2,2022,r,4,3,67,2296.0552,6499.85555,7.083128,6.38907,3.06422,-259.923483,-70.241651,61.577579,-40.619296,False
250,2,2025,l,1,3,41,508.73148,16530.7413,34.826448,-34.774877,2.026445,79.090024,-66.098154,-146.449144,-57.012921,True
250,2,2034,r,10,1,37,2760.9802,4616.11494,19.025434,18.817102,-2.860083,-29.969211,-79.384042,109.032991,-96.272121,True
250,2,2035,l,1,2,29,488.9893,18957.7125,30.924596,-29.47117,9.821267,91.969381,-70.296189,-111.908829,-30.919441,True
250,2,2038,r,4,1,63,3429.8198,4765.562980000001,10.475878,7.902588,6.898957,-148.366438,-73.010757,60.848552,-19.462146,True
250,2,2084,r,10,1,37,3658.1433,3753.73899,13.177362,13.099905,-1.439301,-138.822249,-72.261692,99.789313,-83.324092,True
250,2,2104,r,4,2,59,411.40137,17188.4466,24.95104,21.270867,13.356877,123.898763,-68.61328,64.662891,-26.291319,True
250,2,2107,l,3,3,23,2041.7521,8297.338459999999,9.460806,-8.234131,4.675113,78.938847,-44.12079,-30.542726,-26.680911,True
250,2,2138,r,5,2,5,1954.9696,8287.57509,24.057583,22.875878,7.655924,-1.303773,-77.354491,122.907034,-34.854154,True
250,2,2153,r,4,4,54,3516.648,3621.76427,10.122906,9.890477,2.167594,-141.508924,-73.713761,75.236459,-57.134875,True
250,2,2176,l,2,2,10,3584.7087,4650.846960000001,10.123912,-8.088313,6.10911,-120.542891,-67.130153,-58.343474,-22.748258,True
250,2,2199,r,4,4,54,583.50104,14144.7151,23.074504,21.403349,8.831605,108.889826,-76.218362,70.988514,-45.994304,True
250,2,2206,l,1,3,41,1581.031,8328.23113,25.886223,-25.584473,4.08087,-12.430756,-72.017369,-144.799781,-48.094731,True
250,2,2224,l,1,3,41,546.3292,17310.1063,33.366061,-33.08083,4.624324,79.501164,-72.076992,-137.122131,-51.756843,True
250,2,2256,l,2,3,24,2002.9327,5561.64094,11.804542,-11.524993,2.57122,-55.241237,-78.589711,-70.396967,-62.767149,True
250,2,2272,l,1,2,29,2402.4731,7349.46543,16.032669,-14.612723,6.669661,-125.324188,-75.705663,-108.282335,-25.515743,False
250,2,2295,r,4,3,67,1648.7399,6677.99123,7.372661,6.928861,2.525497,-67.216878,-78.203984,43.410575,-62.332371,False
250,2,2308,l,1,4,48,2060.8013,7259.9237,12.027381,-11.857622,2.028197,-216.258024,-68.841549,-106.294287,-50.522267,False
250,2,2309,r,10,2,31,1559.5856,10445.71304,28.663376,27.863764,-7.009981,61.75244,-74.586069,120.666104,-106.332322,True
250,2,2321,r,4,4,54,2540.6116,5410.27327,15.102259,14.383001,4.654537,-19.815933,-72.617431,79.449238,-46.577225,True
250,2,2330,r,4,4,54,1830.7534,7758.21273,8.757425,8.469166,2.23656,-261.435332,-67.0944,82.109203,-45.320558,False
250,2,2346,l,6,1,57,2252.9568,4924.7641,22.145893,-21.961152,-2.927869,-38.894869,-71.718208,-132.622824,-89.855802,True
250,2,2346,r,6,1,57,2252.9568,4924.7641,2.686523,2.669451,-0.302493,-299.44546,-64.952255,27.482574,-68.067639,False
250,2,2358,r,5,3,18,1792.0892,6248.32577,20.125213,19.714426,4.128412,-19.258207,-66.680563,110.818328,-42.968652,True
250,2,2384,l,1,4,48,706.84656,13887.5822,15.735458,-15.29347,3.748305,-103.017774,-71.841078,-107.469351,-45.14773,False
250,2,2453,l,2,4,4,1254.395,10110.7203,10.912407,-10.772073,1.754836,39.191282,-63.261018,-47.717635,-55.439097,True
250,2,2536,r,5,1,12,2688.6677,6199.90104,16.509774,14.873009,7.24936,-149.022572,-73.513898,116.593448,-15.732306,False
250,2,2563,l,8,1,1,3791.988,3117.63192,3.911711,-3.809679,0.888251,-82.107512,-72.967372,-24.778493,-67.185383,True
250,2,2565,l,1,3,41,1735.9705,9213.18595,23.960008,-23.898464,1.768895,9.715676,-65.717993,-124.195928,-56.250297,True
250,2,2574,l,1,3,41,879.9094,12819.1873,22.918661,-22.50046,4.476096,-60.350696,-76.174193,-145.123305,-46.488263,False
250,2,2579,l,1,4,48,1709.7404,8370.5767,12.86078,-12.549778,2.83401,-206.935557,-70.040757,-110.621003,-44.838728,False
250,2,2602,r,4,2,59,531.16583,16822.8748,25.570092,22.272709,12.893526,115.999843,-66.135272,71.265863,-23.093258,True
250,2,2681,l,2,1,17,2576.3691,6116.10071,10.397444,-9.944688,3.050191,-199.779651,-63.864997,-85.873923,-37.368379,False
250,2,2694,l,7,2,46,1301.0175,8447.0993,14.199852,-13.194869,-5.29422,66.500311,-76.497384,-52.400264,-97.769684,True
250,2,2720,r,4,1,63,2558.1248,5368.94762,10.035551,8.369743,5.556958,3.69114,-66.40696,42.123934,-38.251389,True
250,2,2779,r,10,1,37,1453.0247,8458.27043,26.091386,25.917822,-3.114107,60.152643,-77.847398,111.696247,-91.750603,True
250,2,2783,l,7,2,46,2516.6628,4414.44478,10.02157,-9.74511,-2.349045,-63.029267,-75.396313,-60.630505,-90.090151,True
250,2,2806,l,2,2,10,1037.7877,11329.5572,10.197354,-8.057387,6.270911,-151.85865,-73.975566,-62.550547,-24.936868,False
250,2,2826,r,4,3,67,1044.6561,10164.5703,6.243977,6.096037,1.353699,-73.575806,-72.756326,38.82961,-64.115844,False
250,2,2858,l,1,4,48,1755.4402,7356.73156,21.780604,-21.408778,4.104976,-8.216927,-83.03772,-116.922641,-60.049006,True
250,2,2859,r,4,2,59,3656.6665,3983.49379,8.817049,7.660824,4.377958,-242.145898,-75.36558,71.578474,-34.258205,False
250,2,2897,l,1,4,48,2937.8147,4940.34332,17.418354,-17.005497,3.826859,-88.416622,-75.8988,-115.73327,-49.428862,True
250,2,2976,l,7,2,46,2617.8645,4256.06496,5.589581,-5.553382,-0.636106,-134.235261,-79.526694,-41.248168,-84.259019,False
250,2,3003,l,1,4,48,326.91394,21105.6554,35.067836,-34.322256,7.679351,109.680629,-68.378577,-123.108199,-38.938484,True
250,2,3041,l,6,1,57,1923.22,6612.97862,26.603277,-25.690774,-7.155423,14.309277,-69.475405,-132.626316,-107.881958,True
250,2,3070,r,4,1,63,3354.4155,4628.9392,9.798011,5.082932,8.387475,-165.213043,-82.42828,40.489999,-15.044959,False
250,2,3082,r,4,4,54,3854.4973,4475.974029999999,9.722902,9.006255,3.678842,-210.745157,-76.210843,79.36628,-43.612896,False
250,2,3085,l,7,2,46,440.01617,14085.0665,16.922056,-13.947765,-9.678694,78.4482,-63.885346,-52.540977,-101.06171,True
250,2,3121,l,1,3,41,2057.8093,10040.44934,22.0644,-21.907123,2.696983,-27.132811,-74.981614,-127.532375,-58.880053,True
250,2,3136,l,7,2,46,2582.6003,4520.13584,8.109795,-7.734225,-2.446825,-78.063666,-77.084263,-49.988057,-92.956432,True
250,2,3139,r,5,3,18,2632.8137,6133.5971,16.590716,16.447684,2.204493,-58.41935,-74.45002,102.860556,-60.465468,True
250,2,3145,r,10,1,37,955.67236,11157.1533,26.023038,24.840317,-8.014883,77.230694,-66.685201,98.494964,-99.698677,True
250,2,3147,l,7,2,46,2313.0518,5154.30757,9.297722,-9.036245,-2.19865,-32.16247,-78.438677,-51.234455,-90.962744,True
250,2,3168,l,6,1,57,3173.1519,3789.37987,17.803967,-17.696188,-1.988137,-144.892285,-70.583665,-138.759948,-86.430116,True
250,2,3190,r,4,3,67,3510.693,3142.10909,5.343788,4.757474,2.436425,-239.651696,-69.649601,44.080229,-47.03539,False
250,2,3211,l,2,4,4,2019.1094,5650.13032,6.14408,-5.809709,2.002688,-213.926455,-74.867542,-51.273258,-57.155395,False
250,2,3225,r,4,3,67,464.84314,15235.58207,19.886458,19.729325,2.546223,135.270506,-70.301426,55.490543,-62.99162,True
250,2,3229,l,2,2,10,1005.85315,12341.7454,12.220699,-8.563351,8.751371,-104.952878,-81.874943,-59.472626,-20.390772,False
250,2,3235,r,5,2,5,2926.278,5285.939179999999,22.305353,21.06219,7.515535,-82.432081,-74.986509,143.427285,-22.334532,True
250,2,3239,r,10,2,31,2231.4578,6585.66923,24.771567,24.404678,-4.383978,6.443012,-63.792274,128.655069,-87.66397,True
250,2,3255,l,7,2,46,432.46646,13098.4601,21.200454,-18.064239,-11.287287,149.638466,-74.154579,-45.780276,-103.621644,True
250,2,3260,l,7,2,46,3157.7236,4313.31647,5.379488,-5.224464,-1.283918,-142.690138,-72.212271,-39.564171,-81.950327,True
250,2,3261,r,4,1,63,343.1107,17544.5531,22.857325,17.368022,15.095145,107.294294,-80.977442,57.144531,-29.34206,True
250,3,63,l,1,3,41,1230.7911,10298.1554,27.017057,-26.190196,6.88057,18.202738,-76.314274,-133.683068,-39.764261,True
250,3,103,r,4,4,54,2564.3699,5172.10376,8.854014,8.825853,0.708428,-206.784227,-68.506902,77.135806,-62.290545,False
250,3,108,r,4,1,63,2544.3354,6362.71256,6.834335,4.293694,5.322161,-281.608771,-72.260951,42.916208,-18.861535,False
250,3,130,r,5,3,18,1824.2378,8919.34832,22.810856,22.458919,4.099008,24.415269,-66.754426,109.785769,-46.159658,True
250,3,188,r,10,1,37,3537.5415,4070.40105,14.813234,14.562221,-2.745289,-84.867411,-72.240351,97.381749,-90.812252,True
250,3,200,r,4,4,54,612.58636,13699.5921,24.111548,23.320996,6.302189,112.97669,-67.830948,76.315195,-46.541205,True
250,3,218,r,4,3,67,3207.9946,4160.06516,5.346309,5.299996,0.703183,-227.108863,-66.045248,47.970706,-59.671274,False
250,3,219,r,5,1,12,527.6431,17207.1312,34.38473,30.92942,15.831277,98.353592,-80.519029,114.831702,-17.166956,True
250,3,300,r,4,3,67,3823.4407,3198.24444,6.10907,5.957729,1.353812,-210.736759,-72.382522,52.256078,-60.484409,False
250,3,313,l,2,1,17,3310.0703,4432.63756,11.430101,-9.397121,6.536469,-127.747187,-79.856809,-69.136032,-31.34008,True
250,3,347,r,10,2,31,2786.3335,5280.81973,22.821989,22.755833,-1.784512,-2.322201,-75.772947,122.61587,-85.649198,True
250,3,358,l,7,2,46,3536.2063,3279.30972,4.149935,-4.078419,-0.767756,-261.040932,-73.40822,-39.290494,-80.811289,False
250,3,363,r,5,2,5,858.0523,14784.0142,33.127754,29.725803,15.343841,61.615649,-83.536569,130.404481,-11.373784,True
250,3,376,l,3,3,23,2521.7776,6005.1580300000005,11.551323,-11.22747,2.73366,106.412466,-47.955795,-36.442789,-39.018894,True
250,3,379,r,4,2,59,2403.5686,6598.16946,11.574733,9.131784,7.142696,-148.534352,-74.176129,70.49136,-18.516459,False
250,3,383,l,2,1,17,1158.8741,11363.6352,11.207678,-8.864296,6.885897,-149.351865,-78.824185,-68.520198,-25.125116,False
250,3,384,r,4,3,67,3583.5393,4036.5984,7.119128,6.12895,3.628805,-122.717567,-68.181518,44.317715,-41.856744,True
250,3,398,l,2,4,4,2878.9548,5388.4819,8.280997,-6.054149,5.660531,-112.43364,-80.513869,-42.682048,-40.4019,True
250,3,416,l,7,1,27,2621.4846,4587.80875,13.396183,-12.952227,-3.449781,-59.730256,-69.123336,-80.434507,-90.756498,True
250,3,506,l,1,4,48,2221.3843,6094.7404,18.709202,-18.441334,3.210916,-20.49583,-69.504764,-103.537061,-51.143101,True
250,3,591,l,2,3,24,3543.7668,3711.01185,9.155919,-8.359672,3.747879,-163.696521,-77.873606,-66.669803,-47.834464,True
250,3,607,l,7,2,46,584.541,14012.8992,17.402701,-15.85604,-7.266097,97.895724,-67.458302,-54.563025,-92.920714,True
250,3,616,l,2,3,24,1151.3252,10307.6165,11.990334,-11.22151,4.251781,-109.493192,-79.785125,-79.257649,-49.5063,False
250,3,620,r,4,3,67,3546.1755,3211.51282,5.501355,5.356613,1.255471,-275.361444,-73.678265,53.010475,-61.233681,False
250,3,631,r,3,2,9,2550.1604,6416.12868,6.675293,3.646846,5.594851,-89.826261,-50.408385,24.208441,-13.125058,True
250,3,657,l,1,1,35,909.9314,13691.6046,29.482169,-28.765501,6.756404,66.524625,-65.143613,-122.68146,-34.941144,True
250,3,668,r,10,1,37,1644.9122,8253.69336,17.801974,17.145088,-4.864899,-68.589624,-69.708835,110.625544,-101.648896,False
250,3,695,r,4,3,67,3265.685,2630.53356,5.947225,4.240958,4.173199,-213.908755,-80.357647,37.366925,-43.488925,False
250,3,704,r,5,3,18,932.59143,11223.2602,27.728098,26.966218,6.711923,80.482228,-80.86603,106.59908,-53.201268,True
250,3,707,l,1,4,48,446.06845,17866.322,28.535345,-27.611804,7.502347,94.648631,-80.044676,-102.178481,-51.011384,True
250,3,721,l,1,3,41,876.0879,15927.47327,30.874097,-30.55957,4.625083,49.827371,-66.736773,-141.809042,-44.173032,True
250,3,733,r,4,3,67,1270.2997,8497.50434,13.005706,12.887216,1.766597,65.197202,-73.203801,51.433926,-66.091114,True
250,3,767,r,4,4,54,270.48904,19629.193,25.780873,23.715204,10.417545,126.597577,-76.053481,71.78037,-43.240978,True
250,3,777,r,4,1,63,702.6489,12683.4897,16.428119,12.606779,10.6199,103.820057,-75.154118,41.639279,-39.382125,True
250,3,833,r,4,1,63,1862.077,8975.340390000001,16.432718,12.027102,11.281071,71.34356,-64.123829,46.584972,-19.528166,True
250,3,841,l,1,4,48,1775.449,8547.0658,12.383527,-11.778233,3.851568,-223.048087,-71.626354,-106.977929,-36.343022,False
250,3,882,l,1,3,41,1094.4098,12338.4757,30.656767,-30.187072,5.61739,59.427591,-73.503117,-134.126707,-47.266667,True
250,3,932,l,1,4,48,1098.7375,10509.2919,27.851512,-27.560293,4.184398,70.568233,-79.663568,-114.522592,-61.554661,True
250,3,962,r,4,1,63,3487.32,3077.49801,6.144358,4.51796,4.168599,-202.846936,-67.478877,38.943342,-31.446044,False
250,3,1034,r,5,3,18,4113.294,4137.14689,14.224097,13.655283,4.020634,-199.136818,-76.536709,118.834346,-41.155821,True
250,3,1045,l,2,4,4,1227.9248,8462.77996,17.08699,-15.225289,7.849505,103.092942,-73.61719,-50.87012,-46.91224,True
250,3,1053,r,4,3,67,1771.5789,7434.23404,6.332279,5.687721,2.788035,-205.719362,-68.737962,49.372078,-44.477566,False
250,3,1055,r,5,3,18,986.8051,10716.8778,25.049667,24.574648,5.01335,68.896414,-72.235682,101.11081,-50.907842,True
250,3,1069,l,2,2,10,3281.2097,4622.39847,9.561738,-7.684414,5.707213,-94.26791,-73.318272,-51.848623,-34.56637,True
250,3,1097,r,4,4,54,1920.9521,7281.21687,10.341213,10.106377,2.202787,-66.422156,-72.348701,63.529382,-58.422899,False
250,3,1187,l,2,1,17,1824.1211,7931.615,18.71903,-15.892257,10.021594,2.39546,-79.973049,-81.884286,-27.12905,True
250,3,1188,l,6,1,57,971.83484,10204.2615,31.035516,-30.778362,-4.198231,56.739522,-76.098152,-138.931785,-96.02747,True
250,3,1223,l,2,2,10,2329.1577,6634.55136,9.082602,-8.227258,3.861155,-131.603046,-68.800205,-60.958681,-40.049445,False
250,3,1228,l,7,4,39,2910.933,3017.43163,13.168428,-12.2128,4.962796,-192.261778,-76.258492,-104.381468,-33.411909,False
250,3,1241,l,6,1,57,2213.2957,5169.59936,23.906832,-23.591926,-3.983067,-35.769435,-66.342644,-142.270501,-91.094714,True
250,3,1249,r,4,3,67,3507.3914,2860.79329,4.735171,4.498633,1.479408,-276.398094,-76.405911,44.5629,-61.732752,False
250,3,1257,r,4,1,63,691.1669,13362.1462,17.783695,14.036243,11.031496,133.0,-61.44837,39.25,-29.899103,True
250,3,1295,r,4,1,63,1752.4083,7100.972659999999,7.924254,5.955008,5.237421,-163.959392,-78.106759,47.35267,-36.268485,False
250,3,1329,l,7,2,46,266.66843,16191.6849,15.935165,-13.514655,-8.522774,102.023116,-71.84719,-45.180112,-100.819143,True
250,3,1340,r,4,3,67,2500.3196,4777.7043,10.616332,9.38114,4.992389,-29.97754,-72.086753,52.863732,-43.756277,True
250,3,1354,r,4,3,67,1723.2334,7244.10258,9.167599,8.254997,4.001357,-88.794059,-75.571999,54.956259,-48.797713,False
250,3,1374,l,7,1,27,1372.9004,9175.60582,20.376498,-20.180804,-2.877886,56.265115,-76.866396,-85.908795,-89.384985,True
250,3,1383,l,1,2,29,2673.7144,6058.17606,17.422497,-15.392748,8.261907,-68.96841,-82.872198,-98.827495,-28.80878,True
250,3,1388,l,7,2,46,2172.4883,5511.3322100000005,11.989125,-11.49751,-3.421101,-12.7299,-73.542737,-61.577394,-92.01068,True
250,3,1393,l,2,4,4,2650.8992,3383.3834500000003,4.784572,-4.646352,1.142981,-275.422147,-73.437321,-45.9532,-62.119147,False
250,3,1395,r,5,2,5,3442.1533,4929.32616,17.592723,15.99067,7.432755,-147.118042,-73.848466,125.264555,-14.527278,True
250,3,1421,l,2,1,17,2732.0513,6013.50534,15.17454,-13.262609,7.440654,-47.009516,-67.6625,-79.433489,-22.44338,True
250,3,1445,l,1,1,35,860.4533,14383.555,19.057263,-18.136711,5.952411,-85.392686,-67.422952,-122.963518,-26.236514,False
250,3,1451,l,7,2,46,1434.8513,7189.49359,13.335178,-12.155375,-5.52572,88.510906,-70.998828,-43.399245,-90.938352,True
250,3,1464,l,8,1,1,2175.8757,6559.3693,4.388391,-4.356007,0.532657,-62.915084,-66.53593,-26.882774,-63.245414,True
250,3,1465,r,5,2,5,1392.8884,9256.41959,19.23222,17.565689,7.957629,-97.427353,-73.905425,122.643889,-17.099425,False
250,3,1479,l,2,4,4,3530.889,4055.60917,6.488153,-6.294665,1.575853,-129.394038,-73.656332,-46.262009,-62.048499,True
250,3,1482,l,2,4,4,2388.852,6282.07015,9.63394,-9.206986,2.848541,6.698903,-73.317788,-45.920216,-59.037481,True
250,3,1504,r,5,3,18,2966.7424,4258.35435,16.222492,15.092969,6.017781,-82.404919,-79.900912,100.433531,-39.240118,True
250,3,1518,r,4,3,67,2597.5894,7396.18795,11.575329,11.326225,2.404237,0.450812,-68.685932,57.995473,-56.287308,True
250,3,1525,l,1,4,48,1730.7943,10767.8674,23.288054,-22.507354,6.141178,29.259816,-73.147849,-108.041333,-42.780119,True
250,3,1647,r,10,1,37,3071.3489,4874.19191,17.136612,16.986595,-2.296637,-56.880418,-76.036495,105.963251,-90.582873,True
250,3,1685,r,4,2,59,1202.9365,9548.52706,21.312521,18.949907,9.937768,57.878276,-70.969907,79.698985,-27.970023,True
250,3,1696,r,4,3,67,1065.9082,11188.8504,4.525302,4.266468,1.509908,-285.397903,-71.647038,42.925747,-56.437999,False
250,3,1722,r,4,4,54,2400.1348,5255.61745,10.417157,10.287281,1.648724,-173.485106,-78.491876,84.123233,-64.933143,False
250,3,1798,r,5,2,5,2823.72,5391.85436,16.087863,15.265322,5.139812,-181.51174,-68.659748,128.684331,-24.69705,False
250,3,1810,r,4,1,63,2724.7937,5728.92925,8.457818,7.200793,4.448325,-124.538797,-71.147241,52.37426,-38.642122,False
250,3,1847,r,4,3,67,2775.7378,5349.09524,6.756476,6.274992,2.50991,-213.361094,-69.961793,55.349214,-47.76435,False
250,3,1851,r,4,3,67,2369.044,5213.33378,7.316278,7.110836,1.726047,-57.906092,-71.733584,43.400816,-61.168407,True
250,3,1854,l,2,4,4,3182.8933,4185.61002,6.908584,-6.110198,3.23011,-140.33006,-74.195579,-46.066484,-49.770776,True
250,3,1874,l,7,2,46,1216.8883,8105.40026,9.719001,-9.629159,-1.3247,63.920121,-83.033356,-38.356908,-88.336051,True
250,3,1875,r,5,3,18,3697.47,3633.6786,12.28405,12.180349,1.604962,-204.286307,-75.484483,106.691042,-61.316019,False
250,3,1878,r,4,3,67,1427.5858,10680.4296,8.116542,3.563682,7.297066,-245.888262,-76.328522,33.374216,-7.574595,False
250,3,1913,r,4,4,54,1862.5531,7651.51673,13.273022,13.149408,1.823396,31.484173,-68.829556,60.393563,-60.378106,True
250,3,1918,r,5,1,12,2093.6396,7609.53222,21.828243,18.88653,11.149797,-5.367495,-73.122584,101.049324,-11.59457,True
250,3,1956,l,1,4,48,2660.1973,6232.0165,12.646158,-12.208215,3.324548,-221.795273,-69.37961,-110.730867,-38.961791,False
250,3,1985,l,1,4,48,2154.7537,6288.09571,17.815226,-17.408331,3.845826,-24.992894,-75.34733,-98.763089,-53.156035,True
250,3,1995,l,8,1,1,959.92035,9970.1477,3.731233,-3.655498,0.748462,-197.772157,-73.862901,-31.162387,-67.47772,False
250,3,2007,l,2,1,17,2506.5396,6447.89026,10.857788,-9.470323,5.335203,-150.11551,-71.111862,-73.415753,-29.442923,False
250,3,2018,r,5,3,18,2398.518,4782.59092,13.838344,13.723885,1.793465,-195.616301,-71.217736,118.594981,-55.565197,False
250,3,2032,l,1,1,35,344.43213,22222.83504,36.025623,-34.755698,10.14134,85.703525,-76.585303,-141.755603,-32.107116,True
250,3,2035,r,5,3,18,1069.8522,12729.52704,25.958505,25.513397,4.955426,66.638022,-72.06163,106.602314,-50.602478,True
250,3,2043,l,6,1,57,1058.8821,8343.288770000001,24.808305,-24.461361,-4.267849,1.104733,-73.592783,-131.421945,-97.27786,False
250,3,2050,l,1,2,29,3802.3838,4050.52387,12.5227,-11.452787,5.098927,-212.370156,-69.185801,-101.777335,-23.449266,False
250,3,2088,l,2,2,10,2669.456,6733.96986,7.998906,-6.653415,4.450134,-210.597884,-68.420446,-58.394142,-29.196726,False
250,3,2124,r,4,3,67,509.95514,14509.6131,18.135806,16.298562,8.064133,122.586362,-74.610223,48.950612,-49.897502,True
250,3,2159,l,1,3,41,1001.20715,12317.9669,28.599121,-28.318329,4.174321,47.254525,-71.568564,-130.80516,-51.443356,True
250,3,2213,r,4,1,63,3182.5605,4783.63703,9.687993,8.068975,5.379642,-99.547994,-75.062277,55.225694,-38.011989,True
250,3,2222,l,1,4,48,495.31277,17631.1014,29.194469,-27.757048,9.431062,94.892761,-74.674005,-102.68153,-38.051376,True
250,3,2225,l,7,2,46,2145.2612,5076.10328,7.579009,-7.125562,-2.588888,-62.885388,-72.252443,-44.114084,-88.332488,True
250,3,2233,r,10,1,37,2761.8,6395.83258,19.755233,18.767279,-6.28345,-18.563131,-69.430067,104.84686,-105.313344,True
250,3,2262,l,7,2,46,3663.075,3559.17731,5.896886,-5.701018,-1.509698,-218.082939,-72.579711,-50.722538,-86.036951,False
250,3,2297,l,7,2,46,3108.5376,3706.98609,13.511845,-12.770629,-4.450875,20.154537,-78.512174,-61.161932,-100.049464,True
250,3,2305,r,3,4,3,3822.8186,3399.52848,5.685065,3.731523,4.292058,-84.340985,-64.337511,24.414371,-36.183166,True
250,3,2314,r,4,3,67,389.06525,16992.8668,16.605611,15.954432,4.665644,118.901314,-64.876734,48.914526,-50.353727,True
250,3,2341,r,4,3,67,3032.964,4667.4354,6.803947,6.297588,2.580878,-197.692866,-76.768568,53.82101,-54.6522,False
250,3,2356,r,10,1,37,3254.4146,4306.27536,12.451871,12.318425,-1.83232,-166.331564,-77.736842,99.650103,-92.679335,False
250,3,2481,l,1,4,48,2354.0508,5996.31772,12.947198,-12.699368,2.542081,-154.000267,-76.81929,-100.054633,-56.612778,False
250,3,2489,r,5,1,12,332.14905,19077.1603,33.446939,31.070508,13.054411,101.357341,-73.509982,113.664135,-22.443262,True
250,3,2520,r,4,1,63,2181.7192,7112.21971,14.364224,10.125456,10.242203,51.109251,-63.699777,42.662438,-19.851939,True
250,3,2523,r,5,1,12,2209.6409,6520.86866,20.880773,19.162725,8.454937,-0.658664,-70.717068,101.006079,-24.977072,True
250,3,2524,l,2,3,24,2264.5144,6750.6703800000005,8.998677,-8.847373,1.649805,-256.938637,-66.974296,-85.133684,-51.031406,False
250,3,2548,l,7,3,33,443.506,14571.913792,25.167129,-22.443311,-11.69482,129.630758,-74.177629,-66.241296,-110.093753,True
250,3,2550,r,10,2,31,1477.8752,9107.0011,26.704445,26.399502,-4.176908,50.867928,-75.678355,118.7036,-95.175466,True
250,3,2559,l,7,4,39,429.863,14397.475,24.386598,-20.191555,-13.970919,143.134914,-73.592357,-54.011255,-112.523313,True
250,3,2560,r,5,3,18,2760.5286,4710.1723600000005,11.903911,11.588785,2.739674,-236.530442,-70.129303,107.973775,-44.409023,False
250,3,2599,l,7,1,27,3688.9158,3135.67447,9.181299,-8.840658,-2.487614,-247.301818,-75.119332,-83.569173,-98.742718,False
250,3,2600,l,2,3,24,336.30527,19574.4207,27.134595,-26.295486,6.948006,123.78424,-73.855092,-82.132652,-51.261501,True
250,3,2615,r,10,2,31,2620.7686,4706.87902,24.37861,23.842566,-5.239538,-16.256994,-71.361007,135.347303,-102.066057,True
250,3,2618,r,4,3,67,1225.739,8405.441859999999,14.748999,12.285997,8.223648,66.025146,-75.364032,48.777077,-42.235676,True
250,3,2657,r,5,3,18,1249.1486,11609.27137,24.077444,23.763839,3.990932,74.110541,-70.308402,95.055882,-53.850915,True
250,3,2660,l,2,3,24,541.3331,15036.82,22.548385,-21.514436,6.915941,106.575986,-76.301605,-72.306032,-52.386819,True
250,3,2669,r,5,3,18,2563.3816,5320.21347,12.245608,12.159094,1.464111,-201.404242,-72.740879,105.878178,-59.892792,False
250,3,2678,l,1,4,48,348.08124,19290.868,30.050132,-28.480814,10.013363,103.960278,-74.80186,-100.930679,-37.430496,True
250,3,2685,r,4,1,63,2243.0884,6745.21786,13.772009,11.528129,7.586176,23.382657,-67.536045,54.380238,-31.296087,True
250,3,2688,r,8,2,20,2686.036,4812.31427,3.861673,3.748504,0.928694,-32.566917,-72.725217,21.133692,-67.485134,True
250,3,2764,r,4,3,67,2971.948,4470.799730000001,6.752862,6.049029,3.007328,-156.705538,-74.259783,47.337159,-50.660249,False
250,3,2776,l,1,3,41,395.26608,20257.0137,33.338615,-32.951462,5.378485,70.801784,-77.479455,-142.085128,-52.885829,True
250,3,2796,l,2,4,4,2517.4985,6379.9697,9.786014,-8.748839,4.401676,-55.537913,-72.367009,-53.176204,-45.456025,True
250,3,2801,r,4,3,67,3091.9612,4388.82604,8.643686,8.032982,3.201838,-55.35676,-71.74118,48.739476,-52.230178,True
250,3,2873,r,4,3,67,1665.5281,8312.954099999999,5.594287,5.024678,2.462563,-201.149695,-72.916432,43.183205,-51.712408,False
250,3,2883,l,7,2,46,3508.5762,3409.54457,7.632096,-7.282149,-2.290737,-164.912542,-71.524007,-58.131593,-89.869494,True
250,3,2914,l,2,3,24,2228.4233,5851.12181,8.365389,-8.350791,0.495751,-196.917951,-67.013092,-71.474524,-62.754788,False
250,3,3001,l,1,3,41,1717.4886,8590.5996,17.460551,-17.058959,3.779889,-168.343922,-73.277694,-140.645697,-41.602508,False
250,3,3023,r,4,1,63,3648.2483,4067.59857,7.448924,5.869842,4.594055,-86.783408,-66.530925,38.736351,-36.095418,True
250,3,3031,l,2,3,24,2126.5884,7823.9616,17.049586,-16.399215,4.729543,9.296403,-73.19973,-82.611384,-48.991114,True
250,3,3126,l,2,2,10,3254.158,4075.25564,7.851805,-6.649844,4.184391,-211.105529,-71.658211,-58.421702,-34.748251,False
250,3,3136,l,6,1,57,1438.6598,9852.60503,28.248647,-27.811656,-5.159794,29.79675,-68.752911,-137.25727,-95.317781,True
250,3,3184,l,2,3,24,1937.798,6949.4478,10.236854,-10.001261,2.194761,-165.887486,-76.051875,-80.395613,-58.310595,False
250,3,3197,r,4,3,67,690.7692,12124.1828,23.507924,23.086761,4.556348,145.760142,-77.748726,61.484125,-65.253329,True
250,3,3205,l,1,1,35,495.77017,20098.597,31.977867,-30.055747,11.47002,77.819539,-69.498969,-122.777863,-19.757684,True
250,3,3227,r,3,4,3,2131.3462,6807.86151,19.250042,19.001838,3.139821,-144.331412,-71.272166,149.56788,-46.073748,False
250,3,3237,r,4,2,59,1725.9413,7454.08569,14.586579,12.53351,7.522363,-45.262855,-72.159454,74.53173,-26.807358,False
250,4,20,l,2,2,10,2217.406,7326.77934,11.476057,-9.408703,6.600672,25.400258,-70.269829,-43.845496,-39.233932,True
250,4,68,l,3,3,23,3308.6401,4122.4985,6.478473,-5.882091,2.719858,24.570216,-53.622775,-27.345653,-40.946483,True
250,4,105,r,4,4,54,760.3256,12056.8227,19.466358,19.078127,3.942469,113.518225,-70.089848,61.036854,-57.220219,True
250,4,108,r,5,1,12,2058.8438,8459.38278,23.013948,19.694151,12.151583,11.14849,-76.274412,99.811182,-12.500748,True
250,4,127,r,4,1,63,2201.9292,6320.63918,7.715792,6.246373,4.538499,-265.34511,-79.684253,60.784607,-35.33889,False
250,4,148,l,7,1,27,2641.0378,4477.80365,8.32231,-8.118136,-1.838306,-164.764097,-74.148845,-64.869383,-88.892479,False
250,4,165,l,4,4,54,1729.9532,7327.79231,9.559902,-7.604759,-5.810161,-95.615246,-78.838908,-51.484658,-118.425554,False
250,4,165,r,4,4,54,1729.9532,7327.79231,11.072473,10.673902,2.961279,-71.972037,-75.031978,68.224579,-55.977421,False
250,5,63,r,10,1,37,1135.9512,9642.9174,28.220945,26.565051,-9.891769,78.75,-66.205651,105.625,-107.391514,True
250,5,78,l,1,4,48,2360.726,7059.43248,20.587825,-19.717348,6.044812,-24.347044,-77.901422,-112.659926,-42.540351,True
250,5,172,l,1,2,29,2328.4924,8939.2813,22.325852,-21.04299,7.634377,-26.594419,-77.294791,-121.801836,-31.826503,True
250,5,173,l,2,3,24,2175.5913,6433.59626,10.362288,-9.955374,2.889942,-167.370966,-75.874279,-80.279586,-52.432392,False
250,5,236,r,5,1,12,2543.8643,5156.38322,11.668448,10.692901,4.698032,-222.255692,-74.986856,96.725985,-32.145585,False
250,5,250,r,4,1,63,3940.4753,3527.3181,9.593252,6.348288,7.207127,-190.492489,-74.674117,53.45679,-13.538195,True
250,5,266,l,2,2,10,3353.3416,5413.25718,7.010785,-5.6076,4.214582,-268.700831,-73.749383,-54.85592,-32.380022,False
250,5,285,l,2,4,4,2574.6362,4996.00759,7.202154,-6.636848,2.803293,-173.960776,-79.422894,-53.984491,-56.551427,False
250,5,289,r,8,2,20,3768.7634,3468.71404,2.797391,2.775927,-0.346009,-136.569506,-73.643238,20.683078,-76.222347,True
250,5,294,l,7,1,27,1887.565,7229.20208,17.678824,-17.139654,-4.399328,38.388417,-73.807043,-77.596489,-94.064162,True
250,5,348,r,10,1,37,2638.0205,4549.33482,13.876376,13.54823,-3.028345,-125.601362,-73.949405,100.147141,-96.565666,False
250,5,350,r,8,2,20,2776.0535,3874.00489,7.55951,7.278947,-2.04589,69.854415,-76.692834,28.119084,-84.62092,True
250,5,372,r,10,2,31,3980.4265,1226.0957,16.013444,15.712677,-3.128717,-168.336825,-77.626598,128.942096,-103.652158,True
250,5,383,l,2,1,17,2735.5051,6715.98365,15.768247,-12.961317,9.058067,-93.475589,-76.724058,-88.259657,-13.990702,True
250,5,387,l,1,3,41,1647.3997,8934.80081,25.047098,-24.443138,5.643337,1.576707,-75.532979,-131.096535,-44.226648,True
250,5,401,l,7,2,46,1575.748,6108.25089,7.608491,-7.443487,-1.580413,-134.199979,-75.88655,-55.421385,-87.689867,False
250,5,440,r,10,1,37,2722.0793,5201.41533,18.478944,18.084163,-3.864425,-21.450743,-74.274115,101.702519,-96.405694,True
250,5,469,r,4,4,54,2280.8816,5308.00656,8.601666,8.289415,2.30464,-215.156727,-75.716591,73.599092,-55.171778,False
250,5,490,r,4,1,63,2640.979,6046.45063,10.485072,6.760588,8.03314,-57.769779,-72.187265,41.226435,-22.762606,True
250,5,514,r,10,1,37,2644.373,4617.93807,19.905459,19.804136,-2.047385,-21.226471,-75.184403,112.073803,-87.009783,True
250,5,559,r,10,2,31,1477.7955,8081.15067,29.756894,29.156356,-6.228132,54.731154,-72.762411,131.252227,-102.162908,True
250,5,560,l,7,1,27,737.8185,11358.9073,22.921464,-22.481805,-4.588484,119.288925,-80.229239,-70.647337,-95.056663,True
250,5,564,r,4,4,54,1920.4713,6114.52091,9.648607,9.093158,3.240126,-237.577372,-72.245727,84.439585,-41.9988,False
250,5,596,l,1,1,35,429.39105,21262.1705,34.853055,-32.754641,12.637707,96.750402,-66.844718,-124.32445,-15.322477,True
250,5,611,l,7,3,33,453.04828,14630.8376,28.356913,-24.905752,-14.014072,124.866285,-67.791008,-76.672668,-113.232531,True
250,5,624,r,4,2,59,1200.4692,9873.72293,13.852249,12.018227,6.939456,-74.784618,-73.913078,77.658663,-28.519419,False
250,5,629,l,1,3,41,3093.127,5269.99356,17.811313,-17.182784,4.762262,-109.007215,-78.013447,-123.381994,-43.219572,True
250,5,634,l,7,2,46,267.58292,18042.9623,20.753746,-20.352018,-4.152713,149.371953,-71.090122,-52.165089,-81.980357,True
250,5,665,l,2,1,17,1798.6348,9769.3903,10.608981,-8.488558,6.387019,-160.544462,-70.48896,-67.242339,-19.497062,False
250,5,673,r,4,3,67,354.0318,16891.5892,16.723035,15.619391,6.050333,116.374994,-73.685031,48.540321,-54.576432,True
250,5,682,r,4,3,67,2987.1948,4741.82779,6.248624,5.484076,2.999619,-252.528383,-76.060938,52.087367,-47.501122,False
250,5,692,r,5,3,18,2874.6006,5621.05637,13.396139,13.016796,3.193055,-212.854232,-70.429166,116.248328,-41.636535,False
250,5,696,l,2,2,10,2520.1116,6437.65029,8.101758,-6.325163,5.073015,-259.983576,-73.172805,-60.963247,-24.050131,False
250,5,699,l,2,3,24,2091.587,6767.9222,13.87371,-12.410422,6.25098,-41.117133,-79.141883,-72.863968,-42.005163,True
250,5,711,r,8,2,20,3328.322,3434.81062,3.378888,3.016394,-1.523285,-108.8028,-68.832886,21.014792,-79.452807,True
250,5,719,r,4,1,63,3951.4846,4112.52938,8.287706,5.685833,6.039642,-237.399651,-73.523378,52.509781,-17.446588,False
250,5,748,l,7,2,46,2173.9956,5299.63673,14.699321,-13.455463,-5.973221,27.240958,-71.418607,-62.866886,-99.687484,True
250,5,766,l,2,4,4,1140.9697,10794.471,13.548942,-11.562121,7.111986,73.909321,-69.829995,-44.208187,-42.310137,True
250,5,767,r,4,2,59,1784.2506,7422.42049,17.930583,14.265195,10.978007,44.474994,-69.944042,62.424725,-20.801329,True
250,5,790,r,4,2,59,650.24005,15005.6273,24.357803,19.98852,14.214756,117.711562,-75.203194,62.668773,-28.762785,True
250,5,850,l,7,2,46,2325.8875,4956.14078,11.424012,-11.305371,-1.652929,3.231761,-75.860983,-57.329907,-84.300018,True
250,5,852,l,1,3,41,382.95612,20373.4611,34.04628,-33.158758,8.206574,94.615034,-70.951333,-127.65557,-37.291883,True
250,5,890,l,2,3,24,1386.1243,8745.67753,11.198618,-10.867612,2.718996,-99.259512,-74.602773,-74.73139,-55.778819,False
250,5,903,r,4,2,59,429.5686,17616.5639,23.706667,19.580857,13.635173,114.697211,-63.871484,62.356525,-18.737208,True
250,5,954,r,4,3,67,1396.6798,8074.72234,12.711035,9.869813,8.049862,56.333927,-86.601831,40.654411,-53.058366,True
250,5,1007,r,4,3,67,2106.1458,5985.85792,7.515777,6.977381,2.800335,-165.534719,-74.519641,55.750093,-52.071359,False
250,5,1020,r,5,1,12,3752.1401,4371.59932,15.181989,14.000444,5.931604,-173.820621,-68.57867,115.647288,-18.913527,True
250,5,1023,r,4,1,63,2862.4827,4116.2233400000005,6.304059,4.210647,4.695885,-212.612715,-78.316893,37.003475,-36.919207,False
250,5,1054,l,1,4,48,2282.438,6704.00035,18.837869,-17.484941,7.122385,-54.468636,-82.18443,-108.511013,-37.05684,True
250,5,1080,r,4,3,67,383.6973,15732.4124,14.982315,13.798536,5.894485,126.952729,-68.609532,40.043835,-51.275855,True
250,5,1089,r,4,1,63,2203.869,6548.58935,14.114548,11.570088,8.139891,-4.400661,-69.71212,60.271621,-26.730167,True
250,5,1096,r,4,3,67,782.50433,12807.8125,6.046978,5.704507,2.009451,-177.219123,-71.709449,46.67179,-55.235046,False
250,5,1102,l,7,1,27,2968.6738,3192.86888,14.342734,-14.04874,-2.918623,-17.90918,-81.190425,-77.048651,-97.372793,True
250,5,1124,r,4,3,67,2267.6223,6598.10046,6.917061,6.46637,2.461206,-225.059595,-74.870681,58.377411,-52.590341,False
250,5,1125,l,2,4,4,3412.1436,4099.28182,7.013116,-5.829961,3.904872,-150.385009,-76.070446,-44.965355,-45.854098,True
250,5,1129,l,3,3,23,1855.5038,9456.64294,9.519789,-5.37256,7.870442,-228.077203,-68.331557,-48.722393,3.601209,False
250,5,1171,l,2,2,10,541.5932,15405.6362,24.211643,-19.649364,14.435164,119.097196,-75.274329,-61.021717,-28.561977,True
250,5,1178,r,5,3,18,382.12,17376.1028,30.554573,30.348578,3.723978,119.979081,-69.611924,99.545672,-56.788484,True
250,5,1204,r,4,4,54,2049.4724,6081.46623,14.702321,13.070138,6.792164,-0.468994,-76.286914,67.434686,-40.770791,True
250,5,1247,l,2,1,17,695.77826,14536.4606,24.015855,-18.434949,15.667988,95.375,-76.867846,-64.875,-19.325664,True
250,5,1253,l,2,3,24,1928.2152,7114.24277,9.965832,-9.909248,1.065813,-129.464806,-73.862973,-73.278095,-65.941025,False
250,5,1255,r,4,3,67,2317.724,6141.64325,5.780638,5.143993,2.640807,-236.188897,-78.951912,47.368371,-54.584131,False
250,5,1283,r,8,2,20,2685.438,5494.38119,2.779631,2.579387,1.036259,-144.063517,-74.286527,19.554232,-66.427181,False
250,5,1293,r,4,2,59,1886.0222,6901.75018,9.558292,8.655793,4.069945,-257.107344,-76.524558,83.287226,-37.147371,False
250,5,1315,r,4,2,59,288.39612,20183.0879,24.169458,21.171255,11.937525,112.175326,-67.411258,68.871029,-27.094921,True
250,5,1360,l,1,3,41,1609.5934,8236.77824,20.09053,-19.567252,4.647439,-110.75907,-69.921311,-142.445839,-35.346274,False
250,5,1404,l,2,2,10,2813.1694,4804.28448,10.029463,-8.791344,4.846349,-34.908716,-66.933421,-50.248266,-39.057874,True
250,5,1420,r,5,3,18,417.75864,11582.4294,26.02783,25.496711,5.415604,20.358988,-65.458219,128.593165,-37.137379,False
250,5,1459,l,2,4,4,2644.2817,5400.69069,6.831679,-6.742152,1.104927,-232.088399,-73.467567,-61.720726,-63.327922,False
250,5,1470,l,7,2,46,288.97665,16220.485,18.873674,-16.986856,-8.349849,119.298312,-73.053542,-52.145927,-99.250862,True
250,5,1472,r,4,3,67,304.9876,16483.895,19.60931,18.726463,5.924906,138.071478,-70.458631,51.503189,-53.810266,True
250,5,1500,l,1,4,48,2101.6096,7008.6636,21.499545,-20.455167,6.766096,-23.465878,-77.965423,-116.9206,-38.272172,True
250,5,1508,l,2,3,24,531.77484,15443.3525,26.198723,-25.384437,6.707376,107.754631,-68.196535,-86.475806,-44.473412,True
250,5,1516,r,5,1,12,1539.3073,8348.88783,15.05967,14.383871,4.508538,-179.471889,-65.687148,120.399035,-27.470544,False
250,5,1524,l,1,4,48,1311.6508,10088.24203,16.000741,-15.64451,3.400273,-147.366455,-70.58937,-122.481241,-43.603179,False
250,5,1528,l,1,2,29,2050.4922,8364.98059,13.785229,-12.401198,6.067951,-227.813276,-74.864362,-113.859981,-18.504006,False
250,5,1537,l,2,2,10,2282.0996,6677.12162,11.386357,-9.778438,5.862235,-55.271222,-72.641052,-59.504895,-36.668115,True
250,5,1542,r,4,3,67,2227.2334,6472.65827,5.110057,4.975306,1.167236,-159.952616,-66.235891,39.170351,-57.033465,False
250,5,1557,r,4,3,67,2712.469,4567.20737,6.52375,5.865038,2.861691,-215.537928,-74.518234,51.930506,-49.114675,False
250,5,1584,r,4,4,54,2372.8137,5921.77919,14.647094,14.469623,2.297846,2.188251,-70.4931,74.270405,-58.565894,True
250,5,1585,l,3,3,23,3745.4062,3355.51017,4.484568,-3.841661,2.31539,-92.302105,-58.633428,-25.671698,-43.140921,True
250,5,1612,l,7,2,46,2289.1106,5209.3805537,8.480008,-7.585471,-3.802072,-108.168371,-74.65643,-53.024241,-101.350808,False
250,5,1621,l,8,1,1,2737.207,5202.61644,13.061474,-12.93764,-1.809818,137.342164,-70.729049,-35.068875,-75.67834,True
250,5,1658,l,1,4,48,804.31335,14405.7975,31.687617,-31.327661,5.025137,95.459675,-67.79519,-118.411047,-47.769529,True
250,5,1683,l,7,1,27,2402.512,4795.16715,14.261913,-13.676896,-4.081972,-14.654684,-69.789341,-74.136667,-92.165392,True
250,5,1705,r,4,3,67,1251.4084,9411.2663,14.005652,12.841105,5.639046,89.474676,-66.521678,45.709547,-46.214131,True
250,5,1716,l,2,4,4,3371.5105,4213.73057,6.545359,-5.776929,3.082376,-185.152047,-78.965247,-48.070889,-53.247901,False
250,5,1754,l,6,1,57,1035.0154,8455.92074,27.864644,-27.353158,-5.532248,39.434187,-72.815782,-129.621203,-100.139945,True
250,5,1782,r,4,3,67,3907.5383,3527.88193,5.593322,5.140977,2.20651,-227.163241,-74.531435,46.528426,-54.524697,False
250,5,1783,l,2,2,10,1904.4392,9848.09357,9.184311,-7.339362,5.53654,-186.268668,-64.137854,-61.344018,-17.590456,False
250,5,1810,r,5,1,12,2470.111,6221.50723,20.369713,18.896918,7.747694,-49.637484,-69.512826,116.263493,-20.671716,True
250,5,1844,r,10,2,31,1451.4818,8812.79945,27.288364,26.691512,-5.896803,26.498369,-64.675476,132.478607,-95.13689,True
250,5,1851,r,10,1,37,1698.1174,7560.03154,24.402729,24.004486,-4.526757,28.61427,-74.438413,116.400947,-97.091965,True
250,5,1871,r,4,4,54,2214.3467,6444.88617,8.598097,8.529132,1.090862,-238.700339,-73.33737,79.289639,-63.15757,False
250,5,1891,l,2,3,24,432.74387,16110.9612,22.765333,-21.730805,6.955353,122.832407,-66.586511,-66.628198,-44.632968,True
250,5,1916,l,2,1,17,3111.0652,5398.90074,8.219792,-7.053964,4.230499,-244.635437,-74.809072,-66.156178,-34.960142,False
250,5,1948,r,10,2,31,2714.136,5511.77448,19.551297,19.424504,-2.267235,-104.016179,-70.970051,138.944436,-87.51121,True
250,5,1957,l,1,4,48,2751.9404,7534.71504,18.543077,-17.902518,4.9129,-41.527781,-66.779717,-107.096643,-36.832554,True
250,5,1979,r,10,2,31,2451.7305,8127.24315,24.417184,24.195246,-3.388179,-18.975143,-78.628492,138.82812,-98.682709,True
250,5,2036,r,10,1,37,2898.322,4707.90404,17.667539,16.634349,-6.039174,-23.761662,-69.90669,93.741268,-104.551111,True
250,5,2041,l,1,3,41,2242.2168,6364.64372,19.892305,-19.708936,2.749971,-116.546783,-68.622098,-145.636361,-47.87931,False
250,5,2071,r,5,3,18,474.52805,17442.761599999998,30.4935,29.569961,7.809674,82.53472,-72.280504,117.712854,-39.564469,True
250,5,2077,r,4,1,63,374.3281,16987.507700000002,17.027385,13.203304,10.84898,114.843338,-64.537739,41.09328,-30.058167,True
250,5,2093,l,7,2,46,426.57617,13928.6364,21.19638,-19.257071,-9.030548,138.257138,-68.741059,-53.011992,-94.28705,True
250,5,2098,r,5,2,5,2148.2327,7524.5442,17.807333,16.161904,7.57806,-138.605633,-68.711936,124.212472,-9.344513,False
250,5,2102,r,4,1,63,3025.7546,4038.07247,6.769282,5.679079,3.68997,-190.306741,-68.854885,47.763865,-37.726491,False
250,5,2103,l,1,2,29,1851.6946,10412.40579,16.734715,-14.911699,7.683256,-134.222963,-76.903363,-112.969758,-17.6779,False
250,5,2113,r,4,2,59,308.42773,20653.9857,17.713917,14.036243,10.916315,-0.0,-72.211313,72.5,-14.559121,False
250,5,2144,r,4,4,54,2846.0322,4966.97115,14.109544,13.168062,5.113076,-60.961938,-75.644251,82.111011,-43.392983,True
250,5,2215,r,4,3,67,2567.1028,5377.31443,8.223771,7.115444,4.133866,-176.007642,-74.815137,58.171882,-40.873023,False
250,5,2224,l,2,2,10,2208.1982,6116.87874,8.44311,-6.279591,5.655182,-246.837852,-70.591998,-59.073907,-17.111653,False
250,5,2226,r,5,3,18,1268.3873,9458.1046,27.325494,26.500183,6.920316,53.642141,-70.652755,117.844624,-38.597301,True
250,5,2230,l,1,3,41,998.63403,12707.4818,30.642996,-30.180987,5.570209,51.679659,-68.488959,-138.599895,-41.601764,True
250,5,2233,l,2,1,17,1674.843,8677.48915,21.845503,-18.816555,11.305002,38.573118,-75.610896,-85.673764,-22.510109,True
250,5,2250,l,2,4,4,2213.6528,6582.40732,6.919928,-6.628504,1.991493,-245.676603,-76.572475,-62.249973,-57.820518,False
250,5,2250,r,2,4,4,2213.6528,6582.40732,10.813705,10.788986,-0.735122,-152.835534,-76.48748,84.387174,-82.271752,False
250,5,2266,r,10,1,37,3521.1482,3712.43879,15.418694,15.322147,-1.743782,-76.982481,-79.99719,100.547532,-91.581409,True
250,5,2271,l,6,1,57,2498.9763,6514.69224,20.943462,-20.650092,-3.572086,-42.527023,-75.46404,-125.320589,-97.64748,True
250,5,2276,l,2,1,17,2898.0955,6352.261570000001,9.640223,-8.686569,4.196739,-244.389755,-76.552767,-81.644926,-36.885201,False
250,5,2295,r,4,2,59,2547.9917,4624.80116,8.419484,7.415962,3.997571,-214.684457,-68.655983,65.690045,-33.088995,False
250,5,2301,r,4,2,59,754.1661,12806.0893,22.781869,19.553753,11.926684,73.836477,-76.870562,76.775823,-28.418264,True
250,5,2337,r,5,3,18,1280.6766,9578.3122,24.598869,23.076331,8.763073,57.067084,-76.17519,99.240595,-37.145997,True
250,5,2359,r,10,3,43,626.59625,13286.714,30.695649,29.34559,-9.433657,99.944777,-72.282462,106.852957,-108.50925,True
250,5,2415,r,4,3,67,1899.8102,7681.52906,7.91358,6.896094,3.891252,-118.903106,-72.782512,49.454429,-44.766334,False
250,5,2423,l,2,3,24,2093.1443,9032.33486,17.824659,-16.761469,6.152941,0.377645,-74.841451,-87.229662,-42.233673,True
250,5,2433,r,5,2,5,487.47562,18266.3272,34.20722,32.234365,12.122954,102.627337,-66.354841,118.151873,-18.77356,True
250,5,2439,l,1,3,41,3113.0732,4670.2270100000005,17.04424,-16.662893,3.637212,-130.821518,-72.86661,-125.955488,-44.94384,True
250,5,2507,l,1,2,29,2111.1387,7386.731,21.806171,-20.644749,7.180282,-10.997346,-73.122801,-113.405841,-32.601107,True
250,5,2508,l,1,1,35,1111.4818,11237.3474,16.049165,-15.387894,4.615551,-168.327097,-68.119128,-126.140135,-29.742039,False
250,5,2550,l,1,2,29,2317.465,7722.54615,20.492813,-19.25249,7.158367,-36.601638,-71.114688,-114.070322,-27.666539,True
250,5,2564,r,4,3,67,3811.8403,3483.98043,6.186646,5.467651,2.899122,-249.691312,-73.14183,51.658844,-45.685614,False
250,5,2565,r,4,1,63,2807.6409,5118.17861,7.86235,6.295118,4.719936,-256.208442,-76.057799,60.254863,-30.686368,False
250,5,2566,r,5,1,12,952.4903,12038.375,27.442659,25.554085,10.359298,58.934323,-76.516894,110.480535,-29.69818,True
250,5,2568,r,4,2,59,2044.9391,5026.5728,10.178597,8.050091,6.249593,-153.915835,-64.781534,62.784114,-15.684227,False
250,5,2599,r,3,2,9,2916.3096,3942.37316,7.037435,2.776447,6.469129,-179.186016,-67.958346,22.753696,-14.694895,False
250,5,2630,r,4,1,63,3582.0813,3245.34213,7.557408,4.654254,5.960753,-279.134744,-73.338011,46.333942,-13.717066,False
250,5,2638,r,4,3,67,2106.7603,6848.11672,7.09561,7.00018,1.162713,-194.197342,-70.011073,59.4535,-60.110018,False
250,5,2643,l,1,1,35,3007.6707,3704.33196,18.911251,-17.927563,6.121248,-110.506466,-69.778495,-129.572863,-24.634576,True
250,5,2666,l,7,3,33,309.74396,16250.9337,28.244194,-24.885792,-13.806408,117.445944,-66.656552,-80.044923,-113.400617,True
250,5,2685,r,10,1,37,1224.5321,8622.3164,20.876611,20.450646,-4.288587,7.073216,-77.038799,105.504302,-99.682658,True
250,5,2695,l,1,1,35,693.771,17916.5212,35.118681,-33.908076,9.743458,83.057814,-62.348208,-139.101722,-19.53172,True
250,5,2701,r,4,3,67,2685.6304,4881.64688,6.82007,6.293968,2.631961,-208.701854,-76.545473,55.004053,-53.481765,False
250,5,2758,r,3,4,3,3202.2588,4723.05044,5.948142,5.243427,2.812288,6.000036,-57.025486,26.063076,-43.015889,True
250,5,2795,l,2,4,4,2984.8152,6105.80732,6.614707,-5.464054,3.733733,-227.122001,-74.18614,-49.465768,-40.28558,False
250,5,2815,r,4,1,63,900.03925,11649.4221,18.701322,14.568191,11.855715,91.318238,-73.272907,51.634952,-30.178937,True
250,5,2828,r,4,3,67,3326.5398,4159.6899300000005,5.104904,4.911244,1.394447,-278.594901,-75.165655,48.858188,-61.273627,False
250,5,2830,r,4,3,67,3098.9014,4428.0311,8.537155,8.157666,2.525604,-39.251299,-68.896923,47.197538,-54.225628,True
250,5,2840,l,1,4,48,604.2947,16709.8043,30.970432,-29.771212,8.955742,94.463533,-79.9438,-111.854358,-44.443122,True
250,5,2858,l,6,1,57,2712.2983,4565.11373,19.513909,-19.279048,-3.077533,-76.410966,-74.871932,-128.16489,-95.742315,True
250,5,2879,l,3,3,23,3827.1846,3519.5364,4.811152,-2.061832,4.347896,-297.288999,-74.999141,-21.143162,-30.317982,False
250,5,2893,l,1,3,41,330.09195,22110.01984,37.212897,-36.6724,6.816582,101.055198,-75.534564,-140.693583,-47.374991,True
250,5,2895,l,1,4,48,2728.4175,5529.1511,11.18436,-11.097604,1.39916,-257.226424,-71.885772,-107.337788,-58.265175,False
250,5,2907,r,10,1,37,2697.3018,6246.3666,19.805037,19.56251,-3.15229,-3.852298,-83.165534,104.419492,-100.340374,True
250,5,2924,l,2,1,17,3560.3381,3780.63734,10.977849,-9.490918,5.542318,-129.767069,-76.149846,-70.176516,-34.852655,True
250,5,2925,r,4,2,59,2126.1672,6383.55107,10.015144,7.711421,6.409812,-181.429856,-81.222522,63.835508,-27.778118,False
250,5,2975,r,4,4,54,337.00552,18453.31404,25.57373,24.375442,7.984468,118.262988,-73.950889,77.814624,-47.504923,True
250,5,3025,r,10,1,37,377.85623,15854.8274,30.568291,30.225916,-4.794643,121.962785,-75.980232,97.901773,-92.292601,True
250,5,3047,l,7,2,46,3160.085,3965.67206,8.543866,-8.445661,-1.2964,-47.687035,-74.693038,-50.140299,-82.418779,True
250,5,3075,r,4,1,63,2495.3467,5474.80984,9.017994,6.346734,6.41966,-135.845584,-72.597202,47.365398,-24.387529,False
250,5,3080,l,7,2,46,1236.708,8109.8998,8.961531,-8.508081,-2.824951,-49.375832,-74.978047,-50.768992,-91.910785,False
250,5,3090,r,4,2,59,282.81024,19313.1065,24.124131,20.278579,13.352402,124.6449,-73.481623,61.096438,-31.640229,True
250,5,3121,r,5,3,18,508.1679,16055.8448,30.992598,30.306424,6.817907,117.092379,-74.751424,101.065065,-50.806258,True
250,5,3160,l,2,4,4,2561.054,5677.78929,7.361394,-7.005589,2.2666,-60.858994,-77.617059,-43.114808,-63.625506,True
250,5,3184,l,7,2,46,903.4288,10396.8658,17.422792,-15.75031,-7.544811,130.874494,-69.189125,-44.878965,-91.087209,True
250,5,3212,l,1,4,48,501.12653,17518.1975,30.637452,-29.130171,9.937949,96.955981,-75.639715,-107.580106,-36.918792,True
250,5,3213,l,1,3,41,3041.4314,3995.71623,19.756993,-19.663662,1.957238,-107.008482,-67.417233,-141.865609,-53.009873,True
250,5,3216,r,8,2,20,3381.391,3715.44243,2.48668,2.461165,0.355421,-200.521679,-64.845364,21.083537,-61.799682,False
250,5,3237,r,4,3,67,413.0571,16122.2634,16.245386,15.943371,3.159188,111.884535,-67.113841,50.883324,-56.889617,True
250,5,3246,r,5,1,12,1046.7823,11330.1709,16.909793,15.284698,7.321066,-122.477203,-68.458936,112.722596,-13.521999,False
250,5,3258,r,5,2,5,2914.9866,5549.28683,19.113267,18.130711,6.153678,-75.22697,-63.411998,119.59129,-21.977107,True
250,5,3271,r,3,4,3,3339.6812,4003.20559,7.451378,6.804406,3.044127,63.086362,-57.352288,27.075511,-45.1994,True
250,5,3284,l,2,3,24,2146.8604,6432.728700000001,8.152343,-7.954614,1.790369,-174.470717,-75.226479,-64.901957,-60.566998,False
250,5,3286,l,7,2,46,1919.2931,5628.92655,11.600491,-10.034745,-5.850316,9.108534,-68.292709,-49.704394,-97.52099,True
250,5,3292,l,1,1,35,1400.554,10738.9592,27.825464,-25.568183,11.368431,5.427584,-83.54484,-136.150003,-20.116764,True
250,5,3293,l,1,3,41,2045.8027,8756.92164,23.71457,-23.361409,4.196754,-19.919546,-67.598763,-133.866405,-42.826568,True
250,5,3303,l,7,1,27,2213.978,5877.97783,11.654756,-11.634049,-0.69926,-109.191002,-73.821947,-82.189398,-78.796263,False
250,5,3305,l,1,1,35,341.93927,22048.573,36.521898,-33.892686,14.503829,107.017687,-72.350537,-122.925111,-15.325561,True
250,5,3306,l,2,4,4,2177.3362,5826.29363,6.309824,-5.634628,2.84446,-164.361665,-80.767185,-44.827811,-58.082153,False
250,5,3310,l,2,1,17,2038.0951,5645.88077,12.69692,-11.534767,5.343021,-99.402557,-68.230939,-79.470946,-31.061541,False
250,6,16,r,5,1,12,834.3291,13662.692018,28.279425,23.247285,16.571326,65.95499,-82.632719,96.244757,-10.072939,True
250,6,55,r,5,2,5,1379.646,10847.25404,28.100781,26.903988,8.434682,20.141236,-72.737644,136.930784,-27.864659,True
250,6,76,l,1,3,41,1513.7433,9539.3072,26.9617,-26.532213,4.977179,1.616965,-79.990391,-143.984977,-51.919556,True
250,6,79,r,4,2,59,3574.2524,3592.92126,10.92604,8.711489,6.620186,-225.774427,-77.01016,79.030424,-16.450226,False
250,6,89,l,7,1,27,2381.1462,5041.54432,13.968065,-13.576673,-3.314702,-3.218015,-67.622686,-70.810552,-85.093208,True
250,6,91,l,2,4,4,2647.6433,3506.0229,5.168418,-4.978575,1.389678,-200.939468,-75.061311,-42.766658,-63.106405,False
250,6,97,r,4,3,67,584.3817,13906.9516,16.465151,16.073069,3.619846,139.880834,-62.785854,43.253241,-52.90261,True
250,6,104,l,2,2,10,600.37744,15080.1363,19.478085,-15.30846,12.190596,111.844884,-64.170662,-48.766001,-24.266921,True
250,6,120,r,10,2,31,956.0302,11028.4432,31.23648,30.102322,-8.762191,86.938552,-69.351111,117.721598,-105.528721,True
250,6,192,r,3,4,3,1837.9707,7529.02814,9.018633,4.388735,7.886481,-36.393852,-75.420608,25.050088,-30.075253,True
250,6,213,r,4,1,63,626.87915,14613.2627,21.275366,19.548463,8.565762,148.096649,-59.862925,50.385733,-37.181398,True
250,6,219,r,4,1,63,2596.8726,6147.95343,6.333127,4.94674,3.959449,-188.786664,-69.74837,41.439974,-36.484945,False
250,6,228,l,7,1,27,1602.583,7180.46774,11.312251,-11.289917,-0.715136,-118.235026,-74.339608,-81.498701,-79.535802,False
250,6,229,r,4,1,63,1168.3373,8795.003,14.073472,11.38015,8.334991,77.365278,-72.328894,42.798024,-40.551453,True
250,6,267,l,2,2,10,1023.1713,12166.5828,17.561275,-10.400896,14.228761,56.155298,-83.709666,-42.922315,-23.422343,True
250,6,270,l,7,4,39,1239.267,7589.31856,14.5017,-10.597173,-9.956631,68.121501,-70.239971,-41.5121,-109.865833,True
250,6,312,l,1,4,48,1805.5208,8408.29869,14.812917,-14.371786,3.626475,-121.051584,-68.925523,-105.324382,-42.032037,False
250,6,329,l,2,1,17,1367.2229,12046.69375,16.289932,-13.605503,9.044223,-49.176654,-70.21863,-82.089955,-14.671186,False
250,6,329,r,2,1,17,1367.2229,12046.69375,14.881697,13.356658,6.622896,-78.826652,-74.830308,87.572121,-30.815688,False
250,6,343,l,2,1,17,2301.4187,5785.97914,16.233347,-14.673917,7.020043,-3.305811,-75.808284,-76.804641,-38.472943,True
250,6,352,r,4,3,67,1140.6595,9196.3476,9.463935,8.362436,4.447068,6.335033,-72.990987,41.697987,-50.692658,True
250,6,364,r,5,1,12,1370.5771,9319.7551,26.508222,23.457009,12.712802,45.863107,-70.895245,105.935994,-10.85774,True
250,6,384,r,5,1,12,1831.6388,8318.21936,23.744977,22.301072,8.370514,25.935365,-59.919528,108.306572,-17.923511,True
250,6,390,l,1,4,48,1108.0114,11637.8447,15.257283,-14.426261,5.02024,-132.774091,-74.813493,-108.756509,-36.465925,False
250,6,404,l,7,2,46,3096.5076,4101.435750000001,5.38863,-5.229084,-1.303355,-262.138414,-71.918663,-50.531135,-84.533281,False
250,6,413,l,2,2,10,1884.2749,7966.62511,15.734485,-13.585415,8.013747,47.854533,-66.456217,-58.515909,-31.384362,True
250,6,426,l,2,4,4,1681.7837,6745.41753,9.104467,-8.999903,1.381589,9.596816,-72.792196,-44.411016,-65.94515,True
250,6,470,l,1,2,29,1448.5125,10689.1988,26.50172,-23.781763,12.051158,36.6546,-71.41109,-111.642324,-12.305634,True
250,6,499,r,4,1,63,1962.0856,7028.04789,9.880195,6.900579,7.088278,-96.047918,-69.260618,46.720892,-20.905737,False
250,6,521,r,4,2,59,1435.4788,9134.5009,16.799316,13.65825,9.875588,28.000175,-77.162497,63.666449,-30.22387,True
250,6,534,l,1,4,48,3183.4536,4575.17929,11.169588,-10.98656,2.026237,-244.575616,-74.359673,-103.780843,-55.093671,False
250,6,593,r,5,3,18,3538.982,3921.3173,14.954476,14.77386,2.343428,-161.574594,-77.552829,119.09078,-58.44104,True
250,6,610,l,2,3,24,2393.0225,5232.24948,7.156176,-7.067149,1.128146,-232.820379,-75.048299,-64.816331,-64.673892,False
250,6,612,r,4,4,54,2438.5217,5208.9457,10.669259,10.337097,2.655979,-151.847342,-70.955613,80.592835,-50.120666,False
250,6,656,r,5,1,12,540.34625,16143.7387,31.335238,28.393248,13.846929,103.673653,-75.530595,100.717905,-23.32217,True
250,6,666,r,5,3,18,2386.5315,8108.63249,20.147381,19.873873,3.377494,-20.176779,-74.114615,112.122475,-54.649715,True
250,6,709,r,4,3,67,3600.6436,3972.62804,8.257197,7.057233,4.297709,-183.316994,-79.292081,58.596007,-43.450697,False
250,6,769,l,2,1,17,1095.4307,10221.6311,12.209999,-10.182566,6.77377,-114.524756,-79.648231,-72.658428,-30.830485,False
250,6,774,r,10,1,37,1638.7653,8219.4264,25.837932,25.609195,-3.552448,48.930064,-69.950419,115.548933,-86.546771,True
250,6,810,r,4,1,63,1693.7689,8744.548060000001,16.952615,12.319332,11.737146,36.262523,-74.165313,55.413405,-20.204709,True
250,6,857,r,4,3,67,2004.1083,6627.74583,9.463881,8.336305,4.495994,-79.152258,-84.790114,54.092401,-55.453201,False
250,6,867,r,8,2,20,382.08206,8013.986201,10.127788,7.970467,6.268793,-19.728909,-72.868103,43.366768,-38.512573,False
250,6,871,l,2,4,4,439.76392,17388.0252,20.90508,-19.944783,6.394891,147.909784,-66.805856,-51.561589,-49.864609,True
250,6,901,l,2,1,17,590.2366,15995.9827,25.699163,-21.290505,14.741077,102.611562,-74.164138,-73.023927,-21.248679,True
250,6,912,r,5,3,18,281.54904,18486.7508,31.511349,31.164576,4.916005,107.589646,-72.981974,110.317551,-54.646458,True
250,6,945,l,8,1,1,2204.9866,5278.3318,3.339019,-3.03063,-1.4022,-159.12284,-70.220643,-23.778298,-81.229621,False
250,6,970,r,4,3,67,415.19635,16015.8067,15.502033,14.230146,6.214002,108.351641,-69.875158,46.065807,-49.47083,True
250,6,975,r,4,4,54,1193.306,9558.3306,10.018401,9.683014,2.582875,-119.967561,-72.631468,69.951955,-53.870453,False
250,6,980,l,1,4,48,1461.1763,9563.0742,15.116592,-14.750433,3.344296,-128.001239,-77.882597,-110.053923,-52.62413,False
250,6,983,r,4,4,54,2210.1218,5816.50384,12.319971,12.13499,2.143034,-26.420277,-76.611386,68.03677,-64.500174,True
250,6,1008,r,5,1,12,688.5307,15328.7813,23.101149,21.272896,9.223848,-8.546246,-76.723454,116.235652,-24.697058,False
250,6,1018,r,10,2,31,3408.0715,4129.54834,15.071827,14.861892,-2.535545,-196.241122,-75.544873,129.032519,-97.8221,False
250,6,1085,r,10,1,37,1227.7859,11446.50856,28.12373,27.229385,-7.321672,84.545517,-75.733348,105.722499,-105.421673,True
250,6,1093,r,5,2,5,450.57675,18999.4328,36.996228,34.302739,14.797279,95.02397,-75.552939,133.01729,-13.203625,True
250,6,1136,l,2,4,4,502.50153,15961.7456,22.857304,-21.98387,6.419491,141.781387,-71.337813,-59.835674,-53.35374,True
250,6,1150,r,4,2,59,786.843,12176.5096,23.587899,20.1864,12.466031,96.742704,-71.13949,71.052761,-25.619504,True
250,6,1170,r,4,3,67,869.5606,11056.4418,13.890037,13.57823,2.954463,113.017771,-68.961861,42.745331,-59.565017,True
250,6,1207,l,1,4,48,1806.5942,7660.10031,12.670461,-12.468852,2.269337,-234.165227,-69.24924,-115.905706,-47.975786,False
250,6,1234,r,10,2,31,1806.9476,7399.02089,17.087612,16.974932,-1.988608,-165.087906,-78.47465,138.916646,-94.995862,False
250,6,1243,l,7,3,33,1002.96277,8705.5288,23.121343,-20.461051,-11.006754,91.723445,-68.11893,-73.978976,-109.281168,True
250,6,1264,l,7,2,46,346.5249,15319.9781,12.618048,-12.109706,-3.572224,92.56072,-75.905428,-42.3623,-88.51168,True
250,6,1282,l,7,2,46,1355.8658,6485.03102,7.730093,-6.946788,-3.398994,-84.052601,-77.300987,-45.575294,-99.681515,False
250,6,1286,r,5,2,5,1899.4584,8069.64386,18.661338,17.391772,6.872614,-130.76018,-74.269155,131.791894,-21.126096,False
250,6,1337,l,7,1,27,297.96472,15916.698,20.500051,-18.962393,-7.937239,82.863232,-67.594839,-71.170866,-98.131854,True
250,6,1343,r,4,1,63,1447.3518,8525.72586,16.001212,12.232631,10.3948,64.816445,-75.333033,48.820664,-33.065576,True
250,0,3,r,4,3,67,3365.729,4189.83295,7.720822,7.495212,1.858117,-121.752615,-76.28536,54.173256,-62.812312,True
250,0,24,l,1,2,29,1681.1138,9102.7186,25.48336,-22.820103,11.658838,22.0625,-72.166265,-112.741194,-12.184875,True
250,0,39,r,4,3,67,577.68677,14261.3921,20.080085,18.797067,7.193897,135.073564,-65.509907,52.732412,-44.853203,True
250,0,71,l,6,1,57,2297.987,5327.39995,19.816943,-19.594515,-3.020733,-65.301439,-75.734606,-126.478824,-95.636625,True
250,0,90,l,6,1,57,1529.4088,6922.8799,27.658564,-26.963617,-6.406018,15.825148,-70.513405,-139.479837,-105.050581,True
250,0,90,r,6,1,57,1529.4088,6922.8799,4.757638,4.689983,-0.800381,-108.939803,-62.431842,32.728604,-68.023831,False
250,0,108,r,4,3,67,1314.8359,8465.12649,9.960126,8.956229,4.375654,-1.49184,-77.703941,45.939527,-55.124155,True
250,0,116,l,1,2,29,1447.433,9503.3628,13.052474,-12.066428,5.014117,-223.821207,-71.184303,-109.838858,-25.084673,False
250,0,146,l,2,1,17,1809.3539,7457.58716,11.61591,-10.083143,5.797196,-130.410038,-72.929222,-74.75883,-29.576721,False
250,0,149,l,2,2,10,3255.458,3227.87596,6.821199,-5.596777,3.90556,-201.491703,-70.708222,-48.16327,-36.993035,False
250,0,196,r,3,4,3,3307.71,3204.769,4.071892,3.07793,2.667113,-130.404429,-65.147047,22.605882,-45.534821,True
250,0,209,l,1,1,35,452.1087,19808.28397,34.533327,-32.062209,13.575072,80.297696,-74.272871,-131.353343,-14.523702,True
250,0,233,l,1,1,35,491.67523,18853.0487,36.200009,-35.101903,9.478861,109.773758,-70.522968,-126.674065,-33.742562,True
250,0,305,l,1,3,41,1609.2834,8388.75574,19.831428,-19.601561,3.071716,-91.247548,-76.614163,-135.767849,-54.896724,False
250,0,322,l,3,3,23,1148.7725,9870.2933,9.804971,-6.298281,7.529803,27.744396,-62.319133,-28.945323,-27.443239,True
250,0,363,l,1,1,35,3718.749,3755.40551,16.889982,-15.862158,5.878036,-208.451204,-70.182788,-141.631707,-16.834585,False
250,0,379,r,10,2,31,946.59534,11575.2206,32.862358,31.20678,-10.862971,87.647504,-60.403835,122.581758,-105.804519,True
250,0,388,l,2,2,10,1421.0123,8805.59624,8.090693,-5.683003,5.768193,-142.018439,-80.557361,-42.991739,-36.701266,False
250,0,409,r,4,2,59,1735.3668,8131.4583,13.963002,11.703709,7.668756,-103.16366,-73.64704,81.446823,-19.583528,False
250,0,427,l,2,2,10,1680.141,8185.19499,15.69692,-9.719673,12.385482,-22.926779,-84.11917,-53.600143,-14.400095,True
250,0,526,l,1,4,48,2480.5615,5597.0274,17.94064,-17.164459,5.300369,-34.073345,-71.342943,-100.09721,-39.875975,True
250,0,566,l,1,4,48,468.40457,20382.91467,31.72844,-30.965935,7.285727,122.825148,-64.642008,-100.313557,-39.716143,True
250,0,626,l,7,1,27,2159.1265,5049.36986,15.658866,-15.118455,-4.126696,0.411619,-78.806683,-78.237019,-100.449346,True
250,0,641,r,10,4,50,3126.7083,2443.16118,21.946258,21.180471,-5.883745,-44.506751,-72.726434,129.615466,-109.695829,True
250,0,644,l,2,2,10,1393.1755,8767.28117,14.350791,-12.048075,7.855085,63.47777,-71.280987,-48.347475,-39.325513,True
250,0,654,l,3,3,23,1428.3778,10246.4305,6.154479,-4.870835,3.766533,-23.3985,-48.493591,-26.707039,-27.786764,False
250,0,663,l,2,2,10,2574.9502,5978.24235,13.91451,-9.748835,9.976882,-61.582048,-81.689795,-60.405486,-18.936462,True
250,0,669,l,1,4,48,1137.3344,12555.48942,16.138729,-15.999494,2.143555,-100.745885,-73.953374,-112.040848,-58.738569,False
250,0,701,l,4,1,63,1702.3286,7732.66022,24.285765,-21.445533,11.676107,-96.590955,-78.128663,-151.857861,7.705007,False
250,0,701,r,4,1,63,1702.3286,7732.66022,10.482277,8.405567,6.285591,-82.648454,-76.545429,55.064932,-35.053815,False
250,0,705,r,4,2,59,584.3256,15828.3163,27.049479,21.704046,16.550185,120.432436,-78.572047,67.492999,-24.337359,True
250,0,709,r,4,3,67,3153.086,4557.6089600000005,7.524472,6.685544,3.460578,-90.386648,-71.294883,44.587865,-48.134644,True
250,0,732,r,10,1,37,2512.0544,4873.99132,22.032604,20.810607,-7.401865,3.500333,-66.134442,108.891711,-105.951395,True
250,0,742,l,7,4,39,571.8953,13261.1324,20.910776,-17.946621,-10.913739,115.039185,-70.470723,-56.66806,-105.931769,True
250,0,743,l,1,1,35,2276.001,7285.19492,23.924071,-22.088197,9.430286,-46.537624,-76.91597,-136.57301,-16.592359,True
250,0,745,l,7,4,39,1504.4154,6843.06916,12.134783,-8.621937,-8.571546,-0.551249,-61.283425,-44.055539,-105.578161,True
250,0,788,l,7,2,46,1157.8696,7253.23589,9.470532,-8.767925,-3.59381,-22.717712,-74.751938,-48.232017,-94.624785,False
250,0,788,r,7,2,46,1157.8696,7253.23589,34.14284,34.080823,2.193744,-90.131657,-73.993898,257.182972,-56.412664,False
250,0,816,l,1,3,41,1843.0598,7259.57395,25.483499,-24.758777,6.234032,-7.965544,-76.861522,-137.419344,-41.018279,True
250,0,822,r,4,1,63,2533.6003,6078.09164,8.93796,7.457492,4.94075,-140.113363,-63.962691,56.3009,-26.463609,False
250,0,856,r,4,1,63,1047.9651,10347.1637,19.248321,14.971855,12.238314,77.266111,-75.25231,56.889885,-27.487199,True
250,0,858,r,4,4,54,1358.7656,10531.10384,20.406234,19.942057,4.418582,81.247948,-78.525554,75.740545,-61.365931,True
250,0,860,r,4,1,63,2133.7642,7104.25917,14.965017,11.518767,9.618832,-1.974976,-74.80936,59.502583,-24.309676,True
250,0,909,l,2,3,24,3059.8933,5227.18116,11.064789,-10.244828,4.202588,-60.984477,-69.721185,-63.435612,-43.512709,True
250,0,915,r,4,3,67,1256.4727,9527.29575,7.538351,5.774898,4.853571,-125.294412,-77.198481,42.000254,-41.754285,False
251,1,68,r,4,2,59,2844.6484,5393.28974,9.970386,8.1116,5.816965,-228.224575,-70.554835,73.861324,-17.226935,False
251,1,77,l,1,2,29,1830.1245,8948.42964,21.78941,-20.055427,8.699384,5.576352,-72.104528,-103.833446,-25.775387,True
251,1,117,l,2,2,10,2730.0054,5405.13668,13.219583,-9.385294,9.351933,-85.96609,-83.575957,-62.141646,-20.819122,True
251,1,133,r,4,4,54,2697.572,4979.2597,12.031412,11.998187,0.900138,-39.721185,-67.405802,70.073499,-62.109633,True
251,1,147,l,1,3,41,3447.0205,5629.49653,16.881917,-16.564888,3.302927,-130.35984,-70.429261,-125.034268,-45.119497,True
251,1,169,r,4,4,54,1772.0125,6707.4256000000005,10.224767,9.450103,3.921886,-87.894924,-71.642759,62.899661,-45.379019,False
251,1,187,l,2,1,17,2165.8152,6662.7513500000005,17.547747,-14.108,10.542685,10.050075,-73.659937,-70.360117,-19.938173,True
251,2,26,r,5,2,5,2937.8037,5407.51399,16.142709,15.116219,5.73178,-208.362845,-71.51435,134.619972,-19.699066,False
251,2,63,r,4,1,63,2649.38,5939.25029,6.222097,4.808387,3.95356,-179.005303,-69.83543,39.452612,-37.306885,False
251,2,78,r,4,1,63,1960.3754,6001.7476,6.978753,4.899689,4.975585,-203.295289,-70.877565,42.287631,-27.774113,False
251,2,138,r,4,3,67,2971.489,4397.09278,4.587339,4.516307,0.804983,-257.930785,-72.859048,43.280002,-65.136354,False
251,2,154,r,4,1,63,2786.1333,5033.05055,6.978383,5.747449,3.964521,-195.71359,-69.26318,48.886942,-35.430924,False
251,2,185,r,5,3,18,1444.8546,10936.94467,22.312376,22.086958,3.245859,51.069045,-74.66664,96.956454,-60.043339,True
251,2,187,l,7,2,46,1240.2866,7877.997829999999,9.111731,-9.054519,-1.023753,-98.452374,-76.984203,-61.90377,-84.013343,False
251,2,207,r,3,4,3,3407.724,4049.5954,7.060054,5.736993,4.121663,33.165412,-63.612979,25.80299,-45.012073,True
251,2,227,l,1,2,29,1106.086,11925.1713,29.618436,-26.565051,13.603378,64.75,-74.308144,-112.625,-13.366607,True
251,2,236,l,7,2,46,2105.8376,5853.04886,7.67831,-7.541458,-1.447405,-10.083012,-81.472624,-39.727594,-89.121085,True
251,2,255,r,4,2,59,2304.255,7526.94875,11.650956,10.029595,5.95951,-192.755123,-74.386025,85.379886,-23.209228,False
251,2,307,r,5,2,5,1150.7568,11577.2879,30.357377,28.339353,11.366125,35.94284,-82.304472,137.020856,-24.279673,True
251,2,315,r,5,1,12,916.21295,13910.3007,29.383169,26.565051,13.041254,68.25,-75.232561,110.875,-17.806729,True
251,2,322,l,1,4,48,2647.1006,5076.50856,13.847395,-13.399139,3.527197,-181.008324,-65.303163,-112.20253,-35.458245,False
251,2,390,l,2,2,10,584.2862,15984.2281,21.923894,-17.208955,13.794478,136.814074,-64.8617,-47.445203,-25.488634,True
251,2,420,l,1,3,41,1500.0833,10654.34017,26.059696,-25.447231,5.813764,-9.163674,-72.922073,-142.355692,-39.188764,True
251,2,432,l,7,2,46,2658.7773,4849.08384,8.157988,-8.112699,-0.861307,-91.801741,-74.087144,-54.424772,-79.885087,True
251,2,454,l,2,2,10,1935.4119,7645.7465,8.816281,-7.178576,5.131554,-216.591565,-70.472181,-63.804963,-24.619441,False
251,2,466,l,7,2,46,3121.2156,3649.28828,8.306647,-7.298161,-3.977804,-134.414125,-70.053174,-54.354855,-99.806937,True
251,2,477,l,6,1,57,1608.4756,9794.54789,24.968428,-24.865352,-2.342112,4.109512,-75.274873,-132.49587,-88.162605,True
251,2,529,r,4,3,67,2141.5557,6182.85409,5.154475,4.538234,2.446541,-205.363046,-74.700814,39.318544,-53.46928,False
251,2,535,l,7,2,46,1241.2137,7627.07689,12.877324,-10.15646,-7.958483,51.622839,-70.667341,-42.703834,-104.523471,True
251,2,540,r,5,1,12,1057.7235,12900.74152,29.0776,27.143097,10.849902,64.565743,-76.963744,115.574594,-28.408998,True
251,2,559,l,1,4,48,2217.9006,9322.94726,22.311695,-21.747096,5.113111,-10.280146,-74.690034,-119.781987,-45.762673,True
251,2,589,r,4,2,59,2120.4443,6769.05096,11.950292,9.582648,7.173812,-104.098644,-70.353385,66.534039,-20.048209,False
251,2,600,l,1,4,48,1037.8977,11238.2571,25.060876,-24.508931,5.400144,69.364045,-74.324251,-100.591135,-51.402088,True
251,2,616,l,1,1,35,1252.6548,9514.4336,19.469995,-18.816123,5.096595,-128.051962,-68.258706,-142.44778,-28.868534,False
251,2,624,l,2,2,10,299.38132,21455.6313,29.309939,-24.332873,16.863757,155.359041,-63.473865,-60.885744,-18.680719,True
251,2,662,l,1,1,35,2172.2766,7523.75584,23.819029,-22.025055,9.303575,-67.83958,-75.176559,-144.758629,-11.940161,True
251,2,677,r,4,1,63,1477.057,8957.89561,6.75285,4.758154,4.797281,-224.950227,-68.509795,42.86286,-25.143376,False
251,2,713,l,2,1,17,3173.4504,5270.901084,9.443053,-7.464822,5.799858,-240.400901,-68.285265,-69.497336,-13.949928,False
251,2,738,l,7,1,27,2736.5579,4387.6867,6.925813,-6.675786,-1.848308,-261.504853,-77.819415,-64.550647,-95.738107,False
251,2,770,l,2,4,4,1126.3502,9243.31024,13.547298,-10.990131,7.970467,83.446381,-74.952257,-40.113034,-45.491287,True
251,2,789,l,7,1,27,2011.8079,4506.5099,11.370132,-10.713135,-3.831471,-123.650392,-69.892091,-78.258271,-98.086357,False
251,2,801,r,4,2,59,2982.5605,5161.63358,10.149837,8.508371,5.554645,-233.410905,-75.290576,78.302469,-23.821509,False
251,2,806,l,7,2,46,1197.5355,7494.12431,15.454877,-14.962752,-3.913977,57.439304,-80.025638,-62.152438,-96.49546,True
251,2,823,r,5,2,5,1398.0548,9288.45834,18.745778,17.229466,7.500508,-128.069635,-71.265462,129.649817,-13.635712,False
251,2,865,l,6,1,57,1549.0769,7604.55029,26.407585,-25.567455,-6.842389,14.217461,-64.819677,-131.940296,-101.503907,True
251,2,904,l,1,1,35,1810.7445,7239.7228,17.85292,-17.363387,4.217539,-171.400118,-62.706175,-144.270295,-27.056556,False
251,2,923,l,7,2,46,3222.313,3956.83094,6.238584,-6.121668,-1.204422,-185.362873,-71.876796,-50.983471,-81.928247,False
251,2,927,l,2,4,4,2547.5447,4194.37855,5.444945,-5.200974,1.613831,-188.988706,-69.281796,-43.599594,-55.730917,False
251,2,929,l,1,2,29,1663.7765,8069.24215,18.622055,-17.420388,6.685665,-96.743588,-73.342651,-121.349244,-25.829569,False
251,2,960,l,2,4,4,718.72504,12437.484706,18.273796,-16.729197,7.460435,126.73818,-75.88989,-49.07159,-53.565906,True
251,2,967,r,5,1,12,344.54196,19456.3284,32.11518,29.657441,12.925283,120.967748,-65.584803,96.24796,-20.944877,True
251,2,969,r,4,4,54,1851.1267,6884.57865,10.450468,10.283493,1.870754,-121.708333,-71.941755,74.69756,-58.274823,False
251,2,1004,l,1,4,48,1938.9285,7990.47021,19.367332,-19.07115,3.438726,-14.860465,-72.151975,-105.395519,-52.769291,True
251,2,1039,l,1,1,35,1997.1897,7489.99785,25.458873,-24.168412,8.254545,-32.596389,-75.992186,-144.766842,-24.695442,True
251,2,1112,l,1,2,29,1086.3444,12513.0777,27.447553,-25.875152,9.490157,67.067765,-74.60837,-108.130625,-33.189294,True
251,2,1118,r,4,3,67,2481.2908,5331.1925200000005,6.386483,5.95896,2.301539,-201.705433,-75.888669,51.324259,-56.019146,False
251,2,1138,r,10,1,37,3264.462,4172.44361,17.940266,17.862306,-1.698612,-62.214024,-79.221873,113.506194,-90.195784,True
251,2,1142,l,8,1,1,761.4398,11568.1257,7.148666,-6.703984,2.487628,67.405062,-75.785402,-26.164586,-66.048277,True
251,2,1156,r,4,3,67,476.06155,14275.3148,18.796683,18.245704,4.596624,117.843607,-75.182953,56.754354,-60.609051,True
251,2,1168,r,5,1,12,1172.468,10556.8817,24.516409,21.957171,11.186554,19.123136,-75.858097,109.205892,-18.099491,True
251,2,1186,r,5,3,18,3197.3354,4146.6475,13.264382,12.779606,3.58318,-179.137381,-77.454699,106.409804,-47.331122,False
251,2,1188,l,2,1,17,588.69714,15980.0908,24.021473,-21.774112,10.40142,116.032759,-65.369449,-69.490769,-30.982652,True
251,2,1203,r,5,2,5,2213.1694,7202.1044,22.362074,20.316791,9.54725,-39.128747,-77.419216,121.858087,-18.390558,True
251,2,1209,l,7,1,27,1836.7004,4992.38926,15.675122,-15.476921,-2.515764,-11.31916,-71.507788,-83.432507,-85.244861,True
251,2,1227,l,1,3,41,987.7346,12483.7411,31.148552,-31.111377,1.603876,65.42845,-66.749804,-135.531049,-59.405356,True
251,2,1236,r,4,3,67,729.42004,11732.268,15.976273,15.761005,2.647598,144.704937,-67.165979,41.007574,-60.184741,True
251,2,1251,r,5,2,5,638.5629,17117.8094,33.704857,30.718544,14.60526,79.168463,-80.697144,125.274915,-16.792289,True
251,2,1282,r,10,1,37,3285.948,4849.27411,18.381567,18.295996,-1.802709,-48.877765,-77.040126,112.046833,-88.273713,True
251,2,1290,l,2,2,10,555.3807,15959.9582,23.220898,-19.664614,12.602314,112.631864,-72.31441,-63.383429,-30.204504,True
251,2,1298,l,1,1,35,1204.6973,10312.8759,28.346567,-26.161156,11.321572,36.877935,-75.963534,-124.338413,-19.501534,True
251,2,1323,l,8,1,1,2556.2305,5004.19661,24.58336,-17.398422,17.644398,-161.577207,-83.573413,-141.502062,66.947074,False
251,2,1332,r,5,3,18,999.26215,11233.8825,25.043348,24.22505,6.550274,54.831436,-77.867982,105.812549,-48.257376,True
251,2,1362,r,4,3,67,2672.8152,4565.72197,6.653626,5.713987,3.414642,-168.295579,-68.307019,45.856978,-40.825164,False
251,2,1400,r,4,3,67,2567.6,4975.11693,6.959337,5.933349,3.643521,-165.613466,-75.527918,47.351106,-46.359423,False
251,2,1404,l,7,3,33,883.7985,9768.7939,21.339476,-19.628679,-8.542224,84.003942,-74.281533,-73.468103,-107.132027,True
251,2,1451,l,1,1,35,331.67947,20727.7342,36.357548,-33.666627,14.618827,106.646836,-77.757741,-122.127122,-20.295796,True
251,2,1476,r,4,3,67,3466.3892,4017.30913,6.200835,5.764918,2.287738,-157.031042,-73.787434,45.131237,-55.837853,True
251,2,1484,l,7,2,46,354.53757,15830.3548,16.549353,-15.311878,-6.355669,106.148665,-70.975727,-50.337002,-92.207605,True
251,2,1486,r,4,4,54,398.273,16371.4521,21.217068,20.922061,3.607657,118.917757,-72.224243,65.405445,-60.676317,True
251,2,1536,r,5,1,12,2960.7192,4450.86485,12.318005,11.601422,4.16875,-220.486951,-69.686398,104.801129,-31.702494,False
251,2,1537,r,5,2,5,1896.3273,7240.815759999999,14.678698,13.595091,5.58805,-229.34432,-78.43162,125.595511,-26.154066,False
251,2,1557,l,2,1,17,2180.1025,6521.70626,15.838461,-13.572934,8.240698,-4.654219,-79.46691,-71.137039,-35.566881,True
251,2,1570,l,2,1,17,2567.2073,5316.78467,9.79724,-8.211064,5.362987,-241.672011,-69.37276,-76.719907,-18.944511,False
251,2,1596,r,4,2,59,3448.1606,5227.14375,8.342111,7.38107,3.898051,-277.179258,-72.919235,73.47318,-33.949296,False
251,2,1612,r,4,2,59,3850.4238,4005.85268,9.218705,7.054102,5.950071,-235.445746,-78.33989,65.020324,-23.158533,False
251,2,1627,r,4,3,67,2554.5752,5508.90042,11.519243,10.811592,3.999095,8.220874,-73.212936,53.811328,-53.157493,True
251,2,1631,r,4,2,59,2172.4675,6737.398,15.287369,13.346037,7.524346,-2.098884,-74.598538,69.297113,-34.945841,True
251,2,1639,l,1,4,48,382.10422,19106.2937,31.474836,-30.348257,8.774877,119.43863,-73.8767,-99.860818,-43.368442,True
251,2,1643,l,2,2,10,1630.3079,8789.12557,16.484596,-14.036243,8.732686,80.5,-71.779996,-52.375,-38.609272,True
251,2,1660,r,10,2,31,1225.1597,9940.49384,32.116152,31.87751,-4.131709,67.414004,-70.578642,138.42639,-89.513382,True
251,2,1710,l,7,2,46,651.54724,11289.387,19.857462,-17.961002,-8.612225,134.169814,-71.395061,-50.515061,-96.205255,True
251,2,1753,r,10,1,37,2053.9768,7569.84131,16.356964,16.204428,-2.259109,-91.264705,-75.861663,110.799593,-91.524557,False
251,2,1774,r,5,3,18,2060.975,6470.44055,14.298197,13.654382,4.283108,-198.726264,-76.424148,118.726465,-38.756961,False
251,2,1780,r,5,3,18,707.4526,15319.50847,31.306028,30.778451,6.026557,91.071892,-68.549104,118.483573,-44.104764,True
251,2,1795,r,5,3,18,2365.4263,6120.96158,12.645584,11.897065,4.317335,-192.385054,-74.335772,101.62867,-37.118843,False
251,2,1810,l,1,2,29,2186.1365,6489.82269,15.229121,-14.352493,5.146722,-165.578423,-72.927213,-116.570095,-30.571468,False
251,2,1833,l,7,2,46,1306.357,7712.20218,8.20158,-8.162432,-0.803117,-85.697368,-80.538238,-53.887384,-85.858646,False
251,2,1839,l,1,2,29,2479.4658,7463.79476,12.434198,-11.192945,5.450354,-230.046691,-73.36797,-102.90547,-22.785802,False
251,2,1859,r,4,3,67,597.9719,13449.7044,17.131716,16.792837,3.440539,130.732504,-76.093521,48.063966,-66.091676,True
251,2,1888,l,2,3,24,1398.5394,9381.55707,10.420464,-9.583439,4.11117,-147.776354,-76.818087,-73.91418,-44.906754,False
251,2,1910,l,7,2,46,2976.7544,4550.76932,3.953716,-3.899293,-0.654252,-280.133524,-72.779375,-38.860739,-79.305031,False
251,2,1957,r,4,3,67,332.39713,16100.934,18.60433,17.736645,5.707946,116.346141,-68.028788,55.542417,-49.805284,True
251,2,1962,l,1,3,41,2226.9312,6607.64216,21.97082,-21.727151,3.345075,-62.191395,-77.737234,-140.347337,-55.577728,True
251,2,1990,l,2,4,4,3031.5413,4840.159942,6.749019,-6.483631,1.877991,-228.112009,-76.937131,-58.88147,-59.839471,False
251,2,2031,r,4,1,63,3149.1897,4447.71417,7.353664,4.792292,5.584184,-226.898237,-77.246907,43.335129,-26.531344,False
251,2,2040,l,1,3,41,702.507,14080.2225,31.113962,-30.380517,7.06195,68.559007,-78.43092,-129.817463,-46.631845,True
251,2,2047,l,2,3,24,2460.7358,4882.23119,10.376998,-10.228974,1.755849,-183.843205,-76.074087,-85.505248,-61.31385,False
251,2,2067,l,2,1,17,2430.6716,6896.8372,12.991232,-11.658769,5.771178,-40.132478,-69.564317,-68.119431,-35.495568,True
251,2,2073,r,5,1,12,2096.0386,7351.37796,22.289826,20.288825,9.431653,-17.358765,-81.525637,113.627314,-27.090939,True
251,2,2075,r,4,3,67,1405.503,8369.39885,9.797381,7.788997,5.961507,-67.260794,-81.617404,48.868747,-43.963029,False
251,2,2101,l,2,3,24,1716.93,6910.12014,9.144591,-8.218902,4.022984,-241.760636,-82.234321,-76.806957,-44.44753,False
251,2,2110,l,3,1,16,592.8912,17671.7915,7.70355,-2.841004,7.163483,-166.199911,-69.759931,-22.639171,-12.353293,False
251,2,2149,r,4,3,67,2800.2532,4530.23922,6.554588,5.067918,4.162216,-151.542856,-74.613912,39.157459,-42.355654,False
251,2,2156,l,2,1,17,2542.7637,7331.14507,15.722685,-12.671058,9.385654,-26.22924,-69.127544,-71.097503,-15.55269,True
251,2,2165,r,5,3,18,1424.9756,8436.4669,21.540295,21.257587,3.561883,46.579283,-75.119503,94.69825,-58.86112,True
251,2,2167,l,7,1,27,3664.0852,2858.89335,8.22084,-8.054392,-1.651355,-235.469102,-78.534171,-74.358621,-93.834142,False
251,2,2201,l,2,1,17,1716.4689,7943.02332,16.999379,-16.141832,5.403442,-14.619103,-67.05093,-88.164769,-37.054935,True
251,2,2201,r,2,1,17,1716.4689,7943.02332,67.522343,67.500453,2.461158,-26.229592,-68.300123,763.462846,-32.781576,True
251,2,2208,l,2,2,10,2620.1804,6073.01673,7.813187,-5.786875,5.258528,-265.699561,-80.119628,-56.317297,-28.712623,False
251,2,2213,r,10,1,37,2032.2979,6479.34723,22.96782,22.032129,-6.656875,32.13263,-71.84415,104.353425,-104.31077,True
251,2,2215,l,1,3,41,1254.4485,9812.24045,27.170923,-26.139462,7.691193,23.488174,-81.57803,-130.790487,-41.485436,True
251,2,2252,r,10,2,31,3016.9905,6634.78029,21.271726,21.018639,-3.348239,-39.344642,-73.85679,126.546506,-94.498312,True
251,2,2272,l,7,2,46,649.5379,12863.981,19.675947,-19.477578,-2.842635,122.351709,-72.102378,-59.29355,-80.932109,True
251,2,2308,l,2,3,24,1356.2836,9031.1757,19.341834,-19.278678,1.592341,49.074373,-71.617156,-84.270315,-64.521845,True
251,2,2317,l,7,2,46,1818.5428,5976.09983,10.314772,-9.885537,-2.959355,-10.812888,-75.726455,-52.422009,-91.51179,True
251,2,2338,r,3,2,9,3534.1006,3440.39175,6.128222,2.593924,5.554076,-214.783951,-68.235624,22.86846,-19.099232,False
251,2,2342,l,2,1,17,2204.2148,6866.85769,10.210488,-8.587081,5.54498,-215.000512,-71.700196,-76.257683,-22.118212,False
251,2,2358,r,10,2,31,3265.4038,4735.184569999999,20.459497,20.067803,-4.069049,-96.331358,-68.249224,141.131083,-97.508453,True
251,2,2383,r,5,1,12,2282.475,6948.63246,21.85256,19.548361,9.96425,-42.332353,-74.863149,118.00084,-12.906554,True
251,2,2412,r,4,1,63,3111.6663,4776.4602,8.494861,5.560893,6.431891,-88.666709,-72.472507,36.867669,-29.582948,True
251,2,2422,r,4,4,54,2434.0864,5823.8737,7.806239,7.753987,0.904467,-296.442203,-68.999006,79.852843,-59.655274,False
251,2,2463,r,4,3,67,301.536,16656.4612,3.306039,3.28714,-0.353185,-107.80879,-62.423368,22.847928,-64.87963,False
251,2,2506,l,2,2,10,1025.4524,11479.2518,18.715706,-15.860023,10.066993,77.959126,-75.541656,-60.241513,-36.407695,True
251,2,2539,l,2,1,17,2870.3853,6097.89417,9.123593,-7.491143,5.222875,-256.056756,-75.539838,-71.803864,-25.195265,False
251,2,2541,l,7,2,46,283.6704,15502.1654,13.904305,-12.869093,-5.309622,87.464161,-75.212799,-46.271931,-94.520775,True
251,2,2553,r,4,2,59,1793.4827,8233.23065,10.025202,8.117538,5.90287,-240.984446,-73.551293,75.736107,-18.09688,False
251,2,2560,r,4,1,63,1223.0118,9592.4244,14.609714,11.636058,8.895991,67.386496,-75.124061,45.84201,-39.548543,True
251,2,2647,l,1,4,48,317.93805,19096.2134,33.286534,-31.962068,9.832656,99.939854,-81.216322,-118.587876,-42.389466,True
251,2,2664,r,5,3,18,3661.1968,4464.79445,12.30975,12.168478,1.873779,-194.765007,-70.642498,104.530767,-54.418762,False
251,2,2685,l,2,4,4,2202.323,5390.0429,8.764211,-7.652464,4.284921,-189.471036,-77.698923,-64.422001,-41.451394,False
251,2,2700,l,1,1,35,2626.796,5572.1004,21.268233,-19.474781,8.719269,-96.360702,-79.066371,-136.626146,-16.216121,True
251,2,2728,r,4,3,67,319.1026,16722.6138,21.94193,19.834114,9.579028,148.493871,-77.744366,51.040536,-52.357707,True
251,2,2790,l,7,2,46,1251.5917,7558.75825,5.550142,-5.352611,-1.469668,-151.961286,-72.433004,-41.408857,-83.821703,False
251,2,2816,r,5,3,18,3056.2056,4895.78025,11.943527,11.830976,1.647586,-225.195448,-70.096722,107.920661,-54.956142,False
251,2,2822,l,2,2,10,2290.664,6238.96533,12.763947,-9.886696,8.113391,22.523011,-67.644476,-46.618211,-28.938266,True
251,2,2861,r,10,1,37,571.4578,13402.2294,27.148826,26.570619,-5.787844,97.550221,-78.73052,96.248266,-100.541164,True
251,3,0,r,5,1,12,3348.9062,4634.18925,16.685058,15.566722,6.081405,-117.071884,-71.274327,113.401695,-26.253064,True
251,3,16,r,4,4,54,1543.3071,8437.9576,11.288362,10.885301,3.007734,-118.153472,-76.341247,78.489384,-54.502645,False
251,3,49,r,4,1,63,2060.6133,7024.15207,8.836659,5.548214,6.888571,-120.757673,-64.731594,39.900349,-14.874011,False
251,3,96,l,7,2,46,2338.0398,4974.84809,9.655855,-8.896623,-3.768286,17.659035,-71.363106,-42.63101,-89.519004,True
251,3,118,l,2,2,10,2580.68,5710.53743,8.087979,-6.376133,4.986293,-176.52851,-71.811106,-52.132784,-30.854266,False
251,3,141,r,4,3,67,3653.73,3560.76305,6.780637,5.293803,4.243108,-218.38089,-78.746151,47.105612,-40.86685,False
251,3,155,r,4,3,67,3472.773,4002.64742,6.297702,4.936015,3.915964,-159.149224,-80.140648,38.790087,-49.280551,True
251,3,162,r,4,4,54,1240.2686,9541.30804,19.191139,17.598421,7.778992,81.646819,-74.640183,66.087202,-44.779669,True
251,3,178,r,8,2,20,2619.269,4385.29355,5.297228,4.511298,-2.779349,-12.756129,-69.876008,23.887497,-84.619549,True
251,3,195,r,5,1,12,1951.5872,6767.93629,16.333814,14.720016,7.158791,-91.447926,-77.911703,100.213433,-28.376535,False
251,3,274,l,6,1,57,2815.5522,3628.97629,18.781551,-18.154867,-4.894382,-101.87984,-67.392005,-128.501565,-102.707326,True
251,3,345,l,7,1,27,2751.6028,4770.18033,13.437799,-12.254367,-5.556752,-36.086731,-68.903129,-70.826398,-101.367428,True
251,3,386,r,5,1,12,832.8884,14447.6811,30.350224,27.60661,13.13873,73.404577,-76.169452,113.265169,-19.116256,True
251,3,408,r,3,4,3,3238.038,4553.98202,5.484027,2.428094,4.918679,-239.013816,-71.23355,22.432105,-25.66642,False
251,3,409,l,3,1,16,2507.8372,6181.018840000001,6.898778,-3.958655,5.654477,-94.816478,-57.169164,-26.629962,-18.977017,True
251,3,447,l,2,2,10,3029.604,5181.24985,6.950861,-4.03268,5.66613,-278.47963,-78.836592,-40.077812,-22.294171,False
251,3,465,r,4,3,67,2801.62,4498.2428,4.365159,4.125265,1.4284,-243.853896,-73.518361,38.503751,-60.171892,False
251,3,469,l,1,3,41,1564.7084,8196.88146,17.846375,-17.331766,4.321613,-118.704903,-74.939665,-127.546025,-42.584897,False
251,3,481,r,5,3,18,1703.6185,8622.04827,19.564725,18.85643,5.314238,-8.83738,-73.342595,102.061083,-43.968943,True
251,3,501,r,8,2,20,2692.4463,4350.11515,2.906102,2.898013,0.216773,-150.774267,-76.670715,22.313337,-75.000947,False
251,3,523,r,5,3,18,1999.827,6188.53863,14.816417,14.167917,4.38055,-131.640125,-78.470454,106.440175,-45.157705,False
251,3,564,l,1,3,41,1187.3007,9658.2684,21.127123,-20.903939,3.133754,-89.014894,-69.504019,-144.76157,-47.291321,False
251,3,612,r,5,3,18,1473.134,7661.85537,12.226661,11.774239,3.318742,-206.490705,-73.353953,103.489361,-43.944741,False
251,3,620,r,4,1,63,2720.4927,6000.26637,13.473858,9.81782,9.273623,-29.993241,-78.181104,55.37493,-25.15488,True
251,3,624,r,8,4,14,2312.1445,5010.77446,8.499782,8.028437,-2.800336,75.412647,-85.575034,30.266901,-96.175262,True
251,3,685,r,4,2,59,2476.3628,5518.80047,8.372422,7.479821,3.772357,-205.669839,-67.86459,65.078588,-34.901941,False
251,3,690,l,1,1,35,773.5938,14428.9624,32.391986,-30.719315,10.817752,77.406939,-70.909244,-126.325476,-23.656126,True
251,3,699,l,8,3,7,2117.4666,4379.12095,4.021631,-3.459152,-2.052535,-143.810508,-79.968108,-26.222568,-95.543747,False
251,3,701,r,4,3,67,3435.6038,3823.82983,6.328723,5.100093,3.752199,-240.728583,-79.255476,47.367134,-44.310886,False
251,3,711,l,2,1,17,2522.4387,6102.06905,15.432062,-11.867969,9.935721,-71.414114,-78.522034,-75.950904,-13.830115,True
251,3,731,r,10,2,31,2850.288,4711.5073600000005,21.198772,21.132268,-1.717611,-23.012555,-77.308066,120.98407,-87.371092,True
251,3,739,l,7,2,46,2208.4934,5471.56116,5.367367,-5.165946,-1.45856,-163.447447,-77.148965,-40.995225,-88.741814,False
251,3,781,l,8,1,1,696.6541,12870.9181,7.625933,-7.595642,0.681028,60.77546,-65.717971,-30.567338,-62.969117,True
251,3,786,r,4,3,67,3383.2312,4717.16969,8.095192,7.935163,1.606815,-113.923122,-74.134437,56.301651,-62.694219,True
251,3,794,l,1,1,35,2642.047,5901.99526,16.379387,-15.887709,4.03543,-203.079605,-69.937782,-140.343066,-33.770289,False
251,3,831,l,6,1,57,938.98425,10321.026,28.381212,-28.16701,-3.632268,59.963762,-78.872756,-123.173869,-95.437105,True
251,3,838,r,4,3,67,3620.798,3856.84028,6.352729,5.412637,3.330698,-187.828266,-79.695155,45.274401,-51.762332,False
251,3,847,l,7,2,46,1476.2743,6415.46179,9.7352,-9.585436,-1.70905,-78.280995,-81.074302,-62.193777,-92.218438,False
251,3,862,r,4,3,67,1310.8313,8820.36521,12.695972,11.456871,5.50758,73.712215,-73.753916,43.834724,-52.474895,True
251,3,894,r,8,2,20,2540.98,5061.8882,3.383535,3.117482,1.315797,-84.097665,-71.583844,20.374888,-62.978449,True
251,3,903,l,10,1,37,339.59155,17203.0655,55.473616,-54.881962,9.848349,112.977322,-74.650632,-251.709313,-21.229853,True
251,3,903,r,10,1,37,339.59155,17203.0655,30.529777,30.336562,-3.605359,111.28309,-74.174587,104.586772,-87.221793,True
251,3,919,l,7,2,46,2179.1187,6967.83945,14.342239,-13.62111,-4.533655,29.9849,-71.731967,-63.005691,-92.945939,True
251,3,947,r,4,4,54,2814.3674,5086.57718,8.212077,7.802127,2.570196,-187.014464,-75.613102,65.360894,-54.000568,False
251,3,994,l,1,2,29,1029.1355,13905.359,29.485506,-26.565051,13.288134,57.75,-74.695179,-116.125,-13.37013,True
251,3,1026,r,4,2,59,1094.0238,10344.52,21.550052,16.658536,13.86976,74.018657,-79.261989,64.627173,-23.596707,True
251,3,1044,l,2,2,10,2441.999,7226.49988,9.350631,-6.914759,6.309838,-218.162185,-74.243342,-61.6272,-17.641698,False
251,3,1065,l,2,4,4,1808.0964,7339.88243,5.44631,-5.364187,0.943606,-259.790653,-69.899707,-51.623815,-60.804533,False
251,3,1073,l,2,3,24,2707.701,5300.46472,9.006005,-8.867879,1.577581,-214.53097,-76.755721,-78.717682,-62.692357,False
251,3,1074,r,4,1,63,1668.8536,7630.16324,8.1861,6.048734,5.52618,-83.76151,-75.468043,39.605366,-39.10408,False
251,3,1075,l,6,1,57,2513.9705,6129.52977,21.800494,-21.341729,-4.556504,-64.391979,-69.655964,-138.469087,-99.978209,True
251,3,1077,r,5,1,12,3139.182,4532.23897,11.835257,10.825808,4.811598,-233.155105,-74.964655,100.041421,-30.129503,False
251,3,1089,l,1,4,48,1550.0265,9149.87415,16.1556,-15.725755,3.749528,-84.364946,-64.041652,-105.410839,-38.553553,False
251,3,1141,l,1,4,48,370.41644,20675.1885,29.709754,-28.341368,9.307622,98.27668,-69.872668,-103.411,-34.17122,True
251,3,1171,l,2,1,17,272.92584,19736.059,23.781,-21.329557,10.770675,118.816845,-74.206265,-66.843275,-39.247585,True
251,3,1236,l,2,4,4,2395.9795,5877.50449,8.82799,-8.661938,1.710722,-51.0118,-72.720872,-51.950321,-62.418497,True
251,3,1273,r,5,1,12,1569.8729,9591.6167,15.182831,13.355018,7.288935,-208.539114,-74.732684,118.355234,-9.193873,False
251,3,1282,r,4,1,63,1341.3533,11454.34621,10.135583,8.053518,6.17434,-117.179762,-73.993044,57.613279,-29.504905,False
251,3,1303,l,2,4,4,1976.1383,6368.42497,7.823643,-7.298201,2.826468,-213.170525,-72.374483,-64.441569,-47.329435,False
251,3,1321,r,4,4,54,2562.0935,5218.90033,8.512921,7.811147,3.395192,-172.590168,-70.766804,63.458662,-43.065813,False
251,3,1350,r,4,3,67,3441.039,3836.66165,8.177223,7.605228,3.013453,-87.755483,-74.642324,50.438422,-54.579575,True
251,3,1351,r,4,1,63,2575.269,5396.87968,8.215147,6.902607,4.465339,-200.312196,-73.306122,59.356931,-34.736593,False
251,3,1400,r,8,2,20,1899.8992,5611.3472,6.180659,5.915621,-1.793714,38.867847,-77.896166,26.021184,-85.802838,True
251,3,1467,l,2,2,10,2596.6433,4923.2822,8.192089,-6.324642,5.217272,-178.119534,-76.38697,-51.884676,-33.380719,False
251,3,1510,l,2,2,10,1805.6661,7273.3022,14.838837,-11.661734,9.240094,51.74554,-79.060974,-49.174205,-39.48411,True
251,3,1526,r,10,2,31,2579.47,4549.76525,17.611732,17.510782,-1.913185,-133.934293,-76.429042,133.753685,-91.278155,False
251,3,1558,r,10,1,37,2281.7146,7874.15693,20.971711,20.474107,-4.642105,31.218832,-76.379795,96.621038,-98.809099,True
251,3,1589,r,4,1,63,2547.554,5401.32248,9.8637,7.018608,6.947925,-15.2962,-75.324927,37.586311,-37.840007,True
251,3,1601,l,3,3,23,1439.0363,11057.2983,5.157158,-2.76953,4.352097,-220.790075,-68.82119,-24.709524,-29.902135,False
251,3,1633,l,7,3,33,479.0882,13604.2181,27.18293,-23.914379,-13.322088,116.139941,-69.093716,-77.09638,-114.129487,True
251,3,1634,l,2,4,4,1738.5548,8004.47195,6.630875,-6.206863,2.337682,-152.814524,-73.585515,-48.158719,-55.401948,False
251,3,1635,l,1,3,41,2362.3298,6734.65538,15.682182,-15.132503,4.164553,-190.337648,-75.908762,-129.897411,-39.677395,False
251,3,1710,r,4,1,63,2130.2295,6711.97991,9.030436,7.984098,4.2331,-107.353726,-63.159562,55.731967,-33.461052,False
251,3,1729,r,10,2,31,2987.4917,4763.36462,21.002443,20.659576,-3.864943,-27.251552,-74.544915,119.623652,-97.450961,True
251,3,1739,r,4,4,54,1850.3964,6522.20299,7.4607,7.34591,1.307298,-226.698,-75.720377,66.6114,-63.831432,False
251,3,1743,r,4,1,63,1494.1892,8278.02274,13.624714,9.462322,9.847961,64.75,-67.16942,37.541667,-27.528424,True
251,3,1768,r,5,3,18,2768.5886,5412.29747,21.781513,21.165561,5.265629,2.853841,-74.247452,111.178141,-45.86906,True
251,3,1776,r,4,2,59,2741.063,5099.64978,8.868349,7.598307,4.586597,-179.00952,-73.507552,62.565124,-35.54907,False
251,3,1793,r,4,3,67,2853.2253,4324.7437,7.742931,7.344259,2.459271,-174.828929,-77.462697,59.910949,-57.333738,False
251,3,1809,l,1,4,48,738.173,13976.2386,16.331352,-16.136935,2.546522,-120.902685,-74.710141,-118.887972,-55.685908,False
251,3,1816,r,10,1,37,2437.8467,4979.5089,14.346681,14.317825,-0.919143,-149.16478,-82.638585,112.08721,-89.910163,False
251,3,1817,r,10,2,31,2085.8123,8529.62316,24.784091,24.581069,-3.268975,23.444703,-79.312616,121.932024,-96.054545,True
251,3,1857,r,4,1,63,2050.7437,7135.57623,8.799979,6.165027,6.291668,-213.12981,-72.913065,54.346679,-17.118399,False
251,3,1868,l,2,4,4,3095.0024,4012.61572,6.314496,-6.212343,1.133442,-73.544004,-72.876466,-39.572759,-65.641305,True
251,3,1894,r,4,4,54,529.8999,15786.16693,23.193421,21.207272,9.615373,107.118712,-73.610803,70.96168,-40.377656,True
251,3,1903,r,4,4,54,1197.7391,9618.0904,19.412714,17.456974,8.62719,85.091476,-75.140712,64.438277,-42.550727,True
251,3,1910,r,5,2,5,821.47675,14456.3218,31.395099,30.537871,7.66618,73.233408,-63.494919,127.878348,-29.618297,True
251,3,1962,l,1,4,48,1902.4462,8552.7274,14.972994,-14.470846,3.886885,-106.358179,-73.016494,-102.290052,-45.204309,False
251,3,1966,r,4,1,63,1605.2092,7937.32141,14.76621,13.428174,6.199347,76.968743,-63.851035,50.861914,-40.060499,True
251,3,2006,l,7,3,33,355.4537,15718.2882,25.877917,-23.24726,-11.698071,125.45488,-68.648383,-70.684841,-105.72882,True
251,3,2058,r,10,2,31,3510.7417,3734.66264,14.853369,14.716249,-2.036209,-207.318298,-72.390929,130.619774,-90.672048,False
251,3,2072,r,5,2,5,1692.8115,9065.28876,27.775466,25.6912,10.935324,31.132973,-68.508496,124.53532,-13.006278,True
251,3,2132,l,7,2,46,834.42377,10236.3976,16.351218,-14.036243,-8.47291,112.0,-69.945293,-44.5,-97.27761,True
251,3,2230,r,4,4,54,3172.3032,4230.69068,8.122756,8.109115,0.47213,-269.527497,-70.664378,79.723371,-66.007076,False
251,3,2234,l,1,4,48,2314.8564,8193.98041,20.811452,-20.360149,4.405102,-30.066465,-68.968152,-118.778311,-42.668627,True
251,3,2258,l,8,1,1,2229.2856,7322.064679999999,2.152756,-2.059004,0.628513,-262.87739,-70.618853,-19.876982,-64.549839,False
251,3,2270,l,1,3,41,1937.5808,8346.48046,23.503876,-23.360899,2.664289,5.153831,-72.255972,-123.033219,-57.81729,True
251,3,2285,l,2,3,24,670.5962,14501.9983,22.513593,-22.479226,1.277022,104.853312,-66.169237,-76.611635,-61.702577,True
251,3,2310,l,2,3,24,2890.3225,5395.20574,10.003145,-9.86323,1.675532,-210.765384,-75.186788,-87.066424,-60.318701,False
251,3,2351,r,4,2,59,3079.921,5817.041090000001,13.965422,11.55277,7.900363,-67.033116,-67.543267,72.981714,-16.974023,True
251,3,2382,l,1,4,48,1082.4734,11090.6301,26.23283,-25.343883,7.006901,72.084118,-66.250357,-103.212636,-36.614726,True
251,3,2383,l,6,1,57,1872.003,7165.53161,22.380151,-22.243114,-2.538109,-13.79502,-73.263778,-124.243203,-87.812864,True
251,3,2414,r,4,3,67,1961.6837,6744.2645,6.200201,5.888431,1.94479,-165.123342,-70.547911,46.939542,-55.011751,False
251,3,2427,r,4,3,67,1716.7029,7353.14726,13.317475,11.920984,5.980233,69.194071,-72.216544,46.615574,-48.576077,True
251,3,2431,r,3,4,3,2089.6663,5616.24031,6.455119,4.188445,4.916155,-49.863878,-67.246994,24.88913,-37.935563,True
251,0,20,l,7,2,46,2620.3757,4389.96197,10.588474,-9.124962,-5.394203,-73.081186,-65.569845,-58.318434,-100.29349,True
251,0,38,l,7,2,46,2982.7744,3786.49582,6.532606,-6.444932,-1.068931,-229.629064,-73.075977,-58.698399,-82.833156,False
251,0,55,r,5,2,5,3489.1926,4803.55769,16.568732,15.611436,5.620688,-154.662524,-74.193863,124.247683,-28.755957,True
251,0,79,r,5,3,18,2468.3877,5583.19399,17.45402,17.057322,3.756333,-37.973718,-74.015481,100.630532,-51.491761,True
251,0,96,r,5,1,12,1443.5922,9227.96266,25.134583,21.31893,13.636114,35.373788,-76.951729,99.371537,-10.643884,True
251,0,216,l,2,4,4,352.73688,17089.0235,19.230043,-18.588534,5.014981,119.180793,-67.731279,-57.448961,-51.916507,True
251,0,241,l,7,2,46,496.63498,14040.5027,20.939897,-19.376752,-8.095801,124.73119,-74.327035,-58.124972,-99.247472,True
251,0,248,l,2,3,24,3149.7253,4584.63065,7.85935,-7.656555,1.779159,-242.404432,-73.614226,-71.57287,-56.927821,False
251,0,317,r,4,1,63,813.23785,12380.9972,18.111996,14.554912,10.898208,111.38209,-73.66263,46.376412,-38.131752,True
251,0,356,l,2,4,4,1386.7433,8514.8157,11.548202,-10.203831,5.436553,25.923906,-78.938285,-47.53302,-53.401865,True
251,0,357,l,1,1,35,1235.4567,12482.8855,28.992606,-25.782515,13.740415,34.511498,-86.915237,-123.411792,-17.536332,True
251,0,369,r,4,3,67,438.78586,15561.6177,17.261854,15.960958,6.661401,102.46309,-78.533211,53.637075,-55.75255,True
251,0,389,l,7,4,39,420.958,14615.5869,20.302419,-16.451359,-12.065466,119.438159,-73.462414,-50.365255,-111.476465,True
251,0,421,l,6,1,57,3014.0916,4205.33347,19.777723,-19.670297,-2.10059,-97.576539,-72.769223,-138.545852,-87.865977,True
251,0,428,r,4,3,67,2219.301,6313.18749,6.100463,5.858384,1.704442,-210.632195,-74.024751,51.367821,-59.049273,False
251,0,451,r,5,2,5,289.51782,21173.127,36.657004,33.900516,14.86648,94.469565,-73.653989,131.393555,-11.11941,True
251,0,454,l,1,3,41,1469.3549,8978.3413,15.348399,-15.053892,3.027476,-178.179516,-74.637937,-125.920423,-48.996593,False
251,0,455,l,6,1,57,1693.0197,8699.17686,17.616335,-17.318793,-3.274649,-109.140836,-72.438092,-124.462158,-96.359753,False
251,0,476,r,4,1,63,2186.8394,6459.04635,6.093245,4.646796,3.945768,-285.014351,-74.538606,46.737264,-34.745777,False
251,0,477,r,4,2,59,2621.294,5402.07206,12.379844,9.22705,8.289633,-102.649353,-72.669515,63.785566,-14.710777,True
251,0,490,r,8,4,14,2712.5852,3755.63269,7.156936,6.868785,-2.015194,67.332488,-81.244248,26.822649,-89.13573,True
251,0,492,l,7,2,46,2546.5186,4893.16443,7.26867,-7.088642,-1.611829,-118.057353,-68.887231,-50.744086,-80.458062,False
251,0,558,r,10,1,37,1667.6787,6422.8132000000005,15.302482,15.2826,-0.789271,-85.667758,-81.947214,102.648453,-87.312228,False
251,0,566,l,7,4,39,1140.9011,8405.7232,15.900913,-13.33539,-8.740308,76.892904,-74.136042,-50.515389,-107.807351,True
251,0,569,r,4,3,67,3580.3064,4413.35525,7.596312,6.851418,3.288408,-168.940591,-76.964257,55.143116,-50.405408,True
251,0,572,r,4,1,63,516.6595,15420.7169,25.08497,19.296241,16.344479,138.774699,-69.869523,52.94721,-22.880995,True
251,0,577,l,2,3,24,2576.3079,4781.76764,8.788509,-8.037283,3.567009,-254.102454,-78.05542,-76.829695,-43.80145,False
251,0,580,l,2,4,4,3321.4175,4829.78158,6.443357,-6.25074,1.566797,-149.876449,-71.478564,-48.180053,-59.374846,True
251,0,595,r,4,3,67,2041.6469,6796.77546,8.074521,7.573501,2.808197,-132.254007,-69.22441,56.141956,-48.329915,False
251,0,605,r,4,3,67,377.5531,15192.0155,16.976989,15.350191,7.340754,125.798883,-75.280159,45.074984,-53.344242,True
251,0,614,l,2,4,4,774.7105,12834.2788,21.680113,-20.387558,7.536246,130.068656,-66.577109,-59.438403,-44.004832,True
251,0,632,l,2,1,17,1672.2332,7467.84423,8.99181,-7.334954,5.215355,-232.507761,-80.380348,-67.258808,-32.293716,False
251,0,698,l,1,3,41,791.0244,14176.2108,32.843056,-32.730525,2.881424,87.931394,-71.121984,-129.877818,-59.031641,True
251,0,702,l,1,2,29,2352.847,6721.02504,12.821664,-11.689207,5.305597,-196.688654,-70.232867,-100.69277,-24.078988,False
251,0,721,r,4,2,59,1957.0586,7896.51502,9.59605,7.435946,6.08268,-195.157096,-68.706006,63.320445,-16.567519,False
251,0,731,l,1,3,41,2701.293,4751.94183,19.958538,-19.068052,6.008009,-71.666053,-75.574985,-125.012295,-35.301481,True
251,0,794,l,7,2,46,2632.0872,5311.67318,8.184402,-8.151129,-0.739748,-74.97067,-77.132385,-52.275348,-81.892887,True
251,0,804,r,4,3,67,565.76154,13299.1206,14.263553,14.206821,1.284178,90.841842,-64.60929,50.419989,-60.003933,True
251,0,870,r,4,3,67,2811.8738,5022.97051,6.292168,5.632655,2.808917,-238.756202,-73.33246,52.149274,-47.263613,False
251,0,919,r,4,4,54,2268.4902,6115.92299,7.766461,7.655141,1.314161,-185.584311,-76.756578,63.9224,-65.748348,False
251,0,931,l,2,4,4,1060.9213,11210.8695,9.833141,-9.329949,3.119113,-96.365771,-70.35315,-63.477213,-49.016806,False
251,0,937,r,5,1,12,1619.822,11103.3361,25.147215,23.554624,9.069547,42.613536,-71.285775,107.847256,-28.20633,True
251,0,950,r,4,2,59,467.87442,15034.3625,26.658592,22.01611,15.42238,95.604507,-96.952955,78.604467,-39.107646,True
251,0,984,r,5,3,18,1836.0975,7204.60974,14.584482,14.078647,3.846806,-146.548182,-72.21372,109.480387,-41.950992,False
251,0,1112,r,4,3,67,1903.4628,6637.12332,6.036015,5.98172,0.809247,-276.233811,-70.685219,59.330926,-62.643403,False
251,0,1113,r,10,2,31,1011.1597,10219.4258,32.038174,31.042873,-8.352053,63.533728,-69.301401,136.305407,-108.107093,True
251,0,1133,l,2,3,24,2317.6877,5526.5219,8.804811,-8.385705,2.693799,-236.056332,-76.305322,-77.547132,-51.286715,False
251,0,1211,l,2,2,10,1709.0319,6950.9352,13.112776,-11.224063,6.823709,-11.100051,-71.886718,-59.750841,-35.153765,True
251,0,1233,r,4,3,67,1263.0471,8209.41049,8.856695,8.844615,0.464265,77.311975,-66.3313,33.095451,-64.58712,True
251,0,1241,l,7,4,39,876.61237,10151.6589,18.866648,-15.360052,-11.089951,129.163035,-76.003287,-44.181258,-108.696751,True
251,0,1242,r,10,1,37,458.1425,14774.7597,29.490808,28.786359,-6.700719,116.025134,-69.71549,95.589559,-93.037108,True
251,0,1259,l,2,4,4,1701.4154,6459.91541,7.145317,-6.72809,2.411455,-166.49221,-75.253985,-53.85241,-55.896559,False
251,0,1261,l,2,3,24,1378.1628,8021.73647,8.154885,-8.052376,1.293222,-238.533442,-73.714253,-74.773286,-61.663893,False
251,0,1307,r,4,1,63,3119.3906,3924.51688,6.463956,5.153174,3.907522,-194.622723,-69.792034,43.704805,-36.555512,False
251,0,1309,r,4,3,67,878.2769,11171.1061,16.424766,16.001902,3.752356,110.069741,-69.290538,51.600636,-57.014177,True
251,0,1354,l,7,2,46,3161.3486,3964.39209,5.065404,-4.955915,-1.048794,-234.40127,-84.174035,-45.472614,-93.810254,False
251,0,1389,l,2,3,24,1735.4596,7839.63832,10.851444,-10.185575,3.76263,-188.318145,-76.093846,-85.938706,-44.133641,False
251,0,1401,r,5,3,18,2751.8247,4683.412751,15.012718,14.199976,4.923513,-186.347095,-76.321062,120.53413,-33.993482,False
251,0,1409,r,5,3,18,2495.893,7175.83394,18.619113,17.82826,5.458285,-39.217617,-77.512314,105.879358,-44.467286,True
251,0,1443,l,1,2,29,3235.7664,5911.32028,13.741896,-12.967293,4.588007,-217.809195,-74.375801,-116.931698,-32.559026,False
251,0,1506,l,2,2,10,3605.4338,4556.47653,8.929124,-6.916256,5.661323,-88.630228,-67.972547,-45.928296,-30.163219,True
251,0,1512,l,2,4,4,1444.433,8621.844430000001,14.017862,-12.744408,5.886792,99.865894,-67.138677,-43.00345,-47.039357,True
251,0,1533,l,1,2,29,1715.278,11160.03094,26.520918,-24.660667,10.078404,41.187384,-74.101417,-114.234138,-25.439688,True
251,0,1561,r,10,1,37,1938.4371,6473.5585,14.308759,14.166422,-2.034149,-157.639712,-75.08698,112.991165,-91.484707,False
251,0,1573,l,7,2,46,315.74323,15944.8974,20.905648,-17.852463,-11.06029,137.797837,-68.559669,-49.020543,-99.816038,True
251,0,1595,r,4,3,67,1975.5172,6461.02929,5.533349,5.328345,1.494365,-153.063823,-70.790347,41.322877,-59.181754,False
251,0,1598,r,4,3,67,465.2918,15105.8847,15.729082,12.915943,9.054175,108.110715,-72.317544,41.711478,-42.580411,True
251,0,1623,r,5,3,18,2720.6523,5613.96995,11.340046,11.096367,2.353013,-229.056036,-74.059072,101.800571,-52.324247,False
251,0,1627,r,3,4,3,3791.777,3218.0952,5.876524,4.096713,4.216729,-35.41743,-61.119582,23.307447,-37.06543,True
251,0,1635,r,10,1,37,1028.6567,11037.1163,28.914161,28.477808,-5.228107,77.84685,-71.168241,115.083389,-93.252824,True
251,0,1646,r,5,1,12,786.1528,11846.73766,26.979641,25.070322,10.308442,51.164729,-66.710108,111.727796,-18.751802,True
251,0,1677,l,1,4,48,3689.654,3897.49769,13.348712,-12.79551,3.835159,-160.797332,-69.694828,-102.381491,-38.705475,True
251,0,1730,r,4,1,63,3171.8555,4369.58429,8.463721,6.918946,4.886615,-202.199519,-73.847357,59.727831,-31.458106,False
251,0,1740,r,5,3,18,1422.1309,9457.2293,26.153991,25.423132,6.354797,46.20324,-73.43348,115.883856,-43.370831,True
251,0,1783,r,4,2,59,2877.24,4907.56213,11.198885,8.968816,6.733996,-225.158148,-74.947254,81.305644,-13.367259,False
251,0,1805,l,7,2,46,2656.8494,4627.01908,9.914077,-9.819498,-1.372909,-5.076902,-73.568104,-51.072047,-80.745171,True
251,0,1830,l,1,1,35,2039.1877,8475.039219999999,15.916214,-14.435442,6.776471,-201.318387,-75.182318,-126.473123,-14.897529,False
251,0,1844,l,2,3,24,3484.432,4175.17649,7.202039,-7.114666,1.121321,-275.709977,-69.741708,-70.609957,-58.583013,False
251,0,1885,l,2,2,10,2335.9792,5889.08429,8.356113,-6.713042,4.987351,-212.708084,-81.765942,-59.170641,-37.59367,False
251,0,1892,l,1,3,41,1091.1149,11892.4319,29.118259,-28.651001,5.430929,44.16664,-73.045439,-134.316709,-46.412409,True
251,0,1903,r,4,3,67,556.4442,13716.4892,16.80092,15.641771,6.210448,134.622701,-70.209973,43.504252,-52.65168,True
251,0,1910,l,1,1,35,1815.6064,10027.57118,25.980487,-23.607043,11.17395,-14.433702,-83.533001,-133.048384,-17.905169,True
251,0,1938,r,4,3,67,2246.6687,5320.87778,6.050183,5.566983,2.373002,-161.729374,-81.097277,44.029656,-62.288719,False
251,0,1944,l,1,2,29,1377.5592,10291.6044,23.84843,-21.889001,9.708694,42.39386,-71.562498,-99.481821,-25.908433,True
251,0,1958,l,1,4,48,2591.9814,6184.845,11.645207,-10.852307,4.249093,-240.359352,-75.943009,-101.67334,-35.821401,False
251,0,2038,r,4,1,63,2118.4539,7139.0682,13.001182,9.168288,9.257822,24.670526,-63.648944,42.823303,-19.840439,True
251,0,2046,l,7,1,27,1656.2708,6297.10775,8.122041,-8.034573,-1.192692,-242.482283,-79.454957,-75.163189,-90.650823,False
251,0,2083,l,6,1,57,1697.8746,5679.7184,16.284894,-16.189001,-1.788745,-146.129133,-72.165301,-126.616443,-86.347833,False
251,0,2090,r,4,3,67,3877.6785,3207.65711,6.021952,5.430466,2.606588,-201.424046,-74.101326,46.716907,-51.628403,False
251,0,2092,r,4,2,59,2332.0962,5933.68173,17.080846,14.885835,8.473026,-18.919358,-72.317514,82.115312,-24.699812,True
251,0,2134,r,4,3,67,1759.6217,9260.9522,11.974392,11.47657,3.43993,76.048908,-70.846757,43.437736,-57.723704,True
251,0,2169,r,4,3,67,1383.8708,8924.11065,10.482063,10.330738,1.784401,48.935041,-70.851052,43.942537,-63.217223,True
251,0,2229,l,8,1,1,3790.7493,2973.66904,3.563821,-3.420545,1.000941,-62.853896,-68.875277,-21.090361,-62.699393,True
251,0,2241,l,2,4,4,2208.4897,6794.76813,10.453557,-10.192275,2.334955,-20.975514,-71.698038,-55.910042,-58.814636,True
251,0,2245,r,5,3,18,2342.935,6744.72707,20.837303,20.415881,4.261507,-23.539282,-73.991656,116.703149,-49.062425,True
251,0,2264,l,2,2,10,1980.9685,5775.16919,9.977904,-4.763642,8.77748,-203.0,-69.765691,-41.083333,6.620196,False
251,0,2283,l,7,2,46,2634.6616,4461.578390000001,8.134049,-7.707808,-2.60643,-17.558744,-73.287396,-41.626255,-87.415797,True
251,0,2313,l,1,1,35,930.0856,14030.5263,33.403569,-31.986192,10.183702,62.058262,-76.786063,-142.357434,-28.510391,True
251,0,2313,r,1,1,35,930.0856,14030.5263,8.771241,8.555956,-1.938627,18.662615,-77.395946,40.822594,-86.68363,True
251,0,2352,r,4,1,63,3997.108,2799.86191,8.216387,6.004894,5.618362,-206.026623,-72.939813,52.177339,-23.874256,True
251,0,2359,l,2,4,4,2228.6853,5783.56109,6.6992,-5.826829,3.311371,-117.674994,-71.130947,-41.602993,-47.420876,False
251,0,2366,r,4,3,67,3136.0256,5054.18786,5.958539,4.758051,3.590934,-159.318798,-68.433545,37.399083,-40.138674,False
251,0,2446,l,2,2,10,2445.1006,6585.12073,10.898639,-8.336299,7.045393,-61.834017,-76.539851,-51.554694,-32.592753,True
251,0,2474,r,4,2,59,2308.5144,6603.56237,11.022902,9.821033,5.029919,-186.870398,-67.934967,82.550109,-25.339055,False
251,0,2491,r,5,3,18,1275.9683,11869.37359,26.141293,25.608257,5.43894,53.712635,-68.301167,113.251808,-43.352721,True
251,0,2499,l,2,3,24,2036.0627,6280.80249,8.242301,-7.661914,3.0473,-212.055802,-70.354996,-67.540804,-43.386975,False
251,0,2525,r,4,2,59,455.8515,16101.1214,24.293537,21.161797,12.215656,129.949743,-73.947642,61.956664,-36.792183,True
251,0,2555,l,2,4,4,2539.2134,6574.24175,12.459756,-10.95159,5.978705,8.64756,-75.738707,-54.442712,-45.726516,True
251,0,2564,l,2,1,17,735.7732,13210.1135,25.135397,-21.528068,13.294999,100.457936,-77.855493,-74.769886,-29.708265,True
251,0,2573,l,1,2,29,1218.4601,10620.711,19.587874,-17.614415,8.707742,-82.649107,-78.148026,-118.31446,-18.265549,False
251,0,2573,r,1,2,29,1218.4601,10620.711,13.448251,12.185675,-5.732547,-70.832286,-86.200329,77.920273,-123.258163,False
251,0,2604,l,1,2,29,3231.7708,4383.51401,13.113389,-12.166868,4.928972,-190.784299,-70.697885,-103.658263,-28.282483,False
251,0,2626,l,2,3,24,3347.021,4676.86398,8.402613,-7.881598,2.92203,-220.300058,-69.381331,-70.642938,-43.085523,False
251,0,2638,r,4,1,63,3300.3735,3722.02556,8.659816,6.907042,5.236239,-173.501045,-66.619394,56.147594,-23.831359,False
251,0,2649,r,4,3,67,3573.2283,3554.29074,7.008721,6.748429,1.896715,-133.637886,-76.74324,50.129069,-62.616161,True
251,0,2652,r,5,1,12,1193.2968,12232.2751,30.035745,26.565051,14.557268,61.25,-77.920751,114.375,-11.50644,True
251,0,2685,r,4,3,67,3635.5244,2902.87571,6.378764,4.965086,4.009592,-166.460209,-77.557499,39.654828,-45.441389,True
251,0,2742,r,4,3,67,1241.0757,8952.901249999999,12.025468,11.666681,2.93597,59.579811,-71.329937,47.578004,-59.263026,True
251,0,2745,r,4,2,59,1579.6594,7529.58344,20.845966,18.357928,10.051312,63.136095,-72.560145,75.282602,-30.192185,True
251,0,2751,r,4,1,63,2216.1396,6579.4280100000005,9.104061,6.340957,6.546101,-197.517678,-75.038909,54.175218,-18.751543,False
251,0,2816,r,10,1,37,2836.2764,5250.83134,19.23072,19.150961,-1.783433,-35.340861,-75.931532,112.983545,-86.655085,True
251,0,2835,l,1,1,35,683.4382,17668.4207,34.215023,-31.587269,13.890255,85.098092,-72.818016,-125.993743,-13.333942,True
251,0,2864,l,7,2,46,2810.0632,3635.42468,6.008475,-5.110368,-3.164251,-165.247443,-74.640859,-40.712787,-99.908656,False
251,0,2866,l,1,2,29,2691.8967,6627.43184,13.765337,-12.100012,6.612624,-218.679871,-71.905618,-109.051624,-11.595879,False
251,0,2875,r,4,4,54,2331.9622,5291.18392,15.261505,14.002864,6.130679,-26.993197,-78.846892,79.052109,-43.755624,True
251,0,2880,l,7,1,27,1526.7239,6856.75204,11.08711,-10.798526,-2.528182,-57.943885,-68.680683,-66.364571,-84.320666,False
251,0,2886,l,1,3,41,1179.6184,13752.05307,16.236133,-16.077387,2.295357,-213.800185,-66.077361,-145.199078,-45.061586,False
251,0,2915,l,7,1,27,480.6091,14239.6495,21.629826,-19.820598,-8.8397,103.750183,-63.964042,-67.129708,-94.753178,True
255,1,15,r,10,1,37,544.177,14495.7313,30.076846,28.970108,-8.459489,114.231502,-75.560044,97.310226,-105.440669,True
255,1,64,l,2,1,17,2191.6462,6915.09866,18.433523,-16.413684,8.507614,3.52393,-71.30778,-84.388846,-26.634114,True
255,1,82,l,6,1,57,2258.7253,5168.34549,14.322878,-14.19746,-1.911025,-205.590927,-75.443484,-125.380408,-92.500381,False
255,1,90,l,1,3,41,424.3848,18895.3851,32.174618,-31.613567,6.318874,88.701881,-79.082868,-123.905142,-52.907943,True
255,1,99,r,4,4,54,2235.7097,5776.5808400000005,12.118536,11.916847,2.217842,-72.773617,-79.153414,76.559802,-64.794463,True
255,1,136,r,4,3,67,3446.5234,3830.06797,6.800669,6.381432,2.355714,-115.390772,-76.022848,45.338837,-59.241847,True
255,1,148,l,2,4,4,1505.4493,9072.92166,5.746938,-5.425842,1.896919,-219.564285,-73.716851,-48.399898,-56.764333,False
255,1,164,l,2,4,4,3120.1309,4726.7549,8.939566,-8.678322,2.153623,-96.629985,-74.926185,-59.013001,-60.218374,True
255,1,183,r,4,4,54,1870.1653,7028.92217,15.785958,14.622213,6.014713,-32.266651,-75.633491,84.077603,-40.541652,True
255,1,208,l,7,2,46,2311.578,4938.8557,11.826073,-11.484371,-2.841421,21.861874,-81.543903,-54.477151,-95.124255,True
255,1,217,l,1,3,41,1007.71045,13336.23198,30.050008,-29.803324,4.032227,72.467736,-72.272364,-124.598662,-54.600764,True
255,1,222,r,4,3,67,2473.2456,5220.43385,9.349411,8.905894,2.856989,3.552185,-74.285959,44.886723,-59.816266,True
255,1,242,l,7,1,27,1480.5022,9165.72385,17.600833,-17.281271,-3.390851,79.040383,-69.694078,-65.630964,-82.784514,True
255,1,254,r,4,2,59,320.6206,18490.0484,26.901669,24.829085,10.700025,113.642772,-71.642051,81.597143,-34.924961,True
255,1,272,l,2,3,24,2628.296,5145.3934,10.650365,-10.569569,1.316894,-176.054058,-67.235178,-86.963471,-56.336525,False
255,1,277,l,3,3,23,1492.2073,11504.10879,8.168181,-6.824648,4.4988,52.388925,-60.55498,-28.437083,-41.72618,True
255,1,277,r,3,3,23,1492.2073,11504.10879,18.509985,13.46674,12.81848,-61.409213,-76.188167,84.150169,6.029812,False
255,1,278,r,5,2,5,2192.8313,6243.05085,17.877462,16.818132,6.152089,-131.363286,-75.501914,127.362593,-28.054255,False
255,1,279,r,10,3,43,2953.8901,2759.10967,21.222315,20.000506,-7.247029,-19.685888,-75.474476,112.71954,-117.382678,True
255,1,329,r,4,1,63,2516.1216,6316.75213,7.963518,5.430419,5.833541,-216.376292,-71.440957,48.137906,-19.472379,False
255,1,376,r,10,1,37,2418.807,6201.2962,15.077257,14.99525,-1.588734,-134.033455,-72.403385,113.581741,-84.57888,False
255,1,401,r,5,3,18,1913.4891,6641.2468,15.584857,15.2205,3.390563,-143.447678,-80.256181,117.931676,-53.642756,False
255,1,414,r,10,1,37,3624.548,4322.74697,15.116996,14.546897,-4.157463,-76.878653,-71.653222,95.201713,-99.204507,True
255,1,422,r,4,3,67,1761.956,6854.61615,10.84983,10.304842,3.413945,36.909031,-78.056409,46.01652,-62.710692,True
255,2,23,l,2,3,24,403.4552,17958.5125,24.570745,-23.591718,7.072061,109.656352,-69.378988,-78.759162,-44.964772,True
255,2,47,r,4,3,67,1905.5201,5595.84044,8.767222,8.586895,1.775688,-96.69878,-68.873068,58.392222,-56.748909,False
255,2,58,l,1,3,41,2215.8547,9115.53789,23.315166,-22.881606,4.600758,-22.956523,-78.277786,-132.07963,-50.942749,True
255,2,86,l,2,3,24,1927.525,7224.69033,12.702528,-12.348913,2.999727,-10.160627,-70.28366,-65.714078,-54.181801,True
255,2,134,r,4,4,54,2046.5364,6916.77958,9.356888,8.827426,3.115256,-185.221987,-70.315152,73.801197,-44.14111,False
255,2,135,r,4,1,63,1716.8014,7302.86423,9.965799,7.969977,6.002456,-94.353944,-74.343882,53.812058,-33.53583,False
255,2,138,r,4,1,63,1849.6742,7661.37377,10.069714,7.203963,7.05442,-152.64135,-69.511302,55.949712,-14.299124,False
255,2,148,r,5,3,18,1583.4983,8076.35146,17.165243,16.793642,3.604648,-91.382425,-67.525993,115.099968,-42.430081,False
255,2,180,r,4,3,67,794.8985,12314.7586,9.70712,9.524532,1.882596,-33.179754,-67.300054,54.224005,-56.528871,False
255,2,209,r,4,4,54,1880.4078,6498.552900000001,17.898662,16.536138,6.947458,13.318095,-80.57501,82.146773,-45.405675,True
255,2,216,l,3,1,16,1436.8159,9810.3325,8.047183,-3.285973,7.349751,-140.843848,-72.598017,-24.736472,-16.933837,False
255,2,236,l,2,2,10,2177.292,7266.254699999999,13.499396,-11.097513,7.734976,24.826006,-76.187625,-52.013117,-39.483519,True
255,2,308,r,4,1,63,2350.805,5336.98999,12.296091,7.829769,9.510698,-34.383487,-81.301057,44.606721,-26.444193,True
255,2,309,l,2,1,17,3265.5864,5244.87203,7.996017,-7.063679,3.756637,-238.614552,-65.953968,-65.502148,-30.979789,False
255,2,313,l,2,1,17,1331.7692,9435.1039,21.625343,-18.180585,11.913484,65.959448,-69.552932,-73.576671,-19.80141,True
255,2,323,r,10,1,37,552.5751,14156.4711,30.832123,30.118861,-6.926854,119.561799,-70.951262,98.874545,-94.889612,True
255,2,327,r,4,1,63,985.58167,12112.2067,13.786966,7.828568,11.384358,-8.729483,-76.48069,41.072602,-15.765261,False
255,2,329,l,2,4,4,2921.7173,5027.28215,5.878666,-5.07982,2.962627,-217.306004,-70.395785,-45.095761,-44.037279,False
255,2,405,r,10,2,31,721.27466,14772.05176,32.131485,31.757235,-5.167596,87.335812,-80.464399,125.447799,-102.019885,True
255,2,427,r,4,3,67,1361.212,8056.010630000001,14.415768,14.051255,3.254199,70.997909,-74.435048,54.81149,-61.599038,True
255,2,437,l,2,3,24,2373.271,5912.84535,7.924844,-7.715078,1.816781,-243.640945,-65.722438,-72.294096,-48.641023,False
255,2,446,r,4,2,59,2109.4246,6046.873729999999,12.12947,9.457463,7.629593,-159.771542,-76.775159,74.922718,-15.696171,False
255,2,472,r,4,1,63,1147.1066,8446.24049,8.849081,5.374454,7.04039,-112.773781,-74.869925,37.892153,-24.907645,False
255,2,520,l,2,2,10,2727.5312,4408.91032,9.227531,-6.396284,6.664813,-65.537403,-68.581574,-39.856561,-26.776642,True
255,2,523,r,10,1,37,592.6346,13239.1993,30.629523,29.970157,-6.637311,118.460832,-69.695652,98.919091,-92.737668,True
255,2,531,l,7,2,46,3439.0808,3823.19688,8.694566,-7.910166,-3.620519,-43.839203,-80.275881,-46.384392,-101.602216,True
255,2,564,r,8,4,14,2980.485,3289.04144,8.574456,8.32637,-2.054902,85.516909,-88.673096,29.92698,-96.088148,True
255,2,567,r,4,2,59,371.64322,17754.875500000002,27.178957,25.12692,10.714769,115.30797,-72.241046,81.931837,-35.731038,True
255,2,579,r,4,1,63,3089.7358,5356.79551,7.864779,5.213335,5.896775,-224.56669,-71.899029,46.949996,-18.532241,False
255,2,587,l,2,2,10,3008.4336,5903.1735100000005,9.265509,-6.466699,6.649778,-120.732839,-73.172053,-46.555293,-24.980365,True
255,2,588,r,10,1,37,3275.447,4107.34678,18.441447,18.296016,-2.352043,-50.527605,-78.762103,112.592471,-93.493642,True
255,2,607,l,1,2,29,3480.838,5144.312163,15.093268,-14.355708,4.710288,-159.435027,-70.494369,-115.025041,-32.269259,True
255,2,629,r,4,3,67,476.7385,15232.3843,19.343823,19.072341,3.291272,118.464464,-70.785146,59.306783,-60.347744,True
255,2,638,l,2,2,10,2011.669,8257.16135,9.268638,-6.275083,6.835065,-135.734001,-66.194555,-46.814078,-14.856992,False
255,2,638,r,2,2,10,2011.669,8257.16135,27.125337,26.742844,4.716375,-168.892993,-70.710117,231.229243,-28.315472,False
255,2,670,r,4,4,54,2417.985,5504.42277,9.386149,8.581128,3.817484,-252.51019,-78.649516,81.864184,-42.039925,False
255,2,672,l,1,4,48,939.6258,11989.9826,18.197011,-17.984271,2.821419,-72.844055,-75.705104,-117.785062,-56.904525,False
255,2,693,l,2,2,10,2109.123,6595.5039400000005,9.711379,-6.843728,6.906632,-149.158264,-76.425645,-52.706414,-22.848332,False
255,2,703,r,4,1,63,3622.8403,3868.974995,7.351268,5.667428,4.689691,-239.959325,-68.938128,52.592714,-25.249984,False
255,2,742,l,1,1,35,2074.7395,7730.84575,24.51408,-23.079606,8.498643,-33.748503,-74.744334,-137.954256,-22.158739,True
255,2,755,l,2,1,17,2143.5771,6262.1288700000005,16.816411,-15.701602,6.098173,-3.444763,-65.095032,-82.492455,-32.529074,True
255,2,759,r,3,4,3,2669.0356,4903.68688,7.974356,6.342221,4.843815,57.359486,-58.674758,25.857285,-38.838818,True
255,2,769,r,4,1,63,435.41315,16373.408,18.191403,15.487082,9.662646,119.64992,-66.587856,47.200898,-36.490876,True
255,2,794,l,2,2,10,1331.9124,10027.3028,19.565609,-14.872357,12.859599,82.175793,-70.184826,-55.190392,-21.096476,True
255,2,805,l,1,3,41,643.75165,14075.293,20.022716,-19.726649,3.500966,-104.621609,-71.469771,-141.502098,-45.821817,False
255,2,849,l,7,2,46,714.2942,11044.4682,16.471936,-15.062247,-6.745929,95.347243,-71.12862,-52.38377,-94.972444,True
255,2,856,l,2,4,4,329.33588,16655.9733,19.70121,-18.544352,6.771912,121.248373,-79.65458,-56.608794,-58.518638,True
255,2,866,l,2,2,10,1948.3378,6419.75342,7.101477,-4.85429,5.189543,-186.466619,-75.098958,-40.464707,-31.669001,False
255,2,884,r,4,3,67,2241.6194,5628.8826,9.567834,9.317222,2.185178,26.91891,-69.113051,43.162381,-58.940444,True
255,2,888,l,2,3,24,357.1067,17116.4848,18.680897,-18.005531,5.062252,92.668135,-74.758455,-64.13807,-56.377936,True
255,2,893,l,2,2,10,2503.55,6077.71445,7.992302,-6.151485,5.112404,-169.783203,-72.775723,-49.554562,-31.402607,False
255,2,959,l,1,2,29,641.67175,16750.579700000002,26.282353,-23.120337,12.857416,63.807576,-80.992818,-96.57415,-24.855948,True
255,2,1000,r,4,1,63,2928.5903,5035.51589,12.113963,10.068793,6.770584,-45.785709,-71.092074,59.623868,-30.6033,True
255,2,1011,r,5,3,18,288.2527,18425.8853,30.266088,29.878787,5.066075,110.788766,-73.206536,102.962759,-54.883888,True
255,2,1012,l,1,3,41,685.13446,14603.6264,17.526152,-17.207083,3.380538,-157.090153,-67.646473,-138.458092,-39.999386,False
255,2,1045,l,7,2,46,2737.2278,4232.99777,8.965435,-8.25925,-3.499827,-33.676724,-76.429731,-46.984247,-96.433138,True
255,2,1053,r,4,2,59,2483.5151,5164.10387,16.178123,14.469853,7.314264,-36.460594,-69.505074,84.245217,-26.229153,True
255,2,1080,r,5,1,12,349.1486,20763.489,35.447437,32.681945,14.560652,115.79329,-67.352957,111.761214,-13.591833,True
255,2,1107,r,4,2,59,1426.6816,10334.5913,15.561567,13.018351,8.600234,-44.88929,-71.456405,77.428267,-19.471647,False
255,2,1162,r,4,3,67,2793.3445,5262.65204,6.885863,6.068794,3.259541,-123.006933,-78.106719,43.910213,-54.452924,False
255,2,1166,r,4,1,63,2201.2703,6163.11434,13.486548,9.133292,9.965655,22.311118,-73.751984,43.036361,-26.112662,True
255,2,1175,l,7,1,27,2435.2727,4055.9341,13.218243,-12.246836,-5.012075,-17.459334,-75.000104,-66.738185,-102.592528,True
255,2,1207,r,4,1,63,2549.1667,5586.51265,10.130225,8.423994,5.64695,-63.110886,-73.663304,52.293985,-38.367522,True
255,2,1226,l,2,2,10,2961.2979,5269.59424,6.695929,-5.375568,3.998211,-206.907877,-68.52981,-46.757845,-33.644795,False
255,2,1256,r,4,3,67,683.55774,11764.2233,16.058129,15.519402,4.176173,100.385093,-76.666201,52.654022,-62.297129,True
255,2,1266,r,4,1,63,2596.9668,4864.16056,11.329394,9.594139,6.054016,-44.198474,-68.226578,56.490279,-32.279536,True
255,2,1268,l,1,4,48,567.0938,15135.4344,26.475519,-26.396982,2.115075,67.005143,-71.013765,-110.68097,-61.819526,True
255,2,1272,r,4,1,63,2184.8677,5774.79538,8.595562,6.531704,5.599694,-127.863406,-72.159803,47.843755,-30.92252,False
255,2,1291,l,7,1,27,354.01996,16353.6106,25.071439,-24.92344,-2.811449,103.870495,-70.09369,-86.49101,-80.172884,True
255,2,1307,l,7,2,46,743.2069,11594.6432,10.997256,-10.697417,-2.565455,80.280707,-72.045616,-39.617081,-81.6084,True
255,2,1318,r,10,1,37,359.29663,15097.1273,32.631173,31.50661,-8.96732,119.55831,-72.04933,104.473852,-103.595544,True
255,2,1345,r,4,3,67,3134.8337,4857.34571,7.989547,6.976352,3.903687,-45.103185,-64.963972,41.005113,-41.926706,True
255,2,1359,r,3,4,3,1630.4056,8674.288770000001,8.656233,6.949705,5.173338,74.485572,-42.931876,26.269832,-23.275218,True
255,2,1366,r,4,1,63,1383.6155,11325.832,7.51357,4.591094,5.954121,-212.643296,-65.973551,40.363084,-13.38176,False
255,2,1377,r,10,2,31,3397.6282,4080.5065,16.619904,15.646178,-5.676605,-175.142477,-51.539407,130.27431,-99.554146,False
255,2,1398,l,7,2,46,2238.1323,5789.19635,7.525147,-7.119927,-2.442378,-80.899872,-79.262192,-46.329026,-95.20526,False
255,2,1405,r,4,1,63,1369.9746,9554.7656,11.493753,6.681475,9.373559,-97.735108,-77.723575,45.421319,-13.280591,False
255,2,1446,r,4,1,63,1861.2257,7940.20301,14.088619,10.193057,9.777703,-1.933469,-81.242198,52.490601,-30.126771,True
255,2,1468,l,1,4,48,940.4341,10490.772,23.089184,-22.24362,6.354753,4.574393,-80.097694,-116.733601,-45.754578,False
255,2,1469,r,5,1,12,1435.5267,10128.3952,25.647651,22.350695,12.916097,45.372952,-74.179591,100.581808,-13.523293,True
255,2,1513,l,1,2,29,2436.3928,6332.09637,17.749688,-15.80945,8.174314,-62.716283,-78.663404,-99.871487,-26.005729,True
255,2,1522,l,6,1,57,2013.6184,5151.34327,15.083621,-15.039187,-1.170502,-190.634887,-77.776931,-129.138125,-87.945528,False
255,2,1554,l,1,4,48,2774.1355,5505.99011,16.466737,-15.425527,5.833816,-74.544635,-73.558029,-100.587078,-34.919678,True
255,2,1588,l,1,2,29,1806.3416,10265.41935,22.35824,-20.189798,9.812715,0.957965,-70.812934,-106.288332,-17.547736,True
255,2,1624,r,4,4,54,2824.962,4567.37556,8.694197,8.591096,1.340003,-209.94235,-77.458812,75.529706,-65.631587,False
255,2,1630,l,7,2,46,2539.5645,4731.07862,5.925276,-5.565844,-2.035515,-165.161907,-71.680925,-44.355086,-87.934639,False
255,2,1638,l,7,2,46,3050.186,3924.11543,8.545471,-8.441791,-1.331953,-71.963757,-78.053388,-53.719957,-86.561644,True
255,2,1639,r,4,3,67,345.71826,17436.50952,16.03287,15.815198,2.667216,122.162137,-60.653882,47.541417,-52.527477,True
255,2,1696,l,7,1,27,2573.2227,4445.87886,10.150703,-9.968846,-1.922568,-70.862678,-76.790998,-63.42753,-89.09003,True
255,2,1734,r,5,3,18,3118.8975,4596.48261,11.368307,10.89945,3.250878,-226.725075,-71.026329,99.500426,-41.13743,False
255,2,1742,r,4,1,63,2324.5442,5911.12192,13.470387,9.016713,10.049227,-4.72073,-74.123741,46.767308,-21.241916,True
255,2,1856,l,2,4,4,2920.2683,4166.237880000001,10.236188,-9.09135,4.723831,-40.97565,-69.842562,-52.962463,-42.144867,True
255,2,1876,r,4,2,59,1930.8196,6694.71737,11.801045,10.537216,5.34365,-138.064829,-76.444924,79.624755,-35.718817,False
255,2,1901,r,4,2,59,3768.995,3728.21501,8.955404,6.813771,5.82512,-238.531368,-69.388904,63.152391,-15.084978,False
255,2,1928,l,2,4,4,1392.536,9051.58112,7.470794,-6.682259,3.348293,-235.908475,-71.846744,-61.614964,-40.867832,False
255,2,1948,r,4,3,67,2481.8584,4961.28065,6.237098,6.006053,1.684971,-221.700768,-73.515044,53.836575,-58.37938,False
255,2,1949,r,4,3,67,2075.9324,6089.54434,9.119888,9.034101,1.253167,-8.257369,-72.705545,47.42131,-66.0991,True
255,2,1984,l,7,2,46,2865.7314,3532.27264,9.26245,-8.293933,-4.138052,-45.597104,-77.117388,-48.922032,-101.653948,True
255,2,1994,l,1,3,41,2239.4348,5641.3448,16.367304,-15.594093,5.034089,-160.549363,-79.30525,-125.745577,-38.10042,False
255,2,2053,r,4,3,67,287.82507,16546.2701,19.868056,19.785689,1.84458,165.191515,-62.4451,44.898609,-58.173452,True
255,2,2055,r,4,1,63,1802.9131,6973.61481,10.068952,6.287595,7.880339,-68.830311,-69.568165,39.5366,-19.601276,False
255,2,2057,l,1,2,29,421.33203,20041.4245,34.594143,-32.308428,13.098127,103.361431,-74.949435,-118.026435,-23.569185,True
255,2,2084,r,5,3,18,2578.237,5472.18155,12.965262,12.824851,1.919099,-222.685187,-69.516567,116.713083,-51.898446,False
255,2,2131,l,1,1,35,2821.4548,5262.53564,15.634735,-14.833338,4.997785,-220.430343,-72.543419,-135.179293,-26.367606,False
255,2,2145,r,3,4,3,2661.971,5030.50095,4.441955,3.589584,2.618172,-107.712295,-63.840201,24.949349,-45.618044,True
255,2,2153,l,2,2,10,1631.933,8074.0663,10.413818,-8.739164,5.685582,-100.95256,-75.909505,-60.097669,-36.529417,False
255,2,2153,r,2,2,10,1631.933,8074.0663,23.954981,23.495634,4.806966,-77.006893,-71.379664,159.545884,-37.726097,False
255,2,2154,l,1,1,35,2978.7021,5240.09849,16.660205,-15.905522,5.022806,-210.745751,-69.356508,-142.693354,-23.594063,False
255,2,2157,r,10,2,31,1586.6099,8643.79517,28.371058,27.957946,-5.031181,43.109749,-71.121077,131.041524,-95.728447,True
255,2,2168,l,7,1,27,1282.088,10616.39219,21.371805,-21.208264,-2.701871,78.997538,-82.179433,-81.877477,-92.860365,True
255,2,2184,r,4,4,54,2414.648,5767.54742,8.663127,7.960759,3.428095,-193.693723,-78.858382,67.640931,-49.601713,False
255,2,2221,r,5,3,18,1247.524,9365.8387,25.230318,24.041887,7.890422,63.886141,-69.320396,100.870511,-35.0062,True
255,2,2224,l,1,3,41,1576.6484,10027.22668,25.023592,-24.491679,5.298071,13.457369,-71.797127,-125.97924,-43.616808,True
255,2,2253,r,10,2,31,324.90753,17139.4603,34.088667,33.869774,-4.109892,98.404993,-70.513499,128.599838,-87.094064,True
255,2,2259,l,1,2,29,1451.2021,9740.52336,18.258853,-17.117869,6.450643,-72.982334,-68.748548,-111.791877,-25.80637,False
255,2,2264,l,1,4,48,2111.339,8867.63924,21.259507,-20.695176,4.976272,0.136602,-74.354342,-109.50236,-47.374638,True
255,2,2265,r,5,2,5,376.98895,18097.8485,33.652228,32.188117,10.393881,98.934102,-75.428922,120.265284,-34.018182,True
255,2,2270,r,4,3,67,2662.848,4779.29338,7.184054,6.867118,2.115367,-56.33059,-74.330767,41.708949,-61.445952,True
255,2,2280,r,4,1,63,1186.8546,10188.2545,15.859414,11.751159,10.726265,104.689595,-68.901012,38.548531,-33.046802,True
255,2,2306,r,4,2,59,2715.1091,5602.32712,14.246009,12.543132,6.808988,-47.431543,-73.919076,75.073321,-32.643995,True
255,2,2312,l,2,2,10,282.1371,20405.6602,22.04783,-14.25627,16.996674,109.906469,-75.566413,-45.758908,-18.768579,True
255,2,2323,l,7,4,39,777.171,10525.3789643,20.811731,-16.296839,-13.123529,81.180124,-63.389046,-61.0507,-114.111343,True
255,2,2341,r,10,1,37,2375.5535,7910.20842,14.38485,13.957747,-3.514338,-108.518584,-73.90336,99.049738,-99.122525,False
255,2,2352,r,10,1,37,2730.7336,4796.25324,13.08174,12.89643,-2.212917,-141.131158,-73.740017,98.713948,-90.830863,False
255,2,2372,l,1,3,41,1379.7676,8969.63166,28.555617,-28.236485,4.444121,33.744376,-76.299833,-137.613227,-53.693418,True
255,2,2391,r,4,3,67,3512.9434,3466.07361,7.519644,6.21463,4.24194,-93.026631,-71.927664,41.70897,-43.350104,True
255,2,2399,r,5,2,5,384.79407,19701.6956,36.495202,34.128902,13.793138,94.212256,-76.891515,132.702353,-18.826125,True
255,2,2415,r,4,3,67,1995.6807,6936.4177500000005,6.354751,4.652733,4.333156,-171.501553,-77.973738,37.559064,-42.889062,False
255,2,2453,l,7,1,27,590.1859,13881.7337,23.628912,-22.993083,-5.598722,103.735967,-69.713355,-79.037853,-89.54836,True
255,2,2528,r,4,1,63,1591.5344,8446.78615,6.272905,4.014991,4.82362,-233.113846,-66.269259,36.717223,-22.016378,False
255,2,2542,r,4,1,63,2218.4097,6329.67543,14.431228,12.275393,7.646801,21.863814,-73.764897,58.342521,-36.922621,True
255,2,2548,r,5,3,18,2249.9297,7059.36842,20.26388,20.036914,3.088536,-12.107387,-69.175893,110.178572,-51.824737,True
255,2,2579,l,2,3,24,3320.3079,4661.22667,11.207984,-10.497225,3.949961,-98.259627,-78.083089,-71.940217,-50.817733,True
255,2,2602,r,5,3,18,1545.31,8433.72179,14.483454,14.107357,3.312953,-163.512068,-70.302453,113.976267,-43.233878,False
255,2,2604,r,10,1,37,505.51016,14254.5283,30.026214,28.663422,-9.349378,102.649706,-66.092148,102.415887,-101.245729,True
255,2,2606,r,4,1,63,1397.2804,9275.1441,16.989177,10.645933,13.317254,67.475822,-67.901749,41.828937,-14.305989,True
255,2,2616,l,8,1,1,2428.9272,5361.872890000001,5.610226,-5.419311,1.453275,-2.473906,-72.148113,-27.746381,-64.69477,True
255,2,2622,r,4,2,59,518.74225,16128.3568,25.392945,23.812422,9.087836,101.912159,-71.189029,83.005336,-38.30374,True
255,2,2662,l,2,2,10,2565.2913,5442.33601,10.970448,-6.731465,8.682501,-101.053473,-83.770194,-46.155955,-23.638305,True
255,2,2675,l,8,1,1,3282.507,3915.25084,9.124633,-8.799642,-2.423114,90.716479,-72.068802,-30.849443,-80.602235,True
255,2,2677,r,3,4,3,3765.8022,3816.15487,6.447387,5.171233,3.855847,9.354585,-54.254232,25.398666,-35.261704,True
255,2,2706,r,10,2,31,1634.2998,9241.50832,19.904261,19.604751,-3.509701,-63.720358,-74.682653,125.987203,-97.712264,False
255,2,2728,l,2,2,10,376.66766,19058.0054,24.25824,-20.409784,13.401168,134.28484,-64.639123,-57.940219,-25.054137,True
255,2,2762,l,6,1,57,2171.927,4460.21204,21.753242,-21.667153,-1.981668,-60.298663,-77.567158,-139.168199,-90.609132,True
255,2,2763,r,4,1,63,2951.432,4358.03869,7.73577,6.214317,4.616065,-155.803409,-71.204418,48.542461,-34.997365,False
255,2,2766,l,7,1,27,740.82556,10757.458,20.984678,-19.933961,-6.694671,92.371753,-70.279142,-71.672945,-94.95491,True
255,2,2790,r,7,4,39,3515.16,2015.96799,5.657994,3.53928,4.417152,-237.008529,-82.11626,32.595886,-41.328667,False
255,2,2813,l,2,2,10,2875.885,4914.8893100000005,7.887971,-5.085427,6.037745,-226.069527,-74.189277,-45.925677,-19.388714,False
255,2,2842,r,5,2,5,1343.1592,10073.70575,29.967119,28.378905,10.054204,29.60068,-73.408544,140.673509,-20.932711,True
255,2,2871,l,1,4,48,1821.6827,9091.16781,24.081092,-23.153749,6.808562,22.236366,-77.761171,-114.507878,-42.991085,True
255,2,2885,l,1,3,41,424.72354,18004.3772,34.082779,-33.437175,7.023374,103.01301,-73.508155,-123.469346,-45.902627,True
255,2,2888,r,4,4,54,1447.5763,7555.06539,19.552155,18.726376,5.725925,50.812226,-71.224452,81.083339,-45.90044,True
255,2,2899,l,2,2,10,1396.273,9570.7694,10.291077,-7.557505,7.005399,-73.656969,-73.904309,-48.247705,-28.826487,False
255,2,2909,l,2,3,24,1700.3141,7895.53927,9.065363,-8.861345,1.920113,-172.901153,-71.240278,-72.168458,-55.534124,False
255,2,2909,r,2,3,24,1700.3141,7895.53927,27.010432,22.368266,15.546327,-94.218319,-73.751622,158.114466,41.833126,False
255,2,2918,l,2,1,17,3098.9858,4873.35404,9.49308,-8.607705,4.018418,-210.305524,-74.420455,-75.732919,-38.873676,False
255,2,2932,l,2,2,10,1488.3364,10053.08307,8.707651,-6.231601,6.094012,-156.844621,-68.564784,-48.792239,-20.574541,False
255,2,2941,r,5,3,18,859.2647,13802.75408,28.222526,28.035829,3.380919,104.023008,-71.206408,99.034949,-58.758814,True
255,2,2966,r,4,4,54,2846.3938,4647.45182,8.628134,8.381207,2.056764,-219.110515,-70.560471,75.008281,-52.079545,False
255,2,2969,l,2,4,4,2275.5613,5687.75446,5.864938,-5.159788,2.791984,-205.615804,-76.696675,-44.753871,-52.428179,False
255,2,2975,r,4,3,67,2275.2693,6318.67144,6.004042,5.576842,2.227788,-285.463984,-77.745005,56.189912,-55.251934,False
255,2,3003,r,10,2,31,2632.7517,4101.05775,24.018667,22.993287,-7.139615,3.097116,-67.809429,121.743382,-106.848134,True
255,2,3027,l,1,1,35,2724.2495,6483.295435,21.85299,-20.55918,7.573591,-64.547924,-68.135744,-132.977595,-17.788665,True
255,2,3046,l,2,2,10,2713.4417,7730.455400000001,9.267678,-5.793108,7.246309,-160.687303,-74.399032,-45.724376,-16.799699,False
255,2,3064,l,2,2,10,660.9476,14854.0018,18.388829,-16.757446,7.683224,114.046818,-61.843469,-52.980834,-37.053384,True
255,2,3065,l,7,1,27,1934.1926,6209.03034,16.895856,-16.81723,-1.652147,17.41409,-71.122323,-82.387988,-79.3359,True
255,2,3068,l,1,3,41,1702.6671,7819.77154,25.492775,-25.342845,2.856773,-4.999488,-73.057327,-139.715602,-56.768866,True
255,2,3070,r,5,1,12,2314.0728,7731.3494,13.206769,12.24644,4.982249,-222.623581,-72.666453,111.268138,-26.93713,False
255,2,3076,r,5,2,5,2289.9429,8529.29946,22.005444,20.526379,8.108524,-32.101598,-72.920162,120.597909,-23.918342,True
255,3,21,l,1,4,48,1907.3813,7433.85069,19.870507,-19.291839,4.853815,-13.574835,-71.968082,-106.261855,-44.655361,True
255,3,22,l,1,4,48,2047.9026,6135.19284,20.58359,-20.42104,2.63869,-28.004321,-75.489757,-118.397696,-59.851262,True
255,3,67,r,5,3,18,3458.1538,3783.41516,14.079865,13.446608,4.214105,-126.393245,-79.031439,99.55688,-47.485601,True
255,3,96,l,1,4,48,1437.1503,9367.3801,23.829914,-22.947276,6.6067,38.667448,-71.748183,-106.411496,-40.136616,True
255,3,117,l,7,2,46,3639.1716,2916.97921,4.92727,-4.707021,-1.45833,-209.552409,-83.919953,-41.132317,-96.680675,False
255,3,131,r,10,2,31,477.39108,15273.5189,34.8449,34.14265,-7.425627,96.23275,-72.233041,131.40075,-102.746332,True
255,3,135,l,1,4,48,1227.4918,11036.5781,25.342503,-24.927373,4.721635,43.630319,-78.038424,-114.504093,-55.5991,True
255,3,139,r,4,1,63,1509.8016,10786.57031,17.573151,13.779637,11.013197,84.697107,-65.505487,50.349867,-24.365519,True
255,3,166,l,1,3,41,1413.7241,9709.2809,28.58147,-28.364352,3.672084,27.168861,-65.528115,-141.901005,-46.358789,True
255,3,168,r,5,3,18,2045.4059,6911.99365,22.663995,21.639112,6.906323,6.989478,-73.292617,112.275331,-36.413857,True
255,3,221,l,2,4,4,2562.3584,3773.58129,6.310691,-5.978954,2.022819,-213.96107,-71.365794,-52.78129,-53.468772,False
255,3,263,l,1,4,48,2155.902,6305.03704,20.943633,-20.514757,4.310653,-29.216571,-81.043481,-119.443903,-55.352507,True
255,3,311,r,5,1,12,526.02295,15442.0489,29.163527,27.149222,11.080746,94.357488,-71.589676,100.32751,-28.530162,True
255,3,364,l,2,2,10,2983.2922,4415.66218,7.884415,-6.804801,3.991703,-222.025607,-75.10513,-61.098871,-39.121837,False
255,3,370,l,2,3,24,1966.7117,7084.41976,10.767524,-10.24713,3.324761,-113.95565,-68.923296,-73.026182,-45.075826,False
255,3,417,l,2,4,4,1741.1729,7545.21498,8.485927,-7.686078,3.6074,-177.156959,-68.989332,-63.04652,-39.270732,False
255,3,453,r,5,3,18,2242.294,6341.99397,19.488345,18.746739,5.423389,-16.561764,-72.981585,104.044238,-42.246137,True
255,3,471,l,1,2,29,744.038,14969.158,30.980335,-28.15061,13.501314,95.690313,-73.084808,-103.972385,-20.17136,True
255,3,489,l,2,1,17,1368.0299,9033.6078,12.499159,-10.68421,6.524696,-118.109249,-73.250072,-76.996561,-25.750236,False
255,3,517,r,4,4,54,2843.822,4948.41171,6.962956,6.798275,1.508943,-251.542309,-69.021499,64.558476,-54.655119,False
255,3,547,l,7,2,46,3555.835,3433.42311,6.028797,-6.020876,-0.309513,-158.428006,-86.736105,-47.296878,-89.171979,True
255,3,567,l,1,4,48,2216.8567,6412.08514,19.448589,-18.490416,6.13759,-32.187781,-77.330086,-107.7426,-40.798456,True
255,3,571,r,5,3,18,1767.834,9669.66635,22.185918,21.669153,4.87949,21.958273,-79.108988,106.499635,-54.486313,True
255,3,581,r,4,1,63,3095.4463,3903.92463,7.528234,5.747765,4.870026,-244.343182,-74.353461,53.784477,-28.595625,False
255,3,604,r,10,2,31,3524.39,3955.78013,13.677432,13.413764,-2.697504,-216.45899,-71.773464,120.784128,-96.304558,False
255,3,611,r,4,3,67,2595.2825,5164.11491,6.004888,4.646315,3.808182,-257.551308,-79.650812,44.500437,-43.083792,False
255,3,616,r,1,4,48,777.0703,9152.626,16.154791,13.264939,9.3045,-48.808519,-75.396517,79.872059,-18.365556,False
255,3,631,r,5,1,12,2954.6782,5741.07988,18.705966,17.078486,7.747844,-67.328652,-76.418245,109.781789,-25.55892,True
255,3,651,r,10,1,37,1347.909,9168.5133,27.304336,27.071395,-3.701589,64.073685,-68.806888,115.47004,-85.221569,True
255,3,677,l,2,2,10,1855.7975,8150.24993,8.222733,-6.805006,4.626664,-251.820929,-72.043109,-64.656251,-27.884349,False
255,3,683,r,5,2,5,986.2866,12725.8307,32.965806,32.263109,7.168796,67.336143,-65.533727,140.561665,-32.414513,True
255,3,688,l,2,2,10,297.4516,20056.9535,20.31,-14.801285,14.066153,91.589388,-71.510072,-52.427104,-20.091156,True
255,3,701,l,1,4,48,1371.0096,9004.868,16.304777,-16.00274,3.165443,-125.252328,-73.508931,-119.093179,-49.618149,False
255,3,724,l,2,3,24,2787.483,6379.18993,9.75938,-9.572455,1.909872,-222.228808,-74.815525,-86.383735,-57.493603,False
255,3,751,r,10,1,37,3543.7693,3206.55613,10.432367,10.181836,-2.284635,-248.404482,-75.280473,96.698056,-97.104102,False
255,3,769,r,4,1,63,2766.9443,4401.63498,7.88185,4.401926,6.544538,-233.36967,-81.086753,40.288802,-20.866517,False
255,3,794,l,7,1,27,1861.6943,5695.45974,11.339573,-11.302072,-0.927506,-114.606442,-76.526732,-80.863562,-83.206627,False
255,3,805,l,1,2,29,1897.2548,8754.93912,17.432998,-15.551469,7.977067,-113.251426,-79.37724,-112.221719,-20.721132,False
255,3,831,r,5,1,12,3569.447,4688.13587,15.447881,13.605455,7.386414,-190.16867,-76.043769,116.213418,-11.99935,False
255,3,875,l,1,2,29,1527.2837,8980.4565,17.868767,-16.5007,6.954539,-56.417048,-74.013384,-102.618007,-29.942705,False
255,3,879,l,1,3,41,1300.3397,10806.1429,26.80818,-26.416404,4.740024,37.380892,-70.365694,-125.491374,-46.976786,True
255,3,931,l,1,4,48,1827.1931,9250.06301,21.976902,-21.217062,5.865915,31.725879,-71.281376,-100.266422,-42.817204,True
255,3,999,r,5,2,5,305.32092,22314.40606,34.439434,33.145631,9.936292,81.830103,-77.175722,135.940617,-33.621357,True
255,3,1044,l,7,3,33,311.32098,13774.5179,25.244893,-23.807094,-8.654121,139.553096,-80.660618,-66.377243,-105.688594,True
255,3,1048,l,1,3,41,552.3509,17122.6328,20.713158,-20.154828,4.8794,-59.613771,-72.115239,-128.319961,-40.322559,False
255,3,1051,l,2,1,17,2191.2869,5249.9942,10.632552,-9.447999,4.899444,-139.340031,-71.51405,-71.446367,-34.204718,False
255,3,1071,r,10,4,50,265.88785,16839.490999999998,35.523899,33.473104,-12.657397,95.043563,-58.392646,128.907279,-110.881169,True
255,3,1072,l,2,4,4,2470.2446,5518.24699,8.390248,-8.033043,2.430067,-68.687883,-81.476157,-50.621256,-66.103275,True
255,3,1073,r,10,1,37,1395.9811,7155.56489,12.142654,12.006394,-1.827454,-225.180417,-75.668948,109.565069,-92.473862,False
255,3,1100,r,5,1,12,732.7478,14773.4513,16.417163,14.899478,6.973597,-157.774658,-69.680622,119.139256,-13.004718,False
255,3,1113,r,5,2,5,2463.5151,6807.66166,16.17072,14.964198,6.200303,-161.976003,-78.035951,120.803953,-27.209572,False
255,3,1152,r,10,2,31,2005.559,6182.1471712,16.127022,15.740432,-3.555179,-145.596159,-70.233227,122.772301,-98.350924,False
255,3,1172,r,4,1,63,2192.2483,6156.54543,13.804866,8.593327,10.845017,38.263815,-65.159119,38.041528,-16.385313,True
255,3,1179,r,4,1,63,363.4757,17678.7276,23.785771,21.701355,9.981692,137.624537,-67.98385,60.641736,-39.120416,True
255,3,1218,l,2,3,24,2369.5767,6832.79568,14.314641,-13.995242,3.037503,-36.910674,-73.567254,-81.479149,-55.689326,True
255,3,1238,l,2,3,24,1455.1936,8563.931550000001,8.157371,-7.646716,2.849332,-237.651383,-69.556025,-70.841656,-43.058514,False
255,3,1239,r,4,3,67,3124.106,4234.73658,6.146897,5.951776,1.539228,-86.442131,-72.074866,39.245354,-61.904641,True
255,3,1268,r,5,3,18,2015.644,9235.21469,21.301455,20.484338,5.973123,-13.166633,-80.195106,113.254913,-46.333655,True
255,3,1304,l,6,1,57,2281.8723,4735.09641,16.547139,-16.41861,-2.087336,-175.2881,-77.884352,-137.105973,-95.563638,False
255,3,1334,r,4,2,59,3033.6753,4264.85877,13.120284,11.371402,6.588246,-95.348155,-79.707099,77.499679,-34.309745,True
255,3,1341,l,2,2,10,713.51544,12955.7158,18.304881,-13.490048,12.489574,66.104967,-83.145183,-53.711313,-32.144506,True
255,3,1347,r,5,1,12,2347.9595,7584.10809,20.249395,18.572184,8.215584,-18.580184,-70.96972,103.681958,-23.969327,True
255,3,1354,l,7,1,27,1701.1029,6899.96543,10.021842,-9.979613,-0.923737,-142.672791,-72.768515,-76.133158,-79.851956,False
255,3,1368,l,7,1,27,2419.7896,4111.70711,9.561348,-9.26268,-2.38152,-228.003232,-76.180383,-84.479866,-98.008406,False
255,3,1376,r,10,1,37,446.4081,15227.9045,26.41588,25.811299,-5.822556,101.721892,-72.79974,91.063004,-94.126976,True
255,3,1414,l,7,1,27,3016.9277,3527.33401,10.414525,-10.165683,-2.275009,-69.499886,-80.351949,-64.46197,-94.861679,True
255,3,1434,r,5,2,5,1982.332,7462.26382,25.876586,24.6419,8.15681,-8.657285,-73.891875,137.000258,-26.795483,True
255,4,43,l,1,3,41,324.04095,20849.7904,35.818279,-35.578399,4.442003,94.907767,-66.958411,-139.561098,-48.324417,True
255,4,44,r,4,3,67,2185.7395,6198.49867,6.653379,6.301969,2.138013,-181.708281,-74.437669,52.093484,-56.720469,False
255,4,59,r,4,1,63,2116.046,7288.89345,7.900455,5.943173,5.214742,-169.880807,-70.959449,47.874312,-28.760898,False
255,4,75,l,1,4,48,2190.9583,6489.5346500000005,17.450742,-16.963553,4.156219,-33.05372,-77.436456,-98.542766,-52.893178,True
255,4,97,l,2,2,10,2572.9365,6024.49337,10.409693,-7.606572,7.127474,-69.510543,-77.400162,-48.010919,-32.046586,True
255,4,98,l,2,2,10,3030.9463,6035.3338,6.201408,-4.399463,4.374909,-233.740597,-69.083633,-40.294706,-28.896285,False
255,4,100,l,2,2,10,3414.1362,5009.24043,6.821538,-5.37763,4.203142,-238.206314,-69.401813,-49.722131,-30.412034,False
255,4,131,l,7,2,46,2551.7708,5466.09036,7.990191,-7.523506,-2.698503,-140.228739,-73.698039,-56.820264,-94.151927,False
255,4,135,r,5,3,18,835.34985,12197.7438,22.842095,22.216404,5.449498,3.904747,-70.2431,116.848872,-40.761075,False
255,4,149,r,4,3,67,2143.004,5850.28235,12.029077,10.956031,4.996929,3.407165,-72.807708,55.479796,-47.284356,True
255,4,191,l,2,3,24,2402.127,5064.53919,12.529537,-11.798429,4.247614,-20.53907,-81.617562,-64.866104,-58.055736,True
255,4,226,l,2,4,4,1167.7946,9103.90801,10.532823,-10.044834,3.185256,50.985523,-79.340342,-42.337572,-65.831994,True
255,4,247,l,2,4,4,407.43842,16883.1815,9.602552,-9.594595,0.392698,73.602837,-62.653762,-36.579841,-61.14954,True
255,4,327,r,4,1,63,3470.2607,4406.3538,8.252105,5.518051,6.145345,-168.700489,-78.152305,44.313695,-28.534228,True
255,4,348,l,6,1,57,1720.3131,6240.01991,19.457454,-19.303664,-2.489454,-109.27291,-71.057378,-139.85205,-89.450439,False
255,4,372,l,8,3,7,3222.7788,3819.06078,5.606319,-4.824612,-2.858891,-31.870849,-81.208563,-27.167495,-97.339468,True
255,4,373,l,7,1,27,2330.9175,5043.57941,11.064583,-11.029328,-0.888077,-35.919726,-84.672061,-63.525526,-89.819251,True
255,4,402,l,1,1,35,3055.212,5729.29879,19.142165,-17.766326,7.243937,-103.84792,-69.432456,-126.195446,-16.863976,True
255,4,513,l,8,1,1,2718.5425,4936.4776,3.972003,-3.8988,0.759641,-47.828509,-71.14615,-23.023729,-66.656485,True
255,4,610,r,4,2,59,2053.0867,6959.25797,8.7695,7.202263,5.016401,-244.622165,-70.241697,67.559937,-22.940887,False
255,4,612,r,4,4,54,2342.951,8416.14171,14.78819,14.100825,4.502037,6.523442,-77.509651,71.208727,-54.495986,True
255,4,616,l,2,2,10,958.1278,13672.0272,20.990202,-18.050062,10.897146,100.72399,-67.39614,-61.682394,-29.070972,True
255,4,628,r,4,4,54,330.1276,16591.7243,23.410989,23.064594,4.126642,115.608812,-73.285794,74.256807,-59.610626,True
255,4,632,r,4,2,59,2379.7852,8239.46467,16.814666,13.856569,9.619933,-6.545502,-67.599154,73.149087,-15.829525,True
255,4,643,l,3,3,23,3667.3855,3644.19406,5.18812,-2.839445,4.343914,-244.11674,-74.086409,-26.491271,-33.464383,False
255,4,646,r,4,2,59,2422.5789,5736.01311,15.238517,12.819907,8.307807,-44.870001,-70.410579,76.202962,-20.261632,True
255,4,675,r,4,3,67,1144.1075,10401.7802,16.617423,16.118268,4.097008,122.641163,-74.735502,48.363457,-62.257349,True
255,4,736,r,4,1,63,2813.1072,5207.07371,7.581733,4.777231,5.894178,-175.379785,-66.989975,38.892798,-18.777957,False
255,4,752,l,2,3,24,3117.318,5390.98575,8.592439,-7.763111,3.694286,-215.505238,-73.001446,-68.914069,-40.060607,False
255,4,784,r,4,2,59,2276.9775,5400.37834,11.694356,9.853173,6.330012,-180.00642,-70.722212,81.633476,-17.803229,False
255,4,807,l,2,1,17,2097.9849,9575.2501,18.850417,-17.220281,7.787124,10.261554,-75.317977,-86.702033,-35.267291,True
255,4,810,r,4,3,67,2495.8176,4872.5379,8.171289,7.387878,3.501035,-177.660009,-72.630227,60.637823,-43.778921,False
255,4,851,r,10,2,31,953.55194,11253.36107,19.638649,19.276547,-3.827318,-85.600751,-74.507634,131.360935,-101.127283,False
255,4,859,l,2,1,17,1047.8962,13083.4131,12.53148,-10.728654,6.513945,-107.947781,-65.471232,-75.399152,-19.224287,False
255,4,873,l,2,4,4,2429.442,5193.904930000001,8.042104,-6.867237,4.195342,-177.755245,-75.757036,-56.333233,-41.197538,False
255,4,873,r,2,4,4,2429.442,5193.904930000001,42.770865,42.353028,6.623603,-110.11818,-70.197463,364.757022,-7.326285,False
255,4,874,l,5,2,5,2570.6047,6369.343440000001,7.799868,-7.575154,-1.864201,-152.96304,-73.717723,-58.908395,-88.262186,False
255,4,874,r,5,2,5,2570.6047,6369.343440000001,22.96322,21.650864,7.842771,-70.518538,-70.419789,143.109739,-16.991272,True
255,4,890,r,4,3,67,3624.683,2850.14396,4.20073,3.917384,1.517834,-290.05595,-76.407697,39.721066,-61.001725,False
255,4,903,l,2,2,10,2129.424,6404.56202,11.080311,-8.837592,6.71031,3.971666,-70.385661,-44.471706,-36.32854,True
255,4,941,l,1,4,48,1665.0693,7567.63949,14.338677,-13.694082,4.292089,-119.801421,-75.499097,-99.853976,-43.843009,False
255,4,944,r,5,3,18,1341.1862,11022.07802,23.916322,23.416931,5.004891,56.47494,-72.715752,101.137259,-50.429294,True
255,4,994,r,4,4,54,2084.3647,6464.35456,10.048877,9.346471,3.707504,-213.897493,-73.650928,82.936093,-40.559759,False
255,4,998,r,4,4,54,2423.7068,5553.19999,12.664428,12.612245,1.157901,-9.247248,-70.33939,66.956835,-64.141468,True
255,4,1061,l,6,1,57,3017.2087,4609.1616300000005,18.544416,-18.447025,-1.931965,-83.218877,-73.440446,-124.493705,-86.711763,True
255,4,1085,r,10,2,31,1391.9696,11377.75011,30.199835,29.784294,-5.238801,55.828933,-70.59466,134.025803,-95.3338,True
255,4,1088,r,5,2,5,320.01984,19593.2248,35.718749,34.556549,9.658659,109.54394,-64.13286,124.286423,-26.841498,True
255,4,1130,r,4,1,63,2161.6365,6480.98783,6.950501,5.39388,4.390047,-160.671509,-67.013869,42.55243,-32.261455,False
255,4,1161,r,4,3,67,2076.8743,6221.63481,6.634727,5.716891,3.372617,-166.232103,-72.171754,45.673859,-45.150986,False
255,4,1183,r,4,4,54,2428.8787,7597.8456,13.241102,12.802312,3.409062,-3.587865,-66.045551,66.713983,-48.110767,True
255,4,1221,r,4,1,63,2258.0513,6851.07288,8.335861,5.355036,6.397618,-152.745331,-65.617735,41.501228,-15.756909,False
255,4,1236,r,10,1,37,1767.5461,6938.01987,23.350458,22.913991,-4.619918,51.165011,-75.167489,100.956581,-96.120671,True
255,4,1245,l,1,4,48,2174.2576,6576.10421,14.152762,-13.49102,4.317282,-150.189366,-76.036685,-105.607153,-41.862157,False
255,4,1251,l,7,2,46,1765.368,5296.06516,8.512964,-8.238297,-2.152439,-54.911553,-81.402845,-49.937868,-94.501456,False
255,4,1266,r,4,4,54,2171.29,5641.47631,15.078366,15.020104,1.339747,-10.668326,-68.32919,80.676917,-61.048643,True
255,4,1268,l,7,1,27,2233.1965,4632.31002,13.054026,-12.723142,-2.944876,-11.282138,-74.512021,-68.024744,-90.401047,True
255,4,1312,r,4,4,54,2222.8228,5297.23619,8.025947,7.938335,1.186462,-253.373885,-73.74877,75.769945,-62.386273,False
255,4,1339,r,4,2,59,3116.4998,4507.79309,11.271471,8.791156,7.082107,-106.725801,-78.963142,61.353698,-29.08821,True
255,4,1415,l,1,2,29,2399.955,6753.02339,19.325128,-17.884784,7.443687,-36.865305,-72.044046,-105.478763,-27.169685,True
255,4,1421,r,4,1,63,1707.5016,8340.6501,8.413873,6.1332,5.771006,-167.033312,-67.042566,49.110636,-20.586564,False
255,4,1452,r,3,2,9,2290.7742,6662.86186,9.970983,8.255144,5.611724,106.598735,-35.362804,26.608731,-17.153587,True
255,4,1457,l,1,2,29,1529.716,11002.67249,25.980411,-23.351996,11.72088,49.078438,-64.874017,-104.016506,-10.430347,True
255,4,1474,l,2,2,10,3579.9756,4205.27048,6.834315,-5.787968,3.640386,-248.52081,-67.755322,-54.586692,-33.317793,False
255,4,1505,l,2,4,4,1859.3545,7026.88132,13.209285,-11.301412,6.88331,66.309104,-70.211474,-44.703583,-42.674057,True
255,4,1548,l,2,2,10,2810.648,4764.7367,7.349094,-5.765627,4.564772,-163.831293,-74.2962,-45.823443,-37.878395,False
255,4,1595,l,1,3,41,792.50464,15089.1209,31.69452,-31.150934,6.163036,67.555891,-66.5057,-134.456714,-38.438677,True
255,4,1611,l,2,2,10,934.078,13294.8403,13.04189,-9.558682,8.91416,-27.378844,-78.12235,-53.445221,-27.640901,False
255,4,1671,r,4,3,67,1862.0193,7243.12686,8.567086,7.171389,4.699109,-116.215858,-73.753732,51.110924,-40.099797,False
255,4,1675,r,5,3,18,2009.0804,7272.43225,13.195894,13.046436,1.99784,-220.442709,-69.861408,118.280812,-51.583835,False
255,4,1719,l,1,4,48,2371.9683,7074.82423,19.234866,-18.702062,4.578549,-33.467893,-72.178669,-109.500817,-44.830952,True
255,4,1754,r,4,3,67,1244.6836,9180.31797,13.408748,11.705538,6.586401,70.802143,-69.166357,45.415788,-43.319487,True
255,4,1865,l,7,1,27,2372.1572,4891.67736,13.744809,-13.401049,-3.083127,-47.996364,-80.650822,-80.528632,-99.365805,True
255,4,1873,l,1,4,48,1934.8356,7234.53009,21.606054,-20.788112,6.023567,-9.396092,-81.686873,-113.658829,-47.894666,True
255,4,1887,r,10,2,31,1524.9142,9975.59376,26.936171,26.785038,-2.96097,47.941946,-78.051205,122.192993,-92.076454,True
255,4,1892,l,1,2,29,973.14594,14691.72122,29.086359,-26.565051,12.302448,82.25,-67.282654,-103.875,-16.628866,True
255,4,1916,l,2,2,10,2442.3582,6110.79508,7.973727,-6.734472,4.279211,-140.968161,-67.652776,-50.890014,-35.181324,False
255,4,1939,l,7,1,27,2896.741,3737.44484,9.556544,-9.508065,-0.965817,-184.929952,-72.905242,-79.544745,-81.02327,False
255,4,1991,r,5,1,12,1309.4062,10035.4019,26.128022,22.981779,12.782723,46.330001,-70.558539,103.340336,-10.509162,True
255,4,1993,r,4,1,63,3926.011,3056.33311,6.874496,4.809041,4.918198,-228.115247,-69.32193,43.589689,-24.580501,False
255,4,2054,l,1,2,29,2383.9966,8340.63414,22.302353,-20.912113,7.930963,-28.872083,-77.203372,-121.842655,-29.648046,True
255,4,2064,l,1,2,29,291.9037,21227.9073,30.689332,-28.568954,11.715274,104.356883,-67.892387,-101.085456,-24.05886,True
255,4,2097,r,4,2,59,3019.479,5697.86168,9.638269,8.594081,4.379741,-192.124647,-67.884847,72.863554,-30.539536,False
255,4,2104,l,7,1,27,1743.484,7679.19181,17.16528,-16.769708,-3.717633,41.132974,-79.272565,-74.993838,-96.161223,True
255,4,2107,r,4,3,67,1280.096,8967.6191,11.918933,11.697655,2.302107,62.689828,-62.757307,47.06397,-53.4254,True
255,4,2109,l,8,3,7,2232.7107,4973.15114,5.618602,-5.288664,-1.899731,-18.447934,-82.915898,-28.552298,-93.190461,True
255,4,2118,r,4,4,54,524.53186,14856.7208,21.296376,20.573684,5.624172,110.762818,-69.635952,67.27689,-50.782813,True
255,4,2125,r,10,3,43,2832.013,3578.83807,20.602386,19.538564,-6.666372,6.024243,-77.669706,100.776242,-112.888233,True
255,4,2150,l,3,3,23,3267.753,5215.62437,6.879756,-3.433038,5.965561,-159.50073,-68.521359,-26.965384,-21.465635,False
255,4,2189,l,7,2,46,3243.7737,3413.12471,6.808629,-6.668882,-1.375495,-210.602461,-72.944646,-58.531659,-85.04676,False
255,4,2239,l,1,3,41,2749.2004,5138.59918,20.041208,-19.938372,2.070204,-68.640359,-70.093847,-130.097727,-56.303244,True
255,4,2255,l,3,3,23,3556.495,3610.05837,5.88098,-3.461744,4.75708,-138.846506,-62.147416,-25.941978,-26.394425,True
255,4,2259,r,5,2,5,284.49817,21465.1863,39.317694,36.399999,16.017814,99.640596,-76.870151,140.34505,-8.974565,True
255,4,2313,l,2,4,4,1975.0297,7002.97166,8.026092,-7.472011,2.938745,-140.810491,-66.098145,-56.503193,-43.792738,False
255,4,2332,r,4,3,67,2237.201,6578.03207,12.867647,11.690521,5.41445,2.924042,-69.369967,59.401044,-41.583867,True
255,4,2346,r,5,2,5,3489.382,4257.94671,18.413353,17.468948,5.914291,-159.916434,-76.437594,141.590072,-27.576339,True
255,4,2374,l,2,3,24,2403.13,5851.29976,9.484292,-8.951756,3.146196,-251.084048,-70.304069,-85.232322,-40.195715,False
255,4,2429,r,4,2,59,2091.0027,6369.09737,16.988917,15.416213,7.227142,7.256496,-72.754739,77.966619,-35.561642,True
255,4,2439,r,4,1,63,353.3137,17353.17,20.989686,16.327954,13.37349,117.517163,-72.608674,50.528871,-29.878405,True
255,4,2440,l,1,3,41,2131.9148,6507.70683,22.712287,-22.273197,4.56204,-20.688482,-72.552116,-127.252876,-45.763065,True
255,4,2486,l,2,4,4,1339.1434,9216.61074,6.024724,-5.310324,2.849741,-147.939872,-73.888525,-40.706048,-51.994604,False
255,4,2547,r,4,3,67,2023.2587,6383.36063,6.672418,6.59014,1.046926,-220.846627,-73.140247,59.017887,-63.742768,False
255,4,2568,r,10,1,37,505.5573,18216.44498,31.26239,30.916102,-4.8886,105.807481,-68.947022,110.307264,-87.309971,True
255,4,2594,r,4,1,63,612.86334,14223.4382,22.510381,18.504752,13.048889,111.201224,-73.403846,59.841723,-29.704813,True
255,4,2624,l,3,3,23,3236.9534,4008.82601,6.571251,-5.152934,4.083333,-2.099229,-65.715715,-26.341195,-44.778568,True
255,4,2633,l,2,4,4,2113.662,7647.26077,8.001116,-6.978979,3.922743,-191.978556,-73.61292,-59.000033,-40.316006,False
255,4,2646,l,2,1,17,482.4938,17329.3135,26.074938,-23.489523,11.65605,95.036246,-71.677478,-84.730265,-27.82439,True
255,4,2657,l,1,4,48,1221.1195,12737.55947,27.754755,-27.500115,3.906491,61.342878,-68.270172,-119.031948,-50.666869,True
255,4,2660,r,5,1,12,2193.0935,7801.99326,13.485018,12.254091,5.672335,-238.638983,-77.454935,114.818304,-23.723312,False
255,4,2669,l,7,1,27,2387.9248,3885.38559,10.403264,-10.048287,-2.708355,-199.854368,-75.39317,-86.800276,-98.926689,False
255,4,2680,r,4,2,59,320.76462,17852.6237,23.929957,19.257409,14.484058,116.527905,-80.03932,60.604338,-32.571905,True
255,4,2697,r,4,3,67,2064.8374,6585.456325,6.985864,6.210537,3.204965,-256.447763,-79.808235,59.464903,-49.028918,False
255,4,2785,l,2,4,4,2176.8718,6523.40169,9.193792,-8.539946,3.417862,8.301106,-74.74157,-42.300988,-57.728811,True
255,4,2790,r,10,1,37,733.0286,12171.9838,30.230432,29.248193,-8.005983,99.18555,-67.713001,106.853321,-98.47196,True
255,4,2796,l,1,2,29,2418.843,7540.09345,20.148142,-17.603905,9.959798,-28.383359,-78.772103,-101.021036,-20.115975,True
255,4,2805,l,2,3,24,3384.9363,4297.98965,10.062687,-9.245338,3.989967,-172.541398,-75.252943,-75.291019,-42.56566,False
255,4,2872,l,6,1,57,1941.6681,8044.84494,23.736293,-23.601397,-2.602538,-26.269303,-81.713748,-138.183843,-97.401745,True
255,4,2888,r,4,4,54,2289.444,5304.7586200000005,10.716033,10.416553,2.529713,-38.304535,-74.511707,60.353207,-59.763985,True
255,4,2921,l,1,2,29,859.27625,14871.3306,30.286944,-26.565051,15.108475,71.75,-74.788817,-109.125,-8.910894,True
255,4,2922,r,5,1,12,2338.691,6319.51703,22.175558,19.936502,9.914563,-20.466293,-79.185243,112.61099,-21.459439,True
255,4,3002,l,1,2,29,2495.8342,6639.00265,13.40992,-12.283426,5.421753,-204.644855,-70.851281,-107.700137,-22.804154,False
255,4,3006,r,5,1,12,3161.6091,5274.88672,17.179372,15.944112,6.481279,-97.959924,-73.238606,110.836289,-27.401199,True
255,4,3015,r,10,1,37,3333.739,3912.50759,16.042194,15.815128,-2.724564,-67.104899,-76.204018,101.152345,-93.8667,True
255,4,3043,l,4,1,63,717.2072,12968.10407,17.88315,-12.106403,13.261847,-45.084363,-74.661812,-71.875033,6.109586,False
255,4,3043,r,4,1,63,717.2072,12968.10407,12.571243,9.3436,8.447957,-39.827502,-70.037346,54.269074,-20.391863,False
255,4,3044,r,4,2,59,2547.4421,5545.74016,9.338115,7.658711,5.358719,-210.729536,-69.937572,67.333888,-22.545903,False
255,5,3,l,7,2,46,3513.4363,3514.35419,5.705601,-5.672841,-0.61154,-186.357242,-74.068562,-47.318738,-79.178127,False
255,5,10,r,4,1,63,2153.323,6435.178739999999,13.489361,10.904328,7.989494,0.125338,-76.530585,55.843769,-35.097457,True
255,5,14,r,4,3,67,2151.9502,5550.44299,9.81443,9.293496,3.168946,43.819035,-78.353598,40.284984,-64.542504,True
255,5,30,r,4,3,67,2081.7483,7552.92668,8.217105,6.962397,4.37495,-51.198144,-68.294307,41.666579,-41.996673,True
255,5,99,r,4,4,54,1206.6748,9388.6544,13.585842,12.224445,5.973401,-86.079107,-82.853436,81.479151,-42.589484,False
255,5,113,r,4,3,67,2427.8486,5418.99118,8.695284,7.642254,4.160133,-144.584983,-75.63715,58.312252,-43.743941,False
255,5,120,l,6,1,57,1255.3417,8525.975480000001,28.858272,-28.66063,-3.524518,30.619607,-69.653341,-141.775053,-87.859879,True
255,5,124,r,5,3,18,2093.7769,7310.156546,20.335566,19.639356,5.382881,-1.472933,-72.241999,104.014492,-43.081181,True
255,5,132,r,4,1,63,2591.1113,5615.34857,9.032855,7.367759,5.24025,-14.823567,-66.802863,39.41526,-38.613073,True
255,5,161,l,2,3,24,2239.8464,6258.58231,8.825834,-8.237674,3.178964,-170.888446,-73.656188,-66.724416,-47.791399,False
255,5,175,r,3,4,3,2812.572,4728.61189,5.809232,4.750757,3.347115,-19.643617,-63.970642,25.733521,-45.798792,True
255,5,183,r,5,1,12,594.00885,15798.1936,33.539532,30.001306,15.748759,95.301793,-83.618964,112.41498,-20.218116,True
255,5,249,r,5,3,18,1243.6692,8623.37363,13.359587,12.928469,3.395533,-153.293376,-74.814738,101.759576,-47.828854,False
255,5,293,r,4,1,63,3450.4072,5159.51924,8.802635,5.888467,6.554681,-85.593209,-65.527177,38.737377,-22.141666,True
255,5,297,l,1,4,48,2187.3857,5798.68552,11.604173,-11.421932,2.062233,-197.90223,-72.832851,-98.572716,-54.909353,False
255,5,298,r,5,2,5,1341.731,9656.07557,28.312,26.877972,9.247799,37.106352,-78.670449,128.178043,-32.507116,True
255,5,308,r,5,3,18,2870.9265,5348.08994,16.835233,16.769188,1.511636,-70.691873,-69.442275,108.68768,-59.501179,True
255,5,318,r,4,1,63,2496.151,6045.94308,8.294378,6.184753,5.537581,-231.757753,-70.954004,56.540548,-20.072875,False
255,5,332,r,4,4,54,2571.8057,5666.900540000001,8.574288,8.458045,1.412231,-204.899725,-72.244594,73.592815,-59.909642,False
255,5,364,l,2,1,17,1011.7522,11936.9731,19.510223,-16.145625,11.102053,41.879924,-73.76322,-71.830268,-23.075542,True
255,5,395,r,4,1,63,3616.4219,3113.74343,5.770657,4.454688,3.671979,-228.333345,-71.881532,40.381286,-38.516175,False
255,5,398,r,10,1,37,1137.9929,9309.3854,28.534403,28.210133,-4.477492,75.591951,-74.198765,115.013414,-93.251369,True
255,5,469,r,4,2,59,2422.9976,5532.51262,14.534853,12.590568,7.32162,-51.680482,-81.516441,76.315582,-36.533385,True
255,5,483,r,4,4,54,998.97974,10965.3791,9.700917,9.076622,3.438285,-97.955959,-81.20443,61.978134,-57.599869,False
255,5,520,r,8,4,14,2984.9944,3978.57027,6.316905,4.986226,-3.883161,-3.537676,-81.735575,25.610115,-101.735987,True
255,5,552,l,1,3,41,1633.1345,9993.98486,25.995402,-24.616473,8.627524,18.668527,-82.599544,-124.31962,-37.315613,True
255,5,575,r,4,3,67,1814.7411,6586.92569,8.857922,7.444146,4.814364,-96.277287,-73.244658,50.471338,-40.433985,False
255,5,586,l,6,1,57,1571.9541,7072.19921,26.295527,-26.133946,-3.018712,25.250837,-75.470867,-129.893832,-91.022366,True
255,5,602,l,1,2,29,2430.6936,6803.872170000001,17.215436,-15.884328,6.724955,-98.94241,-77.422859,-110.678151,-29.740175,False
255,5,631,r,5,2,5,1846.594,9288.49455,19.611732,18.606117,6.312216,-126.116204,-72.28455,140.088034,-23.716654,False
255,5,639,l,2,1,17,1009.0722,11220.7369,24.368033,-19.985013,14.238059,80.145969,-78.298802,-76.318463,-21.637174,True
255,5,647,l,2,2,10,1680.6606,8964.89518,10.149434,-7.731929,6.594911,-155.344662,-67.981295,-60.465694,-16.020839,False
255,5,676,l,2,1,17,1239.9124,9886.3538,21.805182,-19.820448,9.278105,78.39998,-72.493121,-76.266011,-35.74856,True
255,5,683,r,4,3,67,1254.2797,8319.39283,11.522085,10.266874,5.257989,64.042927,-77.153406,40.92842,-56.020724,True
255,5,717,l,7,2,46,2580.9048,4556.80325,6.278444,-6.021356,-1.781525,-166.49062,-74.735197,-48.151131,-89.012423,False
255,5,752,l,7,2,46,585.5965,12086.4669,16.058067,-13.491255,-8.791097,81.108328,-64.019096,-50.116734,-97.240734,True
255,5,753,r,4,4,54,2138.591,5230.07816,8.542616,7.981066,3.056038,-187.915863,-73.120121,67.005648,-47.35532,False
255,5,776,l,1,4,48,2197.211,6408.69951,21.824576,-21.346791,4.651628,-11.827222,-77.649767,-117.961564,-51.282637,True
255,5,852,r,5,1,12,351.58795,18849.3759,32.367905,30.487758,11.436463,99.644454,-75.651123,112.073209,-30.964093,True
255,5,892,l,1,3,41,331.68753,19762.1428,35.60743,-34.927226,7.414091,109.075747,-70.754533,-126.34236,-42.0391,True
255,5,938,l,1,3,41,1306.4882,9378.5426,17.118248,-17.059649,1.436717,-164.341353,-69.91889,-139.423472,-57.999226,False
255,5,946,l,7,2,46,2456.8596,4597.718699999999,8.941981,-8.128434,-3.739189,-49.838963,-68.83419,-48.538327,-91.269409,True
255,5,952,l,7,2,46,484.9502,13726.7249,18.706523,-17.898508,-5.529854,100.523521,-79.246875,-61.193785,-98.523999,True
255,5,960,l,2,3,24,737.2396,12721.5735,22.969546,-21.929659,7.008171,87.047226,-80.408842,-81.708555,-53.513963,True
255,5,973,r,4,4,54,372.06433,17504.7506,24.396112,23.801041,5.518515,127.371767,-68.613825,71.731126,-51.440952,True
255,5,1056,r,4,1,63,2222.797,6310.54912,11.951253,7.851811,9.038495,-3.928404,-71.184567,40.533997,-23.985924,True
255,5,1071,r,4,3,67,2730.9402,4539.7501,8.179373,6.937653,4.343206,-37.3453,-75.018943,39.831422,-49.974096,True
255,5,1077,r,4,2,59,3476.1736,4569.7332400000005,10.619001,8.231845,6.731449,-158.521696,-79.113526,64.887451,-25.623621,True
255,5,1085,l,2,1,17,287.4906,21106.478,27.905228,-24.377722,14.016975,127.176186,-69.35698,-73.783834,-24.730492,True
255,5,1094,r,4,3,67,2702.4468,4623.09129,7.78349,7.24321,2.85695,-57.179981,-77.649708,44.125064,-60.184475,True
255,5,1103,l,2,4,4,2056.7444,6599.29302,6.775354,-6.599738,1.536008,-174.639245,-76.333019,-53.758445,-63.790684,False
255,5,1116,r,4,2,59,836.0606,13144.95978,25.47916,20.937778,14.857841,76.595951,-77.481303,81.65235,-16.864393,True
255,5,1148,l,1,3,41,2255.958,6927.32651,23.19107,-22.512902,5.718066,-53.764913,-77.80732,-142.48279,-40.545983,True
255,5,1149,r,5,2,5,2904.964,5199.34216,15.816618,15.223565,4.342169,-194.939305,-69.445867,131.969292,-31.285036,False
255,5,1169,l,2,2,10,2765.5916,5805.3499600000005,12.434145,-8.80487,8.814519,-82.2028,-81.533768,-57.652434,-23.128866,True
255,5,1183,r,5,2,5,790.5933,15064.113,31.434279,29.382763,11.705861,71.481207,-71.211233,123.042413,-19.250734,True
255,5,1189,r,4,1,63,2302.5015,5940.52242,11.525696,7.992683,8.331275,-10.634543,-69.797228,42.212281,-25.33992,True
255,5,1199,r,5,3,18,1141.4452,9825.7824,25.185835,23.390996,9.611844,58.690846,-79.630415,100.053254,-36.950667,True
255,5,1216,l,1,1,35,1695.8335,8515.99302,19.021957,-17.039248,8.584132,-120.832484,-78.101759,-125.91189,-13.238339,False
255,5,1248,r,4,3,67,440.63812,7221.12739,10.530016,6.55146,8.261826,-56.651686,-67.224946,39.811386,-16.558927,False
255,5,1270,r,5,1,12,824.4919,15541.02357,30.598,28.330714,12.071268,81.521291,-79.397046,112.398419,-28.745539,True
255,5,1274,r,10,1,37,625.85583,15832.77762,26.44758,26.418303,-1.291374,92.316697,-85.183004,98.209566,-90.158925,True
255,5,1303,r,5,2,5,472.10864,16924.4705,33.467096,32.609851,7.98009,73.182223,-72.380327,138.713281,-36.297257,True
255,5,1336,l,7,1,27,2143.099,5356.93177,9.674761,-9.533789,-1.653219,-175.067274,-73.525842,-78.107542,-87.136663,False
255,5,1339,r,4,1,63,3427.7192,4226.18328,9.391451,8.022757,4.898143,-77.418935,-67.290943,51.786188,-35.492805,True
255,5,1342,r,10,1,37,3516.494,3129.68148,11.058957,10.995513,-1.19024,-240.957521,-78.30427,103.164534,-89.542061,False
255,5,1386,l,2,2,10,2791.4358,4932.4741300000005,6.884416,-4.814878,4.926389,-241.052713,-68.746592,-44.73262,-22.810811,False
255,5,1392,l,1,4,48,1387.2328,10836.27422,25.921469,-25.568667,4.413247,35.139813,-76.381475,-121.937217,-54.576376,True
255,5,1401,l,1,2,29,318.2915,19581.4973,30.937848,-28.010772,13.704303,98.931401,-76.759048,-101.639057,-23.984268,True
255,5,1411,l,1,2,29,406.8335,19556.1427,32.033352,-29.635075,12.756163,107.377065,-69.766427,-103.892193,-22.200433,True
255,5,1417,r,4,2,59,2054.2756,6779.76925,12.884108,11.977798,4.781929,-105.67487,-68.089261,83.94305,-34.252494,False
255,5,1421,l,7,1,27,1372.0995,6989.84244,20.186758,-19.001652,-6.944441,88.273784,-75.983348,-69.466412,-101.969694,True
255,5,1440,r,4,3,67,2507.3916,4759.15169,7.077862,6.432218,2.959651,-77.571733,-70.616859,41.439081,-51.492409,True
255,5,1563,r,4,3,67,3572.618,3495.57896,7.138093,6.149779,3.630877,-237.786082,-75.714525,56.867887,-42.029632,False
255,5,1581,r,4,3,67,2769.7917,4733.14693,4.668626,4.068688,2.291435,-274.044398,-73.498423,40.121387,-50.871486,False
255,5,1623,l,7,2,46,1479.2141,7201.57999,11.212052,-10.913767,-2.584729,48.489054,-71.144715,-46.567861,-82.247982,True
255,5,1624,r,4,2,59,2819.4631,5920.186900000001,10.02965,7.808901,6.313657,-244.000588,-78.867331,73.233501,-19.231255,False
255,5,1639,l,3,3,23,3241.5017,5947.5276,8.830392,-4.525134,7.590717,-60.355265,-72.42024,-27.728206,-25.584648,True
255,5,1647,r,4,1,63,1342.0956,8258.17752,15.373233,11.806867,9.916289,59.373106,-74.710665,48.209316,-33.520803,True
255,5,1727,r,4,4,54,1787.239,7561.12107,16.548832,15.792841,5.008888,30.111897,-66.733125,73.505848,-43.06169,True
255,5,1737,l,7,3,33,318.5522,17273.1644,24.108612,-23.354319,6.158459,-38.283982,-74.868582,-141.750521,-36.285238,False
255,5,1767,r,4,3,67,2553.0703,5273.80332,9.371333,8.761672,3.337963,-17.230849,-71.458699,47.351421,-53.328055,True
255,5,1782,l,2,2,10,2424.5425,5411.61128,6.096336,-4.740062,3.838066,-243.104699,-73.261871,-44.204481,-37.374595,False
255,5,1879,l,1,3,41,1900.0663,9413.23815,24.214488,-23.947015,3.69981,3.581374,-71.428206,-127.204548,-51.162881,True
255,5,1926,l,2,2,10,1831.1461,7077.41719,9.559035,-7.935363,5.346802,-79.788893,-71.639136,-51.5451,-36.695566,False
255,0,4,r,5,2,5,3677.8796,3882.15469,16.44658,15.548401,5.428122,-199.011882,-74.756049,136.059966,-26.523546,False
255,0,44,l,6,1,57,1288.5078,8321.80099,28.407851,-28.027341,-4.834191,37.468474,-70.265631,-134.428007,-94.46056,True
255,0,88,r,4,4,54,2489.434,5737.33719,8.301528,8.060663,1.991808,-170.891366,-75.45089,65.271745,-59.262244,False
255,0,109,r,4,2,59,2576.7168,6072.49831,10.095268,8.237515,5.856156,-150.452623,-75.905755,63.764598,-30.259066,False
255,0,116,l,2,1,17,2294.5056,7100.1947,14.484259,-12.567023,7.260345,-17.141222,-71.831524,-68.46861,-31.741398,True
255,0,167,l,7,2,46,2722.802,4217.58088,8.117929,-6.93988,-4.2221,-62.275711,-75.863631,-42.878855,-102.0617,True
255,0,168,l,2,4,4,3189.2683,4151.15594,6.249452,-5.631314,2.714351,-214.553131,-69.58241,-49.750284,-45.545621,False
255,0,169,r,4,4,54,2719.574,5580.0874,7.678277,7.419109,1.983629,-254.977834,-67.415309,70.965094,-48.38081,False
255,0,179,l,6,1,57,1813.9264,5968.58974,21.513619,-21.438594,-1.838974,-30.903452,-78.726945,-126.010108,-89.796125,True
255,0,194,l,1,3,41,426.4895,18907.8195,33.522104,-32.998625,6.266267,84.583789,-73.263306,-133.391838,-46.369071,True
255,0,205,r,4,3,67,455.31592,14155.8496,20.246844,19.412284,5.867391,138.792055,-74.361009,53.285165,-57.885553,True
255,0,232,r,5,3,18,2287.5447,6074.031480000001,11.883176,11.642589,2.395663,-241.707262,-70.205318,109.55577,-47.493205,False
255,0,281,l,1,4,48,2365.022,5807.46041,13.353386,-13.106367,2.57925,-179.676216,-74.182109,-109.352101,-52.458809,False
255,0,291,l,1,2,29,2484.5825,7730.25373,18.874062,-17.451908,7.302206,-21.780899,-74.724345,-98.016501,-32.844311,True
255,0,297,l,7,2,46,1521.7172,6319.2964,8.823333,-8.68735,-1.549053,-18.138249,-80.236092,-47.082155,-88.665684,True
255,0,317,l,1,1,35,1121.9651,12433.1036,30.385256,-28.377633,11.344592,48.091128,-70.722211,-130.677618,-15.559566,True
255,0,340,l,7,1,27,2236.6655,4275.68226,14.829079,-14.36862,-3.705879,-0.700753,-73.203084,-74.469582,-92.639806,True
255,0,398,l,2,2,10,2487.9788,6165.44369,6.651906,-4.552595,4.855036,-226.941879,-71.572508,-41.16171,-27.524611,False
255,0,403,r,8,4,14,1932.6448,5064.4411,3.506725,3.408144,-0.826125,-76.76455,-80.859014,21.842144,-86.156984,False
255,0,423,l,2,4,4,3036.0952,4472.51072,8.440092,-7.820773,3.183345,-80.826444,-78.242932,-50.933879,-57.425006,True
255,0,429,r,4,1,63,3154.602,4441.26557,10.176186,7.140641,7.269124,-101.023341,-77.800357,48.986219,-27.533401,True
255,0,443,r,5,3,18,1736.3337,7271.6305,13.131189,12.761284,3.120797,-165.625082,-77.754145,103.19176,-52.283345,False
255,0,470,r,4,3,67,2184.0928,5274.05349,8.89607,8.075367,3.74453,-85.730682,-71.558141,53.309598,-46.721195,False
255,0,583,r,5,1,12,1970.8508,7670.2413,22.689416,19.431915,11.947432,-3.384356,-77.856887,103.500667,-12.027595,True
255,0,610,r,4,3,67,2625.234,4531.57947,10.448273,9.59233,4.161221,-6.428144,-71.011905,50.096249,-49.139469,True
255,0,635,l,7,2,46,1579.9823,7430.30077,5.545217,-5.465247,-0.939783,-239.271466,-82.794013,-50.639054,-91.515711,False
255,0,670,l,8,1,1,3883.5579,3418.39045,3.221663,-3.115283,0.821457,-185.607428,-71.934219,-25.885214,-65.104817,True
255,0,672,l,1,3,41,1555.1478,8154.60734,24.724499,-24.430716,3.92239,10.921906,-74.241436,-126.77588,-53.224412,True
255,0,679,l,2,2,10,1554.6184,11081.91133,10.966522,-9.33865,5.77497,-59.376176,-70.572599,-57.454565,-34.763862,False
255,0,682,r,4,4,54,2017.0594,6215.82111,11.070041,10.069945,4.621961,-134.335012,-79.307867,75.355951,-44.466247,False
255,0,687,r,4,3,67,3700.1538,4520.03231,6.246101,6.064623,1.4975,-170.910952,-69.305949,48.969356,-57.188884,True
255,0,721,l,1,3,41,1919.7288,6572.73058,16.601624,-16.2817,3.288291,-189.673463,-75.331874,-140.100047,-46.62097,False
255,0,755,r,5,3,18,2223.736,6836.69157,12.953057,12.643924,2.836177,-159.373854,-72.256059,100.808728,-49.440287,False
255,0,823,r,4,2,59,1752.2781,5758.801890000001,11.300323,8.509603,7.462877,-123.44029,-69.542501,61.859909,-14.781691,False
255,0,897,l,2,4,4,634.51495,15012.5174,16.67049,-14.036243,9.085697,66.5,-79.500571,-55.875,-42.658892,True
255,0,898,r,4,1,63,2618.9382,6120.67456,8.109636,4.973992,6.413195,-263.698485,-80.856863,48.189087,-18.38525,False
255,0,907,r,10,2,31,845.5377,11826.3995,32.449952,32.295692,-3.346639,87.225367,-73.028581,128.167462,-87.056145,True
255,0,916,l,2,3,24,308.90662,18041.3514,20.504544,-19.363069,6.879325,102.92342,-80.489712,-65.744556,-56.566257,True
255,0,924,l,2,1,17,2575.9624,5446.313967,38.657369,-34.728042,18.167314,110.605351,-70.833816,-124.348685,0.794194,True
255,0,933,r,5,3,18,1716.4706,8387.32831,20.054662,19.872684,2.751732,3.104948,-71.263479,103.699885,-56.601087,True
255,0,934,l,1,1,35,1512.4412,9051.6057,16.079085,-15.644877,3.758696,-194.192127,-67.400966,-135.597767,-34.367709,False
255,0,942,l,2,2,10,2339.3103,6250.22892,13.78508,-7.345951,11.696923,-64.89104,-91.346055,-45.75191,-17.263475,True
255,0,957,l,1,3,41,2178.0225,6119.9051500000005,15.18648,-15.048286,2.068108,-198.677546,-73.620104,-131.382255,-55.346845,False
255,0,1010,l,7,1,27,1328.4122,7795.32906,12.451589,-12.428142,-0.769857,-61.279,-76.200338,-77.414592,-81.033861,False
255,0,1019,l,6,1,57,1339.4758,10565.39454,26.419878,-26.222348,-3.345309,28.93566,-74.846395,-128.586086,-91.857044,True
255,0,1045,r,4,1,63,2629.3389,6000.3254,10.90763,8.436281,6.939336,-11.280214,-62.567309,44.684146,-25.497397,True
255,0,1071,l,2,1,17,2224.8606,6450.5662,11.694483,-9.817216,6.38619,-124.78487,-71.894562,-71.774144,-24.780308,False
255,0,1077,l,1,2,29,275.76108,22190.6113,31.630028,-29.61059,11.663433,85.644336,-74.922058,-116.140138,-26.40141,True
255,0,1148,l,7,2,46,2644.6487,3638.63251,9.62103,-8.340591,-4.812761,-12.19649,-75.681812,-44.30437,-101.397733,True
255,0,1155,l,7,1,27,1070.6154,9451.61415,18.62257,-17.838206,-5.436949,70.577315,-80.625889,-70.610349,-102.564924,True
255,0,1168,l,2,2,10,1008.22577,12197.44077,7.456021,-5.515026,5.025418,-228.606519,-70.464398,-50.073397,-24.648291,False
255,0,1200,l,2,4,4,3430.4128,4596.06588,5.826883,-5.513143,1.889137,-193.819937,-74.060903,-46.698578,-58.02861,False
255,0,1227,l,2,1,17,2663.2832,5874.78493,8.45366,-7.618367,3.674854,-229.92527,-70.428674,-69.542488,-36.738363,False
255,0,1236,l,6,1,57,556.9619,14565.9526,33.50707,-33.387809,-3.003898,90.462322,-74.399329,-131.509949,-86.9399,True
255,0,1289,r,8,4,14,3514.6465,3304.79631,2.223001,2.151535,-0.559266,-233.811873,-81.309061,19.679106,-86.425772,False
255,0,1313,l,7,2,46,2097.9553,5196.31851,9.392106,-7.915305,-5.071838,-13.208242,-67.665875,-42.156175,-94.835127,True
255,0,1378,l,1,2,29,645.32404,17150.4209,30.70274,-28.435873,12.095782,74.243576,-78.337009,-116.833702,-25.755531,True
255,0,1383,l,1,3,41,2810.5325,4884.72988,19.320702,-18.707581,4.917506,-79.524904,-79.145002,-125.131776,-45.578412,True
255,0,1417,l,1,1,35,2236.5293,6986.34287,23.837179,-22.225855,8.842535,-46.179053,-79.476245,-137.369129,-22.979703,True
255,0,1466,r,4,4,54,1739.0725,8525.79977,16.052785,15.926159,2.038864,32.34938,-67.873653,73.520907,-58.335191,True
255,0,1522,l,2,3,24,2672.7102,5029.35067,11.05697,-10.981242,1.299869,-122.393767,-76.087438,-80.021121,-66.555321,False
255,0,1558,l,7,2,46,3449.175,3305.15113,8.632155,-8.428562,-1.87049,-107.43443,-76.539808,-58.890464,-89.660861,True
255,0,1565,r,3,4,3,1969.532,7399.67857,16.207327,13.785901,8.606005,-202.772084,-74.691689,120.907866,2.097993,False
255,0,1566,l,2,1,17,2362.0,6738.10257,11.453239,-10.258147,5.121338,-159.708753,-71.683601,-81.386625,-30.724628,False
255,0,1586,l,2,3,24,586.2237,15162.0958,22.859812,-21.097455,9.009813,115.082852,-71.416569,-67.485982,-41.689053,True
255,0,1607,l,7,2,46,545.93317,13703.615,21.031242,-20.150187,-6.152894,126.585023,-70.06963,-59.963751,-88.834815,True
255,0,1625,r,4,1,63,1482.4307,9032.6444,7.604364,4.218197,6.332908,-272.985231,-81.365553,41.522821,-18.714383,False
255,0,1696,l,7,2,46,3134.1196,3765.78929,7.599164,-7.238412,-2.319773,-93.755502,-71.591673,-48.741,-87.262429,True
255,0,1707,r,10,1,37,1705.2303,8225.31394,23.238838,22.624001,-5.455476,50.37707,-72.11676,99.863187,-96.909743,True
255,0,1711,r,10,2,31,1752.5712,7879.67131,27.283929,26.548654,-6.533277,44.28202,-62.912573,122.771103,-94.370222,True
255,0,1771,l,2,2,10,2472.0825,5983.74708,8.876084,-6.211053,6.353429,-120.499455,-67.322898,-44.674636,-21.345952,False
255,0,1829,l,2,1,17,1781.5447,7857.383400000001,12.446867,-10.550151,6.642214,-98.360438,-77.339656,-72.330019,-31.337158,False
255,0,1877,r,4,3,67,2408.8718,5507.3716,5.864516,4.417983,3.860509,-179.396149,-79.262456,36.266266,-47.492852,False
255,0,1996,r,10,1,37,2155.4006,6271.68976,20.47598,19.524692,-6.292707,26.013727,-73.742711,93.610492,-104.629098,True
255,0,2033,l,3,3,23,3525.4915,4755.75105,7.344997,-6.350148,3.69874,36.136419,-60.024364,-28.251724,-43.512037,True
255,0,2036,l,1,3,41,1522.6221,11321.62949,16.558259,-16.207515,3.436447,-170.888069,-75.200547,-133.965917,-46.379075,False
255,0,2091,r,10,1,37,2543.19,5267.95218,13.473096,13.192012,-2.762334,-140.759763,-69.921879,100.970429,-91.269038,False
255,0,2093,r,4,1,63,333.306,18048.8831,20.842114,15.619773,13.974895,119.473026,-71.707944,47.67543,-27.642809,True
255,0,2099,l,7,2,46,436.61414,14272.0137,12.496653,-12.113708,-3.093128,87.467909,-77.259958,-43.469802,-88.45359,True
255,0,2100,l,2,4,4,2847.2344,3455.41767,6.271987,-6.263436,0.32806,-187.683759,-68.654518,-52.428242,-65.902975,False
255,0,2110,r,4,4,54,282.3448,18674.8714,22.55464,21.261684,7.707666,129.697938,-65.695764,62.375698,-42.415649,True
255,0,2122,l,2,4,4,2816.7732,4751.6388,6.209517,-5.411701,3.04947,-144.874235,-70.214546,-41.197322,-46.943504,False
255,0,2133,r,4,3,67,343.48132,16596.0999,17.409906,16.097672,6.720535,151.985579,-70.681197,39.82974,-53.754387,True
255,0,2176,l,7,2,46,679.2019,11625.9437,15.099693,-14.719002,-3.407087,79.786692,-80.017061,-55.222952,-92.956763,True
255,0,2177,r,4,1,63,1060.1014,11896.9535,10.554942,7.129595,7.803247,-15.878658,-59.477368,38.259658,-17.232911,False
255,0,2185,l,1,3,41,877.20355,15362.71272,31.215804,-30.795164,5.378328,77.046851,-75.891696,-126.921193,-52.55216,True
255,0,2189,l,1,2,29,1928.2203,7908.75208,23.414757,-20.777781,11.042665,-4.540305,-79.348269,-111.754681,-17.869401,True
255,0,2211,l,7,2,46,2356.0059,4593.20935,7.719844,-7.291406,-2.542901,-53.815102,-77.382156,-43.991314,-92.775865,True
255,0,2212,r,5,3,18,1220.6595,11571.72804,23.187185,22.663057,5.036774,54.049269,-66.742469,98.521621,-44.206792,True
255,0,2239,r,4,3,67,2563.4246,5448.32259,5.714601,5.612297,1.078197,-190.128916,-74.935816,47.181093,-65.856114,False
255,0,2249,r,4,2,59,1721.6736,7923.69056,7.554764,6.663353,3.568146,-259.082543,-72.375922,64.146351,-37.904189,False
255,0,2285,l,7,1,27,2493.211,4096.81083,7.140716,-6.959146,-1.603988,-255.02596,-79.95294,-66.526327,-95.328134,False
255,0,2311,r,4,3,67,1900.4589,6442.35467,6.954825,6.64749,2.049224,-80.22708,-75.977247,43.147741,-62.640503,False
255,0,2332,r,4,3,67,3571.8242,3188.09792,7.528407,6.697819,3.445326,-88.56214,-72.973385,44.456221,-50.025488,True
255,0,2340,r,5,3,18,2787.9292,6345.98823,18.110953,17.280948,5.504585,-58.856519,-69.564988,108.529461,-34.356425,True
255,0,2358,r,4,4,54,1764.6571,6749.85134,11.374674,10.957093,3.072576,-75.330554,-74.86371,70.729183,-54.889347,False
255,0,2378,l,1,1,35,2248.5168,7185.70655,19.794767,-18.565719,6.990786,-103.178169,-75.565882,-132.057234,-24.707116,False
255,0,2393,r,4,3,67,2220.5134,8657.13366,10.5023,10.333797,1.884018,33.268025,-74.369883,46.812565,-65.785655,True
255,0,2401,r,4,3,67,2655.0774,4655.96691,9.144801,8.40206,3.623125,-19.334713,-72.021183,45.689939,-52.221636,True
255,0,2406,r,5,2,5,3609.8748,4510.97844,16.807859,15.596952,6.343415,-165.984034,-74.263807,127.286879,-21.634984,True
255,0,2412,r,4,3,67,1847.3064,7757.77206,11.457258,10.080499,5.47378,2.656157,-76.379213,51.08284,-48.412121,True
255,0,2434,l,2,1,17,1785.0292,8207.93964,11.495439,-9.856136,5.9457,-158.166068,-72.220408,-77.863993,-24.84643,False
255,0,2471,r,4,4,54,692.2354,12874.8959,20.074395,18.934771,6.793359,107.353104,-68.81412,62.657872,-45.811566,True
255,0,2474,r,5,3,18,3752.133,3567.68139,12.644162,12.30332,2.938763,-229.449997,-76.576033,113.289943,-49.282644,False
255,0,2494,r,4,4,54,2174.678,7747.41492,14.669191,13.154728,6.549451,14.143074,-76.346277,64.471742,-43.821669,True
255,0,2499,l,2,4,4,2661.395,4761.8337,5.016092,-4.7015,1.750418,-256.213875,-72.436461,-44.921348,-55.687772,False
255,0,2525,l,2,2,10,739.941,13129.32,19.868331,-16.590126,11.089776,102.98851,-71.103561,-55.715457,-32.855837,True
255,0,2546,r,5,3,18,2097.166,6746.61319,13.39569,13.299184,1.619722,-142.596692,-69.912023,102.255022,-57.342389,False
255,0,2564,l,2,4,4,2520.7168,5139.03769,4.9611,-4.941375,0.442511,-168.108989,-69.59917,-39.60706,-66.047799,False
255,0,2592,r,10,2,31,3676.4844,3326.2577300000003,19.380408,19.192722,-2.742848,-88.651652,-79.824178,131.806526,-99.032373,True
255,0,2597,r,4,3,67,1254.155,8826.12928,13.703821,12.519054,5.618929,91.00704,-69.085319,44.185111,-49.030694,True
255,0,2637,l,8,1,1,2722.3726,4791.76973,4.200645,-4.187889,0.327405,-68.981839,-80.700183,-26.285688,-78.643338,True
255,0,2639,l,7,2,46,2593.188,3081.60687,6.631672,-6.348918,-1.919742,-101.629107,-76.875347,-43.574729,-90.083116,True
255,0,2644,l,2,2,10,3158.5276,4246.02974,7.949926,-5.942499,5.290417,-223.234658,-67.1078,-53.422428,-19.326276,False
255,0,2656,l,1,4,48,2462.3945,6237.0735700000005,11.840306,-11.671976,2.00337,-226.690185,-71.197654,-106.737866,-52.742387,False
255,0,2684,l,6,1,57,1542.3619,7453.99852,25.51281,-25.393529,-2.55024,13.574579,-75.313686,-131.218184,-88.942278,True
255,0,2703,l,1,3,41,1557.9209,11230.86938,17.714083,-17.137866,4.550133,-116.789799,-73.370686,-125.439226,-39.49326,False
255,0,2707,l,2,2,10,402.7509,18683.9966,23.834948,-20.277804,12.799843,134.115307,-69.51315,-57.594856,-31.757493,True
255,0,2715,r,4,3,67,3659.0159,3149.4631,5.338771,4.787207,2.366043,-221.912265,-79.120773,42.871368,-57.895167,False
255,0,2745,l,1,4,48,3303.6057,4510.95285,16.304573,-16.000443,3.17626,-123.924987,-75.930214,-118.69454,-52.034527,True
255,0,2746,l,2,4,4,2340.338,5448.49788,11.03747,-9.06145,6.328554,-75.245826,-84.316277,-58.250881,-43.29658,True
255,0,2754,l,7,2,46,678.1346,12104.6178,16.024646,-15.908209,-1.953652,115.551156,-74.603134,-49.720083,-80.790708,True
255,0,2771,r,4,3,67,1419.3835,8594.99411,8.962443,8.065185,3.921725,-97.252299,-69.851413,54.874108,-43.038474,False
255,0,2795,l,2,1,17,2121.5195,6902.5818,12.625844,-10.35653,7.261568,-165.926725,-73.303044,-83.3207,-14.24615,False
255,0,2821,l,8,3,7,3189.5205,2510.83114,3.756505,-3.44802,-1.491703,-170.233232,-75.559335,-27.729999,-87.566006,False
255,0,2824,l,2,2,10,1101.1824,9742.342,17.112455,-14.180914,9.677901,67.768369,-79.694532,-56.154484,-40.604818,True
255,0,2886,l,7,2,46,3360.644,2548.38815,5.310806,-5.128628,-1.380918,-232.098264,-73.183138,-46.858983,-85.819554,False
255,0,2907,l,1,2,29,1955.7404,8370.02072,21.571811,-19.858996,8.599599,-4.702436,-72.356472,-106.442313,-24.971088,True
255,0,2922,r,8,1,1,892.00714,11749.0534,90.0,90.0,0.019773,0.0,-43.800244,,,False
255,0,2961,l,3,3,23,1746.5319,6328.74679,6.565588,-3.385279,5.628831,-55.466022,-60.546263,-20.435393,-26.437991,False
255,0,2982,r,4,3,67,2071.606,5611.17751,6.39249,6.335304,0.854888,-70.984034,-69.907124,40.078164,-64.487528,False
255,0,2991,r,4,3,67,2585.892,5200.51317,5.544794,5.208438,1.904444,-228.570479,-72.055765,47.270613,-54.741253,False
255,0,3027,l,2,2,10,1572.0842,8789.50525,8.011285,-5.680119,5.658797,-205.680962,-78.85225,-49.301833,-29.494347,False
256,1,22,l,6,1,57,663.7317,12632.3731,34.30992,-33.682035,-6.957373,72.824437,-63.084363,-144.739732,-94.9326,True
256,1,49,l,1,1,35,2934.1873,5543.2374827,18.59762,-17.217875,7.138706,-105.329326,-71.256795,-122.510036,-19.421762,True
256,1,62,l,1,3,41,2287.9248,7800.39836,22.578994,-21.688065,6.437295,-48.235662,-78.760806,-134.518712,-37.691322,True
256,1,87,r,4,1,63,893.93915,12125.2665,10.163293,8.093629,6.167597,-133.112184,-71.517044,60.169778,-25.334438,False
256,1,254,l,7,2,46,2307.9658,4748.39287,13.089141,-12.68717,-3.245628,21.65427,-77.404132,-60.411182,-93.002213,True
256,1,275,l,2,4,4,315.9757,18018.4291,19.446752,-16.602838,10.271207,119.983145,-75.685839,-50.693394,-43.536432,True
256,1,296,l,2,4,4,1297.4941,9856.4613,13.836805,-11.156178,8.237583,70.689067,-77.043491,-43.250448,-44.681923,True
256,1,299,r,4,3,67,2177.627,5945.28179,7.959842,6.969186,3.855245,-37.550335,-69.739393,40.039323,-47.501983,True
256,1,311,l,2,3,24,300.9363,17921.2588,23.636635,-23.075568,5.265451,106.90006,-78.235446,-78.006478,-59.893573,True
256,1,312,l,1,2,29,1918.8436,7422.54219,23.839566,-22.226279,8.848198,7.227639,-81.655817,-115.548584,-34.103463,True
256,1,333,r,8,2,20,3856.591,2822.07981,5.080053,4.900336,-1.340906,4.682009,-74.375584,24.462065,-81.078668,True
256,1,359,l,3,3,23,3450.5413,5102.1468700000005,6.22253,-4.693257,4.090313,-20.080479,-58.043859,-25.456518,-35.795107,True
256,1,401,l,2,1,17,2216.2615,7576.63076,9.646681,-7.779124,5.722349,-202.399938,-81.217396,-67.267637,-31.417058,False
256,1,443,l,7,2,46,2285.4167,4390.32456,9.208319,-9.082055,-1.526089,-17.488714,-75.478502,-49.152941,-83.774493,True
256,1,477,l,7,1,27,1512.1921,8527.57693,19.68954,-19.290476,-4.021371,58.341069,-83.198252,-81.082575,-100.453007,True
256,1,482,l,2,4,4,3311.3147,3611.95172,7.857189,-6.733219,4.058956,-170.920932,-79.829477,-54.416704,-46.894964,False
256,1,493,l,1,2,29,2664.5056,6180.73852,14.650257,-13.193652,6.425777,-213.473174,-76.373801,-118.029719,-18.133571,False
256,1,507,r,10,4,50,546.0972,13989.6293,34.832178,33.341083,-10.721926,102.294318,-65.482492,123.492342,-108.026404,True
256,1,513,r,4,1,63,1798.101,6990.45166,10.351317,7.706927,6.931336,-5.862977,-70.892415,40.038668,-34.597012,True
256,1,636,l,2,4,4,1804.7699,6658.61271,9.760708,-9.297414,2.984603,-98.282473,-79.567774,-63.565697,-59.053887,False
256,1,652,l,2,2,10,3463.608,3620.42831,6.710666,-4.723202,4.772425,-213.593548,-77.967304,-41.608241,-35.780172,False
256,1,730,l,2,2,10,1233.3716,11054.6145,14.631598,-10.793052,9.938161,47.3919,-71.789657,-46.249481,-28.51572,True
256,1,739,l,3,3,23,2527.3691,5320.21286,9.434938,-6.104636,7.207524,6.429744,-72.206135,-30.328127,-36.140534,True
256,1,750,r,5,3,18,3151.7678,4676.69932,11.461978,11.37115,1.449667,-245.517914,-70.80375,107.698773,-56.980118,False
256,1,761,r,4,3,67,2234.5786,5941.66659,10.760955,10.16206,3.558625,31.539134,-77.723249,46.327781,-61.393473,True
256,1,762,r,5,3,18,2299.658,7683.92561,17.931541,17.4753,4.083443,-20.389883,-78.109149,97.718463,-54.878084,True
256,1,780,l,2,3,24,2126.811,5126.6433,13.842338,-13.389501,3.544168,-1.484089,-74.850807,-69.384864,-56.292892,True
256,1,781,r,4,1,63,3179.1213,4103.38335,7.328783,5.256878,5.113683,-279.8261,-71.108495,52.428646,-19.900317,False
256,1,822,l,1,3,41,1777.976,7918.90848,25.003267,-24.943961,1.778959,8.295087,-70.439658,-131.025873,-60.79018,True
256,1,829,l,2,4,4,2566.1667,4769.14299,6.728419,-6.37941,2.143303,-220.020418,-77.086071,-57.022375,-57.879548,False
256,1,855,r,10,2,31,291.20438,17406.4136,34.917123,34.439228,-6.149484,98.127676,-66.970261,131.570769,-92.036578,True
256,1,861,r,5,4,25,799.85236,12838.1792,16.44136,14.62039,7.604244,-100.38989,-67.772243,101.837317,-13.909574,False
256,1,871,r,4,1,63,1376.0946,8635.79922,15.80587,12.573111,9.656439,92.005075,-70.145479,44.159557,-35.628751,True
256,1,876,l,1,4,48,2509.0984,5420.73493,12.020727,-11.600102,3.173886,-198.455532,-71.848732,-100.266431,-44.198384,False
256,1,946,r,4,2,59,2642.2515,5524.55064,9.419126,7.06925,6.240481,-223.664275,-75.744586,63.700336,-19.145298,False
256,1,951,r,5,1,12,2055.1013,5963.64838,18.200533,17.114818,6.286972,-94.360393,-73.677911,118.353514,-29.37052,False
256,1,977,r,4,1,63,1332.8597,11251.1009,11.408824,8.504859,7.632669,-115.3614,-77.977568,60.616814,-23.051542,False
256,1,1004,l,7,1,27,2105.352,5161.01044,14.285606,-14.143833,-2.028415,-17.962744,-78.117101,-77.605407,-89.365302,True
256,1,1017,l,2,2,10,2223.8635,6211.00873,15.750586,-11.752208,10.561189,8.204911,-77.980981,-58.624792,-24.317083,True
256,1,1024,l,7,1,27,1370.9972,10156.91358,13.335148,-12.765533,-3.888238,-69.992588,-75.342521,-81.560604,-100.430216,False
256,1,1037,l,2,4,4,3165.739,4118.82344,6.649452,-5.265833,4.066054,-163.025384,-74.998562,-41.753436,-42.658579,False
256,1,1064,l,7,2,46,372.0386,15582.6321,20.725936,-20.288801,-4.326464,127.747749,-69.029774,-59.982878,-82.116921,True
256,1,1084,l,1,2,29,1924.474,8682.3831,12.009381,-11.400975,3.799218,-227.261364,-67.304288,-104.307349,-32.263486,False
256,1,1129,r,4,1,63,1986.0319,7152.67862,7.389044,6.171418,4.071333,-152.573668,-64.638304,47.855513,-32.953167,False
256,1,1132,l,2,2,10,1686.9288,7831.48248,13.961635,-10.920394,8.752344,32.461706,-72.791236,-49.689133,-32.41027,True
256,1,1146,l,2,1,17,2702.0808,5995.8351600000005,15.350061,-12.919125,8.361284,-40.970349,-71.217443,-75.918609,-21.309142,True
256,1,1166,r,4,4,54,1845.3674,7275.066699999999,9.79585,9.365997,2.88287,-199.039916,-71.118528,80.661884,-46.158675,False
256,1,1168,l,2,3,24,1749.0781,7186.93547,9.900304,-9.646631,2.237391,-100.512992,-73.564625,-66.377292,-58.088569,False
256,1,1176,r,4,4,54,2427.496,7406.26837,15.745151,15.183369,4.218258,0.449568,-68.754113,78.57887,-46.62564,True
256,1,1220,l,7,1,27,999.3665,9775.887,22.283907,-21.322704,-6.630631,95.67984,-73.433001,-75.850982,-97.68179,True
256,1,1247,r,5,1,12,438.75214,18002.1472,30.063678,24.944009,17.349205,82.373653,-83.152269,96.57085,-11.61526,True
256,1,1293,r,4,3,67,1378.2292,7974.81484,5.691285,5.506772,1.439642,-184.419016,-76.870318,45.737953,-64.892041,False
256,1,1343,r,4,2,59,2575.516,5862.14581,9.285921,7.576354,5.384839,-178.557013,-70.945216,62.322052,-26.38966,False
256,1,1355,r,4,4,54,745.21,12770.387,23.481573,23.139409,4.10855,102.445326,-70.673809,80.151367,-56.022949,True
256,1,1379,r,4,4,54,1683.2887,7701.2143,20.098359,19.102359,6.368606,48.374157,-70.871848,83.681593,-42.331664,True
256,1,1401,l,2,4,4,514.70325,16102.1398,19.444699,-16.732289,10.050915,138.392741,-70.720952,-45.5775,-42.661543,True
256,1,1466,l,2,2,10,2133.9297,6497.60953,15.029242,-12.675015,8.143022,30.935546,-72.664865,-58.263999,-34.670127,True
256,1,1487,r,8,4,14,2005.1761,4834.1359,3.065165,2.844934,-1.141338,-165.091445,-81.564582,22.615459,-90.642441,False
256,1,1508,l,2,4,4,1208.864,9574.7468,13.964378,-12.008831,7.179811,57.195742,-71.541308,-49.521577,-41.558472,True
256,1,1518,r,4,2,59,1494.882,8490.937,20.88636,17.909855,10.92707,64.072936,-67.037748,73.015369,-21.199071,True
256,1,1575,r,4,3,67,3470.8845,3545.38044,6.326281,5.626458,2.896861,-220.439265,-77.313312,50.286994,-51.358571,False
256,1,1582,r,8,2,20,3204.059,3985.75716,3.48971,3.444858,0.558032,-62.288463,-70.835781,21.206593,-67.398348,True
256,1,1598,r,4,1,63,1428.9672,8589.28618,17.701117,15.208737,9.165676,70.817768,-75.364982,59.586388,-38.71638,True
256,1,1602,l,1,2,29,1346.8848,9283.9768,27.506987,-25.216792,11.367593,40.979797,-82.625678,-117.269166,-27.287333,True
256,1,1636,r,4,2,59,2367.277,6183.23314,10.699439,9.536766,4.873185,-201.77565,-74.280787,82.619455,-31.764993,False
256,1,1688,l,1,3,41,1408.3044,11201.23713,24.883156,-24.736633,2.785442,-9.24683,-67.782753,-137.870034,-51.752428,True
256,1,1688,r,1,3,41,1408.3044,11201.23713,18.743501,16.46484,9.083807,-3.801404,-64.579005,86.831865,-15.596207,True
256,1,1730,r,10,2,31,514.5298,14408.3909,32.424723,31.858097,-6.380624,101.697742,-74.406085,117.016849,-99.197757,True
256,1,1770,r,4,1,63,449.1658,15961.9011,20.522312,18.249948,9.550715,111.448483,-69.996149,58.877282,-38.363224,True
256,1,1781,r,4,3,67,2565.3306,5860.3896,6.224856,5.108439,3.561788,-168.457719,-71.255235,40.984325,-42.604676,False
256,1,1801,l,2,1,17,3586.9146,4518.52426,12.136265,-9.830262,7.152507,-138.458594,-69.992032,-74.240719,-15.424744,True
256,1,1905,r,10,1,37,3351.9739,3879.74991,15.783275,15.624076,-2.264456,-97.032389,-78.03407,108.23672,-93.925614,True
256,1,1934,r,8,1,1,2940.5674,4263.43715,39.260678,36.928761,14.398373,-50.874075,-76.905824,256.203169,32.56767,True
256,1,1938,r,10,2,31,3625.6099,4041.28574,18.801469,18.637175,-2.525367,-93.807104,-76.062562,129.442652,-93.926984,True
256,1,1954,r,4,1,63,1170.3999,10348.2409,8.227454,5.915663,5.728236,-79.44905,-62.999779,38.280922,-25.741557,False
256,1,1957,r,4,3,67,3142.672,4647.66857,5.953184,5.062957,3.135678,-172.523212,-70.93647,40.977703,-45.498991,False
256,1,1999,r,5,1,12,1210.842,11029.7964,26.946704,24.344546,11.922706,61.097657,-69.218477,103.567694,-16.169482,True
256,1,2136,l,2,1,17,2003.031,7563.323530000001,12.743906,-10.296203,7.550567,-155.089962,-74.97205,-80.856085,-15.009592,False
256,1,2156,l,1,3,41,1889.2313,7360.754396,26.416057,-25.960495,5.063675,-3.99159,-74.958872,-143.138439,-45.98512,True
256,1,2169,r,4,4,54,632.39526,13442.2441,20.305285,20.235181,1.722334,107.038169,-68.966312,67.444425,-63.102861,True
256,1,2172,r,4,1,63,2169.7766,6430.60615,6.423587,4.428232,4.657946,-255.430688,-73.133097,42.238963,-28.560492,False
256,1,2198,r,4,3,67,2421.699,5367.1205,7.228623,6.812139,2.423934,-120.388145,-68.968055,49.024012,-51.472449,False
256,1,2209,l,7,2,46,2641.7644,3994.49092,9.571262,-7.611449,-5.820183,-31.043045,-69.905996,-42.901586,-102.921518,True
256,1,2210,l,1,2,29,1729.586,9309.8540975,25.244368,-22.784581,11.171682,-2.291541,-75.573468,-122.775502,-12.962606,True
256,1,2211,l,2,4,4,2082.5454,6910.32817,8.196872,-7.608403,3.058757,-179.271361,-68.499762,-62.684214,-43.200976,False
256,1,2245,r,4,4,54,3883.1113,3177.67736,9.09281,8.822701,2.208564,-236.896644,-69.493149,81.781684,-48.929637,False
256,1,2259,r,10,2,31,2500.1392,4974.5248,13.604753,13.55414,-1.183563,-231.214753,-78.565903,125.653605,-89.642709,False
256,1,2275,l,1,4,48,2723.5144,5595.38078,15.136317,-14.817676,3.12462,-166.833242,-72.288485,-120.851338,-46.49254,False
256,1,2282,l,2,3,24,990.04175,10805.0864,16.79985,-16.73906,1.448762,44.299403,-68.165672,-73.896324,-61.676682,True
256,1,2315,l,2,3,24,3230.1155,3870.92284,8.991228,-8.8159,1.773968,-239.003949,-70.499904,-82.044468,-53.919995,False
256,1,2327,r,10,2,31,1923.5146,6769.12167,22.573043,22.382352,-3.006181,-21.015921,-80.10968,128.079454,-97.77373,True
256,1,2356,r,10,1,37,2928.395,4240.2472,12.046577,11.931575,-1.672753,-215.437292,-79.163235,106.80329,-94.249632,False
256,1,2367,l,1,4,48,1427.0564,8939.483049999999,24.331352,-23.544682,6.319665,20.757453,-71.408553,-117.319742,-38.882533,True
256,1,2377,l,7,2,46,1347.796,7200.50845,13.137525,-11.830777,-5.753204,56.966191,-76.682037,-48.813955,-100.670037,True
256,1,2411,r,4,1,63,847.4373,12247.6972,11.917072,8.695141,8.180856,-55.040032,-69.055135,52.7686,-18.87505,False
256,1,2418,l,1,3,41,1104.819,10892.0808,23.188293,-22.701147,4.858362,-30.981757,-75.722725,-134.277126,-46.148759,False
256,1,2450,l,2,1,17,316.55756,19113.7531,26.806548,-25.722628,7.816889,116.216252,-62.909351,-83.721014,-36.427554,True
256,1,2470,l,2,3,24,2515.098,4827.96384,7.847654,-7.54971,2.14809,-203.530382,-76.614983,-65.410169,-57.941365,False
256,1,2487,l,2,3,24,2125.1597,5864.87308,15.170366,-13.440764,7.100352,21.529879,-79.868163,-64.160485,-45.485039,True
256,1,2490,l,1,2,29,1879.2748,10473.79359,23.799029,-20.710678,11.991563,19.526887,-72.748144,-102.260883,-11.329981,True
256,1,2492,l,6,1,57,2094.1382,5956.81826,22.684187,-22.421898,-3.531913,-22.172482,-72.114656,-128.80781,-92.958242,True
256,1,2497,r,5,3,18,2227.9497,8822.5323,19.88923,19.68621,2.892497,-21.766017,-76.790792,111.543745,-60.060477,True
256,1,2517,r,5,1,12,2413.15,6602.49762,14.055867,13.21824,4.822844,-213.13276,-72.285748,118.177723,-28.67918,False
256,1,2521,l,8,1,1,3219.4666,4188.14174,4.562584,-4.511907,0.678838,-31.580222,-72.378313,-25.376157,-68.556223,True
256,1,2537,l,1,3,41,1179.0104,10632.3569,29.758229,-29.707685,1.818666,58.081883,-67.936118,-132.324987,-59.457823,True
256,1,2582,l,2,2,10,3544.8633,4821.31491,8.296959,-6.784172,4.787673,-116.993047,-68.545821,-48.416955,-34.217479,True
256,1,2606,r,8,3,7,2304.7712,6496.30623,11.184023,6.290843,9.265719,-125.330603,-69.423809,45.785743,-1.255478,False
256,1,2608,l,8,3,7,3267.1804,3385.68657,4.32573,-2.979956,-3.136986,-194.004485,-73.191751,-25.19582,-99.753779,False
256,1,2618,l,2,1,17,2535.5857,6496.43687,10.028133,-7.958356,6.121231,-194.159387,-76.22606,-67.685354,-23.797947,False
256,1,2618,r,2,1,17,2535.5857,6496.43687,22.420454,18.185883,13.341267,-149.754845,-67.40178,144.46398,42.369539,False
256,1,2619,l,2,1,17,419.88956,19239.9502,27.383627,-21.08483,17.887445,114.3398,-77.531152,-67.728201,-16.768852,True
256,1,2659,r,4,1,63,2898.7717,4692.202499999999,7.517768,5.110858,5.520589,-253.124237,-79.273098,48.576291,-26.569657,False
256,1,2677,r,4,2,59,3125.8503,4081.67558,8.283336,6.879073,4.625468,-227.279594,-74.398944,62.406019,-32.244726,False
256,1,2728,l,1,1,35,1732.5533,8224.2377,26.404604,-23.657034,12.081479,-10.107098,-80.716156,-131.469476,-10.586825,True
256,1,2733,r,4,3,67,1933.7976,6814.35078,10.282091,10.228148,1.057495,63.26377,-71.67665,40.911291,-67.423771,True
256,1,2747,l,2,2,10,1825.5956,9055.68099,9.35326,-6.255173,6.967748,-125.337651,-68.642852,-45.524822,-17.5791,False
256,1,2758,l,3,3,23,2357.0059,6198.89908,6.966704,-3.351835,6.110876,-142.306225,-73.272734,-25.319045,-26.910213,False
256,1,2783,l,1,3,41,2208.3433,9136.94925,21.138845,-20.577856,4.946129,-39.63156,-66.401067,-123.75498,-35.930135,True
256,1,2784,r,4,1,63,3464.8147,4890.20419,10.151982,6.443493,7.86163,-129.67958,-72.034395,47.397222,-13.717086,True
256,1,2792,l,1,3,41,1681.8251,10339.36579,24.969701,-24.598059,4.432144,7.2398,-82.430438,-129.446141,-58.326191,True
256,1,2823,r,3,4,3,3552.0566,3236.5838,5.115864,2.814599,4.273734,-135.380507,-65.220208,20.913225,-33.393398,True
256,1,2850,l,7,1,27,1798.1306,5401.08505,11.648132,-11.282576,-2.914193,-104.63099,-77.004191,-78.730261,-97.489235,False
256,1,2860,l,2,3,24,3443.257,3776.36067,10.742825,-10.417565,2.638083,-184.610367,-73.449805,-87.257715,-51.215237,False
256,1,2866,r,10,1,37,2723.786,4630.41899,20.732196,20.056514,-5.361406,-15.297901,-69.377806,111.460494,-99.87925,True
256,1,2881,l,1,3,41,2041.9205,6301.10422,22.534621,-22.278923,3.474704,-26.760424,-72.892435,-129.776816,-52.107277,True
256,1,2969,l,1,3,41,1307.8231,9536.30486,16.25806,-15.913337,3.374096,-186.628369,-71.710911,-135.891123,-42.490408,False
256,1,3031,r,5,1,12,797.76154,14977.41731,21.023427,18.668979,9.844522,-9.283138,-66.719075,101.121186,-11.899992,False
256,1,3067,r,3,2,9,1093.0557,10206.19074,15.333523,11.488997,10.223872,-110.800119,-81.605875,81.463555,-7.840092,False
256,1,3116,l,1,4,48,2880.6326,5313.93175,12.924322,-12.822893,1.629729,-228.487313,-71.461451,-118.015305,-56.33224,False
256,1,3128,l,2,4,4,883.0152,10922.328,11.917562,-11.769581,1.885574,-16.467543,-71.859681,-63.854617,-61.553675,False
256,1,3175,l,1,3,41,1500.8745,8547.942439999999,16.617892,-16.153024,3.956157,-150.538451,-76.784481,-127.596664,-45.065568,False
256,1,3176,l,1,3,41,1295.7709,9624.2322,15.145721,-15.028413,1.903457,-193.450719,-68.621005,-129.797221,-51.985095,False
256,1,3180,r,4,3,67,3521.9968,3154.0347300000003,5.5379,4.632348,3.03806,-219.906154,-70.444818,41.315832,-43.293414,False
256,1,3216,r,4,2,59,572.86487,14860.3144,27.5748,23.845355,14.272897,115.982783,-68.141832,76.915342,-19.741609,True
256,1,3236,l,2,1,17,684.5053,14905.371,11.644259,-10.372248,5.321223,-182.56159,-79.788899,-86.494703,-35.042932,False
256,1,3243,r,4,3,67,441.34097,15215.5928,15.40027,15.196188,2.528811,136.5815,-75.018592,41.671922,-67.997397,True
256,1,3251,l,2,1,17,2284.7576,7592.77696,11.528357,-8.97211,7.268928,-137.431602,-73.895258,-67.485246,-18.700248,False
256,1,3273,l,2,1,17,1730.9209,8136.49195,17.214773,-15.557319,7.462928,16.487041,-64.869031,-76.146605,-27.677799,True
256,1,3281,r,4,3,67,3161.141,3970.31061,8.128137,7.920848,1.829791,-74.611357,-74.046391,50.729241,-62.286047,True
256,2,36,l,7,1,27,2229.249,5226.03417,11.262601,-11.251667,-0.499401,-50.973382,-79.584386,-67.834133,-82.614692,True
256,2,52,l,3,3,23,3506.9739,4539.7557400000005,8.080201,-5.907022,5.52313,33.276687,-56.130805,-26.561575,-31.174044,True
256,2,95,l,1,2,29,1754.8605,8717.76153,12.783736,-11.289237,6.037408,-212.472963,-78.853711,-100.30585,-24.661421,False
256,2,110,l,1,1,35,3123.747,4820.94773,20.300352,-19.291654,6.443497,-117.082579,-76.572135,-142.491723,-27.862459,True
256,2,161,l,7,4,39,1180.931,7881.60022,16.557761,-13.536839,-9.625329,117.7952,-78.035057,-41.459836,-108.074125,True
256,2,188,r,4,3,67,2265.781,5603.63534,11.152495,10.714354,3.113526,-2.041921,-76.227996,55.257674,-60.060565,True
256,2,193,r,4,1,63,2649.0513,5452.82678,9.177047,7.271155,5.614088,-165.687966,-72.042198,58.141813,-26.88534,False
256,2,195,r,4,3,67,3569.8904,2986.56152,4.955761,4.304616,2.457888,-213.312887,-78.705685,37.885067,-57.040078,False
256,2,207,r,4,2,59,2852.5613,5115.96149,12.330902,10.456092,6.572851,-172.896353,-79.101671,85.425899,-24.864352,False
256,2,223,r,4,3,67,454.21167,14853.1013,20.203921,18.649791,7.912873,133.892239,-83.741205,52.687134,-60.841257,True
256,2,261,r,4,3,67,2357.7349,5616.56361,6.176644,6.049851,1.247406,-182.786641,-70.684353,50.107813,-60.331866,False
256,2,278,r,8,1,1,2614.2664,5900.98626,28.890134,28.611098,4.186532,-156.964721,-84.215898,243.805398,-46.947672,False
256,2,280,l,1,2,29,2597.5618,7990.90765,19.945474,-17.08313,10.45239,-32.04,-72.473817,-98.968657,-10.321805,True
256,2,287,l,1,3,41,1632.757,9004.75055,20.312976,-19.793339,4.659588,-111.967586,-72.021584,-144.664447,-37.202123,False
256,2,294,l,2,2,10,1116.6173,10395.45773,17.188692,-15.343911,7.841843,90.430522,-67.952221,-54.760462,-39.450148,True
256,2,324,l,2,4,4,3500.3254,4100.72068,7.240844,-6.987027,1.905071,-184.873271,-75.851345,-58.197964,-59.937921,False
256,2,329,r,4,3,67,1386.4779,8831.68309,8.260924,7.118129,4.20311,-18.341054,-63.945767,38.504986,-41.109788,False
256,2,336,l,6,1,57,1735.3475,5902.01432,18.124951,-18.023459,-1.948017,-120.98592,-81.745426,-133.723486,-96.445379,False
256,2,340,r,4,1,63,2400.1318,5878.1573,8.011297,5.942569,5.38245,-232.607143,-77.791333,54.398654,-28.285881,False
256,2,343,r,4,1,63,3761.4644,3554.72523,6.795945,5.371222,4.169632,-197.398316,-70.022386,45.825721,-34.333101,False
256,2,381,l,2,4,4,3106.659,4278.09074,6.836718,-5.897421,3.464616,-138.491804,-78.982307,-44.260831,-52.902198,True
256,2,473,r,5,2,5,1406.887,10540.7758,19.68806,18.846719,5.800342,-80.587361,-67.195406,126.495518,-27.41764,False
256,2,500,l,7,1,27,1267.2136,7984.1992,8.137037,-7.858592,-2.117084,-253.363723,-76.480635,-74.997731,-96.757546,False
256,2,514,r,4,2,59,906.42114,12002.1315,12.272272,10.955286,5.564974,-49.910357,-72.902007,65.796631,-39.168516,False
256,2,523,l,1,4,48,610.43774,15674.7059,28.94017,-28.517988,5.146147,92.750561,-69.38144,-107.177906,-49.164242,True
256,2,633,l,1,4,48,2615.0398,5565.54135,17.572074,-16.714618,5.501205,-72.000274,-78.318398,-108.705964,-41.916022,True
256,2,682,r,4,1,63,1636.5377,8096.58261,8.657513,5.506495,6.690971,-195.290548,-72.89153,46.783686,-15.696589,False
256,2,696,l,2,2,10,2047.3789,8133.37121,10.017292,-6.097539,7.96279,-213.550084,-85.041198,-53.792102,-14.204541,False
256,2,702,l,2,4,4,3488.703,3583.61885,6.884379,-6.274819,2.837879,-121.822329,-78.642426,-45.282417,-58.104996,True
256,2,721,l,2,1,17,3326.559,5508.46639,12.348341,-9.358386,8.092361,-124.19286,-76.331973,-68.260144,-16.645543,True
256,2,737,l,1,4,48,1856.5889,6760.94056,20.376282,-19.308996,6.636032,1.666421,-75.561735,-101.023807,-40.017223,True
256,2,748,r,4,3,67,3117.2117,3577.54841,7.371465,6.292254,3.847808,-78.217469,-80.392647,40.601201,-55.476954,True
256,2,757,l,1,2,29,1987.177,8249.64418,22.245963,-20.438536,8.977908,-10.034121,-73.677842,-111.811453,-23.091118,True
256,2,797,l,2,1,17,2673.0479,6511.33175,10.952937,-10.126265,4.196353,-193.68344,-71.842087,-86.385921,-35.791984,False
256,2,817,r,5,3,18,1198.8292,10036.9384,24.494023,23.382313,7.509601,57.741779,-75.657251,100.421993,-42.300967,True
256,2,825,l,2,4,4,2562.1711,3598.12088,6.637855,-6.39738,1.774186,-259.928518,-68.650326,-61.658905,-51.5094,False
256,2,881,r,10,1,37,3395.945,3732.86884,15.792429,15.735185,-1.36071,-51.25651,-83.111627,96.149041,-91.533204,True
256,2,897,r,4,4,54,2879.1287,4163.97191,8.518408,8.318859,1.839477,-246.553381,-70.772772,78.455046,-53.357607,False
256,2,918,l,2,1,17,1048.4562,11644.79324,12.688428,-11.435566,5.534629,-46.920069,-68.366135,-68.152675,-35.057663,False
256,2,1042,l,1,4,48,1841.0526,7837.62655,22.024284,-21.237971,5.972227,23.032843,-72.691655,-103.753332,-42.728098,True
256,2,1044,r,4,3,67,283.80222,16179.6226,16.506944,15.470217,5.829405,132.641575,-66.349668,43.55128,-49.68024,True
256,2,1053,l,2,1,17,718.5957,15798.54558,26.344589,-24.480877,10.047679,115.59719,-65.896049,-79.409653,-31.941979,True
256,2,1065,r,10,3,43,570.1377,15437.43126,33.693392,31.801983,-11.765757,110.80673,-69.660133,111.11312,-113.576819,True
256,2,1067,r,10,4,50,2367.2747,4444.76313,26.274893,25.624221,-6.018186,7.554286,-77.019679,135.472148,-110.044569,True
256,2,1087,r,5,2,5,1891.9207,7249.32795,25.173712,24.346448,6.605027,-0.263842,-70.321996,131.342536,-33.430753,True
256,2,1093,r,5,2,5,2327.7537,6016.35005,16.305977,15.663869,4.588629,-202.182368,-74.22548,138.011384,-33.200144,False
256,2,1108,l,1,1,35,1394.2283,10206.0377,19.139456,-17.841931,7.042695,-105.294046,-73.433456,-127.234217,-22.131052,False
256,2,1119,r,4,2,59,945.443,11398.0559,21.179962,18.556215,10.395721,58.272907,-77.67505,77.787694,-32.831738,True
256,2,1129,l,2,1,17,2018.9199,6979.34632,14.977936,-12.20241,8.752328,-34.517394,-71.989886,-70.17743,-20.873512,True
256,2,1132,r,10,1,37,615.7237,13966.7707,29.226072,28.09927,-8.386494,107.433911,-74.528565,97.478226,-105.039891,True
256,2,1134,l,2,2,10,2277.6633,5934.15878,11.895562,-9.609669,7.044523,21.925597,-65.252263,-45.387927,-31.653935,True
256,2,1152,r,5,1,12,2000.6404,7633.509399999999,22.297924,20.350767,9.312797,2.178798,-72.78998,106.758312,-22.449227,True
256,2,1157,l,4,3,67,1891.3932,7108.88239,10.397407,-6.700432,7.968714,-262.193926,-75.249733,-64.872096,2.580201,False
256,2,1157,r,4,3,67,1891.3932,7108.88239,7.409272,7.043868,2.303911,-199.760149,-69.019509,60.515656,-49.165378,False
256,2,1174,l,7,2,46,282.1914,14924.1562,10.678369,-9.09899,-5.61261,40.787539,-60.199074,-39.912861,-85.002052,False
256,2,1175,l,2,4,4,3070.4392,4855.06172,5.719022,-4.536952,3.485496,-228.717435,-78.790074,-41.160579,-47.096446,False
256,2,1179,r,4,3,67,2090.539,5668.30462,8.105418,7.742981,2.404011,-5.542077,-78.852086,40.184638,-66.330307,True
256,2,1212,r,4,2,59,1819.7507,7693.73296,17.201456,14.426135,9.470129,18.294296,-73.147084,69.894291,-26.349195,True
256,2,1215,l,2,2,10,3170.1536,5525.51352,7.847875,-6.131532,4.9077,-214.424959,-74.974445,-54.188268,-31.412476,False
256,2,1219,l,2,2,10,2233.7578,6611.706270000001,15.376427,-11.537388,10.234539,-4.383671,-78.770633,-60.09311,-24.523328,True
256,2,1242,l,2,4,4,2621.129,5226.60262,8.156881,-7.42396,3.388788,-92.988942,-70.111804,-49.904446,-47.241563,True
256,2,1265,r,4,1,63,3143.2336,4403.05098,8.738464,6.254215,6.115088,-188.894091,-71.30256,52.483087,-19.688804,False
256,2,1273,l,7,2,46,895.5874,9719.8554,19.017559,-18.210022,-5.578371,116.848479,-74.823056,-56.962886,-92.626358,True
256,2,1276,l,1,4,48,3551.7441,4438.59439,15.240056,-14.779899,3.758824,-155.412346,-72.02588,-117.515861,-41.761768,True
256,2,1277,l,8,1,1,3533.4922,4049.21137,3.903168,-3.729551,1.151974,-63.225956,-76.995319,-23.025048,-69.877418,True
256,2,1286,r,4,3,67,2185.5618,5957.53859,9.247072,8.595381,3.422835,23.117281,-67.92165,40.34021,-51.777831,True
256,2,1357,r,4,3,67,756.07715,12153.0938,15.01723,13.87136,5.810791,75.727909,-75.719711,52.91333,-53.258937,True
256,2,1384,l,2,1,17,1485.9423,10268.8313,13.274195,-9.89345,8.89455,-94.269001,-83.137884,-67.02041,-22.092609,False
256,2,1400,r,5,1,12,1415.8667,9351.1843,12.162236,11.214624,4.737046,-194.099835,-72.785298,95.98276,-31.889016,False
256,2,1415,l,3,3,23,1763.2167,8487.576140000001,5.300918,-2.749789,4.533671,-264.100831,-80.806985,-26.61333,-36.819993,False
256,2,1420,r,10,1,37,2742.3794,4543.90466,12.088607,11.978129,-1.64264,-179.263275,-78.121375,99.557781,-91.878124,False
256,2,1437,l,1,2,29,465.08755,19215.36401,30.129536,-28.573534,9.98847,99.692966,-63.746195,-103.644756,-25.581054,True
256,2,1479,l,2,2,10,2675.965,5714.56917,8.526672,-5.397879,6.610333,-139.191177,-71.680392,-40.554484,-21.721289,False
256,2,1491,l,1,4,48,2316.6462,5452.03656,18.088799,-17.850632,2.974522,-41.820539,-75.996459,-106.859465,-57.882403,True
256,2,1493,l,2,3,24,1949.3425,7187.840190000001,12.037973,-11.559281,3.384027,-33.742232,-69.885366,-66.215,-50.345799,True
256,2,1500,l,2,1,17,421.3993,18491.398,24.485615,-20.956058,12.960391,123.927044,-62.46763,-63.603343,-21.540445,True
256,2,1543,r,4,3,67,2652.463,4829.28316,11.040887,10.2444,4.13963,-42.439536,-76.568828,60.081304,-52.118345,True
256,2,1546,l,2,1,17,281.87167,22537.3577,27.330865,-23.225598,14.824696,107.423606,-66.429615,-78.348915,-13.845171,True
256,2,1566,r,4,1,63,3609.551,4200.29388,8.888059,6.57921,5.989114,-178.959164,-69.828683,54.087993,-20.303012,True
256,2,1589,r,4,4,54,3724.1855,3742.83055,9.492563,8.510615,4.220119,-233.80197,-79.531885,78.38194,-40.451004,False
256,2,1645,r,5,3,18,1073.9656,11210.237,16.130206,15.649774,3.957221,-116.880634,-72.100772,113.984229,-42.870561,False
256,2,1652,r,5,1,12,3304.402,4122.76861,17.360384,15.899303,7.062817,-109.078074,-71.8114,113.675132,-20.399818,True
256,2,1663,l,6,1,57,1709.0068,6277.64441,25.573044,-25.406809,-3.012914,12.838356,-74.65119,-131.646393,-90.80122,True
256,2,1681,r,4,1,63,1571.2186,8835.88151,8.644602,6.560662,5.641469,-107.189217,-71.502724,45.680027,-32.009095,False
256,2,1689,r,4,3,67,2462.5427,5347.65043,6.156128,5.821533,2.005369,-230.746708,-71.757128,53.09326,-53.428866,False
256,2,1691,r,4,1,63,3632.3147,3480.77133,7.077919,5.136241,4.876446,-194.859811,-75.633882,43.581732,-34.10074,False
256,2,1703,l,2,1,17,2598.432,5905.10637,13.247156,-11.447251,6.711867,-38.665734,-76.630627,-66.552748,-37.167251,True
256,2,1753,l,2,2,10,2435.5378,5909.83245,8.102404,-5.929599,5.531563,-252.727037,-75.13407,-56.368767,-22.290907,False
256,2,1765,r,4,2,59,2271.7017,5972.88203,11.304775,10.593526,3.969274,-166.037059,-70.545904,85.291687,-38.353749,False
256,2,1788,r,5,3,18,1964.0409,7327.29443,18.438503,17.803116,4.878393,-12.265665,-76.481859,97.065022,-49.385818,True
256,2,1793,l,2,2,10,649.4942,14633.5436,15.705245,-11.578548,10.684274,90.713748,-79.96758,-40.829841,-41.587685,True
256,2,1868,r,4,1,63,2159.5378,6491.75595,8.294118,5.38215,6.320009,-136.874164,-71.46574,40.217313,-23.978138,False
256,2,1874,r,5,3,18,2670.425,5540.34922,19.18158,18.654619,4.546896,-50.171561,-68.499232,114.841498,-39.946953,True
256,2,1883,l,2,2,10,390.20215,17375.9732,22.695993,-16.908616,15.366668,109.32072,-84.077013,-54.924242,-32.179165,True
256,2,1896,r,4,2,59,651.7717,14428.5415,25.867987,23.243459,11.682686,100.206519,-73.93984,81.516051,-31.228712,True
256,2,1912,l,1,3,41,437.62607,17989.7159,32.945323,-32.675218,4.464838,99.081818,-69.476666,-122.450714,-51.76618,True
256,2,1953,r,4,1,63,1891.433,6842.4112,16.352551,12.607351,10.499986,37.905841,-70.995399,56.38368,-23.118194,True
256,2,1966,r,5,3,18,2193.8767,6503.1579,14.52634,14.312676,2.508652,-157.681283,-71.788211,114.218015,-51.545993,False
256,2,1975,r,4,2,59,3163.613,4316.348910000001,8.747291,7.527928,4.46771,-208.060974,-76.485348,65.817967,-37.23119,False
256,2,2007,l,2,4,4,1346.5911,8796.121290000001,16.955154,-14.812332,8.344608,61.975758,-83.835844,-60.29911,-49.239689,True
256,2,2030,l,7,1,27,831.2899,10978.71105,21.762369,-21.343259,-4.353287,118.529125,-75.016422,-67.002888,-89.030929,True
256,2,2034,l,7,1,27,2490.5513,4331.79472,15.985571,-15.29817,-4.693689,-32.776353,-73.834764,-88.290539,-101.309563,True
256,2,2062,r,4,4,54,3374.284,4496.8225,10.957994,9.709607,5.104034,-127.436873,-79.51952,71.425831,-41.692786,True
256,2,2086,r,4,4,54,409.9815,14962.2492,23.525889,22.964618,5.25242,104.64908,-81.022712,78.541751,-62.51679,True
256,2,2135,l,1,3,41,1615.2512,9274.32696,24.821586,-24.306497,5.190587,-3.471007,-78.771329,-132.547303,-49.518957,True
256,2,2175,l,1,2,29,1162.9966,11300.4736,26.91386,-25.191505,9.799206,73.220468,-78.348011,-101.969449,-36.971461,True
256,2,2182,r,5,3,18,1477.9545,8322.79554,17.202475,16.849164,3.519964,-43.871913,-76.345083,101.114556,-54.886647,False
256,2,2184,l,2,1,17,1148.5748,11008.6024,13.402305,-10.795117,7.990336,-150.627394,-80.090572,-84.015252,-17.125948,False
256,2,2200,r,4,1,63,2062.8237,7291.47412,7.368213,5.251791,5.175359,-196.054865,-66.383075,44.677494,-22.173787,False
256,2,2203,l,8,3,7,748.8835,11027.7138,19.399757,-16.378452,10.542663,-124.459698,-78.326612,-121.812766,2.070726,False
256,2,2279,l,1,2,29,2213.5745,6888.80366,21.255007,-19.781914,7.935791,-10.698886,-74.132966,-108.151052,-29.587332,True
256,2,2289,r,5,1,12,334.78143,22129.97236,32.609495,29.987623,13.454291,103.715111,-70.130804,107.497983,-18.676956,True
256,2,2290,r,10,1,37,1134.5778,9746.0903,29.668491,28.902722,-7.006607,81.923195,-70.699135,114.877464,-99.91065,True
256,2,2317,r,4,4,54,2789.2034,4462.10051,10.319971,10.261811,1.100009,-51.319759,-66.674647,61.793327,-60.01438,True
256,2,2326,r,4,3,67,2684.774,6559.25736,6.810974,6.476287,2.113318,-205.400435,-76.10582,56.236068,-57.707598,False
256,2,2329,l,1,4,48,309.7156,19145.6802,32.544516,-32.068005,5.870894,113.964233,-74.325943,-110.290094,-52.965599,True
256,2,2334,r,4,3,67,3104.6355,4427.57536,7.615038,7.160941,2.597093,-67.950257,-71.508783,44.971741,-55.144913,True
256,2,2343,r,10,2,31,1737.4631,7315.667100000001,25.745694,24.91902,-6.689025,36.730286,-71.663962,117.666092,-104.41623,True
256,2,2382,r,5,3,18,1919.1964,6866.48705,16.344462,16.051429,3.122419,-126.466528,-66.769584,119.824521,-43.129489,False
256,2,2414,r,5,2,5,3656.2126,5103.2232,15.186445,14.134553,5.611083,-200.030821,-71.145055,123.401443,-21.498357,False
256,2,2502,r,4,4,54,2423.2458,3893.23528,7.222465,7.180165,0.782593,-228.671145,-70.871353,65.340985,-63.730475,False
256,2,2513,r,4,3,67,507.88583,14395.4535,20.512541,19.712932,5.787734,152.801568,-68.9447,49.159089,-54.172535,True
256,2,2519,r,4,3,67,1521.326,7771.0454915,6.447917,5.444141,3.460207,-216.166639,-72.151007,48.240298,-41.406686,False
256,2,2554,r,4,4,54,2399.07,5622.73201,13.641535,13.612291,0.901318,-11.915075,-67.763179,73.109503,-62.876094,True
256,2,2561,r,4,1,63,735.5074,13729.3764,23.299124,19.125805,13.563258,127.385905,-65.704747,56.392214,-24.182664,True
256,2,2563,r,10,2,31,3114.5574,5835.28884,19.456047,19.189286,-3.273034,-53.740185,-77.23834,119.630928,-98.052434,True
256,2,2591,r,5,2,5,312.123,21209.6822,36.009776,34.136235,12.231383,114.794691,-59.652125,118.784578,-13.764805,True
256,2,2600,l,2,4,4,524.229,14535.4437,17.538725,-16.964066,4.519738,118.349974,-78.965128,-52.360985,-64.77922,True
256,2,2627,r,5,3,18,1440.6006,8173.97517,18.301962,17.257729,6.1886,-91.892045,-79.269592,118.637117,-35.907558,False
256,2,2666,l,3,3,23,2467.2737,6990.67428,6.938328,-3.874432,5.76019,-124.950704,-67.406686,-28.10248,-25.452913,False
256,2,2710,r,4,3,67,3259.9744,4271.70942,8.638552,8.191235,2.753174,-51.412418,-72.247275,49.144969,-55.659881,True
256,2,2730,r,5,3,18,2381.4636,6068.57198,11.956702,11.405764,3.61166,-186.472615,-69.812175,96.123611,-39.131812,False
256,2,2733,l,2,1,17,2298.0227,7667.62305,14.268306,-13.082335,5.745709,-36.562159,-70.497247,-75.887267,-36.763337,True
256,2,2738,l,1,4,48,897.6828,13061.7373,27.390249,-26.67644,6.453658,61.623558,-73.240523,-114.743745,-44.33007,True
256,2,2787,l,8,1,1,3974.2424,3554.67726,3.731209,-3.487177,1.328043,-153.154571,-75.063479,-27.004945,-64.770827,True
256,2,2836,l,7,2,46,3418.0093,3518.77485,6.494339,-6.454694,-0.71802,-175.300638,-79.530211,-52.641635,-85.398774,False
256,2,2872,l,2,2,10,2129.4778,7538.23992,7.414478,-6.382575,3.78106,-284.394646,-71.547813,-64.251807,-33.350511,False
256,2,2909,r,4,3,67,2298.8352,6124.89084,10.201062,9.108727,4.612197,10.173658,-71.21025,44.864632,-48.347697,True
256,2,2916,l,1,3,41,363.53265,19980.6835,34.85427,-33.756715,9.243546,88.677856,-78.642478,-134.553287,-39.234325,True
256,2,2918,l,8,1,1,3694.399,3564.12087,4.591656,-4.522219,-0.796339,-36.324637,-76.787299,-25.80964,-81.337256,True
256,2,2927,r,4,1,63,2733.1292,5588.79357,9.518986,7.720529,5.58513,-50.903633,-49.83209,46.216363,-16.190562,True
256,2,3005,l,2,2,10,1188.2214,10584.6148,15.285028,-12.422191,8.977194,92.560349,-73.116326,-43.490094,-41.177802,True
256,2,3014,r,5,1,12,1813.0618,7629.03522,23.500356,22.536115,6.843459,21.891678,-64.320135,111.252145,-29.483708,True
256,2,3017,l,2,3,24,3295.6917,3709.99573,9.22123,-8.74622,2.932859,-236.651425,-78.152891,-81.023835,-50.853614,False
256,2,3019,r,4,3,67,2048.3884,6221.54114,9.162682,9.015466,1.642691,-5.752722,-70.769454,46.924468,-62.1817,True
256,2,3024,r,4,3,67,434.10016,15957.5961,19.903928,19.313821,4.905244,135.968558,-71.197568,53.982761,-57.189878,True
256,2,3047,r,5,3,18,2256.3467,6334.01757,13.044085,12.688174,3.051414,-164.948152,-74.471774,102.428324,-49.6125,False
256,2,3079,l,2,3,24,1940.8019,7235.218679,8.308707,-8.164564,1.546194,-228.238061,-75.093898,-74.352098,-60.961998,False
256,2,3127,r,4,3,67,1394.1367,7492.62664,5.741742,5.48084,1.713754,-161.723035,-77.565199,43.343528,-63.987763,False
256,2,3149,r,5,3,18,622.3172,14506.1624,28.062305,27.714912,4.587465,72.818637,-77.950133,114.094879,-58.2656,True
256,2,3150,l,1,2,29,592.8418,16991.589050000002,29.487808,-27.548438,10.955878,70.32326,-76.386382,-114.592621,-28.423,True
256,2,3192,l,2,3,24,1873.1133,6255.64453,12.985703,-11.786451,5.489498,-66.40371,-75.950047,-74.368663,-40.960472,False
256,2,3194,r,4,3,67,2276.0344,7502.99609,10.397239,9.956087,3.011713,19.68452,-69.942351,47.450321,-55.502856,True
256,2,3205,r,4,3,67,1458.8923,8062.01709,8.317104,7.47593,3.655219,-115.505588,-78.364811,53.212526,-52.238095,False
256,2,3206,l,2,2,10,2161.839,7650.0147,12.80902,-11.025146,6.56127,37.387311,-66.408115,-49.218,-36.806512,True
256,2,3251,l,7,2,46,295.67154,15202.2579,19.49391,-17.088862,-9.523317,139.066185,-72.673862,-46.401187,-99.164214,True
256,3,1,l,2,4,4,646.7772,13323.0318,13.369579,-12.31106,5.254511,91.318265,-76.482563,-43.359803,-57.780436,True
256,3,5,r,10,1,37,1275.3821,9272.19685,26.372162,26.299709,-2.027058,88.777082,-77.254463,99.449288,-85.198795,True
256,3,12,l,7,2,46,2638.4663,4114.40876,7.48644,-7.164473,-2.177581,-151.479402,-76.036095,-55.493723,-92.955123,False
256,3,95,r,3,4,3,3553.6855,3225.90318,5.972748,5.168851,2.996844,34.599421,-48.99954,23.103282,-35.574074,True
256,3,102,l,7,2,46,1221.3076,7479.76882,15.704981,-15.359123,-3.317952,79.202443,-79.721634,-57.901551,-92.395048,True
256,3,144,r,4,1,63,372.745,18368.4609,22.543335,17.466846,14.480146,135.231122,-71.127714,48.699998,-29.226963,True
256,3,176,l,2,4,4,2774.8772,4698.52668,7.546875,-7.441234,1.261877,-168.257941,-71.863083,-59.852701,-61.683084,False
256,3,176,r,2,4,4,2774.8772,4698.52668,20.80753,20.727605,1.863478,-169.663189,-71.906369,173.945377,-55.916097,False
256,3,248,r,3,4,3,3560.9744,3139.21952,5.510695,4.49476,3.19152,-29.172448,-55.007883,25.090048,-37.155858,True
256,3,272,r,4,2,59,664.98016,14485.8853,21.666227,18.31573,11.778397,99.506397,-75.824885,63.057759,-33.98396,True
256,3,307,r,4,3,67,2362.647,5352.13079,9.475998,8.507788,4.188228,-25.644076,-74.775267,47.217184,-51.403833,True
256,3,315,r,4,1,63,2395.3748,6625.96794,7.162462,5.450666,4.653656,-130.94132,-66.372323,40.166258,-31.951772,False
256,3,348,r,4,1,63,3201.2776,5093.78579,6.498383,3.983773,5.138202,-255.855656,-70.565278,38.014594,-21.363209,False
256,3,379,r,4,3,67,2389.624,6289.00471,5.362516,5.265214,1.01834,-266.897533,-69.873444,51.320826,-59.932499,False
256,3,402,l,7,2,46,575.45306,12560.3392,18.795193,-18.253098,-4.559844,98.18048,-75.552602,-63.264092,-91.661289,True
256,3,410,r,4,3,67,3604.2534,2616.72552,5.624958,4.820037,2.902978,-173.432093,-71.410535,39.078699,-47.826528,True
256,3,411,r,5,1,12,2142.991,6674.88868,20.987851,18.049497,10.893418,-22.793532,-76.541113,101.931607,-13.228154,True
256,3,417,l,2,1,17,563.4676,16243.8159,25.065463,-17.338274,18.387939,79.215831,-89.828567,-65.806455,-16.423921,True
256,3,422,l,7,4,39,292.7239,15669.5222,14.86554,-12.435203,-8.210558,52.019448,-71.960882,-52.476725,-107.12409,False
256,3,424,l,7,2,46,2673.483,4155.40696,5.155928,-5.056992,-1.006507,-252.066537,-82.338318,-47.968045,-91.898918,False
256,3,434,l,2,2,10,3571.2385,4621.60774,6.926904,-5.956241,3.542661,-254.380308,-73.06144,-56.79635,-39.175911,False
256,3,454,r,7,1,27,384.85303,16286.30401,2.476048,2.429374,-0.478635,-232.633577,-75.759013,22.173257,-80.128998,False
256,3,484,r,5,3,18,1564.3457,8134.44042,21.455004,21.286776,2.746014,-1.458049,-72.542255,113.55726,-57.539267,True
256,3,497,l,1,3,41,1001.6902,12674.9327,31.024439,-30.819264,3.751444,56.953061,-71.511752,-139.03008,-53.718527,True
256,3,502,r,8,2,20,2110.9348,6266.46098,2.916993,2.744061,0.989809,-171.334487,-68.985442,22.111558,-61.00575,False
256,3,504,l,1,4,48,2102.1885,8034.752109999999,19.838934,-18.541152,7.185097,-42.252001,-81.027558,-111.435381,-36.849107,True
256,3,533,l,7,2,46,3800.494,3492.84848,6.27618,-6.052441,-1.663941,-139.491631,-75.522969,-45.538872,-88.069383,True
256,3,537,r,10,1,37,1952.2767,6548.84468,14.964239,14.793914,-2.276909,-95.468374,-78.334134,101.801333,-94.186029,False
256,3,552,l,1,1,35,690.61847,16041.0133,33.229697,-32.087367,9.140598,78.431637,-75.744327,-132.651591,-35.564953,True
256,3,575,r,4,3,67,431.6866,16770.8983,17.577899,16.917526,4.844181,126.668797,-64.606651,49.678392,-50.138386,True
256,3,578,l,7,4,39,669.84814,10391.4431,18.140969,-18.013907,2.179803,-52.718816,-69.931051,-111.448066,-56.213704,False
256,3,587,r,4,2,59,390.2033,17022.1976,26.778259,21.177709,16.780757,98.964153,-85.311532,74.012428,-23.532103,True
256,3,607,r,4,1,63,409.84216,16588.1143,25.318997,17.128795,18.933483,127.762415,-75.746132,50.000063,-17.510828,True
256,3,628,l,1,3,41,820.25415,12637.1026,33.64505,-33.539115,2.838954,74.453003,-72.556927,-142.879155,-59.732939,True
256,3,646,r,4,1,63,2509.6177,5166.26482,7.280179,5.893483,4.281658,-208.958181,-67.893823,51.504952,-30.3391,False
256,3,734,r,4,3,67,2426.352,6399.30319,11.891562,11.580997,2.718584,3.441449,-78.57093,58.722984,-64.681251,True
256,3,766,r,4,2,59,2232.7437,6267.037990000001,16.868993,15.272941,7.249287,-11.075123,-75.547286,82.212024,-35.847377,True
256,3,784,l,2,2,10,2594.4011,7592.66197,11.962272,-8.804341,8.130273,11.618218,-64.374475,-43.117372,-24.130599,True
256,3,785,r,4,3,67,901.32495,10616.9696,6.400778,6.287752,1.199967,-206.260395,-71.424189,54.68028,-60.966388,False
256,0,9,l,1,2,29,870.21155,14099.5999,28.230107,-25.20899,13.144548,59.399208,-75.938078,-108.556691,-16.417865,True
256,0,14,l,1,3,41,917.2273,12487.8531,30.000787,-29.147914,7.43687,72.296698,-77.403211,-121.410669,-44.865632,True
256,0,113,l,8,1,1,3629.2458,3154.0030500000003,5.614255,-5.486272,-1.19375,23.860491,-76.853524,-25.561965,-82.424829,True
256,0,115,l,1,3,41,281.41687,21203.8262,33.518768,-32.736134,7.638886,89.628365,-74.485702,-128.814824,-42.537687,True
256,0,126,l,7,2,46,3533.3596,3408.69389,4.864267,-4.802281,-0.774982,-219.588203,-74.878809,-42.811747,-81.796193,False
256,0,131,r,4,1,63,2526.0605,6072.67166,14.440349,10.276058,10.200327,-41.562397,-75.520212,60.111985,-14.888211,True
256,0,182,r,4,2,59,1876.8909,6174.61133,17.106209,15.312175,7.719246,34.629552,-76.006427,69.919779,-40.117631,True
256,0,205,l,6,1,57,1562.6517,10110.67624,18.488159,-18.415806,-1.66314,-122.105316,-74.411597,-137.215469,-87.023095,False
256,0,208,l,7,3,33,440.13358,7675.11917,8.966155,-8.630779,-2.438575,-76.354785,-79.179808,-55.607273,-94.960419,False
256,0,249,r,4,4,54,3053.6519,3924.33894,7.776726,7.686226,1.186529,-263.326981,-74.12355,74.677298,-62.559257,False
256,0,294,r,4,4,54,387.19617,16737.7342,23.341199,23.095733,3.47264,123.391089,-75.484192,71.050057,-64.492862,True
256,0,304,r,5,1,12,1339.629,10824.86054,16.791487,14.7855,8.049193,-66.293126,-76.229789,94.040247,-24.118564,False
256,0,318,r,4,3,67,2282.7417,5442.79408,6.662087,5.849821,3.193503,-104.443411,-73.029742,40.412656,-50.90659,False
256,0,320,r,4,1,63,2679.2598,5574.75232,6.973508,5.135753,4.723735,-226.444449,-71.046486,46.416293,-28.199616,False
256,0,337,r,4,3,67,3298.6262,2669.1547,6.594287,6.24938,2.108917,-209.181213,-74.140208,54.663764,-55.648379,False
256,0,342,l,2,2,10,3244.808,4434.4013700000005,9.159274,-6.746168,6.209671,-113.596166,-76.30417,-47.741381,-32.084503,True
256,0,344,l,6,1,57,2237.86,6510.21221,21.782337,-20.952825,-6.092639,-28.077509,-68.327038,-121.798128,-104.682377,True
256,0,346,l,7,2,46,462.21637,13241.3526,16.259426,-15.244584,-5.722634,123.578708,-78.554654,-45.354752,-95.840355,True
256,0,357,r,10,1,37,2017.9237,8035.05732,24.015387,23.821094,-3.141616,29.545012,-77.309335,114.988897,-92.936034,True
256,0,402,r,10,1,37,1690.3562,6479.83304,16.689652,16.524219,-2.377454,-91.779754,-75.133329,113.263875,-91.666995,False
256,0,407,r,5,2,5,2329.435,5874.78453,22.802412,19.804778,11.535924,-59.132981,-84.778514,125.728495,-9.038796,True
256,0,454,l,2,1,17,2159.0789,6761.93205,16.099458,-13.883761,8.232079,-26.243432,-81.876962,-78.167224,-34.74794,True
256,0,460,l,2,1,17,1426.3671,8685.9022,18.613517,-17.018937,7.651999,31.682146,-70.276923,-79.069061,-33.981893,True
256,0,462,l,7,2,46,3706.3862,3151.93021,6.989628,-6.582875,-2.354799,-159.66388,-72.56134,-51.89169,-91.17521,True
256,0,477,r,5,2,5,1619.0679,8191.97425,18.165858,17.363663,5.422915,-131.693618,-76.315151,131.857123,-34.371836,False
256,0,487,l,2,3,24,2199.6394,5952.24381,11.48408,-11.144138,2.7912,-113.08349,-68.814695,-79.404352,-48.785001,False
256,0,533,l,2,1,17,785.79004,13416.3193,24.903145,-21.688737,12.545063,83.898425,-72.12855,-81.970853,-22.772699,True
256,0,538,r,4,3,67,465.72375,14719.2725,18.14838,17.631865,4.368943,153.18396,-65.276112,43.484365,-54.308034,True
256,0,579,l,1,3,41,1216.0272,10533.3838,28.603097,-28.220843,4.864945,28.129215,-74.421858,-140.536556,-49.126133,True
256,0,589,l,2,4,4,1844.019,8416.3652,4.99539,-4.595598,1.960266,-291.419192,-73.847515,-46.734919,-53.88342,False
256,0,615,r,5,3,18,2873.1992,4903.60205,17.655116,17.396312,3.059561,-91.021908,-74.909949,119.378098,-53.568056,True
256,0,652,l,2,1,17,2149.2483,6800.72357,15.250308,-13.933469,6.261541,-2.049093,-70.056807,-72.455914,-37.041243,True
256,0,655,r,5,1,12,530.87225,16341.2041,31.25534,27.936301,14.619932,90.870548,-78.343581,105.595202,-19.548853,True
256,0,656,r,4,3,67,1221.8466,8547.47526,15.702153,14.041153,7.100564,79.666095,-68.988768,52.602628,-41.981255,True
256,0,745,l,2,4,4,2436.972,3685.56253,6.538055,-5.828284,2.967771,-177.063182,-70.790137,-47.675507,-46.450011,False
256,0,755,l,7,1,27,580.3935,11782.1962,22.528645,-22.039379,-4.790544,103.183536,-85.044452,-75.62815,-101.935084,True
256,0,764,r,4,1,63,1851.0765,7911.41623,10.793884,8.554703,6.606823,-33.105272,-78.196627,48.603824,-40.352029,True
256,0,769,r,4,1,63,400.97763,16800.8124,19.059747,16.098615,10.341363,139.862192,-61.940218,43.33112,-33.425387,True
256,0,800,r,10,2,31,1095.4906,11205.8825,31.496527,31.29126,-3.787339,75.428629,-70.249891,130.416612,-86.871959,True
256,0,801,r,4,3,67,2677.2476,5449.51606,6.759183,6.486984,1.902913,-79.624207,-68.864836,42.028301,-56.505193,True
256,0,826,l,7,1,27,1436.2614,6551.99186,10.939363,-10.695349,-2.31114,-160.956831,-67.433639,-85.171265,-85.955522,False
256,0,857,r,5,3,18,2527.495,5388.9115,13.223113,12.734236,3.592099,-165.39442,-77.164321,102.913532,-47.855468,False
256,0,877,l,2,2,10,2366.7217,7406.37897,8.391103,-7.589775,3.589064,-137.618585,-66.703055,-56.978833,-39.644457,False
256,0,888,r,10,1,37,3097.5696,4397.6976,17.221619,16.863945,-3.543486,-23.676859,-76.454787,95.086749,-96.751911,True
256,0,891,r,4,4,54,2299.0027,5690.23958,13.116954,12.62081,3.602818,-33.370993,-79.530349,72.405309,-58.665454,True
256,0,907,l,2,4,4,1780.232,6619.6896,14.307695,-13.900835,3.421636,43.367643,-69.017056,-61.039154,-53.826031,True
256,0,926,r,4,2,59,700.33905,13962.4671,26.79901,22.332748,15.20935,104.513929,-74.23837,76.197262,-19.721231,True
256,0,929,r,4,3,67,1272.5493,8637.086,14.387615,13.44407,5.17238,50.443492,-75.267938,57.265162,-52.972052,True
256,0,932,l,1,2,29,735.769,16778.865999999998,31.987377,-29.404367,13.198312,78.712298,-72.717125,-119.075718,-15.839418,True
256,0,965,l,6,1,57,1623.7113,7149.37516,25.561695,-25.444865,-2.526759,-1.599887,-76.28531,-138.741725,-90.535571,True
256,0,1073,l,2,2,10,3152.7095,5458.40718,8.473802,-6.317314,5.659225,-189.770977,-69.984538,-53.113964,-22.151383,False
256,0,1076,r,4,1,63,3029.083,4791.89437,8.530047,5.494632,6.534664,-225.055002,-76.785756,49.545452,-17.514637,False
256,0,1095,l,7,2,46,697.6247,12664.87353,18.481175,-17.136974,-7.02568,139.662387,-80.535952,-46.356107,-99.924273,True
256,0,1101,r,5,2,5,1234.9417,10779.9966,14.782231,13.631105,5.774006,-216.250257,-77.298087,122.765784,-24.623423,False
256,0,1106,l,1,3,41,1085.5977,14079.55965,30.776574,-30.043598,7.01255,47.907344,-75.015286,-140.017989,-40.614255,True
256,0,1118,r,4,1,63,529.4375,13782.5149,18.480882,14.036243,12.144884,98.0,-74.899791,48.0,-32.309573,True
256,0,1167,r,4,3,67,2144.298,7403.74429,9.966141,9.485172,3.072769,44.622776,-68.401632,40.996787,-55.046854,True
256,0,1247,r,4,1,63,3170.8157,4400.88839,8.452414,5.861344,6.100653,-197.044273,-76.696151,49.999045,-24.366937,False
256,0,1248,l,2,2,10,1649.6057,9070.78595,10.36452,-7.559499,7.111353,-153.486885,-69.933966,-58.854742,-14.120424,False
256,0,1255,l,7,2,46,3208.6045,3413.88584,7.187576,-6.506727,-3.060073,-139.44026,-74.268867,-48.97961,-97.375237,True
256,0,1271,l,1,4,48,1356.6099,8862.240740000001,12.644322,-12.587854,1.203411,-227.684126,-69.721401,-115.600892,-58.578794,False
256,0,1303,l,1,4,48,2360.4448,6072.41244,17.746327,-16.958602,5.307141,-36.518233,-73.854863,-99.568728,-42.144749,True
256,0,1319,l,1,4,48,1808.3677,7203.31984,18.507981,-18.442266,1.586091,-18.446266,-70.480078,-102.85919,-61.476958,True
256,0,1330,r,5,3,18,2966.4504,4874.61966,12.415597,11.89403,3.586707,-227.886125,-69.288881,109.07937,-36.114638,False
256,0,1338,r,8,1,1,751.19586,11103.73563,90.0,90.0,-0.030396,175.0,-20.900169,,,True
256,0,1339,l,1,4,48,2607.4182,4784.29008,11.790624,-11.439901,2.873589,-225.846513,-73.809148,-104.386796,-47.391041,False
256,0,1390,l,2,2,10,1509.4526,9325.12267,9.521089,-6.716374,6.763978,-86.42993,-74.806087,-44.329418,-29.851027,False
256,0,1391,l,6,1,57,641.2654,14248.0284,32.997807,-32.32742,-7.008925,83.301753,-68.446253,-130.807701,-98.519456,True
256,0,1428,r,4,3,67,410.79623,15279.1928,15.063258,14.752635,3.077627,113.62987,-64.547524,46.443052,-54.741464,True
256,0,1430,r,4,1,63,2140.2097,6926.319100000001,14.349197,9.061471,11.17293,-2.962405,-75.777098,46.722938,-17.18153,True
256,0,1452,l,2,4,4,2964.6824,3670.98264,5.788836,-4.778282,3.271616,-213.364987,-75.813547,-42.0766,-46.939535,False
256,0,1507,l,1,2,29,2230.0708,6803.65949,21.286192,-19.036222,9.70688,-28.188005,-75.442436,-109.78597,-17.865508,True
256,0,1569,r,5,3,18,2297.0571,6358.02974,19.443431,19.094852,3.735542,-12.594914,-69.599155,104.752437,-48.692393,True
256,0,1574,l,1,2,29,2424.736,6606.49968,20.781298,-18.467141,9.701288,-47.21862,-74.312651,-112.61677,-13.533203,True
256,0,1621,l,2,2,10,3080.6487,6556.3599810000005,8.144485,-6.444402,4.990742,-258.296833,-74.433386,-61.931632,-26.248434,False
256,0,1630,r,4,3,67,2963.1577,4811.45843,7.316647,6.88541,2.480748,-189.387734,-70.153886,57.88843,-49.233875,False
256,0,1636,r,10,2,31,3519.1,4535.23096,13.627917,13.556579,-1.405812,-213.486245,-73.196211,121.402325,-85.90637,False
256,0,1638,l,7,2,46,1249.1237,8177.95838,11.844427,-11.817916,-0.797718,41.776776,-76.202535,-51.937545,-79.73357,True
256,0,1643,l,2,4,4,2207.6194,6086.03406,13.07831,-11.758926,5.765252,-7.686595,-77.979427,-61.967285,-47.27964,True
256,0,1664,r,4,1,63,1095.1656,11147.7673,17.087869,14.510559,9.122992,97.134973,-71.876066,49.916211,-39.884217,True
256,0,1696,r,4,1,63,2408.2327,5617.79715,7.818836,6.541983,4.291478,-205.891116,-70.289285,56.867763,-32.833332,False
256,0,1699,r,4,3,67,1723.2169,8079.95604,9.191997,8.805979,2.646276,42.390699,-67.610776,38.358402,-56.029989,True
256,0,1701,l,7,1,27,768.73804,10515.51585,10.052866,-9.992828,-1.102657,-184.856605,-72.555366,-83.668748,-81.835897,False
256,0,1821,r,10,2,31,2901.4736,4753.09574,21.885742,21.466192,-4.369248,-37.149547,-71.234204,128.644691,-98.093501,True
256,0,1829,r,5,3,18,886.58466,12960.2491,26.777209,25.450013,8.618181,86.730852,-70.763148,96.736815,-36.644772,True
256,0,1838,l,1,2,29,1940.4174,8093.24396,14.965288,-13.440681,6.642362,-148.41326,-73.837846,-104.773773,-21.345481,False
256,0,1858,l,4,3,67,2299.636,8369.77665,17.048729,-12.026151,12.174583,-111.676394,-74.622703,-85.570588,13.98093,False
256,0,1858,r,4,3,67,2299.636,8369.77665,8.206302,6.367553,5.187351,-124.672617,-79.115177,46.275212,-41.235633,False
256,0,1894,r,4,3,67,2675.5378,4796.42534,5.658723,4.703611,3.149521,-167.168065,-74.886738,37.615065,-49.646086,False
256,0,1903,r,5,2,5,1422.1766,11601.52639,29.693349,27.21814,12.351271,40.30427,-77.027183,128.426125,-15.542502,True
256,0,1906,r,4,4,54,3749.6406,3299.57841,7.011564,6.583645,2.41731,-257.322887,-71.340055,63.169103,-48.081399,False
256,0,1958,l,3,3,23,3145.264,5024.4552,6.23369,-5.494697,2.948536,35.771162,-57.98832,-24.455705,-44.833275,True
256,0,1980,r,5,3,18,1338.8916,9364.0475,25.776612,24.201091,9.15383,61.935405,-78.133614,102.501514,-37.842712,True
256,0,1998,r,4,3,67,658.85065,13064.8331,8.698818,8.639019,1.022118,65.249153,-67.576922,34.146943,-63.521076,True
256,0,2001,l,1,1,35,497.73874,17933.3305,31.552927,-30.227761,9.509707,82.032236,-70.499151,-121.175065,-30.178735,True
256,0,2012,r,4,1,63,3625.1416,4051.47323,8.091566,5.293426,6.128628,-179.077733,-80.683513,43.46074,-30.100775,True
256,0,2029,r,4,3,67,1970.0969,6111.95543,9.38038,8.546862,3.880019,-104.632678,-74.666681,59.308264,-47.601006,False
256,0,2042,l,2,4,4,3264.6467,3711.66553,7.302828,-6.410915,3.50468,-233.897189,-81.677614,-58.865543,-49.38983,False
256,0,2051,r,5,1,12,1956.4799,6409.90163,16.567604,14.318629,8.423043,-112.472948,-75.630389,102.728439,-14.12222,False
256,0,2076,l,8,1,1,3519.7307,3723.92074,3.797319,-3.665658,0.991929,-92.359118,-71.890783,-24.495929,-65.256985,True
256,0,2089,l,7,2,46,639.46924,12131.1582,17.690344,-16.955408,-5.121824,111.280467,-73.796043,-54.487986,-90.542908,True
256,0,2130,l,7,1,27,2526.5378,4586.18875,8.335967,-8.127299,-1.859728,-211.838263,-78.397415,-71.666126,-94.857305,False
256,0,2147,l,2,3,24,2148.3508,5943.80273,13.717888,-13.558986,2.101694,-4.275401,-73.973105,-70.969771,-62.86419,True
256,0,2152,l,2,2,10,2680.6084,3563.5643,6.555833,-5.195713,4.003434,-268.632405,-77.768182,-50.79739,-38.509852,False
256,0,2170,l,2,2,10,1151.4421,11154.7422,9.204409,-7.77004,4.949552,-126.669547,-67.94393,-56.854677,-31.525349,False
256,0,2173,r,4,1,63,2578.398,4656.31527,6.434775,5.068941,3.969043,-259.673036,-77.546222,48.756684,-39.258026,False
256,0,2262,r,4,2,59,3290.5881,4786.101909999999,7.911695,6.683831,4.243005,-261.586546,-70.524778,64.638725,-29.322499,False
256,0,2274,l,1,2,29,2957.4714,5953.4025,14.711898,-13.357686,6.222276,-214.407273,-69.393589,-119.773173,-12.869838,False
256,0,2317,l,1,3,41,1072.3672,11371.0309,15.855991,-15.334216,4.083432,-169.41841,-73.102195,-125.977594,-39.093477,False
256,0,2353,r,4,2,59,2530.2886,5673.90098,11.071327,9.925816,4.929108,-178.613294,-71.777771,82.003709,-30.749488,False
256,0,2376,r,4,2,59,2357.259,7113.65365,16.100576,14.688003,6.668616,-28.958545,-73.707595,83.60583,-35.155849,True
256,0,2383,l,7,4,39,418.41534,13790.9726,19.055936,-17.097229,-8.543783,128.818076,-81.038919,-49.577502,-106.373248,True
256,0,2392,l,1,2,29,616.04626,16770.358500000002,33.146766,-30.103824,14.576303,92.301743,-77.654341,-114.619299,-18.229804,True
256,0,2408,r,10,2,31,3135.8333,5306.81361,20.490758,20.33703,-2.560076,-33.500519,-77.828268,119.904219,-93.25404,True
256,0,2411,l,2,4,4,364.04233,16193.0492,12.167337,-11.703042,3.352562,67.857504,-77.696496,-46.0158,-64.407102,True
256,0,2418,r,5,3,18,3252.9512,4485.88556,12.78052,12.657287,1.785158,-236.618112,-68.659348,118.266066,-51.837453,False
256,0,2424,l,2,4,4,422.0884,16483.782,4.119821,-3.848494,1.471485,-298.916226,-72.936251,-39.616452,-57.774031,False
256,0,2467,l,7,2,46,347.17145,16535.2768,23.964636,-23.104639,-6.544342,162.007802,-73.042278,-54.605548,-89.005946,True
256,0,2483,l,1,3,41,2213.3982,6480.30431,17.489109,-17.429446,1.466318,-118.158279,-71.556298,-128.139452,-60.605615,False
256,0,2500,l,2,3,24,735.6552,13178.1202,18.329527,-18.069291,3.130396,87.67017,-74.409725,-66.011574,-62.770242,True
256,0,2547,r,4,2,59,1680.2987,7294.0958,10.490006,9.452435,4.569636,-202.774796,-76.157073,82.041738,-36.230064,False
256,0,2641,r,3,4,3,2344.129,5804.0477,7.763291,6.168187,4.723182,31.753151,-57.446618,27.909514,-35.985423,True
256,0,2679,l,8,3,7,3426.011,3337.71213,7.196848,-6.289007,-3.506056,36.737846,-83.30723,-27.911218,-98.918224,True
256,0,2704,r,4,4,54,2180.3823,5948.70431,6.731287,6.665977,0.937523,-231.548133,-70.806127,60.953872,-62.213259,False
256,0,2732,r,10,2,31,2179.0964,5324.27593,15.214968,15.151819,-1.401295,-203.787069,-77.635289,133.71319,-90.14938,False
256,0,2768,l,2,4,4,1224.974,8895.42144,11.665935,-11.572054,1.487199,96.239089,-70.739023,-39.674923,-65.604161,True
256,0,2819,l,2,3,24,1856.6509,6787.69816,17.201545,-16.946041,2.99809,22.404688,-69.60849,-81.536607,-54.957196,True
256,0,2825,l,2,4,4,2385.4937,6119.83945,8.208467,-7.14381,4.053414,-88.269615,-76.820555,-47.409724,-49.805263,True
256,0,2916,l,7,1,27,1172.9655,7046.79158,19.742109,-18.98186,-5.528755,55.151113,-79.169979,-80.781797,-103.209551,True
256,0,2922,l,7,2,46,3828.4788,2493.0342,6.309746,-5.931336,-2.156098,-198.577974,-72.07955,-50.759706,-90.572921,False
256,0,2925,r,5,1,12,1856.3977,7927.98736,24.296143,21.567718,11.46381,10.340664,-74.730264,110.542736,-13.747042,True
256,0,2926,r,4,3,67,1541.6284,7890.38366,9.805289,8.453806,4.985739,25.167378,-71.047425,39.361238,-47.69021,True
256,0,2942,l,1,1,35,1194.9497,10984.9181,30.484606,-28.973832,9.918485,33.974944,-80.634683,-141.764188,-29.46122,True
256,0,2945,l,1,3,41,2847.3054,5036.79984,17.895241,-17.658467,2.948783,-97.084358,-70.909356,-123.225276,-49.984114,True
256,0,3003,r,10,1,37,1720.6694,6935.26933,25.260831,25.144727,-2.501892,47.573128,-80.395851,113.791903,-92.097318,True
256,0,3014,l,1,4,48,922.70087,11792.3442,25.564638,-25.013266,5.459528,79.672473,-75.179181,-98.136629,-52.996349,True
256,0,3075,l,1,4,48,1173.8948,9868.18223,24.943736,-24.818477,2.579679,75.74355,-71.327106,-99.084236,-60.691655,True
256,0,3078,l,7,2,46,1352.9319,8513.2869,11.256033,-10.133741,-4.925361,23.455238,-62.908572,-47.640818,-86.242385,True
256,0,3103,l,1,4,48,3699.5178,3910.69596,12.364942,-12.277028,1.483286,-193.574581,-73.115996,-105.233232,-60.301248,False
257,1,9,r,4,1,63,2382.7783,6955.89573,8.112826,4.896411,6.476523,-169.401118,-68.789029,39.355578,-16.446542,False
257,1,38,r,4,1,63,2237.8132,6567.22145,8.389069,5.852324,6.021049,-170.187238,-72.538354,47.168745,-23.745481,False
257,1,48,r,5,1,12,2735.5112,5409.67845,18.111263,16.298605,8.007142,-54.757787,-76.227673,100.805121,-25.700731,True
257,1,72,r,4,1,63,1587.3628,7801.77561,7.514977,5.76749,4.825939,-192.270086,-77.726033,48.710762,-36.801635,False
257,1,107,r,4,3,67,386.5266,15701.457,15.827198,15.594184,2.740064,102.310583,-72.929768,52.383291,-63.603729,True
257,1,144,l,1,2,29,2962.5862,5392.82915,13.305471,-12.227586,5.286542,-224.356444,-74.923071,-111.467051,-26.224754,False
257,1,196,l,7,2,46,1229.5697,8412.20253,14.031576,-13.648991,-3.285606,66.189142,-69.813682,-54.348156,-83.035512,True
257,1,234,r,4,2,59,502.9075,17590.673160000002,23.59285,19.489962,13.562446,117.836534,-65.662643,60.932339,-21.606952,True
257,1,240,r,10,2,31,3235.951,4980.3227050000005,19.989592,19.872854,-2.202162,-62.567275,-73.066296,127.438672,-87.482378,True
257,1,242,l,7,1,27,2024.6449,5357.48806,8.618855,-8.580621,-0.813982,-242.644889,-78.061671,-80.370703,-85.714948,False
257,1,329,r,10,2,31,977.30035,11267.21101,33.180509,32.467829,-7.248437,73.344033,-65.599543,137.854113,-98.260848,True
257,1,351,l,1,4,48,2591.0854,5178.688270000001,13.1807,-13.124167,1.230309,-223.79442,-71.178387,-119.792177,-59.848064,False
257,1,368,l,2,2,10,2754.717,7570.47692,7.536831,-4.464138,6.078664,-229.627537,-79.597207,-40.568338,-24.092359,False
257,1,372,l,2,4,4,3317.4844,4333.5712,6.049048,-5.733359,1.931849,-216.610746,-74.589032,-50.864391,-57.415187,False
257,1,378,r,4,1,63,3624.2395,4205.88979,8.231752,5.11347,6.459497,-211.50176,-74.928889,44.876685,-17.922196,False
257,1,386,l,6,1,57,2074.8875,7191.12066,21.905619,-21.776856,-2.431504,-17.268127,-73.460407,-122.754531,-87.510699,True
257,1,396,l,2,2,10,3223.0225,4550.65503,8.706812,-7.357381,4.66878,-69.031718,-67.504465,-46.358537,-37.940218,True
257,1,398,l,7,3,33,647.4515,12231.5484,27.314764,-23.995376,-13.456145,109.07738,-69.024987,-80.534445,-116.40926,True
257,1,402,r,5,3,18,1767.266,8021.7451,20.752583,20.233438,4.712653,29.259421,-67.515827,96.106657,-44.607434,True
257,1,455,l,7,2,46,1936.5155,4953.81438,11.596502,-10.673635,-4.559995,6.311607,-78.016803,-53.46829,-101.040842,True
257,1,468,l,6,1,57,1823.7285,6081.74813,25.794115,-25.472652,-4.202367,-17.295138,-68.596137,-146.392259,-93.606486,True
257,1,485,l,3,1,16,3407.05,4820.46551,8.952183,-5.901771,6.743275,32.942527,-51.090535,-26.572335,-20.534413,True
257,1,497,r,4,1,63,2093.1914,6937.22234,8.379523,6.013643,5.846212,-141.880297,-70.373891,45.496421,-25.908436,False
257,1,512,l,6,1,57,1100.4683,8902.78216,29.622995,-29.530911,-2.446828,40.62892,-74.989401,-141.265026,-87.23632,True
257,1,567,r,4,3,67,2114.6965,5170.80938,13.911356,12.485202,6.184934,23.869128,-80.774852,58.927687,-51.236053,True
257,1,604,l,2,4,4,2769.8591,5443.76376,5.004666,-4.728647,1.640945,-188.445138,-78.277425,-39.576191,-64.524249,False
257,1,615,r,4,3,67,379.7503,15409.9345,18.576367,17.91885,4.981048,111.541223,-80.142515,57.70546,-63.795957,True
257,1,648,l,7,2,46,1769.2091,5794.88627,14.270855,-12.886666,-6.183736,79.254995,-75.373971,-48.215435,-98.79765,True
257,1,663,l,2,2,10,3172.3208,3665.61986,9.065858,-6.413012,6.421491,-252.771229,-76.814968,-61.006363,-15.342604,False
257,1,699,r,10,1,37,3275.4731,4068.60089,16.239439,16.213477,-0.930462,-51.327059,-81.281037,99.251748,-87.054159,True
257,1,710,l,2,4,4,2661.1077,5714.4182,5.539677,-5.23967,1.800811,-207.939182,-75.541964,-45.663652,-59.820847,False
257,1,775,l,7,2,46,3371.2405,2873.76523,6.149735,-5.6174,-2.50683,-166.506331,-74.431366,-44.900813,-94.513828,False
257,1,789,r,4,3,67,2081.5127,5656.54685,9.982307,8.525888,5.211193,20.325218,-67.228248,40.427744,-42.357957,True
257,1,790,l,2,1,17,2584.7495,5986.74622,10.67557,-9.336825,5.199166,-233.053014,-70.250341,-85.998444,-22.017456,False
257,1,807,r,4,1,63,1627.4006,8371.04402,5.984116,4.333289,4.130957,-234.89052,-72.710413,39.773416,-34.692046,False
257,1,814,r,10,2,31,2146.7437,4684.76023,16.321657,16.292138,-0.994768,-195.995349,-78.225304,142.042597,-87.017037,False
257,1,824,r,4,4,54,2146.812,6436.71629,9.863742,9.401494,2.997687,-193.700117,-68.025822,80.088996,-42.350889,False
257,1,849,r,5,2,5,2802.9304,6686.37295,14.839795,13.299547,6.643632,-220.803742,-71.961938,120.74462,-10.826077,False
257,1,880,l,2,1,17,1553.1462,9724.7764,11.605514,-10.189433,5.585084,-99.969253,-68.327212,-70.092298,-29.581803,False
257,1,892,r,10,2,31,1602.2529,10194.89491,18.319334,18.12203,-2.727607,-76.326962,-80.569087,119.890025,-98.932426,False
257,1,894,l,7,2,46,616.29065,12113.3948,15.816115,-15.618808,-2.522038,98.716406,-78.006436,-53.475033,-86.754813,True
258,1,2,r,4,2,59,1278.8717,8679.33787,12.487292,10.290342,7.112453,-75.576498,-74.738948,66.372852,-28.377584,False
258,1,22,r,4,4,54,611.20886,14483.1975,25.922508,25.20357,6.271238,115.229607,-72.014149,82.254005,-50.787333,True
258,1,32,r,5,1,12,3676.9626,4464.5072,14.439848,13.459449,5.278942,-178.258723,-77.100931,112.068522,-32.613611,True
258,1,40,l,7,2,46,2636.3406,3999.73672,11.230805,-10.908833,-2.686215,-20.567617,-73.500429,-59.855551,-88.339695,True
258,1,44,r,4,1,63,767.63336,12004.4246,22.169462,19.341798,11.048235,126.802445,-68.392668,57.284662,-34.621621,True
258,1,47,l,2,1,17,392.49207,17932.2077,25.22303,-20.853597,14.517482,90.996264,-83.335457,-75.807522,-28.192563,True
258,1,80,r,5,3,18,1897.4326,6589.550789999999,19.699226,19.491545,2.910065,13.218577,-69.714019,97.967477,-54.788778,True
258,1,103,l,7,1,27,3263.9556,3657.90196,9.652434,-9.549539,-1.412197,-100.415826,-75.31651,-65.680266,-85.076475,True
258,1,107,r,10,1,37,1005.63025,10396.806,29.253001,28.780256,-5.477529,84.167009,-66.096294,113.065296,-88.616096,True
258,1,118,r,5,3,18,1390.5762,8343.29006,24.278752,23.784083,5.024215,52.02391,-66.394936,104.881003,-43.531634,True
258,1,145,r,4,1,63,493.5539,15902.4428,24.636062,19.220229,15.712906,121.995091,-68.991303,58.572017,-18.936362,True
258,1,150,l,7,1,27,796.23,10399.4679,19.475568,-18.156699,-7.166922,91.430965,-71.527744,-65.11993,-97.80478,True
258,1,156,l,6,1,57,1200.0975,8126.91832,27.220679,-26.950987,-3.973958,35.497159,-73.035936,-129.40156,-92.870399,True
258,1,198,l,2,3,24,1158.272,9173.7062,14.67412,-14.640544,1.00313,-9.943043,-69.686515,-78.355999,-64.25835,False
258,1,216,r,5,2,5,2136.3901,7198.1431,24.403315,22.624966,9.395612,-11.457155,-79.661505,125.638645,-25.620464,True
258,1,247,l,6,1,57,376.55304,18956.9617,35.955372,-35.607486,-5.356307,90.922413,-64.901377,-142.5649,-87.859124,True
258,1,249,r,10,1,37,2394.1917,5256.68969,19.368543,19.081832,-3.383899,7.675894,-78.459872,97.663239,-96.123997,True
258,1,261,l,1,4,48,303.7265,19301.8379,26.94409,-25.123992,10.067942,81.628206,-76.491363,-97.7149,-35.629029,True
258,1,373,r,4,3,67,620.45776,14100.25244,20.69289,20.059203,5.189815,135.567241,-67.713755,56.389709,-52.78112,True
258,1,428,l,6,1,57,882.25494,10596.4555,27.690247,-27.263266,-5.041095,46.16226,-77.636242,-125.656128,-101.833573,True
258,1,444,r,4,2,59,581.0846,16153.791,27.057761,22.316869,15.708186,106.308787,-72.636032,75.400442,-16.791579,True
258,1,464,r,5,2,5,2435.415,6639.94849,17.478574,16.294456,6.411426,-166.805909,-69.493748,133.531415,-16.014372,False
258,1,468,l,2,3,24,432.87534,17446.7345,26.324237,-25.078729,8.273901,106.082764,-73.794687,-86.06988,-44.265822,True
258,1,559,r,5,3,18,2419.3047,5046.43201,17.737549,17.416285,3.41393,-41.522227,-78.822673,103.996261,-58.095506,True
258,1,604,r,4,4,54,1342.6178,10548.76508,11.620548,10.730509,4.486569,-76.144894,-79.006991,69.385745,-49.765805,False
258,1,640,r,4,4,54,2568.9922,4785.13926,7.861683,7.363467,2.761785,-243.085999,-78.730966,68.890175,-52.801264,False
258,1,681,l,1,3,41,1553.6337,9112.532,25.008801,-24.105199,6.870253,1.130537,-80.202823,-129.249013,-42.072899,True
258,1,695,l,1,4,48,1439.6656,9083.3991,26.099925,-25.402935,6.20097,47.378457,-80.243737,-115.220411,-51.060851,True
258,1,722,l,7,2,46,1315.7073,8477.9421,11.717807,-11.18478,-3.516419,58.721738,-72.522793,-45.730487,-87.010062,True
258,1,735,l,7,2,46,2158.8562,5888.31682,12.906985,-10.908418,-6.94124,39.308792,-73.865895,-48.313715,-104.947582,True
258,1,754,l,2,1,17,2715.25,5145.65309,14.504752,-12.819317,6.843818,-91.297842,-80.672779,-86.763942,-33.740172,True
258,1,766,r,4,3,67,1954.209,6957.30085,5.629126,5.496341,1.217311,-170.450991,-69.572021,44.306709,-59.742578,False
258,1,796,r,10,2,31,2005.1923,7396.96432,25.396232,24.996995,-4.636943,26.993839,-69.124394,122.624993,-92.660701,True
258,1,800,l,2,1,17,359.49466,18135.5671,23.935334,-21.100845,11.566067,92.105962,-80.366156,-76.364306,-36.955724,True
258,1,836,l,1,4,48,2645.4688,5834.9227,12.520038,-12.376407,1.90593,-188.13935,-71.215009,-104.919373,-54.925389,False
258,1,886,l,1,2,29,3050.6404,5769.33476,12.273702,-11.199415,5.054027,-237.031171,-79.296105,-104.349387,-31.781223,False
258,1,920,r,4,1,63,3143.7505,4277.15064,7.922102,5.793566,5.412418,-235.735726,-75.873266,53.342646,-25.805904,False
258,1,932,l,1,4,48,1474.27,8650.5637806,12.484598,-12.196313,2.687862,-178.888056,-76.925646,-101.345602,-54.404693,False
258,1,935,l,2,2,10,2204.588,6545.41805,14.138732,-8.694177,11.192878,-10.661205,-81.865247,-45.976356,-21.679987,True
258,1,939,l,2,3,24,309.71982,18260.9094,23.414595,-23.25306,2.825178,100.803519,-75.46557,-81.297191,-65.303515,True
258,1,958,r,10,2,31,3837.0247,2998.18341,16.795586,16.527574,-3.031058,-124.984359,-69.962572,123.141234,-92.883579,True
258,1,960,r,4,1,63,1769.6838,6687.47844,15.110296,9.462322,11.834898,43.75,-72.274667,41.041667,-19.962038,True
258,1,969,r,4,3,67,1738.0796,6194.870806,4.37584,4.275883,0.93081,-227.899735,-66.582644,38.721857,-58.144777,False
258,1,1035,l,7,1,27,401.38126,14345.4841,24.141389,-22.976329,-7.618646,124.368657,-75.046584,-70.225589,-99.110467,True
258,1,1037,l,7,1,27,376.06995,14888.6278,18.498816,-18.472404,-1.005868,56.869715,-82.499621,-77.879467,-86.815162,False
258,1,1123,r,4,3,67,3841.9514,3471.12215,5.040756,4.8155,1.491787,-196.925719,-72.603979,41.020952,-59.87831,True
258,1,1133,l,1,3,41,1105.4219,10846.9625,29.156695,-28.689656,5.43397,34.359045,-77.102253,-139.899352,-49.380862,True
258,1,1156,l,7,2,46,1382.9735,6812.90443,15.612852,-14.036243,-6.906815,112.0,-75.57602,-44.5,-97.801465,True
258,1,1163,r,10,2,31,924.45795,11619.8948,32.553811,32.251352,-4.687548,79.780209,-78.303146,132.645746,-98.684968,True
258,1,1180,r,4,2,59,2784.6743,4877.40554,12.415352,11.104423,5.587927,-84.188082,-75.876402,73.442781,-38.568048,True
258,1,1203,l,4,1,63,659.75494,13314.38847,12.855626,-5.160779,11.790279,-116.954169,-77.886363,-36.754865,7.404489,False
258,1,1221,r,5,1,12,1969.2556,7701.55597,13.977083,12.63658,6.022131,-196.927778,-73.70832,109.167705,-21.064815,False
258,1,1281,r,5,1,12,993.4577,11592.895,27.70312,26.124663,9.56032,63.900862,-70.934744,110.88553,-28.520904,True
258,1,1327,r,4,1,63,2134.7456,6111.20416,14.968744,11.63641,9.481506,4.869982,-73.21608,58.717637,-24.59703,True
258,1,1346,l,2,2,10,3143.749,4601.20573,11.419989,-7.290264,8.814112,-99.825781,-79.451958,-49.870505,-18.51279,True
258,1,1374,l,7,2,46,3630.0269,3573.50432,4.893717,-4.843674,-0.698894,-288.657049,-72.178739,-49.035412,-79.262846,False
258,1,1391,l,2,2,10,590.2764,14751.2866,21.690902,-18.061351,12.217822,138.895367,-64.917486,-49.275814,-30.502512,True
258,1,1405,r,4,3,67,3295.0312,4434.37122,6.521728,6.13633,2.212947,-98.385962,-74.236971,41.75558,-59.142311,True
258,1,1410,r,4,3,67,2437.4038,5768.37015,10.266712,9.081063,4.809762,-45.052543,-73.663381,53.553147,-45.112894,True
258,1,1414,l,1,4,48,2678.7937,6084.96936,11.828024,-11.68089,1.872882,-235.248212,-70.637679,-108.590989,-53.099048,False
258,1,1459,r,5,2,5,861.98706,15579.89731,31.44115,29.397447,11.6862,75.561198,-72.668321,120.817466,-21.758698,True
258,1,1483,r,4,1,63,2582.9182,5050.23559,7.724561,6.138063,4.698679,-103.73628,-64.517975,42.342846,-31.969503,True
258,1,1574,r,5,3,18,480.65256,15823.059,30.502512,29.152008,9.398617,88.530911,-78.210989,112.375909,-40.026133,True
258,1,1582,l,2,4,4,2252.4788,5145.60969,7.285969,-7.179728,1.242961,-35.262196,-74.497174,-40.973256,-67.384131,True
258,1,1621,l,2,2,10,2658.9453,5795.54642,6.854945,-5.060067,4.630529,-184.300296,-74.92582,-41.996989,-36.359855,False
258,1,1625,l,2,1,17,3222.8938,4914.94789,9.881136,-8.643539,4.80642,-206.440222,-68.784863,-75.465443,-26.562046,False
258,1,1662,l,2,2,10,2988.2434,3421.13645,7.361875,-5.192544,5.225852,-270.51738,-75.125897,-50.937538,-23.64855,False
258,1,1704,l,2,3,24,535.7232,14966.517,19.195628,-19.046085,2.437042,106.000648,-74.249576,-63.521648,-65.965022,True
258,1,1717,r,10,1,37,3206.8389,3290.60807,13.076229,12.974972,-1.638264,-224.693081,-76.92046,118.58947,-92.026832,False
258,1,1818,r,4,3,67,2631.7043,5106.93249,8.208627,7.76225,2.678241,-70.832254,-67.729886,49.185695,-50.69471,True
258,1,1849,l,1,3,41,2546.0369,5951.32962,15.227506,-15.093966,2.036047,-206.223365,-70.067244,-133.835279,-51.7958,False
258,1,1852,r,4,1,63,463.56863,15523.9273,19.075337,13.380624,13.721359,123.647195,-70.485761,39.571385,-28.734236,True
258,1,1897,l,7,2,46,3495.5664,3541.67296,6.528087,-6.2185,-1.990413,-88.272427,-76.146367,-41.217123,-89.37037,True
258,1,1916,r,10,1,37,1169.8629,9026.66275,18.103687,17.898005,-2.766879,-6.348008,-72.675667,95.706401,-87.726155,False
258,1,1949,l,7,1,27,458.4862,13751.7467,27.164597,-25.692863,-9.136341,131.872009,-74.699288,-76.077606,-102.920355,True
258,1,1950,l,2,2,10,468.38287,16665.5312,18.844483,-14.273193,12.43431,67.994369,-79.546992,-56.477921,-29.037329,True
258,1,1953,r,4,4,54,3793.3115,2756.93454,7.134582,6.333907,3.2906,-270.205682,-76.462137,62.182865,-44.05528,False
258,1,1976,r,8,2,20,3188.1821,4156.22063,2.308885,2.224931,0.617106,-239.628042,-69.357795,20.577059,-63.648891,False
258,1,1981,l,1,2,29,312.27612,22323.6282,35.172476,-31.853992,15.770779,100.669301,-72.677275,-117.637154,-9.725567,True
258,1,1998,r,4,4,54,623.52856,12949.0497,24.245475,23.800358,4.76529,106.886526,-82.89877,80.764032,-66.215191,True
258,1,2021,r,10,3,43,530.0963,12979.0001,32.580554,30.182597,-12.892641,109.177654,-66.782137,105.167605,-114.662845,True
258,1,2030,r,10,2,31,3667.2712,3579.64493,19.461775,19.166413,-3.443103,-102.876392,-72.06083,136.555852,-97.085759,True
258,1,2063,l,1,1,35,2722.2996,7132.23614,20.487177,-19.435156,6.609785,-72.159282,-72.34875,-127.786241,-27.847047,True
258,1,2071,l,2,3,24,2995.9155,2758.4288,6.485162,-6.300426,1.539974,-296.740211,-79.153894,-64.781142,-63.284065,False
258,1,2085,r,10,1,37,1558.2854,8233.5723,24.252769,23.870732,-4.419116,57.596951,-76.144896,102.844859,-95.785365,True
258,1,2091,l,1,1,35,1193.8995,11295.2403,15.771642,-15.302454,3.864785,-215.527608,-70.845874,-138.319974,-35.439291,False
258,1,2111,r,4,3,67,2095.826,5352.74073,10.011885,9.358609,3.573241,14.65961,-75.476927,45.37797,-58.051136,True
258,1,2135,r,10,1,37,1225.488,11604.68151,29.071402,27.849321,-8.696081,92.257506,-70.095084,104.475425,-104.301967,True
258,1,2143,l,1,4,48,2253.4001,5710.45782,12.821129,-12.780163,1.032725,-199.814454,-68.474834,-111.104792,-59.420941,False
258,1,2155,r,5,2,5,3417.9463,4609.0479000000005,19.016572,17.41933,7.749914,-161.325237,-76.908984,141.603994,-12.53476,True
258,1,2193,r,8,4,14,3347.512,3510.0236,4.193423,3.735576,-1.906678,-27.166801,-76.417614,20.708024,-86.998608,True
258,1,2207,r,10,1,37,633.96936,12825.25,27.730158,26.565051,-8.259939,106.75,-73.019042,91.625,-102.761476,True
258,1,2215,r,10,1,37,1889.6356,7157.50933,24.952971,23.727401,-7.957888,42.099455,-68.634257,108.962159,-106.488427,True
258,1,2218,l,6,1,57,4164.6123,2227.94576,16.633337,-16.53385,-1.842407,-182.777048,-74.933767,-140.346817,-90.7976,True
258,1,2230,r,4,3,67,2584.9966,5215.36228,5.996326,5.129456,3.109737,-232.34469,-79.456377,46.888714,-50.964069,False
258,1,2269,r,4,3,67,2859.6443,4894.5310245,5.441579,5.144268,1.776452,-187.674055,-74.511099,43.003297,-59.63618,False
258,1,2274,r,5,3,18,1447.636,8373.82176,11.489906,11.360362,1.731911,-231.192731,-69.102176,104.715716,-53.028071,False
258,1,2299,l,2,3,24,2495.98,3559.90496,6.340518,-6.293484,0.772422,-282.529639,-73.918807,-63.141956,-66.153088,False
258,1,2309,l,2,2,10,3022.834,5488.86321,8.693669,-6.620865,5.646784,-218.577197,-70.847364,-59.032082,-20.224022,False
258,1,2314,l,2,4,4,1496.6337,8227.18583,9.307504,-8.74301,3.204567,-99.216329,-67.097809,-59.857515,-45.049921,False
258,1,2328,l,6,1,57,2234.851,5098.49946,22.432793,-22.341427,-2.076446,-62.573224,-72.210265,-144.898712,-86.030844,True
258,1,2344,l,2,1,17,1850.3468,7896.20276,15.653814,-14.652174,5.570962,-39.010718,-71.704216,-86.020876,-38.534051,True
258,1,2353,r,10,2,31,1994.3636,7455.84134,25.16275,25.037638,-2.591057,32.917237,-72.778539,120.085326,-85.619009,True
258,1,2361,l,2,4,4,2994.571,4130.70784,5.507887,-4.686903,2.896288,-198.888856,-76.779464,-40.081477,-51.962193,False
258,1,2463,r,4,1,63,3720.1072,2953.26712,7.660266,6.534584,4.006064,-239.656688,-71.94655,60.67063,-34.610452,False
258,1,2543,l,2,1,17,359.27576,19949.3416,31.072734,-26.565051,16.742234,127.75,-70.77318,-81.125,-16.204486,True
258,1,2549,l,3,3,23,2168.713,6466.57294,5.815574,-2.92769,5.027081,-194.947625,-73.627635,-24.801361,-30.913492,False
258,1,2571,l,3,3,23,1924.6631,6201.49079,5.177794,-4.171473,3.07002,-67.148016,-61.758143,-26.048539,-42.552236,False
258,1,2585,r,5,3,18,513.86755,16583.4244,29.9543,28.944829,8.068356,113.23145,-69.086961,97.762013,-40.451729,True
258,1,2592,l,2,1,17,614.3385,15963.359,23.959269,-21.336287,11.164184,95.519216,-77.403256,-75.966819,-36.197119,True
258,1,2610,l,2,1,17,1414.9478,9236.78045,21.411067,-18.581309,10.83146,68.946245,-72.890329,-74.312539,-28.270331,True
258,1,2625,l,2,1,17,3632.2285,3895.55273,9.209086,-8.076584,4.439234,-222.156626,-72.355069,-72.677147,-32.195633,False
258,1,2629,l,7,2,46,758.1744,10462.4109,7.638994,-7.547816,-1.180151,11.480108,-73.687033,-36.904334,-79.474813,False
258,1,2638,l,2,2,10,403.28943,18693.7954,26.082132,-18.434949,18.782302,112.875,-80.910613,-59.041667,-17.415004,True
258,1,2713,l,1,4,48,2110.9792,7168.18377,12.710181,-12.429826,2.675973,-170.412921,-77.039546,-101.479635,-55.004018,False
258,1,2721,l,2,2,10,2615.3914,3618.5383,6.787465,-5.585227,3.86293,-273.585625,-70.847218,-55.113345,-32.610589,False
258,1,2735,r,4,3,67,1738.7155,7690.52962,6.419624,6.281755,1.325964,-232.941125,-71.164824,57.564692,-58.987417,False
258,1,2737,l,1,3,41,1308.8112,9079.79924,29.014112,-28.784678,3.808215,28.692215,-75.256787,-143.564183,-55.410857,True
258,1,2748,l,1,4,48,2947.6262,4912.563,12.953868,-12.541836,3.267436,-174.118315,-75.884008,-103.248159,-48.740046,False
258,1,2757,l,7,4,39,1197.4249,7569.48577,14.112605,-9.462322,-10.518556,40.25,-62.994834,-41.625,-110.006575,True
258,1,2781,l,6,1,57,456.69406,16559.862399999998,31.898034,-31.798115,-2.666455,97.404055,-76.771534,-119.405771,-87.325104,True
258,1,2787,r,4,3,67,1851.6866,6465.21564,5.051478,4.931747,1.094654,-165.388211,-71.696079,39.29473,-62.962352,False
258,1,2801,l,7,2,46,2225.5818,4659.19897,5.533223,-4.960762,-2.45407,-170.234061,-75.621726,-39.947684,-95.420511,False
258,1,2835,r,5,2,5,2301.3572,8453.69648,21.907719,20.848894,6.883588,-32.855125,-74.541337,122.956526,-32.834538,True
258,1,2901,l,1,2,29,3722.4888,4235.33129,13.227373,-12.297937,4.908714,-192.526881,-70.088345,-105.189679,-27.674001,False
258,1,2903,r,3,4,3,2631.8843,5969.85882,8.170131,4.767902,6.642299,-13.811496,-58.550149,25.340371,-23.047794,True
258,1,2928,r,4,3,67,2735.0605,4861.37405,6.157536,6.031229,1.243074,-210.555834,-73.801042,52.886399,-62.878959,False
258,1,2933,l,1,2,29,2903.1646,5411.67365,14.416921,-12.80513,6.679997,-183.003292,-77.552072,-107.508245,-20.741455,False
258,1,2948,l,2,2,10,1293.321,10301.40897,8.326948,-7.195218,4.202365,-144.566447,-72.957154,-54.861658,-40.773113,False
258,1,2957,l,7,2,46,318.42508,16208.8747,14.209489,-13.860421,-3.16134,112.687077,-74.558068,-43.750548,-84.645099,True
258,1,2982,l,2,4,4,907.8572,10877.9352,18.93706,-16.927343,8.617051,80.457169,-74.318223,-63.773224,-41.126002,True
258,1,2986,r,4,1,63,1534.0533,8360.81714,11.454935,9.061257,7.037267,-76.34052,-77.338686,58.424202,-31.544348,False
258,2,5,l,7,2,46,974.47174,10110.3374,7.708095,-7.624322,-1.136693,-13.039761,-76.977576,-40.565076,-83.044014,False
258,2,76,r,10,1,37,2401.9893,5198.05894,20.430512,20.135024,-3.536361,14.849058,-76.630387,100.881711,-94.741494,True
258,2,96,r,10,2,31,2193.1716,6368.26527,26.054475,25.489944,-5.58433,17.454026,-68.836492,129.939047,-98.358225,True
258,2,105,l,7,1,27,1775.5908,6064.11991,11.669979,-11.483885,-2.089847,-27.502389,-76.830256,-64.503597,-88.65288,True
258,2,171,r,4,2,59,2176.4111,6723.85008,17.065678,14.698325,8.768892,-7.377246,-72.461983,78.006167,-25.038955,True
258,2,179,r,4,2,59,2475.7007,6572.45088,14.694157,12.457599,7.855132,-74.324472,-69.53622,80.485972,-18.060842,True
258,2,206,l,2,4,4,2466.753,6428.282139999999,7.099402,-6.341485,3.198265,-160.798562,-76.97532,-50.099027,-51.630384,False
258,2,231,l,8,1,1,3609.2817,4067.46799,2.578726,-2.558213,0.324715,-270.498947,-75.24395,-25.0425,-72.06421,False
258,2,234,r,5,3,18,651.7811,13000.9871,10.977061,10.754924,2.210204,-256.927391,-73.823982,103.886104,-52.338194,False
258,2,264,r,4,1,63,1166.1278,9619.2781,16.451552,13.392019,9.644198,78.500989,-68.750636,50.355038,-31.805818,True
258,2,284,l,2,1,17,2198.2854,6187.0844,17.270261,-14.079473,10.104353,-17.33407,-74.319759,-77.079941,-17.854884,True
258,2,311,l,8,1,1,3641.8547,4260.66296,6.48494,-6.350168,1.317926,8.687813,-72.977287,-31.306499,-66.46541,True
258,2,321,l,7,2,46,1819.8678,5955.7199,14.803369,-13.894312,-5.158665,44.976805,-75.070192,-60.611295,-97.85758,True
258,2,335,r,4,1,63,2239.723,6049.98459,7.280563,5.332558,4.964036,-215.563314,-77.621632,47.189461,-33.519454,False
258,2,339,r,4,1,63,2347.5276,5677.82052,11.263943,7.684514,8.260439,20.995873,-68.334954,36.29675,-28.927261,True
258,2,360,r,5,1,12,522.3664,16338.7801,16.87556,15.990263,5.465912,-123.093051,-75.651089,118.376558,-34.531819,False
258,2,381,l,2,4,4,2882.833,5236.57596,5.855848,-5.507978,1.99132,-176.654793,-70.827514,-44.999326,-54.527085,False
258,2,397,l,7,2,46,3491.9688,3533.45335,5.783396,-5.297828,-2.322945,-164.150407,-72.915771,-42.112893,-91.417541,True
258,2,454,l,1,4,48,1667.5984,7917.43094,14.703834,-14.435545,2.826221,-117.454046,-75.693962,-104.8859,-54.923464,False
258,2,482,l,6,1,57,336.21933,16433.1561,35.130365,-34.682418,-5.979352,88.979252,-63.029555,-139.102121,-88.633852,True
258,2,494,r,5,2,5,401.07632,20307.7557,36.909254,34.693085,13.47229,90.945783,-67.564671,137.796136,-9.566443,True
258,2,497,r,4,2,59,2265.647,5629.3553600000005,15.415838,13.911637,6.708435,-18.832693,-69.329983,76.494933,-31.906674,True
258,2,504,r,6,2,52,646.734,10800.23095,23.032659,22.666697,4.201826,37.26383,-67.008678,105.549264,-46.886611,False
258,2,510,l,2,2,10,1673.9008,8339.94775,7.235591,-4.473075,5.693092,-247.015019,-75.183221,-42.010088,-21.483824,False
258,2,539,r,4,3,67,269.97668,16515.586900000002,15.187327,14.253618,5.298215,125.979988,-74.289093,41.666801,-58.595446,True
258,2,582,l,2,2,10,2011.5431,7858.61846,8.607406,-7.3077,4.560473,-187.210236,-73.382366,-61.197227,-35.006562,False
258,2,594,r,4,3,67,3428.1086,3862.72107,8.313564,7.731777,3.064647,-97.230277,-79.750813,52.574294,-58.828585,True
258,2,595,l,2,2,10,3182.111,3323.91396,6.88799,-4.616625,5.117412,-249.352317,-70.746469,-43.552771,-22.288118,False
258,2,596,r,5,3,18,2510.0957,5102.81685,18.66898,17.491662,6.629304,-39.965978,-74.362446,103.985081,-34.153832,True
258,2,699,l,2,4,4,3137.3054,4107.48643,7.463418,-6.914306,2.816653,-104.707576,-77.408784,-47.864863,-57.847098,True
258,2,702,l,7,2,46,830.31213,11051.73,16.944852,-16.241041,-4.899314,128.40937,-69.281938,-47.07196,-83.708921,True
258,2,888,r,4,3,67,301.59015,17260.5858,20.339158,19.735231,5.020694,144.752064,-68.425465,52.107074,-54.868777,True
258,2,929,l,8,3,7,3848.3882,2879.8679,3.93011,-3.403289,-1.966708,-140.894669,-78.239807,-25.62468,-93.062446,True
258,2,934,l,2,2,10,3406.675,4126.98076,8.896364,-7.222981,5.207467,-96.766971,-74.366419,-49.017647,-38.83508,True
258,2,936,l,2,3,24,2674.241,5606.2916,8.816653,-8.706286,1.396057,-260.421177,-70.522258,-84.288082,-56.951789,False
258,2,942,l,2,1,17,2691.7114,5228.59593,11.763285,-9.551549,6.898176,-110.807678,-73.773018,-67.442964,-24.601221,True
258,2,949,l,4,1,63,1629.2418,8722.6511,81.58716,-81.584159,-1.524676,-0.120078,-69.184898,-1960.937554,-121.947129,True
258,2,949,r,4,1,63,1629.2418,8722.6511,10.730328,7.125016,8.044155,-24.5,-58.482452,39.3125,-13.689278,True
258,2,970,r,4,4,54,3136.4373,4502.59802,6.94951,6.84291,1.215439,-257.697212,-76.758454,65.724993,-65.054811,False
258,2,991,r,4,1,63,2467.9485,5583.09931,6.801465,5.329158,4.232221,-228.505057,-75.929795,48.366416,-37.393419,False
258,2,1004,r,4,4,54,3849.963,3601.71556,6.546276,6.225802,2.027142,-275.129431,-73.776345,61.650212,-53.654877,False
258,2,1063,l,1,1,35,1987.4219,8061.34,24.580759,-22.896607,9.193155,-36.869524,-82.181805,-138.052282,-24.755888,True
258,2,1074,l,7,1,27,785.8885,10431.3666,19.270727,-19.036718,-3.051143,103.963271,-74.230535,-64.190969,-84.720532,True
258,2,1132,l,1,1,35,514.04065,19041.5688,35.129882,-32.584574,13.920786,80.688069,-74.722427,-133.781176,-13.150842,True
258,2,1205,l,2,1,17,2328.8772,5601.2129,14.436204,-12.250979,7.695706,-39.233116,-80.771039,-71.489406,-35.245365,True
258,2,1206,r,4,1,63,2017.1222,6642.0814,8.498255,6.538403,5.440431,-183.901903,-79.482151,54.316091,-34.052321,False
258,2,1322,l,2,2,10,2275.8308,6063.82183,7.535819,-5.425048,5.238275,-193.908816,-75.426377,-45.956298,-30.861644,False
258,2,1339,l,7,1,27,641.9995,11342.9152,20.141432,-19.872194,-3.350691,96.886879,-73.325356,-69.799993,-85.347498,True
258,2,1405,l,7,1,27,2302.5369,4417.933730000001,9.41814,-9.137819,-2.290455,-235.241533,-75.452792,-84.485694,-96.731071,False
258,2,1413,l,7,2,46,2013.6038,5243.08701,8.593389,-7.993669,-3.164276,-117.626044,-76.03461,-57.242176,-98.790611,False
258,2,1413,r,7,2,46,2013.6038,5243.08701,27.225177,27.171386,-1.779647,-178.782198,-77.670994,240.625449,-94.04314,False
258,2,1445,r,5,1,12,3269.4805,5299.98047,16.263011,15.096653,6.119468,-85.956482,-70.781533,101.417285,-29.033349,True
258,2,1481,l,1,4,48,1082.0405,11364.341,26.872057,-26.384738,5.287625,68.475156,-76.209303,-109.892348,-53.32329,True
258,2,1533,l,7,1,27,598.9511,13153.7727,21.969554,-21.720138,-3.383913,116.319616,-69.898346,-69.186542,-80.95276,True
258,2,1559,r,4,1,63,563.5895,16999.58285,22.627866,19.295812,12.051589,143.771375,-59.916385,51.196537,-26.838761,True
258,2,1570,l,7,1,27,3300.0212,3663.69926,7.060433,-6.970184,-1.128062,-243.753488,-71.609916,-65.254762,-82.198283,False
258,2,1578,r,4,1,63,1225.0228,8579.45041,14.754805,11.570553,9.21884,80.662494,-71.689911,42.85871,-37.009224,True
258,2,1594,r,4,3,67,516.44543,13860.5448,17.109222,16.409905,4.909532,136.893057,-67.796888,45.090586,-54.086857,True
258,2,1650,r,4,3,67,498.65768,14004.1536,16.504119,14.872886,7.236431,140.80992,-65.203414,39.62082,-45.60329,True
258,2,1717,l,2,3,24,2277.954,6208.50121,7.647767,-7.425695,1.834738,-266.724404,-72.913368,-72.559773,-54.928895,False
258,2,1731,l,8,1,1,715.67377,11611.0575,4.329884,-4.32825,0.11905,-98.049091,-70.329355,-29.369976,-69.520755,False
258,2,1737,l,6,1,57,560.85803,13035.908,30.801848,-30.425183,-5.050454,64.852544,-77.384758,-132.226284,-100.460079,True
258,2,1747,r,5,1,12,1751.6659,7897.47572,24.281528,20.745948,12.906047,25.089072,-77.576355,100.344347,-12.665418,True
258,2,1807,r,4,3,67,2235.8174,6414.68613,13.432499,12.137586,5.797907,25.967109,-78.259673,56.784941,-50.836914,True
258,2,1847,l,7,2,46,2307.7314,4865.98999,10.77954,-10.711131,-1.219644,14.090006,-75.541087,-52.189252,-81.519378,True
258,2,1895,l,1,2,29,562.1908,17536.3579,33.15815,-29.707734,15.453349,87.570826,-81.754889,-115.499777,-17.325462,True
258,2,1896,r,4,3,67,2962.2854,4230.82886,5.141444,5.063462,0.893243,-218.543566,-70.489809,45.059434,-62.529891,False
258,2,1906,r,10,2,31,1144.3177,9261.8936,29.932989,29.256286,-6.629034,80.754189,-70.349863,117.213443,-98.223364,True
258,2,1928,r,4,3,67,2644.104,5117.21536,9.109372,8.909954,1.903321,-29.138554,-72.555608,50.03257,-61.820635,True
258,2,1968,r,4,3,67,3618.268,3078.43125,5.199086,4.940244,1.62204,-228.879026,-75.031476,44.850777,-60.28333,False
258,2,2008,r,4,1,63,2710.483,5500.04993,9.704865,6.569749,7.158759,-236.836899,-81.188122,60.675241,-14.580986,False
258,2,2053,l,1,2,29,3644.623,4073.46171,14.130748,-13.006096,5.572709,-168.34705,-67.492262,-105.869123,-21.593876,True
258,2,2096,l,1,2,29,2640.627,6901.58373,16.458153,-14.334778,8.172279,-164.19779,-78.13259,-116.067221,-10.80994,False
258,2,2160,r,4,1,63,1290.5322,8775.9753,19.273712,14.939818,12.318401,70.34538,-74.989613,58.609063,-25.345135,True
258,2,2181,r,5,3,18,2512.3984,5246.816049999999,12.596771,12.03494,3.747814,-165.120642,-68.651218,97.028998,-38.168486,False
258,2,2183,l,2,2,10,3546.026,4076.44372,8.106275,-7.161701,3.807538,-47.267305,-63.007781,-42.377744,-40.385447,True
258,2,2224,r,4,3,67,3038.4768,3557.59615,6.173897,5.958203,1.620582,-155.687352,-79.496775,46.514938,-66.818886,False
258,2,2259,r,4,4,54,2985.3662,4480.60635,9.526931,9.368114,1.740079,-204.668314,-70.515367,81.609002,-55.284484,False
258,2,2353,l,2,3,24,1461.2504,8434.3385,11.511798,-11.119911,2.997023,-126.883933,-71.319095,-81.939833,-49.075239,False
258,2,2367,l,2,3,24,394.16306,16699.552799999998,23.912475,-23.023408,6.643234,124.478548,-77.265534,-70.33951,-56.318973,True
258,2,2373,r,4,2,59,1375.2491,6991.71354,15.417184,11.28071,10.577708,-27.438662,-74.605054,63.319371,-14.158044,False
258,2,2408,r,4,1,63,1268.648,9860.335,10.236247,6.912242,7.568364,-140.804135,-79.04551,52.226429,-21.386968,False
258,2,2419,l,2,3,24,541.548,14259.5324,21.181477,-20.428646,5.720566,98.754291,-72.958973,-71.232505,-52.51501,True
258,2,2427,r,4,3,67,1998.838,5821.84635,7.861838,7.265348,3.011959,-9.110554,-69.08525,38.133094,-53.21954,True
258,2,2432,l,2,4,4,3550.9724,3775.01247,9.14276,-8.175851,4.106112,-153.270078,-77.022333,-63.685496,-44.874066,True
258,2,2446,r,4,2,59,3734.231,3639.88968,10.330132,9.132593,4.848388,-205.703211,-72.205334,79.688038,-29.61851,False
258,2,2451,r,4,3,67,2620.6016,4466.30515,9.454741,8.294842,4.553333,-3.091378,-74.075503,42.73046,-50.487423,True
258,2,2499,l,1,3,41,1616.4946,10993.86521,25.179069,-24.968714,3.357343,16.821897,-74.365537,-127.203484,-56.687654,True
258,2,2505,r,4,1,63,1639.9069,7942.2459,8.357006,6.708179,4.995404,-103.420676,-65.398389,46.273246,-30.773296,False
258,2,2521,l,2,4,4,1365.1832,8698.530200000001,5.491111,-5.355633,1.213999,-141.017545,-70.371496,-40.406439,-61.197561,False
258,2,2581,l,6,1,57,2627.7903,4069.67073,20.387647,-20.301177,-1.916603,-50.950371,-77.85143,-126.129337,-90.0165,True
258,2,2597,l,2,2,10,3534.087,4182.21603,9.378914,-6.980652,6.279328,-124.095281,-75.537984,-50.702574,-29.632372,True
258,2,2600,r,4,1,63,2074.3027,6880.26252,17.467504,13.474751,11.219627,68.949374,-62.932404,52.966546,-17.843325,True
258,2,2623,r,4,3,67,1940.6493,6585.3289,8.638711,7.935621,3.424669,-144.582288,-71.855687,60.578682,-45.597511,False
258,2,2624,r,10,1,37,4039.7493,2771.4360500000003,13.80798,13.440633,-3.193348,-179.477085,-72.3062,112.19712,-99.236967,True
258,2,2734,r,10,2,31,1911.8127,7492.23704,18.649426,18.230585,-3.998789,-92.862763,-74.580706,126.105382,-102.759371,False
258,2,2743,r,4,3,67,559.9045,13617.707,16.93142,15.355701,7.220174,129.642806,-66.167604,44.036369,-45.100321,True
258,2,2764,l,7,1,27,2675.2944,4391.95343,11.212986,-10.869732,-2.769886,-58.575526,-77.657815,-66.93411,-94.830468,True
258,2,2768,r,4,3,67,651.10864,15653.28588,19.916923,19.466979,4.293684,121.514207,-71.945625,59.554692,-58.528804,True
258,2,2799,r,10,2,31,2513.1267,5828.63958,23.760306,23.540061,-3.323623,-14.369477,-74.235392,132.596743,-93.515616,True
258,2,2809,r,4,3,67,1858.9302,6410.97867,6.247026,5.608852,2.755064,-238.461769,-73.96208,51.898558,-48.409086,False
258,2,2822,r,4,3,67,340.055,16682.3429,20.100151,19.976533,2.272716,129.631067,-71.048069,58.295143,-64.27602,True
258,2,2841,l,2,1,17,3385.5442,3707.10477,11.160737,-9.623854,5.67869,-127.63239,-75.94839,-70.816088,-33.827214,True
258,2,2847,l,3,3,23,1962.3761,7112.00661,10.063179,-8.16858,5.897286,70.643358,-48.87089,-31.486996,-25.980854,True
258,2,2856,r,4,1,63,2418.477,5662.955,7.509064,5.757397,4.828768,-160.761825,-69.562618,45.448112,-31.290098,False
258,2,2859,r,10,1,37,1350.0183,8414.933430000001,26.579843,26.50021,-2.134617,78.881585,-77.823781,105.260723,-86.616722,True
258,2,2906,l,2,3,24,2136.9524,6842.33364,11.695052,-11.539451,1.91442,-55.785961,-69.158876,-70.598932,-57.362414,True
258,2,2939,l,1,3,41,3165.7627,4101.67139,19.303512,-19.20102,2.025117,-116.206953,-72.597596,-141.464337,-57.388156,True
258,2,2963,l,1,3,41,1741.0166,7749.60159,25.835957,-25.593875,3.653832,-3.4916,-74.134323,-140.579039,-53.3535,True
258,2,2985,r,8,4,14,564.16974,7005.29997,7.353616,7.05637,2.074874,-166.560324,-73.741026,56.51457,-57.07396,False
258,2,2990,l,2,1,17,2599.5933,5373.63257,13.852063,-11.725581,7.427216,-60.256457,-78.326753,-72.697727,-31.694067,True
258,3,34,l,1,4,48,2255.2007,6728.08512,18.367692,-17.079935,6.859395,-43.176508,-78.75114,-102.370768,-36.822692,True
258,3,80,r,4,2,59,2736.2231,5756.48426,15.044609,11.896298,9.276893,-35.391853,-75.301343,68.548862,-20.98452,True
258,3,134,l,7,1,27,388.13925,13861.0173,20.487182,-20.112814,-3.981991,89.072061,-77.285757,-73.580143,-92.180891,True
258,3,171,l,1,1,35,2403.138,7070.15013,23.350339,-21.688405,8.868493,-56.7188,-69.177377,-137.894901,-10.95636,True
258,3,177,r,4,3,67,1223.1499,9260.52976,12.781279,11.137603,6.310159,68.999295,-68.055973,43.509258,-43.148501,True
258,3,212,l,7,1,27,2201.8083,4491.30699,9.409568,-9.221924,-1.877921,-206.98143,-80.908254,-80.6886,-97.41647,False
258,3,220,l,1,4,48,1414.1833,11694.95666,26.500626,-26.365291,2.776046,56.094429,-67.686956,-115.935176,-55.028351,True
258,3,241,l,7,2,46,3668.3682,3064.32597,7.104937,-7.065724,-0.747335,-143.581735,-76.889591,-53.742074,-82.588593,True
258,3,289,r,4,2,59,1141.6007,9277.0423,19.213958,16.310136,10.297652,62.379456,-73.873807,66.60462,-30.783641,True
258,3,313,r,10,1,37,1368.143,10439.00114,29.657869,28.693302,-7.843522,81.828993,-73.640751,113.938668,-106.332173,True
258,3,314,l,1,3,41,1140.0037,11948.4591,30.236897,-29.678087,6.069476,47.301773,-71.012261,-138.309633,-41.309718,True
258,3,341,l,7,2,46,1185.0858,8928.85925,16.667589,-15.746274,-5.535263,63.64078,-78.451931,-63.824012,-101.24377,True
258,3,347,r,4,1,63,496.0534,14995.5514,23.865461,19.441716,14.118057,118.486088,-68.624099,60.539983,-22.876829,True
258,3,365,r,4,4,54,1345.5533,8522.4298,17.601731,17.537233,1.529691,62.429921,-68.635135,71.915188,-62.261765,True
258,3,372,l,7,2,46,2650.5647,4509.2276,9.80549,-9.510051,-2.399908,-69.653054,-67.228215,-60.25014,-82.51161,True
258,3,383,l,1,3,41,2509.9666,5726.30226,12.916078,-12.894986,0.744158,-244.848755,-67.854266,-122.447461,-60.727527,False
258,3,406,l,7,2,46,3121.667,3321.09449,7.824982,-7.721553,-1.271917,-89.409362,-74.233843,-51.443496,-82.734871,True
258,3,407,l,2,3,24,2860.8865,4949.50378,7.641532,-7.603554,0.763153,-274.396244,-70.504026,-75.342173,-62.919403,False
258,3,465,l,2,1,17,1290.9812,10651.3341,21.787537,-18.660925,11.45204,65.174164,-65.330283,-75.928493,-17.257659,True
258,3,480,l,1,3,41,2137.1414,9664.16747,23.730629,-22.913438,6.347437,-27.943549,-80.165302,-134.3925,-41.767746,True
258,3,490,l,2,4,4,440.35782,15154.9335,19.080062,-18.848022,3.022043,132.699946,-70.056847,-53.696466,-61.281893,True
258,3,492,r,4,4,54,334.87247,17906.502,24.247564,22.760959,8.591454,101.846602,-72.497331,78.941587,-41.669884,True
258,3,494,l,2,1,17,2140.6501,6728.22269,16.878664,-15.463122,6.850341,-23.571098,-76.516639,-86.743648,-37.431296,True
258,3,505,r,4,4,54,1484.4303,7718.42784,11.566658,11.144314,3.116839,-140.988448,-78.132115,84.902792,-54.212533,False
258,3,514,r,5,2,5,328.01297,19703.1113,35.638695,34.025568,11.305003,92.315648,-80.097681,133.468168,-32.414575,True
258,3,515,l,2,4,4,439.6931,16955.2384,18.089232,-16.613383,7.259665,105.353818,-68.386848,-55.092383,-43.840571,True
258,3,583,l,6,1,57,1654.8143,6961.27969,26.848954,-26.188005,-6.141722,10.05262,-68.365265,-137.678396,-101.935128,True
258,3,589,r,5,3,18,779.83954,12079.5441,28.535145,28.078124,5.307205,101.66168,-74.241873,100.470904,-54.412593,True
258,3,602,l,2,3,24,1259.9575,9542.6647,21.085833,-20.34669,5.655193,78.986195,-71.134525,-78.251919,-48.848692,True
258,3,622,l,2,4,4,2934.9539,4253.16187,5.565525,-5.222909,1.925244,-281.877299,-75.333347,-52.275475,-56.029831,False
258,3,626,l,7,2,46,1270.4454,7307.21816,12.923009,-12.204607,-4.281346,56.681652,-75.050925,-50.464849,-92.921728,True
258,3,628,r,5,3,18,1232.2484,12657.68324,28.324694,27.539041,6.90055,63.829971,-70.339306,117.932606,-39.469894,True
258,3,648,r,5,3,18,2409.0483,6558.71012,19.759812,18.98001,5.600528,-40.285977,-70.611489,113.597702,-36.36149,True
258,3,705,r,5,3,18,2698.2722,5275.44442,12.574506,11.874399,4.16729,-192.353946,-76.340942,101.422839,-40.427414,False
258,3,725,l,7,2,46,2319.375,4830.05511,12.768154,-11.824903,-4.851047,44.314693,-80.60022,-51.437792,-101.903531,True
258,3,764,l,3,3,23,3186.7288,4403.66252,7.035936,-5.154637,4.795438,-34.321967,-73.243418,-29.256725,-45.924868,True
258,3,765,l,1,4,48,2419.8835,7366.08877,15.031497,-14.384697,4.408702,-133.286784,-71.081379,-108.561078,-37.390339,False
258,3,820,r,4,2,59,1097.7477,11295.9825,20.27324,18.517467,8.40155,72.404321,-67.986351,72.880265,-34.093881,True
258,3,832,r,10,1,37,282.216,17620.58569,34.345869,33.501241,-8.054996,128.23212,-68.114908,107.076861,-95.569126,True
258,3,838,l,2,4,4,2032.6246,5828.19842,9.090453,-7.770164,4.732698,-13.206383,-70.049433,-41.373268,-44.714503,True
258,3,872,l,7,1,27,860.72046,10452.9173,33.812271,-30.893086,14.480841,9.674319,-72.646556,-167.725516,11.719934,False
258,3,886,r,4,3,67,2233.4773,5846.97738,9.80553,9.347289,2.975789,-8.510332,-76.552373,49.135957,-60.825777,True
258,3,888,r,5,1,12,2648.7822,6116.08788,18.418401,16.218786,8.848405,-43.099519,-77.896074,96.892799,-23.892112,True
258,3,913,r,4,2,59,1306.4188,9980.4438,22.686877,19.318065,12.130189,65.5584,-75.622307,78.677783,-24.504385,True
258,3,994,r,4,1,63,541.7836,14160.6673,16.097031,13.366398,9.052531,117.337568,-67.357557,41.027,-39.082286,True
258,3,1017,l,8,1,1,2510.0718,4757.85318,3.916205,-3.861209,0.654505,-113.185838,-71.502461,-27.212226,-66.886083,False
258,3,1018,r,5,1,12,380.2619,17966.594,30.668625,28.637185,11.474065,96.448739,-76.457153,105.690584,-31.694175,True
258,3,1025,l,10,4,50,1371.3043,7442.3052,12.044216,-8.619257,8.444588,-174.763851,-76.988962,-70.448715,-7.200811,False
258,3,1065,l,7,1,27,655.4934,12795.3972,13.29639,-13.268739,-0.864859,51.84585,-77.957915,-56.160073,-81.651647,True
258,3,1083,l,7,1,27,2221.324,4907.20748,14.067254,-14.00977,-1.283331,-5.006414,-76.571531,-73.606792,-83.382899,True
258,3,1127,r,5,3,18,1388.012,9020.6153,15.270433,14.132371,5.844506,-106.185282,-76.418503,99.752859,-34.598819,False
258,3,1175,r,4,2,59,522.6358,15280.7203,22.924873,19.525358,12.255079,99.139156,-73.707502,67.682448,-29.720291,True
258,3,1179,l,2,4,4,1814.8251,7157.9729,10.1038,-9.809135,2.434266,-33.846907,-75.550784,-55.991251,-61.579302,True
258,3,1186,r,10,1,37,2598.5264,5635.78783,21.612063,21.330884,-3.558851,-4.527544,-69.21682,115.014423,-88.881706,True
258,3,1195,l,6,1,57,521.7591,13823.2072,32.924044,-32.480588,-5.707242,66.456615,-77.963375,-142.306389,-104.447298,True
258,3,1241,r,4,1,63,2203.5574,6204.76396,8.224203,5.81277,5.828029,-218.505472,-70.912834,51.76661,-18.741138,False
258,3,1290,l,1,1,35,675.2569,15847.3028,34.332685,-31.593636,14.195185,81.022166,-79.957892,-128.532025,-17.899008,True
258,3,1311,l,7,1,27,667.35254,12168.5523,23.212742,-21.683605,-8.493216,92.211407,-64.508714,-78.644089,-96.29363,True
258,3,1322,r,4,1,63,1249.8451,10052.22649,10.833516,9.162489,5.805329,-49.172162,-72.70875,54.706049,-37.779352,False
258,3,1360,l,2,3,24,2209.75,6458.21558,16.531552,-16.452564,1.636895,-3.877837,-66.708584,-86.785991,-57.951898,True
258,3,1379,r,5,1,12,1343.101,8935.5321,13.385609,12.348789,5.206069,-199.998401,-72.49986,107.274092,-26.796785,False
258,3,1381,r,4,4,54,3526.7466,3582.7521,7.709374,7.242912,2.648031,-199.562567,-71.553991,62.218684,-48.729696,False
258,3,1425,r,10,2,31,2535.839,5716.35273,16.522801,16.410865,-1.946971,-175.036783,-72.580511,136.963595,-89.060418,False
258,3,1444,r,4,3,67,1300.1143,8734.21097,8.132513,7.287699,3.619107,-80.870755,-77.247767,47.428711,-53.599347,False
258,3,1447,l,2,1,17,421.0287,18128.0511,25.38806,-20.559109,15.230386,82.850027,-77.481119,-77.693873,-17.245338,True
258,3,1455,l,8,3,7,3333.6135,3343.92419,5.496867,-4.864409,-2.562981,-23.936136,-77.881924,-26.717387,-91.98523,True
258,3,1464,r,4,1,63,3509.3826,4335.06853,6.811614,5.597222,3.8881,-240.322105,-72.104474,51.972579,-35.888727,False
258,3,1493,r,5,3,18,1700.2285,8746.266080000001,13.385177,12.929781,3.491622,-165.980747,-70.361969,104.683006,-41.816139,False
258,3,1586,l,6,1,57,1054.5334,8797.0391,32.52687,-31.547849,-8.364017,61.057283,-67.559813,-140.559408,-107.057912,True
258,3,1623,r,10,3,43,2872.6304,4131.6864,20.245096,19.289468,-6.267115,-9.225923,-76.885717,104.725684,-111.701228,True
258,3,1626,r,4,2,59,1228.1482,9510.18864,19.369671,15.063628,12.320536,62.564932,-75.729252,61.21183,-24.28733,True
258,3,1630,l,7,2,46,2564.9126,4274.45515,7.165556,-6.761507,-2.377707,-150.397718,-71.455851,-52.21419,-89.870406,False
258,3,1677,r,4,3,67,2676.0996,4780.26518,6.250789,5.49746,2.979522,-291.968199,-78.83121,56.01113,-48.400145,False
258,3,1698,l,7,1,27,1051.983,9185.8101,22.324978,-21.201594,-7.15966,76.212071,-68.288174,-82.929716,-97.092628,True
258,3,1728,l,7,1,27,2299.1592,4753.87587,15.606866,-14.704582,-5.288346,-25.913375,-72.876325,-82.905326,-103.108082,True
258,3,1741,r,4,2,59,2293.6396,6043.94248,16.33219,14.225116,8.108313,-4.004973,-77.363969,74.531839,-34.152377,True
258,3,1804,l,2,2,10,814.03815,11539.8829,13.630737,-11.233735,7.77025,-7.734529,-81.807808,-59.135221,-40.387142,False
258,3,1808,l,2,2,10,2194.0112,7153.91708,8.008741,-6.995402,3.909002,-191.334841,-67.305413,-59.061279,-34.168642,False
258,3,1832,l,7,2,46,852.15894,10527.8332,16.500903,-14.087298,-8.680711,73.890223,-67.547145,-54.232094,-101.56519,True
258,3,1836,l,1,4,48,2210.2632,6812.61593,18.239648,-16.965769,6.797584,-40.223956,-79.2436,-100.743903,-38.089858,True
258,3,1892,r,4,2,59,2021.4882,7419.91089,10.682503,9.382042,5.131181,-81.767428,-69.005634,61.425992,-35.169718,False
258,3,1918,l,1,2,29,1131.772,11536.498,19.378066,-18.324343,6.414159,-72.969011,-72.25429,-120.211628,-29.270334,False
258,3,1929,l,2,4,4,2832.911,4873.60177,7.230269,-6.711214,2.696234,-141.692832,-76.065323,-50.797913,-55.595379,False
258,3,2055,l,2,4,4,2435.523,4802.28642,7.132318,-6.720727,2.393344,-121.668967,-80.995615,-48.510972,-63.670426,False
258,3,2102,r,4,3,67,457.22296,13367.4647,17.446698,16.638975,5.322897,140.614916,-76.172827,44.644299,-61.646325,True
258,3,2106,r,5,2,5,857.8298,14789.4138,32.878218,30.980729,11.601068,80.08403,-68.82268,126.034164,-18.558358,True
258,3,2123,l,2,3,24,1298.0559,9880.42086,9.338682,-8.786612,3.17579,-227.579329,-68.402363,-80.001675,-39.343533,False
258,3,2180,r,4,1,63,3500.8835,3834.60519,5.513797,4.37554,3.358355,-259.396115,-70.325369,42.037805,-37.991701,False
258,3,2241,r,5,3,18,2288.3835,6121.7137,17.777838,17.233037,4.435197,-24.280494,-71.470796,97.484679,-45.948245,True
258,3,2279,r,4,1,63,1745.3473,7098.32304,11.10429,8.543594,7.119614,-97.078855,-76.35394,58.150447,-27.463621,False
258,3,2298,r,5,3,18,2375.4233,6735.79387,19.436635,18.863968,4.770991,-24.515866,-69.385094,107.461917,-41.644858,True
258,3,2319,l,2,2,10,1319.4988,8698.7328,16.430549,-10.95259,12.323299,29.753307,-85.51316,-50.36339,-27.604514,True
258,3,2328,l,6,1,57,1810.1173,7729.85477,14.689253,-14.454602,-2.643394,-207.930569,-74.351889,-128.352769,-98.092177,False
258,3,2359,r,10,1,37,1469.0093,8207.991750000001,28.252523,27.789224,-5.311593,81.62936,-77.25189,109.811298,-99.1499,True
258,3,2364,l,3,3,23,2650.3547,5097.65066,6.027782,-4.967976,3.417991,-10.314366,-60.993639,-26.104974,-42.989405,True
258,3,2366,r,4,1,63,274.78305,19171.9681,19.771388,15.657191,12.227496,116.124256,-71.576989,48.734119,-32.444298,True
258,3,2367,l,1,1,35,412.56003,20734.5997,34.945567,-32.677969,13.135077,95.581199,-70.242861,-124.709112,-16.343411,True
258,3,2427,l,2,2,10,1217.2748,10333.7273,18.540326,-13.57124,12.752565,36.098068,-75.69197,-61.290453,-16.577334,True
258,3,2438,l,2,2,10,1853.3268,6773.81408,10.754411,-6.744032,8.396532,-53.165361,-77.707098,-40.580049,-26.701145,False
258,3,2459,l,2,3,24,2539.141,5575.09099,8.281863,-8.161127,1.413789,-190.054889,-72.474239,-68.84454,-60.505137,False
258,3,2487,l,8,3,7,2101.159,5785.49073,2.417676,-2.343767,-0.593392,-244.400139,-82.61761,-21.872611,-88.15703,False
258,3,2525,r,5,2,5,1203.1323,11960.0637,23.780726,21.968519,9.339789,-5.336159,-73.153612,119.134837,-20.776731,False
258,3,2526,l,2,3,24,3077.5251,5295.07664,9.575167,-9.473263,1.39964,-226.071334,-70.723148,-86.113173,-57.939543,False
258,3,2598,r,4,1,63,1571.0275,8707.81884,8.503637,5.975474,6.061265,-179.689512,-78.794835,49.163093,-28.648172,False
258,3,2619,r,5,1,12,1173.6439,11209.454,13.621251,12.740344,4.859297,-181.940593,-73.151335,106.705646,-32.016705,False
258,3,2631,r,10,2,31,2279.0752,5491.79565,23.847262,23.286395,-5.291052,16.520274,-70.797709,117.702,-98.370664,True
258,3,2637,l,2,1,17,3133.955,5291.77276,8.610399,-7.45,4.329233,-258.684126,-72.264324,-71.748578,-30.373392,False
258,3,2667,r,5,1,12,1204.9747,11774.1536,27.226506,23.499565,14.158616,46.76303,-76.023055,105.760247,-9.11216,True
258,3,2686,l,2,2,10,276.27698,18629.2984,24.304173,-20.418117,13.474913,129.601857,-75.186664,-59.709274,-34.176127,True
258,3,2705,r,4,4,54,2213.5405,6435.17074,14.566122,13.610765,5.238064,3.171345,-74.339233,69.448204,-47.283837,True
258,3,2765,l,2,1,17,1522.371,8446.8776,10.42421,-9.478874,4.357604,-242.133964,-73.838294,-88.846999,-32.727571,False
258,3,2797,l,1,3,41,2845.3896,4910.03496,19.823594,-19.003437,5.750353,-92.259898,-77.570398,-131.648288,-36.857584,True
258,3,2815,l,8,1,1,2398.6665,5538.00484,4.962798,-4.810718,1.220601,-20.954329,-75.422703,-26.170142,-68.773859,True
258,3,2844,l,1,3,41,2754.336,5905.08028,18.96081,-18.770089,2.732231,-101.591152,-75.378939,-133.080422,-55.641499,True
258,3,2851,l,2,3,24,2209.7246,5564.89577,9.102014,-8.674899,2.766107,-170.188932,-77.606935,-70.212492,-55.115507,False
258,3,2855,r,5,1,12,3626.4502,4504.2003700000005,15.315958,14.223378,5.740581,-172.935764,-67.348805,117.341757,-19.338757,True
258,3,2912,l,2,1,17,1228.7498,8264.65075,11.463323,-10.045622,5.550658,-205.866043,-72.652304,-87.841732,-23.713034,False
258,3,2923,l,1,2,29,1915.6245,6929.60579,22.564304,-21.105418,8.1707,-16.983532,-78.876253,-118.48844,-31.630194,True
258,3,2929,l,2,3,24,564.4121,13605.1931,19.252289,-18.800346,4.22408,97.556222,-82.107767,-65.514502,-67.093192,True
258,3,2992,r,4,1,63,3205.2117,5031.75015,7.368041,6.223777,3.951469,-250.366623,-75.195702,58.929502,-37.648202,False
258,3,3007,l,2,4,4,1712.555,7550.198,7.808568,-6.889102,3.685043,-158.589018,-78.801063,-54.198662,-49.699599,False
258,3,3015,r,10,2,31,2327.854,6024.54736,23.136736,22.716476,-4.510901,-8.2415,-70.143458,124.857906,-95.651391,True
258,3,3027,l,7,2,46,1272.2434,7619.714910000001,6.684296,-6.632403,-0.833151,17.121994,-81.654146,-31.729463,-85.649145,True
258,4,3,r,10,1,37,1729.9102,9351.55654,17.484266,17.256331,-2.857813,-73.147808,-75.558224,112.804389,-94.540899,False
258,4,8,r,4,2,59,2484.4717,5362.92785,9.854226,8.851685,4.34789,-140.040436,-72.359533,66.971056,-39.26902,False
258,4,48,l,1,4,48,2623.3623,5356.93848,11.992057,-11.819707,2.04039,-207.046748,-76.682485,-104.016913,-58.59081,False
258,4,61,r,10,1,37,4127.7993,2924.8887,14.453018,14.268164,-2.328472,-155.069199,-76.619357,113.183383,-95.292731,True
258,4,63,r,4,1,63,1993.6874,7480.86926,12.758771,9.385451,8.681933,-26.489429,-71.826109,52.311922,-22.842843,True
258,4,64,l,1,2,29,1586.131,10444.2834,25.249999,-24.102264,7.761681,40.077212,-66.572711,-111.807718,-29.254327,True
258,4,64,r,1,2,29,1586.131,10444.2834,7.167537,7.105801,0.941136,-34.615367,-73.717288,40.466355,-68.343429,False
258,4,77,l,2,1,17,2886.8782,5814.58586,9.917002,-8.160504,5.654177,-244.908635,-71.908698,-76.705157,-18.408011,False
258,4,119,r,4,1,63,2181.2747,6530.32561,12.474607,9.48942,8.134723,45.46329,-66.381628,40.874992,-30.942746,True
258,4,140,r,4,3,67,2250.7134,6761.303,6.744207,5.599297,3.765287,-251.244513,-81.727958,53.06278,-45.937117,False
258,4,145,r,4,4,54,1919.846,5569.81002,12.825547,12.70257,1.78657,-23.333504,-76.418715,70.627525,-66.400119,True
258,4,170,r,4,2,59,1083.526,6756.436582,12.7285,12.565759,2.045412,-196.453544,-71.419977,108.430048,-53.620245,False
258,4,178,l,7,2,46,2310.8604,5169.45545,10.430199,-9.423597,-4.490783,-11.441048,-78.974976,-50.030798,-102.973981,True
258,4,184,r,4,2,59,1386.8163,8378.578529999999,9.967029,8.812817,4.674246,-130.119881,-71.630219,65.134226,-36.869811,False
258,4,205,r,4,3,67,750.1972,10985.217,17.3183,17.05206,3.070981,113.169825,-75.858249,54.238146,-65.935053,True
258,4,221,r,4,3,67,2633.0723,5996.33304,9.515988,8.37935,4.52624,-39.71613,-75.769686,48.566825,-49.386883,True
258,4,227,l,1,3,41,2131.421,6073.61537,19.315933,-19.133529,2.699303,-93.062066,-72.377057,-132.898231,-53.260951,False
258,4,270,l,2,4,4,1805.3054,7462.994259999999,5.805418,-5.744909,0.837403,-105.540845,-70.58446,-39.79337,-64.773858,False
258,4,272,r,10,1,37,362.33066,16286.5575,29.674973,29.087446,-6.150972,123.519557,-73.577761,92.614056,-94.108569,True
258,4,275,r,4,1,63,893.6704,12499.7427,8.532852,5.769678,6.297191,-147.54128,-75.565146,44.209893,-27.036005,False
258,4,303,l,1,3,41,283.5225,21476.0454,37.213974,-36.809176,5.908263,107.284856,-69.082086,-136.734035,-45.465335,True
258,4,364,r,10,1,37,1585.737,8021.76406,23.945943,23.109975,-6.451434,59.430775,-73.733101,98.393558,-102.079932,True
258,4,377,r,4,3,67,2364.9849,6112.1624,7.807394,6.929084,3.606478,-180.548529,-77.338503,57.184999,-47.462482,False
258,4,383,l,7,2,46,3257.84,3746.74672,4.98739,-4.942981,-0.664902,-159.432515,-75.266584,-38.869603,-80.501834,False
258,4,384,l,2,4,4,2092.9224,6327.9334,10.03911,-7.905545,6.207342,-20.267334,-78.050662,-43.083758,-43.980819,True
258,4,394,l,2,4,4,2516.2961,5175.73118,9.122424,-8.568648,3.141752,-41.347832,-72.57339,-49.926204,-54.180759,True
258,4,415,l,1,1,35,1740.8748,9528.0606,26.874242,-25.026259,10.125671,7.085982,-70.879312,-132.08286,-15.118721,True
258,4,431,r,4,3,67,1237.695,8876.0725,13.672171,11.790185,6.971982,51.62837,-75.92657,49.755812,-46.148279,True
258,4,480,l,2,2,10,2308.1772,6019.17433,7.313494,-5.293467,5.053627,-156.317621,-74.297208,-41.352308,-34.659462,False
258,4,507,l,2,2,10,2357.2676,8406.93718,15.426688,-11.329741,10.539186,20.198377,-73.64829,-54.057337,-22.455015,True
258,4,519,r,4,4,54,583.0018,14610.5598,22.092736,21.172744,6.459265,122.936955,-67.08672,64.708071,-46.803385,True
258,4,521,r,4,1,63,3640.6238,3429.93002,7.794828,6.321927,4.569181,-177.582337,-75.776062,51.8027,-38.179783,True
258,4,539,l,2,4,4,2986.9075,3877.93198,9.721078,-8.230277,5.191108,-47.751455,-77.235158,-48.852926,-46.230895,True
258,4,566,r,10,1,37,1602.8657,8136.30106,24.117656,23.392801,-6.040706,48.911549,-75.048089,104.292325,-102.845518,True
258,4,613,l,7,1,27,2676.3782,4345.31955,8.862851,-8.653247,-1.923438,-206.411909,-79.145553,-75.547196,-96.008474,False
258,4,647,r,10,1,37,1871.2568,6666.69866,12.274134,11.900729,-3.026409,-167.273195,-72.390523,96.368649,-97.097595,False
258,4,679,l,7,4,39,1466.8414,6850.08836,15.678756,-12.11207,-10.031332,83.855676,-70.842846,-44.238939,-108.138125,True
258,4,680,r,4,4,54,729.83514,12659.9373,9.227578,8.189681,4.266321,-229.077515,-79.897427,74.70479,-40.775653,False
258,4,704,l,1,3,41,627.8484,14324.4108,15.731034,-15.352894,3.470418,-171.348423,-73.88882,-126.668541,-44.875228,False
258,4,757,r,4,1,63,1666.4115,8086.79375,16.885463,10.500027,13.298863,47.476842,-76.921446,44.949128,-18.62022,True
258,4,762,l,6,1,57,3155.172,1860.50445,18.881461,-18.267093,-4.861,-118.240219,-68.560628,-134.752486,-105.121728,True
258,4,797,l,2,4,4,1275.4799,8385.85527,10.311961,-10.219805,1.382919,56.895084,-70.635842,-42.025382,-64.917692,True
258,4,800,r,5,3,18,1350.5894,8466.47434,23.685355,23.479854,3.205349,32.440508,-77.359901,111.88239,-61.633855,True
258,4,817,l,7,1,27,1410.2058,6933.10971,21.304098,-19.8176,-7.980659,57.987937,-66.091397,-83.609999,-100.666345,True
258,4,855,l,2,4,4,3422.4453,3828.90366,7.468185,-6.686645,3.333627,-155.757648,-71.350228,-52.25916,-45.207682,True
258,4,874,l,7,4,39,372.26453,15565.33578,24.949468,-23.246789,-9.321592,145.313194,-80.171354,-62.152753,-106.019221,True
258,4,888,l,2,1,17,1261.8171,11720.02512,22.320283,-20.554481,8.89596,81.127535,-70.466903,-78.320668,-35.550623,True
258,4,895,l,2,4,4,1137.0178,9664.92527,12.72237,-12.13615,3.846367,68.673717,-74.802833,-47.594326,-59.582281,True
258,4,931,l,7,1,27,1921.2664,6456.55937,17.22514,-16.630526,-4.551523,11.473214,-75.941407,-83.194047,-99.081938,True
258,4,968,r,4,3,67,2662.2708,5566.33278,6.96172,6.399316,2.746945,-204.245864,-69.322367,55.43258,-45.45977,False
258,4,980,l,1,4,48,703.5728,17069.0319,31.332657,-30.78331,6.151318,86.738034,-64.148864,-121.088214,-38.649669,True
258,4,1069,r,5,1,12,1252.2095,10686.2166,16.552645,14.054121,8.834352,-114.859057,-81.866479,101.348995,-17.000772,False
258,4,1084,l,7,2,46,885.6125,11573.5466,17.079845,-16.597084,-4.090064,132.430937,-71.254159,-46.964645,-83.011217,True
258,4,1099,l,7,1,27,594.08496,13645.70508,21.278982,-20.77001,-4.731988,82.291127,-66.290377,-78.776816,-84.678954,True
258,4,1110,r,4,4,54,2690.5493,5241.6192200000005,7.143901,7.080679,0.950747,-260.528173,-73.535799,68.383389,-64.329466,False
258,4,1116,l,2,2,10,454.05405,17422.8107,21.921705,-16.684922,14.426208,117.554934,-71.738597,-51.686537,-25.428393,True
258,4,1118,r,10,1,37,357.8359,16072.0284,29.857881,28.21616,-10.192953,115.279518,-62.47258,93.747757,-98.12403,True
258,4,1136,r,5,3,18,2455.8286,6624.54428,13.452099,13.155881,2.832544,-192.358018,-76.237159,112.74426,-51.728017,False
258,4,1152,l,6,1,57,1679.2808,8712.77493,27.241291,-26.914071,-4.376185,26.047497,-69.00873,-133.992265,-91.662075,True
258,4,1249,l,6,1,57,2360.2473,4480.10241,15.671232,-15.421746,-2.819616,-165.701298,-68.285081,-125.707148,-91.567266,False
258,4,1260,r,3,4,3,2928.1938,5309.43238,8.199328,4.539799,6.834991,-26.151174,-62.674158,25.102614,-24.660311,True
258,4,1271,l,6,1,57,2202.284,3748.91964,19.668931,-19.276637,-3.985239,-90.002096,-73.789462,-132.900914,-101.835823,False
258,4,1295,l,2,1,17,1835.428,6896.88055,12.9947,-11.809515,5.460892,-128.969786,-76.498274,-87.599965,-35.57855,False
258,4,1298,l,2,4,4,2095.1035,5848.49225,6.774524,-5.835677,3.446762,-159.488194,-69.317564,-45.940139,-42.103846,False
258,4,1311,l,8,3,7,2545.9458,4229.69045,6.35625,-5.547184,-3.108193,-11.202594,-72.339344,-29.252878,-88.772044,True
258,4,1327,r,10,1,37,2412.004,6147.40646,19.581575,19.013858,-4.770021,12.871989,-74.597903,95.49781,-99.057494,True
258,4,1363,r,5,3,18,2633.7192,5826.25745,17.349276,16.600204,5.115399,-39.206858,-68.440665,98.142103,-37.688863,True
258,4,1382,l,7,2,46,1519.0985,6875.14907,12.169711,-11.579604,-3.769439,64.196578,-71.893834,-46.267023,-87.079796,True
258,4,1391,l,1,2,29,2900.5527,5104.8052,18.122865,-16.210994,8.213037,-52.264032,-65.310686,-99.508115,-13.864705,True
258,4,1475,l,1,4,48,2911.569,5773.78749,13.011391,-12.778956,2.469011,-215.397503,-70.076873,-114.628304,-47.73112,False
258,4,1495,r,10,1,37,3647.6672,3718.79577,11.990619,11.936721,-1.143956,-236.504609,-77.052133,111.30439,-87.797973,False
258,4,1511,r,5,3,18,262.60687,19227.7409,33.532674,32.584312,8.395259,108.348301,-76.580877,116.101042,-44.764314,True
258,4,1565,r,4,3,67,1556.741,7461.39303,12.260218,10.724209,5.976849,2.296555,-72.447398,54.488043,-41.790634,True
258,4,1585,l,7,2,46,3683.7688,2556.35766,4.22812,-4.121036,-0.946362,-263.528497,-73.605419,-39.881694,-82.772655,False
258,4,1660,r,4,3,67,842.5501,10707.5013,16.849426,14.036243,9.416538,126.0,-74.975689,41.0,-46.93995,True
258,4,1668,l,7,2,46,2204.1992,5195.61564,11.173377,-10.558031,-3.677749,25.154784,-77.070557,-49.363667,-94.387221,True
258,4,1683,r,4,3,67,1212.2491,9140.0915,11.988802,11.70033,2.632542,88.994191,-72.571189,41.627509,-63.133056,True
258,4,1706,r,4,4,54,3847.0627,3588.77247,9.881394,9.194617,3.635193,-180.22469,-76.906594,76.114445,-46.643743,True
258,4,1712,l,7,2,46,312.3788,14656.5414,15.329255,-13.650842,-7.041539,98.363337,-74.779537,-46.54183,-99.138702,True
258,4,1725,r,4,3,67,858.1997,10880.2855,14.963774,10.814195,10.404765,80.812129,-83.3179,39.958435,-44.212272,True
258,4,1728,l,1,4,48,550.5954,15032.2382,25.836975,-25.256634,5.633446,82.241905,-74.119677,-98.014485,-51.460259,True
258,4,1732,r,10,1,37,2843.3318,3424.25381,20.044713,19.445161,-4.962827,-3.257549,-76.431318,103.532172,-103.43669,True
258,4,1759,r,10,1,37,1510.7548,7268.06642,25.525857,25.014536,-5.255563,62.371229,-78.406752,106.215354,-101.512492,True
258,4,1824,l,2,4,4,2714.0383,4615.15359,7.037696,-5.98485,3.70956,-159.658815,-74.173429,-47.140838,-44.860182,False
258,4,1844,r,4,4,54,2623.7207,5039.64531,12.417322,11.903633,3.56039,-21.465143,-67.609949,65.656626,-47.804493,True
258,4,1848,r,5,3,18,1821.3427,9398.42641,21.832239,21.625099,3.074917,17.873546,-73.914443,107.880404,-58.189264,True
258,4,1853,r,4,2,59,539.8911,14210.0906,23.170761,19.261821,13.131426,112.316556,-76.022465,62.09097,-32.113504,True
258,4,1891,r,4,2,59,1519.6302,8064.776900000001,18.457335,16.792742,7.772975,40.862994,-70.284992,75.18446,-34.762355,True
258,4,1926,l,2,3,24,1888.337,7075.0275,17.55917,-16.938288,4.69742,5.244027,-75.374162,-86.723374,-50.914801,True
258,4,1929,l,7,1,27,731.1586,11412.8229,19.652146,-19.566601,-1.868635,73.165934,-79.016433,-77.068742,-86.524289,True
258,4,1996,r,10,2,31,4137.2183,2636.76154,14.303736,14.183742,-1.868127,-212.414869,-79.80507,126.978831,-96.707363,True
258,4,2002,l,2,2,10,1982.6715,7574.80397,10.65831,-7.668408,7.424621,-104.380235,-70.166685,-53.100883,-18.309533,False
258,4,2004,r,4,1,63,2243.695,5357.1623,12.582793,10.006753,7.667547,13.69034,-78.427391,48.754427,-40.65357,True
258,4,2071,l,1,4,48,1027.1827,11582.3873,24.981877,-24.462257,5.232312,46.120065,-71.229117,-110.948527,-46.693132,True
258,4,2080,r,5,3,18,2037.694,6195.09352,16.310941,15.968603,3.368367,-146.806069,-72.27459,124.993122,-45.533669,False
258,4,2104,l,2,1,17,2385.8022,6238.51224,15.459235,-13.463564,7.668642,-31.636298,-77.680429,-77.001751,-33.148922,True
258,4,2129,r,5,3,18,964.92596,11689.61135,25.748108,25.160625,5.656213,79.942541,-69.670296,98.669273,-46.685039,True
258,4,2145,l,1,3,41,1212.6731,10555.4447,29.565445,-29.08206,5.573667,50.40026,-72.917259,-133.261261,-46.162328,True
258,4,2160,r,5,1,12,1020.849,12515.6576,15.763433,14.309519,6.682566,-111.65937,-74.282287,102.452756,-25.715246,False
258,4,2166,l,2,2,10,1074.0579,10058.89494,19.297341,-16.0949,10.790152,139.84448,-64.421964,-43.325685,-34.637579,True
258,4,2178,l,2,1,17,886.70355,13015.6012,12.695667,-10.235207,7.551763,-142.614508,-76.366825,-78.114107,-18.086952,False
258,4,2178,r,2,1,17,886.70355,13015.6012,25.511455,25.333179,-3.115335,-138.692702,-78.409616,202.945917,-104.224329,False
258,4,2204,l,2,4,4,1967.9915,5604.08474,7.654708,-7.066381,2.950426,-190.846051,-79.963123,-59.606039,-54.990527,False
258,4,2248,l,1,4,48,2088.5393,7546.73981,16.143749,-15.416696,4.849397,-154.688521,-74.997421,-122.627055,-35.861582,False
258,4,2249,l,3,3,23,2708.1255,5920.4804,5.822622,-4.575922,3.604372,-46.927977,-57.90896,-26.966081,-36.61757,True
258,4,2251,l,7,2,46,1667.8595,8178.42446,6.960962,-6.247073,-3.076787,-138.09747,-75.853474,-46.862169,-99.00192,False
258,4,2273,l,1,2,29,1204.7928,10047.0888,15.24702,-13.875131,6.383791,-138.619491,-80.858075,-105.875186,-31.462131,False
258,4,2284,r,10,2,31,1560.3341,6967.72476,14.431293,14.32067,-1.802381,-187.551028,-71.702414,121.90972,-87.211853,False
258,4,2318,r,4,2,59,3159.6145,5029.69557,9.439342,7.90635,5.173102,-253.33909,-70.482276,75.455903,-20.819643,False
258,4,2370,r,4,3,67,3164.8733,3977.32372,5.541018,5.30446,1.604037,-195.853982,-67.506772,45.109458,-53.842864,False
258,4,2380,l,1,4,48,1072.5864,10889.5607,28.512001,-28.338162,3.282736,66.177396,-75.092428,-120.708425,-60.506619,True
258,4,2425,r,4,1,63,587.5187,14343.3702,20.961359,17.739458,11.350963,101.300319,-72.059239,60.364968,-32.287683,True
258,4,2436,r,4,3,67,2461.5835,5172.35896,6.15609,5.456236,2.855099,-126.913901,-71.6269,39.822862,-50.739864,False
258,4,2472,r,4,3,67,2608.4624,5100.77921,7.544771,6.514669,3.813844,-42.483105,-70.706452,37.967897,-48.398211,True
258,4,2513,r,4,3,67,1610.9724,6396.96415,6.041665,5.652697,2.136247,-94.034025,-72.378568,38.011505,-57.983397,False
258,4,2526,l,1,2,29,481.0552,19304.6855,31.272047,-28.608377,13.201534,106.918507,-71.463985,-99.853996,-22.545075,True
258,4,2536,l,1,3,41,1671.7509,9912.78549,25.054922,-24.611969,4.843747,19.344133,-75.113646,-123.98433,-49.885956,True
258,4,2544,r,4,1,63,1792.2494,7401.80634,16.962432,12.895217,11.114657,51.824443,-65.009038,54.528558,-17.006953,True
258,4,2551,r,4,2,59,1927.8102,6506.21085,9.401448,7.966313,5.008696,-166.407026,-70.258367,63.8702,-29.86835,False
258,4,2556,l,2,1,17,3331.7236,5341.65805,11.252769,-9.095407,6.653663,-124.911522,-75.925547,-66.423944,-26.908481,True
258,4,2616,l,7,1,27,1361.086,7719.8664,18.597976,-18.218325,-3.80374,71.193737,-74.38418,-72.017392,-89.699336,True
258,4,2653,l,7,1,27,479.72943,12595.7447,19.261284,-18.803837,-4.250451,103.372199,-77.876263,-63.547233,-92.528611,True
258,4,2671,r,5,3,18,728.08496,13832.122,21.827758,21.191561,5.356291,10.117609,-68.419593,108.511801,-40.275109,False
258,4,2692,r,4,3,67,1489.9608,8707.8496,10.25817,9.546543,3.771671,47.980964,-68.647179,40.702227,-52.468425,True
258,4,2726,r,4,1,63,1703.4086,10060.40211,15.968383,14.221706,7.337839,64.292801,-64.487867,57.203692,-34.50364,True
258,4,2758,r,4,4,54,1924.044,6245.56985,8.614722,7.991743,3.226937,-201.490423,-79.090021,69.002243,-51.107888,False
258,4,2780,l,7,2,46,2543.9065,4220.79476,8.561683,-8.394205,-1.691222,-69.043498,-76.260264,-52.981824,-86.976167,True
258,4,2804,r,10,1,37,2995.257,4724.26082,11.905966,11.876619,-0.84151,-160.232126,-78.270602,94.686916,-85.028356,False
258,4,2834,l,2,2,10,535.8857,16478.187299999998,19.688,-16.849229,10.335603,82.538364,-79.031263,-62.830914,-39.498811,True
258,4,2836,r,4,3,67,2573.896,5300.01644,8.199054,6.809086,4.57817,-165.665005,-77.395674,54.408051,-40.649287,False
258,4,2868,l,7,4,39,273.4177,14510.889,19.394657,-17.43876,-8.623001,102.085026,-77.976266,-59.028618,-107.84577,True
258,4,2882,l,2,4,4,1776.2484,6775.2371,10.343947,-9.640951,3.766092,-5.76022,-68.717654,-50.24156,-48.970178,True
258,4,2887,r,4,3,67,3672.768,3294.89771,5.545857,4.833612,2.722189,-242.142879,-75.581389,44.99968,-50.189316,False
258,4,2923,l,1,2,29,780.7069,14590.5712,28.534278,-25.664804,12.917906,65.642859,-76.917144,-107.806109,-19.826305,True
258,4,2983,r,4,4,54,2191.3018,5491.27492,12.881422,11.797042,5.210157,-13.021976,-79.639758,63.28826,-51.41221,True
258,5,30,r,4,3,67,1391.4049,8684.31382,8.080876,7.753804,2.282747,0.460243,-67.738263,39.424212,-56.08997,True
258,5,31,r,10,1,37,454.93488,15460.2278,33.803794,32.928962,-8.111606,111.757036,-64.226606,115.438391,-94.493732,True
258,5,42,r,5,1,12,1710.2855,8420.848899999999,23.695975,20.866108,11.48949,32.346532,-71.53945,98.213699,-15.492669,True
258,5,98,r,4,3,67,3176.5552,3794.27352,5.644405,5.570506,0.911804,-138.012238,-69.973611,41.744534,-63.129337,True
258,5,126,l,7,1,27,533.62115,13999.5642,19.733722,-19.416852,-3.592154,97.579971,-65.999949,-67.825409,-78.807996,True
258,5,144,r,4,2,59,1249.4694,10780.2467,13.072204,11.260499,6.682865,-92.388699,-69.814459,76.134688,-24.130605,False
258,5,169,l,1,3,41,1151.2482,10761.3114,28.862352,-27.799017,8.091779,38.520189,-78.014548,-132.584747,-37.595704,True
258,5,180,r,5,1,12,1224.5719,12994.31512,26.872792,24.644544,11.066092,62.85377,-65.02073,104.20935,-16.143913,True
258,5,190,l,7,3,33,1385.5867,9365.51807,21.10783,-20.041017,-6.766267,73.61672,-78.859339,-78.932544,-106.187045,True
258,5,191,l,2,2,10,2848.053,5490.92397,12.425479,-7.747313,9.74434,-66.326814,-79.089421,-48.476932,-17.333824,True
258,5,200,l,2,2,10,611.3184,14790.9278,20.148718,-16.68023,11.466751,107.301522,-74.471914,-54.743461,-35.783956,True
258,5,213,r,5,2,5,3308.3953,4918.65201,18.197966,17.430093,5.313637,-127.969276,-69.780781,131.224756,-29.035721,True
258,5,232,r,10,1,37,1894.435,9447.20879,22.817487,22.565291,-3.47512,57.481095,-72.70487,96.623054,-87.995605,True
258,5,241,r,4,1,63,1503.977,8407.4239,10.502346,6.020622,8.621228,-117.705204,-81.498735,42.999911,-19.34176,False
258,5,247,r,10,2,31,2168.4182,6489.21217,25.36979,25.297209,-1.984103,24.378027,-77.440929,125.543104,-87.618899,True
258,5,285,l,1,3,41,2255.2969,6204.11862,21.96244,-21.47897,4.695272,-44.369115,-70.562389,-131.569748,-41.050477,True
258,5,331,l,7,1,27,441.945,12831.5029,22.893197,-22.330912,-5.176926,85.926945,-75.120256,-83.825107,-95.108519,True
258,5,358,r,10,2,31,2695.3867,6916.71162,22.659373,22.090607,-5.17629,-9.219436,-69.473786,121.443276,-98.727555,True
258,5,368,l,2,3,24,1890.064,6638.32611,16.606827,-16.456875,2.258092,16.600389,-72.639864,-80.760868,-61.398782,True
258,5,387,l,2,4,4,3214.0247,4424.09844,9.721948,-9.116256,3.392263,-61.595637,-70.297743,-56.418813,-49.190143,True
258,5,443,r,4,4,54,2014.2458,5804.72696,14.775174,14.42877,3.214936,-6.752276,-79.935631,76.351888,-62.724118,True
258,5,449,r,4,1,63,2375.099,6499.52954,8.944962,6.488628,6.170339,-199.406037,-69.417858,55.662381,-16.166571,False
258,5,461,r,4,1,63,2156.304,5721.04827,8.510465,6.78898,5.144103,-106.555365,-73.749763,47.209008,-37.798358,False
258,5,466,l,7,2,46,893.76227,9778.1108,18.928142,-18.071921,-5.724957,119.534373,-72.820875,-55.624305,-90.797422,True
258,5,471,r,4,3,67,2862.9275,4589.6867,7.778307,7.098083,3.189259,-162.12351,-76.153762,56.299597,-50.766588,False
258,5,491,l,1,3,41,1100.866,10852.4519,21.704732,-21.621912,1.941389,-36.507948,-70.905122,-129.418105,-58.999908,False
258,5,502,l,1,2,29,1404.5984,11084.9424,25.361331,-22.790269,11.436354,48.633625,-73.090936,-101.412849,-20.12873,True
258,5,515,r,10,1,37,2821.7607,4691.85337,18.862906,18.567737,-3.384112,-21.328471,-76.745536,104.57848,-96.166105,True
258,5,520,l,2,1,17,2589.8872,6034.41856,11.48907,-10.084777,5.532902,-161.522047,-68.080321,-80.304559,-23.655619,False
258,5,525,l,2,4,4,1179.1241,11673.5761,13.775795,-12.013844,6.791066,53.695024,-72.894832,-50.287854,-44.12439,True
258,5,547,l,1,4,48,1395.8911,9230.5595,10.980471,-10.903663,1.304406,-226.410064,-70.422459,-99.479142,-58.447556,False
258,5,570,l,2,1,17,1532.6112,10704.1109,12.854351,-10.974119,6.734954,-153.325611,-66.888766,-85.965969,-13.560571,False
258,5,578,l,7,2,46,1759.2566,6090.55643,7.110295,-7.043614,-0.973946,-135.784103,-78.695469,-52.608743,-85.988928,False
258,5,627,r,4,4,54,2239.9387,6343.54171,8.127894,8.040034,1.195784,-170.973446,-72.996528,65.114084,-63.27893,False
258,5,663,r,5,2,5,1986.0525,7626.2193,23.764573,21.607445,10.139209,-11.929491,-73.734759,119.58773,-15.658638,True
258,5,689,r,4,1,63,802.87427,12161.4885,18.200522,15.331216,9.928824,135.871736,-63.39608,42.254993,-35.420947,True
258,5,788,r,10,1,37,3079.5525,6340.52704,17.382903,17.247031,-2.202886,-15.743057,-74.634116,94.918372,-86.948724,True
258,5,800,l,1,2,29,1903.4131,8499.4877,15.367202,-13.790386,6.847326,-120.443254,-75.26797,-100.741513,-24.518817,False
258,5,845,l,1,1,35,2445.9204,8074.81374,23.059182,-21.445604,8.681605,-43.375292,-74.886653,-130.954543,-20.196099,True
258,5,857,l,2,2,10,3511.9177,3763.83719,8.201436,-6.369361,5.177389,-149.311683,-77.173343,-49.038836,-37.120413,True
258,5,885,r,4,3,67,3576.4583,3654.39597,5.767867,5.39236,2.05016,-115.150019,-76.110494,38.24345,-61.542739,True
258,5,902,r,4,2,59,2043.822,7463.23631,10.489301,8.866775,5.626636,-215.111605,-70.765877,78.798303,-20.400263,False
258,5,993,r,5,3,18,531.48883,16305.77854,28.303487,27.962531,4.568219,109.370441,-66.115815,95.890974,-49.775932,True
258,5,1015,l,1,3,41,1706.9177,10439.26405,26.202302,-25.862371,4.359778,5.858012,-69.353215,-137.7414,-45.279169,True
258,5,1038,r,10,1,37,2294.4094,5960.96918,22.315387,22.025436,-3.678311,17.213722,-68.726004,110.353703,-87.643237,True
258,5,1104,l,1,2,29,339.1637,20571.26712,32.839741,-31.175038,10.886981,127.890134,-68.498571,-98.08072,-32.056764,True
258,5,1141,l,1,1,35,2219.0928,6686.14403,18.358076,-17.33104,6.149412,-120.903017,-75.598398,-128.226283,-29.221558,False
258,5,1147,r,4,3,67,3436.0173,4211.96414,7.384757,7.10495,2.018723,-115.775784,-70.703493,50.577644,-56.290051,True
258,5,1172,l,1,4,48,1230.6135,12861.7907,26.900058,-26.342209,5.65587,74.726624,-74.874374,-106.592128,-51.084313,True
258,5,1180,r,5,1,12,3647.1404,4221.04259,15.098955,13.960799,5.809086,-184.915924,-71.710233,118.06477,-21.923285,False
258,5,1196,l,7,2,46,3220.9187,4029.11871,6.63728,-6.617313,-0.515596,-120.066589,-76.024247,-47.571896,-79.739225,True
258,5,1266,r,5,3,18,2329.952,5658.9787,17.194321,16.842768,3.510406,-38.754673,-80.354421,99.524712,-59.283105,True
258,5,1268,r,4,1,63,1417.419,11441.85936,16.988093,14.036243,9.667463,87.5,-66.572857,50.625,-31.01559,True
258,5,1275,l,8,1,1,950.2788,11080.3561,4.066395,-3.93515,1.025583,-170.743455,-74.608249,-31.694318,-66.340664,False
258,5,1296,l,1,2,29,516.941,17218.612999999998,28.87435,-27.069669,10.451272,94.655097,-72.360152,-99.83258,-31.894019,True
258,5,1351,l,4,4,54,908.8421,10682.9021,30.13681,-28.295134,10.831966,-61.469017,-71.398615,-189.208066,4.9764,False
258,5,1351,r,4,4,54,908.8421,10682.9021,12.631876,11.714271,4.759923,-86.902671,-72.494554,78.150697,-40.443069,False
258,5,1362,l,2,1,17,3120.584,4947.80069,14.449883,-12.163518,7.860026,-11.717196,-63.240269,-65.032501,-20.631527,True
258,5,1400,l,1,4,48,2516.528,8300.39179,16.918283,-16.379878,4.293369,-60.376815,-74.606694,-102.987806,-47.189735,True
258,5,1400,r,1,4,48,2516.528,8300.39179,17.716779,17.47704,-2.951132,-93.575483,-74.058974,120.771914,-94.790288,True
258,5,1407,r,10,2,31,1893.179,7844.38805,26.037843,25.565438,-5.112393,34.313372,-74.52947,122.314919,-99.887352,True
258,5,1425,r,4,4,54,3685.8152,3684.77409,9.282308,9.237847,0.91139,-221.535449,-72.706811,83.19746,-64.462328,False
258,5,1429,l,1,4,48,2239.2856,6247.75187,18.149268,-17.828628,3.453022,-48.977989,-82.285457,-109.020787,-60.799822,True
258,5,1443,l,7,1,27,1803.6313,5637.14164,17.687317,-17.157432,-4.363072,39.34047,-73.373369,-77.388058,-93.388795,True
258,5,1478,l,1,4,48,1693.986,7660.766280000001,11.989752,-11.775864,2.27068,-200.211152,-70.061644,-102.194947,-50.206094,False
258,5,1510,r,5,3,18,1318.687,8682.2877,22.190875,22.071069,2.362568,55.523386,-67.417511,95.073189,-56.978495,True
258,5,1611,l,2,1,17,1548.9065,8694.99765,18.160815,-16.169643,8.380635,13.771012,-63.903512,-80.093258,-21.532832,True
258,5,1655,l,7,2,46,1774.5973,6304.67734,6.053745,-6.041753,-0.381565,-33.195184,-81.944469,-34.207324,-84.108864,True
258,5,1660,l,7,4,39,298.03455,15297.4642,17.550373,-15.502453,-8.330282,107.146695,-77.088575,-50.71814,-104.873538,True
258,5,1663,r,10,2,31,3351.1074,4459.479,21.330393,21.121555,-3.048012,-47.776581,-77.083711,130.483151,-96.36502,True
258,5,1668,r,4,1,63,364.35773,17092.481,17.471984,13.303591,11.430101,108.671314,-70.722853,42.876286,-33.05047,True
258,5,1679,r,5,2,5,2097.0464,7111.76178,24.054839,21.784203,10.460362,-30.695053,-74.842355,128.166316,-11.081194,True
258,5,1729,l,2,3,24,469.62927,16156.3079,23.663235,-22.130439,8.597112,94.924463,-83.145972,-79.332711,-51.308088,True
258,5,1740,r,4,4,54,2171.429,5245.88706,12.15874,11.551777,3.819644,-127.615609,-78.05611,85.357943,-49.59785,False
258,5,1765,l,2,3,24,2165.905,6217.38752,8.805971,-8.055763,3.568453,-176.897581,-73.720196,-66.081619,-44.313389,False
258,5,1799,l,7,3,33,420.01547,13617.6047,24.934102,-21.997755,-12.042655,135.353529,-72.497584,-62.47418,-108.079471,True
258,5,1832,r,4,3,67,2481.2874,6733.55947,10.98807,10.527543,3.165688,17.763414,-68.498088,50.591443,-53.183446,True
258,5,1834,l,2,4,4,1955.2477,6570.89203,13.165466,-12.333787,4.64124,19.113965,-77.496291,-59.230063,-54.985515,True
258,5,1867,r,4,1,63,1212.0621,8987.45683,15.276504,12.742989,8.496097,93.406187,-66.335969,44.459351,-36.226911,True
258,5,1900,l,1,2,29,1342.2917,10747.81576,25.80388,-23.127549,11.772307,38.705151,-81.26033,-107.329178,-24.312074,True
258,5,1901,r,4,3,67,2655.6858,4368.86302,9.701068,9.28743,2.814941,-41.558734,-75.341117,54.220139,-58.821977,True
258,5,1917,r,4,3,67,3593.1848,3604.48371,5.987553,5.514566,2.336068,-119.013615,-74.257039,39.488483,-57.493877,True
258,5,2003,l,2,4,4,2919.886,3726.87286,6.943896,-5.750559,3.898699,-170.914967,-72.996129,-46.416241,-41.42574,False
258,5,2004,l,1,2,29,1009.33276,13090.9002,17.098226,-15.467565,7.377942,-71.131365,-78.026043,-99.93047,-29.50737,False
258,5,2054,l,7,2,46,3694.9524,3368.57187,5.153252,-5.103991,-0.71178,-151.137932,-78.266811,-39.401481,-83.769129,True
258,5,2056,l,3,4,3,446.95572,16399.219,9.649269,-9.309459,2.549443,-137.074428,-73.156237,-70.00852,-53.886709,False
258,5,2056,r,3,4,3,446.95572,16399.219,8.579498,8.36174,-1.927566,-160.206378,-81.051248,66.173535,-96.365774,False
258,5,2103,r,4,1,63,2822.5405,4619.09867,10.282993,7.004598,7.547181,-37.585893,-70.763896,40.249175,-27.035562,True
258,5,2105,l,2,1,17,449.29745,17516.4343,27.407585,-25.78742,9.619245,126.000254,-71.459954,-79.236155,-40.590669,True
258,5,2107,l,1,3,41,2259.668,7703.367099999999,17.123675,-16.593983,4.286828,-124.016585,-74.505451,-123.376363,-42.122439,False
258,5,2108,l,2,1,17,1480.0363,8367.37324,10.331018,-8.924212,5.225869,-120.414197,-73.598825,-64.446842,-35.601378,False
258,5,2145,l,6,1,57,2227.4224,5014.69483,22.537332,-22.121635,-4.421084,-37.126678,-71.292706,-132.976285,-98.594618,True
258,5,2150,l,2,3,24,3118.568,4263.41952,10.51993,-9.602348,4.317259,-131.097788,-81.531971,-71.241112,-49.290169,True
258,5,2186,l,2,4,4,318.3432,17686.0412,16.66518,-14.036243,9.07575,119.0,-77.878661,-42.75,-49.72245,True
258,5,2215,r,10,1,37,2364.3384,4795.61777,11.379072,11.238422,-1.795163,-245.859883,-75.944753,106.47659,-93.067884,False
258,5,2220,l,1,4,48,1879.7529,7376.4362,22.917881,-22.278811,5.516732,-1.221788,-74.474855,-119.312963,-44.078461,True
258,5,2241,l,1,2,29,2499.74,6286.31193,19.022164,-18.047078,6.114855,-61.546327,-73.753145,-114.543762,-34.142751,True
258,5,2296,l,1,1,35,751.7463,13949.9037,16.487295,-15.697295,5.107057,-167.873359,-75.638118,-128.679073,-33.131875,False
258,5,2304,l,7,2,46,2165.4963,5543.77313,11.738714,-9.784183,-6.517765,42.648489,-71.918499,-42.654709,-100.595445,True
258,5,2306,r,4,3,67,1806.2405,6466.33642,9.847368,9.664695,1.896982,-38.663877,-72.904083,55.971129,-61.861789,True
258,5,2317,l,2,1,17,2685.0535,5209.00644,14.494955,-12.140568,7.979178,-46.84546,-80.233798,-72.462911,-31.937922,True
258,5,2343,l,2,1,17,2551.2092,5926.16647,14.829853,-13.765769,5.570263,-23.135093,-67.759124,-76.715018,-36.316907,True
258,5,2395,r,5,3,18,3436.2666,3809.34738,13.989858,13.556242,3.488907,-141.791809,-80.45204,104.112426,-53.371992,True
258,5,2399,l,1,4,48,920.7584,13509.8479,19.020546,-17.742542,6.967541,-72.459239,-81.352559,-115.972108,-34.844445,False
258,5,2441,l,2,2,10,2473.3333,3570.94567,6.127493,-4.853826,3.744343,-226.887079,-67.605025,-43.893268,-33.655959,False
258,5,2500,r,4,3,67,1580.3351,7138.68363,5.787196,5.268079,2.399003,-209.30922,-78.52736,46.038956,-57.520071,False
258,5,2560,l,1,4,48,983.9503,13591.2567,29.055483,-28.274146,6.987616,83.227026,-69.978263,-111.215451,-41.201815,True
258,5,2563,l,6,1,57,2033.8413,5310.54405,19.995619,-19.88557,-2.138702,-77.496327,-81.073748,-132.927142,-95.668005,False
258,5,2571,r,5,1,12,1427.2548,11788.77644,15.221309,14.423167,4.916657,-131.42613,-70.597159,108.385495,-33.165011,False
258,5,2600,l,7,1,27,708.6181,13013.77897,22.273839,-22.093272,-2.904052,114.190267,-77.117074,-71.364882,-86.74244,True
258,5,2607,r,10,1,37,3519.0952,3343.93114,13.278954,13.101498,-2.182826,-205.740177,-72.723631,115.376013,-92.124232,False
258,5,2682,r,10,2,31,940.21783,10711.0612,31.908236,31.610012,-4.596997,71.403031,-78.987208,134.534411,-99.625574,True
258,5,2747,r,10,2,31,1526.9006,8026.403819999999,29.104366,28.262646,-7.254719,55.09439,-65.451294,126.286163,-99.402129,True
258,5,2753,r,4,4,54,2016.6952,6039.0343206,14.770741,13.870569,5.128171,19.875347,-69.493774,66.701858,-44.52378,True
258,5,2754,r,10,1,37,2717.7478,5153.30873,19.443531,19.059358,-3.919543,-15.703232,-76.020456,105.616448,-98.180782,True
258,5,2776,l,2,1,17,507.2475,17587.0434,25.654607,-22.15742,13.270494,95.533149,-73.618744,-79.191914,-24.097358,True
258,5,2825,l,1,3,41,1811.5751,7972.2119,25.79981,-25.117536,6.095271,-14.359685,-74.398374,-142.686107,-38.502792,True
258,5,2874,r,4,3,67,799.1853,11164.7563,16.614494,15.72647,5.428045,89.776192,-72.517024,56.380196,-52.751528,True
258,5,2918,l,2,2,10,2657.9753,4461.48734,7.255906,-5.501967,4.737678,-237.442077,-78.577989,-50.805174,-34.662821,False
258,5,2926,r,8,2,20,3661.1785,3373.33254,2.594949,2.578564,0.29125,-202.79149,-76.165695,22.192786,-73.658137,False
258,5,2938,l,2,1,17,2551.0847,6005.167489,15.973398,-14.072852,7.634292,-37.806174,-68.739374,-82.174119,-23.441476,True
258,5,2950,r,4,3,67,2383.5928,5789.29755,7.516188,7.029473,2.667457,-176.233338,-77.782934,57.489717,-55.896809,False
258,6,0,r,10,4,50,686.50323,12305.3922,34.722704,33.292291,-10.487173,93.577987,-67.265661,128.987318,-110.763689,True
258,6,9,r,10,1,37,1117.9292,8514.467,16.175322,16.096352,-1.617935,-104.204149,-81.957723,113.753994,-93.546655,False
258,6,31,l,2,2,10,1708.9786,7202.9625,7.230758,-5.75216,4.388769,-162.123142,-74.205074,-45.543626,-39.329635,False
258,6,34,l,7,1,27,332.41037,15036.5069,24.892392,-22.317582,-11.318974,124.821474,-64.187257,-67.803869,-99.927238,True
258,6,42,r,4,3,67,1737.076,6644.69509,9.118105,8.598244,3.046278,-105.474055,-73.281471,59.797429,-51.996007,False
258,6,48,l,7,2,46,1782.1422,7884.05827,8.057439,-7.485873,-2.989138,-81.451795,-73.175738,-48.809383,-92.738824,False
258,6,48,r,7,2,46,1782.1422,7884.05827,16.329859,13.291182,9.574022,-110.773943,-71.208899,94.673823,-1.749431,False
258,6,104,l,2,3,24,1598.4396,7252.80937,11.050281,-10.411933,3.721991,-113.117302,-75.635901,-74.072662,-48.973066,False
258,6,203,l,2,2,10,2298.2397,6675.54,9.0096,-7.567636,4.903449,-176.981574,-74.882727,-62.040193,-34.467955,False
258,6,284,r,4,1,63,3558.2395,3097.90228,6.647004,4.880004,4.518588,-191.453776,-68.761976,41.105892,-30.575153,False
258,6,297,r,4,3,67,2484.0164,5203.6572,8.418179,7.934579,2.821195,5.862524,-62.734082,39.602133,-48.596733,True
258,6,344,r,10,2,31,2824.8438,4139.67766,21.71153,21.239318,-4.611449,-22.865228,-72.404405,121.599485,-99.478891,True
258,6,367,r,5,2,5,732.3936,15991.0798,34.604773,32.711107,11.97713,81.826751,-72.923271,133.701845,-20.437612,True
258,6,373,l,2,1,17,2443.1282,5442.8936,15.527477,-11.88795,10.061764,-32.483953,-81.771841,-67.887196,-23.296548,True
258,6,398,r,5,1,12,630.56244,15109.3854,31.329501,28.606533,13.353834,100.004376,-75.256971,103.617081,-23.884219,True
258,6,403,r,4,3,67,2239.3523,4884.35953,6.135131,5.840095,1.882929,-146.167358,-78.615976,44.612659,-64.202102,False
258,6,414,l,1,4,48,1289.5583,11951.00751,17.751865,-17.171438,4.571677,-36.841384,-75.158621,-100.995791,-47.80492,False
258,6,442,r,4,2,59,2659.1384,5402.78146,10.058774,9.005584,4.499494,-204.468578,-75.335119,78.365529,-35.938353,False
258,6,511,l,2,4,4,2640.9814,3856.72366,5.117823,-4.589488,2.267091,-271.75699,-72.599598,-45.094166,-50.288734,False
258,6,518,l,2,4,4,2393.878,5449.7173,5.831297,-5.602254,1.620849,-152.453821,-70.01858,-43.400548,-57.438509,False
258,6,552,r,5,3,18,2434.571,5839.82686,18.532132,17.457339,6.318658,-43.662664,-74.451444,104.930362,-35.720848,True
258,6,560,l,7,2,46,512.241,12498.5704,17.911392,-17.023407,-5.654066,127.840445,-80.793895,-49.6496,-97.583935,True
258,6,585,r,10,2,31,2112.5693,6634.11469,14.61127,14.569155,-1.120764,-178.025431,-76.267072,121.642477,-85.727496,False
258,6,587,l,1,4,48,2540.815,5974.2552,17.282668,-16.634171,4.757607,-56.394377,-78.183767,-103.489634,-48.09516,True
258,6,591,r,4,1,63,2269.5151,5336.56238,8.312114,7.052884,4.40981,-149.166351,-71.817378,54.334359,-37.691507,False
258,6,592,l,2,2,10,552.17786,14961.5417,15.593228,-12.411898,9.514016,83.777309,-76.659873,-45.385894,-41.271048,True
258,6,595,l,7,1,27,3485.2244,3833.13539,9.433411,-9.407459,-0.702426,-132.309677,-76.88872,-69.969402,-82.13693,True
258,6,606,r,10,1,37,1647.6106,9697.27306,24.911862,23.823447,-7.505482,64.385208,-73.63136,99.618288,-106.124681,True
258,6,621,l,2,3,24,2651.5312,5056.78796,8.936529,-8.571967,2.535938,-179.97372,-73.65532,-70.841661,-52.605329,False
258,6,627,l,1,4,48,1839.3243,7224.93627,11.346444,-11.309582,0.919862,-244.45289,-68.709611,-106.887181,-59.958503,False
258,6,634,l,2,1,17,2542.388,6888.30227,8.575578,-7.508923,4.153981,-229.531036,-72.954873,-68.47987,-34.896028,False
258,6,642,l,2,3,24,2061.4143,6458.96627,11.185551,-10.877792,2.621637,-88.190276,-77.295724,-72.675956,-59.662249,False
258,6,684,r,4,3,67,1694.9403,10447.30047,6.504825,6.269485,1.737344,-106.03708,-68.780048,43.509418,-56.695304,False
258,6,690,l,7,2,46,680.3273,11085.2874,16.09522,-14.463937,-7.137116,84.231293,-76.165602,-53.077252,-102.774181,True
258,6,721,l,2,1,17,2343.9258,6253.86302,14.260209,-12.114811,7.579218,-19.343127,-79.199009,-66.401067,-37.10044,True
258,6,742,l,2,3,24,743.2046,13656.5541,22.638299,-21.183592,8.174658,122.169595,-69.601482,-65.041836,-43.74535,True
258,6,743,l,7,2,46,631.8951,11521.6191,17.817221,-14.909335,-9.867994,102.554755,-68.309391,-49.908026,-102.051905,True
258,6,748,r,4,2,59,479.19998,16633.1449,30.512423,26.565051,15.590396,124.25,-70.471672,82.875,-18.764518,True
258,6,785,l,1,4,48,2084.6648,7642.2122,12.809335,-12.431129,3.114291,-211.658936,-70.637397,-110.582629,-42.68776,False
258,6,816,r,5,1,12,1857.4221,8290.505149999999,25.37263,22.661752,11.725175,11.413318,-71.464547,116.316881,-8.806896,True
258,6,818,r,10,2,31,1684.6013,7391.85453,27.780529,27.489331,-4.177951,37.074034,-80.546081,131.605073,-101.373421,True
258,6,819,l,1,4,48,680.6548,13478.4778,27.631371,-26.728016,7.280945,75.664814,-76.864822,-107.930716,-46.204267,True
258,6,848,r,4,3,67,1753.6323,7452.011619999999,8.531793,7.786723,3.497696,-48.629453,-68.963105,46.306526,-48.072685,False
258,6,851,l,8,3,7,1850.7478,5924.98479,7.956726,-7.152632,-3.494692,60.026652,-76.128688,-28.859252,-90.283225,True
258,6,875,l,1,3,41,543.28204,16251.4057,31.131027,-31.058288,2.241836,83.023708,-64.17688,-124.650657,-54.718347,True
258,6,906,l,1,4,48,353.09625,18324.108,29.666241,-29.583972,2.315053,85.335203,-68.115123,-116.190071,-58.600714,True
258,6,913,l,7,2,46,2063.4229,5439.60935,7.840614,-7.239212,-3.01954,-127.335751,-72.710047,-53.011961,-94.9013,False
258,6,915,l,7,2,46,1746.3293,5949.37227,13.574644,-12.449238,-5.455042,49.218411,-70.625875,-53.156228,-94.173503,True
258,6,953,r,4,1,63,2983.6843,5180.56583,12.945885,9.530002,8.802958,-28.04892,-67.828157,53.394356,-17.885512,True
258,6,967,l,1,3,41,845.37555,12978.0665,29.378668,-28.486989,7.504789,53.698658,-77.560675,-128.231692,-42.142704,True
258,6,973,r,5,3,18,2405.4963,7308.28998,20.017228,18.967774,6.517478,-30.950681,-74.049689,110.310297,-35.277532,True
258,6,994,l,1,4,48,2336.1692,6479.19994,18.338158,-17.876455,4.157539,-39.715399,-74.441258,-106.345566,-49.258308,True
258,6,1032,l,1,4,48,2027.6354,7410.652599999999,15.15041,-14.696824,3.720659,-179.66743,-68.875662,-123.187122,-37.300495,False
258,6,1035,l,8,1,1,3282.355,3822.75463,10.560755,-10.356353,-2.079104,113.215649,-78.056122,-32.306812,-84.580236,True
258,6,1047,l,2,1,17,2159.8684,7160.989079999999,18.704238,-15.412785,10.728029,-19.469938,-78.765607,-85.316519,-17.946554,True
258,6,1054,l,2,2,10,1405.95,9535.7591,16.246608,-10.370069,12.575776,35.79247,-78.748673,-46.518556,-21.0977,True
258,6,1072,l,2,2,10,305.87064,19374.8254,8.995461,-6.417575,6.316659,-132.539167,-78.580893,-47.52661,-31.512835,False
258,6,1133,r,4,4,54,301.45435,18209.8846,27.019179,25.749878,8.478995,133.265322,-75.310709,75.599424,-49.369291,True
258,6,1223,r,10,1,37,3261.1333,4525.6627,11.804436,11.683522,-1.697074,-211.65097,-73.598863,103.736468,-88.776337,False
258,6,1225,l,7,2,46,598.42865,11444.5567,13.393836,-11.35927,-7.143732,82.951525,-72.673427,-41.595148,-99.141653,True
258,6,1298,l,6,1,57,2757.6018,4523.13574,20.444869,-20.148157,-3.544986,-76.799465,-73.47802,-134.579228,-97.682726,True
258,6,1310,l,1,3,41,2010.9674,7638.643559999999,22.751267,-22.083056,5.615784,-51.727548,-77.994156,-138.643462,-41.732252,True
258,6,1315,r,5,2,5,2315.2542,6390.46091,15.860579,14.540593,6.404229,-180.658686,-74.501598,122.076435,-19.925516,False
258,6,1357,r,4,2,59,1477.5621,9537.02274,11.311861,9.789377,5.695859,-184.969968,-73.782,81.950875,-25.708387,False
258,6,1378,l,2,2,10,1581.2725,8661.34991,7.605296,-6.143467,4.491743,-150.441286,-66.748043,-47.407576,-31.948576,False
258,6,1387,l,2,3,24,3103.863,4582.63464,7.971185,-7.707707,2.038663,-213.151152,-71.476362,-68.097623,-53.402698,False
258,6,1397,l,2,2,10,2122.001,6757.14661,14.941681,-11.520438,9.579968,-16.388176,-82.161032,-62.449201,-29.386305,True
258,6,1407,l,1,4,48,1615.5171,9120.8916,13.280835,-12.761986,3.706798,-156.868159,-65.011703,-101.214214,-35.327476,False
258,6,1459,l,7,2,46,507.05453,14101.3787,12.586312,-12.067291,-3.603941,99.278397,-70.467137,-40.773301,-82.75093,True
258,6,1474,r,4,1,63,1186.9287,9706.2759,17.914357,16.228546,7.690948,92.512129,-64.207902,57.482245,-36.431502,True
258,6,1480,l,7,2,46,2586.371,4135.98094,7.302098,-6.494357,-3.345436,-127.566559,-74.016736,-47.534039,-98.583369,False
258,6,1486,r,4,1,63,1720.528,8796.95058,10.083617,7.017163,7.259669,-118.110441,-74.589405,50.233762,-22.20886,False
258,6,1517,r,10,1,37,2410.5496,5461.9537,21.912025,21.766995,-2.580364,-1.852233,-75.133066,116.537594,-89.295563,True
258,6,1523,l,1,3,41,1329.3702,12199.61729,18.277347,-17.744763,4.452297,-117.007261,-70.856132,-130.243036,-37.581838,False
258,6,1534,r,10,2,31,1146.2233,10608.359,29.116859,29.033281,-2.30733,68.549,-74.721986,122.920503,-84.927155,True
258,6,1535,l,2,2,10,2051.633,7654.18412,6.960626,-5.263043,4.561719,-174.901965,-64.777033,-42.825213,-27.527477,False
258,6,1591,l,1,4,48,1804.2938,10735.59398,17.913934,-17.501337,3.883874,-96.375779,-68.854248,-121.833728,-41.349862,False
258,6,1681,r,4,3,67,3453.5383,3317.79026,6.853736,6.393752,2.473674,-248.684283,-75.028825,60.363641,-51.61169,False
258,6,1689,l,2,3,24,347.97983,18459.808,10.421259,-10.300074,1.593276,-110.835769,-60.486649,-72.84474,-49.15475,False
258,6,1710,l,7,1,27,947.1463,9226.5464,19.207829,-17.56085,-7.907597,81.249028,-68.407274,-66.06275,-98.819369,True
258,6,1736,r,4,4,54,385.35178,16425.0909,28.831454,27.407953,9.316187,130.188713,-76.479568,82.866447,-46.94826,True
258,6,1774,l,1,3,41,734.01855,17510.64366,31.91588,-30.723589,9.098818,75.886146,-74.387041,-127.250761,-34.497235,True
258,6,1807,l,1,3,41,3664.7449,3618.65491,14.397197,-14.262368,1.986451,-228.990438,-69.382839,-131.926039,-50.809704,False
258,6,1822,l,1,3,41,2774.9817,5390.24903,19.717798,-19.364476,3.789425,-59.302513,-65.261161,-122.765455,-40.737953,True
258,6,1842,l,1,4,48,2218.2126,7612.63674,13.998457,-13.429271,3.987964,-173.467754,-69.112,-110.663839,-35.892711,False
258,6,1845,l,3,3,23,3581.5015,3374.32651,4.968254,-4.529728,2.042989,-35.013276,-57.76936,-25.748787,-46.139157,True
258,6,1894,r,4,4,54,2755.1677,4519.54512,8.810417,8.676589,1.535683,-251.031774,-69.699804,82.563264,-55.027287,False
258,6,1905,l,1,3,41,1063.0422,10954.0075,21.248455,-21.051635,2.953239,-88.627468,-71.966624,-145.733103,-51.036507,False
258,6,1929,l,2,2,10,1199.6548,9096.44115,16.798871,-14.036243,9.323899,98.0,-73.121318,-48.0,-40.627693,True
258,6,1935,r,10,1,37,477.63876,14954.174,31.1629,30.951477,-3.818291,105.330655,-74.871436,110.747789,-89.242814,True
258,6,1941,l,7,2,46,524.43866,13330.2595,21.005433,-18.726501,-9.691287,133.344186,-73.324184,-53.105839,-101.572763,True
258,6,1942,r,4,3,67,553.0549,13688.6853,18.548927,17.812157,5.26194,114.741492,-75.125618,56.310374,-58.172116,True
258,6,1975,r,4,1,63,1126.6995,9318.96025,19.227142,15.148914,11.981825,78.621089,-73.644759,57.228045,-27.169855,True
258,6,2037,r,10,2,31,3527.8657,3507.07636,20.63115,20.556515,-1.792514,-61.841068,-76.882394,131.943689,-88.64222,True
258,6,2052,r,4,1,63,3723.7764,3483.5462,8.419963,6.151198,5.760749,-261.350677,-75.868408,59.420733,-19.923734,False
258,6,2057,r,4,2,59,1584.9763,7850.82023,11.718335,9.802593,6.45259,-107.852539,-72.033095,68.739612,-26.370305,False
258,6,2062,l,1,4,48,1999.2673,7446.85488,15.08548,-14.612743,3.788413,-170.915356,-70.413849,-120.168933,-38.873267,False
258,6,2072,r,4,3,67,1402.9847,7243.73653,16.414539,16.092398,3.279665,79.022994,-73.27187,60.865061,-60.689096,True
258,6,2085,r,4,1,63,1837.59,7424.57026,13.41807,10.284576,8.664955,45.388435,-73.603439,44.385434,-35.717,True
258,6,2114,r,4,1,63,1966.1239,7169.04102,8.159576,5.433245,6.096727,-157.959619,-72.313252,42.606913,-24.25012,False
258,6,2197,l,7,1,27,1830.9657,4986.32359,12.07303,-11.489954,-3.731788,-103.583142,-73.851572,-80.003536,-100.047716,False
258,6,2211,r,10,1,37,3069.8481,4318.254199999999,19.11486,18.628779,-4.361396,-36.953978,-70.837184,110.215024,-97.152026,True
258,0,5,l,2,1,17,1309.2095,9083.3629,21.139287,-19.095253,9.242992,38.338308,-83.167945,-87.122322,-39.829162,True
258,0,26,l,7,2,46,407.07446,14209.7159,14.988027,-12.243592,-8.711828,105.009849,-65.049145,-40.143635,-94.055454,True
258,0,28,r,5,3,18,2390.977,6182.12712,17.501687,17.215688,3.199875,-21.088632,-78.15266,96.391369,-59.945035,True
258,0,40,r,4,3,67,3409.4397,4690.742711,9.31846,8.705813,3.335913,-100.596735,-78.981714,59.810256,-55.949026,True
258,0,62,l,2,1,17,811.9701,12143.5918,20.419234,-18.287657,9.242983,89.78899,-75.709321,-66.165616,-41.394945,True
258,0,63,l,6,1,57,2661.2546,3977.54888,19.615779,-19.381204,-3.084387,-91.703406,-76.337637,-134.278257,-98.141214,True
258,0,72,l,2,2,10,1331.0992,8847.69655,18.376736,-15.358644,10.21434,79.341474,-68.337345,-57.861468,-28.97366,True
258,0,85,r,4,3,67,3149.264,4881.85131,3.998084,3.908434,0.842566,-265.74928,-73.112215,37.969377,-64.919976,False
258,0,103,r,4,4,54,2275.4421,7719.04674,14.539524,14.372713,2.219608,17.166694,-74.763848,69.913201,-63.847476,True
258,0,127,r,5,3,18,3178.777,4301.5532,16.104729,15.396532,4.781458,-120.550093,-75.751554,113.057599,-40.132166,True
258,0,205,r,4,4,54,1488.9015,7402.3361,18.061293,17.887209,2.543555,55.182278,-75.792518,75.78617,-64.83148,True
258,0,224,l,2,3,24,539.4808,14774.9536,25.241915,-24.514407,6.211566,106.561949,-72.85054,-83.653247,-50.907293,True
258,0,236,l,1,3,41,455.52896,17163.805800000002,33.249588,-33.115159,3.173087,84.56717,-71.417426,-133.997438,-57.820201,True
258,0,264,l,6,1,57,1651.4137,6835.38401,25.417957,-24.933718,-5.103782,2.705203,-68.960905,-133.563358,-97.257778,True
258,0,265,r,5,3,18,1423.5695,8312.003084,15.868472,14.847791,5.663316,-150.969255,-80.25335,116.902683,-35.013333,False
258,0,277,l,1,4,48,411.24582,17495.0349,30.45344,-30.104347,4.829969,98.508294,-73.343889,-111.02327,-54.640122,True
258,0,300,r,4,2,59,2207.994,8832.45503,15.458529,14.040923,6.532771,19.937496,-71.251945,67.53906,-39.373281,True
258,0,309,r,4,1,63,2151.3577,6486.51376,8.509639,6.484548,5.522227,-227.768585,-75.821622,58.85083,-25.441135,False
258,0,310,l,2,2,10,1561.2587,8692.1316,11.150863,-7.125016,8.599888,-59.5,-66.774314,-43.6875,-13.506766,False
258,0,324,l,2,4,4,608.0571,13223.8196,19.285528,-19.159431,2.244327,130.649403,-70.665577,-55.365266,-64.054271,True
258,0,337,r,4,3,67,444.24802,15285.0045,15.067617,15.033664,1.022814,124.046288,-68.454672,44.571686,-65.38684,True
258,0,376,l,7,1,27,773.52106,10510.6995,18.164257,-16.366742,-7.988586,65.584145,-66.960086,-65.907653,-99.784199,True
258,0,380,l,1,3,41,1791.7322,8255.40756,24.499828,-23.641901,6.619662,-12.487406,-75.711549,-132.417015,-37.391122,True
258,0,394,r,4,3,67,3170.0352,3305.3932,5.175731,4.841757,1.831277,-267.348814,-77.957844,47.210967,-60.074078,False
258,0,418,l,1,3,41,2208.5745,9158.58945,23.33614,-23.23648,2.216727,-11.206044,-74.792468,-129.324143,-62.104001,True
258,0,437,r,4,2,59,2638.0593,6000.16947,15.364103,13.345351,7.683093,-32.954119,-73.405072,76.61308,-28.627858,True
258,0,461,r,4,4,54,2325.7122,6113.61002,14.532418,13.139702,6.263395,-27.634897,-75.221594,74.148013,-39.422498,True
258,0,472,r,4,4,54,2208.9011,6154.05438,14.035919,12.800725,5.806171,11.196565,-70.343471,63.346297,-41.270754,True
258,0,493,r,4,1,63,2352.453,5402.81352,7.035441,6.005318,3.671921,-167.943824,-67.52424,48.174814,-37.973527,False
258,0,504,l,6,1,57,387.04797,16657.6979,33.812075,-33.432427,-5.374603,87.757337,-68.098254,-133.518755,-90.897883,True
258,0,507,r,4,2,59,3066.194,5119.73112,10.553137,8.669178,6.040958,-198.49723,-71.431507,74.481663,-19.137839,False
258,0,530,r,4,3,67,1256.742,8797.4542,12.628231,11.900595,4.255506,97.539262,-75.937008,40.559927,-61.301544,True
258,0,535,l,1,1,35,2247.5818,7467.51592,16.721345,-15.690483,5.854385,-198.068263,-70.782993,-137.102329,-18.801737,False
258,0,557,r,5,1,12,1670.3129,8870.687750000001,17.170278,15.770738,6.877799,-45.935202,-58.393828,94.874801,-16.288287,False
258,0,597,r,5,1,12,3639.8342,4171.85378,14.258549,12.870271,6.189456,-207.616118,-77.88188,113.697592,-22.525394,False
258,0,609,l,1,4,48,361.05807,18628.7459,28.508879,-27.684472,7.09277,100.973127,-75.604457,-99.175985,-49.043419,True
258,0,637,l,7,2,46,2712.565,4057.1455,5.373918,-5.136818,-1.580758,-234.038312,-72.64432,-47.108624,-87.164221,False
258,0,675,r,4,2,59,3044.1287,5159.72735,9.065458,7.710989,4.781364,-219.125399,-75.638823,68.935886,-32.664533,False
258,0,713,r,4,2,59,810.70465,13443.0063,22.407269,20.948917,8.136921,92.228537,-68.968317,75.715111,-38.689812,True
258,0,720,r,10,1,37,940.1477,11644.7947,26.27522,26.216321,-1.824064,77.828295,-79.268021,104.476503,-86.799757,True
258,0,721,r,4,3,67,2239.6995,5723.74639,6.207122,6.042943,1.420807,-215.501045,-75.807935,53.513388,-63.200013,False
258,0,749,l,2,2,10,2724.6277,5215.89912,7.444127,-6.029195,4.374305,-275.145472,-74.825648,-59.690347,-31.354551,False
258,0,758,l,1,4,48,2349.0967,6328.77726,12.719667,-11.980889,4.303375,-220.506889,-78.602788,-108.333633,-39.331901,False
258,0,827,l,1,1,35,2793.625,5413.12023,15.61879,-14.425337,6.052617,-205.004437,-72.499432,-127.328891,-18.304113,False
258,0,855,r,4,3,67,2299.799,5921.38965,13.060183,11.41242,6.39276,5.244835,-73.761358,57.480953,-41.213862,True
258,0,945,l,6,3,61,604.186,13343.1622,33.366024,-31.638332,-11.195739,89.56906,-63.904431,-123.490858,-110.500643,True
258,0,969,r,4,3,67,315.43484,16498.872,19.605962,18.89331,5.336374,146.044938,-71.222657,49.268055,-57.010462,True
258,0,1048,r,4,4,54,272.93253,17774.8069,26.878194,26.64528,3.667493,129.396001,-69.737162,80.583307,-58.219713,True
258,0,1059,l,1,3,41,2191.7378,8648.6146,21.641679,-21.51515,2.394286,-25.480502,-68.472626,-124.367449,-54.293606,True
258,0,1061,l,1,4,48,2374.7212,5512.02447,19.016763,-18.392332,4.919012,-39.826099,-78.785572,-109.669518,-48.871167,True
258,0,1063,r,5,2,5,2041.59,8104.5332,25.273991,24.386205,6.85279,-2.139416,-70.778335,132.435515,-32.230692,True
258,0,1088,r,10,1,37,2270.9673,4528.596,24.45185,23.31396,-7.587404,22.310878,-68.363581,115.362478,-107.191329,True
258,0,1162,r,4,1,63,2552.3271,5440.70854,13.291077,7.673103,10.885178,-48.141236,-84.357577,45.556861,-18.745055,True
258,0,1166,r,10,1,37,2325.6074,5477.45888,17.616166,17.455278,-2.41328,-74.477809,-81.090499,114.606712,-97.192757,True
258,0,1177,r,5,3,18,1847.7534,6585.77585,23.542342,23.150607,4.399627,18.115076,-75.397571,116.252687,-52.646944,True
258,0,1227,l,1,1,35,3674.6206,4453.32736,17.176666,-15.832389,6.748289,-197.876233,-75.549462,-138.352979,-15.543902,False
258,0,1236,r,5,3,18,2381.116,6163.49707,17.398519,16.542451,5.467314,-35.534424,-75.192703,96.690102,-42.689384,True
258,0,1241,r,4,1,63,2258.9202,6852.26777,8.797388,5.667524,6.739554,-123.872629,-66.099399,41.07307,-16.950602,False
258,0,1246,l,2,1,17,1804.5865,8790.6364,20.544615,-17.985374,10.098828,42.915729,-71.460908,-80.212817,-25.192837,True
258,0,1254,l,2,2,10,2414.2073,6847.12201,12.065396,-7.510756,9.469822,-88.929663,-80.670181,-49.959406,-16.917282,True
258,0,1260,l,2,4,4,2012.1453,6704.94273,11.03651,-10.540647,3.289636,29.893041,-78.571113,-48.398863,-63.36403,True
258,0,1265,l,1,4,48,3716.4028,3604.62327,13.065898,-12.838726,2.446497,-168.154901,-73.994269,-104.415936,-53.917489,True
258,0,1320,r,5,1,12,2497.7698,6987.38929,12.233203,11.477084,4.262814,-217.272466,-70.506587,102.994479,-31.924175,False
258,0,1395,r,4,2,59,3015.4185,5078.91185,8.645046,6.495214,5.717452,-254.242663,-77.183075,61.962571,-22.340995,False
258,0,1398,r,5,2,5,602.8535,16491.0553,33.200972,31.212963,11.936294,82.766612,-63.270619,125.569095,-12.047941,True
258,0,1452,l,7,1,27,1814.9961,6402.35246,13.140222,-13.077638,-1.292258,12.680123,-74.803518,-64.420269,-81.225864,True
258,0,1457,r,5,1,12,2275.552,8428.975339999999,20.158554,18.683372,7.708609,-7.86293,-68.485628,100.724701,-25.924578,True
258,0,1480,l,2,1,17,1847.612,8028.36316,9.987023,-8.607263,5.084339,-186.686231,-73.052347,-72.153827,-30.157457,False
258,0,1526,l,2,2,10,3126.0603,4686.19223,8.790831,-6.915792,5.44008,-116.943079,-69.820955,-49.359332,-30.782237,True
258,0,1528,r,5,3,18,1521.353,9347.33165,25.719277,25.521753,3.293731,47.109866,-74.889582,115.965869,-59.399827,True
258,0,1595,r,5,4,25,771.0449,7172.17686,8.642549,6.135833,6.098163,-127.517473,-74.574862,44.883864,-29.711648,False
258,0,1622,l,6,1,57,3726.502,2387.98283,18.017598,-17.567104,-4.068516,-146.828494,-68.248342,-138.294174,-100.839244,True
258,0,1633,r,5,3,18,1254.7325,12309.51342,28.184234,27.726037,5.275017,69.77376,-72.57028,115.749052,-49.599959,True
258,0,1650,r,8,2,20,1790.5884,6791.45477,8.266862,8.14032,1.445781,94.469931,-67.495972,27.968447,-62.510758,True
258,0,1686,r,5,3,18,2272.1165,6171.81256,20.212705,19.467021,5.548242,-13.52153,-74.118646,107.286037,-42.847217,True
258,0,1693,l,1,1,35,1796.9209,7737.831239999999,25.013543,-23.44083,8.987183,-4.168,-77.953869,-127.54682,-27.244732,True
258,0,1695,r,4,3,67,398.22653,15230.1106,18.856785,17.689429,6.638747,123.765036,-72.19673,53.018553,-51.888534,True
258,0,1701,l,1,3,41,789.2876,14280.9028,32.004144,-31.483328,6.070745,80.725065,-67.884194,-128.160096,-41.785256,True
258,0,1713,r,4,1,63,1340.9545,9056.7726,18.186575,13.892228,11.854537,71.149914,-78.738265,54.128419,-31.416443,True
258,0,1728,r,4,3,67,2383.689,5301.5246,4.813001,4.707058,1.005417,-213.149361,-74.043264,41.428804,-65.183296,False
258,0,1756,r,4,2,59,1891.4347,7954.641509999999,19.195915,17.757779,7.410542,47.507338,-73.300843,77.65881,-40.183269,True
258,0,1764,l,5,2,5,2207.0098,7130.71365,25.406052,-21.290922,14.197375,-165.521415,-75.166583,-177.517242,48.517436,False
258,0,1764,r,5,2,5,2207.0098,7130.71365,17.948865,16.962012,5.957829,-134.712298,-70.410779,129.539729,-24.071927,False
258,0,1779,r,4,2,59,1939.5154,6778.1726,16.104754,14.462417,7.16218,45.041356,-67.099194,63.179215,-35.310654,True
258,0,1812,r,5,1,12,2650.8245,5914.23349,13.58023,12.833201,4.479783,-204.836846,-69.971265,112.725755,-30.209215,False
258,0,1822,l,6,1,57,433.55432,15677.1366,36.782864,-35.929044,-8.470971,95.993237,-73.881339,-140.587405,-109.564238,True
258,0,1844,r,4,2,59,1159.8164,10826.69155,23.068487,20.567189,10.681778,80.141081,-72.129398,78.743654,-29.850439,True
258,0,1874,r,4,3,67,2050.2563,7932.11133,6.665317,6.087106,2.720564,-162.260115,-71.987935,48.229724,-50.375351,False
258,0,1882,r,10,1,37,2416.4346,3812.975144,12.543607,12.512045,-0.896446,-223.309926,-81.28819,113.911293,-89.515449,False
258,0,1883,r,4,4,54,2313.1704,5953.52295,12.137279,11.717181,3.187996,-3.833687,-68.092272,60.941928,-51.377875,True
258,0,1898,r,4,3,67,2514.2659,5711.73783,6.391369,5.632487,3.025592,-149.485616,-72.770887,43.343541,-49.428881,False
258,0,1976,r,4,4,54,1715.87,7516.5813,11.736386,10.996457,4.126791,-126.560996,-72.823248,80.94452,-42.205833,False
258,0,1981,l,1,3,41,2721.111,5296.63415,20.622086,-19.918682,5.452018,-74.183099,-80.28131,-131.966765,-43.310551,True
258,0,2108,l,1,4,48,996.21204,10913.398,27.716125,-26.543762,8.282401,46.946605,-80.083539,-121.413831,-40.533261,True
258,0,2130,l,2,2,10,1905.5714,5405.6306700000005,9.688794,-6.388093,7.299741,-128.03645,-67.874031,-46.802335,-13.989685,False
258,0,2132,r,4,4,54,2115.7246,6014.65474,9.631195,9.229263,2.765301,-205.355145,-72.841328,80.489679,-48.601318,False
258,0,2138,r,4,3,67,1966.8289,7015.947099999999,10.838349,8.360696,6.921663,26.574837,-74.66406,38.714617,-42.341536,True
258,0,2146,l,8,1,1,2690.1401,4619.06688,3.452118,-3.409237,0.542739,-120.071729,-77.143903,-24.429097,-73.252459,False
258,0,2169,r,4,1,63,2250.3323,6382.93759,13.119447,9.819138,8.743886,5.96047,-73.75733,49.159857,-29.421009,True
258,0,2197,l,2,2,10,2611.5818,5652.66681,7.90095,-6.132908,4.99076,-141.480178,-74.401261,-46.3626,-36.504859,False
258,0,2219,l,1,3,41,1370.9404,9446.8909,26.823369,-26.275685,5.595456,11.036177,-71.145148,-137.725238,-40.665513,True
258,0,2228,r,4,2,59,1880.579,8141.10433,18.828781,16.961331,8.29834,17.241487,-71.322593,83.189395,-29.730313,True
258,0,2291,l,1,4,48,1766.3245,8295.52559,15.558614,-14.903045,4.520265,-156.637415,-71.64242,-118.866447,-35.103248,False
258,0,2333,l,2,1,17,1577.254,9122.59423,21.60635,-19.878691,8.642801,55.044746,-74.384287,-84.953794,-36.408283,True
258,0,2341,r,4,3,67,1459.8075,8829.639650000001,7.732812,7.72609,0.323345,-139.648587,-68.306163,58.289999,-65.859232,False
258,0,2417,l,1,3,41,2351.0732,5827.38185,20.756475,-20.217167,4.8024,-63.838989,-76.928108,-130.307784,-45.248707,True
258,0,2461,l,7,4,39,309.77338,14312.0895,23.122006,-20.450967,-11.027527,139.885406,-77.43242,-55.97917,-108.654471,True
258,0,2488,l,7,1,27,575.18353,14027.7112,22.570717,-22.510605,-1.690714,101.086157,-72.903612,-78.291647,-78.939696,True
258,0,2502,l,2,1,17,2178.4934,7048.2102,9.407733,-8.193347,4.639123,-206.891614,-69.25258,-71.544284,-28.516319,False
258,0,2530,l,2,4,4,1293.8673,8340.86635,12.514509,-11.458545,5.065356,36.339019,-79.812773,-51.416811,-56.871474,True
258,0,2561,r,4,3,67,2787.59,4432.13704,6.955489,6.170255,3.216648,-171.876914,-75.463983,49.933288,-49.35518,False
258,0,2590,l,7,2,46,2315.5164,4751.823,7.544611,-7.47239,-1.044388,-161.768746,-77.23383,-59.255021,-85.540124,False
258,0,2606,r,4,1,63,648.54456,13235.121,17.639498,13.587859,11.355832,110.625505,-74.106139,43.355024,-37.044444,True
258,0,2612,l,1,4,48,262.77188,20450.128,13.820524,-13.202219,4.124382,-207.431478,-69.349574,-116.691827,-32.50671,False
258,0,2679,l,2,1,17,2097.94,7808.25239,14.045317,-11.47399,8.155439,-132.29884,-77.111081,-85.718046,-15.357978,False
258,0,2684,r,5,2,5,1070.287,11999.75571,19.76318,18.124114,8.016251,-112.680201,-73.642731,131.803782,-13.972708,False
258,0,2692,r,5,3,18,2353.5747,7850.068450000001,19.413453,19.311606,2.024974,-20.906708,-68.58762,108.948686,-56.93944,True
258,0,2694,l,7,2,46,2476.7764,5170.7235,7.500048,-7.478976,-0.563423,-160.589066,-76.897393,-59.152982,-81.366466,False
258,0,2695,r,4,2,59,1917.0725,6085.8654,12.232607,9.878931,7.250234,-61.294252,-72.913905,61.177557,-27.549532,False
258,0,2703,l,2,2,10,2675.2393,5526.59988,8.495402,-5.534416,6.455377,-160.633794,-70.265355,-43.664305,-19.038811,False
258,0,2803,r,4,3,67,327.0804,17166.8357,20.187394,19.377216,5.773728,138.720645,-64.932304,53.206264,-48.717492,True
258,0,2826,r,3,4,3,1823.4078,7295.93043,6.134228,3.561168,4.997902,-47.36133,-69.492614,20.995436,-39.932693,True
258,0,2851,r,10,2,31,4110.9287,2483.59774,17.027374,16.663995,-3.549665,-168.149263,-72.533023,137.137606,-102.199167,True
258,0,2881,l,1,1,35,2893.2795,5710.98837,20.464979,-18.479012,8.952331,-118.195331,-79.19454,-136.414004,-11.395086,True
258,0,2911,r,4,4,54,1628.5424,6921.21776,8.182277,8.007684,1.686772,-178.861578,-71.721294,65.958319,-57.778192,False
260,0,9,l,2,3,24,314.16776,17157.9841,24.158905,-22.762371,8.319393,127.681385,-71.893826,-68.107059,-46.153249,True
260,0,32,r,10,1,37,2653.3462,5472.6726,10.338642,10.287403,-1.033618,-252.987876,-79.302938,98.554305,-89.259584,False
260,0,111,r,4,4,54,273.91135,17777.6693,25.684155,24.5492,7.796338,109.675142,-75.651677,82.365851,-48.508362,True
260,0,134,l,1,2,29,1287.9567,12370.1335,15.267198,-13.5798,7.043418,-170.861165,-77.674132,-111.322073,-19.095329,False
260,0,174,r,5,2,5,1291.0999,11038.8785,18.900174,17.421429,7.445211,-143.683468,-74.843146,136.086308,-15.444782,False
260,0,191,l,6,1,57,2106.66,7876.61952,23.33038,-23.197334,-2.559761,-27.520785,-70.179427,-136.072095,-85.623072,True
260,0,207,r,4,4,54,2817.4902,4397.11004,12.185755,12.151111,0.925202,-29.514223,-70.758859,68.796095,-65.480699,True
260,0,239,l,2,1,17,1917.6726,6931.68113,13.120984,-11.084213,7.065794,-117.708699,-72.529025,-79.872612,-21.032754,False
260,0,270,r,5,1,12,312.1207,20610.8169,33.410446,30.973274,13.201851,107.83282,-71.280858,109.341464,-21.44092,True
260,0,400,l,2,2,10,1837.9729,8010.32788,10.391136,-6.768275,7.902994,-91.19279,-74.032583,-45.240434,-20.746048,False
260,0,415,l,1,4,48,1333.92,9576.5073,26.454979,-26.054576,4.754551,41.630143,-67.636857,-121.431068,-44.642244,True
260,0,416,r,5,1,12,3713.8374,3861.9465,13.984251,12.566945,6.184411,-196.144074,-69.448139,108.371635,-15.476801,False
260,0,479,l,2,4,4,835.47485,12666.1373,6.59212,-6.216733,2.197099,-140.903995,-75.336812,-46.938485,-58.707207,False
260,0,484,l,2,1,17,2229.5596,7036.96997,15.294358,-12.16484,9.340843,-14.595543,-78.167025,-65.660261,-26.913742,True
260,0,489,l,3,3,23,2049.6594,6511.43931,8.493619,-4.104847,7.442224,-82.733136,-71.338637,-26.74954,-22.524487,False
260,0,489,r,3,3,23,2049.6594,6511.43931,24.196892,21.594012,11.188706,-148.528882,-78.906885,173.572857,14.38182,False
260,0,490,r,4,4,54,2019.6613,5783.1747,8.999764,8.269367,3.563938,-142.337551,-71.236594,62.83518,-44.026497,False
260,0,520,r,10,2,31,1051.3663,11340.80769,31.459246,31.176129,-4.440665,63.662247,-79.408265,136.946166,-99.952623,True
260,0,525,r,5,3,18,3226.4282,3898.37343,10.996841,10.439472,3.475912,-232.788543,-74.409212,96.321989,-42.120214,False
260,0,556,r,4,3,67,2699.3232,4903.88183,6.605504,6.089844,2.563445,-80.928289,-73.996292,39.5743,-57.295423,True
260,0,557,l,1,4,48,2059.9082,9055.39115,20.073985,-19.942331,2.343489,-9.125733,-65.745126,-108.532028,-52.722705,True
260,0,594,r,5,3,18,2960.5066,4885.407999999999,12.027813,11.810339,2.293221,-180.349844,-73.223603,98.349787,-53.980782,False
260,0,598,l,2,4,4,1913.4645,6117.29724,10.052343,-9.339225,3.735276,-57.812987,-72.559033,-57.201088,-49.546898,False
260,0,598,r,2,4,4,1913.4645,6117.29724,36.817293,35.896197,8.797253,-98.03151,-76.731938,280.848723,-2.601781,False
260,0,609,r,4,1,63,3447.551,4374.55507,8.298463,7.072256,4.352474,-111.039079,-70.139427,49.754862,-39.381738,True
260,0,665,r,10,1,37,2632.4712,5348.82727,15.401963,15.260892,-2.104975,-111.638731,-73.985726,109.58132,-89.287658,False
260,0,678,r,4,3,67,3642.7117,2846.37612,5.828618,5.149383,2.734371,-224.891231,-77.301705,46.400172,-52.610824,False
260,0,728,r,5,1,12,1289.7767,11764.96923,27.73198,25.305568,11.73855,49.076126,-67.980354,113.912841,-12.604536,True
260,0,798,l,6,1,57,497.84424,14888.8264,35.075509,-34.460922,-6.983499,107.454427,-73.684538,-125.276867,-100.804104,True
260,0,809,r,4,2,59,2539.8452,5546.10364,11.090804,9.655008,5.483805,-195.602031,-78.227185,82.613059,-30.937723,False
260,0,828,l,2,3,24,1241.5154,9587.47347,13.379172,-12.049805,5.857659,-98.700384,-80.113601,-82.974028,-39.33717,False
260,0,843,r,4,1,63,2528.8208,5808.80641,11.689546,6.056749,10.016789,-78.783754,-85.974134,39.130074,-20.47053,True
260,0,893,r,5,3,18,1189.5775,9117.4154,18.873938,18.614846,3.173317,-61.825292,-77.735925,118.503788,-57.153433,False
260,0,905,l,1,4,48,1893.1902,7917.89496,21.73427,-20.801954,6.441913,-7.953962,-83.572373,-113.193723,-47.584861,True
261,1,19,l,6,1,57,427.992,15526.6482,35.640804,-34.708443,-8.66095,86.786439,-72.060548,-140.756048,-109.71511,True
261,1,23,l,2,1,17,1285.8932,10109.344,19.476738,-17.137461,9.397052,57.73968,-72.845975,-71.618866,-32.621877,True
261,1,48,l,6,1,57,2078.1428,7947.10528,23.548573,-23.041449,-4.998946,-1.929524,-70.61499,-124.16605,-98.363854,True
261,1,147,r,4,3,67,2905.8376,4790.97578,8.539518,8.001498,2.992945,-140.837443,-71.942542,60.561742,-49.195043,False
261,1,211,r,4,1,63,2128.2288,6833.9386700000005,15.738641,12.179503,10.044496,10.697705,-70.762866,60.282712,-20.151467,True
261,1,246,l,7,1,27,492.17953,13512.282,19.748065,-19.554081,-2.816829,124.210394,-72.359035,-58.885348,-81.015569,True
261,1,284,l,2,3,24,424.6939,16410.290399999998,24.447292,-22.031787,10.870435,73.539316,-85.151408,-87.595519,-40.308893,True
261,1,323,r,10,1,37,3504.8752,4164.26299,15.939677,15.808623,-2.066313,-117.959926,-79.827975,115.50734,-95.12561,True
261,1,325,l,2,3,24,2709.0564,5368.62366,9.610438,-9.479456,1.588555,-224.46413,-69.81831,-85.902146,-55.353351,False
261,1,330,l,2,4,4,1473.0276,8052.2912,5.627316,-4.827186,2.895655,-216.074937,-69.067424,-42.738124,-43.378135,False
261,1,347,r,4,4,54,2294.3323,6701.06827,12.895979,12.717177,2.157872,1.618043,-68.029112,65.080532,-56.889674,True
261,1,390,l,1,2,29,2368.1687,6673.28294,21.211658,-18.321164,10.878423,-40.575464,-78.31505,-109.462864,-11.393031,True
261,1,425,l,7,1,27,1396.3066,7690.29586,12.060645,-11.363915,-4.066705,-31.033595,-74.691343,-64.521349,-97.972223,False
261,1,481,r,4,4,54,3780.1973,3437.61567,6.836514,6.689537,1.413187,-229.837431,-69.511549,60.970626,-56.599375,False
261,1,499,r,4,3,67,1832.1542,6732.28841,8.206648,7.349693,3.661246,-157.939767,-79.061281,57.777324,-50.161101,False
261,1,506,r,4,1,63,2901.522,5913.6954000000005,8.815272,4.938436,7.311187,-194.773326,-79.86581,41.887348,-17.436957,False
261,1,535,l,2,1,17,2365.1606,5736.95551,8.293502,-7.257327,4.024938,-227.162309,-70.798837,-65.858566,-34.115243,False
261,1,579,l,2,2,10,1897.2755,6722.860675,10.617368,-7.963957,7.044446,-118.285388,-82.13491,-57.118881,-31.190912,False
261,1,585,r,5,1,12,2332.3416,8452.06344,19.538898,18.369459,6.776216,-32.570554,-73.373984,107.114003,-32.987654,True
261,1,591,l,2,3,24,1478.218,8438.9712,19.250725,-18.386338,5.805045,56.412113,-83.055835,-77.642489,-58.030554,True
261,1,600,r,5,1,12,3801.0105,3583.010453,15.613527,14.496165,5.863504,-168.965869,-74.739872,118.663867,-26.055937,True
261,1,629,r,4,1,63,327.91544,18194.9558,24.264227,17.020843,17.556211,119.613942,-78.544159,52.160029,-22.168456,True
261,1,634,l,6,1,57,1611.6356,6798.95022,26.051884,-25.6321,-4.823929,6.015522,-77.189957,-136.258244,-103.772195,True
261,1,641,r,4,3,67,2870.0786,5183.93095,4.965171,4.820107,1.192833,-187.350877,-75.099544,40.252978,-65.124928,False
261,1,667,l,6,1,57,560.03735,12962.7858,34.763072,-34.315758,-5.934472,88.821061,-76.292925,-137.316061,-101.612051,True
261,1,672,l,1,1,35,2503.1926,7484.126200000001,21.126691,-19.846245,7.393927,-72.144621,-73.094385,-130.710363,-23.131608,True
261,1,689,l,1,1,35,1586.011,9906.0465,27.157145,-25.766899,8.887267,3.943678,-76.321364,-138.081206,-26.652716,True
261,1,717,l,2,2,10,1229.9719,11092.6496,20.908987,-15.177369,14.554463,82.373242,-73.002194,-56.32289,-17.147436,True
261,1,727,r,10,1,37,985.0051,9128.07994,24.236934,24.099943,-2.65369,41.933273,-70.253227,110.965312,-82.848705,True
261,1,742,l,2,1,17,2020.4645,6734.6151974,12.848279,-11.426795,5.913699,-148.540888,-71.962837,-88.638803,-25.619478,False
261,1,742,r,2,1,17,2020.4645,6734.6151974,7.033885,5.85678,-3.902147,-138.519187,-82.300404,43.956477,-111.683419,False
261,1,744,r,5,3,18,1732.505,8191.41725,14.807648,13.915279,5.1135,-169.246206,-76.06476,113.781919,-33.726531,False
261,1,746,l,8,1,1,2481.814,5826.86325,5.850515,-5.728233,1.191892,25.06188,-69.700409,-26.576199,-64.160594,True
261,1,751,r,10,1,37,3126.1016,4327.83781,13.588336,13.354423,-2.533565,-124.826314,-78.786099,98.476922,-97.651406,True
261,1,774,l,7,2,46,2808.859,3787.16259,6.245033,-5.915928,-2.004123,-152.196196,-73.888663,-45.820778,-89.445207,False
261,1,803,r,4,3,67,2406.218,5523.7540866,5.154283,4.416824,2.659382,-212.731936,-75.187217,38.831608,-51.766601,False
261,1,862,l,2,4,4,3266.14,3573.24011,7.627601,-7.425898,1.747411,-137.043315,-78.773067,-55.659537,-65.634832,True
261,1,863,l,2,3,24,2974.9495,4855.77331,7.950711,-7.750361,1.779058,-186.197554,-70.646021,-64.810698,-55.718774,False
261,1,868,l,2,2,10,2351.7988,6370.03861,7.768778,-4.361059,6.435461,-245.463809,-76.927568,-40.83563,-16.354705,False
261,1,917,r,4,3,67,1245.642,8974.25084,10.692911,10.525039,1.898033,54.938702,-71.055179,43.672297,-63.132169,True
261,1,925,r,4,3,67,1486.4802,8392.33603,9.514359,8.573926,4.139926,-90.190729,-78.069095,57.321477,-50.239359,False
261,1,944,r,10,1,37,1036.366,11680.6048,27.042024,26.896568,-2.911691,89.488286,-72.372897,101.710295,-83.808444,True
261,1,972,r,4,3,67,2304.9458,6228.01372,9.390381,8.562643,3.869373,-23.265595,-72.262076,47.168067,-50.835163,True
261,1,1032,l,1,2,29,1576.6556,8368.71165,14.208817,-13.107551,5.533438,-229.99464,-79.096038,-121.078788,-27.37234,False
261,1,1032,r,1,2,29,1576.6556,8368.71165,2.938206,2.853985,-0.698733,-291.456721,-79.436617,28.987175,-86.536753,False
261,1,1075,r,5,3,18,3657.9,3498.16929,12.58544,12.380906,2.277606,-200.750068,-70.436225,107.72696,-50.45305,False
261,1,1087,r,4,2,59,1642.1007,7118.2251,18.648453,15.320689,10.762036,52.394283,-75.766272,65.093797,-28.93958,True
261,1,1101,r,5,2,5,2566.4744,6154.35904,17.691949,16.054194,7.53412,-159.179963,-79.873972,129.260201,-18.055265,False
261,1,1103,r,4,3,67,3209.56,4249.24336,7.511859,7.050089,2.599696,-105.513685,-78.832752,48.91399,-60.737875,True
261,1,1159,r,4,3,67,1769.6041,8548.69342,6.424093,5.934134,2.465111,-97.955619,-70.393134,40.324917,-53.601329,False
261,1,1221,r,4,2,59,1670.5557,8899.39346,11.568727,9.515106,6.610676,-221.354743,-73.740619,85.710036,-13.651598,False
261,1,1249,l,2,4,4,532.98114,15242.585,12.886229,-12.634622,2.554874,85.817221,-68.301488,-45.769823,-58.96465,True
261,1,1287,l,2,4,4,1848.1499,7209.30404,8.75363,-8.42349,2.389993,-136.342297,-68.993986,-63.135366,-51.005487,False
261,1,1310,l,1,3,41,2080.4087,6242.60531,13.027329,-13.013144,0.61308,-262.717618,-66.123129,-127.738481,-60.052779,False
261,1,1317,l,1,3,41,1740.2775,7857.9526,15.170514,-15.049095,1.938045,-201.369567,-70.608322,-132.113447,-53.390779,False
261,1,1321,l,2,3,24,1125.61,9673.8714,18.821093,-18.362961,4.200442,54.499129,-77.00832,-78.171661,-58.784426,True
261,1,1350,r,4,3,67,3395.2754,4549.01023,8.294104,7.607765,3.313408,-139.751086,-70.360718,57.400321,-45.259576,True
261,1,1431,r,4,1,63,1230.0671,8750.58385,13.791576,11.092751,8.246909,88.321022,-65.816292,39.541344,-36.028823,True
261,1,1438,r,4,4,54,2736.634,5448.18327,8.71007,8.463233,2.066423,-212.662822,-74.133579,74.79373,-55.79706,False
261,1,1460,l,2,2,10,1528.0692,8594.07591,11.832744,-8.274431,8.488224,-112.487712,-75.560984,-58.53318,-14.861483,False
261,1,1462,l,7,1,27,1993.3641,5795.2919600000005,9.588243,-9.23929,-2.57439,-124.162243,-75.243318,-67.371137,-94.109578,False
261,1,1463,l,1,3,41,1949.6149,6591.94343,23.301862,-22.991113,3.900135,-35.551087,-72.255224,-138.12865,-48.145459,True
261,1,1465,r,4,2,59,1320.0957,9213.38096,20.039394,17.010305,10.754197,66.3961,-76.832214,68.406551,-32.419768,True
261,1,1474,r,5,1,12,2328.842,7172.279049999999,22.118199,19.402482,10.829905,-45.507418,-80.419492,118.16715,-12.371991,True
261,1,1478,r,4,4,54,3916.9326,3200.90998,8.015061,7.647467,2.406636,-275.857904,-75.130447,75.978747,-51.134893,False
261,1,1490,r,4,4,54,2093.1145,5502.18835,11.466369,11.291825,2.006126,-132.309388,-76.564658,84.323084,-61.480086,False
261,1,1504,l,2,4,4,319.85373,19433.642,3.529794,-3.516828,0.302453,-267.175652,-64.140875,-34.242584,-61.19408,False
261,1,1529,r,4,4,54,635.56714,13494.0816,21.083368,19.596494,7.934948,91.580255,-69.397721,70.640414,-40.040933,True
261,1,1544,r,4,3,67,2463.4282,5696.91442,7.625697,5.876761,4.868073,-70.926303,-78.501416,37.150159,-47.599293,True
261,1,1570,r,4,1,63,1474.5818,8401.44563,10.357159,7.296531,7.370597,-128.403894,-77.199028,53.573026,-22.634318,False
261,1,1583,l,1,2,29,2311.3042,6975.24633,22.039375,-20.537287,8.175898,-29.417127,-71.373343,-119.662156,-22.367147,True
261,1,1651,r,4,3,67,520.6024,14625.0782,11.028731,10.895972,1.71648,81.484536,-65.187849,40.138548,-58.824508,True
261,1,1675,l,8,3,7,2463.3591,4386.65576,5.906907,-5.401291,-2.394704,-9.641307,-80.155492,-28.331257,-92.742326,True
261,1,1736,l,2,4,4,2482.975,6302.5937,7.401273,-7.301311,1.215609,-139.239931,-74.011565,-54.996886,-64.828819,False
261,1,1815,l,2,4,4,1673.2844,6713.51499,7.943917,-6.001664,5.213963,-133.515108,-79.468825,-44.525664,-40.608867,False
261,1,1848,l,1,1,35,3567.2861,4054.02968,16.906037,-15.423175,7.009525,-188.628982,-74.037741,-132.044696,-12.990274,False
261,1,1899,l,7,1,27,269.18845,15641.2041,23.191573,-21.723371,-8.324766,116.023201,-73.798322,-69.315993,-101.201744,True
261,1,1902,r,4,2,59,2488.5415,6174.05825,11.558449,9.615002,6.445192,-209.001756,-72.91217,84.534225,-15.738424,False
261,1,1909,r,5,3,18,356.47705,17248.3277,30.591306,29.809153,7.213066,118.636466,-67.355117,98.177181,-42.359955,True
261,1,1923,r,5,3,18,2657.0007,5098.87903,12.32944,11.887208,3.296327,-226.092839,-73.330542,108.63748,-42.954602,False
261,1,1955,l,1,3,41,1520.3553,8025.3923,26.556767,-26.346823,3.458653,7.385471,-81.01012,-139.964285,-61.949429,True
261,1,1961,l,6,1,57,454.8799,15418.0705,35.078417,-34.849862,-4.277546,100.256355,-76.558206,-132.120304,-93.851911,True
261,1,2038,r,5,3,18,266.94327,18832.9662,29.857571,29.652552,3.663499,104.475188,-69.01774,105.617959,-55.349037,True
261,1,2039,r,4,4,54,2319.8264,4675.31994,7.512903,7.445242,1.008876,-191.192889,-74.980276,62.88245,-66.434402,False
261,1,2044,l,1,2,29,660.08545,16545.6099,33.093959,-29.185853,16.340761,83.197914,-84.229734,-115.510778,-14.779625,True
261,1,2058,l,2,4,4,2085.327,6553.18986,5.902203,-5.517352,2.099633,-166.045915,-70.063246,-44.051626,-53.265907,False
261,1,2065,r,5,1,12,408.8531,17395.4757,31.591142,29.973924,10.478002,109.979433,-70.599966,103.825712,-32.166206,True
261,1,2083,r,4,2,59,1729.6731,8117.00504,17.72021,14.561835,10.208679,36.219537,-72.482407,65.924378,-25.26359,True
261,1,2108,l,7,2,46,1371.8346,7485.7647,11.350082,-11.217667,-1.739853,33.664057,-71.56131,-50.838027,-79.499296,True
261,1,2190,l,2,3,24,281.43286,18235.3285,26.071742,-25.019296,7.581233,142.787455,-64.798338,-68.706704,-43.176157,True
261,1,2247,l,7,2,46,1284.0588,7275.67213,12.066063,-11.611255,-3.304324,64.144982,-82.980475,-46.407614,-96.292722,True
261,1,2257,l,1,1,35,2562.1372,5956.32645,16.014514,-15.082255,5.447876,-206.716069,-75.054179,-133.859258,-25.991854,False
261,1,2295,l,3,1,16,1358.8267,9253.72189,14.945573,-7.064981,13.203933,50.302831,-74.889635,-29.707095,-18.221551,True
261,1,2348,r,10,3,43,3007.6467,2979.02316,20.020016,19.147064,-5.960223,-29.320439,-84.472391,110.868448,-119.76246,True
261,1,2370,l,7,4,39,869.34357,10050.9983,21.573215,-18.935389,-10.532425,119.746957,-76.481255,-58.408154,-109.946425,True
261,1,2390,l,2,2,10,512.117,16643.91797,24.719955,-21.020839,13.313668,141.342659,-63.124265,-57.12625,-25.43767,True
261,1,2437,r,4,3,67,1828.4279,6792.217720000001,11.664124,11.151755,3.440941,27.528095,-77.682244,51.741199,-61.596595,True
261,1,2442,l,2,2,10,2277.5369,6549.64346,11.135096,-8.688875,6.990665,-28.497597,-71.426063,-48.673692,-31.918733,True
261,1,2445,l,7,1,27,1935.5721,5240.29964,16.409851,-16.325233,-1.687438,21.21287,-79.609318,-78.727371,-87.860423,True
261,1,2503,r,5,3,18,1795.8505,7208.30207,22.994186,21.810353,7.467523,14.229191,-74.646793,110.358262,-35.712956,True
261,1,2508,l,1,4,48,389.9744,17970.58,27.618138,-27.393793,3.657471,97.444854,-72.40115,-99.784645,-58.538163,True
261,1,2572,r,4,2,59,266.90347,18503.7756,27.130887,23.381374,14.16713,109.684474,-77.963826,77.95991,-28.374983,True
261,1,2591,r,4,3,67,2652.3093,4515.19413,9.373467,8.611447,3.716049,0.127136,-67.676837,43.898391,-48.635402,True
261,1,2596,r,4,3,67,1530.1426,7731.30528,15.249026,14.384406,5.116072,47.196533,-68.346728,62.270898,-45.904912,True
261,1,2600,r,5,3,18,2210.933,6363.38856,18.280698,17.587164,5.06832,-13.076982,-75.272412,96.066957,-47.074393,True
261,1,2620,l,6,1,57,2824.0745,4327.420349999999,19.747472,-19.631313,-2.182217,-70.063512,-79.787566,-128.434621,-94.35462,True
261,1,2638,r,4,3,67,1432.4608,7353.46475,7.091248,6.146983,3.5424,-79.997983,-67.902619,39.848269,-44.865278,False
261,1,2691,l,1,4,48,1937.2997,6640.82302,19.230006,-19.016035,2.915116,-3.191781,-75.268902,-101.045819,-59.477096,True
261,1,2727,l,1,4,48,2366.0613,5676.0368,19.236851,-19.139971,1.965381,-47.241459,-70.06328,-117.043868,-57.813392,True
261,1,2746,l,8,1,1,2324.423,5243.93012,3.292515,-3.204529,0.75647,-122.677473,-67.536695,-23.104975,-62.079309,False
261,1,2785,r,5,1,12,1356.1952,9677.6438,25.62641,23.246425,11.09805,56.573872,-71.076475,100.270526,-21.24262,True
261,1,2806,l,7,2,46,1896.19,5081.46774,6.56861,-6.240762,-2.053343,-187.758723,-79.675166,-52.245135,-96.906339,False
261,1,2810,r,10,2,31,2930.668,6413.62834,21.917283,21.615012,-3.717617,-28.368715,-78.499848,126.147592,-100.75082,True
261,1,2833,l,2,1,17,2282.7488,6619.08136,14.684953,-12.486496,7.791049,-25.853369,-75.126107,-69.944909,-30.862887,True
261,1,2841,r,5,3,18,1361.4868,8054.81943,23.48695,23.071581,4.522971,48.861947,-78.078316,102.712758,-57.344703,True
261,1,2900,r,4,4,54,628.2714,14122.5489,23.671468,23.429624,3.474447,105.591643,-64.910369,79.913846,-52.707917,True
261,1,2934,l,1,3,41,1152.4731,11907.44331,30.937872,-30.31776,6.479345,53.882887,-75.987268,-138.073898,-44.922959,True
261,1,2938,r,4,3,67,3196.4822,4025.87889,6.440932,6.393554,0.781416,-88.384957,-69.803001,42.399569,-64.609864,True
261,1,2960,r,4,2,59,2225.9739,6911.11323,14.669718,11.327687,9.382763,-34.190057,-76.071609,64.942493,-21.438228,True
261,1,3014,l,6,1,57,1797.0347,7722.56343,26.557037,-26.354454,-3.397803,-2.79776,-71.656065,-145.056077,-91.056583,True
261,2,32,l,1,4,48,2773.1218,5215.78878,17.289318,-17.169772,2.060918,-95.01428,-73.288035,-118.959275,-58.78692,True
261,2,53,r,3,4,3,3100.215,5894.9179,6.632542,3.927125,5.349126,-72.774682,-61.467152,24.904045,-27.419867,True
261,2,67,l,6,1,57,586.7896,13015.4804,19.092918,-18.951037,-2.367185,-113.2917,-68.824613,-138.479084,-86.451613,False
261,2,77,l,7,2,46,2654.7456,3549.44688,8.309445,-7.307705,-3.966073,-46.108858,-74.256835,-43.102481,-97.750702,True
261,2,85,r,4,4,54,742.0264,12974.1511,20.440276,19.914767,4.701568,105.285237,-78.906355,66.919662,-62.748729,True
261,2,112,r,4,2,59,2389.5295,6521.01689,15.003421,12.327409,8.619118,-19.054242,-71.144799,67.539613,-23.193667,True
261,2,133,r,4,1,63,3255.0176,5191.35164,10.19379,5.936648,8.301609,-128.510988,-76.712542,43.51947,-15.317118,True
261,2,146,r,4,2,59,2070.0437,6805.82456,9.644324,8.216947,5.066666,-158.038525,-66.719315,64.698615,-26.583635,False
261,2,170,l,2,4,4,2611.0466,3220.01289,6.658292,-6.369606,1.943335,-253.072575,-70.144137,-60.623654,-51.602897,False
261,2,178,r,4,3,67,3519.6572,3981.97592,6.255324,6.09901,1.392294,-67.072671,-73.344626,38.153823,-64.616608,True
261,2,232,r,10,1,37,3585.5315,3176.25166,18.016215,17.587709,-3.969206,-84.568966,-72.749334,118.731846,-100.013929,True
261,2,243,l,1,1,35,1734.9496,7649.07719,24.831505,-23.681323,7.695023,-16.966151,-76.51996,-134.62939,-31.22995,True
261,2,279,l,2,3,24,3115.5447,4209.8025800000005,8.138106,-7.616139,2.876105,-250.020475,-73.42271,-72.208943,-46.050775,False
261,2,292,l,2,2,10,2417.8303,6284.9719000000005,8.334339,-7.158772,4.278855,-204.507951,-71.295662,-62.109403,-34.006266,False
261,2,317,r,8,2,20,3351.6506,3880.45458,3.470572,3.366166,0.845351,-92.900149,-65.828291,22.521564,-60.168745,True
261,2,326,l,7,1,27,2319.0513,7318.188599999999,16.628083,-16.39848,-2.792334,2.967517,-77.380936,-84.469977,-91.974309,True
261,2,344,l,2,4,4,2357.57,5365.51081,7.97862,-6.155802,5.085678,-127.314568,-83.281692,-45.009183,-45.927116,False
261,2,349,l,2,4,4,1955.1534,5833.26076,9.104664,-8.972825,1.550162,-93.420713,-73.042119,-60.54147,-62.537423,False
261,2,360,r,4,2,59,1535.6471,8170.653099999999,13.961662,11.442525,8.053718,-13.349002,-69.531922,61.400225,-25.738509,True
261,2,380,l,1,4,48,2849.8767,5331.2188,11.072798,-10.841087,2.266971,-225.800637,-77.344189,-98.777632,-56.554262,False
261,2,399,r,4,4,54,2085.6963,6286.80072,11.896398,11.358509,3.560208,-88.19354,-68.927678,75.972233,-44.927375,False
261,2,400,r,3,4,3,3327.0598,3876.91448,4.945955,2.636154,4.186352,-194.942516,-75.444415,22.327753,-39.910998,False
261,2,436,l,1,3,41,2526.1028,5370.46568,17.231075,-17.039612,2.600415,-172.889671,-67.447025,-141.869584,-45.458735,False
261,2,466,r,4,1,63,849.25037,12631.3848,21.252001,16.501497,13.582953,88.739654,-69.980148,59.621752,-19.264674,True
261,2,556,l,2,4,4,1511.5125,8266.16747,8.307709,-7.33736,3.90701,-71.608231,-77.410406,-46.562762,-52.510081,False
261,2,606,l,2,3,24,1984.4581,6474.17138,7.557387,-7.396971,1.553173,-236.30212,-70.43426,-68.326415,-56.04402,False
261,2,614,r,5,1,12,1521.6201,9346.7136,25.268778,21.656734,13.345041,17.122394,-76.601736,108.352566,-6.953283,True
261,2,644,r,10,1,37,2545.967,4338.442239999999,13.654581,13.409442,-2.59968,-190.065371,-72.312934,114.451305,-94.720774,False
261,2,669,l,7,3,33,334.20047,15019.4599,22.735584,-19.761261,-11.475021,103.059113,-66.882375,-67.160116,-107.205721,True
261,2,683,r,4,3,67,1071.7535,11900.76422,17.423771,17.069801,3.547438,100.611882,-79.351725,58.154141,-67.069808,True
261,2,690,l,7,2,46,1931.4984,4938.463025,12.451526,-11.031497,-5.810776,12.09852,-75.908596,-54.177136,-104.722015,True
261,2,709,r,4,2,59,720.82684,12305.1237,21.812386,19.118448,10.703198,98.902286,-74.13002,66.242433,-35.90217,True
261,2,728,l,7,1,27,995.1164,9195.1308,20.79908,-19.974557,-5.920428,72.689524,-70.500372,-78.985277,-94.477916,True
261,2,732,r,5,2,5,2823.7646,5139.8207,14.272169,13.545435,4.538877,-207.84929,-73.309321,119.940664,-32.657051,False
261,2,745,r,4,3,67,347.18863,15296.6737,18.166829,17.178713,6.000994,139.737294,-69.621614,46.452907,-53.088144,True
261,2,752,r,10,1,37,2947.8362,6182.91696,18.027706,17.518591,-4.322412,-18.124105,-71.707565,97.261083,-96.129447,True
261,2,769,r,4,3,67,353.49365,16784.074,18.285817,18.277605,0.557556,119.238106,-63.483267,56.400063,-61.733206,True
261,2,802,l,1,2,29,1833.3406,8568.58782,21.883495,-20.898026,6.643523,-0.375714,-68.344928,-110.872239,-32.142231,True
261,2,811,r,10,1,37,1329.369,10932.37104,13.021863,12.88499,-1.899203,-123.351538,-81.452361,94.55618,-95.512937,False
261,2,832,r,5,2,5,3355.4158,5137.52822,17.761831,16.481928,6.714177,-125.277144,-70.48156,122.868233,-19.498604,True
261,2,855,l,7,2,46,3329.6907,4078.8525626,6.239457,-6.174658,-0.898639,-272.294019,-70.872173,-60.833047,-79.743504,False
261,2,892,l,7,2,46,3264.2612,3514.10799,7.064742,-7.022327,-0.774927,-120.871381,-79.688307,-50.611194,-85.287692,True
261,2,900,r,5,3,18,616.03644,14170.1157,30.271164,30.097611,3.400128,97.947446,-72.098936,111.318273,-58.910287,True
261,2,902,l,2,1,17,2527.1157,5895.7796100000005,10.465415,-8.574048,6.023459,-209.682428,-75.043007,-75.338372,-21.721492,False
261,2,904,l,7,2,46,394.32153,15523.4328,23.150622,-22.916098,-3.379256,160.908312,-75.815268,-54.573211,-84.090977,True
261,2,917,r,5,3,18,1726.2126,7390.61892,15.85676,15.233359,4.455531,-95.245875,-78.495183,104.909885,-47.383352,False
261,2,920,r,4,1,63,2677.8406,5716.99806,7.185772,5.336068,4.81964,-206.849841,-70.656484,46.406844,-28.58098,False
261,2,932,r,4,4,54,393.99963,15225.7018,25.065018,23.193708,9.777349,120.31617,-76.156816,72.704528,-44.34536,True
261,2,949,r,4,4,54,2977.5813,4300.63752,8.196798,7.198676,3.930387,-241.198539,-77.256471,67.093515,-40.469977,False
261,2,982,l,2,4,4,331.3797,18656.3745,19.863218,-19.204462,5.171635,127.927824,-63.449585,-56.453655,-47.916346,True
261,2,988,r,4,1,63,3193.3066,5232.10861,7.917502,5.222896,5.958747,-207.409496,-71.57126,45.468233,-19.437022,False
261,2,989,l,2,2,10,3325.316,5538.35795,7.840901,-4.914422,6.117194,-219.579203,-77.229364,-43.815564,-22.414874,False
261,2,1038,l,7,2,46,1551.499,7406.44911,9.445648,-9.289789,-1.716381,-40.83361,-75.685302,-54.11554,-85.730636,False
261,2,1076,l,2,2,10,2548.1956,5701.65488,8.502119,-6.545725,5.437678,-207.747514,-77.212667,-57.113586,-29.520516,False
261,2,1093,l,1,4,48,395.10266,21189.2711,35.622131,-35.502151,-3.134405,50.072414,-72.609492,-171.152275,-88.748312,False
261,2,1122,l,2,2,10,1991.1865,6205.44048,9.895204,-8.057309,5.763177,-104.128025,-77.761312,-55.793145,-37.586551,False
261,2,1141,l,2,4,4,3345.2349,4391.36365,8.071023,-7.311389,3.42766,-141.820299,-74.486808,-55.404706,-48.41073,True
261,2,1177,l,1,3,41,1248.8147,13660.83354,29.571127,-29.36272,3.672084,40.066321,-69.398786,-140.616215,-50.994198,True
261,2,1213,l,7,2,46,3304.5188,4058.82898,6.499313,-6.4239,-0.989285,-80.698694,-77.887233,-41.737106,-84.328898,True
261,2,1229,r,4,1,63,3229.339,4680.19287,6.444867,4.499926,4.618536,-190.333812,-66.196296,37.802464,-27.273163,False
261,2,1273,r,4,3,67,1169.4121,8632.30524,8.891161,8.528211,2.52378,-80.134813,-75.97302,55.503349,-59.476261,False
261,2,1297,l,7,2,46,735.53687,10832.543,12.744974,-12.088008,-4.069514,30.408113,-76.250889,-55.594853,-95.138634,False
261,2,1320,r,10,2,31,1885.0724,7907.101000000001,20.096515,19.509968,-4.916615,-44.974522,-73.773666,118.686286,-104.344226,True
261,2,1323,l,2,1,17,2863.3306,5885.19566,10.940144,-9.376529,5.661652,-217.689031,-74.250008,-83.83372,-23.237489,False
261,2,1359,l,6,1,57,1630.2024,7174.30734,25.619067,-25.047,-5.566412,6.571772,-65.821702,-132.447915,-96.311584,True
261,2,1392,l,2,1,17,2340.357,5713.55101,11.303934,-10.145765,5.010534,-186.462801,-79.069199,-85.263659,-36.63224,False
261,2,1397,l,3,3,23,2893.3955,4910.58776,4.586999,-2.938694,3.523567,-193.268445,-70.009713,-24.808542,-40.213037,False
261,2,1476,l,6,1,57,2309.024,4736.16321,16.278272,-16.101849,-2.422379,-198.629205,-76.118449,-141.052652,-97.633298,False
261,2,1482,l,6,1,57,2527.3787,3273.78166,16.194163,-16.055198,-2.14538,-207.785335,-73.336294,-143.256778,-92.740922,False
261,2,1483,r,10,2,31,1450.7526,7623.82874,28.908137,28.629241,-4.187046,69.128388,-71.77145,120.569382,-90.193326,True
261,2,1489,l,1,1,35,634.76776,18374.3285,35.732924,-34.915179,8.135428,85.790945,-69.420158,-142.538651,-33.820057,True
261,2,1556,l,2,3,24,2279.4138,6449.94822,14.189293,-13.223397,5.192149,-52.08777,-77.55202,-80.383356,-45.620206,True
261,2,1557,r,10,2,31,1280.6042,9930.3113,28.59271,28.532448,-1.938674,43.546319,-82.409914,133.994203,-91.905424,True
261,2,1612,r,7,4,39,405.57678,4510.27103,12.254154,11.679944,3.733206,-50.636351,-83.049844,70.418057,-60.353678,False
261,2,1648,l,2,2,10,250.78777,19824.6961,19.759126,-15.456441,12.46272,105.172832,-74.827798,-51.105821,-32.445943,True
261,2,1673,l,7,1,27,448.81076,15444.5825,25.321412,-25.063213,-3.72936,129.599601,-68.095571,-75.01149,-79.637519,True
261,2,1697,r,4,3,67,2401.856,5249.5117,6.957298,6.076551,3.394521,-100.329301,-73.560509,41.552605,-50.277315,False
261,2,1729,r,4,3,67,3546.5596,3547.82461,5.165328,4.691134,2.164337,-212.745028,-78.775287,41.254842,-59.711293,False
261,2,1785,l,2,2,10,1907.8625,6795.88391,9.639672,-7.464024,6.117494,-155.17588,-78.605604,-58.32417,-30.4848,False
261,2,1790,r,4,1,63,614.493,14497.1446,20.642658,14.448146,14.90368,103.756057,-71.943699,47.986173,-20.75635,True
261,2,1793,r,4,2,59,746.5167,14334.19714,25.499372,23.653261,9.81247,108.406969,-74.484143,79.537151,-40.196368,True
261,2,1798,r,4,2,59,1273.9697,10364.5147,12.344437,9.433106,7.998845,-91.779749,-79.739426,63.429892,-25.356237,False
261,2,1808,r,10,2,31,3529.2993,3679.50805,21.927601,21.762063,-2.757076,-52.739525,-80.022068,136.822859,-97.794034,True
261,2,1810,l,1,3,41,1137.9236,11502.8662,27.569347,-26.870101,6.413222,43.345003,-80.695063,-124.97342,-49.615031,True
261,2,1838,r,4,1,63,1739.3363,8207.03648,17.15005,11.454071,12.850745,56.298352,-68.476303,47.352077,-14.079528,True
261,2,1852,l,2,1,17,388.5517,19164.4636,24.767544,-20.16783,14.687122,97.648478,-79.98316,-70.648984,-26.273794,True
261,2,1853,r,10,1,37,4155.8315,2549.133,13.573969,13.485806,-1.559078,-146.352943,-78.863215,104.64475,-91.076512,True
261,2,1858,r,4,1,63,2464.593,4952.90635,7.491303,6.378973,3.93604,-171.447192,-71.000788,51.588124,-39.053059,False
261,0,29,l,2,4,4,1413.0684,7752.151970000001,6.139961,-5.539631,2.652084,-207.59818,-75.449295,-48.260651,-52.292053,False
261,0,67,r,4,3,67,3251.004,4461.2104500000005,6.899796,6.31507,2.785414,-227.349171,-69.516007,57.253614,-44.191766,False
261,0,87,l,2,2,10,1573.5029,7151.71142,10.043438,-7.568287,6.621724,-191.639277,-69.305439,-63.993091,-12.90145,False
261,0,108,r,4,3,67,1300.275,7772.85985,11.569761,10.284382,5.32885,85.412732,-71.229109,37.122203,-51.834617,True
261,0,119,r,4,2,59,2415.3481,5492.46954,16.893217,14.484508,8.78833,-3.691491,-72.831406,75.86907,-25.936265,True
261,0,133,l,2,3,24,2044.1334,6533.94406,6.730311,-6.543345,1.578789,-291.461148,-67.172484,-66.69476,-51.041145,False
261,0,135,r,4,3,67,2655.7258,4549.49739,9.059933,8.788173,2.211066,-73.52846,-68.845119,56.200344,-54.642715,True
261,0,146,l,8,3,7,2745.0627,3804.77417,3.860764,-3.490408,-1.651038,-109.226915,-76.744389,-24.350678,-88.273101,True
261,0,147,l,7,2,46,360.17493,15279.3124,24.642189,-23.209021,-8.520529,150.332919,-79.600827,-59.887419,-102.367835,True
261,0,198,r,5,2,5,1738.2069,9075.61725,14.523695,13.456407,5.515854,-221.116575,-69.920109,122.297014,-19.16918,False
261,0,200,r,10,1,37,1335.4294,10466.07169,26.70322,26.334972,-4.586326,77.028234,-78.15644,105.418996,-97.218976,True
261,0,205,r,4,2,59,1232.4698,9173.25624,13.502631,12.375669,5.443005,-84.261073,-74.207566,82.120034,-37.697666,False
261,0,218,r,5,3,18,1757.1906,10331.01126,22.418337,21.836307,5.204067,19.652525,-73.987424,108.330048,-47.461287,True
261,0,264,l,1,3,41,442.4658,18780.2447,32.999058,-32.536668,5.83492,82.614203,-68.98717,-132.305989,-43.848382,True
261,0,270,r,10,1,37,1910.2666,6633.88059,22.670287,21.583094,-7.108247,26.254042,-70.29901,104.334403,-105.668807,True
261,0,312,r,4,1,63,2227.7888,5799.7318000000005,12.285401,9.857153,7.369195,-32.634171,-77.712495,56.060087,-35.360795,True
261,0,339,r,4,2,59,2080.001,7411.43033,18.176909,15.361396,9.836752,-7.751694,-75.176155,81.798687,-21.63603,True
261,0,340,l,7,1,27,2562.5684,3561.92677,10.870866,-10.150896,-3.910941,-121.510622,-69.580973,-73.678413,-98.161265,False
261,0,422,l,1,4,48,1432.3137,9553.92124,23.957328,-23.161413,6.300008,24.964022,-69.624637,-113.383344,-37.799244,True
261,0,483,r,5,1,12,1670.4847,8871.93523,16.818799,14.609834,8.424479,-112.8404,-72.971858,105.0059,-11.31611,False
261,0,505,r,4,4,54,381.03558,15841.3961,21.289948,19.980395,7.506748,122.088498,-78.226529,61.049732,-54.68337,True
261,0,537,l,7,2,46,3593.143,3053.93384,6.77951,-6.381496,-2.293476,-165.840837,-76.422709,-50.981683,-94.793002,True
261,0,545,r,4,2,59,3036.408,4572.95802,7.413611,6.316017,3.889848,-287.19235,-74.509903,63.885958,-35.02395,False
261,0,567,r,3,4,3,2808.414,5560.19314,4.823124,2.317775,4.230865,-281.473461,-78.128176,23.130319,-35.817655,False
261,0,593,l,6,1,57,2275.644,5248.3647,21.458134,-21.108509,-3.948996,-44.970348,-72.036345,-129.311456,-96.823334,True
261,0,642,r,5,2,5,2347.1377,6555.21761,24.187084,22.091024,10.105604,-54.310055,-80.136784,139.746983,-13.909141,True
261,0,685,r,4,2,59,1891.3986,7324.8794,9.813585,8.595807,4.752722,-254.908658,-77.364165,82.368894,-31.545011,False
261,0,701,r,5,2,5,1445.0626,10232.7408,28.876193,26.565051,11.756173,47.25,-75.276919,121.375,-18.794557,True
261,0,732,r,4,2,59,2045.2152,7347.14679,8.913566,7.837583,4.258787,-241.907315,-68.465069,73.21772,-28.482,False
261,0,749,l,2,3,24,2092.339,6986.2226,11.101054,-10.263453,4.253105,-178.928677,-75.447553,-84.909825,-40.007499,False
261,0,780,l,7,2,46,3556.1536,2325.48056,7.038671,-5.350625,-4.579818,-199.232323,-63.562719,-45.820739,-102.923487,False
261,0,835,l,1,3,41,2133.554,6356.1674,16.278895,-15.651938,4.531313,-188.011944,-75.148589,-133.930539,-35.806496,False
261,0,942,l,2,2,10,325.81064,18251.7553,20.772134,-18.055431,10.4464,149.606973,-59.550046,-45.76667,-32.324919,True
261,0,944,r,10,1,37,3040.7607,4747.96803,20.060961,19.748982,-3.596725,-32.734995,-68.619185,115.867228,-90.173192,True
261,0,989,r,4,1,63,3155.6511,4760.3856,9.906428,7.137628,6.887485,-116.821516,-69.604194,50.943642,-20.079754,True
261,0,1026,r,4,3,67,1441.1155,7284.75798,6.620352,6.269057,2.132169,-67.354148,-70.660203,39.25693,-57.27567,False
261,0,1045,l,2,2,10,2629.9731,5589.02705,8.791774,-7.551409,4.515501,-185.700642,-71.150885,-63.061452,-33.254269,False
261,0,1047,r,5,3,18,665.17456,13581.4615,26.916517,24.963103,10.406621,77.757665,-81.411665,98.803875,-38.415878,True
261,0,1160,r,10,2,31,998.59644,10296.57783,16.47992,16.175951,-3.193565,-130.685849,-81.062972,122.02908,-105.503135,False
261,0,1204,l,7,2,46,271.26968,15730.9464,16.324912,-15.23151,-5.944823,76.802607,-70.654812,-58.050372,-93.663442,True
261,0,1256,l,2,1,17,536.78485,16627.1206,24.297551,-19.877984,14.265375,110.068088,-74.721342,-65.056253,-26.074629,True
261,0,1258,l,2,2,10,2241.3406,5858.21513,12.591393,-9.082721,8.757389,-8.186514,-67.78004,-47.669512,-21.262114,True
261,0,1286,r,4,2,59,2081.6426,7785.20356,17.261549,13.937923,10.285668,-1.319633,-71.630548,72.29898,-17.16032,True
261,0,1295,r,5,1,12,443.288,17219.7581,32.834323,31.688463,9.085151,108.170171,-67.735872,112.249821,-33.565566,True
261,0,1345,r,5,1,12,1922.494,7608.93286,22.791668,18.928718,12.935068,-7.470432,-80.13738,102.013497,-7.910066,True
261,0,1380,r,5,3,18,2228.1082,6047.20353,11.306893,10.842146,3.227754,-238.436919,-77.726347,101.207643,-47.383711,False
261,0,1392,l,2,1,17,2051.6362,6852.2664,14.555202,-12.977831,6.647464,-82.31871,-76.258017,-85.804822,-31.729289,False
261,0,1436,r,10,1,37,2713.6335,5454.90593,20.11256,19.568337,-4.740934,9.665466,-72.961826,99.648107,-97.636295,True
261,0,1447,r,4,1,63,2449.376,5354.44713,7.981453,5.642765,5.653872,-166.573883,-71.563055,45.111548,-26.142037,False
261,0,1459,r,4,1,63,325.96942,16708.4203,15.635945,13.533054,7.906166,125.04003,-64.78265,39.704048,-41.22026,True
261,0,1481,r,4,4,54,573.33746,15196.0138,22.781319,22.188699,5.297954,129.524943,-67.110776,65.451736,-51.039584,True
261,0,1536,r,5,3,18,706.86066,14332.27,28.399969,26.779697,9.826234,93.436249,-77.69657,99.204085,-39.561235,True
261,0,1680,l,1,2,29,3419.6028,4957.0627700000005,17.004613,-15.563227,6.937842,-111.944843,-67.562669,-111.946984,-16.791078,True
261,0,1684,l,7,1,27,1749.7441,6018.69389,18.57827,-17.798179,-5.415433,33.784936,-70.165505,-82.252674,-95.675523,True
261,0,1710,r,5,2,5,2853.0693,4785.65757,16.349868,15.660081,4.758893,-212.785885,-70.41979,140.948834,-26.949304,False
261,0,1715,r,8,4,14,3356.1555,3215.1111,4.666815,3.919721,-2.534754,-57.780038,-79.870077,23.829528,-95.301941,True
261,0,1751,r,10,1,37,4325.248,2957.79687,14.012279,13.553406,-3.590342,-183.565699,-69.856036,114.160025,-100.421307,True
261,0,1814,r,4,2,59,1842.7969,7098.90279,9.69533,8.60144,4.490706,-234.486498,-73.176606,79.334604,-31.51565,False
261,0,1833,l,3,3,23,2286.128,6831.20535,6.696235,-5.00274,4.456757,-5.416638,-61.002597,-25.859843,-37.889083,True
261,0,1839,l,2,1,17,1908.1633,9801.67813,17.983048,-16.281811,7.740553,47.732696,-65.59743,-70.760437,-31.291103,True
261,0,1900,r,5,2,5,2173.8562,8573.88859,23.432758,21.435546,9.69789,-42.509697,-78.951044,130.547154,-17.904057,True
261,0,1952,r,4,1,63,1165.9807,9362.8268,15.151217,12.8352,8.119419,96.586985,-67.303613,44.067335,-39.002831,True
261,0,1978,l,2,2,10,584.6942,15657.4654,19.725289,-11.589466,16.072414,74.413768,-81.056712,-44.212192,-17.650663,True
261,0,1991,l,2,4,4,1217.5604,10213.1096,12.312437,-11.874399,3.278587,86.221671,-67.954691,-42.847741,-56.026054,True
261,0,1996,l,2,1,17,2177.3708,6801.7386400000005,11.529703,-10.462391,4.872059,-133.107811,-64.754331,-78.131164,-28.079291,False
261,0,2018,r,4,3,67,1888.4465,9219.94093,13.009835,12.160179,4.659722,62.362885,-67.537652,49.051305,-48.557712,True
261,0,2042,l,3,3,23,2718.9033,5516.38987,7.176774,-5.467848,4.655597,14.762733,-64.334953,-26.346461,-41.818607,True
261,0,2052,l,2,2,10,983.57355,11310.5134,16.130784,-13.25168,9.281125,33.93383,-77.958992,-60.303504,-34.968431,True
261,0,2114,l,1,2,29,2196.2104,6530.14742,20.723436,-19.497202,7.163675,-38.201558,-72.693288,-116.204227,-28.933911,True
261,0,2131,r,5,2,5,2143.3496,5209.54056,14.692098,13.8567,4.932137,-205.988747,-68.273024,122.347091,-24.188579,False
261,0,2136,l,1,4,48,1839.647,8076.141939999999,13.005009,-12.425351,3.869948,-204.137266,-75.809337,-108.872352,-41.581087,False
261,0,2155,r,4,3,67,367.24976,16384.8083,18.698443,18.571393,2.215461,128.63951,-67.251425,54.214129,-60.666056,True
261,0,2186,r,4,1,63,474.9902,15895.2499,22.118601,17.314964,13.979765,112.128255,-72.98646,55.451845,-26.602808,True
261,0,2194,l,2,4,4,2591.5256,5284.50496,5.730381,-5.453546,1.76224,-201.346784,-77.622713,-46.90928,-62.436911,False
261,0,2197,r,4,3,67,1663.7218,7005.27218,7.835343,7.455195,2.417787,-56.194422,-77.694462,45.301974,-62.952331,False
261,0,2200,l,2,2,10,3005.8262,4879.05103,8.164089,-6.810895,4.512216,-248.174915,-72.260813,-64.277264,-29.488222,False
261,0,2211,r,10,2,31,1500.6395,7664.011930000001,28.735994,28.344403,-4.937079,42.42552,-75.789908,133.552715,-100.08918,True
261,0,2269,l,1,4,48,612.33923,15758.6635,30.131617,-29.200574,7.783672,90.449914,-68.003971,-111.527397,-36.755841,True
261,0,2297,l,2,2,10,617.3562,15331.1783,18.343223,-15.735044,9.549376,113.535612,-56.553383,-49.718381,-25.711242,True
261,0,2316,l,2,2,10,333.6878,19079.3927,24.623933,-18.434949,16.617426,112.875,-73.915011,-59.041667,-18.193656,True
261,0,2323,r,5,3,18,979.79785,10851.8245,28.005101,26.693221,8.80071,72.176159,-76.00988,109.521691,-38.263352,True
261,0,2347,l,1,2,29,1700.3157,11182.64563,25.395545,-22.897191,11.293007,24.412197,-77.497575,-112.173339,-19.925153,True
261,0,2350,l,1,2,29,1920.654,8005.69671,13.695355,-12.842754,4.79722,-183.730122,-71.614065,-108.000646,-30.836893,False
261,0,2351,r,10,2,31,4319.507,2710.95154,16.782487,16.552557,-2.808088,-188.136801,-74.261159,142.107777,-98.727526,True
261,0,2352,r,4,1,63,2673.7644,5697.61731,8.735692,5.648229,6.674906,-226.117532,-75.32013,51.044423,-14.624721,False
261,0,2384,l,2,4,4,538.78485,14429.2575,19.42607,-19.025582,3.998966,153.581865,-69.630847,-47.040672,-59.542967,True
261,0,2388,l,1,4,48,408.06662,18826.8457,32.275604,-32.040186,4.116555,104.34036,-75.483161,-116.194162,-59.719866,True
261,0,2403,r,4,4,54,3182.9133,4620.21456,8.148779,7.618768,2.89941,-213.30615,-71.104221,67.323187,-45.385991,False
261,0,2452,r,4,3,67,1673.7164,7291.3422,7.439695,6.645313,3.352512,-191.875753,-69.881211,56.14116,-41.462369,False
261,0,2481,r,4,4,54,2365.3386,4717.64034,11.676618,11.620527,1.151071,-31.492265,-72.506393,66.112927,-65.911577,True
261,0,2526,r,5,2,5,789.2603,12881.859,32.196183,30.395301,11.165501,78.513237,-78.170895,124.055233,-29.776089,True
261,0,2556,r,4,4,54,1577.7844,8586.13437,10.56123,10.312147,2.292613,-92.121075,-75.248653,69.526861,-59.699263,False
261,0,2566,r,4,3,67,3579.2273,3712.4746,6.098888,5.770497,1.977631,-154.791764,-76.661007,44.948917,-61.224174,True
261,0,2596,r,4,1,63,3749.2837,3569.08009,7.665241,4.576766,6.15547,-184.232141,-65.860649,37.962269,-14.55183,True
261,0,2610,l,1,3,41,447.45465,18874.87537,30.673158,-29.857976,7.373016,69.001371,-82.531117,-126.864251,-49.557372,True
261,0,2628,l,2,3,24,1036.2793,10458.03135,20.362452,-19.793084,4.880456,101.429199,-74.360531,-67.863956,-57.248134,True
261,0,2681,l,7,3,33,584.5522,12595.759,25.568006,-23.195502,-11.066748,121.323452,-75.248894,-72.279186,-111.14161,True
261,0,2690,l,1,2,29,2881.2786,5375.78457,13.218135,-12.643729,3.886029,-223.734355,-68.463459,-115.244984,-32.699132,False
261,0,2749,r,4,1,63,791.8443,13113.5591,10.21341,8.316507,5.949672,-27.181403,-61.804962,46.365091,-28.398216,False
261,0,2781,l,2,3,24,1214.4148,8721.08416,18.008267,-17.164266,5.532392,64.349025,-73.245548,-69.696456,-50.370266,True
261,0,2782,r,4,2,59,2250.04,5471.16008,12.731431,11.536571,5.421754,-97.33976,-74.390228,79.062667,-36.86943,False
261,0,2789,r,10,1,37,3446.8254,3652.16537,16.479065,16.042281,-3.819442,-56.619212,-76.175084,99.668338,-100.253297,True
261,0,2810,r,4,3,67,3334.232,4424.11286,7.034187,6.720125,2.083178,-43.03542,-72.501138,39.241264,-60.303391,True
261,0,2873,r,10,1,37,553.0111,13843.3973,29.979166,29.762168,-3.77775,125.472275,-74.590745,94.081703,-87.105235,True
261,0,2883,r,4,1,63,3539.8418,3372.68615,7.001912,6.030125,3.565298,-284.14652,-73.158205,60.650458,-37.186032,False
261,0,2910,r,10,1,37,1512.9625,11295.8742,22.660195,22.546332,2.330367,17.574041,-77.173507,113.100706,-65.16967,True
261,0,2916,l,1,3,41,873.6286,12595.5743,19.818964,-19.160405,5.164545,-125.766889,-76.226475,-144.46326,-36.444323,False
261,0,2948,r,4,1,63,2989.963,4402.21788,7.737746,6.557842,4.116005,-197.581554,-71.293676,56.051579,-35.975411,False
261,0,2952,r,4,3,67,431.70816,15288.2789,17.567036,15.012745,9.229297,133.846891,-73.66499,41.87833,-47.395119,True
261,0,2999,l,7,1,27,1400.7852,6616.68245,11.086867,-10.783816,-2.589852,-63.465891,-78.639109,-67.323756,-94.914589,False
261,0,3034,r,5,3,18,990.5408,10939.4413,26.264785,26.15725,2.462631,76.092435,-65.076904,105.057396,-54.82762,True
