event,candidate_id,candidate_source,cand_x,cand_y,cand_z,line1,line2,line1_n_header,line2_n_header,line1_n_points,line2_n_points,pair_closest_approach_mm,pair_nearly_parallel,pair_angle_deg,current_hough_score_like,nonparallel_score,candidate_score,truth_x,truth_y,truth_z,dx_candidate_minus_truth,dy_candidate_minus_truth,dz_candidate_minus_truth,dist_candidate_minus_truth,line_stage,bmeleton_intersection_score,bmeleton_intersection_id,refit_shift_from_original_candidate_mm,line1_refit_valid,line2_refit_valid,line1_refit_reason,line2_refit_reason,line1_support_n,line2_support_n,line1_support_n_after_side,line2_support_n_after_side,line1_support_n_after_tube,line2_support_n_after_tube,line1_support_n_after_veto,line2_support_n_after_veto,line1_resid_median_mm,line2_resid_median_mm,line1_resid_rms_mm,line2_resid_rms_mm,line1_angle_change_deg,line2_angle_change_deg,line1_far_endpoint,line2_far_endpoint,parent_candidate_id,parent_pair_closest_approach_mm,bmeleton_final_vertex_id,bmeleton_final_vertex_radius,bmeleton_final_n_vertex_lines,bmeleton_final_candidate_score,truth_rank,is_best_truth
5,0,bmeleton_merged_intersection,4.185002024519603,-67.93299116168308,121.86586628695764,0,1,94,18,94,18,0.3317957768486522,False,19.94513795549331,0.059980317783038806,0.059980317783038806,0.11568457197713079,,,,,,,,bmeleton_merged,0.05998031778303892,1.0,,,,,,,,,,,,,,,,,,,,,,,,,,,,,False
5,1,bmeleton_merged_pivot_refit_both,4.849892447823698,-67.69792228471832,124.91024689637787,0,1,94,18,94,18,0.24508523740493512,False,160.2272999935726,1.9410420622187456,0.058957937781254355,2.291331265422261,,,,,,,,bmeleton_merged,,,3.124994391504225,True,True,ok,ok,63.0,18.0,63.0,18.0,63.0,18.0,63.0,18.0,0.9204250226190245,0.4419037018310057,1.108026094131815,0.6683151734458637,0.3664510499581141,0.20379111201294567,start,end,0.0,0.3317957768486522,,,,,,False
5,2,bmeleton_final_refit_vertex,4.162014815444765,-67.66697351176711,121.99569612844054,0,2,24,18,24,18,0.18846160750377522,False,22.412046721607,0.07553410875812305,0.07553410875812305,0.07564607236427774,,,,,,,,bmeleton_final_refit,,,,,,,,,,,,,,,,,,,,,,,,,,1.0,12.829942810373621,2.0,0.07564607236427774,,False
25,0,bmeleton_merged_intersection,-6.359016360876897,-69.4413218823363,82.36467406467605,1,2,20,37,20,37,0.09187782965872575,False,42.98245970940071,0.2684375485259636,0.2684375485259636,0.3585264142087483,,,,,,,,bmeleton_merged,0.26843754852596347,2.0,,,,,,,,,,,,,,,,,,,,,,,,,,,,,False
25,1,bmeleton_merged_intersection,-7.494589002939472,-69.90889753615185,84.34826092757012,1,0,20,96,20,96,0.18933828000404002,False,32.135484395643964,0.15320734657872437,0.15320734657872437,0.32341356515541686,,,,,,,,bmeleton_merged,0.15320734657872437,1.0,,,,,,,,,,,,,,,,,,,,,,,,,,,,,False
25,2,bmeleton_merged_intersection,-7.487709603542194,-69.89316607094766,76.65467737112417,0,2,96,37,96,37,0.5968188416199918,False,11.147258370475528,0.018866464630318047,0.018866464630318047,0.05022567280571128,,,,,,,,bmeleton_merged,0.018866464630318158,3.0,,,,,,,,,,,,,,,,,,,,,,,,,,,,,False
25,3,bmeleton_merged_pivot_refit_both,-6.518566289062903,-69.44310522205868,82.67393430586738,1,2,20,37,20,37,0.28587548811666647,False,43.22925427169616,0.2713809859451346,0.2713809859451346,0.24269343248170064,,,,,,,,bmeleton_merged,,,0.34799605840647335,True,True,ok,ok,19.0,36.0,19.0,36.0,19.0,36.0,19.0,36.0,0.46601118976087225,1.0193831130181692,0.594631143718755,1.5488774124432585,0.03693659294553489,0.30759281728215815,end,end,0.0,0.09187782965872575,,,,,,False
25,4,bmeleton_merged_pivot_refit_both,-6.952776699288199,-69.89068972304835,83.55193201979503,1,0,20,96,20,96,0.3402837702754987,False,147.43908239464474,1.842819705413235,0.1571802945867652,2.1356456498066114,,,,,,,,bmeleton_merged,,,0.9633440850517438,True,True,ok,ok,19.0,81.0,19.0,81.0,19.0,81.0,19.0,81.0,0.46601118976087225,1.7977542198089462,0.594631143718755,2.0516132245702092,0.016640780532964562,0.46267230999462117,end,start,1.0,0.18933828000404002,,,,,,False
25,5,bmeleton_merged_pivot_refit_both,-6.648517402482583,-69.72620080263562,80.91890376698042,0,2,96,37,96,37,0.5854928587467562,False,169.51526317551026,1.9833034188826635,0.016696581117336406,2.544341547243819,,,,,,,,bmeleton_merged,,,4.349223805032228,True,True,ok,ok,72.0,37.0,72.0,37.0,72.0,37.0,72.0,37.0,1.850594370222383,1.1757679338286067,2.0369629430936986,1.5706810858454172,0.6991720511856218,0.3069605495719368,start,end,2.0,0.5968188416199918,,,,,,False
25,6,bmeleton_final_refit_vertex,-6.343818963894483,-69.46641202956863,82.40691951602247,2,1,37,19,37,19,0.1467136076756031,False,42.99779779552704,0.2686200858238249,0.2686200858238249,0.34596021026684953,,,,,,,,bmeleton_final_refit,,,,,,,,,,,,,,,,,,,,,,,,,,1.0,3.3955571673566074,2.0,0.34596021026684953,,False
26,0,bmeleton_merged_intersection,-6.896609099325831,-67.98655647735603,62.88207782437832,0,1,91,37,91,37,0.08805481871682538,False,5.970909797064219,0.005425161644949883,0.005425161644949883,0.015467583450879166,,,,,,,,bmeleton_merged,0.005425161644949994,1.0,,,,,,,,,,,,,,,,,,,,,,,,,,,,,False
26,1,bmeleton_merged_pivot_refit_both,-7.367610266064653,-68.16683888959939,58.29322306977795,0,1,91,37,91,37,0.15446289070582384,False,5.403194651719928,0.00444328415964812,0.00444328415964812,0.0032344897891459453,,,,,,,,bmeleton_merged,,,4.616484788889923,True,True,ok,ok,39.0,14.0,43.0,31.0,43.0,14.0,39.0,14.0,1.0574875079525996,1.0664199590774892,1.214020975120443,1.2260847401497639,0.6178040307027921,0.0586025324785121,end,end,0.0,0.08805481871682538,,,,,,False
26,2,bmeleton_final_refit_vertex,-7.777931516711332,-66.98498523209989,92.6319843787746,1,3,44,32,44,32,0.9943361331228419,False,26.62111354463021,0.10601082348046298,0.10601082348046298,0.16590155310679286,,,,,,,,bmeleton_final_refit,,,,,,,,,,,,,,,,,,,,,,,,,,1.0,5.0,2.0,0.16590155310679286,,False
29,0,bmeleton_merged_intersection,3.0424353336207357,-75.20670133306166,116.86719096067615,1,0,18,150,18,150,1.3601547185268017,False,12.257905485645152,0.02279817842565257,0.02279817842565257,0.04656443722771265,,,,,,,,bmeleton_merged,0.02279817842565257,1.0,,,,,,,,,,,,,,,,,,,,,,,,,,,,,False
29,1,bmeleton_merged_pivot_refit_both,3.0513081246410776,-74.92733148210756,115.85892167687237,1,0,18,150,18,150,1.0989953149495146,False,167.6365640141155,1.9768091154684133,0.023190884531586686,2.1011563394952284,,,,,,,,bmeleton_merged,,,1.0462949816876699,True,True,ok,ok,18.0,118.0,18.0,118.0,18.0,118.0,18.0,118.0,1.272642091627303,1.5995575308299275,1.6918778183437562,1.897152955284009,1.1330499461906156,0.24686070488561798,end,start,0.0,1.3601547185268017,,,,,,False
29,2,bmeleton_final_refit_vertex,2.7087393112868927,-76.28261498179887,120.25318476053889,1,2,19,18,19,18,2.0464552272497176,False,36.72740053543764,0.19851024944100348,0.19851024944100348,0.1302462715566638,,,,,,,,bmeleton_final_refit,,,,,,,,,,,,,,,,,,,,,,,,,,1.0,12.823735054883818,2.0,0.1302462715566638,,False
30,0,bmeleton_merged_intersection,-5.559895679954594,-71.97374789836059,124.57269591586777,1,0,16,106,16,106,0.1972305964350317,False,33.64827665553476,0.16754533520075643,0.16754533520075643,0.33190461170953384,,,,,,,,bmeleton_merged,0.16754533520075654,1.0,,,,,,,,,,,,,,,,,,,,,,,,,,,,,False
30,1,bmeleton_merged_pivot_refit_both,-6.0024412039753035,-71.87522665301844,123.84720010987516,1,0,16,106,16,106,0.1264604772099372,False,146.1461901995749,1.830461653297652,0.16953834670234802,2.36124771765156,,,,,,,,bmeleton_merged,,,0.855509872022173,True,True,ok,ok,16.0,82.0,16.0,82.0,16.0,82.0,16.0,82.0,0.31421744229361087,1.123217180692004,0.7009252902780785,1.3836789411188561,0.06413729972876972,0.22930129391856865,end,start,0.0,0.1972305964350317,,,,,,False
30,2,bmeleton_final_refit_vertex,-5.201317280354732,-72.351059021677,125.30500693748604,0,2,19,16,19,16,0.265949807184096,False,43.80166420506863,0.2782598760983539,0.2782598760983539,0.23033008751814538,,,,,,,,bmeleton_final_refit,,,,,,,,,,,,,,,,,,,,,,,,,,1.0,21.490012366865493,2.0,0.23033008751814538,,False
41,0,bmeleton_merged_intersection,-3.5441050321440835,-75.74075275560372,63.877621524780146,0,1,138,23,138,23,0.23286380915378557,False,3.984593972694221,0.002417229269853438,0.002417229269853438,0.006506117200985947,,,,,,,,bmeleton_merged,0.002417229269853549,1.0,,,,,,,,,,,,,,,,,,,,,,,,,,,,,False
41,1,bmeleton_merged_pivot_refit_both,-3.946463706653039,-74.90206264569169,46.78405265758467,0,1,138,23,138,23,2.127145972446035,False,3.1701471267389647,0.0015302866136638338,0.0015302866136638338,0.0010797310879836783,,,,,,,,bmeleton_merged,,,17.118860657794123,True,True,ok,ok,60.0,21.0,70.0,21.0,61.0,21.0,60.0,21.0,1.854892741769062,0.9490182946166458,2.177463336481788,1.1602652895128227,0.11650573525248806,1.381588927342225,end,end,0.0,0.23286380915378557,,,,,,False
41,2,bmeleton_final_refit_vertex,-6.513794758632777,-76.38536084994342,81.23565949321464,0,2,71,21,71,21,1.8936829936808954,False,14.961754015466536,0.03390162245930328,0.03390162245930328,0.04747314513359115,,,,,,,,bmeleton_final_refit,,,,,,,,,,,,,,,,,,,,,,,,,,1.0,5.0,2.0,0.04747314513359115,,False
45,0,bmeleton_merged_intersection,1.5658131838022267,-67.11745225216835,34.472677961348126,0,1,75,189,75,189,0.8541701544580805,False,29.10675556240014,0.12628512528969327,0.12628512528969327,0.32357735244556657,,,,,,,,bmeleton_merged,0.12628512528969327,1.0,,,,,,,,,,,,,,,,,,,,,,,,,,,,,False
45,1,bmeleton_merged_pivot_refit_both,2.663819567167005,-66.70079262204652,40.074480313635604,0,1,75,189,75,189,0.7306224538228177,False,31.053357129462437,0.14331270402936103,0.14331270402936103,0.20675361422598726,,,,,,,,bmeleton_merged,,,5.723583917387478,True,True,ok,ok,50.0,159.0,54.0,175.0,50.0,160.0,50.0,159.0,1.1861394701572763,1.723460274639063,1.8223906337292544,2.269345017001716,1.6646906655817724,0.34873887615522153,end,end,0.0,0.8541701544580805,,,,,,False
45,2,bmeleton_final_refit_vertex,3.578997165664154,-66.5578873273925,41.70501178374195,2,1,177,54,177,54,0.5681145346400154,False,32.81957869775982,0.15961855417254578,0.15961855417254578,0.42999803572520795,,,,,,,,bmeleton_final_refit,,,,,,,,,,,,,,,,,,,,,,,,,,1.0,5.0,2.0,0.42999803572520795,,False
47,0,bmeleton_merged_intersection,-2.568118802466488,-65.02198494483709,124.51817578994203,2,0,40,106,40,106,0.09928552191379197,False,21.629480411820428,0.07041304839707574,0.07041304839707574,0.207126218254933,,,,,,,,bmeleton_merged,0.07041304839707574,2.0,,,,,,,,,,,,,,,,,,,,,,,,,,,,,False
47,1,bmeleton_merged_intersection,-1.513371689925401,-65.46757215017173,92.25930259641814,1,0,93,106,93,106,0.07975104167210721,False,13.530978548893788,0.02775644042049119,0.02775644042049119,0.08196201012448016,,,,,,,,bmeleton_merged,0.02775644042049119,3.0,,,,,,,,,,,,,,,,,,,,,,,,,,,,,False
47,2,bmeleton_merged_intersection,15.552718999547944,-63.953187471215855,174.9679563143731,2,1,40,93,40,93,0.09237466827650213,False,8.098839127920359,0.00997348768115569,0.00997348768115569,0.029377711767615833,,,,,,,,bmeleton_merged,0.00997348768115569,1.0,,,,,,,,,,,,,,,,,,,,,,,,,,,,,False
47,3,bmeleton_merged_pivot_refit_both,-1.6919208457808295,-64.91584904811864,121.11990346408759,2,0,40,106,40,106,0.09799457333652174,False,159.85001862591736,1.938794106877809,0.061205893122190935,2.6641473633031425,,,,,,,,bmeleton_merged,,,3.511017301088185,True,True,ok,ok,30.0,103.0,33.0,103.0,30.0,103.0,30.0,103.0,1.9762644953631785,1.674450417145767,2.339444498177097,2.0948025647163,1.0946025787438092,0.392326646418279,end,start,0.0,0.09928552191379197,,,,,,False
47,4,bmeleton_merged_pivot_refit_both,-1.0773163568955288,-65.33055679180785,96.96371591722769,1,0,93,106,93,106,0.014363724949808566,False,166.62457352771636,1.9728751828564035,0.02712481714359638,3.1615300206659223,,,,,,,,bmeleton_merged,,,4.726565577129097,True,True,ok,ok,87.0,89.0,88.0,90.0,87.0,89.0,87.0,89.0,1.6349229270100651,1.7179560697807368,2.1462883800828143,2.1265594388665425,0.23782927257114464,0.382205363288659,end,start,1.0,0.07975104167210721,,,,,,False
47,5,bmeleton_merged_pivot_refit_both,23.52325986669547,-62.992538076800265,208.98633551988047,2,1,40,93,40,93,0.17005106046215712,False,5.259935503014455,0.004210954440409753,0.004210954440409753,0.0022663172322855496,,,,,,,,bmeleton_merged,,,34.952861009416026,True,True,ok,ok,13.0,28.0,13.0,31.0,13.0,30.0,13.0,28.0,1.1038514878917114,1.291187717902773,1.3561223080231337,1.8108328827658968,2.4352814025982057,0.4523914259622916,start,start,2.0,0.09237466827650213,,,,,,False
47,6,bmeleton_final_refit_vertex,-14.468818876580208,-65.12008316981162,93.25509247967175,3,1,35,3,35,3,0.8726188311105958,False,14.31654856456508,0.03105564897883728,0.03105564897883728,0.013547010083697535,,,,,,,,bmeleton_final_refit,,,,,,,,,,,,,,,,,,,,,,,,,,1.0,5.0,2.0,0.013547010083697535,,False
48,0,bmeleton_merged_intersection,0.12217252811570485,-75.60105495658192,101.74482939813662,1,0,58,141,58,141,0.3075376307842195,False,34.88975781213659,0.17974586049119678,0.17974586049119678,0.5079922357459714,,,,,,,,bmeleton_merged,0.1797458604911969,1.0,,,,,,,,,,,,,,,,,,,,,,,,,,,,,False
48,1,bmeleton_merged_pivot_refit_both,-0.3904951358283275,-75.60858534699784,101.4959938393965,1,0,58,141,58,141,0.24900550023703694,False,145.64097599681827,1.8255173324617306,0.17448266753826924,3.1937440141822164,,,,,,,,bmeleton_merged,,,0.5699157619571081,True,True,ok,ok,56.0,101.0,58.0,101.0,56.0,101.0,56.0,101.0,0.9135963773997562,1.5319841037195554,1.5084056357963835,1.804585223214205,0.23285173093302775,0.3140837124172457,end,start,0.0,0.3075376307842195,,,,,,False
48,2,bmeleton_final_refit_vertex,-0.051266563404451126,-75.66581059177037,101.99662456534179,2,0,58,32,58,32,0.3989835196292829,False,48.58345997492489,0.33847162174925416,0.33847162174925416,0.6752106054893018,,,,,,,,bmeleton_final_refit,,,,,,,,,,,,,,,,,,,,,,,,,,1.0,5.988348876560332,2.0,0.6752106054893018,,False
65,0,bmeleton_merged_intersection,-2.7672031990916857,-73.67319722261175,112.55506173519308,1,0,16,110,16,110,0.46401756623963764,False,8.254822906113931,0.01036069526270722,0.01036069526270722,0.019887177764328103,,,,,,,,bmeleton_merged,0.010360695262707331,1.0,,,,,,,,,,,,,,,,,,,,,,,,,,,,,False
65,1,bmeleton_merged_pivot_refit_both,-2.603452527359629,-72.93298026753754,101.84519674995673,1,0,16,110,16,110,2.0248100563706704,False,6.742821087099723,0.006916823913613923,0.006916823913613923,0.0030212534484450816,,,,,,,,bmeleton_merged,,,10.73666351456837,True,True,ok,ok,15.0,26.0,15.0,38.0,15.0,30.0,15.0,26.0,0.6923429809343596,1.3856139158204297,0.909173434282162,1.934410068722345,2.042227668074557,0.3142320885586617,end,end,0.0,0.46401756623963764,,,,,,False
65,2,bmeleton_final_refit_vertex,-0.4464013668883642,-74.84883301555413,124.5100264216937,1,2,39,15,39,15,2.128436558129127,False,26.279312050996463,0.10335364709229888,0.10335364709229888,0.08766968766116355,,,,,,,,bmeleton_final_refit,,,,,,,,,,,,,,,,,,,,,,,,,,1.0,5.0,2.0,0.08766968766116355,,False
67,0,bmeleton_merged_intersection,-1.7137966533853533,-80.78459834565038,46.675792371461284,0,1,38,69,38,69,1.4537264905660074,False,7.201437722438,0.007888443983479099,0.007888443983479099,0.015647218322970176,,,,,,,,bmeleton_merged,0.00788844398347921,1.0,,,,,,,,,,,,,,,,,,,,,,,,,,,,,False
67,1,bmeleton_merged_pivot_refit_both,-1.9885451924871251,-80.54350139600965,46.865190166837834,0,1,38,69,38,69,2.3032404718021264,False,7.0950306890418915,0.0076573457871754735,0.0076573457871754735,0.003967744674007315,,,,,,,,bmeleton_merged,,,0.4116868029924233,True,True,ok,ok,10.0,53.0,22.0,60.0,10.0,59.0,10.0,53.0,0.46335596949736096,1.4123593391949356,0.7467887149268004,1.650233254771738,0.2594353183939082,1.1554174839774414,end,end,0.0,1.4537264905660074,,,,,,False
67,2,bmeleton_final_refit_vertex,-3.7775568872576613,-82.41149614156339,70.33141161889861,2,1,60,22,60,22,1.4888565355569012,False,22.706468752255603,0.07750548561116177,0.07750548561116177,0.10849038332221002,,,,,,,,bmeleton_final_refit,,,,,,,,,,,,,,,,,,,,,,,,,,1.0,5.0,2.0,0.10849038332221002,,False
81,0,bmeleton_merged_intersection,-1.2149483155791088,-75.59505030047156,31.86152768400588,0,1,65,74,65,74,1.0616608327898116,False,35.13311742312097,0.18218277690348395,0.18218277690348395,0.4508239126098624,,,,,,,,bmeleton_merged,0.18218277690348395,1.0,,,,,,,,,,,,,,,,,,,,,,,,,,,,,False
81,1,bmeleton_merged_pivot_refit_both,-1.6246462238413266,-75.51072578540595,30.7871942918235,0,1,65,74,65,74,1.151294311945704,False,34.344611515994956,0.17434072730329087,0.17434072730329087,0.2094871358293293,,,,,,,,bmeleton_merged,,,1.152889950270008,True,True,ok,ok,34.0,71.0,34.0,71.0,34.0,71.0,34.0,71.0,1.5213922090397136,0.9288362435754965,2.165172146956081,1.4497308525364163,1.0532611403301781,0.1686872676783886,end,end,0.0,1.0616608327898116,,,,,,False
81,2,bmeleton_final_refit_vertex,-1.2699988217708258,-75.46093254003989,32.148055709523646,2,1,71,36,71,36,1.1118533049184862,False,36.51762220045482,0.19632612432078134,0.19632612432078134,0.40599959915175227,,,,,,,,bmeleton_final_refit,,,,,,,,,,,,,,,,,,,,,,,,,,1.0,5.0,2.0,0.40599959915175227,,False
82,0,bmeleton_merged_intersection,-3.539425369808235,-63.9958152524902,59.59064291808728,1,0,56,108,56,108,0.1250832994356084,False,4.711859870576189,0.0033795952955011366,0.0033795952955011366,0.009891337656521532,,,,,,,,bmeleton_merged,0.0033795952955013586,1.0,,,,,,,,,,,,,,,,,,,,,,,,,,,,,False
82,1,bmeleton_merged_pivot_refit_both,-3.1939242899049827,-64.41990499994705,45.64468689542098,1,0,56,108,56,108,0.3269147707414866,False,4.15120384903802,0.0026235108993085676,0.0026235108993085676,0.0035157600587292434,,,,,,,,bmeleton_merged,,,13.956679852180274,True,True,ok,ok,38.0,49.0,40.0,60.0,38.0,54.0,38.0,49.0,1.1175706663684766,0.8359139597878478,1.9115211861929748,1.2709283377715914,0.547248895101244,0.06588376914667218,end,end,0.0,0.1250832994356084,,,,,,False
82,2,bmeleton_final_refit_vertex,-2.2733407383955018,-63.41027893739066,83.44968130941703,1,3,60,40,60,40,2.9907279242605616,False,10.916968637696977,0.018097332607663663,0.018097332607663663,0.027737917630520362,,,,,,,,bmeleton_final_refit,,,,,,,,,,,,,,,,,,,,,,,,,,1.0,5.0,2.0,0.027737917630520362,,False
89,0,bmeleton_merged_intersection,-4.683113250724524,-72.38611886294541,93.61626416259708,0,1,98,23,98,23,0.6065787298373625,False,34.52891481050655,0.17615975811479423,0.17615975811479423,0.37292864632693096,,,,,,,,bmeleton_merged,0.17615975811479434,1.0,,,,,,,,,,,,,,,,,,,,,,,,,,,,,False
89,1,bmeleton_merged_pivot_refit_both,-3.418592948521967,-72.85489246431557,95.45698239292128,0,1,98,23,98,23,0.813891610602942,False,146.51773007610845,1.8340565780479676,0.16594342195203238,2.0628925784922245,,,,,,,,bmeleton_merged,,,2.2818860373541554,True,True,ok,ok,66.0,22.0,67.0,22.0,66.0,22.0,66.0,22.0,1.1904285717280843,0.4677956317752926,1.7314133902708149,0.8969442958258981,1.032895101224897,0.1609500367351724,start,end,0.0,0.6065787298373625,,,,,,False
89,2,bmeleton_final_refit_vertex,-3.366155900603758,-72.930822994556,96.08291762707934,1,2,26,23,26,23,0.8686047466345619,False,42.59203644844679,0.26380884086777956,0.26380884086777956,0.2748179437596778,,,,,,,,bmeleton_final_refit,,,,,,,,,,,,,,,,,,,,,,,,,,1.0,4.893260529903876,2.0,0.2748179437596778,,False
97,0,bmeleton_merged_intersection,-3.6848738115163897,-81.20829432640963,116.41360862481025,1,0,62,149,62,149,0.20846020249046288,False,32.78776730735766,0.15931776054657465,0.15931776054657465,0.4588239739368529,,,,,,,,bmeleton_merged,0.15931776054657476,1.0,,,,,,,,,,,,,,,,,,,,,,,,,,,,,False
97,1,bmeleton_merged_pivot_refit_both,-3.841366496426777,-81.17281752732535,116.99888368793296,1,0,62,149,62,149,0.06053982966745731,False,146.92862585786082,1.8379914530436525,0.1620085469563476,3.1821173679037607,,,,,,,,bmeleton_merged,,,0.6068735150070549,True,True,ok,ok,61.0,118.0,61.0,118.0,61.0,118.0,61.0,118.0,0.9842154592926653,1.8143038942413663,1.321692406504539,2.0334718897532444,0.2097364010490059,0.08305446600002697,end,start,0.0,0.20846020249046288,,,,,,False
97,2,bmeleton_final_refit_vertex,-3.603975649009744,-81.74318576659888,117.80991359424254,2,0,61,21,61,21,1.0965940981797482,False,45.93898884131794,0.3045760377000436,0.3045760377000436,0.44701595541608846,,,,,,,,bmeleton_final_refit,,,,,,,,,,,,,,,,,,,,,,,,,,1.0,5.0,2.0,0.44701595541608846,,False
101,0,bmeleton_merged_intersection,-2.324911734013005,-65.3690963590897,72.4966539712234,0,2,94,22,94,22,0.1095623865962993,False,11.244555364430168,0.019196185212709715,0.019196185212709715,0.04271166496982473,,,,,,,,bmeleton_merged,0.019196185212709826,2.0,,,,,,,,,,,,,,,,,,,,,,,,,,,,,False
101,1,bmeleton_merged_intersection,-2.574319280009657,-64.6541957049196,72.81802048594312,0,1,94,21,94,21,1.3894101461893011,False,7.12481187498739,0.007721680644555251,0.007721680644555251,0.013423465525075581,,,,,,,,bmeleton_merged,0.007721680644555362,1.0,,,,,,,,,,,,,,,,,,,,,,,,,,,,,False
101,2,bmeleton_merged_intersection,-2.5413523626819012,-64.70311078109732,72.70515949815297,1,2,21,22,21,22,1.499507956779354,False,4.121828919332659,0.0025865290201346758,0.0025865290201346758,0.0021384439525795693,,,,,,,,bmeleton_merged,0.002586529020134898,3.0,,,,,,,,,,,,,,,,,,,,,,,,,,,,,False
101,3,bmeleton_merged_pivot_refit_both,-1.528276202185066,-65.20178715941901,73.25253981610756,0,2,94,22,94,22,1.000137730967635,False,10.822192378837919,0.017785401372605647,0.017785401372605647,0.007688127200212689,,,,,,,,bmeleton_merged,,,1.1108483016872608,True,True,ok,ok,13.0,20.0,39.0,20.0,15.0,20.0,13.0,20.0,1.080301861468411,0.9374473858964844,1.1743134001259816,1.1430230108309691,0.33086853911904257,0.9923812980699591,end,end,0.0,0.1095623865962993,,,,,,False
101,4,bmeleton_merged_pivot_refit_both,-2.2428411634557817,-64.09210669643853,86.58253791773168,0,1,94,21,94,21,0.9719564389746177,False,9.064906053295609,0.01248950588140707,0.01248950588140707,0.0037788056182130646,,,,,,,,bmeleton_merged,,,13.779976847775199,True,True,ok,ok,11.0,11.0,39.0,11.0,15.0,11.0,11.0,11.0,0.9016027465913561,0.882689542941691,0.9281798043598483,0.9271172899745838,0.21553475982599757,1.8839246622988837,end,end,1.0,1.3894101461893011,,,,,,False
101,5,bmeleton_merged_pivot_refit_both,-11.690504805564874,-70.14903964408481,18.103451272175853,1,2,21,22,21,22,2.716054533403136,False,1.708459894795613,0.00044453108699749055,0.00044453108699749055,0.00013490712080938783,,,,,,,,bmeleton_merged,,,55.63013277710713,True,True,ok,ok,11.0,20.0,11.0,20.0,11.0,20.0,11.0,20.0,0.882689542941691,0.9374473858964844,0.9271172899745838,1.1430230108309691,1.9288350145246584,1.6033137762966676,end,end,2.0,1.499507956779354,,,,,,False
101,6,bmeleton_final_refit_vertex,0.545389102091216,-64.51847131453806,81.78028359964867,1,3,40,20,40,20,1.1601259804981947,False,44.76469444691621,0.2899952039095407,0.2899952039095407,0.33287886618745416,,,,,,,,bmeleton_final_refit,,,,,,,,,,,,,,,,,,,,,,,,,,1.0,5.0,2.0,0.33287886618745416,,False
102,0,bmeleton_merged_intersection,3.8746301480753,-70.61693905633598,66.2990681727398,2,1,47,52,47,52,0.8471528589518799,False,35.410721997395214,0.18498062183718733,0.18498062183718733,0.3909960743064161,,,,,,,,bmeleton_merged,0.18498062183718744,1.0,,,,,,,,,,,,,,,,,,,,,,,,,,,,,False
102,1,bmeleton_merged_intersection,4.198361316943513,-69.85150179212289,65.90418179592095,2,0,47,14,47,14,0.7865600558422696,False,30.634825119920727,0.1395675339644119,0.1395675339644119,0.15467384996733832,,,,,,,,bmeleton_merged,0.13956753396441213,2.0,,,,,,,,,,,,,,,,,,,,,,,,,,,,,False
102,2,bmeleton_merged_intersection,3.3655491130926443,-70.30556443691322,58.86163375417445,1,0,52,14,52,14,1.4738560305652675,False,5.806013067640239,0.005129902288965926,0.005129902288965926,0.005345049780124619,,,,,,,,bmeleton_merged,0.005129902288966148,3.0,,,,,,,,,,,,,,,,,,,,,,,,,,,,,False
102,3,bmeleton_merged_pivot_refit_both,3.9203032174818784,-70.567153524979,66.40635093064037,2,1,47,52,47,52,0.5608915319292076,False,35.39812826422173,0.18485328077683305,0.18485328077683305,0.19119800292391698,,,,,,,,bmeleton_merged,,,0.1267841415330338,True,True,ok,ok,47.0,29.0,47.0,29.0,47.0,29.0,47.0,29.0,1.1653298629961075,1.1839936304125338,1.419708267349159,1.579071906335437,0.1145499054367928,0.32253609779296405,end,end,0.0,0.8471528589518799,,,,,,False
102,4,bmeleton_merged_pivot_refit_both,4.205590049713181,-69.88180324006399,66.04497726939805,2,0,47,14,47,14,0.9016205180165273,False,149.34549504373047,1.8602573911211224,0.13974260887887746,1.311639500130008,,,,,,,,bmeleton_merged,,,0.14420054672719745,True,True,ok,ok,47.0,14.0,47.0,14.0,47.0,14.0,47.0,14.0,1.1653298629961075,0.9116974854053862,1.419708267349159,0.983439435009477,0.16154333562723475,0.4144367491977991,end,start,1.0,0.7865600558422696,,,,,,False
102,5,bmeleton_merged_pivot_refit_both,3.5897711276746134,-70.10348299023133,63.26971763154708,1,0,52,14,52,14,1.5065687941643784,False,173.57537807028078,1.9937199254406393,0.006280074559360638,0.9857556778786489,,,,,,,,bmeleton_merged,,,4.4184064879624625,True,True,ok,ok,33.0,14.0,34.0,14.0,33.0,14.0,33.0,14.0,1.4570467142429875,0.9116974854053862,1.6342557596162959,0.983439435009477,1.1039027910393098,0.8594334917584243,end,start,2.0,1.4738560305652675,,,,,,False
102,6,bmeleton_final_refit_vertex,3.88035640915197,-70.30914903578329,66.39216874183421,3,2,47,30,47,30,0.2419792098528465,False,36.12082168724424,0.1922242875303004,0.1922242875303004,0.34424094930825966,,,,,,,,bmeleton_final_refit,,,,,,,,,,,,,,,,,,,,,,,,,,1.0,6.684665885010277,2.0,0.34424094930825966,,False
103,0,bmeleton_merged_intersection,2.259502083958583,-68.17542333522229,93.77216336101782,1,2,47,38,47,38,1.2057193619650155,False,34.115246771092906,0.17208888429409563,0.17208888429409563,0.2929823263338508,,,,,,,,bmeleton_merged,0.17208888429409563,3.0,,,,,,,,,,,,,,,,,,,,,,,,,,,,,False
103,1,bmeleton_merged_intersection,-2.63887322665518,-67.49123910927501,101.42190500211228,0,2,80,38,80,38,1.181258870298294,False,29.9036882857975,0.13313534187765796,0.13313534187765796,0.2968883979096763,,,,,,,,bmeleton_merged,0.13313534187765796,2.0,,,,,,,,,,,,,,,,,,,,,,,,,,,,,False
103,2,bmeleton_merged_intersection,0.8374119793429516,-69.52500795735008,36.00899018058297,0,1,80,47,80,47,1.1086540129785636,False,4.334738572129872,0.002860509542659928,0.002860509542659928,0.007024074869641744,,,,,,,,bmeleton_merged,0.002860509542659928,1.0,,,,,,,,,,,,,,,,,,,,,,,,,,,,,False
103,3,bmeleton_merged_pivot_refit_both,-2.513128400249955,-67.51529765785216,100.56484343046833,0,2,80,38,80,38,1.1764103509172101,False,150.1882096358809,1.867663167359984,0.13233683264001606,2.6421454580974038,,,,,,,,bmeleton_merged,,,0.8665708930699914,True,True,ok,ok,74.0,38.0,74.0,38.0,74.0,38.0,74.0,38.0,1.1702489215946124,0.8035638912739329,1.6116518070466364,1.306056732872304,0.3580639775580353,0.2789443760434909,start,end,1.0,1.181258870298294,,,,,,False
103,4,bmeleton_merged_pivot_refit_both,4.753871810364647,-68.49054309043385,89.1756284960712,1,2,47,38,47,38,1.133181609869275,False,30.587986865241657,0.1391512618364793,0.1391512618364793,0.0895780855928443,,,,,,,,bmeleton_merged,,,5.2392092491907105,True,True,ok,ok,21.0,38.0,30.0,38.0,22.0,38.0,21.0,38.0,1.7356270787373256,0.8035638912739329,2.3039510894866675,1.306056732872304,3.499309841827949,0.26670101377883193,end,end,0.0,1.2057193619650155,,,,,,False
103,5,bmeleton_merged_pivot_refit_both,1.3449952221730737,-69.95924858932796,11.698430131813573,0,1,80,47,80,47,1.7504290669387614,False,3.2904427408808887,0.0016485952707021578,0.0016485952707021578,0.00155144038791522,,,,,,,,bmeleton_merged,,,24.31973551582511,True,True,ok,ok,45.0,40.0,53.0,47.0,53.0,40.0,45.0,40.0,0.9642462114604832,1.4650982837464888,1.3241404669990098,2.1763991048979126,0.8215517646557499,0.7290316180318928,end,end,2.0,1.1086540129785636,,,,,,False
103,6,bmeleton_final_refit_vertex,1.350100281938586,-67.78384384639645,95.20659039374141,3,1,38,31,38,31,0.6770536977846103,False,45.340755795405585,0.297111082984298,0.297111082984298,0.44906427263079146,,,,,,,,bmeleton_final_refit,,,,,,,,,,,,,,,,,,,,,,,,,,1.0,34.48895643362218,2.0,0.44906427263079146,,False
108,0,bmeleton_merged_intersection,2.100458678689779,-73.65788014709457,54.1679744566796,0,1,28,86,28,86,0.1558117837020376,False,3.976003041500512,0.002406821414532301,0.002406821414532301,0.005726840164142664,,,,,,,,bmeleton_merged,0.002406821414532301,1.0,,,,,,,,,,,,,,,,,,,,,,,,,,,,,False
108,1,bmeleton_merged_pivot_refit_both,1.8849387594681195,-74.16637151346671,44.47063255453172,0,1,28,86,28,86,0.0037848652187688152,False,3.6978382626958424,0.0020819476706589457,0.0020819476706589457,0.0020299575360263936,,,,,,,,bmeleton_merged,,,9.713055763888594,True,True,ok,ok,14.0,54.0,22.0,63.0,14.0,63.0,14.0,54.0,0.5126405767468669,1.0689019797407835,1.2748535797846468,1.7054177418601275,0.1669469801859344,0.22091614611291066,end,end,0.0,0.1558117837020376,,,,,,False
108,2,bmeleton_final_refit_vertex,4.445619976583051,-71.70955114225606,103.27345287559427,3,1,65,22,65,22,1.2941903235615557,False,26.533781359103273,0.10532887035278615,0.10532887035278615,0.15820331623155875,,,,,,,,bmeleton_final_refit,,,,,,,,,,,,,,,,,,,,,,,,,,1.0,5.0,2.0,0.15820331623155875,,False
110,0,bmeleton_merged_intersection,-4.0172819151793595,-73.47824046752666,123.51593280418831,0,1,108,23,108,23,1.5856659592847515,False,33.26048079936486,0.16381415438468916,0.16381415438468916,0.3099327932000191,,,,,,,,bmeleton_merged,0.16381415438468916,1.0,,,,,,,,,,,,,,,,,,,,,,,,,,,,,False
110,1,bmeleton_merged_pivot_refit_both,-5.6104989150383435,-72.40445049705946,123.12254862262465,0,1,108,23,108,23,1.9493962558265272,False,148.56206935308637,1.8532056942378334,0.14679430576216657,1.4160454500942457,,,,,,,,bmeleton_merged,,,1.961151810447149,True,True,ok,ok,92.0,14.0,93.0,19.0,92.0,14.0,92.0,14.0,1.3592348679543091,1.0626033983566763,1.9240374878370947,1.955706105282408,1.1847069783340511,0.9129491489493078,start,end,0.0,1.5856659592847515,,,,,,False
110,2,bmeleton_final_refit_vertex,-0.41773697057052406,-73.31918370938061,110.23707786000656,2,1,22,8,22,8,1.0083943033470317,False,29.885161546222843,0.1329741818452823,0.1329741818452823,0.07340155218168902,,,,,,,,bmeleton_final_refit,,,,,,,,,,,,,,,,,,,,,,,,,,1.0,5.0,2.0,0.07340155218168902,,False
122,0,bmeleton_merged_intersection,0.03462568822689905,-77.46315502980976,52.0547709967566,1,0,19,106,19,106,0.47421744987131714,False,4.565746016116742,0.0031733531702317075,0.0031733531702317075,0.006503783944327406,,,,,,,,bmeleton_merged,0.0031733531702319295,1.0,,,,,,,,,,,,,,,,,,,,,,,,,,,,,False
122,1,bmeleton_merged_pivot_refit_both,-0.5994269877280135,-78.04464569807689,20.85201698346541,1,0,19,106,19,106,1.2818326108284785,False,3.230737578852014,0.0015893261652006885,0.0015893261652006885,0.001010210623629928,,,,,,,,bmeleton_merged,,,31.21461215852484,True,True,ok,ok,17.0,40.0,17.0,52.0,17.0,46.0,17.0,40.0,0.8909406742609833,1.3996580284044213,1.1068737444929169,1.5985052407978944,1.3259790465572134,0.20165691609182992,end,end,0.0,0.47421744987131714,,,,,,False
122,2,bmeleton_final_refit_vertex,2.3478177823883932,-76.90232052156554,65.69190411579396,1,3,52,17,52,17,1.4902808307337008,False,13.382469194454444,0.027153259355988335,0.027153259355988335,0.031097438680034707,,,,,,,,bmeleton_final_refit,,,,,,,,,,,,,,,,,,,,,,,,,,1.0,5.0,2.0,0.031097438680034707,,False
123,0,bmeleton_merged_intersection,1.2750567468377845,-72.52061259804961,21.723754198310047,0,1,70,22,70,22,1.9633099564564283,False,32.82821748341313,0.15970028321973262,0.15970028321973262,0.22500404627699097,,,,,,,,bmeleton_merged,0.15970028321973295,1.0,,,,,,,,,,,,,,,,,,,,,,,,,,,,,False
123,1,bmeleton_merged_pivot_refit_both,1.01543982739567,-72.62180617017617,22.995753456535738,0,1,70,22,70,22,1.3514109896022704,False,33.321875255919956,0.16440231384230375,0.16440231384230375,0.1458515837585592,,,,,,,,bmeleton_merged,,,1.3021609719335987,True,True,ok,ok,48.0,22.0,49.0,22.0,48.0,22.0,48.0,22.0,1.2414865448069623,0.37350004740401105,1.7895968685430097,0.6052576226895633,0.9298411985144245,0.153881288916307,end,end,0.0,1.9633099564564283,,,,,,False
123,2,bmeleton_final_refit_vertex,1.431074014681204,-72.28604624262692,21.527743331291642,1,2,50,22,50,22,1.4134405732149065,False,32.14872721611429,0.153330313021936,0.153330313021936,0.19823178817831774,,,,,,,,bmeleton_final_refit,,,,,,,,,,,,,,,,,,,,,,,,,,1.0,55.98207964929991,2.0,0.19823178817831774,,False
127,0,bmeleton_merged_intersection,3.5127363426679517,-73.48466584344385,165.32234263206465,1,0,14,161,14,161,0.5018907132015383,False,20.998794661350423,0.06641203467694301,0.06641203467694301,0.14326885531563824,,,,,,,,bmeleton_merged,0.06641203467694323,1.0,,,,,,,,,,,,,,,,,,,,,,,,,,,,,False
127,1,bmeleton_merged_pivot_refit_both,3.075422066513416,-72.73030088757133,142.26154856394965,1,0,14,161,14,161,1.1711349925289631,False,164.7203163527406,1.9646509238363445,0.035349076163655346,1.626976450954026,,,,,,,,bmeleton_merged,,,23.077273090960837,True,True,ok,ok,10.0,159.0,10.0,161.0,10.0,159.0,10.0,159.0,0.9423547659567527,1.8342481362969054,1.0474152954451463,2.030176471882547,5.918442042517729,0.13749250413042688,end,start,0.0,0.5018907132015383,,,,,,False
127,2,bmeleton_final_refit_vertex,3.5127363426679517,-73.48466584344385,165.32234263206465,0,1,161,14,161,0,0.50189071320153,False,20.998794661350423,0.06641203467694301,0.06641203467694301,0.012070765876463238,,,,,,,,bmeleton_final_refit,,,,,,,,,,,,,,,,,,,,,,,,,,1.0,157.2413713880194,2.0,0.012070765876463238,,False
129,0,bmeleton_merged_intersection,-3.3796613283826553,-75.79422490031604,136.3078631777056,1,0,14,83,14,83,3.872292974296793,False,10.02562683261328,0.0152700135649122,0.0152700135649122,0.014667179980378673,,,,,,,,bmeleton_merged,0.015270013564912421,1.0,,,,,,,,,,,,,,,,,,,,,,,,,,,,,False
129,1,bmeleton_merged_pivot_refit_both,-3.440456106171182,-76.02016366285034,135.54063104675663,1,0,14,83,14,83,4.170772947165312,False,169.70675088428266,1.9839060985032433,0.016093901496756713,0.895848324477455,,,,,,,,bmeleton_merged,,,0.8021156227018533,True,True,ok,ok,10.0,70.0,10.0,70.0,10.0,70.0,10.0,70.0,0.7106428667788222,0.7912394013608477,0.8417251984351947,0.9539450578238463,5.468715396375602,0.9805022971437267,end,start,0.0,3.872292974296793,,,,,,False
129,2,bmeleton_final_refit_vertex,-2.7145798682928612,-74.80286296961427,136.31070067103488,2,1,10,9,10,9,3.077070555808351,False,29.88387611132301,0.13296300349273593,0.13296300349273593,0.03904255255684301,,,,,,,,bmeleton_final_refit,,,,,,,,,,,,,,,,,,,,,,,,,,1.0,5.0,2.0,0.03904255255684301,,False
146,0,bmeleton_merged_intersection,-0.9254418357540379,-76.788542900587,54.29818061107146,0,1,77,42,77,42,0.4614370658333195,False,33.706841516535235,0.168112136103023,0.168112136103023,0.43762502591640223,,,,,,,,bmeleton_merged,0.1681121361030231,1.0,,,,,,,,,,,,,,,,,,,,,,,,,,,,,False
146,1,bmeleton_merged_pivot_refit_both,0.6631130623733537,-77.2440594553131,60.64855036048616,0,1,77,42,77,42,0.511162652725653,False,36.94522116938636,0.20078947718170492,0.20078947718170492,0.19624659549378834,,,,,,,,bmeleton_merged,,,6.561874575932965,True,True,ok,ok,37.0,38.0,39.0,40.0,37.0,38.0,37.0,38.0,1.7153289690772215,0.7157564051972597,1.8432136227191498,0.9745861990927321,2.8875754258407635,0.41003869730404524,end,end,0.0,0.4614370658333195,,,,,,False
146,2,bmeleton_final_refit_vertex,1.0361615649950173,-77.48548059531072,63.227575267929666,2,0,41,39,41,39,0.8917417165028597,False,39.248586486962516,0.22559174702417506,0.22559174702417506,0.3827751612954721,,,,,,,,bmeleton_final_refit,,,,,,,,,,,,,,,,,,,,,,,,,,1.0,5.0,2.0,0.3827751612954721,,False
147,0,bmeleton_merged_intersection,-1.0117735163524268,-65.7818285751388,52.23062591250973,1,0,49,100,49,100,0.00642325708566899,False,7.779295115662111,0.009203180899413188,0.009203180899413188,0.02757411956646229,,,,,,,,bmeleton_merged,0.009203180899413299,1.0,,,,,,,,,,,,,,,,,,,,,,,,,,,,,False
147,1,bmeleton_merged_pivot_refit_both,-1.9682254580288592,-65.9413706457338,42.97942954736797,1,0,49,100,49,100,0.12778506280958313,False,7.047834798746557,0.007555939892823771,0.007555939892823771,0.010545929310678279,,,,,,,,bmeleton_merged,,,9.30187551924011,True,True,ok,ok,49.0,53.0,49.0,70.0,49.0,61.0,49.0,53.0,1.3470473646394856,1.6478652166370493,1.6140407585577423,2.0594015972109974,0.11031292893120806,0.6077866823701572,end,end,0.0,0.00642325708566899,,,,,,False
147,2,bmeleton_final_refit_vertex,0.20596894860082537,-65.51873967426476,60.960475729078865,0,2,68,49,68,49,0.16776070347914282,False,11.94461613109125,0.021651882418372015,0.021651882418372015,0.060462453980318534,,,,,,,,bmeleton_final_refit,,,,,,,,,,,,,,,,,,,,,,,,,,1.0,18.40898377302428,2.0,0.060462453980318534,,False
178,0,bmeleton_merged_intersection,-10.33848085240228,-80.58762276117207,96.07156210029622,1,2,21,24,21,24,2.0638205047074507,False,47.679016452707536,0.3267166550634344,0.3267166550634344,0.25958936491637286,,,,,,,,bmeleton_merged,0.3267166550634344,3.0,,,,,,,,,,,,,,,,,,,,,,,,,,,,,False
178,1,bmeleton_merged_intersection,-7.495703141512211,-81.19402806690826,91.04174514958899,0,2,72,24,72,24,1.381479186717481,False,29.886615742211674,0.1329868282980191,0.1329868282980191,0.21657042507860041,,,,,,,,bmeleton_merged,0.13298682829801922,2.0,,,,,,,,,,,,,,,,,,,,,,,,,,,,,False
178,2,bmeleton_merged_intersection,-7.877666366279047,-82.50864980293167,104.92449108507222,0,1,72,21,72,21,1.0228402894725535,False,17.873432839928796,0.04826318194973245,0.04826318194973245,0.07789875352738758,,,,,,,,bmeleton_merged,0.04826318194973256,1.0,,,,,,,,,,,,,,,,,,,,,,,,,,,,,False
178,3,bmeleton_merged_pivot_refit_both,-9.996489713552858,-80.72572292982551,95.68916536251714,1,2,21,24,21,24,1.6522385078799269,False,47.05812012634851,0.31874386679391065,0.31874386679391065,0.17544783749371284,,,,,,,,bmeleton_merged,,,0.5312785151855022,True,True,ok,ok,21.0,24.0,21.0,24.0,21.0,24.0,21.0,24.0,1.4368555428729155,0.4352686234127776,1.874761765953186,0.8711487568663123,1.4318111121135708,0.33256851541411475,end,end,0.0,2.0638205047074507,,,,,,False
178,4,bmeleton_merged_pivot_refit_both,-8.687844172055112,-80.81587246109092,93.54668471639962,0,2,72,24,72,24,0.9697485378209584,False,150.93545067617953,1.8740729665506692,0.12592703344933076,2.0209595970169154,,,,,,,,bmeleton_merged,,,2.799807874174301,True,True,ok,ok,53.0,24.0,54.0,24.0,53.0,24.0,53.0,24.0,0.9540600918028028,0.4352686234127776,1.547206475384514,0.8711487568663123,0.9339470756440268,0.18497302497636423,start,end,1.0,1.381479186717481,,,,,,False
178,5,bmeleton_merged_pivot_refit_both,-8.692198161453554,-81.19973276278458,93.45945357013993,0,1,72,21,72,21,0.43413961352112607,False,164.62394204410458,1.9642062873297008,0.03579371267029907,1.7428765699570918,,,,,,,,bmeleton_merged,,,11.568224197435942,True,True,ok,ok,61.0,18.0,62.0,18.0,61.0,18.0,61.0,18.0,1.0101924286900787,1.1719221687763868,1.513486134585003,1.613138782461077,0.8623700287090883,3.6021678754930555,start,end,2.0,1.0228402894725535,,,,,,False
178,6,bmeleton_final_refit_vertex,-10.33848085240228,-80.58762276117207,96.07156210029622,2,1,24,21,24,21,2.0638205047074507,False,47.679016452707536,0.3267166550634344,0.3267166550634344,0.25958936491637286,,,,,,,,bmeleton_final_refit,,,,,,,,,,,,,,,,,,,,,,,,,,1.0,3.0,2.0,0.25958936491637286,,False
185,0,bmeleton_merged_intersection,-5.545632190956975,-61.43674834705233,100.82594767364921,2,1,27,111,27,111,2.127434453732227,False,46.76112758742895,0.3149584817340303,0.3149584817340303,0.6047884050548354,,,,,,,,bmeleton_merged,0.3149584817340303,2.0,,,,,,,,,,,,,,,,,,,,,,,,,,,,,False
185,1,bmeleton_merged_intersection,-4.736589960866869,-60.73298514851693,99.3990111814889,0,1,98,111,98,111,0.6364677400337433,False,30.001985361058637,0.13399192227913237,0.13399192227913237,0.3565848199416738,,,,,,,,bmeleton_merged,0.13399192227913237,3.0,,,,,,,,,,,,,,,,,,,,,,,,,,,,,False
185,2,bmeleton_merged_intersection,-4.762253396115556,-61.660806814542866,103.84445895773766,2,0,27,98,27,98,1.3867966804863028,False,16.848419045055735,0.042925096880358726,0.042925096880358726,0.0864297231189042,,,,,,,,bmeleton_merged,0.042925096880358726,1.0,,,,,,,,,,,,,,,,,,,,,,,,,,,,,False
185,3,bmeleton_merged_pivot_refit_both,-4.569368806331613,-61.510925731575156,97.87613995109615,2,1,27,111,27,111,1.9762017997127928,False,44.6705564649986,0.28883915486386313,0.28883915486386313,0.2802693891388457,,,,,,,,bmeleton_merged,,,3.108047309898691,True,True,ok,ok,27.0,94.0,27.0,111.0,27.0,94.0,27.0,94.0,1.1933296155358342,1.7944857007184591,1.6018807368735608,2.3644459083790155,2.1101391926032966,0.49144465174289764,end,end,0.0,2.127434453732227,,,,,,False
185,4,bmeleton_merged_pivot_refit_both,-4.74310289667784,-60.75379173430011,98.08804021515132,0,1,98,111,98,111,0.4747848683981474,False,150.28757443554196,1.8685240453719967,0.13147595462800343,2.7621181821557412,,,,,,,,bmeleton_merged,,,1.3111522439918692,True,True,ok,ok,87.0,94.0,87.0,111.0,87.0,94.0,87.0,94.0,1.5395300962274232,1.7944857007184591,1.924396272967718,2.3644459083790155,0.14871537760152181,0.2864083821842705,start,end,1.0,0.6364677400337433,,,,,,False
185,5,bmeleton_merged_pivot_refit_both,-4.714159593648011,-61.76284854386468,97.55091822335342,2,0,27,98,27,98,1.5118138035431044,False,164.92495559754687,1.9655860039475193,0.034413996052480855,2.0859364492882446,,,,,,,,bmeleton_merged,,,6.294551652319048,True,True,ok,ok,27.0,89.0,27.0,89.0,27.0,89.0,27.0,89.0,1.1933296155358342,1.4844811247529897,1.6018807368735608,1.9110121165555702,2.0181382332406677,0.47235520496011346,end,start,2.0,1.3867966804863028,,,,,,False
185,6,bmeleton_final_refit_vertex,-5.545632190956975,-61.43674834705233,100.82594767364921,1,2,111,27,111,27,2.127434453732227,False,46.76112758742895,0.3149584817340303,0.3149584817340303,0.6047884050548354,,,,,,,,bmeleton_final_refit,,,,,,,,,,,,,,,,,,,,,,,,,,1.0,3.0,2.0,0.6047884050548354,,False
198,0,bmeleton_merged_intersection,-3.1275263704776854,-70.4791174821677,21.435866480396985,1,0,62,50,62,50,2.68260707946631,False,36.31580129113123,0.19423501648954955,0.19423501648954955,0.3519166057947549,,,,,,,,bmeleton_merged,0.19423501648954955,1.0,,,,,,,,,,,,,,,,,,,,,,,,,,,,,False
198,1,bmeleton_merged_pivot_refit_both,-3.8076589070365343,-70.11313479244512,24.50028789588565,1,0,62,50,62,50,2.1380553999818575,False,37.63140030988165,0.20804485882832002,0.20804485882832002,0.2146951941656974,,,,,,,,bmeleton_merged,,,3.160253503782265,True,True,ok,ok,56.0,46.0,56.0,46.0,56.0,46.0,56.0,46.0,1.0189207489211656,1.5944444463701184,1.2431293767369946,2.1543722322692074,0.4253043328619005,1.2486936026439361,end,end,0.0,2.68260707946631,,,,,,False
198,2,bmeleton_final_refit_vertex,-4.244679968380156,-69.92743374944052,25.796588267277805,2,0,58,46,58,46,1.9779226326978363,False,39.565630831506276,0.22910453380869522,0.22910453380869522,0.423975201259281,,,,,,,,bmeleton_final_refit,,,,,,,,,,,,,,,,,,,,,,,,,,1.0,5.0,2.0,0.423975201259281,,False
233,0,bmeleton_merged_intersection,3.145428543579184,-65.88897117908405,75.76474934174507,0,1,47,18,47,18,3.5088076586628456,False,7.862677538657821,0.00940121556070661,0.00940121556070661,0.008034160331935686,,,,,,,,bmeleton_merged,0.009401215560706722,1.0,,,,,,,,,,,,,,,,,,,,,,,,,,,,,False
233,1,bmeleton_final_refit_vertex,4.2314766926871705,-65.41705413816996,68.53471687534866,2,1,16,7,16,7,0.38175452880987387,False,26.550614701418475,0.10546015565204736,0.10546015565204736,0.05184579556496107,,,,,,,,bmeleton_final_refit,,,,,,,,,,,,,,,,,,,,,,,,,,1.0,5.0,2.0,0.05184579556496107,,False
238,0,bmeleton_merged_intersection,3.143912923384461,-79.5448935720238,66.42589055436218,2,1,13,37,13,37,1.933262999457933,False,43.50616747197835,0.2746997295299618,0.2746997295299618,0.2172366535710535,,,,,,,,bmeleton_merged,0.2746997295299617,1.0,,,,,,,,,,,,,,,,,,,,,,,,,,,,,False
238,1,bmeleton_merged_intersection,2.49125988502188,-79.41816675520437,65.57174776483981,2,0,13,78,13,78,1.066052008513206,False,30.47906063928111,0.13818541173291166,0.13818541173291166,0.1813489534119985,,,,,,,,bmeleton_merged,0.13818541173291177,2.0,,,,,,,,,,,,,,,,,,,,,,,,,,,,,False
238,2,bmeleton_merged_intersection,2.9798290192122723,-80.29340970420898,68.58167206288937,1,0,37,78,37,78,0.8694535097400419,False,13.027201373856402,0.02573684132605325,0.02573684132605325,0.05889056893719282,,,,,,,,bmeleton_merged,0.025736841326053472,3.0,,,,,,,,,,,,,,,,,,,,,,,,,,,,,False
238,3,bmeleton_merged_pivot_refit_both,3.1251987412995152,-79.82816563048927,66.20978260370902,2,1,13,37,13,37,0.7284925505772868,False,43.307822131303226,0.27232087838068364,0.27232087838068364,0.17003836038420195,,,,,,,,bmeleton_merged,,,0.35678554630742215,True,True,ok,ok,13.0,30.0,13.0,30.0,13.0,30.0,13.0,30.0,0.3642496137120198,1.085249445979386,0.5740544147649688,1.6578218382616,0.2491674632238487,0.2764266915915106,end,end,0.0,1.933262999457933,,,,,,False
238,4,bmeleton_merged_pivot_refit_both,3.4893548109161,-79.62082724258399,66.9149016710885,2,0,13,78,13,78,0.708166087549304,False,150.2667987843569,1.868344264920557,0.13165573507944295,1.354865742689013,,,,,,,,bmeleton_merged,,,1.6856236739295758,True,True,ok,ok,13.0,55.0,13.0,55.0,13.0,55.0,13.0,55.0,0.3642496137120198,1.9006102335921986,0.5740544147649688,2.037036373021948,0.43155518632636125,0.8129115423055793,end,start,1.0,1.066052008513206,,,,,,False
238,5,bmeleton_merged_pivot_refit_both,3.109301453830648,-79.33568976861608,65.13224769799965,1,0,37,78,37,78,0.06137455735063044,False,166.54565373469683,1.9725556228280192,0.027444377171980894,2.198921493196129,,,,,,,,bmeleton_merged,,,3.582250554533135,True,True,ok,ok,30.0,56.0,30.0,57.0,30.0,56.0,30.0,56.0,1.085249445979386,1.8894472825053041,1.6578218382616,2.058752590297876,0.7351938764973002,0.9268296880680985,end,start,2.0,0.8694535097400419,,,,,,False
238,6,bmeleton_final_refit_vertex,1.9590691260500965,-78.7338359221521,65.47008145129112,1,3,30,13,30,13,0.656375991184008,False,42.17495540480697,0.2589018582730842,0.2589018582730842,0.22597958647074431,,,,,,,,bmeleton_final_refit,,,,,,,,,,,,,,,,,,,,,,,,,,1.0,5.78155206007049,2.0,0.22597958647074431,,False
244,0,bmeleton_merged_intersection,1.129447766916828,-79.30378379189881,114.15109988684031,1,0,24,78,24,78,1.8538998491588767,False,7.823927043949624,0.009308921513650037,0.009308921513650037,0.014691107796470388,,,,,,,,bmeleton_merged,0.009308921513650037,1.0,,,,,,,,,,,,,,,,,,,,,,,,,,,,,False
244,1,bmeleton_merged_pivot_refit_both,1.1788376792387563,-80.95888888858963,126.70331554103541,1,0,24,78,24,78,2.8767853381528368,False,9.09548813373573,0.012573741849674636,0.012573741849674636,0.003503276235495835,,,,,,,,bmeleton_merged,,,12.660960866930735,True,True,ok,ok,23.0,8.0,23.0,16.0,23.0,8.0,23.0,8.0,0.5112790785221737,1.275844902554383,1.1316988709487992,1.3763470668256688,1.347797258919941,1.3737784775141448,end,end,0.0,1.8538998491588767,,,,,,False
244,2,bmeleton_final_refit_vertex,0.6747535148565976,-80.85017480868662,124.8306313754226,2,1,23,18,23,18,2.007422561842214,False,26.46636058800729,0.10480382166888291,0.10480382166888291,0.07607798328606599,,,,,,,,bmeleton_final_refit,,,,,,,,,,,,,,,,,,,,,,,,,,1.0,5.0,2.0,0.07607798328606599,,False
245,0,bmeleton_merged_intersection,-4.898056634792722,-81.01734699838894,67.10009775890148,2,1,25,78,25,78,0.4642433108562218,False,44.628022918732604,0.2883174567375584,0.2883174567375584,0.5825030765089912,,,,,,,,bmeleton_merged,0.2883174567375585,1.0,,,,,,,,,,,,,,,,,,,,,,,,,,,,,False
245,1,bmeleton_merged_intersection,-3.845775642291818,-81.4684716271575,65.32370819040385,2,0,25,25,25,25,0.5471176793138124,False,35.69408653796093,0.18785625050528232,0.18785625050528232,0.21165975440478718,,,,,,,,bmeleton_merged,0.18785625050528243,2.0,,,,,,,,,,,,,,,,,,,,,,,,,,,,,False
245,2,bmeleton_merged_intersection,-3.5546249523226408,-81.93176650429038,74.72491199667189,1,0,78,25,78,25,0.1902216929636993,False,8.962549400142006,0.012209619161394514,0.012209619161394514,0.025970094121547205,,,,,,,,bmeleton_merged,0.012209619161394514,3.0,,,,,,,,,,,,,,,,,,,,,,,,,,,,,False
245,3,bmeleton_merged_pivot_refit_both,-5.144894966133676,-80.64712427016565,68.08776440009282,2,1,25,78,25,78,0.1844911277596256,False,45.25315159111022,0.29602434081125817,0.29602434081125817,0.3239073119961727,,,,,,,,bmeleton_merged,,,1.083272553162162,True,True,ok,ok,23.0,45.0,23.0,45.0,23.0,45.0,23.0,45.0,0.5725821090536761,0.9953144307038556,0.8639677427139975,1.609151437955421,0.13225054977070222,0.6094867813330428,end,end,0.0,0.4642433108562218,,,,,,False
245,4,bmeleton_merged_pivot_refit_both,-4.538562792133999,-80.84013260621859,66.70872238867551,2,0,25,25,25,25,0.2299459092078381,False,145.25686244788105,1.8217152018776739,0.178284798122326,1.4919085123604467,,,,,,,,bmeleton_merged,,,1.671235557793998,True,True,ok,ok,25.0,23.0,25.0,23.0,25.0,23.0,25.0,23.0,0.5985662672859742,0.8493644112581522,0.895240508163419,1.1003712598023527,0.0689719916277667,1.0368591815039594,end,start,1.0,0.5471176793138124,,,,,,False
245,5,bmeleton_merged_pivot_refit_both,-4.47421788094388,-80.97878243334083,70.40820757191584,1,0,78,25,78,25,0.4207708874767303,False,169.8064537707913,1.9842155484709951,0.015784451529004984,1.6953843763979335,,,,,,,,bmeleton_merged,,,4.515281484532528,True,True,ok,ok,37.0,23.0,37.0,23.0,37.0,23.0,37.0,23.0,1.202716856992924,0.8493644112581522,1.7009983781045754,1.1003712598023527,0.49907973848808757,1.128354184661488,end,start,2.0,0.1902216929636993,,,,,,False
245,6,bmeleton_final_refit_vertex,-5.448176033589489,-80.37793952427717,68.26439828862286,1,3,47,25,47,25,0.33214143403534646,False,46.57249662927129,0.3125637948174478,0.3125637948174478,0.5023379078481601,,,,,,,,bmeleton_final_refit,,,,,,,,,,,,,,,,,,,,,,,,,,1.0,4.168662917785372,2.0,0.5023379078481601,,False
246,0,bmeleton_merged_intersection,-3.5077692511092113,-77.19733150108829,34.91786781609508,0,1,86,26,86,26,0.22993321207308653,False,10.907248360168145,0.018065217200315176,0.018065217200315176,0.04083409670566631,,,,,,,,bmeleton_merged,0.018065217200315176,1.0,,,,,,,,,,,,,,,,,,,,,,,,,,,,,False
246,1,bmeleton_merged_pivot_refit_both,-3.5534382277691865,-76.3421855267822,35.061867857597306,0,1,86,26,86,26,1.7386484525794061,False,11.088232413108546,0.018667815939304444,0.018667815939304444,0.0071166982264828154,,,,,,,,bmeleton_merged,,,0.868387185968167,True,True,ok,ok,48.0,8.0,55.0,21.0,55.0,8.0,48.0,8.0,1.9009756429955216,1.4460962797379746,2.039138776392562,1.4735753042593818,1.3951033940549429,0.13408765088202834,end,end,0.0,0.22993321207308653,,,,,,False
246,2,bmeleton_final_refit_vertex,-3.5899644923620397,-77.64860965489487,51.379045105944456,1,3,55,21,55,21,2.2206506458238358,False,32.06944842840657,0.1525948437803969,0.1525948437803969,0.17955376930607345,,,,,,,,bmeleton_final_refit,,,,,,,,,,,,,,,,,,,,,,,,,,1.0,5.0,2.0,0.17955376930607345,,False
250,0,bmeleton_merged_intersection,-2.3260780390769913,-75.22989966116826,41.89606211972365,0,1,69,34,69,34,1.3799922656189292,False,29.608548837920413,0.1305787789513948,0.1305787789513948,0.24783147606169276,,,,,,,,bmeleton_merged,0.1305787789513949,1.0,,,,,,,,,,,,,,,,,,,,,,,,,,,,,False
250,1,bmeleton_merged_pivot_refit_both,-2.718819506021144,-75.2780433366245,41.04058681020518,0,1,69,34,69,34,1.181630647275822,False,29.058217245868406,0.12587335089498075,0.12587335089498075,0.11660679115964125,,,,,,,,bmeleton_merged,,,0.9425506238603908,True,True,ok,ok,36.0,34.0,38.0,34.0,36.0,34.0,36.0,34.0,1.590400133062299,0.36636884839999084,2.2224700047010555,0.6047193815962261,0.8383140660013612,0.1865206335659266,end,end,0.0,1.3799922656189292,,,,,,False
250,2,bmeleton_final_refit_vertex,-1.1243418190346879,-74.52226527320718,44.62997338303203,0,2,39,34,39,34,0.626502351045408,False,36.40692539557923,0.19517793563103103,0.19517793563103103,0.31579408142168836,,,,,,,,bmeleton_final_refit,,,,,,,,,,,,,,,,,,,,,,,,,,1.0,39.36851924909266,2.0,0.31579408142168836,,False
258,0,bmeleton_merged_intersection,-6.223941475087745,-75.15865319099836,90.92713240862199,0,1,110,34,110,34,1.0866361890193423,False,18.35188015807066,0.05085922528850961,0.05085922528850961,0.12533825838053878,,,,,,,,bmeleton_merged,0.05085922528850961,1.0,,,,,,,,,,,,,,,,,,,,,,,,,,,,,False
258,1,bmeleton_final_refit_vertex,-0.8958691389715552,-72.38869735965878,123.8446246873035,2,1,34,15,34,15,0.8565443716558517,False,36.018530847378734,0.19117315196839246,0.19117315196839246,0.18429372971690808,,,,,,,,bmeleton_final_refit,,,,,,,,,,,,,,,,,,,,,,,,,,1.0,25.75606331556107,2.0,0.18429372971690808,,False
270,0,bmeleton_merged_intersection,-0.1092469798688615,-74.75211979966612,91.69124501106852,0,1,109,37,109,37,0.9668073027561479,False,30.29810348848627,0.1365877498150816,0.1365877498150816,0.3433689313680113,,,,,,,,bmeleton_merged,0.1365877498150816,1.0,,,,,,,,,,,,,,,,,,,,,,,,,,,,,False
270,1,bmeleton_merged_pivot_refit_both,-0.5582421805882773,-74.67344175383678,91.44827063429722,0,1,109,37,109,37,0.8801247064645503,False,149.31785552948585,1.8600113343018188,0.13998866569818136,2.6754706330282985,,,,,,,,bmeleton_merged,,,0.5165495841949671,True,True,ok,ok,84.0,35.0,84.0,35.0,84.0,35.0,84.0,35.0,1.8598381932591836,0.4559890322939683,2.106414804199665,0.9077059007003021,0.34724395717896595,0.2533400939102085,start,end,0.0,0.9668073027561479,,,,,,False
270,2,bmeleton_final_refit_vertex,-1.342437672410826,-74.64354368526133,90.89995165264743,2,0,35,16,35,16,0.7739806147036375,False,47.86629734113582,0.3291370502689286,0.3291370502689286,0.337237198892985,,,,,,,,bmeleton_final_refit,,,,,,,,,,,,,,,,,,,,,,,,,,1.0,5.0,2.0,0.337237198892985,,False
271,0,bmeleton_merged_intersection,3.6624295801546833,-72.03346001824696,113.67914860853128,0,1,129,18,129,18,0.11885647882877488,False,26.805192326839766,0.10745504517820959,0.10745504517820959,0.2528861090703054,,,,,,,,bmeleton_merged,0.1074550451782097,1.0,,,,,,,,,,,,,,,,,,,,,,,,,,,,,False
271,1,bmeleton_merged_pivot_refit_both,3.1337797562339373,-72.0616870928301,114.69959397358244,0,1,129,18,129,18,0.018795082686440034,False,153.5021293965205,1.8949509439169259,0.10504905608307413,2.451044694798829,,,,,,,,bmeleton_merged,,,1.1495982546634944,True,True,ok,ok,99.0,17.0,99.0,17.0,99.0,17.0,99.0,17.0,1.6277147449034353,0.6405081313674698,1.9066072436528323,0.6672438255708438,0.2894693559702039,0.03836459862282347,start,end,0.0,0.11885647882877488,,,,,,False
271,2,bmeleton_final_refit_vertex,3.508550723902247,-72.2205663647739,114.05764587514612,1,2,21,18,21,18,0.416921697872692,False,40.55616190572548,0.24023099518285562,0.24023099518285562,0.21555712926106588,,,,,,,,bmeleton_final_refit,,,,,,,,,,,,,,,,,,,,,,,,,,1.0,4.224886779222821,2.0,0.21555712926106588,,False
281,0,bmeleton_merged_intersection,2.338768198573618,-73.92182861339005,57.47403669306547,1,0,115,88,115,88,0.06821671518629087,False,25.711789382089005,0.09901222897835804,0.09901222897835804,0.29303865997387213,,,,,,,,bmeleton_merged,0.09901222897835815,1.0,,,,,,,,,,,,,,,,,,,,,,,,,,,,,False
281,1,bmeleton_merged_pivot_refit_both,0.5223455288225081,-73.94924539116224,60.33196040710286,1,0,115,88,115,88,0.25456151064813265,False,27.813043756837946,0.11552522365869144,0.11552522365869144,0.1835344111937588,,,,,,,,bmeleton_merged,,,3.3864245082603612,True,True,ok,ok,99.0,36.0,105.0,36.0,100.0,36.0,99.0,36.0,1.4881486353390225,1.2185000068176635,2.079838465367519,1.7103588136117058,0.27295854579132545,2.3797013125781636,end,end,0.0,0.06821671518629087,,,,,,False
281,2,bmeleton_final_refit_vertex,-0.23341960139669737,-74.0093013002913,62.95011585740934,2,0,107,36,107,36,0.2348425496497784,False,30.876285234827062,0.14172261268064723,0.14172261268064723,0.40609419864059354,,,,,,,,bmeleton_final_refit,,,,,,,,,,,,,,,,,,,,,,,,,,1.0,5.0,2.0,0.40609419864059354,,False
286,0,bmeleton_merged_intersection,-1.0202156034358558,-71.10681098952958,92.53542691458551,1,2,45,26,45,26,0.09410471458466947,False,32.00996954143287,0.15204412333407213,0.15204412333407213,0.2552317571033464,,,,,,,,bmeleton_merged,0.15204412333407225,1.0,,,,,,,,,,,,,,,,,,,,,,,,,,,,,False
286,1,bmeleton_merged_intersection,-5.611812730512416,-70.07923047694541,100.42908316114068,2,0,26,97,26,97,0.36231884352670973,False,28.182989902287463,0.1185562948597274,0.1185562948597274,0.277577675416183,,,,,,,,bmeleton_merged,0.11855629485972752,3.0,,,,,,,,,,,,,,,,,,,,,,,,,,,,,False
286,2,bmeleton_merged_intersection,-2.6423990215139046,-71.29707175993582,41.81297899974341,1,0,45,97,45,97,2.299904096510387,False,4.196865865245806,0.002681518067151778,0.002681518067151778,0.005510041019101139,,,,,,,,bmeleton_merged,0.002681518067152,2.0,,,,,,,,,,,,,,,,,,,,,,,,,,,,,False
286,3,bmeleton_merged_pivot_refit_both,-5.8806141126959535,-70.03710872013264,100.63244683180037,2,0,26,97,26,97,0.3279744183590127,False,152.04624649970467,1.883326240901927,0.1166737590980731,2.8718000295295187,,,,,,,,bmeleton_merged,,,0.3396839825557792,True,True,ok,ok,26.0,88.0,26.0,88.0,26.0,88.0,26.0,88.0,0.36747846140510304,1.4794812959542458,0.6160380842506014,2.0345397295966805,0.07743802398925352,0.20049057062376202,end,start,1.0,0.36231884352670973,,,,,,False
286,4,bmeleton_merged_pivot_refit_both,-0.29780393332745736,-71.21540085884888,91.05957119929575,1,2,45,26,45,26,0.37314570074015296,False,31.038505412298765,0.14317902223366386,0.14317902223366386,0.10686446997777196,,,,,,,,bmeleton_merged,,,1.6467605998386838,True,True,ok,ok,28.0,26.0,32.0,26.0,28.0,26.0,28.0,26.0,2.1865301426553314,0.36747846140510304,2.364559744644357,0.6160380842506014,0.9972455953496104,0.06437754269882652,end,end,0.0,0.09410471458466947,,,,,,False
286,5,bmeleton_merged_pivot_refit_both,-2.702666079698665,-71.4296094052388,31.88904029407726,1,0,45,97,45,97,3.2299144547861034,False,3.3925619883352853,0.0017524814652050136,0.0017524814652050136,0.0013618223032210565,,,,,,,,bmeleton_merged,,,9.925006689143508,True,True,ok,ok,41.0,47.0,45.0,53.0,41.0,53.0,41.0,47.0,1.2093482910728774,1.2513918912740265,2.0316326573203267,1.4494306285201044,0.9088212940550139,1.587980000677212,end,end,2.0,2.299904096510387,,,,,,False
286,6,bmeleton_final_refit_vertex,-2.8762257690068838,-70.5415936370254,95.78642135764989,2,3,34,26,34,26,0.198706594577614,False,41.45443482799763,0.2505175593746354,0.2505175593746354,0.35818632888017027,,,,,,,,bmeleton_final_refit,,,,,,,,,,,,,,,,,,,,,,,,,,1.0,34.063732969004896,2.0,0.35818632888017027,,False
295,0,bmeleton_merged_intersection,-2.855616760512216,-73.35301440596604,126.47543001085364,0,1,85,14,85,14,2.10617980349195,False,16.82268677751517,0.0427950222418626,0.0427950222418626,0.051936245830975614,,,,,,,,bmeleton_merged,0.04279502224186282,1.0,,,,,,,,,,,,,,,,,,,,,,,,,,,,,False
295,1,bmeleton_merged_pivot_refit_both,-2.234280983864995,-73.33848879552411,124.49215680527573,0,1,85,14,85,14,1.2383639991925306,False,164.05796654277137,1.9615400681904338,0.038459931809566195,1.5811137752576399,,,,,,,,bmeleton_merged,,,2.078374785418602,True,True,ok,ok,65.0,14.0,65.0,14.0,65.0,14.0,65.0,14.0,1.0529591433421912,0.7754673100384626,1.0804657849727428,1.0668398995786859,0.5133768849299326,0.6577464488654434,start,end,0.0,2.10617980349195,,,,,,False
295,2,bmeleton_final_refit_vertex,-3.2823108702909902,-73.38176451178886,124.75238954647853,0,2,16,14,16,14,1.8022084693680847,False,20.060255026409283,0.06066758378670378,0.06066758378670378,0.03337111969376835,,,,,,,,bmeleton_final_refit,,,,,,,,,,,,,,,,,,,,,,,,,,1.0,24.63475195295493,2.0,0.03337111969376835,,False
310,0,bmeleton_merged_intersection,2.284943541023104,-83.19777880652835,89.1305335382518,1,2,26,36,26,36,0.8396155963768571,False,48.97176704203617,0.34356916143434313,0.34356916143434313,0.4499951656516629,,,,,,,,bmeleton_merged,0.34356916143434324,1.0,,,,,,,,,,,,,,,,,,,,,,,,,,,,,False
310,1,bmeleton_merged_intersection,1.480653964768942,-82.8970205856181,90.44198788792015,2,0,36,93,36,93,0.5824960738840825,False,34.15127807139962,0.1724417526801736,0.1724417526801736,0.44683453891909863,,,,,,,,bmeleton_merged,0.1724417526801737,3.0,,,,,,,,,,,,,,,,,,,,,,,,,,,,,False
310,2,bmeleton_merged_intersection,1.3055885584093634,-83.21399791812735,85.83890604869603,1,0,26,93,26,93,0.28502916687319524,False,14.825990991013766,0.03329258830994564,0.03329258830994564,0.07744053219488535,,,,,,,,bmeleton_merged,0.03329258830994575,2.0,,,,,,,,,,,,,,,,,,,,,,,,,,,,,False
310,3,bmeleton_merged_pivot_refit_both,0.7320538028531799,-82.79214519689896,90.22750024569571,2,0,36,93,36,93,0.4303522533633925,False,146.63886510930968,1.8352210755326472,0.16477892446735276,2.7977656753637614,,,,,,,,bmeleton_merged,,,0.7857518681150527,True,True,ok,ok,35.0,82.0,35.0,82.0,35.0,82.0,35.0,82.0,0.9720724706406407,1.3653528749764825,1.520904205549872,1.7333090791672865,0.28453879933688464,0.5602948359688786,end,start,1.0,0.5824960738840825,,,,,,False
310,4,bmeleton_merged_pivot_refit_both,0.6638093799232953,-82.62269300485409,75.9937624937476,1,0,26,93,26,93,0.10942311279002825,False,167.4655650014515,1.9761657497098755,0.023834250290124648,2.091270065074277,,,,,,,,bmeleton_merged,,,9.883742895884234,True,True,ok,ok,19.0,77.0,19.0,77.0,19.0,77.0,19.0,77.0,1.0934115538490208,1.4474171400299434,1.552788665594912,1.7643805214923143,2.7790610893591885,0.4813615708105123,end,start,2.0,0.28502916687319524,,,,,,False
310,5,bmeleton_final_refit_vertex,2.9843771819066354,-82.93116781290999,82.90420260825667,3,1,35,19,35,19,0.19275947092475984,False,42.39680086825441,0.26150701059373027,0.26150701059373027,0.3246653649786868,,,,,,,,bmeleton_final_refit,,,,,,,,,,,,,,,,,,,,,,,,,,1.0,5.0,2.0,0.3246653649786868,,False
311,0,bmeleton_merged_intersection,-2.495485459281579,-66.51449350198982,58.974653489212,1,0,53,98,53,98,0.6605234139065811,False,35.244936221184524,0.18330744015926737,0.18330744015926737,0.48575218249850505,,,,,,,,bmeleton_merged,0.18330744015926737,1.0,,,,,,,,,,,,,,,,,,,,,,,,,,,,,False
311,1,bmeleton_merged_pivot_refit_both,-1.514647549810318,-66.5775252007121,60.709198937620585,1,0,53,98,53,98,0.3918161111646986,False,145.97945244753924,1.8288369801225324,0.17116301987746774,2.5154035458664454,,,,,,,,bmeleton_merged,,,1.9936559162239353,True,True,ok,ok,51.0,49.0,51.0,52.0,51.0,49.0,51.0,49.0,0.6079927110544012,1.914796059730752,0.7118562394220582,2.2161219333128637,0.09439980038699246,1.242895607389408,end,start,0.0,0.6605234139065811,,,,,,False
311,2,bmeleton_final_refit_vertex,-0.5086043260444555,-67.00869955520737,62.49588757284952,2,0,53,39,53,39,0.9266524140073104,False,43.540835081798015,0.275116408041697,0.275116408041697,0.5276151799921902,,,,,,,,bmeleton_final_refit,,,,,,,,,,,,,,,,,,,,,,,,,,1.0,2.8356737129564293,2.0,0.5276151799921902,,False
313,0,bmeleton_merged_intersection,1.4193522980459976,-69.02047388163095,35.63572582364052,0,1,81,34,81,34,0.22985993055363618,False,35.40651621357278,0.18493809083239465,0.18493809083239465,0.463936230099312,,,,,,,,bmeleton_merged,0.18493809083239476,1.0,,,,,,,,,,,,,,,,,,,,,,,,,,,,,False
313,1,bmeleton_merged_pivot_refit_both,1.810506730503791,-68.65582694872158,37.12643916253977,0,1,81,34,81,34,0.005412904969958643,False,36.14040577133725,0.1924258263555596,0.1924258263555596,0.23474914225488222,,,,,,,,bmeleton_merged,,,1.5837283335483172,True,True,ok,ok,42.0,32.0,45.0,32.0,43.0,32.0,42.0,32.0,1.4432823301658768,0.4486142468481299,2.1211205784549585,0.8614762044141845,0.6774430844390764,0.08159705903983837,end,end,0.0,0.22985993055363618,,,,,,False
313,2,bmeleton_final_refit_vertex,3.0409242031420876,-68.1264992030369,39.41359617705132,1,2,48,34,48,34,0.292866183784654,False,39.89117064886726,0.2327360091052958,0.2327360091052958,0.4440918004869874,,,,,,,,bmeleton_final_refit,,,,,,,,,,,,,,,,,,,,,,,,,,1.0,3.8904032686977703,2.0,0.4440918004869874,,False
333,0,bmeleton_merged_intersection,-4.4199610522402555,-67.31917943397684,109.37495258631917,0,1,93,15,93,15,2.156700491038245,False,6.592303967654408,0.006611804876026195,0.006611804876026195,0.008626493483739103,,,,,,,,bmeleton_merged,0.006611804876026417,1.0,,,,,,,,,,,,,,,,,,,,,,,,,,,,,False
333,1,bmeleton_merged_pivot_refit_both,-4.7824606910169285,-67.71945433651028,105.03531060325028,0,1,93,15,93,15,1.9979026506402493,False,6.372843990330011,0.00617936044770484,0.00617936044770484,0.002530321330404175,,,,,,,,bmeleton_merged,,,4.373113139049279,True,True,ok,ok,21.0,15.0,32.0,15.0,21.0,15.0,21.0,15.0,1.1929609305132627,0.7158139215873011,1.8469143069707477,0.9235468798517302,0.5309949685519276,1.3983214258412568,end,end,0.0,2.156700491038245,,,,,,False
333,2,bmeleton_final_refit_vertex,-2.994028134983557,-66.50343906517597,121.55829630293323,0,2,34,15,34,15,1.7090873950843268,False,23.402492500149908,0.0822626520446913,0.0822626520446913,0.06922522150025,,,,,,,,bmeleton_final_refit,,,,,,,,,,,,,,,,,,,,,,,,,,1.0,19.21485363767342,2.0,0.06922522150025,,False
353,0,bmeleton_merged_intersection,-2.976560417320031,-72.86614404079484,47.69488673740511,0,1,73,53,73,53,0.9781347218028348,False,34.88092727589232,0.17965771260329066,0.17965771260329066,0.45078704553460874,,,,,,,,bmeleton_merged,0.17965771260329078,1.0,,,,,,,,,,,,,,,,,,,,,,,,,,,,,False
353,1,bmeleton_merged_pivot_refit_both,-2.9662887062198147,-72.68235815703535,47.743890133674796,0,1,73,53,73,53,0.613264699127912,False,34.942056044823794,0.1802683095136457,0.1802683095136457,0.2304364682608137,,,,,,,,bmeleton_merged,,,0.19048383649051254,True,True,ok,ok,41.0,53.0,43.0,53.0,42.0,53.0,41.0,53.0,1.6674755601724702,0.7848433450957956,2.2134677081089214,1.0107760772347205,0.12978398433886337,0.14439386947811667,end,end,0.0,0.9781347218028348,,,,,,False
353,2,bmeleton_final_refit_vertex,-4.153547680257157,-72.16353103571068,50.23481832745031,2,1,53,45,53,45,0.03594222422146834,False,39.38542327007656,0.2271049684964046,0.2271049684964046,0.5505922537476169,,,,,,,,bmeleton_final_refit,,,,,,,,,,,,,,,,,,,,,,,,,,1.0,5.455407694089942,2.0,0.5505922537476169,,False
361,0,bmeleton_merged_intersection,7.818304466069147,-72.06478589916405,76.23212006681244,0,1,86,20,86,20,0.8479305728249815,False,25.490686120501948,0.09734474461182585,0.09734474461182585,0.17258956502305622,,,,,,,,bmeleton_merged,0.09734474461182585,1.0,,,,,,,,,,,,,,,,,,,,,,,,,,,,,False
361,1,bmeleton_merged_pivot_refit_both,8.377168313666285,-72.19105965821387,77.58503935534563,0,1,86,20,86,20,0.737417902074651,False,154.9949809158294,1.9062707623922353,0.09372923760776475,1.7223583599723071,,,,,,,,bmeleton_merged,,,1.4692394167258085,True,True,ok,ok,36.0,20.0,37.0,20.0,36.0,20.0,36.0,20.0,0.7421410594045557,0.34211576963442225,0.9412501984554771,0.46689386931199695,0.557042630509546,0.16629305631832317,start,end,0.0,0.8479305728249815,,,,,,False
361,2,bmeleton_final_refit_vertex,9.201747140060256,-72.58175498623126,79.53305703451255,0,2,42,20,42,20,0.8551211420461068,False,33.3174634137048,0.16436001635015496,0.16436001635015496,0.20339484539747849,,,,,,,,bmeleton_final_refit,,,,,,,,,,,,,,,,,,,,,,,,,,1.0,16.491461646831677,2.0,0.20339484539747849,,False
362,0,bmeleton_merged_intersection,-4.079965987098639,-74.5385713519444,65.1171347707103,0,1,109,63,109,63,0.16457757248664504,False,33.81113991358366,0.1691237059702937,0.1691237059702937,0.49120292104218666,,,,,,,,bmeleton_merged,0.16912370597029358,1.0,,,,,,,,,,,,,,,,,,,,,,,,,,,,,False
362,1,bmeleton_merged_pivot_refit_both,-5.620956937210176,-74.6613093850245,68.135152949468,0,1,109,63,109,63,0.2695842130749269,False,147.83760355583507,1.846542713681472,0.15345728631852806,3.024662869099543,,,,,,,,bmeleton_merged,,,3.3908924283147015,True,True,ok,ok,57.0,60.0,60.0,60.0,57.0,60.0,57.0,60.0,1.6988315891372887,0.7901012591325594,1.9629288216707927,1.2739143886070978,1.719954378156489,0.04440251466123275,start,end,0.0,0.16457757248664504,,,,,,False
362,2,bmeleton_final_refit_vertex,-6.2760044721915555,-75.44957096800685,69.43154266790937,2,0,63,44,63,44,1.0395578160525178,False,43.969858445469384,0.2802948607263983,0.2802948607263983,0.6108669282805469,,,,,,,,bmeleton_final_refit,,,,,,,,,,,,,,,,,,,,,,,,,,1.0,1.8727394462246632,2.0,0.6108669282805469,,False
392,0,bmeleton_merged_intersection,-0.6956823114947686,-71.33012636714159,101.26735236682177,1,2,30,37,30,37,0.2108808800717208,False,26.04144770710087,0.10152330607541027,0.10152330607541027,0.16227667653671493,,,,,,,,bmeleton_merged,0.10152330607541027,2.0,,,,,,,,,,,,,,,,,,,,,,,,,,,,,False
392,1,bmeleton_merged_intersection,-5.936373881264182,-71.76372788493904,112.68395315511697,0,2,79,37,79,37,0.728995509438438,False,21.589289529824356,0.07015471574157806,0.07015471574157806,0.1655132641975996,,,,,,,,bmeleton_merged,0.07015471574157817,3.0,,,,,,,,,,,,,,,,,,,,,,,,,,,,,False
392,2,bmeleton_merged_intersection,-2.0679892836867904,-72.55297066585487,41.209765165769795,1,0,30,79,30,79,0.28423382490715654,False,4.489146326447216,0.003067821463902831,0.003067821463902831,0.007065814581059227,,,,,,,,bmeleton_merged,0.003067821463902942,1.0,,,,,,,,,,,,,,,,,,,,,,,,,,,,,False
392,3,bmeleton_merged_pivot_refit_both,-5.9487269443692,-71.59422795707512,112.99985786764319,0,2,79,37,79,37,0.6782028921032016,False,158.32248877261136,1.9292776267182048,0.0707223732817952,2.7287757080152066,,,,,,,,bmeleton_merged,,,0.3587180105740793,True,True,ok,ok,73.0,30.0,73.0,30.0,73.0,30.0,73.0,30.0,1.0887757363601394,0.6820660490971795,1.5596607932096183,1.0229853149044121,0.2730148840390782,0.11559094892375266,start,end,1.0,0.728995509438438,,,,,,False
392,4,bmeleton_merged_pivot_refit_both,-0.18037681762169866,-71.1581470478626,101.2677915115285,1,2,30,37,30,37,0.3763049151585696,False,153.42926820648285,1.8943828474061326,0.1056171525938675,1.0818751866669556,,,,,,,,bmeleton_merged,,,0.5432465656803607,True,True,ok,ok,8.0,31.0,8.0,31.0,8.0,31.0,8.0,31.0,0.2902561232523695,0.7637565084146831,0.5280015269156526,1.0893283633030826,0.3534100955173105,0.24006294932039735,start,end,0.0,0.2108808800717208,,,,,,False
392,5,bmeleton_merged_pivot_refit_both,-2.191042212871576,-72.53602609188133,35.668053678708375,1,0,30,79,30,79,0.5432563818983839,False,4.187061594054965,0.0026690097166881532,0.0026690097166881532,0.0027641474340162524,,,,,,,,bmeleton_merged,,,5.543103404032491,True,True,ok,ok,29.0,46.0,29.0,52.0,29.0,52.0,29.0,46.0,1.1283272464879512,1.157318940567404,1.5564467355631122,1.559626896205514,0.08296815076572865,0.4036927534638504,end,end,2.0,0.28423382490715654,,,,,,False
392,6,bmeleton_final_refit_vertex,-2.903175798057663,-71.51013443972391,107.0425981903227,3,2,32,22,32,22,0.29127468726824185,False,33.56761555710798,0.1667661070622436,0.1667661070622436,0.20906138409504965,,,,,,,,bmeleton_final_refit,,,,,,,,,,,,,,,,,,,,,,,,,,1.0,5.0,2.0,0.20906138409504965,,False
403,0,bmeleton_merged_intersection,-2.902693131327439,-77.9962236136486,67.88083014848979,1,0,38,119,38,119,0.9611622103411563,False,33.171351082082644,0.16296199971783787,0.16296199971783787,0.4100592987600775,,,,,,,,bmeleton_merged,0.16296199971783787,1.0,,,,,,,,,,,,,,,,,,,,,,,,,,,,,False
403,1,bmeleton_merged_pivot_refit_both,-1.2759567119293826,-77.45351235637989,70.25463062627918,1,0,38,119,38,119,0.33418120637910914,False,148.6979877825995,1.854440584188739,0.14555941581126097,2.4740074926364914,,,,,,,,bmeleton_merged,,,2.9284356908280085,True,True,ok,ok,36.0,62.0,36.0,65.0,36.0,62.0,36.0,62.0,0.6168665654317298,1.719442168906366,0.8774368171104643,2.1348687371147808,0.14111681906110257,1.7686171645144575,end,start,0.0,0.9611622103411563,,,,,,False
403,2,bmeleton_final_refit_vertex,-1.2662801337833798,-77.03018344090907,71.30464956688226,1,2,48,38,48,38,0.027746112903566853,False,39.66447016840791,0.23020448497445267,0.23020448497445267,0.488869414812462,,,,,,,,bmeleton_final_refit,,,,,,,,,,,,,,,,,,,,,,,,,,1.0,1.5880072731867065,2.0,0.488869414812462,,False
442,0,bmeleton_merged_intersection,1.8819520544486257,-70.45466169795519,89.5265978036594,1,0,21,75,21,75,0.1616003239304457,False,8.291139637868783,0.010451899160353828,0.010451899160353828,0.02009051759956187,,,,,,,,bmeleton_merged,0.010451899160353939,1.0,,,,,,,,,,,,,,,,,,,,,,,,,,,,,False
442,1,bmeleton_merged_pivot_refit_both,1.8476982422676633,-70.60570657703967,84.54437369073969,1,0,21,75,21,75,0.7229668199455038,False,7.508392171163876,0.008574267565507165,0.008574267565507165,0.0035945886837388274,,,,,,,,bmeleton_merged,,,4.984630878059594,True,True,ok,ok,21.0,12.0,21.0,26.0,21.0,14.0,21.0,12.0,1.1935075103160324,1.2551017473418251,1.5207131560943716,1.3665848050199947,0.8522326794413979,0.18903817560921396,end,end,0.0,0.1616003239304457,,,,,,False
442,2,bmeleton_final_refit_vertex,3.4594677662541216,-70.9669907600977,101.26728356087102,1,2,24,21,24,21,0.5485762360359703,False,41.778149671043565,0.25426986558788356,0.25426986558788356,0.2571986074459933,,,,,,,,bmeleton_final_refit,,,,,,,,,,,,,,,,,,,,,,,,,,1.0,19.380830714083448,2.0,0.2571986074459933,,False
453,0,bmeleton_merged_intersection,4.17087238629421,-68.11969561670534,103.20532862022884,2,1,98,58,98,58,0.7020932624664457,False,31.80246238152501,0.15012995460072243,0.15012995460072243,0.39493379279397367,,,,,,,,bmeleton_merged,0.15012995460072265,2.0,,,,,,,,,,,,,,,,,,,,,,,,,,,,,False
453,1,bmeleton_merged_intersection,9.462863734635516,-67.60623338770358,113.2831132200693,2,0,98,93,98,93,0.609120197508527,False,25.631190846196517,0.09840282733360195,0.09840282733360195,0.2631504332283094,,,,,,,,bmeleton_merged,0.09840282733360195,1.0,,,,,,,,,,,,,,,,,,,,,,,,,,,,,False
453,2,bmeleton_merged_intersection,7.399620300805125,-69.01009595935997,57.85389151415826,0,1,93,58,93,58,0.35651279665078545,False,6.1924581387836,0.005834828651656632,0.005834828651656632,0.016339441927511827,,,,,,,,bmeleton_merged,0.005834828651656743,3.0,,,,,,,,,,,,,,,,,,,,,,,,,,,,,False
453,3,bmeleton_merged_pivot_refit_both,3.665803851283411,-68.11352318555078,101.40912776850135,2,1,98,58,98,58,0.8167270679290962,False,147.96410482375634,1.8477159411578157,0.15228405884218432,2.0749283624511126,,,,,,,,bmeleton_merged,,,1.8658697231347308,True,True,ok,ok,91.0,22.0,93.0,22.0,91.0,22.0,91.0,22.0,1.5183757527425532,1.2135548162314471,1.9894007986334903,1.4519725060096291,0.25959911591337265,0.441469507304655,end,start,0.0,0.7020932624664457,,,,,,False
453,4,bmeleton_merged_pivot_refit_both,9.278449410708317,-67.50726553709909,111.65486207725547,2,0,98,93,98,93,0.8905836260531629,False,154.58584020555867,1.9032292603794991,0.09677073962050087,2.815871343465797,,,,,,,,bmeleton_merged,,,1.6416470578042412,True,True,ok,ok,88.0,87.0,90.0,87.0,88.0,87.0,88.0,87.0,1.5145165431434109,1.2737062711355487,1.9959267901881328,1.4778097361995972,0.3889429317533507,0.17826561622499892,end,start,1.0,0.609120197508527,,,,,,False
453,5,bmeleton_merged_pivot_refit_both,7.389953823572541,-69.1148772849499,50.2118982541721,0,1,93,58,93,58,0.45262011013052694,False,5.667074022327633,0.004887518591602635,0.004887518591602635,0.005951972949308434,,,,,,,,bmeleton_merged,,,7.642717681077095,True,True,ok,ok,36.0,45.0,41.0,48.0,41.0,45.0,36.0,45.0,0.8023191308062227,1.1644499307786387,1.3545653343629869,2.022891734426844,0.268888302369867,0.3661339667611222,end,end,2.0,0.35651279665078545,,,,,,False
453,6,bmeleton_final_refit_vertex,5.554358913959716,-68.05468861599053,107.76174123213775,3,1,93,36,93,36,1.4557553426913445,False,38.80127382306396,0.22067596617181273,0.22067596617181273,0.4944708642455608,,,,,,,,bmeleton_final_refit,,,,,,,,,,,,,,,,,,,,,,,,,,1.0,5.0,2.0,0.4944708642455608,,False
470,0,bmeleton_merged_intersection,-3.6939055866428747,-69.78010059691618,43.95345751672175,1,0,33,91,33,91,0.7014361156255691,False,20.977371997173712,0.06627811492871272,0.06627811492871272,0.15925884440614127,,,,,,,,bmeleton_merged,0.06627811492871283,1.0,,,,,,,,,,,,,,,,,,,,,,,,,,,,,False
470,1,bmeleton_merged_pivot_refit_both,-2.9351992498194543,-69.44466114315063,51.362973540388666,1,0,33,91,33,91,0.015760685168564315,False,21.68370291990064,0.07076229613349616,0.07076229613349616,0.07572518625168426,,,,,,,,bmeleton_merged,,,7.455808650820872,True,True,ok,ok,25.0,46.0,25.0,51.0,25.0,51.0,25.0,46.0,0.9984172348283943,1.1410186008180108,1.179375235610864,1.710462807637679,0.9192431757285329,0.2435849965276989,end,end,0.0,0.7014361156255691,,,,,,False
470,2,bmeleton_final_refit_vertex,-3.2697611655464884,-69.19453867559957,58.299652644374774,0,2,55,25,55,25,0.01401928854782602,False,26.022537895620953,0.10137846111963278,0.10137846111963278,0.18743515598771707,,,,,,,,bmeleton_final_refit,,,,,,,,,,,,,,,,,,,,,,,,,,1.0,5.0,2.0,0.18743515598771707,,False
506,0,bmeleton_merged_intersection,4.450554513204369,-78.24062443590395,59.82493364461891,1,0,35,19,35,19,1.6167777780745498,False,11.895879406869671,0.021476187653206136,0.021476187653206136,0.020924807536593315,,,,,,,,bmeleton_merged,0.021476187653206136,1.0,,,,,,,,,,,,,,,,,,,,,,,,,,,,,False
506,1,bmeleton_final_refit_vertex,0.40284995247090394,-80.3297021127013,95.56843371224511,2,1,35,6,35,6,2.126426066245534,False,24.261008545340033,0.08831688686717143,0.08831688686717143,0.0448974446919729,,,,,,,,bmeleton_final_refit,,,,,,,,,,,,,,,,,,,,,,,,,,1.0,7.409975940219058,2.0,0.0448974446919729,,False
513,0,bmeleton_merged_intersection,-6.806360059626505,-73.78688209911996,70.95725107647124,0,1,78,22,78,22,0.3959781438920086,False,32.03709530282323,0.15229516992834347,0.15229516992834347,0.29229043144781003,,,,,,,,bmeleton_merged,0.15229516992834347,1.0,,,,,,,,,,,,,,,,,,,,,,,,,,,,,False
513,1,bmeleton_merged_pivot_refit_both,-7.8178688118358135,-73.32289128725131,73.00914645334947,0,1,78,22,78,22,0.17610625731544177,False,149.09332151368446,1.8580050407173887,0.1419949592826113,1.675249528503863,,,,,,,,bmeleton_merged,,,2.33424764473456,True,True,ok,ok,34.0,22.0,35.0,22.0,34.0,22.0,34.0,22.0,1.4322731635270172,0.2624382455893525,1.8559946250562738,0.7489736178031883,1.1141183163461679,0.048526383441546646,start,end,0.0,0.3959781438920086,,,,,,False
513,2,bmeleton_final_refit_vertex,-9.268623835936069,-72.59700922111341,76.07542856521516,0,2,37,22,37,22,0.0281575983890323,False,40.92175575627758,0.24439519667389764,0.24439519667389764,0.3466857538223516,,,,,,,,bmeleton_final_refit,,,,,,,,,,,,,,,,,,,,,,,,,,1.0,7.108883747288042,2.0,0.3466857538223516,,False
519,0,bmeleton_merged_intersection,-4.6311283573058795,-81.47734462193647,90.77802574604607,1,0,92,95,92,95,0.7391996275920892,False,34.97959627970298,0.18064375014745326,0.18064375014745326,0.472131382080649,,,,,,,,bmeleton_merged,0.18064375014745326,1.0,,,,,,,,,,,,,,,,,,,,,,,,,,,,,False
519,1,bmeleton_merged_pivot_refit_both,-3.503212998888518,-81.37381986117893,92.15652586272617,1,0,92,95,92,95,0.452249053949251,False,145.9226957713889,1.8282823476927694,0.17171765230723046,3.1218888447179807,,,,,,,,bmeleton_merged,,,1.7841448942086295,True,True,ok,ok,86.0,55.0,87.0,60.0,86.0,55.0,86.0,55.0,1.104687852761493,1.1830240876492317,1.5024873152676437,1.5038783823015944,0.17891696932592263,0.8196567981415523,end,start,0.0,0.7391996275920892,,,,,,False
519,2,bmeleton_final_refit_vertex,-1.9919959116565615,-81.57794949619975,95.10028703917791,2,1,92,31,92,31,0.5545164931421951,False,42.072918458442714,0.25770735668709954,0.25770735668709954,0.6194344070645816,,,,,,,,bmeleton_final_refit,,,,,,,,,,,,,,,,,,,,,,,,,,1.0,0.5098938719603003,2.0,0.6194344070645816,,False
523,0,bmeleton_merged_intersection,-7.335342163915932,-63.99873085830513,97.59925115849425,0,1,91,16,91,16,0.01224407934057156,False,19.184646818027222,0.05553553938608513,0.05553553938608513,0.10569622559001812,,,,,,,,bmeleton_merged,0.05553553938608535,1.0,,,,,,,,,,,,,,,,,,,,,,,,,,,,,False
523,1,bmeleton_merged_pivot_refit_both,-8.582295361495275,-64.21530775777268,101.28218415185879,0,1,91,16,91,16,0.5587243375786816,False,161.61359632809504,1.9489508886621416,0.05104911133785828,1.9355897663672905,,,,,,,,bmeleton_merged,,,3.8943283456777693,True,True,ok,ok,58.0,16.0,59.0,16.0,58.0,16.0,58.0,16.0,0.928134637237441,0.470094774058903,1.6916796029515888,0.553877441259856,0.8737914895860395,0.014134621962371186,start,end,0.0,0.01224407934057156,,,,,,False
523,2,bmeleton_final_refit_vertex,-6.680272140828462,-64.31746433174811,96.358583286413,1,2,23,16,23,16,1.1083846984727426,False,21.50074338300722,0.06958718725951896,0.06958718725951896,0.054634480759096125,,,,,,,,bmeleton_final_refit,,,,,,,,,,,,,,,,,,,,,,,,,,1.0,36.892063136872885,2.0,0.054634480759096125,,False
530,0,bmeleton_merged_intersection,5.76773892716377,-70.77920642805994,76.00823245923543,1,2,42,19,42,19,1.098276431250964,False,47.8402976705813,0.3288006046720836,0.3288006046720836,0.38077370967408736,,,,,,,,bmeleton_merged,0.3288006046720837,2.0,,,,,,,,,,,,,,,,,,,,,,,,,,,,,False
530,1,bmeleton_merged_intersection,4.698202268950679,-71.14936740456781,74.17067164952853,0,2,59,19,59,19,0.8976875287402829,False,32.54573532677607,0.15703771259596488,0.15703771259596488,0.22287687852176524,,,,,,,,bmeleton_merged,0.157037712595965,3.0,,,,,,,,,,,,,,,,,,,,,,,,,,,,,False
530,2,bmeleton_merged_intersection,4.829555355145912,-71.67313045693346,80.21827831110322,1,0,42,59,42,59,0.16875970571738574,False,15.298726383676348,0.035436716199713114,0.035436716199713114,0.0853213636153442,,,,,,,,bmeleton_merged,0.035436716199713114,1.0,,,,,,,,,,,,,,,,,,,,,,,,,,,,,False
530,3,bmeleton_merged_pivot_refit_both,5.416106950955108,-70.62306072467845,75.64020460833179,1,2,42,19,42,19,0.20393098350954994,False,47.492691159098875,0.32431574832304944,0.32431574832304944,0.27232984122097503,,,,,,,,bmeleton_merged,,,0.5324199718433396,True,True,ok,ok,33.0,19.0,34.0,19.0,33.0,19.0,33.0,19.0,1.4078023373667334,0.24696251993705146,2.3635662055636777,0.35738996443256216,0.4024606131865077,0.1316350705295307,end,end,0.0,1.098276431250964,,,,,,False
530,4,bmeleton_merged_pivot_refit_both,4.934660856302656,-70.8503638034329,74.7820836233487,0,2,59,19,59,19,0.22252476159280868,False,147.7230352903839,1.8454765968093616,0.1545234031906383,1.7239393424756484,,,,,,,,bmeleton_merged,,,0.7205139962240935,True,True,ok,ok,35.0,19.0,35.0,19.0,35.0,19.0,35.0,19.0,0.9867408656396629,0.24696251993705146,1.110693170379687,0.35738996443256216,0.30255940117959534,0.09617515514996043,start,end,1.0,0.8976875287402829,,,,,,False
530,5,bmeleton_merged_pivot_refit_both,5.303784433075286,-70.96003753438512,78.13924018892291,1,0,42,59,42,59,0.14801691654735058,False,164.02914851572513,1.961401798617326,0.038598201382674,2.008029256478232,,,,,,,,bmeleton_merged,,,2.2485093391003064,True,True,ok,ok,32.0,39.0,33.0,39.0,32.0,39.0,32.0,39.0,1.6129377389967974,0.9021157379142419,2.325913836672734,1.0974840747144623,0.44166713368194066,0.7117466541592224,end,start,2.0,0.16875970571738574,,,,,,False
530,6,bmeleton_final_refit_vertex,2.7969765978255747,-70.37176014849383,72.12340434462962,1,3,34,19,34,19,2.0945389178100524,False,41.71926868296225,0.2535855782046744,0.2535855782046744,0.22712066085050164,,,,,,,,bmeleton_final_refit,,,,,,,,,,,,,,,,,,,,,,,,,,1.0,5.514073179230241,2.0,0.22712066085050164,,False
549,0,bmeleton_merged_intersection,-5.709885014820626,-65.64219255172713,99.42195529306488,0,1,131,44,131,44,0.9212660603003874,False,32.34930477941164,0.1551983063065384,0.1551983063065384,0.3931548710851168,,,,,,,,bmeleton_merged,0.1551983063065384,1.0,,,,,,,,,,,,,,,,,,,,,,,,,,,,,False
549,1,bmeleton_merged_pivot_refit_both,-5.312009584770464,-65.57703871893884,100.1085981646722,0,1,131,44,131,44,0.48438250369292346,False,147.9231557228901,1.847336613532888,0.15266338646711197,3.1428996095360286,,,,,,,,bmeleton_merged,,,0.7962589483916348,True,True,ok,ok,94.0,43.0,99.0,43.0,94.0,43.0,94.0,43.0,1.6655864770714213,0.6991439364988425,2.2900597184605647,0.8549472512296303,0.3109674026110794,0.10183995390977142,start,end,0.0,0.9212660603003874,,,,,,False
549,2,bmeleton_final_refit_vertex,-5.0050331285134035,-65.41080573997652,100.66968419417378,2,0,44,25,44,25,0.6716039058098112,False,39.35559331255265,0.22677471525774484,0.22677471525774484,0.3315317214232683,,,,,,,,bmeleton_final_refit,,,,,,,,,,,,,,,,,,,,,,,,,,1.0,4.575263976081398,2.0,0.3315317214232683,,False
560,0,bmeleton_merged_intersection,-8.052399393543514,-73.94727513944122,28.42749063108417,1,0,15,45,15,45,1.076669531973605,False,16.976255145624872,0.04357415975881529,0.04357415975881529,0.046575261046949874,,,,,,,,bmeleton_merged,0.04357415975881551,1.0,,,,,,,,,,,,,,,,,,,,,,,,,,,,,False
560,1,bmeleton_merged_pivot_refit_both,-7.247878473685475,-73.63075283893589,23.94422804753577,1,0,15,45,15,45,1.471232480319938,False,15.184793713558886,0.034913954568454364,0.034913954568454364,0.014949814675622631,,,,,,,,bmeleton_merged,,,4.565860671357753,True,True,ok,ok,13.0,21.0,13.0,24.0,13.0,23.0,13.0,21.0,0.561426035236296,1.0681528638130795,0.7358085992291857,1.1397095105071373,0.16805180522268262,2.2003064687063767,end,end,0.0,1.076669531973605,,,,,,False
560,2,bmeleton_final_refit_vertex,-7.607341021484938,-73.7275680933941,27.027652075780125,1,2,26,13,26,13,0.5756732861131557,False,15.870560945832851,0.03811805485203135,0.03811805485203135,0.031421851492120116,,,,,,,,bmeleton_final_refit,,,,,,,,,,,,,,,,,,,,,,,,,,1.0,5.0,2.0,0.031421851492120116,,False
567,0,bmeleton_merged_intersection,2.338941708297946,-69.92783510823162,125.08789961102087,1,0,16,95,16,95,1.9576373141096892,False,9.460526166085671,0.013600923262852893,0.013600923262852893,0.01905322108034005,,,,,,,,bmeleton_merged,0.013600923262852893,1.0,,,,,,,,,,,,,,,,,,,,,,,,,,,,,False
567,1,bmeleton_merged_pivot_refit_both,2.436412449184022,-69.8853514019207,125.71354096052531,1,0,16,95,16,95,1.912108905237928,False,170.59449047081714,1.9865564517152263,0.013443548284773787,1.6087091926652035,,,,,,,,bmeleton_merged,,,0.6346120932038111,True,True,ok,ok,16.0,64.0,16.0,64.0,16.0,64.0,16.0,64.0,0.6089960945022164,0.8752147454504584,1.0545184501823648,1.0234934536660862,1.2339148746148352,0.463451154146619,end,start,0.0,1.9576373141096892,,,,,,False
567,2,bmeleton_final_refit_vertex,4.078877666082942,-69.09654075602339,135.96547625804303,0,2,28,16,28,16,1.517328088128905,False,28.82419084700961,0.12389679924045993,0.12389679924045993,0.10059340717378652,,,,,,,,bmeleton_final_refit,,,,,,,,,,,,,,,,,,,,,,,,,,1.0,16.28994204069443,2.0,0.10059340717378652,,False
572,0,bmeleton_merged_intersection,0.808172460535964,-73.2675541613288,78.39315756504531,1,0,23,82,23,82,1.3872763898829819,False,16.661881876745003,0.041986539990091165,0.041986539990091165,0.07136828004118936,,,,,,,,bmeleton_merged,0.041986539990091165,1.0,,,,,,,,,,,,,,,,,,,,,,,,,,,,,False
572,1,bmeleton_merged_pivot_refit_both,1.4668077846024006,-72.88060860361863,80.89053654305204,1,0,23,82,23,82,1.1456597327361981,False,163.97799499215475,1.9611557638084804,0.038844236191519554,1.7904943923045433,,,,,,,,bmeleton_merged,,,2.6115951283707126,True,True,ok,ok,23.0,37.0,23.0,38.0,23.0,37.0,23.0,37.0,0.42648485839302636,0.6456397288975464,0.7277953726734602,0.9773939351005415,0.2822148049012759,0.7198257870065333,end,start,0.0,1.3872763898829819,,,,,,False
572,2,bmeleton_final_refit_vertex,0.6393064521022387,-72.89775445621245,78.08419278279978,0,2,39,23,39,23,0.5806045782546475,False,23.941306360214213,0.08603836185841862,0.08603836185841862,0.11543755298401949,,,,,,,,bmeleton_final_refit,,,,,,,,,,,,,,,,,,,,,,,,,,1.0,53.26380515079023,2.0,0.11543755298401949,,False
580,0,bmeleton_merged_intersection,-7.205668640650677,-70.52983553531908,115.63956494144176,0,1,100,40,100,40,0.3005643506242843,False,10.605042047775825,0.01708084243680763,0.01708084243680763,0.04833685992736576,,,,,,,,bmeleton_merged,0.01708084243680763,1.0,,,,,,,,,,,,,,,,,,,,,,,,,,,,,False
580,1,bmeleton_merged_pivot_refit_both,-7.684184191249646,-70.48753175774937,124.18545503311128,0,1,100,40,100,40,0.13977482702001107,False,168.81520394144607,1.9810066626131,0.01899333738690001,3.0404213095814585,,,,,,,,bmeleton_merged,,,8.55938106411071,True,True,ok,ok,79.0,36.0,79.0,36.0,79.0,36.0,79.0,36.0,1.4849904572942332,1.128071769052923,1.8839388069007486,1.606904508985259,0.1612570187362405,0.7299804454859373,start,end,0.0,0.3005643506242843,,,,,,False
580,2,bmeleton_final_refit_vertex,-6.620617145528339,-70.94577399227578,117.92504290472615,3,1,36,17,36,17,0.05063099507777509,False,32.99257886005255,0.16125889563019769,0.16125889563019769,0.19746665131596708,,,,,,,,bmeleton_final_refit,,,,,,,,,,,,,,,,,,,,,,,,,,1.0,5.0,2.0,0.19746665131596708,,False
590,0,bmeleton_merged_intersection,-4.654839512251359,-72.96824924789031,105.6340618204801,1,0,40,92,40,92,2.822038720040159,False,11.086609622951855,0.018662369235596166,0.018662369235596166,0.03578805328804423,,,,,,,,bmeleton_merged,0.018662369235596166,1.0,,,,,,,,,,,,,,,,,,,,,,,,,,,,,False
590,1,bmeleton_final_refit_vertex,-2.925036679614057,-72.05955642426818,97.2801795223441,2,1,23,8,23,8,0.8678714533775718,False,45.22473440408682,0.29567217509457466,0.29567217509457466,0.1708751013253291,,,,,,,,bmeleton_final_refit,,,,,,,,,,,,,,,,,,,,,,,,,,1.0,5.0,2.0,0.1708751013253291,,False
593,0,bmeleton_merged_intersection,-1.0373217473227685,-74.60941258202796,95.47121480301986,2,1,26,19,26,19,0.7817707142880489,False,44.237980794035884,0.2835516935403857,0.2835516935403857,0.2725052436932775,,,,,,,,bmeleton_merged,0.2835516935403857,1.0,,,,,,,,,,,,,,,,,,,,,,,,,,,,,False
593,1,bmeleton_merged_intersection,0.9182642129347368,-74.62432394805356,98.51520659522711,2,0,26,61,26,61,1.7281722720712636,False,33.045549112785864,0.16176267525093213,0.16176267525093213,0.23937170765617988,,,,,,,,bmeleton_merged,0.16176267525093213,2.0,,,,,,,,,,,,,,,,,,,,,,,,,,,,,False
593,2,bmeleton_merged_intersection,0.9029080142948169,-74.83391615660955,87.62669373460847,1,0,19,61,19,61,1.410342944987211,False,11.496409345732143,0.02006280316634068,0.02006280316634068,0.02663741486499955,,,,,,,,bmeleton_merged,0.02006280316634068,3.0,,,,,,,,,,,,,,,,,,,,,,,,,,,,,False
593,3,bmeleton_merged_pivot_refit_both,-0.6957954775395514,-74.72595478430954,95.54962814545664,2,1,26,19,26,19,0.5333853047920573,False,44.53476624603736,0.2871749836767522,0.2871749836767522,0.2000355883846371,,,,,,,,bmeleton_merged,,,0.36928434862147386,True,True,ok,ok,26.0,18.0,26.0,18.0,26.0,18.0,26.0,18.0,0.38931842416138646,1.1113479942471403,0.6257640494932847,1.472830539454903,0.08049532263967664,0.7341506803785826,end,end,0.0,0.7817707142880489,,,,,,False
593,4,bmeleton_merged_pivot_refit_both,1.5115337853661082,-74.60167959778141,99.0238758487138,2,0,26,61,26,61,1.3448263593771481,False,147.41320267667007,1.8425765236876255,0.15742347631237452,1.9331132088632739,,,,,,,,bmeleton_merged,,,0.7818094151485087,True,True,ok,ok,26.0,49.0,26.0,49.0,26.0,49.0,26.0,49.0,0.38931842416138646,0.8594239504959622,0.6257640494932847,1.0525262347753306,0.23472978885837895,0.6289951840794935,end,start,1.0,1.7281722720712636,,,,,,False
593,5,bmeleton_merged_pivot_refit_both,1.282277580527477,-74.64167805297743,85.57365164030375,1,0,19,61,19,61,1.4350463782796439,False,168.23800312956268,1.9790028115177525,0.02099718848224763,1.4331017464097744,,,,,,,,bmeleton_merged,,,2.0966302957981697,True,True,ok,ok,19.0,43.0,19.0,43.0,19.0,43.0,19.0,43.0,1.0933749174567056,0.8341688696522991,1.4617874020491626,1.052957589114925,0.7862673386541206,0.605498401258836,end,start,2.0,1.410342944987211,,,,,,False
593,6,bmeleton_final_refit_vertex,-1.0373217473227685,-74.60941258202796,95.47121480301986,2,1,26,19,26,19,0.7817707142880489,False,44.237980794035884,0.2835516935403857,0.2835516935403857,0.2725052436932775,,,,,,,,bmeleton_final_refit,,,,,,,,,,,,,,,,,,,,,,,,,,1.0,3.0,2.0,0.2725052436932775,,False
599,0,bmeleton_merged_intersection,-0.21026012307415665,-61.85806508755893,32.50501557793774,1,0,38,57,38,57,1.2747539489747897,False,33.4013040968909,0.16516466632634286,0.16516466632634286,0.30625957715644764,,,,,,,,bmeleton_merged,0.16516466632634286,1.0,,,,,,,,,,,,,,,,,,,,,,,,,,,,,False
599,1,bmeleton_merged_pivot_refit_both,-0.1952597370805904,-61.85224200125877,32.45085770656806,1,0,38,57,38,57,1.2242779315993695,False,33.41192789677839,0.16526675449702855,0.16526675449702855,0.13165896174397734,,,,,,,,bmeleton_merged,,,0.05649774283376339,True,True,ok,ok,36.0,24.0,36.0,25.0,36.0,24.0,36.0,24.0,0.49201426513358637,1.2789700515057567,0.7796038928514265,1.6036933236664135,0.17523908642646324,0.9125775751624751,end,end,0.0,1.2747539489747897,,,,,,False
599,2,bmeleton_final_refit_vertex,0.771182958173855,-61.91689217420392,34.79730065287998,2,0,36,26,36,26,0.7476250449164015,False,37.2431617817952,0.20392576164678644,0.20392576164678644,0.2713698518523556,,,,,,,,bmeleton_final_refit,,,,,,,,,,,,,,,,,,,,,,,,,,1.0,5.0,2.0,0.2713698518523556,,False
602,0,bmeleton_merged_intersection,-5.668390036459373,-76.76722135632139,103.6971811186084,2,1,12,7,12,7,1.6188851909620499,False,25.548817311753247,0.09778184849805782,0.09778184849805782,0.0338495614750136,,,,,,,,bmeleton_merged,0.09778184849805782,1.0,,,,,,,,,,,,,,,,,,,,,,,,,,,,,False
602,1,bmeleton_merged_intersection,-3.4351033852675252,-76.67314506633033,108.03317666260837,2,0,12,35,12,35,0.8225915343998254,False,22.77861465759039,0.07799227451366697,0.07799227451366697,0.06862777444933102,,,,,,,,bmeleton_merged,0.07799227451366697,2.0,,,,,,,,,,,,,,,,,,,,,,,,,,,,,False
602,2,bmeleton_merged_intersection,-4.722529941071052,-77.57995246773496,115.0489814664956,1,0,7,35,7,35,2.574019376793499,False,11.08347539890119,0.0186518518108163,0.0186518518108163,0.009636483792911226,,,,,,,,bmeleton_merged,0.0186518518108163,3.0,,,,,,,,,,,,,,,,,,,,,,,,,,,,,False
602,3,bmeleton_merged_pivot_refit_both,-3.465279796156439,-76.48568697890546,109.14703735308296,2,0,12,35,12,35,0.7310828854361079,False,157.10239683051648,1.9212016828200744,0.07879831717992558,1.1049467713916103,,,,,,,,bmeleton_merged,,,1.1299277800371448,True,True,ok,ok,12.0,25.0,12.0,26.0,12.0,25.0,12.0,25.0,0.3515024164268291,0.8470605631959879,0.5295792230811494,1.654596877875746,0.2902598697767672,0.14239145319553467,end,start,1.0,0.8225915343998254,,,,,,False
602,4,bmeleton_final_refit_vertex,-5.668390036459373,-76.76722135632139,103.6971811186084,2,1,12,7,12,7,1.6188851909620499,False,25.548817311753247,0.09778184849805782,0.09778184849805782,0.0338495614750136,,,,,,,,bmeleton_final_refit,,,,,,,,,,,,,,,,,,,,,,,,,,1.0,3.0,2.0,0.0338495614750136,,False
603,0,bmeleton_merged_intersection,1.6668258727516432,-72.59512606165742,81.98632832654313,0,1,73,19,73,19,0.7517926761882406,False,26.010107332313208,0.10128329908552025,0.10128329908552025,0.16395054128679443,,,,,,,,bmeleton_merged,0.10128329908552047,1.0,,,,,,,,,,,,,,,,,,,,,,,,,,,,,False
603,1,bmeleton_merged_pivot_refit_both,0.24164914198524245,-72.97605847665656,90.85720723405936,0,1,73,19,73,19,0.04626160363224152,False,154.75516866171893,1.9044936226105198,0.0955063773894802,1.471443774054729,,,,,,,,bmeleton_merged,,,8.9927043101912,True,True,ok,ok,38.0,17.0,38.0,17.0,38.0,17.0,38.0,17.0,0.7773760745798846,1.3893436830278474,1.3852425862202555,1.3528434332085424,1.5208846129990332,0.7642899289972632,start,end,0.0,0.7517926761882406,,,,,,False
603,2,bmeleton_final_refit_vertex,-0.33590155863712035,-73.42995239987167,87.49915205408797,0,2,33,19,33,19,0.836824167039648,False,32.730231723359964,0.1587743892663004,0.1587743892663004,0.17028548063052032,,,,,,,,bmeleton_final_refit,,,,,,,,,,,,,,,,,,,,,,,,,,1.0,1.7960002492956058,2.0,0.17028548063052032,,False
606,0,bmeleton_merged_intersection,-7.271333315997941,-75.72674085560048,62.56543839726676,1,0,24,56,24,56,0.7191613997311564,False,19.589692762903667,0.05788221632127788,0.05788221632127788,0.09275822769979283,,,,,,,,bmeleton_merged,0.05788221632127788,1.0,,,,,,,,,,,,,,,,,,,,,,,,,,,,,False
606,1,bmeleton_merged_pivot_refit_both,-5.767391337846929,-75.26505664389754,66.63042570486563,1,0,24,56,24,56,0.2204846658612184,False,162.34490164129483,1.9528994537667135,0.04710054623328641,1.5115133156808915,,,,,,,,bmeleton_merged,,,4.358797494254631,True,True,ok,ok,23.0,28.0,23.0,29.0,23.0,28.0,23.0,28.0,0.8193445178386619,1.170726964514706,1.0497030725740066,1.2910542560522744,0.13519406566909353,1.8047649755174475,end,start,0.0,0.7191613997311564,,,,,,False
606,2,bmeleton_final_refit_vertex,-7.642017631001411,-75.58344380027597,59.8962505816226,2,1,23,19,23,19,0.5905864666153502,False,20.296313671751932,0.062088745987238236,0.062088745987238236,0.058041181805064554,,,,,,,,bmeleton_final_refit,,,,,,,,,,,,,,,,,,,,,,,,,,1.0,5.0,2.0,0.058041181805064554,,False
614,0,bmeleton_merged_intersection,5.179127241547123,-62.82884584565153,94.72686909104745,0,1,111,31,111,31,0.7027292459196286,False,24.266825247890353,0.08835860577790011,0.08835860577790011,0.22722098951407485,,,,,,,,bmeleton_merged,0.08835860577790011,1.0,,,,,,,,,,,,,,,,,,,,,,,,,,,,,False
614,1,bmeleton_merged_pivot_refit_both,4.659172773341231,-63.07244036316587,99.01897881390772,0,1,111,31,111,31,0.8002937014950816,False,155.86110830325092,1.912556797076768,0.08744320292323204,2.3740944099247563,,,,,,,,bmeleton_merged,,,4.330346038256298,True,True,ok,ok,73.0,27.0,76.0,28.0,73.0,27.0,73.0,27.0,1.257764030425238,0.7472099400696395,1.914816251976446,1.0260636487149601,0.6345632341608127,0.4386372614882039,start,end,0.0,0.7027292459196286,,,,,,False
614,2,bmeleton_final_refit_vertex,4.122868504004219,-63.7235300331954,98.65458344263746,2,1,31,30,31,30,1.6089510375849319,False,28.31680460496791,0.11966173238579958,0.11966173238579958,0.13803977239066836,,,,,,,,bmeleton_final_refit,,,,,,,,,,,,,,,,,,,,,,,,,,1.0,0.5117246589214313,2.0,0.13803977239066836,,False
618,0,bmeleton_merged_intersection,0.3926401013728864,-80.9996153175048,74.26754399108339,0,1,97,20,97,20,0.30993521831122817,False,12.393671359654604,0.02330400890198825,0.02330400890198825,0.04832616011486529,,,,,,,,bmeleton_merged,0.02330400890198847,1.0,,,,,,,,,,,,,,,,,,,,,,,,,,,,,False
618,1,bmeleton_final_refit_vertex,3.1391516883753106,-81.86341226397991,77.82449379478464,1,3,27,14,27,14,1.0005020549466634,False,38.14361210720907,0.21353487816199845,0.21353487816199845,0.1729685486433428,,,,,,,,bmeleton_final_refit,,,,,,,,,,,,,,,,,,,,,,,,,,1.0,5.0,2.0,0.1729685486433428,,False
627,0,bmeleton_merged_intersection,-3.3804700894104087,-62.8198010679296,58.5879779686215,1,0,104,51,104,51,0.23118332400774158,False,5.583621882801826,0.004744746405333178,0.004744746405333178,0.013605181021542102,,,,,,,,bmeleton_merged,0.004744746405333289,1.0,,,,,,,,,,,,,,,,,,,,,,,,,,,,,False
627,1,bmeleton_merged_pivot_refit_both,-3.49489509603423,-63.143468765761774,39.465915245072566,1,0,104,51,104,51,0.5398025715177777,False,4.627333665174909,0.0032594948656903266,0.0032594948656903266,0.0029306360540898193,,,,,,,,bmeleton_merged,,,19.125144095250644,True,True,ok,ok,29.0,36.0,55.0,36.0,35.0,36.0,29.0,36.0,1.000880297915534,1.3240039126554353,1.2983883958679985,1.7710329610679307,0.19889760941063778,0.8264044074626367,end,end,0.0,0.23118332400774158,,,,,,False
627,2,bmeleton_final_refit_vertex,-5.090206974873569,-62.14928400588815,77.207478361521,2,1,56,36,56,36,1.2652813096416915,False,21.667096487428548,0.07065524550538438,0.07065524550538438,0.12658699978213755,,,,,,,,bmeleton_final_refit,,,,,,,,,,,,,,,,,,,,,,,,,,1.0,5.0,2.0,0.12658699978213755,,False
629,0,bmeleton_merged_intersection,-2.266500684162902,-66.92473220616951,79.22742604447978,1,0,32,65,32,65,0.5879585853623494,False,13.837000780512238,0.029019964015235544,0.029019964015235544,0.05921276849493203,,,,,,,,bmeleton_merged,0.029019964015235544,1.0,,,,,,,,,,,,,,,,,,,,,,,,,,,,,False
629,1,bmeleton_final_refit_vertex,0.17742171731229228,-68.06957481452119,88.29035831289156,3,0,28,16,28,16,1.2305779238831824,False,39.59792290304776,0.2294636497208693,0.2294636497208693,0.19487879278854472,,,,,,,,bmeleton_final_refit,,,,,,,,,,,,,,,,,,,,,,,,,,1.0,5.0,2.0,0.19487879278854472,,False
639,0,bmeleton_merged_intersection,2.678135955693749,-70.85117479446787,38.26037839699954,1,0,62,67,62,67,0.5706144652671273,False,34.14696200133312,0.17239946648916415,0.17239946648916415,0.4642202423917801,,,,,,,,bmeleton_merged,0.17239946648916415,1.0,,,,,,,,,,,,,,,,,,,,,,,,,,,,,False
639,1,bmeleton_merged_pivot_refit_both,3.6869716448144443,-70.46717099683227,41.70306103033823,1,0,62,67,62,67,0.42940957495870846,False,35.77387772733787,0.18866957160704767,0.18866957160704767,0.30105995307633004,,,,,,,,bmeleton_merged,,,3.6079456866940247,True,True,ok,ok,56.0,51.0,57.0,51.0,57.0,51.0,56.0,51.0,0.7993263627405975,1.1225511554312475,1.304290403972489,1.6915211932383873,0.17382701873456202,1.491610006509419,end,end,0.0,0.5706144652671273,,,,,,False
639,2,bmeleton_final_refit_vertex,3.724622441974712,-70.34150508336663,41.90506231228802,2,0,58,51,58,51,0.07204732482693235,False,36.07604464589284,0.191763843849737,0.191763843849737,0.5140703109603774,,,,,,,,bmeleton_final_refit,,,,,,,,,,,,,,,,,,,,,,,,,,1.0,5.0,2.0,0.5140703109603774,,False
643,0,bmeleton_merged_intersection,-2.6457301460125926,-78.90421999505497,101.70910744797112,0,1,146,34,146,34,0.7774427147182029,False,34.40215662641034,0.174907767795058,0.174907767795058,0.45411380890755193,,,,,,,,bmeleton_merged,0.17490776779505812,1.0,,,,,,,,,,,,,,,,,,,,,,,,,,,,,False
643,1,bmeleton_merged_pivot_refit_both,-3.7876450774162946,-78.97776728724915,103.3443449702131,0,1,146,34,146,34,0.41026046453161746,False,146.2987659641142,1.8319421717041795,0.1680578282958205,3.17261482789083,,,,,,,,bmeleton_merged,,,1.9958408425773597,True,True,ok,ok,100.0,34.0,100.0,34.0,100.0,34.0,100.0,34.0,1.5474209133389527,0.548384577555713,1.9441109598565103,1.0319182259135176,0.6920023766818544,0.14412840306939947,start,end,0.0,0.7774427147182029,,,,,,False
643,2,bmeleton_final_refit_vertex,-3.915626013296416,-79.26089718383066,103.634977934924,1,2,38,34,38,34,0.969845484169029,False,46.7342309405764,0.3146165719064147,0.3146165719064147,0.47357609224046765,,,,,,,,bmeleton_final_refit,,,,,,,,,,,,,,,,,,,,,,,,,,1.0,5.881547312731323,2.0,0.47357609224046765,,False
654,0,bmeleton_merged_intersection,3.5851341524141507,-71.27992393860518,68.44329773898312,1,0,56,71,56,71,1.0369607755174992,False,27.370114454776907,0.11194469490454984,0.11194469490454984,0.2781483077342516,,,,,,,,bmeleton_merged,0.11194469490454984,1.0,,,,,,,,,,,,,,,,,,,,,,,,,,,,,False
654,1,bmeleton_merged_pivot_refit_both,4.279447942453396,-71.02146959158242,69.99901762930335,1,0,56,71,56,71,0.7516751840091224,False,153.37572183583598,1.8939644258671642,0.10603557413283571,2.5583376784971974,,,,,,,,bmeleton_merged,,,1.72311771671921,True,True,ok,ok,56.0,32.0,56.0,32.0,56.0,32.0,56.0,32.0,0.6160711280156873,0.7073372237584875,0.8719154315865133,1.0152814607453189,0.176769343999166,0.7642650135273853,end,start,0.0,1.0369607755174992,,,,,,False
654,2,bmeleton_final_refit_vertex,2.9839985476982305,-71.10763277451478,67.19704978934834,2,0,56,33,56,33,0.5040933064586761,False,36.82583279840882,0.19953879063376867,0.19953879063376867,0.3896121934785026,,,,,,,,bmeleton_final_refit,,,,,,,,,,,,,,,,,,,,,,,,,,1.0,12.617718779074155,2.0,0.3896121934785026,,False
664,0,bmeleton_merged_intersection,-5.752068420005325,-71.07183016266404,98.22334325207021,1,0,19,73,19,73,0.30215399012839966,False,33.6229699073915,0.16730068117392027,0.16730068117392027,0.29378093700220886,,,,,,,,bmeleton_merged,0.16730068117392027,1.0,,,,,,,,,,,,,,,,,,,,,,,,,,,,,False
664,1,bmeleton_merged_pivot_refit_both,-5.590319280210345,-71.24166697078456,98.5264993996093,1,0,19,73,19,73,0.5951060483153319,False,146.51006627035883,1.8339827787637026,0.16601722123629725,1.8369327386804528,,,,,,,,bmeleton_merged,,,0.3832896755819687,True,True,ok,ok,19.0,45.0,19.0,45.0,19.0,45.0,19.0,45.0,0.34539200380392426,0.8245989371766724,0.453062631267075,1.0765468756506718,0.07564208317001032,0.2932604621330712,end,start,0.0,0.30215399012839966,,,,,,False
664,2,bmeleton_final_refit_vertex,-4.63033173514338,-71.67182984365826,100.243761126833,1,2,25,19,25,19,0.7066496414697089,False,42.3828283757611,0.26134260318481717,0.26134260318481717,0.24952600660952015,,,,,,,,bmeleton_final_refit,,,,,,,,,,,,,,,,,,,,,,,,,,1.0,13.769352693294362,2.0,0.24952600660952015,,False
668,0,bmeleton_merged_intersection,-2.0506153218018457,-71.2833790921569,110.85591448519526,1,0,52,120,52,120,0.7203297492007121,False,29.31218179720878,0.12803479608952395,0.12803479608952395,0.33573622947369586,,,,,,,,bmeleton_merged,0.12803479608952395,1.0,,,,,,,,,,,,,,,,,,,,,,,,,,,,,False
668,1,bmeleton_merged_pivot_refit_both,-2.1402751172808574,-71.52703028358707,108.75175421826964,1,0,52,120,52,120,0.8222571629315398,False,151.3021492418017,1.877164176918171,0.12283582308182894,2.9040301352851148,,,,,,,,bmeleton_merged,,,2.120116791811046,True,True,ok,ok,49.0,94.0,49.0,94.0,49.0,94.0,49.0,94.0,1.0073839849523893,1.514365204298394,1.3844121506793838,1.9266021104609359,0.5241398441027821,0.33195979006540327,end,start,0.0,0.7203297492007121,,,,,,False
668,2,bmeleton_final_refit_vertex,-2.2450301190010977,-71.20028873095049,108.23591869784747,2,1,49,23,49,23,0.09471933401512429,False,42.80048676988804,0.26627590787839794,0.26627590787839794,0.43864539753108833,,,,,,,,bmeleton_final_refit,,,,,,,,,,,,,,,,,,,,,,,,,,1.0,5.0,2.0,0.43864539753108833,,False
674,0,bmeleton_merged_intersection,3.0201288701341635,-62.196296473131355,120.7453328040435,0,1,89,12,89,12,3.1920266227011886,False,12.258577476743952,0.022800668590998274,0.022800668590998274,0.022739549795242054,,,,,,,,bmeleton_merged,0.022800668590998274,1.0,,,,,,,,,,,,,,,,,,,,,,,,,,,,,False
674,1,bmeleton_merged_pivot_refit_both,3.0230652264798157,-62.43784891291908,119.81345834816386,0,1,89,12,89,12,3.1492107434561865,False,167.64097495594578,1.9768255960847447,0.02317440391525527,1.134930447642817,,,,,,,,bmeleton_merged,,,0.962676583737737,True,True,ok,ok,64.0,12.0,67.0,12.0,64.0,12.0,64.0,12.0,0.6464794854506613,0.6602518554442587,0.9649742532882329,1.131597304940735,0.7964805228635594,3.851010551243264,start,end,0.0,3.1920266227011886,,,,,,False
674,2,bmeleton_final_refit_vertex,3.5186912226033105,-61.35140346256385,121.50550341493275,0,2,18,12,18,12,2.7280478169452698,False,31.196806928313084,0.14460687172242737,0.14460687172242737,0.06875210740350882,,,,,,,,bmeleton_final_refit,,,,,,,,,,,,,,,,,,,,,,,,,,1.0,5.2956483440105355,2.0,0.06875210740350882,,False
676,0,bmeleton_merged_intersection,4.703078252527617,-79.74784000880372,85.92001746681137,1,2,22,43,22,43,1.3871408512735106,False,41.1865080469241,0.2474300044287323,0.2474300044287323,0.2978732105111808,,,,,,,,bmeleton_merged,0.2474300044287323,2.0,,,,,,,,,,,,,,,,,,,,,,,,,,,,,False
676,1,bmeleton_merged_intersection,1.763360389857644,-79.83422233420265,90.12891231572496,0,2,58,43,58,43,2.3588655659003126,False,35.0297955218283,0.1811463433899304,0.1811463433899304,0.307331401109809,,,,,,,,bmeleton_merged,0.1811463433899304,3.0,,,,,,,,,,,,,,,,,,,,,,,,,,,,,False
676,2,bmeleton_merged_intersection,2.2921186714779407,-79.927443212735,68.58579481874675,1,0,22,58,22,58,2.1763134805517694,False,6.821392024915924,0.00707876855725087,0.00707876855725087,0.008808899545446336,,,,,,,,bmeleton_merged,0.00707876855725087,1.0,,,,,,,,,,,,,,,,,,,,,,,,,,,,,False
676,3,bmeleton_merged_pivot_refit_both,1.6588416473746963,-80.07096800714838,91.56589835694241,0,2,58,43,58,43,1.3108722757362201,False,144.72795717260232,1.816419455483651,0.18358054451634886,2.1524219086120064,,,,,,,,bmeleton_merged,,,1.4601032716361357,True,True,ok,ok,44.0,43.0,44.0,43.0,44.0,43.0,44.0,43.0,0.9598457226546042,0.7216501038659243,1.0148293663334818,0.876162423083136,0.6345969133939984,0.3157151555877751,start,end,1.0,2.3588655659003126,,,,,,False
676,4,bmeleton_merged_pivot_refit_both,4.744797959748771,-80.20247369068525,87.1990873187921,1,2,22,43,22,43,0.6766374649265388,False,41.50294560869368,0.2510783458752368,0.2510783458752368,0.23677693508645448,,,,,,,,bmeleton_merged,,,1.3581060359624957,True,True,ok,ok,22.0,43.0,22.0,43.0,22.0,43.0,22.0,43.0,0.8478479897948572,0.7216501038659243,1.0975579923779852,0.876162423083136,0.9625718527479494,0.3011317195561553,end,end,0.0,1.3871408512735106,,,,,,False
676,5,bmeleton_merged_pivot_refit_both,2.86882202224046,-79.97415777589907,73.19789930224334,1,0,22,58,22,58,1.474722735177967,False,173.51784266175355,1.9936070604730984,0.006392939526901453,1.3667396446469844,,,,,,,,bmeleton_merged,,,4.648255239536843,True,True,ok,ok,22.0,32.0,22.0,32.0,22.0,32.0,22.0,32.0,0.8478479897948572,0.8991148620517078,1.0975579923779852,0.9831537368146774,1.0449191586575641,0.5596018642711869,end,start,2.0,2.1763134805517694,,,,,,False
676,6,bmeleton_final_refit_vertex,4.703078252527617,-79.74784000880372,85.92001746681137,2,1,43,22,43,22,1.3871408512735106,False,41.1865080469241,0.2474300044287323,0.2474300044287323,0.2978732105111808,,,,,,,,bmeleton_final_refit,,,,,,,,,,,,,,,,,,,,,,,,,,1.0,3.0,2.0,0.2978732105111808,,False
677,0,bmeleton_merged_intersection,-3.755810014661508,-69.11419177549797,36.429805512306665,2,1,80,28,80,28,2.332135910390384,False,36.07802221926229,0.19178416887982586,0.19178416887982586,0.3094897470791947,,,,,,,,bmeleton_merged,0.19178416887982597,2.0,,,,,,,,,,,,,,,,,,,,,,,,,,,,,False
677,1,bmeleton_merged_intersection,-5.753992865998288,-68.57554060001945,40.12823302047894,2,0,80,63,80,63,1.4691432413171528,False,32.51420113609651,0.15674175333638962,0.15674175333638962,0.3634370444960409,,,,,,,,bmeleton_merged,0.15674175333638973,1.0,,,,,,,,,,,,,,,,,,,,,,,,,,,,,False
677,2,bmeleton_merged_intersection,-8.188360561713761,-71.2219805831028,8.383457658219685,0,1,63,28,63,28,1.6421360914954384,False,3.791477914071329,0.002188685267441204,0.002188685267441204,0.003459910334802935,,,,,,,,bmeleton_merged,0.002188685267441204,3.0,,,,,,,,,,,,,,,,,,,,,,,,,,,,,False
677,3,bmeleton_merged_pivot_refit_both,-5.945186549556791,-68.5330980551001,41.792673162065654,2,0,80,63,80,63,1.4896922347411394,False,33.107074376229406,0.16234871760631786,0.16234871760631786,0.1323375958478801,,,,,,,,bmeleton_merged,,,1.6759228440405927,True,True,ok,ok,73.0,21.0,80.0,23.0,73.0,22.0,73.0,21.0,1.9909914723359747,1.1789165160263189,2.5840256970171382,1.4919705821252067,0.2877582284251378,1.003584605654551,end,end,1.0,1.4691432413171528,,,,,,False
677,4,bmeleton_merged_pivot_refit_both,-3.5027197741467977,-69.0679885717839,37.2750781266423,2,1,80,28,80,28,2.296848723817896,False,36.14115695381656,0.19243355861575095,0.19243355861575095,0.16394277418654435,,,,,,,,bmeleton_merged,,,0.8835582597786271,True,True,ok,ok,73.0,26.0,80.0,26.0,73.0,26.0,73.0,26.0,1.9909914723359747,0.7700287885595483,2.5840256970171382,1.3005241166041672,0.3839165527327395,1.0779688268305423,end,end,0.0,2.332135910390384,,,,,,False
677,5,bmeleton_merged_pivot_refit_both,-14.587531982505876,-73.4080011747215,-48.8507812810689,0,1,63,28,63,28,2.200356823908029,False,2.1918062556715734,0.0007316040507165944,0.0007316040507165944,0.0005800308727395148,,,,,,,,bmeleton_merged,,,57.63233630401635,True,True,ok,ok,51.0,28.0,57.0,28.0,56.0,28.0,51.0,28.0,1.1693236531476983,1.1098963968437237,1.5026516860620223,1.3613599477290708,1.0860393094389258,1.0825783610882684,end,end,2.0,1.6421360914954384,,,,,,False
677,6,bmeleton_final_refit_vertex,-3.8694670084895213,-69.08904482556832,36.639405110773055,3,2,80,26,80,26,2.293859443635209,False,36.4265297864914,0.19538106092593766,0.19538106092593766,0.305419491448995,,,,,,,,bmeleton_final_refit,,,,,,,,,,,,,,,,,,,,,,,,,,1.0,37.38009992589611,2.0,0.305419491448995,,False
678,0,bmeleton_merged_intersection,-1.7879483483086016,-71.83275358200441,129.54914926109927,1,0,18,106,18,106,0.4096753400704016,False,27.45449933258421,0.11262275514987974,0.11262275514987974,0.22734433639246482,,,,,,,,bmeleton_merged,0.11262275514987985,1.0,,,,,,,,,,,,,,,,,,,,,,,,,,,,,False
678,1,bmeleton_merged_pivot_refit_both,-1.9284560487874514,-71.92409188519667,127.82850849339539,1,0,18,106,18,106,0.10141658885458826,False,153.13275773550552,1.8920560544879212,0.10794394551207875,2.3466129520390178,,,,,,,,bmeleton_merged,,,1.7287827367857727,True,True,ok,ok,15.0,81.0,15.0,81.0,15.0,81.0,15.0,81.0,0.23064476901326142,1.1973221789895612,0.6427064909363424,1.557250816465713,0.5204659389810067,0.07828582261757197,end,start,0.0,0.4096753400704016,,,,,,False
678,2,bmeleton_final_refit_vertex,-0.7942240469513802,-71.6444266732586,123.94588190893495,1,3,18,15,18,15,0.07730050564614253,False,42.52228948996393,0.26298554044590683,0.26298554044590683,0.21277514395651173,,,,,,,,bmeleton_final_refit,,,,,,,,,,,,,,,,,,,,,,,,,,1.0,5.0,2.0,0.21277514395651173,,False
685,0,bmeleton_merged_intersection,0.3745104363377757,-79.72761168121251,38.80799666321222,0,1,36,64,36,64,4.177463952717454,False,6.336058470820627,0.006108301464026411,0.006108301464026411,0.007986914244061167,,,,,,,,bmeleton_merged,0.006108301464026633,1.0,,,,,,,,,,,,,,,,,,,,,,,,,,,,,False
685,1,bmeleton_final_refit_vertex,-1.6100027096575416,-80.627756873685,52.2978184442288,3,1,57,16,57,16,2.3802617561600283,False,21.96701087227563,0.07260061230562054,0.07260061230562054,0.07426872120751245,,,,,,,,bmeleton_final_refit,,,,,,,,,,,,,,,,,,,,,,,,,,1.0,5.0,2.0,0.07426872120751245,,False
689,0,bmeleton_merged_intersection,-2.464755795190258,-59.271151767115086,80.81439446592145,0,1,121,31,121,31,0.21261381110354804,False,32.07200845092751,0.15261856776554072,0.15261856776554072,0.43918053388237754,,,,,,,,bmeleton_merged,0.15261856776554072,1.0,,,,,,,,,,,,,,,,,,,,,,,,,,,,,False
689,1,bmeleton_merged_pivot_refit_both,-1.528022725124305,-59.51290690212353,81.76720480849478,0,1,121,31,121,31,0.3997436787644741,False,148.8604398391162,1.855910237474749,0.14408976252525107,2.721582495114027,,,,,,,,bmeleton_merged,,,1.3578519576054093,True,True,ok,ok,76.0,31.0,78.0,31.0,76.0,31.0,76.0,31.0,1.6990165491752314,0.2834035885150196,2.15074111573542,0.527945215772485,0.8029854407310035,0.18277944561775333,start,end,0.0,0.21261381110354804,,,,,,False
689,2,bmeleton_final_refit_vertex,-0.828087690868998,-60.08203392009844,84.31954842538656,0,2,33,31,33,31,0.729454513599186,False,41.5484195763774,0.2516045142151504,0.2516045142151504,0.35114216174442187,,,,,,,,bmeleton_final_refit,,,,,,,,,,,,,,,,,,,,,,,,,,1.0,8.134613227486797,2.0,0.35114216174442187,,False
722,0,bmeleton_merged_intersection,4.041065203374543,-70.0822126912939,86.84739132498115,0,1,105,32,105,32,2.491835359642003,False,18.447022823241667,0.051383362025522294,0.051383362025522294,0.09939028580484831,,,,,,,,bmeleton_merged,0.051383362025522406,1.0,,,,,,,,,,,,,,,,,,,,,,,,,,,,,False
722,1,bmeleton_merged_pivot_refit_both,5.364342484992084,-71.18017448521908,89.90742761132921,0,1,105,32,105,32,0.19236171395901278,False,162.439391459147,1.9533983250267668,0.0466016749732332,2.511489447908316,,,,,,,,bmeleton_merged,,,3.510043438296935,True,True,ok,ok,59.0,32.0,62.0,32.0,59.0,32.0,59.0,32.0,1.26257195312394,0.9710740040261534,1.8128578754758853,1.263681614284984,1.1925880372400341,0.5724967923100921,start,end,0.0,2.491835359642003,,,,,,False
722,2,bmeleton_final_refit_vertex,5.91924671246241,-69.81075333300736,92.53576816783533,1,2,40,32,40,32,2.3707498462614143,False,24.693396389724285,0.09144366734582954,0.09144366734582954,0.11096523993464026,,,,,,,,bmeleton_final_refit,,,,,,,,,,,,,,,,,,,,,,,,,,1.0,9.139392105489655,2.0,0.11096523993464026,,False
723,0,bmeleton_merged_intersection,6.202854546152827,-68.91184246876637,28.40105784718981,0,1,79,43,79,43,1.0912166277755064,False,39.795949447001554,0.23167122545987584,0.23167122545987584,0.5541863607701354,,,,,,,,bmeleton_merged,0.23167122545987584,1.0,,,,,,,,,,,,,,,,,,,,,,,,,,,,,False
723,1,bmeleton_merged_pivot_refit_both,6.28168664494462,-69.17451885020566,27.62086479905699,0,1,79,43,79,43,0.5170866220216493,False,39.62592487805848,0.22977525417766298,0.22977525417766298,0.3275664235490372,,,,,,,,bmeleton_merged,,,0.8269912777779124,True,True,ok,ok,51.0,42.0,51.0,42.0,51.0,42.0,51.0,42.0,1.1572186713970707,0.6448476507549346,1.6138845935813964,0.7144957585487814,0.43951903922338625,0.1282485239436186,end,end,0.0,1.0912166277755064,,,,,,False
723,2,bmeleton_final_refit_vertex,6.070814417806174,-69.1656371131708,26.882766072933542,0,2,52,42,52,42,0.6795457914044257,False,38.81746626608786,0.22085308759648958,0.22085308759648958,0.4543140788716998,,,,,,,,bmeleton_final_refit,,,,,,,,,,,,,,,,,,,,,,,,,,1.0,5.0,2.0,0.4543140788716998,,False
731,0,bmeleton_merged_intersection,-2.972867497192356,-71.17829006653042,60.02255230599531,0,1,95,57,95,57,0.2715786764170833,False,33.039220498015844,0.16170244854552918,0.16170244854552918,0.46011581673509117,,,,,,,,bmeleton_merged,0.1617024485455293,1.0,,,,,,,,,,,,,,,,,,,,,,,,,,,,,False
731,1,bmeleton_merged_pivot_refit_both,-1.2946821478834205,-71.19699577872291,63.14786845683903,0,1,95,57,95,57,0.1693022337760504,False,148.91825674056182,1.856431629428974,0.143568370571026,2.8570909622386544,,,,,,,,bmeleton_merged,,,3.5474296346831693,True,True,ok,ok,51.0,53.0,54.0,55.0,51.0,53.0,51.0,53.0,1.5569675010466457,0.6561096387427598,2.0938356633281843,0.8563462171196273,2.0273692483713908,0.0452195240489659,start,end,0.0,0.2715786764170833,,,,,,False
731,2,bmeleton_final_refit_vertex,-1.2895210802791275,-71.41274868531988,63.19021340856892,2,1,57,35,57,35,0.2432181916566271,False,40.95873554299921,0.24481812141611803,0.24481812141611803,0.5213832668771532,,,,,,,,bmeleton_final_refit,,,,,,,,,,,,,,,,,,,,,,,,,,1.0,2.0185199000339784,2.0,0.5213832668771532,,False
746,0,bmeleton_merged_intersection,-3.801331243292443,-77.73438589665726,114.26849819835718,1,0,33,142,33,142,1.1552141143176464,False,37.93066896912085,0.21124483939010819,0.21124483939010819,0.5147948604226411,,,,,,,,bmeleton_merged,0.2112448393901083,1.0,,,,,,,,,,,,,,,,,,,,,,,,,,,,,False
746,1,bmeleton_merged_pivot_refit_both,-3.7881130061496258,-77.60261030268137,113.0435016322566,1,0,33,142,33,142,1.1523444914031877,False,142.3754234179568,1.792027853420933,0.20797214657906693,2.4562621194981484,,,,,,,,bmeleton_merged,,,1.2321347799323963,True,True,ok,ok,32.0,115.0,32.0,117.0,32.0,115.0,32.0,115.0,1.034355812721266,1.9507666603529799,1.3862605938732289,2.001248032981954,0.3731377295344164,0.37113933267276994,end,start,0.0,1.1552141143176464,,,,,,False
746,2,bmeleton_final_refit_vertex,-5.9702613095317085,-77.61413085615705,109.25785837457974,2,0,32,18,32,18,0.7647994717046536,False,42.718018487408884,0.26529871015049666,0.26529871015049666,0.2761227461104187,,,,,,,,bmeleton_final_refit,,,,,,,,,,,,,,,,,,,,,,,,,,1.0,5.0,2.0,0.2761227461104187,,False
748,0,bmeleton_merged_intersection,-0.376419716080103,-67.08162023403708,88.09850389480067,0,1,140,25,140,25,1.6832421361401932,False,7.608709322741988,0.008804575011995275,0.008804575011995275,0.019484767709363693,,,,,,,,bmeleton_merged,0.008804575011995275,1.0,,,,,,,,,,,,,,,,,,,,,,,,,,,,,False
748,1,bmeleton_merged_pivot_refit_both,0.03213396607549707,-67.19685259427678,90.51735983574,0,1,140,25,140,25,1.8845655268394104,False,8.076884776936751,0.009919578118654293,0.009919578118654293,0.005971139623158096,,,,,,,,bmeleton_merged,,,2.4558213841944556,True,True,ok,ok,28.0,24.0,44.0,25.0,33.0,24.0,28.0,24.0,1.2449936093922154,0.7764824188479615,1.530907649143099,1.3284530256105507,0.4880567130502022,1.0648207948340966,end,end,0.0,1.6832421361401932,,,,,,False
748,2,bmeleton_final_refit_vertex,-2.223566394943653,-65.87768466707044,102.83445132065226,1,2,46,25,46,25,1.4878275961553948,False,37.80233148025416,0.20986992869653187,0.20986992869653187,0.27424571030492995,,,,,,,,bmeleton_final_refit,,,,,,,,,,,,,,,,,,,,,,,,,,1.0,5.30212892269314,2.0,0.27424571030492995,,False
763,0,bmeleton_merged_intersection,2.0566918265695575,-68.96398039056461,80.23243107609224,1,0,18,75,18,75,7.558077659529446,False,13.214588953369327,0.0264792725888523,0.0264792725888523,0.0193682230954956,,,,,,,,bmeleton_merged,0.02647927258885252,1.0,,,,,,,,,,,,,,,,,,,,,,,,,,,,,False
763,1,bmeleton_merged_pivot_refit_both,2.0832958871226883,-69.02510250153267,80.4374461718062,1,0,18,75,18,75,7.637842331364786,False,166.8399271312566,1.9737377950334611,0.02626220496653886,0.5172168773850279,,,,,,,,bmeleton_merged,,,0.2155803283180323,True,True,ok,ok,11.0,36.0,18.0,39.0,11.0,36.0,11.0,36.0,0.7187968647466493,0.6661274892178863,0.9542539851625281,0.9115707444774163,1.527678633385047,3.1069385316944866,end,start,0.0,7.558077659529446,,,,,,False
763,2,bmeleton_final_refit_vertex,1.6453908554712195,-69.96756856238457,83.63432115302464,0,2,33,18,33,18,7.473472993357312,False,18.929816665671385,0.05408333556855094,0.05408333556855094,0.026418570159472163,,,,,,,,bmeleton_final_refit,,,,,,,,,,,,,,,,,,,,,,,,,,1.0,43.193730941604436,2.0,0.026418570159472163,,False
767,0,bmeleton_merged_intersection,1.105130874279259,-71.84102054435346,100.78056697702799,1,0,26,125,26,125,0.3887208366127336,False,15.677149232833974,0.037200408964506715,0.037200408964506715,0.0983883592020273,,,,,,,,bmeleton_merged,0.037200408964506715,1.0,,,,,,,,,,,,,,,,,,,,,,,,,,,,,False
767,1,bmeleton_merged_pivot_refit_both,-0.1443145817541499,-71.4659980903551,105.43915240397143,1,0,26,125,26,125,0.41495238153230196,False,165.09962625588878,1.9663744020067688,0.03362559799323117,2.5812842160572784,,,,,,,,bmeleton_merged,,,4.837786060661978,True,True,ok,ok,25.0,87.0,25.0,88.0,25.0,87.0,25.0,87.0,0.9982770278641357,1.42376831628343,1.257161570160796,1.8356205807957455,0.07072282060868124,0.79432379423019,end,start,0.0,0.3887208366127336,,,,,,False
767,2,bmeleton_final_refit_vertex,0.2049596809190335,-71.74275103208751,103.9944568109158,1,2,29,26,29,26,0.12996895786739554,False,27.02014632780313,0.10915316291587207,0.10915316291587207,0.14606537202507897,,,,,,,,bmeleton_final_refit,,,,,,,,,,,,,,,,,,,,,,,,,,1.0,4.778209601780559,2.0,0.14606537202507897,,False
777,0,bmeleton_merged_intersection,-1.439873964930994,-63.00162028487395,98.43722608968967,0,1,77,38,77,38,0.6020326265628556,False,32.49435066757208,0.15655558084023935,0.15655558084023935,0.3779201858674788,,,,,,,,bmeleton_merged,0.15655558084023946,1.0,,,,,,,,,,,,,,,,,,,,,,,,,,,,,False
777,1,bmeleton_merged_pivot_refit_both,0.4616185108918269,-63.24896059042506,104.45429330299251,0,1,77,38,77,38,0.2563194255552303,False,148.31002509999897,1.8509030387015974,0.14909696129840255,2.4244621687241894,,,,,,,,bmeleton_merged,,,6.315215650456039,True,True,ok,ok,48.0,33.0,49.0,34.0,48.0,33.0,48.0,33.0,1.0318574855798839,0.48385089913357443,1.3611120695472696,0.899728003877147,1.3613729374569137,0.5587734223371228,start,end,0.0,0.6020326265628556,,,,,,False
777,2,bmeleton_final_refit_vertex,1.8318592966309715,-63.73034455660266,104.45656352024358,2,1,38,27,38,27,0.2947400335353416,False,43.219368112928514,0.2712628167066634,0.2712628167066634,0.410260131163077,,,,,,,,bmeleton_final_refit,,,,,,,,,,,,,,,,,,,,,,,,,,1.0,0.3286944088325285,2.0,0.410260131163077,,False
785,0,bmeleton_merged_intersection,-0.22253637560175754,-71.81369477324158,66.74760221646649,2,1,26,35,26,35,0.7292550217093136,False,42.62686829892253,0.2642204082115007,0.2642204082115007,0.3477994652654781,,,,,,,,bmeleton_merged,0.2642204082115007,2.0,,,,,,,,,,,,,,,,,,,,,,,,,,,,,False
785,1,bmeleton_merged_intersection,-1.7516157483608907,-71.87909309083219,69.20367270927241,2,0,26,46,26,46,1.6748119823495833,False,30.31879148845399,0.13676996743884984,0.13676996743884984,0.17715658712522786,,,,,,,,bmeleton_merged,0.13676996743884995,1.0,,,,,,,,,,,,,,,,,,,,,,,,,,,,,False
785,2,bmeleton_merged_intersection,-1.788428011736369,-72.12766899136099,60.238480219436596,0,1,46,35,46,35,0.975047663334905,False,12.310018376857807,0.022991689643676705,0.022991689643676705,0.038599569507520734,,,,,,,,bmeleton_merged,0.022991689643676816,3.0,,,,,,,,,,,,,,,,,,,,,,,,,,,,,False
785,3,bmeleton_merged_pivot_refit_both,-0.138175898232328,-71.9702780034167,67.36596574832052,2,1,26,35,26,35,0.4857200207406851,False,42.77197005922972,0.26593783060096443,0.26593783060096443,0.25335190104820865,,,,,,,,bmeleton_merged,,,0.6434348884238877,True,True,ok,ok,26.0,35.0,26.0,35.0,26.0,35.0,26.0,35.0,0.41115379728822316,1.2823205986699489,0.4979981096995122,1.6063749550051747,0.14265182636292184,0.41059504121569584,end,end,0.0,0.7292550217093136,,,,,,False
785,4,bmeleton_merged_pivot_refit_both,-2.4429711637827145,-71.70559134950321,71.23113414089349,2,0,26,46,26,46,1.2225605046863335,False,150.19271009688097,1.8677022149509808,0.13229778504901923,1.641136663837725,,,,,,,,bmeleton_merged,,,2.149110285999362,True,True,ok,ok,26.0,32.0,26.0,32.0,26.0,32.0,26.0,32.0,0.41115379728822316,0.7199707325460093,0.4979981096995122,0.9101761196762508,0.23890042748682472,0.8858104125901861,end,start,1.0,1.6748119823495833,,,,,,False
785,5,bmeleton_merged_pivot_refit_both,-2.3627517400115856,-71.81903111527764,57.34149255355535,0,1,46,35,46,35,0.8198465433624788,False,166.90521229521335,1.9739965821064869,0.026003417893513125,1.6788750817475193,,,,,,,,bmeleton_merged,,,2.9694515688391467,True,True,ok,ok,27.0,35.0,27.0,35.0,27.0,35.0,27.0,35.0,0.7245208829668529,1.2823205986699489,0.9281829693158571,1.6063749550051747,0.8573335620794704,0.4993975314463072,start,end,2.0,0.975047663334905,,,,,,False
785,6,bmeleton_final_refit_vertex,-0.22253637560175754,-71.81369477324158,66.74760221646649,1,2,35,26,35,26,0.7292550217093136,False,42.62686829892253,0.2642204082115007,0.2642204082115007,0.3477994652654781,,,,,,,,bmeleton_final_refit,,,,,,,,,,,,,,,,,,,,,,,,,,1.0,3.0,2.0,0.3477994652654781,,False
787,0,bmeleton_merged_intersection,2.82497878207547,-78.380963049482,64.44496358476889,0,1,67,33,67,33,2.225479970867378,False,30.421154734962105,0.13767322725261144,0.13767322725261144,0.22398409039454417,,,,,,,,bmeleton_merged,0.13767322725261144,1.0,,,,,,,,,,,,,,,,,,,,,,,,,,,,,False
787,1,bmeleton_merged_pivot_refit_both,0.688985134584998,-78.02636473172633,70.62924905964479,0,1,67,33,67,33,1.586637353808224,False,152.23877624672593,1.8848964105805146,0.1151035894194854,1.3599220709824358,,,,,,,,bmeleton_merged,,,6.552373284836261,True,True,ok,ok,28.0,31.0,30.0,32.0,28.0,31.0,28.0,31.0,1.1478137708467349,0.5917694218361269,1.8990477089946691,0.9556514840064515,2.967621526822921,0.2388908083552654,start,end,0.0,2.225479970867378,,,,,,False
787,2,bmeleton_final_refit_vertex,2.4574424773591734,-77.82855500908823,65.51757027758013,1,2,34,33,34,33,1.3408100963841032,False,31.58053230112367,0.14809507748176665,0.14809507748176665,0.1955835451576223,,,,,,,,bmeleton_final_refit,,,,,,,,,,,,,,,,,,,,,,,,,,1.0,3.451584313423963,2.0,0.1955835451576223,,False
792,0,bmeleton_merged_intersection,2.0346612599615708,-79.66557196017595,63.492116918815626,1,2,86,28,86,28,0.5763851638344372,False,35.70968669704554,0.18801514096672034,0.18801514096672034,0.4136264584984947,,,,,,,,bmeleton_merged,0.18801514096672034,1.0,,,,,,,,,,,,,,,,,,,,,,,,,,,,,False
792,1,bmeleton_merged_intersection,3.844865496426175,-79.01227833845539,60.34186071578893,2,0,28,20,28,20,1.496524653581714,False,30.598451748282255,0.1392442179472987,0.1392442179472987,0.12680316732999045,,,,,,,,bmeleton_merged,0.1392442179472987,3.0,,,,,,,,,,,,,,,,,,,,,,,,,,,,,False
792,2,bmeleton_merged_intersection,3.46726069478557,-79.11260382245368,68.13412833977048,1,0,86,20,86,20,2.7331239380629775,False,5.865120994526048,0.0052347918805344396,0.0052347918805344396,0.007018570741720763,,,,,,,,bmeleton_merged,0.0052347918805344396,2.0,,,,,,,,,,,,,,,,,,,,,,,,,,,,,False
792,3,bmeleton_merged_pivot_refit_both,1.8018207993305726,-79.54203419078804,63.11780074946317,1,2,86,28,86,28,0.1641409529042029,False,144.6495573017957,1.8156285331079882,0.18437146689201178,1.7281039130362608,,,,,,,,bmeleton_merged,,,0.4578087539692646,True,True,ok,ok,37.0,27.0,38.0,27.0,37.0,27.0,37.0,27.0,1.5869660719644512,0.7860073925364557,1.9404910065679362,1.0228964206915026,0.22282281321029906,0.13796950290170654,start,end,0.0,0.5763851638344372,,,,,,False
792,4,bmeleton_merged_pivot_refit_both,3.7408526228372887,-79.13336407411205,58.93594460369327,2,0,28,20,28,20,1.671704575328602,False,149.66343082127537,1.8630733587151953,0.13692664128480458,1.0731196135626109,,,,,,,,bmeleton_merged,,,1.4149489557937807,True,True,ok,ok,28.0,20.0,28.0,20.0,28.0,20.0,28.0,20.0,0.8524723713551606,1.126588908862955,1.0759633301225147,1.3238400881628398,0.3738173602554863,0.8232228959072759,end,start,1.0,1.496524653581714,,,,,,False
792,5,bmeleton_merged_pivot_refit_both,3.7724200650725246,-78.94387839293978,75.88204965250054,1,0,86,20,86,20,2.8601858757230847,False,5.118294447915635,0.003987369165056043,0.003987369165056043,0.0019807993061075548,,,,,,,,bmeleton_merged,,,7.7557639971891374,True,True,ok,ok,39.0,20.0,43.0,20.0,41.0,20.0,39.0,20.0,1.5311088692779733,1.126588908862955,1.8505674500233593,1.3238400881628398,1.6739510385629515,1.2991179439687752,start,start,2.0,2.7331239380629775,,,,,,False
792,6,bmeleton_final_refit_vertex,0.9995299718393706,-79.27960419116678,65.55059423869031,1,3,39,28,39,28,0.2776673706597621,False,39.35013033653782,0.2267142562956871,0.2267142562956871,0.35488540853264466,,,,,,,,bmeleton_final_refit,,,,,,,,,,,,,,,,,,,,,,,,,,1.0,3.9417163259094523,2.0,0.35488540853264466,,False
793,0,bmeleton_merged_intersection,-4.561323754054467,-71.71280634189276,106.65884361774353,0,1,95,31,95,31,0.5430216254332728,False,17.457133034499154,0.046058337233746305,0.046058337233746305,0.11273125466671215,,,,,,,,bmeleton_merged,0.046058337233746416,1.0,,,,,,,,,,,,,,,,,,,,,,,,,,,,,False
793,1,bmeleton_merged_pivot_refit_both,-4.887707126212724,-71.65132415288444,107.65732785805108,0,1,95,31,95,31,0.23279692385261666,False,162.7435388035469,1.9549864976429587,0.04501350235704138,2.5897281469519067,,,,,,,,bmeleton_merged,,,1.0522722762332903,True,True,ok,ok,54.0,30.0,55.0,31.0,54.0,30.0,54.0,30.0,0.8293324403675495,0.9338977712437394,1.0211055143218337,1.437292990928627,0.18273588365184285,0.11746725002031023,start,end,0.0,0.5430216254332728,,,,,,False
793,2,bmeleton_final_refit_vertex,-6.358418281153745,-72.21033849249697,112.98169630872957,1,2,35,31,35,31,0.7550422573832024,False,25.299993103205512,0.09591739889740503,0.09591739889740503,0.1372472824138724,,,,,,,,bmeleton_final_refit,,,,,,,,,,,,,,,,,,,,,,,,,,1.0,7.368197040522132,2.0,0.1372472824138724,,False
803,0,bmeleton_merged_intersection,-6.247408381210538,-70.84242905450671,42.02654926215661,2,1,21,19,21,19,2.918707650754187,False,21.85829389466309,0.07189249082243576,0.07189249082243576,0.04533730258733777,,,,,,,,bmeleton_merged,0.07189249082243576,3.0,,,,,,,,,,,,,,,,,,,,,,,,,,,,,False
803,1,bmeleton_merged_intersection,-8.365057844119448,-70.26292005175755,46.34404839662028,0,2,46,21,46,21,0.21651826573132582,False,20.425583029800265,0.06287374417913605,0.06287374417913605,0.09365202300914968,,,,,,,,bmeleton_merged,0.06287374417913616,1.0,,,,,,,,,,,,,,,,,,,,,,,,,,,,,False
803,2,bmeleton_merged_intersection,-6.183300707605611,-69.08052506396956,70.70463394405387,0,1,46,19,46,19,2.7866662561519875,False,3.834686213924593,0.002238836016619783,0.002238836016619783,0.002125036769473309,,,,,,,,bmeleton_merged,0.002238836016619894,2.0,,,,,,,,,,,,,,,,,,,,,,,,,,,,,False
803,3,bmeleton_merged_pivot_refit_both,-8.384348961289877,-70.35770380386037,46.42235586149326,0,2,46,21,46,21,0.327430314165356,False,20.493444187665286,0.06328774597586706,0.06328774597586706,0.04240521182976397,,,,,,,,bmeleton_merged,,,0.12445146009270515,True,True,ok,ok,21.0,21.0,21.0,21.0,21.0,21.0,21.0,21.0,1.3197094995003997,0.5048921524373859,1.4365997626707914,0.6594586103566163,0.37269191378877786,0.02863888087666255,end,end,1.0,0.21651826573132582,,,,,,False
803,4,bmeleton_merged_pivot_refit_both,-5.845104467338515,-70.85574156478273,40.94394731520208,2,1,21,19,21,19,3.1984789571180765,False,21.42479997278301,0.0691022050475778,0.0691022050475778,0.029840402224569955,,,,,,,,bmeleton_merged,,,1.1550119642654475,True,True,ok,ok,21.0,19.0,21.0,19.0,21.0,19.0,21.0,19.0,0.5048921524373859,0.8432905759155811,0.6594586103566163,1.8710943824137212,0.4404517292109781,1.7577699088294487,end,end,0.0,2.918707650754187,,,,,,False
803,5,bmeleton_merged_pivot_refit_both,-6.148667180817393,-69.40526447650421,69.91653411015854,0,1,46,19,46,19,3.0658993317750616,False,175.4996751074896,1.9969168888191904,0.003083111180809728,0.8096465783568129,,,,,,,,bmeleton_merged,,,0.8530864642092209,True,True,ok,ok,36.0,14.0,36.0,14.0,36.0,14.0,36.0,14.0,0.8687207452591326,1.315196662247713,1.1806022288719544,2.1769473877598253,1.439475612832939,2.9646463477478964,start,end,2.0,2.7866662561519875,,,,,,False
803,6,bmeleton_final_refit_vertex,-6.247408381210538,-70.84242905450671,42.02654926215661,2,1,21,19,21,19,2.918707650754187,False,21.85829389466309,0.07189249082243576,0.07189249082243576,0.04533730258733777,,,,,,,,bmeleton_final_refit,,,,,,,,,,,,,,,,,,,,,,,,,,1.0,3.0,2.0,0.04533730258733777,,False
809,0,bmeleton_merged_intersection,0.03943119945260387,-75.69959181149906,49.507919791692636,0,1,100,41,100,41,0.0021368849682135327,False,6.784794248398795,0.007003103582001846,0.007003103582001846,0.021000335685674706,,,,,,,,bmeleton_merged,0.007003103582001957,1.0,,,,,,,,,,,,,,,,,,,,,,,,,,,,,False
809,1,bmeleton_merged_pivot_refit_both,0.14424324888644868,-75.0671369080612,48.60774930450524,0,1,100,41,100,41,1.6104434307279814,False,6.721468993985548,0.006873137248464389,0.006873137248464389,0.005325698523197677,,,,,,,,bmeleton_merged,,,1.1051206615534384,True,True,ok,ok,55.0,22.0,62.0,27.0,61.0,22.0,55.0,22.0,1.4905788571923828,1.1256640615754523,1.7650404962562787,1.2504155217837054,0.9378165142725394,0.11935995102549823,end,end,0.0,0.0021368849682135327,,,,,,False
809,2,bmeleton_final_refit_vertex,0.4937502128194553,-76.60404910861779,75.55082983506699,1,3,66,27,66,27,2.1227157737379194,False,21.944750353353424,0.0724553478265969,0.0724553478265969,0.10735411341421187,,,,,,,,bmeleton_final_refit,,,,,,,,,,,,,,,,,,,,,,,,,,1.0,5.0,2.0,0.10735411341421187,,False
815,0,bmeleton_merged_intersection,-2.8021752663666524,-73.60343071560743,95.65137934295112,1,0,31,79,31,79,0.8909629527610939,False,23.296839721929192,0.0815318028488462,0.0815318028488462,0.17122814640368522,,,,,,,,bmeleton_merged,0.08153180284884631,1.0,,,,,,,,,,,,,,,,,,,,,,,,,,,,,False
815,1,bmeleton_merged_pivot_refit_both,-1.9875184671505794,-73.49835894828901,97.15741005147146,1,0,31,79,31,79,0.6457804988187272,False,157.32649098706483,1.9227164164109487,0.0772835835890513,2.3899517416910867,,,,,,,,bmeleton_merged,,,1.7154691112936649,True,True,ok,ok,31.0,47.0,31.0,47.0,31.0,47.0,31.0,47.0,0.569003852686733,0.7723429323497619,0.6905297050848658,1.010282047297829,0.13865298367552306,0.5938506867616642,end,start,0.0,0.8909629527610939,,,,,,False
815,2,bmeleton_final_refit_vertex,-3.719198538074167,-73.48506203598106,93.4938057657321,2,1,31,24,31,24,0.3098404698007534,False,32.65433630208949,0.1580589236109774,0.1580589236109774,0.2029850361132795,,,,,,,,bmeleton_final_refit,,,,,,,,,,,,,,,,,,,,,,,,,,1.0,9.1566493920934,2.0,0.2029850361132795,,False
828,0,bmeleton_merged_intersection,-5.380853109900939,-71.05245307839274,53.77769790891557,0,1,95,20,95,20,3.1798998346613803,False,4.731152034192269,0.0034073109137735536,0.0034073109137735536,0.004539213267449801,,,,,,,,bmeleton_merged,0.0034073109137736646,1.0,,,,,,,,,,,,,,,,,,,,,,,,,,,,,False
828,1,bmeleton_merged_pivot_refit_both,-5.894031543594682,-71.2418691995586,64.56816131916517,0,1,95,20,95,20,2.9730746801791175,False,5.620133701983705,0.00480695203503656,0.00480695203503656,0.001793801760185343,,,,,,,,bmeleton_merged,,,10.804320023939558,True,True,ok,ok,25.0,18.0,39.0,18.0,25.0,18.0,25.0,18.0,1.8372603845378168,0.8650305408203766,1.8359881831858875,1.053082248910256,0.4161562131410702,2.1351095833381537,end,end,0.0,3.1798998346613803,,,,,,False
828,2,bmeleton_final_refit_vertex,-6.679839786060593,-71.91779683594186,66.26550385068968,0,2,40,19,40,19,1.9789200863242646,False,28.169339622941646,0.1184438006255869,0.1184438006255869,0.1169690369005098,,,,,,,,bmeleton_final_refit,,,,,,,,,,,,,,,,,,,,,,,,,,1.0,5.0,2.0,0.1169690369005098,,False
829,0,bmeleton_merged_intersection,-5.751883290355623,-69.5108425645465,100.77733408824943,0,1,115,43,115,43,0.5452224528562865,False,22.195482199535885,0.07409962513595625,0.07409962513595625,0.20044180129632572,,,,,,,,bmeleton_merged,0.07409962513595625,1.0,,,,,,,,,,,,,,,,,,,,,,,,,,,,,False
829,1,bmeleton_merged_pivot_refit_both,-4.994890782579086,-69.4175433042453,103.6844223750123,0,1,115,43,115,43,0.36869212005506147,False,158.25644498884034,1.9288512296216584,0.07114877037834166,3.147198300024733,,,,,,,,bmeleton_merged,,,3.005479115854317,True,True,ok,ok,82.0,40.0,83.0,40.0,82.0,40.0,82.0,40.0,1.6115537914607463,0.8121201923231536,1.9154123171391355,1.2787177693329477,0.5492846595074994,0.1624443412201846,start,end,0.0,0.5452224528562865,,,,,,False
829,2,bmeleton_final_refit_vertex,-4.6592375843254175,-69.49294190232962,103.87556510046807,2,0,43,26,43,26,0.1308658431722182,False,26.10417251903078,0.1020044648366163,0.1020044648366163,0.16618408599246093,,,,,,,,bmeleton_final_refit,,,,,,,,,,,,,,,,,,,,,,,,,,1.0,2.0964471377496388,2.0,0.16618408599246093,,False
835,0,bmeleton_merged_intersection,6.135908194212151,-67.01512847177844,64.80081829945806,0,1,54,7,54,7,1.7032048937436528,False,25.80414060278075,0.09971268386056886,0.09971268386056886,0.07230258421376155,,,,,,,,bmeleton_merged,0.09971268386056897,1.0,,,,,,,,,,,,,,,,,,,,,,,,,,,,,False
835,1,bmeleton_final_refit_vertex,4.8374622258458615,-65.95362317489739,69.1918674095347,0,2,30,7,30,7,1.5144742712214672,False,30.59012216167685,0.1391702266398106,0.1391702266398106,0.07739566164991239,,,,,,,,bmeleton_final_refit,,,,,,,,,,,,,,,,,,,,,,,,,,1.0,99.12002172221186,2.0,0.07739566164991239,,False
836,0,bmeleton_merged_intersection,7.838925602611708,-75.0273246602646,86.16418004639138,0,1,54,11,54,11,3.5989244040414743,False,8.041000325374792,0.009831775766074524,0.009831775766074524,0.0069666030444300205,,,,,,,,bmeleton_merged,0.009831775766074524,1.0,,,,,,,,,,,,,,,,,,,,,,,,,,,,,False
836,1,bmeleton_final_refit_vertex,10.61044813275008,-73.30704131617219,72.92974726909802,2,1,9,5,9,5,0.41749365561767615,False,25.045645952621715,0.09402918874329247,0.09402918874329247,0.029107877821112235,,,,,,,,bmeleton_final_refit,,,,,,,,,,,,,,,,,,,,,,,,,,1.0,5.0,2.0,0.029107877821112235,,False
838,0,bmeleton_merged_intersection,-1.5946897756114635,-72.01286556766459,90.99712513436617,0,1,60,15,60,15,0.4901723311379131,False,21.260382759331286,0.06805782462553489,0.06805782462553489,0.09297225185383522,,,,,,,,bmeleton_merged,0.068057824625535,1.0,,,,,,,,,,,,,,,,,,,,,,,,,,,,,False
838,1,bmeleton_merged_pivot_refit_both,-1.8744308843506272,-72.11142775098517,91.78531835176825,0,1,60,15,60,15,0.4290317289932311,False,158.93768749703162,1.9331901284094715,0.06680987159052854,1.7464863726024085,,,,,,,,bmeleton_merged,,,0.8421509008830792,True,True,ok,ok,45.0,15.0,45.0,15.0,45.0,15.0,45.0,15.0,0.8125011029652943,0.4395877600365244,0.9788865026052082,0.5533742016181739,0.2511877417872887,0.09168310445665719,start,end,0.0,0.4901723311379131,,,,,,False
838,2,bmeleton_final_refit_vertex,-1.1338265987584772,-72.29994704514195,90.21609419585032,2,0,15,11,15,11,0.34756492588101684,False,21.45024407791315,0.06926451151009949,0.06926451151009949,0.04159457491992366,,,,,,,,bmeleton_final_refit,,,,,,,,,,,,,,,,,,,,,,,,,,1.0,48.856525957182114,2.0,0.04159457491992366,,False
844,0,bmeleton_merged_intersection,0.5576464083380114,-72.83113683783722,62.17438705784225,0,1,68,68,68,68,1.5747273691230566,False,35.56122689881857,0.1865054919085487,0.1865054919085487,0.425505457726892,,,,,,,,bmeleton_merged,0.1865054919085487,1.0,,,,,,,,,,,,,,,,,,,,,,,,,,,,,False
844,1,bmeleton_merged_pivot_refit_both,2.2563600242426762,-72.68410860850304,64.0773326618917,0,1,68,68,68,68,1.1909686457007373,False,146.6598085104882,1.8354220306286702,0.16457796937132985,1.980610975854569,,,,,,,,bmeleton_merged,,,2.5550826250930068,True,True,ok,ok,24.0,68.0,24.0,68.0,24.0,68.0,24.0,68.0,1.0755723117793403,0.6243868261520631,1.7232230067329366,1.1773693871952424,2.1672649102853057,0.26795728551818637,start,end,0.0,1.5747273691230566,,,,,,False
844,2,bmeleton_final_refit_vertex,1.163332880190465,-72.50238206949726,63.368619010829775,2,0,68,42,68,42,1.0856454233735406,False,39.13875568054127,0.2243803685258018,0.2243803685258018,0.49260330619905607,,,,,,,,bmeleton_final_refit,,,,,,,,,,,,,,,,,,,,,,,,,,1.0,29.15189862003659,2.0,0.49260330619905607,,False
845,0,bmeleton_merged_intersection,-3.81413577909263,-69.76396470424692,63.558951398057445,1,0,60,95,60,95,0.051913940247148564,False,5.729442570216669,0.00499559883378331,0.00499559883378331,0.014832790778515074,,,,,,,,bmeleton_merged,0.004995598833783532,1.0,,,,,,,,,,,,,,,,,,,,,,,,,,,,,False
845,1,bmeleton_merged_pivot_refit_both,-3.61510670863652,-69.64867881818567,54.91933420701771,1,0,60,95,60,95,0.980936064694969,False,5.227693421855035,0.004159524188551367,0.004159524188551367,0.004091997312741195,,,,,,,,bmeleton_merged,,,8.642678324114629,True,True,ok,ok,48.0,30.0,48.0,45.0,48.0,35.0,48.0,30.0,1.3918323560950578,0.9385123167961518,1.7362627961582837,1.3093703421811216,0.6061017152706129,0.14628368330246294,end,end,0.0,0.051913940247148564,,,,,,False
845,2,bmeleton_final_refit_vertex,-2.4530583854527936,-69.99191363176175,80.56825085161091,3,0,49,48,49,48,1.7224764964218795,False,17.64178990224925,0.04703012567493092,0.04703012567493092,0.08482141520179513,,,,,,,,bmeleton_final_refit,,,,,,,,,,,,,,,,,,,,,,,,,,1.0,5.0,2.0,0.08482141520179513,,False
865,0,bmeleton_merged_intersection,-6.316659911931662,-69.22088462621869,97.38263710371686,0,1,61,22,61,22,3.4938345060262077,False,4.671251111919592,0.003321624951629909,0.003321624951629909,0.0035814844167728174,,,,,,,,bmeleton_merged,0.003321624951630131,1.0,,,,,,,,,,,,,,,,,,,,,,,,,,,,,False
865,1,bmeleton_final_refit_vertex,-3.4738520902285672,-68.75279466620667,85.11542559402076,3,1,14,9,14,9,0.103517988795669,False,15.709770556872295,0.03735441262842332,0.03735441262842332,0.020539863028785604,,,,,,,,bmeleton_final_refit,,,,,,,,,,,,,,,,,,,,,,,,,,1.0,5.0,2.0,0.020539863028785604,,False
868,0,bmeleton_merged_intersection,-4.45041133877806,-74.28589552366711,104.22447745419207,1,0,33,112,33,112,0.9023025519346799,False,34.41462779331657,0.17503076646929028,0.17503076646929028,0.4448198773169922,,,,,,,,bmeleton_merged,0.17503076646929028,1.0,,,,,,,,,,,,,,,,,,,,,,,,,,,,,False
868,1,bmeleton_merged_pivot_refit_both,-5.705542771027513,-73.95341937932267,105.95721337465685,1,0,33,112,33,112,0.44126873370219233,False,146.4574154868974,1.8334753701582365,0.16652462984176364,2.3566019754242333,,,,,,,,bmeleton_merged,,,2.165241111019192,True,True,ok,ok,30.0,67.0,30.0,71.0,30.0,67.0,30.0,67.0,0.5057741851923663,1.7567594859244022,0.6450261693299755,2.0578268571666545,0.13689400214862624,0.8077041969690193,end,start,0.0,0.9023025519346799,,,,,,False
868,2,bmeleton_final_refit_vertex,-5.176873333642407,-73.91004806635,105.45874693875427,1,2,35,33,35,33,0.46240980047548885,False,39.64640184710979,0.23000323723690985,0.23000323723690985,0.35775084711798544,,,,,,,,bmeleton_final_refit,,,,,,,,,,,,,,,,,,,,,,,,,,1.0,2.044097247434566,2.0,0.35775084711798544,,False
875,0,bmeleton_merged_intersection,-6.834988140128585,-72.00451315348846,69.10834499296762,1,0,10,143,10,143,0.6836645392952638,False,4.395392228767599,0.002941081193286399,0.002941081193286399,0.0048920017570820715,,,,,,,,bmeleton_merged,0.002941081193286288,1.0,,,,,,,,,,,,,,,,,,,,,,,,,,,,,False
875,1,bmeleton_merged_pivot_refit_both,-6.199623265792866,-71.51311969082778,79.95769276247762,1,0,10,143,10,143,2.728644054492947,False,4.795801140731001,0.0035010111860510618,0.0035010111860510618,0.0014127758363797034,,,,,,,,bmeleton_merged,,,10.879039621329495,True,True,ok,ok,8.0,63.0,8.0,70.0,8.0,63.0,8.0,63.0,0.8435554748381443,1.9877216570336775,1.2229474921943806,2.0405991385650557,1.9214807423482267,0.2278117724250468,end,end,0.0,0.6836645392952638,,,,,,False
875,2,bmeleton_final_refit_vertex,-4.666094214759317,-73.07420799007608,89.19261139144807,0,2,70,9,70,9,2.21949180840733,False,16.652525475093032,0.041939730856223045,0.041939730856223045,0.03645266584775775,,,,,,,,bmeleton_final_refit,,,,,,,,,,,,,,,,,,,,,,,,,,1.0,5.0,2.0,0.03645266584775775,,False
887,0,bmeleton_merged_intersection,-1.8850798651215757,-74.8298186535543,26.81827068683059,0,1,49,66,49,66,0.41289592086262383,False,32.83128505157328,0.15972930918902828,0.15972930918902828,0.4195318655755656,,,,,,,,bmeleton_merged,0.15972930918902828,1.0,,,,,,,,,,,,,,,,,,,,,,,,,,,,,False
887,1,bmeleton_merged_pivot_refit_both,-2.47566410389511,-74.62011341201,25.44283175183429,0,1,49,66,49,66,0.8199631060566852,False,31.783220312837347,0.14995301877215894,0.14995301877215894,0.17162308421830408,,,,,,,,bmeleton_merged,,,1.5114887678453397,True,True,ok,ok,31.0,56.0,31.0,57.0,31.0,57.0,31.0,56.0,1.3155864760606217,0.7487429890780566,1.8260783164660788,1.255579490419793,1.1219723920355247,0.13632891775058936,end,end,0.0,0.41289592086262383,,,,,,False
887,2,bmeleton_final_refit_vertex,-2.3216453866592084,-74.51097530632846,24.612894179411413,2,0,59,31,59,31,0.9462355542262293,False,31.532505582774675,0.14765640166711036,0.14765640166711036,0.2654954194517789,,,,,,,,bmeleton_final_refit,,,,,,,,,,,,,,,,,,,,,,,,,,1.0,5.0,2.0,0.2654954194517789,,False
899,0,bmeleton_merged_intersection,-3.8492887307936243,-64.65467805045807,118.56643305934776,0,1,82,13,82,13,2.7781698987131285,False,8.069366018215145,0.009901148999343357,0.009901148999343357,0.010390268772894966,,,,,,,,bmeleton_merged,0.009901148999343468,1.0,,,,,,,,,,,,,,,,,,,,,,,,,,,,,False
899,1,bmeleton_merged_pivot_refit_both,-3.986855796793972,-64.78999481896903,117.41215868718089,0,1,82,13,82,13,2.8873814788291203,False,171.8197860555782,1.9898254261980575,0.010174573801942643,1.2012324674757915,,,,,,,,bmeleton_merged,,,1.1702925496342393,True,True,ok,ok,60.0,13.0,60.0,13.0,60.0,13.0,60.0,13.0,1.0080765512310257,0.43156229191507867,1.0566520057882347,0.9188349582734632,0.7943758762940831,2.336898886713548,start,end,0.0,2.7781698987131285,,,,,,False
899,2,bmeleton_final_refit_vertex,-3.096658612777284,-63.399077151654126,125.52855408275755,1,2,18,13,18,13,2.382925431064214,False,26.018994515669263,0.10135133050500134,0.10135133050500134,0.05249874356706393,,,,,,,,bmeleton_final_refit,,,,,,,,,,,,,,,,,,,,,,,,,,1.0,11.74549567141129,2.0,0.05249874356706393,,False
904,0,bmeleton_merged_intersection,1.0147422155566688,-71.63583836323738,105.29927529227201,2,1,60,27,60,27,1.2655769534236059,False,52.72237076419193,0.39432223335981775,0.39432223335981775,0.633268247160596,,,,,,,,bmeleton_merged,0.39432223335981775,2.0,,,,,,,,,,,,,,,,,,,,,,,,,,,,,False
904,1,bmeleton_merged_intersection,0.5987842078609454,-71.57275440126075,104.79641049551614,2,0,60,94,60,94,1.2179217681453913,False,38.779436169934215,0.22043719306132914,0.22043719306132914,0.5317786262380362,,,,,,,,bmeleton_merged,0.22043719306132914,1.0,,,,,,,,,,,,,,,,,,,,,,,,,,,,,False
904,2,bmeleton_merged_intersection,0.47801477549319626,-72.20799359435958,107.04698546291901,0,1,94,27,94,27,0.11818148533576729,False,14.08167020101921,0.030050098167595407,0.030050098167595407,0.0739462289663326,,,,,,,,bmeleton_merged,0.030050098167595518,3.0,,,,,,,,,,,,,,,,,,,,,,,,,,,,,False
904,3,bmeleton_merged_pivot_refit_both,-0.7476184566600672,-71.44974673390908,103.8491058414493,2,1,60,27,60,27,1.0280816263751065,False,49.693363705608874,0.3531218886261318,0.3531218886261318,0.27418200350743543,,,,,,,,bmeleton_merged,,,2.2898769987887424,True,True,ok,ok,57.0,18.0,59.0,18.0,57.0,18.0,57.0,18.0,1.1542262509361338,1.1185646337849848,1.7056817818436942,1.619020841608392,0.3064794370031413,3.332986848553105,end,end,0.0,1.2655769534236059,,,,,,False
904,4,bmeleton_merged_pivot_refit_both,1.77637941029153,-71.60741711875941,107.1971346406284,2,0,60,94,60,94,0.8713573040405408,False,141.7405124054869,1.7852144044945932,0.21478559550540677,2.6915913731125793,,,,,,,,bmeleton_merged,,,2.6742117316504563,True,True,ok,ok,57.0,79.0,59.0,79.0,57.0,79.0,57.0,79.0,1.1542262509361338,1.4511745065630994,1.7056817818436942,1.828881911379249,0.29040583917913393,0.7540794814523352,end,start,1.0,1.2179217681453913,,,,,,False
904,5,bmeleton_merged_pivot_refit_both,1.8128706364608993,-72.02002594791162,94.41379816235931,0,1,94,27,94,27,0.41536830223468,False,167.76338349407342,1.9772806415437525,0.022719358456247507,1.8803516707430723,,,,,,,,bmeleton_merged,,,12.704904304113976,True,True,ok,ok,80.0,17.0,81.0,17.0,80.0,17.0,80.0,17.0,1.4444418802116314,1.1647363897209262,1.8247741409386438,1.6447587625648141,0.6969322696781166,2.6424996853375977,start,end,2.0,0.11818148533576729,,,,,,False
904,6,bmeleton_final_refit_vertex,-2.231398670784475,-71.33500831362633,103.71097663192496,3,2,59,18,59,18,0.7880639535065699,False,46.1359393511942,0.30705028100285736,0.30705028100285736,0.4321937130991823,,,,,,,,bmeleton_final_refit,,,,,,,,,,,,,,,,,,,,,,,,,,1.0,5.0,2.0,0.4321937130991823,,False
931,0,bmeleton_merged_intersection,3.4905370730673817,-69.40956368939598,117.38210537080792,0,1,156,50,156,50,0.3677602118074865,False,37.753958696156616,0.20935272763236656,0.20935272763236656,0.5850281664180502,,,,,,,,bmeleton_merged,0.20935272763236668,1.0,,,,,,,,,,,,,,,,,,,,,,,,,,,,,False
931,1,bmeleton_merged_pivot_refit_both,3.3394911286444975,-69.28311488589526,113.97965690947295,0,1,156,50,156,50,0.16990630581153346,False,142.9994027382723,1.79862923657358,0.2013707634264199,3.3073940191111797,,,,,,,,bmeleton_merged,,,3.4081460809762936,True,True,ok,ok,119.0,44.0,119.0,44.0,119.0,44.0,119.0,44.0,1.2854960443787242,0.873560808185728,1.8522867054155552,1.156977237737857,0.14306664883856385,0.8461924353491684,start,end,0.0,0.3677602118074865,,,,,,False
931,2,bmeleton_final_refit_vertex,3.187379005359496,-69.65758477443853,111.95770377704807,2,1,44,31,44,31,0.9945855354849064,False,53.0210107396215,0.3984778822058288,0.3984778822058288,0.6137510568691661,,,,,,,,bmeleton_final_refit,,,,,,,,,,,,,,,,,,,,,,,,,,1.0,5.0,2.0,0.6137510568691661,,False
941,0,bmeleton_merged_intersection,-0.5978838460067042,-69.5620196066,76.43513823490119,1,0,29,84,29,84,0.03092251535561501,False,33.95357818369589,0.17050963394225116,0.17050963394225116,0.41819606707216844,,,,,,,,bmeleton_merged,0.17050963394225127,1.0,,,,,,,,,,,,,,,,,,,,,,,,,,,,,False
941,1,bmeleton_merged_pivot_refit_both,0.5011992443709867,-69.8137757003179,78.47539152053264,1,0,29,84,29,84,0.16326165987280006,False,147.06728333203117,1.839309567684271,0.160690432315729,2.0422356667978634,,,,,,,,bmeleton_merged,,,2.3310937861459378,True,True,ok,ok,29.0,36.0,29.0,36.0,29.0,36.0,29.0,36.0,0.4572138750821339,1.0336261721930378,0.5190297829296374,1.3871686825800709,0.018845846691486094,1.0390120186048026,end,start,0.0,0.03092251535561501,,,,,,False
941,2,bmeleton_final_refit_vertex,-0.2426830157257469,-70.01405710131061,77.29391628423576,0,2,42,29,42,29,0.6574804867485159,False,40.55035754485296,0.24016513113488147,0.24016513113488147,0.3703825708527543,,,,,,,,bmeleton_final_refit,,,,,,,,,,,,,,,,,,,,,,,,,,1.0,36.756928987053364,2.0,0.3703825708527543,,False
955,0,bmeleton_merged_intersection,-0.9316513702452323,-65.02248702670006,116.70314722774157,0,1,65,37,65,37,1.3885701069142147,False,8.938231811914658,0.01214358792149417,0.01214358792149417,0.02330455988472024,,,,,,,,bmeleton_merged,0.012143587921494392,1.0,,,,,,,,,,,,,,,,,,,,,,,,,,,,,False
955,1,bmeleton_merged_pivot_refit_both,-0.4709340246551925,-64.61458102251615,110.07842276080956,0,1,65,37,65,37,0.46485240338851136,False,171.5815713493961,1.9892252955550538,0.010774704444946215,1.5414100937586042,,,,,,,,bmeleton_merged,,,6.6532414689040404,True,True,ok,ok,52.0,16.0,52.0,16.0,52.0,16.0,52.0,16.0,0.8363748820608778,1.7662775445202779,1.2800386181371144,1.8427564317045024,0.3906715514923915,0.8751557442829515,start,end,0.0,1.3885701069142147,,,,,,False
955,2,bmeleton_final_refit_vertex,-0.5081985646354081,-64.0981964516167,119.84217310817064,2,1,16,10,16,10,0.5212271092804999,False,40.86715198763434,0.2437712882534424,0.2437712882534424,0.13961977723006289,,,,,,,,bmeleton_final_refit,,,,,,,,,,,,,,,,,,,,,,,,,,1.0,5.0,2.0,0.13961977723006289,,False
966,0,bmeleton_merged_intersection,7.595000148762666,-70.1153490054912,92.57734391996496,1,0,26,114,26,114,0.3055795745488686,False,32.73457666995204,0.1588153937320912,0.1588153937320912,0.4074167418560145,,,,,,,,bmeleton_merged,0.1588153937320912,1.0,,,,,,,,,,,,,,,,,,,,,,,,,,,,,False
966,1,bmeleton_merged_pivot_refit_both,8.3615314402145,-70.25682147567468,93.82619184804612,1,0,26,114,26,114,0.12330696569952201,False,147.79207620180918,1.8461194631822915,0.1538805368177084,2.5352515280731533,,,,,,,,bmeleton_merged,,,1.4721432770173037,True,True,ok,ok,26.0,70.0,26.0,70.0,26.0,70.0,26.0,70.0,0.5597480584572985,1.4177321761197172,0.7510444897529411,1.9031387959458759,0.046427283810440756,0.5292620552812585,end,start,0.0,0.3055795745488686,,,,,,False
966,2,bmeleton_final_refit_vertex,8.23644655045361,-70.45829437375048,93.7007070578054,1,2,40,26,40,26,0.6360134355419875,False,45.259267767576034,0.2961001594100867,0.2961001594100867,0.42356815358564504,,,,,,,,bmeleton_final_refit,,,,,,,,,,,,,,,,,,,,,,,,,,1.0,11.576969198452915,2.0,0.42356815358564504,,False
969,0,bmeleton_merged_intersection,-2.4894607292574467,-74.97751028838712,84.6292817148317,1,2,33,66,33,66,2.240553243426592,False,50.00664850078558,0.35730128508132486,0.35730128508132486,0.5757471185383822,,,,,,,,bmeleton_merged,0.35730128508132486,2.0,,,,,,,,,,,,,,,,,,,,,,,,,,,,,False
969,1,bmeleton_merged_intersection,-6.109208910598243,-74.39135812591982,89.82764477869588,0,2,68,66,68,66,1.806879257280848,False,32.304665441322555,0.15478168045585583,0.15478168045585583,0.34108511684770204,,,,,,,,bmeleton_merged,0.15478168045585594,3.0,,,,,,,,,,,,,,,,,,,,,,,,,,,,,False
969,2,bmeleton_merged_intersection,-5.491204899616395,-75.8413220336083,73.83931266796648,1,0,33,68,33,68,0.6195634977107723,False,17.719992216935673,0.04744466299763361,0.04744466299763361,0.09998531479437353,,,,,,,,bmeleton_merged,0.047444662997633724,1.0,,,,,,,,,,,,,,,,,,,,,,,,,,,,,False
969,3,bmeleton_merged_pivot_refit_both,-2.6567033035548935,-75.02577346873926,85.41076425247748,1,2,33,66,33,66,2.3329178911598882,False,50.580635954461606,0.3650083651063145,0.3650083651063145,0.31180889576985804,,,,,,,,bmeleton_merged,,,0.8006337301666819,True,True,ok,ok,29.0,64.0,29.0,66.0,29.0,64.0,29.0,64.0,1.4306371433714733,1.111028740375531,1.853386375137293,1.5941527707789944,1.6646911213834215,0.3884182547048723,end,end,0.0,2.240553243426592,,,,,,False
969,4,bmeleton_merged_pivot_refit_both,-5.796870458418921,-74.379710650476,89.90488210293469,0,2,68,66,68,66,1.6844003697260437,False,147.34921110597335,1.841974481653422,0.15802551834657808,2.5018379181492265,,,,,,,,bmeleton_merged,,,0.32195741434164843,True,True,ok,ok,67.0,64.0,67.0,66.0,67.0,64.0,67.0,64.0,1.3462372119170414,1.111028740375531,1.9137079002137045,1.5941527707789944,0.6064328322125685,0.3313720865873467,start,end,1.0,1.806879257280848,,,,,,False
969,5,bmeleton_merged_pivot_refit_both,-5.316618658035633,-75.68276470637204,75.58032724517898,1,0,33,68,33,68,0.9241672408931417,False,162.19790478374964,1.952118213310575,0.04788178668942511,2.041235252039146,,,,,,,,bmeleton_merged,,,1.7569156325321964,True,True,ok,ok,33.0,58.0,33.0,58.0,33.0,58.0,33.0,58.0,1.3259337410666827,1.5610934440231032,1.7687577890848865,2.0051722428176224,0.45697735875474055,0.5620071002386898,end,start,2.0,0.6195634977107723,,,,,,False
969,6,bmeleton_final_refit_vertex,-2.320600706088624,-75.02733665308159,84.38966113601647,2,1,66,32,66,32,2.3057994585266246,False,48.460847239080394,0.33686831169313813,0.33686831169313813,0.5297602626899914,,,,,,,,bmeleton_final_refit,,,,,,,,,,,,,,,,,,,,,,,,,,1.0,32.61467740346439,2.0,0.5297602626899914,,False
971,0,bmeleton_merged_intersection,0.4153662173585897,-77.30364908299534,51.6090314842409,2,1,26,47,26,47,1.8873807673433178,False,40.73355788403567,0.2422477249594387,0.2422477249594387,0.30738397694766595,,,,,,,,bmeleton_merged,0.2422477249594388,1.0,,,,,,,,,,,,,,,,,,,,,,,,,,,,,False
971,1,bmeleton_merged_intersection,1.8681475958933098,-78.58954358493153,47.78020730271207,2,0,26,23,26,23,2.9719844835623395,False,34.38243107735136,0.17471330154950881,0.17471330154950881,0.1339831322765459,,,,,,,,bmeleton_merged,0.17471330154950881,2.0,,,,,,,,,,,,,,,,,,,,,,,,,,,,,False
971,2,bmeleton_merged_intersection,4.226218976227623,-80.9953340938777,71.01756391641023,1,0,47,23,47,23,1.353311937980494,False,6.388450253533678,0.006209631000034133,0.006209631000034133,0.008033752907565668,,,,,,,,bmeleton_merged,0.006209631000034244,3.0,,,,,,,,,,,,,,,,,,,,,,,,,,,,,False
971,3,bmeleton_merged_pivot_refit_both,0.5727722863305829,-77.55953297103841,49.725456291720846,2,1,26,47,26,47,0.5377752622976953,False,39.744542911282515,0.23109726857963253,0.23109726857963253,0.1787917480124226,,,,,,,,bmeleton_merged,,,1.9073826937943574,True,True,ok,ok,25.0,30.0,26.0,31.0,25.0,30.0,25.0,30.0,0.7170913030375307,1.4950871032709374,1.1572484049406697,1.5756332057553306,0.1847284638582471,0.9736937961341525,end,end,0.0,1.8873807673433178,,,,,,False
971,4,bmeleton_merged_pivot_refit_both,1.476662649744034,-78.97063860847625,61.83175493187119,1,0,47,23,47,23,0.14208227551887098,False,6.984727106428493,0.007421397852034439,0.007421397852034439,0.0037234064826341586,,,,,,,,bmeleton_merged,,,9.79992543346882,True,True,ok,ok,22.0,15.0,24.0,15.0,23.0,15.0,22.0,15.0,1.1113012107591582,1.2350560855714632,1.624100765790418,1.2733297891616444,2.049258925062266,2.3319046916548127,start,start,2.0,1.353311937980494,,,,,,False
971,5,bmeleton_final_refit_vertex,1.1849296515950112,-77.16397790809144,50.282940292921154,2,3,33,26,33,26,0.978509235730105,False,39.35581222358032,0.22677713810085098,0.22677713810085098,0.277772993000101,,,,,,,,bmeleton_final_refit,,,,,,,,,,,,,,,,,,,,,,,,,,1.0,7.084613433278812,2.0,0.277772993000101,,False
978,0,bmeleton_merged_intersection,-7.643259279145501,-74.42069698933636,51.42449519398635,0,1,66,41,66,41,2.2505987824072053,False,20.89528092344581,0.06576614668477565,0.06576614668477565,0.11795936549827973,,,,,,,,bmeleton_merged,0.06576614668477576,1.0,,,,,,,,,,,,,,,,,,,,,,,,,,,,,False
978,1,bmeleton_merged_pivot_refit_both,-7.680185405324032,-74.73341669498609,54.703503534004085,0,1,66,41,66,41,1.5555923623078611,False,21.421624247064294,0.06908196016435031,0.06908196016435031,0.06163146213529735,,,,,,,,bmeleton_merged,,,3.2940936305761026,True,True,ok,ok,37.0,41.0,39.0,41.0,38.0,41.0,37.0,41.0,1.642479403102821,0.7633729109729938,2.106788445650846,1.1884711352460264,1.211438316171833,0.3725461809742259,end,end,0.0,2.2505987824072053,,,,,,False
978,2,bmeleton_final_refit_vertex,-9.10844944728875,-74.11821767362036,56.243290878825505,2,0,41,38,41,38,2.2080550757551936,False,27.037389377083656,0.10928992505807789,0.10928992505807789,0.14961866216767633,,,,,,,,bmeleton_final_refit,,,,,,,,,,,,,,,,,,,,,,,,,,1.0,41.053391498265036,2.0,0.14961866216767633,,False
982,0,bmeleton_merged_intersection,-3.5196575134503996,-83.4274345698982,87.58400210340571,0,1,73,22,73,22,0.8694809341619238,False,28.124128791352483,0.11807156794966855,0.11807156794966855,0.20153868171143288,,,,,,,,bmeleton_merged,0.11807156794966855,1.0,,,,,,,,,,,,,,,,,,,,,,,,,,,,,False
982,1,bmeleton_merged_pivot_refit_both,-4.767738864781021,-82.92874866036817,90.41293019449334,0,1,73,22,73,22,0.540910968640671,False,152.8467576007235,1.8897891028561722,0.11021089714382781,1.9195036693635983,,,,,,,,bmeleton_merged,,,3.1319688441055376,True,True,ok,ok,45.0,22.0,46.0,22.0,45.0,22.0,45.0,22.0,0.9999177668263068,0.43250723322710083,1.3817385384848473,0.7742089362023569,1.0038820005833533,0.16101861169868611,start,end,0.0,0.8694809341619238,,,,,,False
982,2,bmeleton_final_refit_vertex,-3.628823240630342,-83.40877119483102,87.79827130526958,2,1,22,19,22,19,0.8947645275069935,False,33.13419064857595,0.16260731306681708,0.16260731306681708,0.14099436687052516,,,,,,,,bmeleton_final_refit,,,,,,,,,,,,,,,,,,,,,,,,,,1.0,35.04526480905347,2.0,0.14099436687052516,,False
992,0,bmeleton_merged_intersection,-0.7113716531215897,-75.09189949939798,58.000541233196,0,1,71,15,71,15,2.1417899384772245,False,25.107557093260613,0.09448715914023387,0.09448715914023387,0.10793953233123915,,,,,,,,bmeleton_merged,0.09448715914023387,1.0,,,,,,,,,,,,,,,,,,,,,,,,,,,,,False
992,1,bmeleton_merged_pivot_refit_both,-1.3397208167918626,-75.02820864252674,56.538869257862395,0,1,71,15,71,15,1.599305942306624,False,24.394888592264948,0.0892794894020873,0.0892794894020873,0.048870780746492225,,,,,,,,bmeleton_merged,,,1.5922826885354804,True,True,ok,ok,37.0,14.0,40.0,14.0,40.0,14.0,37.0,14.0,1.774647891657584,0.33044699833717756,2.418945104380184,0.392794401219204,0.9050944320548799,0.37461300928863556,end,end,0.0,2.1417899384772245,,,,,,False
992,2,bmeleton_final_refit_vertex,0.3322570052743692,-74.27289940075308,61.44243454578264,0,2,41,15,41,15,1.5977819534539202,False,31.27088280659245,0.14527726533209684,0.14527726533209684,0.13651402261634527,,,,,,,,bmeleton_final_refit,,,,,,,,,,,,,,,,,,,,,,,,,,1.0,4.660613276141453,2.0,0.13651402261634527,,False
1007,0,bmeleton_merged_intersection,-2.844265258417052,-68.95591268399785,93.74717026367247,0,1,109,30,109,30,0.08220107754233133,False,16.642490605868083,0.04188955581213172,0.04188955581213172,0.11783323372362883,,,,,,,,bmeleton_merged,0.04188955581213172,1.0,,,,,,,,,,,,,,,,,,,,,,,,,,,,,False
1007,1,bmeleton_merged_pivot_refit_both,-3.1735331854126962,-68.91752951185168,98.21170570917715,0,1,109,30,109,30,0.25363369385371665,False,163.1839037800351,1.9572382614649204,0.042761738535079585,2.703727002633904,,,,,,,,bmeleton_merged,,,4.476825591847384,True,True,ok,ok,90.0,24.0,91.0,24.0,90.0,24.0,90.0,24.0,1.5750444522054843,0.7203695019543079,1.9039098559535816,0.9991657030629005,0.27221594197693194,0.4174050469975411,start,end,0.0,0.08220107754233133,,,,,,False
1007,2,bmeleton_final_refit_vertex,-1.2221974582068944,-68.8920732932861,93.94690767031872,2,1,24,14,24,14,0.48270783508537796,False,15.310733329654086,0.035492030317578416,0.035492030317578416,0.029665070689552424,,,,,,,,bmeleton_final_refit,,,,,,,,,,,,,,,,,,,,,,,,,,1.0,5.0,2.0,0.029665070689552424,,False
1014,0,bmeleton_merged_intersection,3.5354673718574805,-80.29936426306429,44.952250466249595,2,0,62,71,62,71,0.9956227217497358,False,43.992898763941355,0.28057410926266857,0.28057410926266857,0.7019473763205377,,,,,,,,bmeleton_merged,0.28057410926266857,3.0,,,,,,,,,,,,,,,,,,,,,,,,,,,,,False
1014,1,bmeleton_merged_intersection,1.386620823714175,-79.86911550674607,33.839870657223614,1,0,64,71,64,71,1.2632480526481522,False,37.10803494581579,0.2025006706492456,0.2025006706492456,0.48497361659728616,,,,,,,,bmeleton_merged,0.2025006706492456,2.0,,,,,,,,,,,,,,,,,,,,,,,,,,,,,False
1014,2,bmeleton_merged_intersection,-28.296438841282264,-82.12436454564434,93.19946148572126,1,2,64,62,64,62,0.5778708020756369,False,7.061403613608125,0.007585025112489596,0.007585025112489596,0.020397635715227725,,,,,,,,bmeleton_merged,0.007585025112489818,1.0,,,,,,,,,,,,,,,,,,,,,,,,,,,,,False
1014,3,bmeleton_merged_pivot_refit_both,3.802750014462588,-80.30028585313454,45.42298565863345,2,0,62,71,62,71,1.00782607315745,False,43.92655118541938,0.2797702919698013,0.2797702919698013,0.2531285342113354,,,,,,,,bmeleton_merged,,,0.5413247470002578,True,True,ok,ok,60.0,27.0,62.0,27.0,60.0,27.0,60.0,27.0,1.4701576652422568,1.7388656607046533,1.9423052599388824,1.830040113536388,0.34944943905328174,0.7356373115501109,end,end,0.0,0.9956227217497358,,,,,,False
1014,4,bmeleton_merged_pivot_refit_both,0.964278058234739,-80.18031104449821,32.711406556948134,1,0,64,71,64,71,0.950405563348444,False,37.125006639738004,0.2026794161705534,0.2026794161705534,0.22786085095991013,,,,,,,,bmeleton_merged,,,1.2444465837793963,True,True,ok,ok,62.0,38.0,63.0,38.0,62.0,38.0,62.0,38.0,1.528921033498225,1.531922590658275,2.1287192068891185,1.7988313271998395,0.2640152578710702,0.8400147207862806,end,end,1.0,1.2632480526481522,,,,,,False
1014,5,bmeleton_merged_pivot_refit_both,-27.654923640043805,-82.01720975799661,91.36477086181503,1,2,64,62,64,62,0.6445627354428696,False,6.716142079463096,0.006862259807454696,0.006862259807454696,0.006548450895124898,,,,,,,,bmeleton_merged,,,1.9465645602921238,True,True,ok,ok,51.0,28.0,53.0,33.0,51.0,33.0,51.0,28.0,1.4973549424480959,1.4008986945850364,1.795626590408314,1.7261052115412225,0.16559723481305838,0.5146153258481981,end,end,2.0,0.5778708020756369,,,,,,False
1014,6,bmeleton_final_refit_vertex,3.858295614847643,-80.36477881064333,44.47324829033392,3,0,62,31,62,31,0.8325584184092767,False,43.385059974970666,0.2732461938581776,0.2732461938581776,0.5134660388502407,,,,,,,,bmeleton_final_refit,,,,,,,,,,,,,,,,,,,,,,,,,,1.0,34.97124939537941,2.0,0.5134660388502407,,False
1021,0,bmeleton_merged_intersection,5.821944274340003,-69.86950421067368,44.690726014217795,1,0,50,64,50,64,0.24667466287424614,False,38.61892109666542,0.21868559734191095,0.21868559734191095,0.5894555266500326,,,,,,,,bmeleton_merged,0.21868559734191106,1.0,,,,,,,,,,,,,,,,,,,,,,,,,,,,,False
1021,1,bmeleton_merged_pivot_refit_both,5.220304718862304,-69.7861866490187,45.70873250835473,1,0,50,64,50,64,0.6354608690984915,False,38.62473025672874,0.21874888203088916,0.21874888203088916,0.2775533618636171,,,,,,,,bmeleton_merged,,,1.1854320701332934,True,True,ok,ok,39.0,49.0,39.0,50.0,39.0,49.0,39.0,49.0,0.6643555471986925,1.357479782246372,0.8838330285615618,1.7793237229370038,0.32441268289452074,0.2854359822002842,end,end,0.0,0.24667466287424614,,,,,,False
1021,2,bmeleton_final_refit_vertex,4.748546314609351,-69.82205120420628,45.18383498877278,0,3,51,40,51,40,0.5191391821339364,False,37.94558330043514,0.21140487704382427,0.21140487704382427,0.43251258439831475,,,,,,,,bmeleton_final_refit,,,,,,,,,,,,,,,,,,,,,,,,,,1.0,5.0,2.0,0.43251258439831475,,False
1022,0,bmeleton_merged_intersection,4.279217182355041,-74.77651296014601,38.538714343660345,1,0,61,50,61,50,0.6974581211535553,False,20.51996484890761,0.06344989819837299,0.06344989819837299,0.1537587063393179,,,,,,,,bmeleton_merged,0.06344989819837321,1.0,,,,,,,,,,,,,,,,,,,,,,,,,,,,,False
1022,1,bmeleton_merged_pivot_refit_both,5.047813010421519,-74.28138189879053,36.0608876299388,1,0,61,50,61,50,0.5902171583180469,False,20.99867630847421,0.06641129445769178,0.06641129445769178,0.05331979546075488,,,,,,,,bmeleton_merged,,,2.641120886682835,True,True,ok,ok,50.0,18.0,54.0,18.0,54.0,18.0,50.0,18.0,1.076835110619617,1.3774871074142385,1.4811650297092742,1.6926861991115625,0.4749680728492053,0.949352593430109,end,end,0.0,0.6974581211535553,,,,,,False
1022,2,bmeleton_final_refit_vertex,5.2987475397995585,-74.11118693574326,40.10307412524537,2,1,55,18,55,18,0.14740115215836475,False,23.194066166828964,0.0808238671092667,0.0808238671092667,0.12351201770817329,,,,,,,,bmeleton_final_refit,,,,,,,,,,,,,,,,,,,,,,,,,,1.0,5.0,2.0,0.12351201770817329,,False
1024,0,bmeleton_merged_intersection,-2.722002502655342,-68.64082671026549,104.54852814926697,1,0,41,124,41,124,0.5629547633598306,False,21.991295886533734,0.07275924760745889,0.07275924760745889,0.19618867320300165,,,,,,,,bmeleton_merged,0.07275924760745911,1.0,,,,,,,,,,,,,,,,,,,,,,,,,,,,,False
1024,1,bmeleton_merged_pivot_refit_both,-3.7683075197884346,-68.44122322628306,107.12582882972298,1,0,41,124,41,124,0.45347662862625404,False,158.63220037492025,1.9312607305040803,0.0687392694959198,3.110589215955072,,,,,,,,bmeleton_merged,,,2.788740672270334,True,True,ok,ok,40.0,103.0,40.0,103.0,40.0,103.0,40.0,103.0,0.8511892308258819,1.8527934790368512,1.096600636537035,1.9960227174331002,0.12416995852047084,0.6329180971315935,end,start,0.0,0.5629547633598306,,,,,,False
1024,2,bmeleton_final_refit_vertex,-3.584596352248689,-68.42268663161364,106.6824029887143,2,0,41,18,41,18,0.3855504232050932,False,27.791280658559252,0.11534805974184836,0.11534805974184836,0.14546160890984144,,,,,,,,bmeleton_final_refit,,,,,,,,,,,,,,,,,,,,,,,,,,1.0,2.0974526217974376,2.0,0.14546160890984144,,False
1040,0,bmeleton_merged_intersection,-2.7648457891654834,-68.24528686873344,31.604894422740173,0,1,81,54,81,54,0.1317096172014731,False,39.39651753919395,0.22722784875099644,0.22722784875099644,0.664187568181945,,,,,,,,bmeleton_merged,0.22722784875099644,1.0,,,,,,,,,,,,,,,,,,,,,,,,,,,,,False
1040,1,bmeleton_merged_pivot_refit_both,-2.643671377280625,-68.26158315587372,31.77692845110171,0,1,81,54,81,54,0.005267442353611574,False,39.34830880665387,0.2266940989183719,0.2266940989183719,0.3576306449436734,,,,,,,,bmeleton_merged,,,0.21105571298711134,True,True,ok,ok,49.0,54.0,49.0,54.0,49.0,54.0,49.0,54.0,1.5435855417294413,0.9481102573612157,1.8879319471146332,1.325158189740904,0.089693371006755,0.05008333098118333,end,end,0.0,0.1317096172014731,,,,,,False
1040,2,bmeleton_final_refit_vertex,-3.0425680561073882,-68.21311384108083,32.1147123483618,2,1,54,51,54,51,0.01796738525386023,False,40.546621234411354,0.24012273808067208,0.24012273808067208,0.6278088439002941,,,,,,,,bmeleton_final_refit,,,,,,,,,,,,,,,,,,,,,,,,,,1.0,32.057943424730084,2.0,0.6278088439002941,,False
1043,0,bmeleton_merged_intersection,1.5681350430724903,-78.73012980727034,91.63045056511535,2,1,21,32,21,32,2.5848545434845116,False,44.41044860213467,0.2856549246093393,0.2856549246093393,0.24407264305505064,,,,,,,,bmeleton_merged,0.2856549246093394,1.0,,,,,,,,,,,,,,,,,,,,,,,,,,,,,False
1043,1,bmeleton_merged_intersection,1.2004325654751224,-78.42829083872527,92.32619082085421,2,0,21,105,21,105,2.227715656388241,False,32.15663606802252,0.15340377237866354,0.15340377237866354,0.2491605531530813,,,,,,,,bmeleton_merged,0.15340377237866365,2.0,,,,,,,,,,,,,,,,,,,,,,,,,,,,,False
1043,2,bmeleton_merged_intersection,0.786790821114111,-79.64570028163382,89.57303400752161,1,0,32,105,32,105,0.37208746269966764,False,12.258907263809354,0.02280189071635974,0.02280189071635974,0.061508825236094536,,,,,,,,bmeleton_merged,0.02280189071635985,3.0,,,,,,,,,,,,,,,,,,,,,,,,,,,,,False
1043,3,bmeleton_merged_pivot_refit_both,0.6191693646614875,-78.11425103496526,93.34835780230841,2,0,21,105,21,105,2.0217522116520916,False,148.28996720732468,1.8507190835279013,0.14928091647209873,1.8030151479768528,,,,,,,,bmeleton_merged,,,1.2170921267270363,True,True,ok,ok,21.0,85.0,21.0,86.0,21.0,85.0,21.0,85.0,0.4571313189652678,1.541088202553093,0.6264138479079242,1.9154288555950891,0.4325211480763812,0.7537404501960228,end,start,1.0,2.227715656388241,,,,,,False
1043,4,bmeleton_merged_pivot_refit_both,1.985228291008486,-78.74711899759703,90.91532278781048,2,1,21,32,21,32,2.4176579849142716,False,43.69794039824413,0.27700801952362974,0.27700801952362974,0.14300630511510537,,,,,,,,bmeleton_merged,,,0.8280477932672489,True,True,ok,ok,21.0,27.0,21.0,27.0,21.0,27.0,21.0,27.0,0.4571313189652678,1.4489874557157785,0.6264138479079242,1.875339717150274,0.49782501425109066,1.6155158751094374,end,end,0.0,2.5848545434845116,,,,,,False
1043,5,bmeleton_merged_pivot_refit_both,0.2633978025589767,-79.24154409414982,83.96898204568123,1,0,32,105,32,105,0.3911782830921789,False,168.03075734488667,1.9782590703079892,0.02174092969201069,2.3761781644215323,,,,,,,,bmeleton_merged,,,5.642931938873701,True,True,ok,ok,27.0,83.0,27.0,83.0,27.0,83.0,27.0,83.0,1.4489874557157785,1.6427280552378931,1.875339717150274,1.936257923672736,0.7156221744560045,0.5178669108888027,end,start,2.0,0.37208746269966764,,,,,,False
1043,6,bmeleton_final_refit_vertex,3.415088369304512,-78.9197843271661,88.59766134925354,2,3,27,21,27,21,1.848311407261002,False,39.38553603549489,0.22710621734173064,0.22710621734173064,0.19741359690549232,,,,,,,,bmeleton_final_refit,,,,,,,,,,,,,,,,,,,,,,,,,,1.0,40.40079928743385,2.0,0.19741359690549232,,False
1048,0,bmeleton_merged_intersection,-0.23517087216989152,-72.52535835952916,28.406074945222763,1,0,111,60,111,60,0.11387308996769245,False,29.64190640535088,0.13086657445994276,0.13086657445994276,0.3838575151092659,,,,,,,,bmeleton_merged,0.13086657445994287,1.0,,,,,,,,,,,,,,,,,,,,,,,,,,,,,False
1048,1,bmeleton_merged_pivot_refit_both,-0.40005677496831105,-72.3182953144472,30.92973144166108,1,0,111,60,111,60,0.3592405519017418,False,30.1815505957182,0.1355632689993258,0.1355632689993258,0.2327336549111019,,,,,,,,bmeleton_merged,,,2.5374996704621635,True,True,ok,ok,91.0,50.0,92.0,50.0,91.0,50.0,91.0,50.0,1.1153351121292157,1.3149240114113967,1.5506871100584654,1.942152635389969,0.30539095487201073,0.26062522795757354,end,end,0.0,0.11387308996769245,,,,,,False
1048,2,bmeleton_final_refit_vertex,-0.6859815253042458,-72.27480836605216,30.677164734833774,2,1,95,50,95,50,0.5076205596537661,False,29.423351648621566,0.12898633551418193,0.12898633551418193,0.35129417717809497,,,,,,,,bmeleton_final_refit,,,,,,,,,,,,,,,,,,,,,,,,,,1.0,5.0,2.0,0.35129417717809497,,False
1050,0,bmeleton_merged_intersection,2.7921727202305453,-74.12860920787332,100.32519678389377,0,1,137,20,137,20,1.1479103508128201,False,16.05124615583579,0.038985222473099435,0.038985222473099435,0.08298274198005093,,,,,,,,bmeleton_merged,0.038985222473099435,1.0,,,,,,,,,,,,,,,,,,,,,,,,,,,,,False
1050,1,bmeleton_merged_pivot_refit_both,3.1204159522584205,-73.97888113425088,101.48388478846195,0,1,137,20,137,20,0.9446059429779093,False,164.20367837727932,1.9622354718822765,0.03776452811772357,2.3979281386625524,,,,,,,,bmeleton_merged,,,1.2135567590075775,True,True,ok,ok,100.0,20.0,100.0,20.0,100.0,20.0,100.0,20.0,1.613851474635978,0.4530825146781865,1.8406036013610656,0.6695775850403669,0.34463118720583125,0.2433645879622582,start,end,0.0,1.1479103508128201,,,,,,False
1050,2,bmeleton_final_refit_vertex,2.950956918687827,-74.29171996053825,100.96961197147562,1,2,26,20,26,20,1.5538114140957164,False,25.985118623657367,0.10109212631215891,0.10109212631215891,0.08793566888744943,,,,,,,,bmeleton_final_refit,,,,,,,,,,,,,,,,,,,,,,,,,,1.0,44.974831529663426,2.0,0.08793566888744943,,False
1056,0,bmeleton_merged_intersection,-4.28000750629268,-73.09441703315719,139.16010212570006,0,1,97,21,97,21,0.01702765130975858,False,18.74584989308559,0.05304659015454727,0.05304659015454727,0.11930166398477464,,,,,,,,bmeleton_merged,0.05304659015454749,1.0,,,,,,,,,,,,,,,,,,,,,,,,,,,,,False
1056,1,bmeleton_merged_pivot_refit_both,-4.795650648684691,-73.06615707812634,139.86498417147132,0,1,97,21,97,21,0.07367040412162841,False,161.65994764047608,1.9492057506563434,0.05079424934365673,2.613012927148106,,,,,,,,bmeleton_merged,,,0.8738107196669798,True,True,ok,ok,73.0,21.0,73.0,21.0,73.0,21.0,73.0,21.0,0.963804908045757,0.7338261013710984,1.143737461419956,1.0201099899025443,0.23284056679311615,0.18104648037711868,start,end,0.0,0.01702765130975858,,,,,,False
1056,2,bmeleton_final_refit_vertex,-4.184033861526489,-73.21393910063162,138.89542218778936,2,0,21,18,21,18,0.27676852722811635,False,41.289716502330506,0.2486174209087908,0.2486174209087908,0.2290073502897009,,,,,,,,bmeleton_final_refit,,,,,,,,,,,,,,,,,,,,,,,,,,1.0,9.901860508598082,2.0,0.2290073502897009,,False
1057,0,bmeleton_merged_intersection,3.0577984948532184,-71.92651176104371,102.36723485349512,0,1,110,26,110,26,1.05645680934489,False,33.633830317877994,0.1674056547426952,0.1674056547426952,0.3695511214773791,,,,,,,,bmeleton_merged,0.1674056547426953,1.0,,,,,,,,,,,,,,,,,,,,,,,,,,,,,False
1057,1,bmeleton_merged_pivot_refit_both,2.8001119178590104,-71.74457988928566,101.97560697841456,0,1,110,26,110,26,0.5152307145649605,False,146.2648635234263,1.831613708920779,0.1683862910792212,2.3884672898217603,,,,,,,,bmeleton_merged,,,0.5028657578961748,True,True,ok,ok,65.0,25.0,66.0,25.0,65.0,25.0,65.0,25.0,1.158129584423215,0.3999035688785973,1.6540134211716908,0.5326813597530338,0.13134526048814033,0.2068481291665269,start,end,0.0,1.05645680934489,,,,,,False
1057,2,bmeleton_final_refit_vertex,3.7376272030560074,-71.44139045013648,103.5147205875773,1,2,35,25,35,25,0.4398344821186273,False,47.63464869656038,0.32614430461748456,0.32614430461748456,0.44337188320321635,,,,,,,,bmeleton_final_refit,,,,,,,,,,,,,,,,,,,,,,,,,,1.0,5.0,2.0,0.44337188320321635,,False
1059,0,bmeleton_merged_intersection,2.9792954365687088,-63.71814072183976,89.31468479787807,0,1,80,25,80,25,0.6191714597267521,False,37.992159435767626,0.21190500440149684,0.21190500440149684,0.4216226520316757,,,,,,,,bmeleton_merged,0.21190500440149684,1.0,,,,,,,,,,,,,,,,,,,,,,,,,,,,,False
1059,1,bmeleton_merged_pivot_refit_both,4.191309988965362,-63.96359591988107,91.48045057711062,0,1,80,25,80,25,0.4383914612567573,False,142.86299124314067,1.797194135554926,0.2028058644450741,1.95093743836462,,,,,,,,bmeleton_merged,,,2.493946458920381,True,True,ok,ok,44.0,25.0,44.0,25.0,44.0,25.0,44.0,25.0,0.9740658246628702,0.495573537749388,1.2438982951334683,0.6563812881529573,0.9453301358265535,0.13924745109596737,start,end,0.0,0.6191714597267521,,,,,,False
1059,2,bmeleton_final_refit_vertex,5.4112381137725905,-64.31317523153162,92.92142517757912,1,2,32,25,32,25,0.38197250783645004,False,46.40284430737906,0.31041640683647564,0.31041640683647564,0.4078384754772224,,,,,,,,bmeleton_final_refit,,,,,,,,,,,,,,,,,,,,,,,,,,1.0,5.566854946744358,2.0,0.4078384754772224,,False
1064,0,bmeleton_merged_intersection,2.0988560358868114,-66.19944625077613,41.468577004551136,0,1,61,19,61,19,0.16257733831083648,False,22.07195485845605,0.07328732585478126,0.07328732585478126,0.12082144658322261,,,,,,,,bmeleton_merged,0.07328732585478137,1.0,,,,,,,,,,,,,,,,,,,,,,,,,,,,,False
1064,1,bmeleton_merged_pivot_refit_both,2.3462779393107227,-66.14580253259047,40.935759155816456,0,1,61,19,61,19,0.3137048173128245,False,21.762955401872663,0.07127425925086317,0.07127425925086317,0.0583189478553314,,,,,,,,bmeleton_merged,,,0.589906862754577,True,True,ok,ok,34.0,19.0,39.0,19.0,35.0,19.0,34.0,19.0,1.3770526701256403,0.40495027414266727,1.9220438420621642,0.5144186273075972,0.4039276396120945,0.037227207038623214,end,end,0.0,0.16257733831083648,,,,,,False
1064,2,bmeleton_final_refit_vertex,0.7599281561049689,-66.47267403851211,45.66074487336139,0,2,37,19,37,19,0.40923342685003133,False,28.78545471024301,0.12357104866707558,0.12357104866707558,0.15142538283205664,,,,,,,,bmeleton_final_refit,,,,,,,,,,,,,,,,,,,,,,,,,,1.0,77.33485008835363,2.0,0.15142538283205664,,False
1069,0,bmeleton_merged_intersection,1.8756175103042183,-72.62314740897688,95.30808661266775,2,1,47,36,47,36,0.6962960308473696,False,21.626911834871756,0.07039652481707759,0.07039652481707759,0.12708633555935073,,,,,,,,bmeleton_merged,0.07039652481707759,3.0,,,,,,,,,,,,,,,,,,,,,,,,,,,,,False
1069,1,bmeleton_merged_intersection,5.456807635375089,-72.04567381405761,105.8291639851752,0,2,84,47,84,47,0.5870566909335538,False,16.41047765408569,0.04073767315845367,0.04073767315845367,0.10937155843942238,,,,,,,,bmeleton_merged,0.04073767315845378,1.0,,,,,,,,,,,,,,,,,,,,,,,,,,,,,False
1069,2,bmeleton_merged_intersection,3.5873926527081847,-73.75763093446969,60.80554973509953,0,1,84,36,84,36,0.2240557326188993,False,5.219093373607397,0.004145859283711473,0.004145859283711473,0.010910324254170356,,,,,,,,bmeleton_merged,0.004145859283711695,2.0,,,,,,,,,,,,,,,,,,,,,,,,,,,,,False
1069,3,bmeleton_merged_pivot_refit_both,2.3194864482372064,-72.36548972697193,97.36210717771203,2,1,47,36,47,36,0.370414317748687,False,158.6364789225172,1.9312879359092756,0.0687120640907245,1.6804622335817136,,,,,,,,bmeleton_merged,,,2.1171697137411436,True,True,ok,ok,45.0,17.0,45.0,17.0,45.0,17.0,45.0,17.0,0.7832240436581479,1.056535228549867,0.9872899752411665,1.38939033576141,0.184535734225639,0.3575644903993592,end,start,0.0,0.6962960308473696,,,,,,False
1069,4,bmeleton_merged_pivot_refit_both,5.523095047168248,-71.99667778106934,105.57583729851382,0,2,84,47,84,47,0.5879314458631612,False,163.72759480772595,1.9599403554235475,0.04005964457645239,3.2780481668336527,,,,,,,,bmeleton_merged,,,0.2664001546276902,True,True,ok,ok,75.0,44.0,75.0,44.0,75.0,44.0,75.0,44.0,1.3736841209622275,0.7229372120791348,1.6906625143636866,0.8979937969419812,0.15058387572109563,0.17718494983712926,start,end,1.0,0.5870566909335538,,,,,,False
1069,5,bmeleton_merged_pivot_refit_both,4.129481402905785,-74.33310413915218,35.54882861775932,0,1,84,36,84,36,0.0642708808557314,False,3.6854819694260827,0.0020680620876523115,0.0020680620876523115,0.001700356148741105,,,,,,,,bmeleton_merged,,,25.269091618447572,True,True,ok,ok,31.0,21.0,35.0,21.0,34.0,21.0,31.0,21.0,0.8795853847977879,1.0166765676369112,1.1541107673304851,1.5524893507547084,1.1697535287432257,0.40028867237679017,end,end,2.0,0.2240557326188993,,,,,,False
1069,6,bmeleton_final_refit_vertex,0.8001576979637777,-72.47634879432923,92.58305631778836,3,2,45,19,45,19,0.2554002370448535,False,17.572072543733295,0.046662062478804556,0.046662062478804556,0.06490545527051166,,,,,,,,bmeleton_final_refit,,,,,,,,,,,,,,,,,,,,,,,,,,1.0,5.0,2.0,0.06490545527051166,,False
1100,0,bmeleton_merged_intersection,3.9063570516922868,-71.1294096911814,40.3672528367517,0,1,70,48,70,48,1.0378778443989976,False,31.199175251141128,0.1446282831452821,0.1446282831452821,0.347119135766726,,,,,,,,bmeleton_merged,0.1446282831452821,1.0,,,,,,,,,,,,,,,,,,,,,,,,,,,,,False
1100,1,bmeleton_merged_pivot_refit_both,4.488099225430906,-71.02920048250331,42.75606424541798,0,1,70,48,70,48,0.685897128679288,False,32.220065421194576,0.15399350311619453,0.15399350311619453,0.21587192927592325,,,,,,,,bmeleton_merged,,,2.4606677525387672,True,True,ok,ok,47.0,48.0,48.0,48.0,47.0,48.0,47.0,48.0,1.222232130772049,0.5776536325791306,1.6836364727365238,0.9501044556679509,0.9441885335441024,0.153493436573259,end,end,0.0,1.0378778443989976,,,,,,False
1100,2,bmeleton_final_refit_vertex,5.200116551672174,-70.72756630871854,43.52978677604934,1,2,49,48,49,48,0.7791722179683717,False,34.10503296059385,0.17198891607331168,0.17198891607331168,0.3608223995056484,,,,,,,,bmeleton_final_refit,,,,,,,,,,,,,,,,,,,,,,,,,,1.0,14.14072325820061,2.0,0.3608223995056484,,False
1110,0,bmeleton_merged_intersection,-2.4665695435559427,-82.08711230741196,34.45510406931923,1,0,63,55,63,55,1.5133314969957778,False,32.34412364145283,0.15514992363409807,0.15514992363409807,0.35054196117971975,,,,,,,,bmeleton_merged,0.1551499236340983,1.0,,,,,,,,,,,,,,,,,,,,,,,,,,,,,False
1110,1,bmeleton_merged_pivot_refit_both,-3.0741193547965686,-81.54030927598781,34.98982544295918,1,0,63,55,63,55,1.663469222154026,False,32.023168195046225,0.15216625200386957,0.15216625200386957,0.1458460211163294,,,,,,,,bmeleton_merged,,,0.9767483175007515,True,True,ok,ok,55.0,31.0,56.0,32.0,56.0,32.0,55.0,31.0,0.6951496728016526,1.6107379752176814,0.9489980731962974,1.867179860791627,0.4616686132664948,0.5492329255749475,end,end,0.0,1.5133314969957778,,,,,,False
1110,2,bmeleton_final_refit_vertex,-2.5722449978547983,-81.29088132588898,36.42712618285205,2,1,59,32,59,32,0.587354596325196,False,34.20678941584954,0.17298603709757376,0.17298603709757376,0.33631467569097034,,,,,,,,bmeleton_final_refit,,,,,,,,,,,,,,,,,,,,,,,,,,1.0,5.0,2.0,0.33631467569097034,,False
1118,0,bmeleton_merged_intersection,2.9738490112648037,-74.07936484897081,45.57415463280241,2,1,12,19,12,19,3.2019695681793467,False,37.06120608995408,0.20200783308284032,0.20200783308284032,0.09297313783753755,,,,,,,,bmeleton_merged,0.20200783308284043,3.0,,,,,,,,,,,,,,,,,,,,,,,,,,,,,False
1118,1,bmeleton_merged_intersection,5.483847532939098,-74.85110681009394,39.64090475228021,0,2,54,12,54,12,1.723871433617467,False,32.273867150990895,0.15449453432506322,0.15449453432506322,0.1462248654817938,,,,,,,,bmeleton_merged,0.15449453432506333,1.0,,,,,,,,,,,,,,,,,,,,,,,,,,,,,False
1118,2,bmeleton_merged_intersection,8.521198830387755,-79.00300172047429,70.51184969140441,0,1,54,19,54,19,3.0788928249319616,False,5.405952164955562,0.0044478171994570825,0.0044478171994570825,0.004408681980169786,,,,,,,,bmeleton_merged,0.0044478171994570825,2.0,,,,,,,,,,,,,,,,,,,,,,,,,,,,,False
1118,3,bmeleton_merged_pivot_refit_both,5.554563709691798,-74.86681530681557,39.4657974133102,0,2,54,12,54,12,1.575439605904005,False,32.11246737977003,0.1529937293161635,0.1529937293161635,0.05866744553305886,,,,,,,,bmeleton_merged,,,0.18949964296781624,True,True,ok,ok,15.0,12.0,16.0,12.0,16.0,12.0,15.0,12.0,0.9101756634038086,0.20475391232655749,1.1113430306125527,0.2785446288150345,1.3720446829017203,0.23896406707301676,end,end,1.0,1.723871433617467,,,,,,False
1118,4,bmeleton_merged_pivot_refit_both,2.7693261225876245,-74.19052367155855,45.907931312172764,2,1,12,19,12,19,3.5191013637698907,False,37.32053660944695,0.20474377554115697,0.20474377554115697,0.05720214016627608,,,,,,,,bmeleton_merged,,,0.4069309124697329,True,True,ok,ok,12.0,13.0,12.0,13.0,12.0,13.0,12.0,13.0,0.20475391232655749,0.6166129289044534,0.2785446288150345,0.8241509953041936,0.47239940751930565,3.064425959178582,end,end,0.0,3.2019695681793467,,,,,,False
1118,5,bmeleton_merged_pivot_refit_both,7.246493988471304,-78.04003227881566,64.4211337774663,0,1,54,19,54,19,3.5943317792219163,False,5.376919562478204,0.004400206556910757,0.004400206556910757,0.001811722870026967,,,,,,,,bmeleton_merged,,,6.296745423143019,True,True,ok,ok,48.0,13.0,51.0,13.0,48.0,13.0,48.0,13.0,1.4653144219843273,0.8520165264446984,2.0017146073729246,1.0497590022133698,1.6314708020122468,3.06650324429747,start,start,2.0,3.0788928249319616,,,,,,False
1118,6,bmeleton_final_refit_vertex,2.855125123629526,-74.01377646639278,45.90995013171752,1,3,14,12,14,12,3.223015891499843,False,37.68001930819651,0.20856325802105002,0.20856325802105002,0.08218665829448037,,,,,,,,bmeleton_final_refit,,,,,,,,,,,,,,,,,,,,,,,,,,1.0,71.60292215422953,2.0,0.08218665829448037,,False
1132,0,bmeleton_merged_intersection,-3.5718737228950292,-69.31395484324722,100.98486933592193,0,1,122,35,122,35,1.1895109355371323,False,33.1690956481215,0.16294046215048597,0.16294046215048597,0.39487884547136476,,,,,,,,bmeleton_merged,0.16294046215048597,1.0,,,,,,,,,,,,,,,,,,,,,,,,,,,,,False
1132,1,bmeleton_merged_pivot_refit_both,-3.8844573951655152,-69.30945859910067,100.6769572271125,0,1,122,35,122,35,1.1656079079962975,False,146.58485249017994,1.8347023013388017,0.16529769866119826,2.613380274998117,,,,,,,,bmeleton_merged,,,0.43879224598094235,True,True,ok,ok,99.0,33.0,99.0,33.0,99.0,33.0,99.0,33.0,1.8908472839957642,0.5155863709204601,2.009180776290064,0.6146074528888124,0.37462665492013686,0.260846357697247,start,end,0.0,1.1895109355371323,,,,,,False
1132,2,bmeleton_final_refit_vertex,-5.402018928712369,-69.39935405793645,98.75710243481001,2,0,33,17,33,17,0.5050200681806146,False,42.97696477794506,0.2683721665545643,0.2683721665545643,0.288668905138616,,,,,,,,bmeleton_final_refit,,,,,,,,,,,,,,,,,,,,,,,,,,1.0,5.0,2.0,0.288668905138616,,False
1149,0,bmeleton_merged_intersection,-4.7174053799956415,-70.16928762580729,85.35152843697492,1,2,22,18,22,18,0.5253260891319913,False,26.739516079737612,0.10693871300853675,0.10693871300853675,0.09628633158243137,,,,,,,,bmeleton_merged,0.10693871300853675,1.0,,,,,,,,,,,,,,,,,,,,,,,,,,,,,False
1149,1,bmeleton_merged_intersection,-9.17949217978925,-69.38839586308646,94.2740274470178,2,0,18,58,18,58,2.1833776435259318,False,21.475120750443438,0.0694233758093743,0.0694233758093743,0.07806696349969625,,,,,,,,bmeleton_merged,0.0694233758093743,3.0,,,,,,,,,,,,,,,,,,,,,,,,,,,,,False
1149,2,bmeleton_merged_intersection,-5.100344268860056,-69.27786959737152,53.554812526273835,1,0,22,58,22,58,2.6066986434359816,False,5.440647949042698,0.004505050180495407,0.004505050180495407,0.005288941551861647,,,,,,,,bmeleton_merged,0.004505050180495407,2.0,,,,,,,,,,,,,,,,,,,,,,,,,,,,,False
1149,3,bmeleton_merged_pivot_refit_both,-4.6813550960493515,-70.11200654568867,85.36268073424247,1,2,22,18,22,18,0.386356236007723,False,26.752040302258763,0.10703708515699284,0.10703708515699284,0.05249527305764853,,,,,,,,bmeleton_merged,,,0.06859386886965288,True,True,ok,ok,11.0,18.0,14.0,18.0,11.0,18.0,11.0,18.0,0.9241720147221746,0.36637034663953094,1.030821960593288,0.42715585594739514,0.17071467024993114,0.10204516826652654,end,end,0.0,0.5253260891319913,,,,,,False
1149,4,bmeleton_merged_pivot_refit_both,-9.27482186584057,-69.39149056779476,94.4590419130783,2,0,18,58,18,58,2.2517152858190914,False,158.55943300894688,1.930797239693709,0.06920276030629113,1.4313228914631917,,,,,,,,bmeleton_merged,,,0.2081530179736161,True,True,ok,ok,18.0,54.0,18.0,54.0,18.0,54.0,18.0,54.0,0.36637034663953094,1.2601665413698115,0.42715585594739514,1.9127891183767665,0.4564930299627306,0.7732151416891045,end,start,1.0,2.1833776435259318,,,,,,False
1149,5,bmeleton_merged_pivot_refit_both,-4.971581288430471,-69.00733228796582,44.905227294034326,1,0,22,58,22,58,3.0901072950731123,False,173.78232180252138,1.9941175942335354,0.0058824057664645935,0.7768078918787289,,,,,,,,bmeleton_merged,,,8.65477296239973,True,True,ok,ok,19.0,24.0,22.0,24.0,19.0,24.0,19.0,24.0,0.9015980306470963,1.3291667233725637,0.9638949847651915,2.0010005695831468,1.0009601938304866,2.498504534054296,end,start,2.0,2.6066986434359816,,,,,,False
1149,6,bmeleton_final_refit_vertex,-6.476667773166312,-69.52643602779737,89.1810671086267,3,1,18,15,18,15,0.5476095792444411,False,39.99621484407184,0.23391309379610414,0.23391309379610414,0.17320903193235876,,,,,,,,bmeleton_final_refit,,,,,,,,,,,,,,,,,,,,,,,,,,1.0,33.458088196902274,2.0,0.17320903193235876,,False
1151,0,bmeleton_merged_intersection,-0.05906057144394379,-72.51114471709485,119.91340823994474,1,0,47,158,47,158,0.2526981497781229,False,34.69240649161954,0.17778051859370425,0.17778051859370425,0.5076834234265312,,,,,,,,bmeleton_merged,0.17778051859370425,1.0,,,,,,,,,,,,,,,,,,,,,,,,,,,,,False
1151,1,bmeleton_merged_pivot_refit_both,-0.12389094607226603,-72.44593365201524,119.52247108502681,1,0,47,158,47,158,0.17945880139836132,False,145.34523646935634,1.822593245347086,0.177406754652914,3.3630987661259804,,,,,,,,bmeleton_merged,,,0.40160592572644577,True,True,ok,ok,47.0,117.0,47.0,117.0,47.0,117.0,47.0,117.0,0.7626865571230486,1.4929450257867438,1.0263757787224026,1.9388678380214635,0.10163005931376963,0.0410006248430445,end,start,0.0,0.2526981497781229,,,,,,False
1151,2,bmeleton_final_refit_vertex,-1.7939805281341972,-72.5958195348422,117.4304045274499,2,0,47,33,47,33,0.8421595776182896,False,45.71028101411892,0.30171314796044646,0.30171314796044646,0.5084716318847783,,,,,,,,bmeleton_final_refit,,,,,,,,,,,,,,,,,,,,,,,,,,1.0,10.31695437470516,2.0,0.5084716318847783,,False
1152,0,bmeleton_merged_intersection,-6.789580820884351,-67.9167965659392,45.335976419780174,1,2,51,24,51,24,0.5337076930535699,False,38.71283424793803,0.21970966652211754,0.21970966652211754,0.3472671219870761,,,,,,,,bmeleton_merged,0.21970966652211754,3.0,,,,,,,,,,,,,,,,,,,,,,,,,,,,,False
1152,1,bmeleton_merged_intersection,-7.2989814187588635,-68.27234482703071,46.24844205602632,0,1,35,51,35,51,0.2955140286847979,False,31.431711438812595,0.1467376961323934,0.1467376961323934,0.2926797612688227,,,,,,,,bmeleton_merged,0.1467376961323934,1.0,,,,,,,,,,,,,,,,,,,,,,,,,,,,,False
1152,2,bmeleton_merged_intersection,-7.333797758553222,-68.03160878711573,43.43822992225549,0,2,35,24,35,24,0.9680593450916037,False,7.634775326401221,0.008864914531128698,0.008864914531128698,0.010762695950653574,,,,,,,,bmeleton_merged,0.008864914531128698,2.0,,,,,,,,,,,,,,,,,,,,,,,,,,,,,False
1152,3,bmeleton_merged_pivot_refit_both,-7.038920473477681,-67.9301042099925,45.566261331361034,1,2,51,24,51,24,0.5590973736101286,False,38.95551809550492,0.22236569632892256,0.22236569632892256,0.22345896097073564,,,,,,,,bmeleton_merged,,,0.3396741029978836,True,True,ok,ok,50.0,24.0,50.0,24.0,50.0,24.0,50.0,24.0,1.2867181535387906,0.8367611751496533,1.8332345404521537,1.1146204284258836,0.14805636460522173,0.3578255908146805,end,end,0.0,0.5337076930535699,,,,,,False
1152,4,bmeleton_merged_pivot_refit_both,-7.889350134600553,-68.16672356145094,47.13319373500976,0,1,35,51,35,51,0.19406292836430955,False,149.62985807141843,1.8627772572322794,0.13722274276772073,1.7977711040470792,,,,,,,,bmeleton_merged,,,1.0688669729443683,True,True,ok,ok,20.0,49.0,20.0,49.0,20.0,49.0,20.0,49.0,0.7807282132960488,1.2987866739624954,0.963717813423974,1.8503909928229645,1.0070948869853176,0.08170221432838821,start,end,1.0,0.2955140286847979,,,,,,False
1152,5,bmeleton_merged_pivot_refit_both,-9.181084880442807,-68.11943375386699,37.493415808621755,0,2,35,24,35,24,1.7861014354232658,False,6.145037662691855,0.005745892508430939,0.005745892508430939,0.001929995313561333,,,,,,,,bmeleton_merged,,,6.225833099364516,True,True,ok,ok,9.0,24.0,12.0,24.0,12.0,24.0,9.0,24.0,1.1451370519964814,0.8367611751496533,1.505666987448273,1.1146204284258836,2.6834665969066522,0.43156837569550416,end,end,2.0,0.9680593450916037,,,,,,False
1152,6,bmeleton_final_refit_vertex,-6.789580820884351,-67.9167965659392,45.335976419780174,1,2,51,24,51,24,0.5337076930535699,False,38.71283424793803,0.21970966652211754,0.21970966652211754,0.3472671219870761,,,,,,,,bmeleton_final_refit,,,,,,,,,,,,,,,,,,,,,,,,,,1.0,3.0,2.0,0.3472671219870761,,False
1153,0,bmeleton_merged_intersection,-2.0792583941859415,-80.914621315197,109.89709417076277,0,1,104,21,104,21,0.7541336791129846,False,21.505562447125115,0.06961801744731633,0.06961801744731633,0.1413539763928709,,,,,,,,bmeleton_merged,0.06961801744731644,1.0,,,,,,,,,,,,,,,,,,,,,,,,,,,,,False
1153,1,bmeleton_merged_pivot_refit_both,-1.9180003270541173,-80.6097339068236,112.26215241313953,0,1,104,21,104,21,1.0954875817222323,False,158.33915666401916,1.9293850441712055,0.07061495582879451,1.87164514124022,,,,,,,,bmeleton_merged,,,2.3900755188558356,True,True,ok,ok,63.0,19.0,63.0,19.0,63.0,19.0,63.0,19.0,1.1070548363122807,0.6281814932805787,1.6621372831616301,0.7828228951883982,0.4842938610466433,0.3234602675680845,start,end,0.0,0.7541336791129846,,,,,,False
1153,2,bmeleton_final_refit_vertex,-0.7201352938556704,-80.5698174364729,113.59199428849374,1,2,36,21,36,21,0.5710909319768592,False,31.129779251043836,0.14400149716276722,0.14400149716276722,0.17767554927555002,,,,,,,,bmeleton_final_refit,,,,,,,,,,,,,,,,,,,,,,,,,,1.0,1.9681928903092194,2.0,0.17767554927555002,,False
1156,0,bmeleton_merged_intersection,2.6116792412970185,-70.65663187911453,54.21652158494038,1,0,19,84,19,84,1.2668616459163926,False,33.89056797912698,0.16989591025249873,0.16989591025249873,0.27076297045411635,,,,,,,,bmeleton_merged,0.16989591025249862,1.0,,,,,,,,,,,,,,,,,,,,,,,,,,,,,False
1156,1,bmeleton_merged_pivot_refit_both,2.922635622992883,-70.04336722807352,55.470335720365796,1,0,19,84,19,84,0.42794677254840163,False,34.60147554667924,0.17687825550242342,0.17687825550242342,0.1545122449225264,,,,,,,,bmeleton_merged,,,1.4299780731628067,True,True,ok,ok,19.0,48.0,19.0,55.0,19.0,49.0,19.0,48.0,0.35831121057604365,1.8724900241779354,0.4431098222532439,2.2216552077009486,0.183047005198454,0.7043512810452857,end,end,0.0,1.2668616459163926,,,,,,False
1156,2,bmeleton_final_refit_vertex,3.9110724982967913,-69.11959299057314,58.10704128668374,0,2,49,19,49,19,0.09911825238520602,False,38.77246648654357,0.22036101031330246,0.22036101031330246,0.3296510932169657,,,,,,,,bmeleton_final_refit,,,,,,,,,,,,,,,,,,,,,,,,,,1.0,52.391035621753474,2.0,0.3296510932169657,,False
1173,0,bmeleton_merged_intersection,5.225776132101871,-69.3354263578322,100.78447760358642,1,0,21,83,21,83,0.9227627782746031,False,37.45639826804864,0.20618362581123106,0.20618362581123106,0.36334445466689225,,,,,,,,bmeleton_merged,0.20618362581123106,1.0,,,,,,,,,,,,,,,,,,,,,,,,,,,,,False
1173,1,bmeleton_merged_pivot_refit_both,5.99766447371748,-69.1768185231852,101.82628209601987,1,0,21,83,21,83,1.0905260998394097,False,143.03858247372196,1.7990405858843823,0.20095941411561768,1.5469271663556783,,,,,,,,bmeleton_merged,,,1.3062636248430126,True,True,ok,ok,21.0,46.0,21.0,48.0,21.0,46.0,21.0,46.0,0.35468474425432694,1.4632789108009763,0.45979214608896285,1.8264019312093382,0.18095070284203874,0.6222129010213033,end,start,0.0,0.9227627782746031,,,,,,False
1173,2,bmeleton_final_refit_vertex,7.752074021200612,-68.54931895448104,104.33818294085401,1,2,26,21,26,21,0.8806002336610868,False,46.76852486462853,0.3150525422980862,0.3150525422980862,0.3129663620761065,,,,,,,,bmeleton_final_refit,,,,,,,,,,,,,,,,,,,,,,,,,,1.0,22.818684701728653,2.0,0.3129663620761065,,False
1183,0,bmeleton_merged_intersection,7.208671136697401,-76.33603928723696,61.10490723551855,1,2,78,41,78,41,1.1350102852187656,False,27.9736166831941,0.11683632048985959,0.11683632048985959,0.2692413841513305,,,,,,,,bmeleton_merged,0.1168363204898597,2.0,,,,,,,,,,,,,,,,,,,,,,,,,,,,,False
1183,1,bmeleton_merged_intersection,7.483894114162563,-76.17067758092716,61.751392797289085,0,2,18,41,18,41,0.930309881741255,False,20.57326859251472,0.06377641404392476,0.06377641404392476,0.07303834075456653,,,,,,,,bmeleton_merged,0.06377641404392498,3.0,,,,,,,,,,,,,,,,,,,,,,,,,,,,,False
1183,2,bmeleton_merged_intersection,7.441122021270649,-76.73493054605063,59.108263596459096,1,0,78,18,78,18,0.23063821239314505,False,7.426889044601942,0.008389390897413418,0.008389390897413418,0.015024475188704948,,,,,,,,bmeleton_merged,0.008389390897413529,1.0,,,,,,,,,,,,,,,,,,,,,,,,,,,,,False
1183,3,bmeleton_merged_pivot_refit_both,7.076576038705008,-76.38490354862682,68.80782603939707,1,2,78,41,78,41,0.6737449685712986,False,29.52376239791176,0.12984860275418364,0.12984860275418364,0.12116538602985784,,,,,,,,bmeleton_merged,,,7.704206314092325,True,True,ok,ok,38.0,36.0,41.0,36.0,41.0,36.0,38.0,36.0,1.9780711371265025,0.7339423585555889,2.3374049472178844,1.1064365860922747,0.5067034909342504,1.1264318954985422,end,end,0.0,1.1350102852187656,,,,,,False
1183,4,bmeleton_merged_pivot_refit_both,5.86992345991498,-76.33423329911983,66.37164567353818,0,2,18,41,18,41,0.04949168389068357,False,156.3852469325579,1.9162596134726368,0.08374038652736315,1.6297180100790316,,,,,,,,bmeleton_merged,,,4.896773262691866,True,True,ok,ok,16.0,36.0,16.0,36.0,16.0,36.0,16.0,36.0,0.4581827780619061,0.7339423585555889,0.8905770726476596,1.1064365860922747,1.927014091827588,1.1276596355468669,start,end,1.0,0.930309881741255,,,,,,False
1183,5,bmeleton_merged_pivot_refit_both,6.496192373163753,-76.65049085180382,82.60090395665885,1,0,78,18,78,18,0.76533166056461,False,173.4417625949902,1.9934562787994672,0.006543721200532704,1.3564184394496595,,,,,,,,bmeleton_merged,,,23.511787962541735,True,True,ok,ok,42.0,16.0,42.0,16.0,42.0,16.0,42.0,16.0,1.6655759152706897,0.4581827780619061,2.30504164408836,0.8905770726476596,1.0646394162669517,2.0987254019968216,end,start,2.0,0.23063821239314505,,,,,,False
1183,6,bmeleton_final_refit_vertex,8.218309102802387,-76.14085701999309,73.5467313498792,2,3,42,36,42,36,0.5973328590005461,False,36.95991727340653,0.20094367033836336,0.20094367033836336,0.3489868805162897,,,,,,,,bmeleton_final_refit,,,,,,,,,,,,,,,,,,,,,,,,,,1.0,5.0,2.0,0.3489868805162897,,False
1207,0,bmeleton_merged_intersection,2.651362640256085,-74.72641425814516,93.50930656441885,0,1,111,13,111,13,0.2934849562170987,False,9.366400598932731,0.01333223039457343,0.01333223039457343,0.023918519874752332,,,,,,,,bmeleton_merged,0.013332230394573652,1.0,,,,,,,,,,,,,,,,,,,,,,,,,,,,,False
1207,1,bmeleton_merged_pivot_refit_both,2.6282051971417815,-74.30605253312022,90.25982280192187,0,1,111,13,111,13,0.33209436661223035,False,8.857987401902578,0.011926957183909903,0.011926957183909903,0.005410675207857263,,,,,,,,bmeleton_merged,,,3.276642331681786,True,True,ok,ok,16.0,10.0,20.0,10.0,16.0,10.0,16.0,10.0,0.6720828784169138,0.43545685053816574,1.3617578133532169,0.5731135137955845,0.1369755366519047,0.8162956874717275,end,end,0.0,0.2934849562170987,,,,,,False
1207,2,bmeleton_final_refit_vertex,0.30972325555925373,-74.97064713137536,105.53359139560298,1,3,21,10,21,10,1.495018321293297,False,24.860488242471018,0.09266585079189216,0.09266585079189216,0.05168791252401328,,,,,,,,bmeleton_final_refit,,,,,,,,,,,,,,,,,,,,,,,,,,1.0,5.0,2.0,0.05168791252401328,,False
1213,0,bmeleton_merged_intersection,-1.1607829990318748,-77.2069435099465,24.52667101302903,0,1,41,76,41,76,0.6476906973870599,False,33.65312912842497,0.16759226523847237,0.16759226523847237,0.41411579954053335,,,,,,,,bmeleton_merged,0.16759226523847248,1.0,,,,,,,,,,,,,,,,,,,,,,,,,,,,,False
1213,1,bmeleton_merged_pivot_refit_both,-1.2055892253872713,-76.71914060432934,19.723365578460424,0,1,41,76,41,76,0.6743326635416544,False,32.14720378326477,0.15331616485687216,0.15331616485687216,0.19263901022181315,,,,,,,,bmeleton_merged,,,4.828219378860603,True,True,ok,ok,34.0,67.0,34.0,69.0,34.0,68.0,34.0,67.0,1.3305323459766367,1.1147217735450943,1.6601001375582631,1.3973610472218716,0.9297962323459839,0.6158694237175548,end,end,0.0,0.6476906973870599,,,,,,False
1213,2,bmeleton_final_refit_vertex,-1.1680118755235918,-76.56384152963305,19.872296048354936,2,0,69,34,69,34,0.44529344779138214,False,32.126305802363945,0.15312214513087297,0.15312214513087297,0.34050283194066944,,,,,,,,bmeleton_final_refit,,,,,,,,,,,,,,,,,,,,,,,,,,1.0,5.0,2.0,0.34050283194066944,,False
1228,0,bmeleton_merged_intersection,3.5527104215983485,-64.69346608476802,60.9351503360802,0,1,50,115,50,115,0.21795519145038306,False,5.513161338077524,0.004625844495827702,0.004625844495827702,0.013297865713969178,,,,,,,,bmeleton_merged,0.004625844495827924,1.0,,,,,,,,,,,,,,,,,,,,,,,,,,,,,False
1228,1,bmeleton_merged_pivot_refit_both,4.116273406466273,-65.1752629309566,59.08368123393622,0,1,50,115,50,115,0.42681278961240854,False,5.319395112590267,0.004306627099687543,0.004306627099687543,0.004181498849023508,,,,,,,,bmeleton_merged,,,1.9944095053685311,True,True,ok,ok,25.0,57.0,33.0,66.0,25.0,66.0,25.0,57.0,1.4554286636331988,1.5812145338828199,1.5665683680507159,2.173540705087951,0.1705704190915911,0.554546598647555,end,end,0.0,0.21795519145038306,,,,,,False
1228,2,bmeleton_final_refit_vertex,4.395075694859626,-62.418124573501714,96.6701650527402,3,1,71,33,71,33,1.642079977683536,False,24.871249378507247,0.09274482708566434,0.09274482708566434,0.16897083419770498,,,,,,,,bmeleton_final_refit,,,,,,,,,,,,,,,,,,,,,,,,,,1.0,5.0,2.0,0.16897083419770498,,False
1232,0,bmeleton_merged_intersection,-2.0705202914852863,-65.42756514793757,104.67116388179069,1,0,62,104,62,104,0.09783798898853376,False,28.125905540950765,0.11808618603217547,0.11808618603217547,0.34745960823169975,,,,,,,,bmeleton_merged,0.11808618603217547,1.0,,,,,,,,,,,,,,,,,,,,,,,,,,,,,False
1232,1,bmeleton_merged_pivot_refit_both,-2.8809943944451555,-65.19020105881289,109.17833103275652,1,0,62,104,62,104,0.12889947899417392,False,151.62402686100629,1.8798479474981489,0.12015205250185113,3.3070497225353375,,,,,,,,bmeleton_merged,,,4.58560418147053,True,True,ok,ok,59.0,60.0,59.0,61.0,59.0,60.0,59.0,60.0,1.294037599866008,1.111591229046776,1.7538523251855225,1.4405783214749879,0.7072701914713964,0.47001048347099156,end,start,0.0,0.09783798898853376,,,,,,False
1232,2,bmeleton_final_refit_vertex,-3.549384738541632,-65.32062429080977,110.65562190048334,2,1,60,33,60,33,0.2165535688069792,False,42.13091448290822,0.25838600207071916,0.25838600207071916,0.551008012963377,,,,,,,,bmeleton_final_refit,,,,,,,,,,,,,,,,,,,,,,,,,,1.0,5.0,2.0,0.551008012963377,,False
1248,0,bmeleton_merged_intersection,-1.648360825838881,-70.62256607654183,22.75303331561659,0,1,64,62,64,62,1.0347474447477751,False,39.31397057717982,0.2263142521621191,0.2263142521621191,0.5625278959082718,,,,,,,,bmeleton_merged,0.2263142521621192,1.0,,,,,,,,,,,,,,,,,,,,,,,,,,,,,False
1248,1,bmeleton_merged_pivot_refit_both,-1.8900340032021639,-70.57366976685378,23.374969543041086,0,1,64,62,64,62,1.0082672965630382,False,39.72232433031031,0.23084938841356928,0.23084938841356928,0.3191005121317061,,,,,,,,bmeleton_merged,,,0.6690302270757185,True,True,ok,ok,43.0,61.0,44.0,61.0,44.0,61.0,43.0,61.0,1.1775644193152537,0.8651080731478554,1.8391680833370645,1.4022549842939864,0.652609131509389,0.16824257931764228,end,end,0.0,1.0347474447477751,,,,,,False
1248,2,bmeleton_final_refit_vertex,-2.1129261201266507,-70.5554172297308,23.667774017903913,2,1,62,46,62,46,1.001149175452586,False,40.30828903037371,0.23742524992646552,0.23742524992646552,0.5282107682253852,,,,,,,,bmeleton_final_refit,,,,,,,,,,,,,,,,,,,,,,,,,,1.0,3.3979379487794943,2.0,0.5282107682253852,,False
1262,0,bmeleton_merged_intersection,0.6910989468490543,-83.68602055866364,45.79133633597469,0,1,63,15,63,15,0.8629249754384555,False,37.963105059779195,0.2115929618650254,0.2115929618650254,0.27735933920410644,,,,,,,,bmeleton_merged,0.2115929618650254,1.0,,,,,,,,,,,,,,,,,,,,,,,,,,,,,False
1262,1,bmeleton_merged_pivot_refit_both,-0.16500023940609143,-83.3113053252442,47.47542550872468,0,1,63,15,63,15,0.8160556805974755,False,39.11484528778666,0.22411702654635235,0.22411702654635235,0.13238085102506625,,,,,,,,bmeleton_merged,,,1.9259993937270745,True,True,ok,ok,35.0,14.0,36.0,15.0,36.0,14.0,35.0,14.0,1.6912574316607083,0.5405314948467425,1.9992822729914836,0.7403367934838074,1.245517157491616,0.11313944778010517,end,end,0.0,0.8629249754384555,,,,,,False
1262,2,bmeleton_final_refit_vertex,-0.6905822683056098,-82.8852014228531,48.67572521372611,0,2,36,15,36,15,0.5512631752380494,False,41.979675787394726,0.2566178643108349,0.2566178643108349,0.268554205621649,,,,,,,,bmeleton_final_refit,,,,,,,,,,,,,,,,,,,,,,,,,,1.0,8.92562132954319,2.0,0.268554205621649,,False
1265,0,bmeleton_merged_intersection,-3.8718084343538064,-75.29335174768676,27.092620147027915,0,1,42,18,42,18,1.357056156065916,False,30.256096980256466,0.13621810747419594,0.13621810747419594,0.1472921836458432,,,,,,,,bmeleton_merged,0.13621810747419605,3.0,,,,,,,,,,,,,,,,,,,,,,,,,,,,,False
1265,1,bmeleton_merged_intersection,1.369203581070284,-73.21799180934292,-1.5965174461564722,2,0,24,42,24,42,4.70422782812609,False,25.590253114279513,0.09809398227023713,0.09809398227023713,0.08023274601410804,,,,,,,,bmeleton_merged,0.09809398227023713,1.0,,,,,,,,,,,,,,,,,,,,,,,,,,,,,False
1265,2,bmeleton_merged_intersection,47.86625662215404,-64.8415163225176,175.2462832947882,2,1,24,18,24,18,0.3954724572740382,False,4.771831711429846,0.0034661226917831467,0.0034661226917831467,0.0033380768718457884,,,,,,,,bmeleton_merged,0.0034661226917832577,2.0,,,,,,,,,,,,,,,,,,,,,,,,,,,,,False
1265,3,bmeleton_merged_pivot_refit_both,-3.9995155494167287,-75.14255787224005,25.739945551531076,0,1,42,18,42,18,1.2944482868258023,False,29.671849478441175,0.131125162013209,0.131125162013209,0.06845673327861364,,,,,,,,bmeleton_merged,,,1.367031989900921,True,True,ok,ok,27.0,16.0,27.0,16.0,27.0,16.0,27.0,16.0,1.5774650402933523,0.5795178110799967,1.9177816136910972,0.899916114996311,0.834641452876557,0.2563024612056102,end,end,0.0,1.357056156065916,,,,,,False
1265,4,bmeleton_merged_pivot_refit_both,1.3829484902025477,-73.25526089666712,-1.56026417437063,2,0,24,42,24,42,4.6606647630831946,False,25.598580797136652,0.09815677121007083,0.09815677121007083,0.0485161411163616,,,,,,,,bmeleton_merged,,,0.053779244251026245,True,True,ok,ok,24.0,42.0,24.0,42.0,24.0,42.0,24.0,42.0,0.90241752843437,1.3477780655149827,1.2392946493690433,1.7237504089366869,0.5793228659504083,1.9730370581896153,end,end,1.0,4.70422782812609,,,,,,False
1265,5,bmeleton_merged_pivot_refit_both,47.864825354998366,-64.70772482191987,175.00320198609643,2,1,24,18,24,18,0.20094345805351987,False,175.04357551360488,1.996260695074394,0.003739304925606035,1.1994094018926749,,,,,,,,bmeleton_merged,,,0.2774720468681059,True,True,ok,ok,20.0,16.0,20.0,16.0,20.0,16.0,20.0,16.0,0.8950517311339261,0.7789346049273961,1.289572584681493,1.1982671831171305,0.31192249800072824,0.04465885213952068,end,start,2.0,0.3954724572740382,,,,,,False
1265,6,bmeleton_final_refit_vertex,-5.005851214049064,-74.83348270253279,21.687635845677633,1,3,27,16,27,16,0.599362623034762,False,25.232106347474122,0.09541167989310206,0.09541167989310206,0.08854108315677381,,,,,,,,bmeleton_final_refit,,,,,,,,,,,,,,,,,,,,,,,,,,1.0,5.0,2.0,0.08854108315677381,,False
1308,0,bmeleton_merged_intersection,0.22275374542381393,-76.81893046996225,35.90315794693838,1,0,71,28,71,28,0.3271153944758753,False,16.907444526800845,0.04322419539205269,0.04322419539205269,0.09044467697000264,,,,,,,,bmeleton_merged,0.0432241953920528,1.0,,,,,,,,,,,,,,,,,,,,,,,,,,,,,False
1308,1,bmeleton_merged_pivot_refit_both,1.449304004516846,-76.91449469116519,35.27687720398403,1,0,71,28,71,28,0.25004625619826226,False,15.82688115183261,0.03790985662041979,0.03790985662041979,0.029254914021041682,,,,,,,,bmeleton_merged,,,1.3805019476446818,True,True,ok,ok,35.0,21.0,40.0,21.0,38.0,21.0,35.0,21.0,1.5880343391696539,0.8267791939006583,1.6431380536438656,1.0231540118212348,1.3970457112013432,0.3292479390405425,end,end,0.0,0.3271153944758753,,,,,,False
1308,2,bmeleton_final_refit_vertex,0.0838343719314043,-76.41463880108725,44.206799351021566,2,0,40,21,40,21,0.35274524875216506,False,21.542496073614068,0.06985452055252472,0.06985452055252472,0.09455785094452739,,,,,,,,bmeleton_final_refit,,,,,,,,,,,,,,,,,,,,,,,,,,1.0,5.0,2.0,0.09455785094452739,,False
1309,0,bmeleton_merged_intersection,5.339572998331445,-85.53178288015897,108.46148482040375,1,0,29,91,29,91,1.3933703949606535,False,28.148959703095937,0.11827593942070769,0.11827593942070769,0.23758895331157995,,,,,,,,bmeleton_merged,0.1182759394207078,1.0,,,,,,,,,,,,,,,,,,,,,,,,,,,,,False
1309,1,bmeleton_merged_pivot_refit_both,5.531202062119966,-85.28443224581592,107.29335755420567,1,0,29,91,29,91,1.5477511121898322,False,152.3922556173081,1.8861409497384227,0.11385905026157739,2.2069265584095037,,,,,,,,bmeleton_merged,,,1.2093077955730642,True,True,ok,ok,27.0,76.0,27.0,76.0,27.0,76.0,27.0,76.0,0.1985449477296457,1.575283825703406,0.3314895258525728,2.045422892977643,0.528491290993182,0.4332932747752676,end,start,0.0,1.3933703949606535,,,,,,False
1309,2,bmeleton_final_refit_vertex,5.7551542815224135,-85.25056405998936,106.7236158113291,2,1,27,12,27,12,1.9217398672353159,False,48.37262002072633,0.33571651230625255,0.33571651230625255,0.21825788520734318,,,,,,,,bmeleton_final_refit,,,,,,,,,,,,,,,,,,,,,,,,,,1.0,5.0,2.0,0.21825788520734318,,False
1310,0,bmeleton_merged_intersection,-1.079739157790093,-77.20245340111478,29.390051816780975,0,1,69,25,69,25,0.16835793775878252,False,14.438847696946246,0.031585678264451245,0.031585678264451245,0.06345592545001785,,,,,,,,bmeleton_merged,0.03158567826445147,1.0,,,,,,,,,,,,,,,,,,,,,,,,,,,,,False
1310,1,bmeleton_merged_pivot_refit_both,-0.7644667989816267,-77.3068689232044,24.09221212460224,0,1,69,25,69,25,0.7471191722154066,False,13.855346816537196,0.029096592695742052,0.029096592695742052,0.024509338851948673,,,,,,,,bmeleton_merged,,,5.308239318786066,True,True,ok,ok,37.0,24.0,39.0,24.0,39.0,24.0,37.0,24.0,1.1282308303082946,0.9272675952426479,1.6303206785203785,1.2867781536594602,0.3047463379171949,0.3561468492501875,end,end,0.0,0.16835793775878252,,,,,,False
1310,2,bmeleton_final_refit_vertex,-0.8425186812677801,-76.90271410457046,31.534477291628473,1,2,45,25,45,25,0.1908898910032129,False,15.487527866868794,0.036311397229385256,0.036311397229385256,0.05865667130381779,,,,,,,,bmeleton_final_refit,,,,,,,,,,,,,,,,,,,,,,,,,,1.0,0.5946224209102533,2.0,0.05865667130381779,,False
1335,0,bmeleton_merged_intersection,2.8417033199432966,-75.43101065434612,89.3738394374536,0,1,68,35,68,35,0.8506165828285674,False,35.42659676750163,0.18514119507883808,0.18514119507883808,0.38594899304702096,,,,,,,,bmeleton_merged,0.1851411950788382,1.0,,,,,,,,,,,,,,,,,,,,,,,,,,,,,False
1335,1,bmeleton_merged_pivot_refit_both,2.4206493637765054,-75.68926727779362,89.91587890422215,0,1,68,35,68,35,0.8249980137273236,False,144.92605554374606,1.8184111193472419,0.18158888065275813,1.9369505749449238,,,,,,,,bmeleton_merged,,,0.7333414628213438,True,True,ok,ok,45.0,32.0,45.0,32.0,45.0,32.0,45.0,32.0,0.8711847860817165,1.1556812865267498,1.0626118854820035,1.7891682803659994,0.37503543822960517,0.21574993334032477,start,end,0.0,0.8506165828285674,,,,,,False
1335,2,bmeleton_final_refit_vertex,2.655775699685442,-75.42600612004622,85.21646531778833,3,0,32,16,32,16,0.09657377498270482,False,48.13430491994088,0.3326132086877496,0.3326132086877496,0.3691783001824549,,,,,,,,bmeleton_final_refit,,,,,,,,,,,,,,,,,,,,,,,,,,1.0,5.0,2.0,0.3691783001824549,,False
1338,0,bmeleton_merged_intersection,-7.276739245635397,-70.64883778961456,27.16555411641979,1,0,52,48,52,48,0.2433711382155272,False,27.096261600936856,0.10975747417560067,0.10975747417560067,0.26144828907501816,,,,,,,,bmeleton_merged,0.10975747417560067,1.0,,,,,,,,,,,,,,,,,,,,,,,,,,,,,False
1338,1,bmeleton_merged_pivot_refit_both,-6.073752576712135,-70.75486642567813,32.56239349880718,1,0,52,48,52,48,0.4822612912805102,False,27.669872410936705,0.1143620708000862,0.1143620708000862,0.15410340333260458,,,,,,,,bmeleton_merged,,,5.530306891715875,True,True,ok,ok,47.0,39.0,47.0,39.0,47.0,39.0,47.0,39.0,1.1039286072140742,0.5487192103740333,1.8789633955991856,0.9559030522030854,0.2167174025061908,0.7941868962315513,end,end,0.0,0.2433711382155272,,,,,,False
1338,2,bmeleton_final_refit_vertex,-5.646638417314977,-70.80593695098452,34.422237326529185,2,1,50,39,50,39,0.6289700611278032,False,28.106370623419764,0.11792551047085009,0.11792551047085009,0.2312789678236268,,,,,,,,bmeleton_final_refit,,,,,,,,,,,,,,,,,,,,,,,,,,1.0,5.0,2.0,0.2312789678236268,,False
1362,0,bmeleton_merged_intersection,-2.3437951826952483,-74.18923307389471,29.757336560178693,0,1,55,23,55,23,0.5436531723159572,False,32.26869205923005,0.15444630861931885,0.15444630861931885,0.24772324056520584,,,,,,,,bmeleton_merged,0.15444630861931885,1.0,,,,,,,,,,,,,,,,,,,,,,,,,,,,,False
1362,1,bmeleton_merged_pivot_refit_both,-0.660966742561075,-73.59578780333703,33.51884915700484,0,1,55,23,55,23,0.6180613834916026,False,34.59459542106358,0.1768100717348563,0.1768100717348563,0.1631061332474775,,,,,,,,bmeleton_merged,,,4.163299876798866,True,True,ok,ok,41.0,23.0,42.0,23.0,42.0,23.0,41.0,23.0,1.2652684575235418,0.3184238902729957,1.709890656560523,0.3686586793311274,2.3799922496909187,0.06677154814220251,end,end,0.0,0.5436531723159572,,,,,,False
1362,2,bmeleton_final_refit_vertex,-0.20653832838738584,-73.2140252786254,34.821419781181774,0,2,41,23,41,23,0.3059036336108904,False,36.655319627258045,0.19775855977857526,0.19775855977857526,0.2861355295137105,,,,,,,,bmeleton_final_refit,,,,,,,,,,,,,,,,,,,,,,,,,,1.0,44.277721281539996,2.0,0.2861355295137105,,False
1363,0,bmeleton_merged_intersection,-2.9486958743980525,-68.63828371143123,102.22549985685761,0,1,95,28,95,28,0.4405299758591078,False,15.78528626768586,0.037712115795104695,0.037712115795104695,0.08937591853824232,,,,,,,,bmeleton_merged,0.037712115795104695,1.0,,,,,,,,,,,,,,,,,,,,,,,,,,,,,False
1363,1,bmeleton_final_refit_vertex,-1.9100140346517285,-68.79448907737918,106.57714877090567,2,1,28,18,28,18,0.1740757720741083,False,31.470523778982276,0.14709114538980672,0.14709114538980672,0.15955448709717715,,,,,,,,bmeleton_final_refit,,,,,,,,,,,,,,,,,,,,,,,,,,1.0,0.23883971558129144,2.0,0.15955448709717715,,False
1374,0,bmeleton_merged_intersection,-4.757601060476137,-69.30262793009706,104.53319005571188,0,1,91,23,91,23,1.0873295023572576,False,11.87922967986117,0.02141632801786464,0.02141632801786464,0.04023859632082235,,,,,,,,bmeleton_merged,0.02141632801786464,1.0,,,,,,,,,,,,,,,,,,,,,,,,,,,,,False
1374,1,bmeleton_final_refit_vertex,-3.5201386650874245,-68.55016845598456,111.33849736236637,2,0,23,21,23,21,0.9295309557483823,False,39.47324039548104,0.2280784247691896,0.2280784247691896,0.2113379245980086,,,,,,,,bmeleton_final_refit,,,,,,,,,,,,,,,,,,,,,,,,,,1.0,8.35205387142975,2.0,0.2113379245980086,,False
1376,0,bmeleton_merged_intersection,-0.9747551230557067,-70.75461146977341,89.68963847129035,1,0,71,93,71,93,0.6302094902617233,False,29.33892095257876,0.1282633656468839,0.1282633656468839,0.34171916480745773,,,,,,,,bmeleton_merged,0.1282633656468839,1.0,,,,,,,,,,,,,,,,,,,,,,,,,,,,,False
1376,1,bmeleton_merged_pivot_refit_both,-1.4439542495952167,-70.40583267846745,92.88550341862263,1,0,71,93,71,93,1.2560383687438954,False,150.45600135193484,1.869977296823163,0.13002270317683706,2.71517770317515,,,,,,,,bmeleton_merged,,,3.2488993870536307,True,True,ok,ok,60.0,73.0,60.0,74.0,60.0,73.0,60.0,73.0,0.9592415020484061,1.495518196919176,1.355130124255168,1.9193688138459468,0.5764645514119909,0.3561828641909816,end,start,0.0,0.6302094902617233,,,,,,False
1376,2,bmeleton_final_refit_vertex,2.211980120663422,-70.40959513438415,88.10158219819958,2,1,60,18,60,18,0.8984830271252228,False,44.209747421300946,0.28320800765446075,0.28320800765446075,0.39447281668464507,,,,,,,,bmeleton_final_refit,,,,,,,,,,,,,,,,,,,,,,,,,,1.0,5.0,2.0,0.39447281668464507,,False
1383,0,bmeleton_merged_intersection,-1.416521537098307,-77.50468895536953,83.01752519560198,0,1,68,21,68,21,1.9310794892875405,False,6.116197875754005,0.005692137120123841,0.005692137120123841,0.007758514680396749,,,,,,,,bmeleton_merged,0.005692137120123841,1.0,,,,,,,,,,,,,,,,,,,,,,,,,,,,,False
1383,1,bmeleton_merged_pivot_refit_both,-1.6851105051703357,-77.68928702069996,97.04889611851155,0,1,68,21,68,21,2.0771235958322283,False,7.986451856743074,0.009699050112535024,0.009699050112535024,0.003862573327814657,,,,,,,,bmeleton_merged,,,14.03515537697271,True,True,ok,ok,19.0,19.0,24.0,19.0,19.0,19.0,19.0,19.0,0.9260288341944124,1.4074120193784476,1.3730996573321714,1.779789077072266,0.6158370826939713,1.9606238480626685,end,end,0.0,1.9310794892875405,,,,,,False
1383,2,bmeleton_final_refit_vertex,-2.3496580116479584,-77.4526427098775,104.5766845393525,1,3,25,19,25,19,1.4047417207112085,False,36.599833957502156,0.19718079695955337,0.19718079695955337,0.16774508735733684,,,,,,,,bmeleton_final_refit,,,,,,,,,,,,,,,,,,,,,,,,,,1.0,5.0,2.0,0.16774508735733684,,False
1387,0,bmeleton_merged_intersection,0.5386400809585992,-70.91844061827851,120.74307255249676,1,0,34,128,34,128,0.7334455798438839,False,29.483213719489317,0.12950007319758017,0.12950007319758017,0.3388016980212787,,,,,,,,bmeleton_merged,0.1295000731975804,1.0,,,,,,,,,,,,,,,,,,,,,,,,,,,,,False
1387,1,bmeleton_merged_pivot_refit_both,0.500457112458869,-70.87513201110276,120.65585076346139,1,0,34,128,34,128,0.6675399455604315,False,150.4931867002725,1.8702971334784118,0.12970286652158813,3.0622149584103817,,,,,,,,bmeleton_merged,,,0.10460026300867847,True,True,ok,ok,34.0,93.0,34.0,93.0,34.0,93.0,34.0,93.0,0.5726244958603445,1.4364147801877205,0.740542877093528,1.8596894643043265,0.18484161299208882,0.15333158313008027,end,start,0.0,0.7334455798438839,,,,,,False
1387,2,bmeleton_final_refit_vertex,0.6543339822986396,-70.86768220651774,120.88266778183439,2,1,34,28,34,28,0.5978976767675888,False,43.01697992611087,0.26884844453909273,0.26884844453909273,0.3704597721001401,,,,,,,,bmeleton_final_refit,,,,,,,,,,,,,,,,,,,,,,,,,,1.0,16.58119843551703,2.0,0.3704597721001401,,False
1390,0,bmeleton_merged_intersection,-6.3883015852856415,-66.80488640919086,91.15237830714224,1,0,15,63,15,63,1.9978309689878155,False,30.265417611860652,0.13630008564559704,0.13630008564559704,0.1496885541958717,,,,,,,,bmeleton_merged,0.13630008564559715,1.0,,,,,,,,,,,,,,,,,,,,,,,,,,,,,False
1390,1,bmeleton_merged_pivot_refit_both,-7.021984159178658,-66.61341252150578,90.11187390815468,1,0,15,63,15,63,1.0533580770227198,False,149.3220938794253,1.8600490785985322,0.1399509214014677,1.2570243836941073,,,,,,,,bmeleton_merged,,,1.2332336593011843,True,True,ok,ok,15.0,36.0,15.0,36.0,15.0,36.0,15.0,36.0,0.35612854257249477,1.2128217437144448,0.50750326834082,1.4924739860195628,0.3747868801045814,0.425936863059952,end,start,0.0,1.9978309689878155,,,,,,False
1390,2,bmeleton_final_refit_vertex,-5.435426157010188,-65.84616303713199,93.51430612477324,1,2,23,15,23,15,0.964923408878987,False,35.918153527606606,0.1901441857398941,0.1901441857398941,0.14802249991965333,,,,,,,,bmeleton_final_refit,,,,,,,,,,,,,,,,,,,,,,,,,,1.0,58.11970927478727,2.0,0.14802249991965333,,False
1403,0,bmeleton_merged_intersection,4.229355651083034,-77.22853845468683,68.44360115039699,0,1,61,49,61,49,0.08562967584910239,False,23.28389435969199,0.08144246850681214,0.08144246850681214,0.21888155334861067,,,,,,,,bmeleton_merged,0.08144246850681225,1.0,,,,,,,,,,,,,,,,,,,,,,,,,,,,,False
1403,1,bmeleton_merged_pivot_refit_both,3.336672735866696,-77.21780630722995,72.177266244691,0,1,61,49,61,49,0.07423756591150171,False,157.62962139732426,1.9247429199689297,0.07525708003107023,2.453379809751476,,,,,,,,bmeleton_merged,,,3.8389129975108425,True,True,ok,ok,32.0,48.0,32.0,48.0,32.0,48.0,32.0,48.0,0.9101599179708137,0.9730909124447923,1.1051275890259467,1.5097272748047514,1.0630132828067393,0.13491545995650547,start,end,0.0,0.08562967584910239,,,,,,False
1403,2,bmeleton_final_refit_vertex,3.9628157994989692,-77.35103865428613,69.28384149427438,2,0,49,25,49,25,0.28287466147173107,False,30.73992029040431,0.14050365301174694,0.14050365301174694,0.2327155275552744,,,,,,,,bmeleton_final_refit,,,,,,,,,,,,,,,,,,,,,,,,,,1.0,1.0486519007681279,2.0,0.2327155275552744,,False
1404,0,bmeleton_merged_intersection,3.7202249013202326,-72.98739601958096,20.48215918167224,0,1,60,137,60,137,0.9667808843855957,False,34.81112321442976,0.17896160279712559,0.17896160279712559,0.44989485854620936,,,,,,,,bmeleton_merged,0.1789616027971257,1.0,,,,,,,,,,,,,,,,,,,,,,,,,,,,,False
1404,1,bmeleton_merged_pivot_refit_both,3.517762676649741,-72.871928449483,19.330811549127844,0,1,60,137,60,137,0.9957392075418572,False,34.42761673050133,0.175158913279567,0.175158913279567,0.2585774325345007,,,,,,,,bmeleton_merged,,,1.174702125276208,True,True,ok,ok,53.0,126.0,53.0,134.0,53.0,128.0,53.0,126.0,1.360743662142796,1.31263098731921,1.7649846683321821,2.0250062486568803,0.459949819135151,0.17171556124025036,end,end,0.0,0.9667808843855957,,,,,,False
1404,2,bmeleton_final_refit_vertex,4.04406779031715,-72.89078164438254,21.127877956310964,2,1,137,53,137,53,0.7116813733725743,False,36.009732227376986,0.19108285815245452,0.19108285815245452,0.5018212125152892,,,,,,,,bmeleton_final_refit,,,,,,,,,,,,,,,,,,,,,,,,,,1.0,0.7911597200599292,2.0,0.5018212125152892,,False
1415,0,bmeleton_merged_intersection,-0.1974949991485433,-73.8120650511622,56.920073631323305,2,1,27,38,27,38,0.42497148721227224,False,38.58886535210281,0.21835829990783162,0.21835829990783162,0.3223190196379939,,,,,,,,bmeleton_merged,0.21835829990783173,2.0,,,,,,,,,,,,,,,,,,,,,,,,,,,,,False
1415,1,bmeleton_merged_intersection,-1.200929556935837,-73.92764937859748,58.61223264450145,2,0,27,42,27,42,1.1824382581415687,False,29.924086028818188,0.1333128821856966,0.1333128821856966,0.18153437147262344,,,,,,,,bmeleton_merged,0.1333128821856967,1.0,,,,,,,,,,,,,,,,,,,,,,,,,,,,,False
1415,2,bmeleton_merged_intersection,-1.3082650285510107,-73.92243821393316,51.344353820885914,0,1,42,38,42,38,0.8667974309591272,False,8.715066619732202,0.011545923233765909,0.011545923233765909,0.01965549677465683,,,,,,,,bmeleton_merged,0.011545923233766131,3.0,,,,,,,,,,,,,,,,,,,,,,,,,,,,,False
1415,3,bmeleton_merged_pivot_refit_both,-0.3290863678246856,-73.83285274900047,57.09907799309615,2,1,27,38,27,38,0.4712274429256646,False,38.723867604601175,0.21983011662881136,0.21983011662881136,0.236264118871711,,,,,,,,bmeleton_merged,,,0.22313892135882543,True,True,ok,ok,27.0,38.0,27.0,38.0,27.0,38.0,27.0,38.0,0.3869448218393997,1.0093861456987117,0.4675259947548795,1.2691814552658618,0.05649583131718831,0.32103376108876147,end,end,0.0,0.42497148721227224,,,,,,False
1415,4,bmeleton_merged_pivot_refit_both,-1.5226153101310258,-73.61389193295533,59.3248072224478,2,0,27,42,27,42,0.6858486343207372,False,150.56065804396565,1.8708765283389286,0.1291234716610714,1.6465929479185233,,,,,,,,bmeleton_merged,,,0.8424298116995099,True,True,ok,ok,27.0,26.0,27.0,26.0,27.0,26.0,27.0,26.0,0.3869448218393997,0.8199689206665892,0.4675259947548795,0.9848045568797468,0.17741766173827186,0.4961010740313427,end,start,1.0,1.1824382581415687,,,,,,False
1415,5,bmeleton_merged_pivot_refit_both,-1.6730421118885523,-73.65892060199806,49.79355002536256,0,1,42,38,42,38,0.5226840356589655,False,170.5529545988993,1.986437722566674,0.013562277433326053,1.7318052927755505,,,,,,,,bmeleton_merged,,,1.6147743695445043,True,True,ok,ok,22.0,38.0,22.0,38.0,22.0,38.0,22.0,38.0,0.8548226135924126,1.0093861456987117,1.0298448330003533,1.2691814552658618,0.636802596803873,0.32503222945938925,start,end,2.0,0.8667974309591272,,,,,,False
1415,6,bmeleton_final_refit_vertex,-0.1974949991485433,-73.8120650511622,56.920073631323305,1,2,38,27,38,27,0.42497148721226535,False,38.58886535210281,0.21835829990783162,0.21835829990783162,0.3223190196379943,,,,,,,,bmeleton_final_refit,,,,,,,,,,,,,,,,,,,,,,,,,,1.0,3.0,2.0,0.3223190196379943,,False
1446,0,bmeleton_merged_intersection,1.3970563248866346,-74.36915972625519,34.39285673795181,2,0,12,72,12,72,0.8256664083575106,False,33.380123361458764,0.16496121816915177,0.16496121816915177,0.2080813336390192,,,,,,,,bmeleton_merged,0.16496121816915177,1.0,,,,,,,,,,,,,,,,,,,,,,,,,,,,,False
1446,1,bmeleton_merged_intersection,4.359121789471134,-73.47387827026418,41.30508832267198,2,1,12,15,12,15,2.0358775221593217,False,29.914923441605836,0.13323311817627737,0.13323311817627737,0.06351410499077038,,,,,,,,bmeleton_merged,0.13323311817627737,2.0,,,,,,,,,,,,,,,,,,,,,,,,,,,,,False
1446,2,bmeleton_merged_intersection,10.849860345346436,-71.67086057257629,-22.94097101733412,0,1,72,15,72,15,1.7248304315389875,False,3.49649651682419,0.0018614704897641499,0.0018614704897641499,0.0022741897831184813,,,,,,,,bmeleton_merged,0.0018614704897641499,3.0,,,,,,,,,,,,,,,,,,,,,,,,,,,,,False
1446,3,bmeleton_merged_pivot_refit_both,1.8812800185067422,-74.04243010245506,35.81663327480126,2,0,12,72,12,72,0.5942923288640566,False,34.15794649704502,0.17250709503204864,0.17250709503204864,0.12496839585658576,,,,,,,,bmeleton_merged,,,1.5389491412696834,True,True,ok,ok,12.0,44.0,12.0,44.0,12.0,44.0,12.0,44.0,0.30567726261967787,1.2377255954221296,0.6289098059662667,1.9117657337827925,0.10109494405526441,0.8119799916055837,end,end,0.0,0.8256664083575106,,,,,,False
1446,4,bmeleton_merged_pivot_refit_both,11.614206750943541,-71.36433120490273,-31.710258986674766,0,1,72,15,72,15,1.95056748092893,False,3.2306068856526298,0.0015891976156777732,0.0015891976156777732,0.0010899804130904583,,,,,,,,bmeleton_merged,,,8.807871318895284,True,True,ok,ok,71.0,15.0,72.0,15.0,71.0,15.0,71.0,15.0,1.5531931683214855,1.0924315031793386,2.0139545008111086,1.1186705814330262,0.5896135436417187,0.6142492549761933,end,end,2.0,1.7248304315389875,,,,,,False
1446,5,bmeleton_final_refit_vertex,2.4340386647797905,-73.64545636442287,37.20692398818598,1,3,44,12,44,12,0.5247122575966097,False,36.88320349867522,0.20013936013624567,0.20013936013624567,0.20810370544815548,,,,,,,,bmeleton_final_refit,,,,,,,,,,,,,,,,,,,,,,,,,,1.0,62.006251037700416,2.0,0.20810370544815548,,False
1450,0,bmeleton_merged_intersection,3.212035340098428,-67.82155893102855,28.76261764048332,1,0,28,52,28,52,1.001873324954783,False,22.56935401309919,0.07658436562138238,0.07658436562138238,0.12172337639671077,,,,,,,,bmeleton_merged,0.07658436562138238,1.0,,,,,,,,,,,,,,,,,,,,,,,,,,,,,False
1450,1,bmeleton_merged_pivot_refit_both,3.6493850326421993,-67.53764787232386,22.253667554746276,1,0,28,52,28,52,0.01619491747799362,False,20.861985144377115,0.06555904122436962,0.06555904122436962,0.06033088062521233,,,,,,,,bmeleton_merged,,,6.529801793426752,True,True,ok,ok,27.0,33.0,27.0,34.0,27.0,34.0,27.0,33.0,0.5876825396286426,1.6050923433444708,1.091842034368815,1.7442471929511416,0.4121025548734479,1.3547813848694006,end,end,0.0,1.001873324954783,,,,,,False
1450,2,bmeleton_final_refit_vertex,2.5979814462561786,-67.20153558899547,24.159812661897373,1,2,37,27,37,27,0.133791629054016,False,23.599653968988022,0.08363485259434256,0.08363485259434256,0.12872764112855653,,,,,,,,bmeleton_final_refit,,,,,,,,,,,,,,,,,,,,,,,,,,1.0,5.0,2.0,0.12872764112855653,,False
1454,0,bmeleton_merged_intersection,2.103648710662013,-72.1525556433603,108.19172756686052,1,0,47,144,47,144,0.2643205170222615,False,23.775308942334224,0.08486651320217731,0.08486651320217731,0.24181614586657516,,,,,,,,bmeleton_merged,0.08486651320217742,1.0,,,,,,,,,,,,,,,,,,,,,,,,,,,,,False
1454,1,bmeleton_merged_pivot_refit_both,3.6988651323841104,-71.83139342637438,112.44747436972499,1,0,47,144,47,144,0.2176697446824503,False,157.03373337043655,1.9207347401258676,0.07926525987413224,3.3687128809900138,,,,,,,,bmeleton_merged,,,4.556231057775964,True,True,ok,ok,45.0,108.0,45.0,109.0,45.0,108.0,45.0,108.0,0.8356998523188346,1.5557766087759788,1.263592068098809,1.8592216586461001,0.1188479759281805,0.9144907689653727,end,start,0.0,0.2643205170222615,,,,,,False
1454,2,bmeleton_final_refit_vertex,3.6377850178162086,-71.86903506854645,111.80644719672074,2,0,47,29,47,29,0.20161237903415125,False,36.715978598697156,0.19839105212983066,0.19839105212983066,0.3520238038882366,,,,,,,,bmeleton_final_refit,,,,,,,,,,,,,,,,,,,,,,,,,,1.0,1.622909304495021,2.0,0.3520238038882366,,False
1467,0,bmeleton_merged_intersection,-2.721863892905894,-80.95866996693807,67.3125983375842,1,2,51,31,51,31,1.0079378231082248,False,40.58938512372106,0.2406081403095246,0.2406081403095246,0.3980987652661262,,,,,,,,bmeleton_merged,0.2406081403095247,2.0,,,,,,,,,,,,,,,,,,,,,,,,,,,,,False
1467,1,bmeleton_merged_intersection,-4.201415808955178,-81.0944927551449,69.6369329074937,1,0,51,53,51,53,1.7448634781426122,False,33.29408557346867,0.16413596953668075,0.16413596953668075,0.3162959512502155,,,,,,,,bmeleton_merged,0.16413596953668086,1.0,,,,,,,,,,,,,,,,,,,,,,,,,,,,,False
1467,2,bmeleton_merged_intersection,-4.444394618715561,-81.2409460066377,57.22103372357436,0,2,53,31,53,31,0.9918278044131122,False,7.398242452647271,0.008324887280081295,0.008324887280081295,0.014079195136887702,,,,,,,,bmeleton_merged,0.008324887280081295,3.0,,,,,,,,,,,,,,,,,,,,,,,,,,,,,False
1467,3,bmeleton_merged_pivot_refit_both,-2.430856412495881,-80.97718020878838,66.81930184230502,1,2,51,31,51,31,0.874242251220223,False,40.22582368542759,0.23649496209371335,0.23649496209371335,0.26676255375290603,,,,,,,,bmeleton_merged,,,0.5730352650253431,True,True,ok,ok,50.0,31.0,51.0,31.0,50.0,31.0,50.0,31.0,0.69097282242248,1.1482190131788674,0.9386673280522394,1.5471774836227183,0.14738849318165664,0.5548478424286871,end,end,0.0,1.0079378231082248,,,,,,False
1467,4,bmeleton_merged_pivot_refit_both,-4.67022177591978,-80.81080029185944,70.44969681355181,1,0,51,53,51,53,1.2581506808266723,False,147.21216539440925,1.8406816033863247,0.1593183966136753,2.172191490486302,,,,,,,,bmeleton_merged,,,0.9802273284179658,True,True,ok,ok,50.0,33.0,50.0,33.0,50.0,33.0,50.0,33.0,0.69097282242248,0.6876360948787941,0.9386673280522394,0.992034885118206,0.2688070984168299,0.6352648840273566,end,start,1.0,1.7448634781426122,,,,,,False
1467,5,bmeleton_merged_pivot_refit_both,-4.744759556077025,-80.81292331265846,51.89827194021895,0,2,53,31,53,31,0.9053919850337556,False,172.47869429995805,1.9913962560615088,0.008603743938491282,1.5668022466400744,,,,,,,,bmeleton_merged,,,5.348384384513353,True,True,ok,ok,25.0,31.0,25.0,31.0,25.0,31.0,25.0,31.0,0.6750684256382113,1.1482190131788674,1.0143731949347685,1.5471774836227183,0.4837369649203345,0.672663602000135,start,end,2.0,0.9918278044131122,,,,,,False
1467,6,bmeleton_final_refit_vertex,-2.721863892905894,-80.95866996693807,67.3125983375842,1,2,51,31,51,31,1.0079378231082048,False,40.58938512372106,0.2406081403095246,0.2406081403095246,0.39809876526612753,,,,,,,,bmeleton_final_refit,,,,,,,,,,,,,,,,,,,,,,,,,,1.0,3.0,2.0,0.39809876526612753,,False
1473,0,bmeleton_merged_intersection,-0.9981272141762275,-66.26568485669557,50.56774219837027,1,2,34,51,34,51,0.7198628575574473,False,34.37293984366807,0.17461976615348263,0.17461976615348263,0.317813500272789,,,,,,,,bmeleton_merged,0.17461976615348263,3.0,,,,,,,,,,,,,,,,,,,,,,,,,,,,,False
1473,1,bmeleton_merged_intersection,3.925071559977411,-66.89731314837022,59.731121159166,0,2,47,51,47,51,0.616933919997844,False,28.711272578798383,0.12294833417711215,0.12294833417711215,0.2679152037939862,,,,,,,,bmeleton_merged,0.12294833417711215,2.0,,,,,,,,,,,,,,,,,,,,,,,,,,,,,False
1473,2,bmeleton_merged_intersection,4.147411666072697,-68.72048958636509,-0.566733767118393,0,1,47,34,47,34,0.6245686337472486,False,5.7096155563096005,0.004961112201348761,0.004961112201348761,0.00881491694652225,,,,,,,,bmeleton_merged,0.004961112201348761,1.0,,,,,,,,,,,,,,,,,,,,,,,,,,,,,False
1473,3,bmeleton_merged_pivot_refit_both,-0.9452277584241391,-66.41320646467875,51.834403655280404,1,2,34,51,34,51,1.1584298183188453,False,34.75554094481776,0.1784081889933703,0.1784081889933703,0.15899520664408676,,,,,,,,bmeleton_merged,,,1.2763197967839084,True,True,ok,ok,23.0,46.0,23.0,47.0,23.0,46.0,23.0,46.0,1.174663183220565,0.6151589650057645,1.8994789916488857,1.0965204806171371,0.7461313135231898,0.19863140131092324,end,end,0.0,0.7198628575574473,,,,,,False
1473,4,bmeleton_merged_pivot_refit_both,4.757394075308374,-66.82464519127845,61.46428395868929,0,2,47,51,47,51,0.49517756058014906,False,152.10203364721582,1.8837822381578375,0.11621776184216259,2.202569619347091,,,,,,,,bmeleton_merged,,,1.9240308446504093,True,True,ok,ok,38.0,36.0,38.0,36.0,38.0,36.0,38.0,36.0,1.1365652217756588,0.4689720403601009,1.4067499098900633,0.5615454991701193,1.0312025813801498,0.04640288367104982,start,end,1.0,0.616933919997844,,,,,,False
1473,5,bmeleton_merged_pivot_refit_both,4.901822683301775,-69.05816480770022,-9.326390369732763,0,1,47,34,47,34,0.8394434228487437,False,5.16734888328277,0.004064114351805315,0.004064114351805315,0.0042040623349422065,,,,,,,,bmeleton_merged,,,8.798564901945424,True,True,ok,ok,41.0,34.0,47.0,34.0,47.0,34.0,41.0,34.0,0.904276818555468,1.1580841967713749,1.505633145411663,1.6953561068853416,0.5800494173932486,0.2025497026255924,end,end,2.0,0.6245686337472486,,,,,,False
1473,6,bmeleton_final_refit_vertex,1.9770772143614725,-67.25725862734019,57.05676356286568,3,1,49,23,49,23,1.1953533890116104,False,41.32115202132555,0.24897957209524912,0.24897957209524912,0.33728699715629284,,,,,,,,bmeleton_final_refit,,,,,,,,,,,,,,,,,,,,,,,,,,1.0,5.0,2.0,0.33728699715629284,,False
1483,0,bmeleton_merged_intersection,0.979948568455665,-66.82193115409736,122.31664777230972,1,0,16,91,16,91,1.1465990048665817,False,31.67197618366011,0.14893198003757335,0.14893198003757335,0.23113929180999343,,,,,,,,bmeleton_merged,0.14893198003757335,1.0,,,,,,,,,,,,,,,,,,,,,,,,,,,,,False
1483,1,bmeleton_merged_pivot_refit_both,1.4246228595948875,-66.48609368407338,123.16412447715416,1,0,16,91,16,91,0.7509399415532767,False,148.59772848608807,1.8535301409709712,0.14646985902902876,1.9152448343276487,,,,,,,,bmeleton_merged,,,1.014267615930955,True,True,ok,ok,16.0,64.0,16.0,64.0,16.0,64.0,16.0,64.0,0.35326009744619713,0.9578657075769617,0.4664864179258369,1.1255343064867092,0.2743977485769074,0.28204931595470195,end,start,0.0,1.1465990048665817,,,,,,False
1483,2,bmeleton_final_refit_vertex,1.9884911439972357,-66.30551096265856,124.08153801829934,1,2,22,16,22,16,0.8074919611040395,False,40.53119999610866,0.23994779928975574,0.23994779928975574,0.19379362844777206,,,,,,,,bmeleton_final_refit,,,,,,,,,,,,,,,,,,,,,,,,,,1.0,13.98440076172721,2.0,0.19379362844777206,,False
1489,0,bmeleton_merged_intersection,-3.879405606558494,-72.656578022046,106.73644671396906,1,0,35,109,35,109,0.06549167967719687,False,35.3348042238215,0.18421357910411618,0.18421357910411618,0.5454956520109872,,,,,,,,bmeleton_merged,0.18421357910411618,1.0,,,,,,,,,,,,,,,,,,,,,,,,,,,,,False
1489,1,bmeleton_merged_pivot_refit_both,-4.372228142391345,-72.56665089447549,104.92496014768784,1,0,35,109,35,109,0.283503366437238,False,144.56190678869842,1.8147424793794793,0.1852575206205207,3.0794956493306307,,,,,,,,bmeleton_merged,,,1.8794798535539354,True,True,ok,ok,34.0,79.0,34.0,80.0,34.0,79.0,34.0,79.0,0.4995060481453012,1.197322346011143,0.7409989646352034,1.646469918782551,0.24783760006628333,0.3397538402688671,end,start,0.0,0.06549167967719687,,,,,,False
1489,2,bmeleton_final_refit_vertex,-2.571773364896179,-72.89019161772552,107.33095497400097,2,1,34,20,34,20,0.29940302838618826,False,50.7254732793407,0.36696323358651983,0.36696323358651983,0.4514296388109783,,,,,,,,bmeleton_final_refit,,,,,,,,,,,,,,,,,,,,,,,,,,1.0,5.0,2.0,0.4514296388109783,,False
1490,0,bmeleton_merged_intersection,-0.1966598144932148,-69.33317187975234,35.89910858878351,1,0,17,76,17,76,1.7534293345087482,False,33.686666887299864,0.16791678437215607,0.16791678437215607,0.22342975764568543,,,,,,,,bmeleton_merged,0.16791678437215607,1.0,,,,,,,,,,,,,,,,,,,,,,,,,,,,,False
1490,1,bmeleton_merged_pivot_refit_both,-0.3877101907666862,-69.45448127975662,36.37208139419779,1,0,17,76,17,76,0.225962006439549,False,33.66952307932792,0.16775086128379624,0.16775086128379624,0.15067775638877837,,,,,,,,bmeleton_merged,,,0.5243276565899296,True,True,ok,ok,16.0,52.0,16.0,55.0,16.0,52.0,16.0,52.0,0.3666259223198344,1.7321828725314505,0.5964620071882101,2.2036419671119556,0.12312982835896413,0.17881483012180252,end,end,0.0,1.7534293345087482,,,,,,False
1490,2,bmeleton_final_refit_vertex,-0.35582572158329784,-69.25425085001586,37.09835045385398,0,2,57,16,57,16,1.241857331475091,False,35.27350694308947,0.18359530097030763,0.18359530097030763,0.22206757569256327,,,,,,,,bmeleton_final_refit,,,,,,,,,,,,,,,,,,,,,,,,,,1.0,5.0,2.0,0.22206757569256327,,False
1492,0,bmeleton_merged_intersection,0.8642209459783823,-79.41735797201177,38.699471047269554,0,1,80,38,80,38,3.3044278562308085,False,5.363019522093293,0.004377502335343286,0.004377502335343286,0.007265967824320106,,,,,,,,bmeleton_merged,0.004377502335343397,1.0,,,,,,,,,,,,,,,,,,,,,,,,,,,,,False
1492,1,bmeleton_merged_pivot_refit_both,0.7737162205465351,-79.36075946226516,43.75088090200508,0,1,80,38,80,38,3.3380424547390755,False,5.752030124276805,0.0050350322724058705,0.0050350322724058705,0.0027038186975336786,,,,,,,,bmeleton_merged,,,5.052537581963167,True,True,ok,ok,33.0,31.0,44.0,34.0,33.0,31.0,33.0,31.0,1.4311535221989002,1.397392154914683,1.6597332445337494,1.6367949138571045,0.49963598120497316,1.344073568214068,end,end,0.0,3.3044278562308085,,,,,,False
1492,2,bmeleton_final_refit_vertex,0.9687413678066217,-80.54936282893144,55.66468370447214,0,3,48,34,48,34,2.003140325757773,False,25.456769634876757,0.09709014671841165,0.09709014671841165,0.14001753079862722,,,,,,,,bmeleton_final_refit,,,,,,,,,,,,,,,,,,,,,,,,,,1.0,5.0,2.0,0.14001753079862722,,False
1500,0,bmeleton_merged_intersection,-1.8026894253323473,-78.44165369854372,49.50184059122627,0,1,88,33,88,33,0.015445536497226348,False,24.244468633959826,0.08819830964808428,0.08819830964808428,0.23691309033847804,,,,,,,,bmeleton_merged,0.08819830964808428,1.0,,,,,,,,,,,,,,,,,,,,,,,,,,,,,False
1500,1,bmeleton_merged_pivot_refit_both,-2.1405866336398187,-78.54639976308866,50.169643732436924,0,1,88,33,88,33,0.27577520122568094,False,24.69462024197614,0.09145259106213788,0.09145259106213788,0.09889412426658951,,,,,,,,bmeleton_merged,,,0.7557164129688155,True,True,ok,ok,36.0,31.0,37.0,31.0,37.0,31.0,36.0,31.0,1.2782644184548557,0.49678365218722237,1.8798826952660725,0.8258011888010753,0.5022815432141811,0.055643516690885936,end,end,0.0,0.015445536497226348,,,,,,False
1500,2,bmeleton_final_refit_vertex,-3.0663304846222763,-78.79502712703692,53.332531999196036,1,2,40,33,40,33,0.08646799428690569,False,28.403251577601274,0.12037842057334835,0.12037842057334835,0.21496081450858948,,,,,,,,bmeleton_final_refit,,,,,,,,,,,,,,,,,,,,,,,,,,1.0,1.6369103759819332,2.0,0.21496081450858948,,False
1528,0,bmeleton_merged_intersection,3.8699089003705476,-73.93978700993443,63.16528252401216,1,0,44,81,44,81,0.09083568332338976,False,25.154098390515657,0.09483213157714676,0.09483213157714676,0.2780195200438248,,,,,,,,bmeleton_merged,0.09483213157714687,1.0,,,,,,,,,,,,,,,,,,,,,,,,,,,,,False
1528,1,bmeleton_merged_pivot_refit_both,2.2023877031514614,-73.46145534705511,69.56894696115741,1,0,44,81,44,81,0.04146769547864754,False,156.15098166163398,1.9146140873752455,0.08538591262475459,2.4681802616246302,,,,,,,,bmeleton_merged,,,6.634481618517502,True,True,ok,ok,43.0,44.0,43.0,44.0,43.0,44.0,43.0,44.0,0.8056621427666402,1.5560385707562983,0.9948524938764611,1.945508737345653,0.3857216845154044,1.6961172696769933,end,start,0.0,0.09083568332338976,,,,,,False
1528,2,bmeleton_final_refit_vertex,2.3238301208560985,-73.76370020988638,66.59260615620053,2,1,44,33,44,33,0.3349235749571185,False,36.264916614028195,0.19370936699646246,0.19370936699646246,0.3458961566256675,,,,,,,,bmeleton_final_refit,,,,,,,,,,,,,,,,,,,,,,,,,,1.0,2.4632721599072056,2.0,0.3458961566256675,,False
1533,0,bmeleton_merged_intersection,-3.1517794492663844,-67.66312864904421,20.793804785660036,0,1,72,48,72,48,1.1209614226645197,False,39.880120363033505,0.23261233371881807,0.23261233371881807,0.5585215976490214,,,,,,,,bmeleton_merged,0.23261233371881795,1.0,,,,,,,,,,,,,,,,,,,,,,,,,,,,,False
1533,1,bmeleton_merged_pivot_refit_both,-3.3415632356325125,-67.75533987803894,21.168313703583593,0,1,72,48,72,48,1.1585398822393365,False,40.10023723322841,0.2350812660826136,0.2350812660826136,0.3256454678274436,,,,,,,,bmeleton_merged,,,0.42985779732890195,True,True,ok,ok,53.0,46.0,54.0,46.0,53.0,46.0,53.0,46.0,1.150048580004988,0.5353424829571164,1.7242637517414774,0.7228363722638443,0.5847515635399452,0.13561923647252816,end,end,0.0,1.1209614226645197,,,,,,False
1533,2,bmeleton_final_refit_vertex,-3.6707107375368193,-67.8140793075353,21.78982965083485,1,3,54,46,54,46,1.1103549924454965,False,40.90113690363559,0.24415952281437914,0.24415952281437914,0.497878107182666,,,,,,,,bmeleton_final_refit,,,,,,,,,,,,,,,,,,,,,,,,,,1.0,5.0,2.0,0.497878107182666,,False
1534,0,bmeleton_merged_intersection,5.2782634647431514,-73.37361851830069,85.15312987044919,1,0,33,97,33,97,0.5500294643610445,False,37.143824086134195,0.2028776829014487,0.2028776829014487,0.5170372500918031,,,,,,,,bmeleton_merged,0.2028776829014488,1.0,,,,,,,,,,,,,,,,,,,,,,,,,,,,,False
1534,1,bmeleton_merged_pivot_refit_both,4.566785972523341,-73.52438992635057,90.68000521659893,1,0,33,97,33,97,0.18811317129553914,False,142.74829814814612,1.7959840231856503,0.2040159768143497,1.963304001923489,,,,,,,,bmeleton_merged,,,5.574520905988111,True,True,ok,ok,30.0,55.0,30.0,57.0,30.0,55.0,30.0,55.0,1.2342839048012972,1.6436087441771356,1.520366441059739,1.9723958770704972,0.8741791195270734,0.7793733377326025,end,start,0.0,0.5500294643610445,,,,,,False
1534,2,bmeleton_final_refit_vertex,3.890710032823601,-73.94128606498118,87.47086171975778,1,2,36,33,36,33,0.8872461067025044,False,40.71598860016655,0.24204766380090148,0.24204766380090148,0.3542720848469661,,,,,,,,bmeleton_final_refit,,,,,,,,,,,,,,,,,,,,,,,,,,1.0,1.431137248117494,2.0,0.3542720848469661,,False
1542,0,bmeleton_merged_intersection,1.0258062704452304,-62.746316305015384,56.86633068293674,2,1,24,27,24,27,2.8536853385226806,False,38.94855746587899,0.22228932183090722,0.22228932183090722,0.1801244283023493,,,,,,,,bmeleton_merged,0.22228932183090744,2.0,,,,,,,,,,,,,,,,,,,,,,,,,,,,,False
1542,1,bmeleton_merged_intersection,0.6210813602133918,-62.72467558061807,56.099662172943454,2,0,24,51,24,51,2.64656258771697,False,30.37509681513615,0.13726646845439205,0.13726646845439205,0.15701058452432676,,,,,,,,bmeleton_merged,0.13726646845439228,1.0,,,,,,,,,,,,,,,,,,,,,,,,,,,,,False
1542,2,bmeleton_merged_intersection,0.7803280819728085,-64.0565543732355,59.53170025763614,0,1,51,27,51,27,0.17003429367778422,False,8.603506578348483,0.011252772567779457,0.011252772567779457,0.020191709821571854,,,,,,,,bmeleton_merged,0.01125277256777979,3.0,,,,,,,,,,,,,,,,,,,,,,,,,,,,,False
1542,3,bmeleton_merged_pivot_refit_both,0.3405229888141026,-63.72622292654504,61.7338502184539,2,1,24,27,24,27,0.8249331574657139,False,39.91320618072329,0.2329827171437635,0.2329827171437635,0.17099722963558459,,,,,,,,bmeleton_merged,,,5.012242670865208,True,True,ok,ok,24.0,27.0,24.0,27.0,24.0,27.0,24.0,27.0,0.7280803954891166,0.9080654642420025,0.9085973037755755,1.48010503006683,0.9824834899373306,1.2755181738180696,end,end,0.0,2.8536853385226806,,,,,,False
1542,4,bmeleton_merged_pivot_refit_both,1.0158419602694786,-63.35160413898488,62.95733022929653,2,0,24,51,24,51,0.38743030797758465,False,149.0780176627263,1.8578678152011907,0.1421321847988094,1.3484537356182507,,,,,,,,bmeleton_merged,,,6.897571059422145,True,True,ok,ok,24.0,24.0,24.0,25.0,24.0,24.0,24.0,24.0,0.7280803954891166,1.0680363420851506,0.9085973037755755,1.0789841749064428,0.9984128135719343,1.3591735075154159,end,start,1.0,2.64656258771697,,,,,,False
1542,5,bmeleton_merged_pivot_refit_both,1.3821529392614866,-63.91324226155969,55.845750352951896,0,1,51,27,51,27,0.5161417750163421,False,170.72295333193557,1.986920377518538,0.013079622481461994,1.6012326292835934,,,,,,,,bmeleton_merged,,,3.7375069525079545,True,True,ok,ok,27.0,27.0,27.0,27.0,27.0,27.0,27.0,27.0,1.0287214573370616,0.9080654642420025,1.0821664629986196,1.48010503006683,0.8386779809490144,0.08389258418150196,start,end,2.0,0.17003429367778422,,,,,,False
1542,6,bmeleton_final_refit_vertex,1.0258062704452304,-62.746316305015384,56.86633068293674,1,2,27,24,27,24,2.8536853385226837,False,38.94855746587899,0.22228932183090722,0.22228932183090722,0.18012442830234918,,,,,,,,bmeleton_final_refit,,,,,,,,,,,,,,,,,,,,,,,,,,1.0,3.0,2.0,0.18012442830234918,,False
1547,0,bmeleton_merged_intersection,0.18018612793258337,-79.93632960526335,37.094696849785905,0,1,65,21,65,21,0.8961698500194496,False,37.973046318691615,0.2116997076732141,0.2116997076732141,0.33163213511332773,,,,,,,,bmeleton_merged,0.2116997076732141,1.0,,,,,,,,,,,,,,,,,,,,,,,,,,,,,False
1547,1,bmeleton_merged_pivot_refit_both,0.09992060448804141,-79.42241638403381,36.39206398969199,0,1,65,21,65,21,1.123654828401955,False,37.8721396896359,0.21061730973814996,0.21061730973814996,0.14578605267883177,,,,,,,,bmeleton_merged,,,0.8742095225357053,True,True,ok,ok,44.0,21.0,44.0,21.0,44.0,21.0,44.0,21.0,1.7441248561745448,1.2201433298735094,1.9817867441453965,1.4211405727039685,1.0307885399951715,0.15883959712001838,end,end,0.0,0.8961698500194496,,,,,,False
1547,2,bmeleton_final_refit_vertex,0.575796194375152,-79.33662352057608,38.399892545910355,1,2,46,21,46,21,1.5450784336805334,False,40.36064790247784,0.23801672802863794,0.23801672802863794,0.28256684158413226,,,,,,,,bmeleton_final_refit,,,,,,,,,,,,,,,,,,,,,,,,,,1.0,5.727895133581901,2.0,0.28256684158413226,,False
1565,0,bmeleton_merged_intersection,-0.611618975201864,-78.85593435868583,93.6981928934951,0,1,136,44,136,44,1.0340464637706848,False,38.44316141315598,0.216774681062733,0.216774681062733,0.5388788825979727,,,,,,,,bmeleton_merged,0.216774681062733,1.0,,,,,,,,,,,,,,,,,,,,,,,,,,,,,False
1565,1,bmeleton_merged_pivot_refit_both,-1.5964604515679341,-78.56855352730184,94.94395388352066,0,1,136,44,136,44,0.7227993733204203,False,142.320410990947,1.7914413325358787,0.20855866746412133,2.8617055441862935,,,,,,,,bmeleton_merged,,,1.613821836538133,True,True,ok,ok,89.0,44.0,92.0,44.0,89.0,44.0,89.0,44.0,1.767516641264014,0.64679616474947,2.254335519932214,0.9218790367121951,0.7363263964950841,0.19258849104832934,start,end,0.0,1.0340464637706848,,,,,,False
1565,2,bmeleton_final_refit_vertex,-3.2166701824784365,-78.71581497897256,97.44833114300341,2,1,44,30,44,30,1.4777896217941489,False,48.367331323624406,0.33564751879438126,0.33564751879438126,0.4706343004922829,,,,,,,,bmeleton_final_refit,,,,,,,,,,,,,,,,,,,,,,,,,,1.0,31.008243199490856,2.0,0.4706343004922829,,False
1599,0,bmeleton_merged_intersection,-0.275717268621846,-69.05975685858569,81.57019611115334,1,0,33,103,33,103,0.046647247906448794,False,32.28362331603371,0.1545854689491759,0.1545854689491759,0.44645871958079897,,,,,,,,bmeleton_merged,0.1545854689491759,1.0,,,,,,,,,,,,,,,,,,,,,,,,,,,,,False
1599,1,bmeleton_merged_pivot_refit_both,0.583025016826547,-68.44594886856598,84.51300055304023,1,0,33,103,33,103,0.06654233580409114,False,148.388667742134,1.8516232808211674,0.14837671917883255,2.4665561459320773,,,,,,,,bmeleton_merged,,,3.1263871392740836,True,True,ok,ok,30.0,61.0,32.0,61.0,30.0,61.0,30.0,61.0,0.6707917433600668,1.4963127780329566,1.474045395218371,1.9895633319186712,0.2134439686441242,0.8971903830585862,end,start,0.0,0.046647247906448794,,,,,,False
1599,2,bmeleton_final_refit_vertex,0.48110304605868315,-68.54798686264259,83.1522547617276,1,2,37,33,37,33,0.3726034315539149,False,41.98088190309802,0.2566319445865354,0.2566319445865354,0.41727634942121145,,,,,,,,bmeleton_final_refit,,,,,,,,,,,,,,,,,,,,,,,,,,1.0,3.252502244461377,2.0,0.41727634942121145,,False
1601,0,bmeleton_merged_intersection,5.446026360637914,-79.45822275818767,71.45922454978711,1,0,18,98,18,98,0.24852244018471534,False,19.464620430160682,0.05715256624125131,0.05715256624125131,0.11433731157144847,,,,,,,,bmeleton_merged,0.057152566241251423,1.0,,,,,,,,,,,,,,,,,,,,,,,,,,,,,False
1601,1,bmeleton_merged_pivot_refit_both,4.4991296870443485,-79.59851517754176,75.27963215248309,1,0,18,98,18,98,0.062345412432546946,False,161.47367011506995,1.9481777398858608,0.05182226011413926,2.02639047820171,,,,,,,,bmeleton_merged,,,3.938503462500449,True,True,ok,ok,17.0,66.0,17.0,67.0,17.0,66.0,17.0,66.0,0.49884372739627475,1.6936895937477554,0.6880449754001378,2.099915386959151,0.0725361916796864,1.0179929413869682,end,start,0.0,0.24852244018471534,,,,,,False
1601,2,bmeleton_final_refit_vertex,4.595615746060971,-79.63523830341214,74.4254065763837,0,2,26,18,26,18,0.09561902693665301,False,28.42687011779197,0.12057457830673468,0.12057457830673468,0.12797399755679903,,,,,,,,bmeleton_final_refit,,,,,,,,,,,,,,,,,,,,,,,,,,1.0,4.088094557792263,2.0,0.12797399755679903,,False
1608,0,bmeleton_merged_intersection,5.692003862105588,-68.57247834361075,120.97352456965805,1,0,16,77,16,77,0.6527023028577896,False,19.840895867921738,0.05936125083169341,0.05936125083169341,0.09214935337667035,,,,,,,,bmeleton_merged,0.05936125083169341,1.0,,,,,,,,,,,,,,,,,,,,,,,,,,,,,False
1608,1,bmeleton_merged_pivot_refit_both,5.480247955728636,-68.39969925210984,115.02807702267506,1,0,16,77,16,77,0.1563033250677443,False,161.2956689973057,1.9471860398215928,0.05281396017840723,1.8175316143834794,,,,,,,,bmeleton_merged,,,5.951725775963763,True,True,ok,ok,13.0,62.0,13.0,62.0,13.0,62.0,13.0,62.0,0.9742739843413315,0.7374020783650654,1.1121459504265296,0.8942421503766748,1.097465378023758,0.21213179025437756,end,start,0.0,0.6527023028577896,,,,,,False
1608,2,bmeleton_final_refit_vertex,5.171958299352006,-68.62342275543202,114.33492790401934,2,0,13,11,13,11,0.3628490947386862,False,28.42944667519175,0.12059598628489943,0.12059598628489943,0.06722724353651503,,,,,,,,bmeleton_final_refit,,,,,,,,,,,,,,,,,,,,,,,,,,1.0,5.0,2.0,0.06722724353651503,,False
1626,0,bmeleton_merged_intersection,0.5660718931792708,-74.65846616782079,41.123126124524624,1,0,105,82,105,82,0.6779027550340765,False,36.332275799716314,0.19440533786209124,0.19440533786209124,0.5135840104598388,,,,,,,,bmeleton_merged,0.19440533786209135,1.0,,,,,,,,,,,,,,,,,,,,,,,,,,,,,False
1626,1,bmeleton_merged_pivot_refit_both,1.3782577334481338,-74.65066293717251,47.04733281529988,1,0,105,82,105,82,0.7612231318266693,False,38.50498550489933,0.2174460132722169,0.2174460132722169,0.31599309774485773,,,,,,,,bmeleton_merged,,,5.979626380014734,True,True,ok,ok,93.0,48.0,95.0,50.0,93.0,48.0,93.0,48.0,1.0194241859087114,1.7751551752474324,1.4313673044769655,2.146611396410897,0.6211332412657566,1.5687014313378027,end,end,0.0,0.6779027550340765,,,,,,False
1626,2,bmeleton_final_refit_vertex,2.220540903215009,-74.72458910571156,48.29332015053686,3,1,98,50,98,50,0.693738244382026,False,40.82293236942739,0.2432665335346913,0.2432665335346913,0.6408791283337992,,,,,,,,bmeleton_final_refit,,,,,,,,,,,,,,,,,,,,,,,,,,1.0,5.0,2.0,0.6408791283337992,,False
1668,0,bmeleton_merged_intersection,7.457301570491825,-71.72851453777673,80.19599428408628,1,0,25,143,25,143,2.0775524909407888,False,24.515714340436745,0.09015250001021113,0.09015250001021113,0.19040252671111832,,,,,,,,bmeleton_merged,0.09015250001021113,1.0,,,,,,,,,,,,,,,,,,,,,,,,,,,,,False
1668,1,bmeleton_final_refit_vertex,-0.05743142350295405,-76.4310065721798,118.35112612863163,2,1,25,16,25,16,0.8263048772879124,False,49.66559589191325,0.352752381509869,0.352752381509869,0.3027239296084277,,,,,,,,bmeleton_final_refit,,,,,,,,,,,,,,,,,,,,,,,,,,1.0,42.408274259423735,2.0,0.3027239296084277,,False
1671,0,bmeleton_merged_intersection,4.196033221515992,-73.85860578256364,69.64933442587045,0,1,60,38,60,38,1.705453407107116,False,37.45979202013678,0.2062196496796871,0.2062196496796871,0.3671210846212044,,,,,,,,bmeleton_merged,0.2062196496796871,1.0,,,,,,,,,,,,,,,,,,,,,,,,,,,,,False
1671,1,bmeleton_merged_pivot_refit_both,3.173582518634441,-73.81173443559673,72.15189173100397,0,1,60,38,60,38,0.7188690425140747,False,143.41394246147348,1.8029625378893446,0.19703746211065543,1.8827541154882248,,,,,,,,bmeleton_merged,,,2.7037742931810387,True,True,ok,ok,33.0,37.0,33.0,37.0,33.0,37.0,33.0,37.0,0.8745137453347113,0.7862346504725564,1.2684227024378805,1.0218038804797764,1.158286036629795,0.18708721006669288,start,end,0.0,1.705453407107116,,,,,,False
1671,2,bmeleton_final_refit_vertex,2.122505652474851,-73.38938652465117,72.80098049800225,2,0,38,25,38,25,1.5732450999761147,False,45.97327369265915,0.30500616040232986,0.30500616040232986,0.3575449069636008,,,,,,,,bmeleton_final_refit,,,,,,,,,,,,,,,,,,,,,,,,,,1.0,3.0768254394264893,2.0,0.3575449069636008,,False
1673,0,bmeleton_merged_intersection,-0.080261467555242,-69.5433235092591,54.6307531372239,1,0,46,97,46,97,2.42636383110152,False,13.256495849849745,0.02664673315292998,0.02664673315292998,0.05382189808961512,,,,,,,,bmeleton_merged,0.02664673315292998,1.0,,,,,,,,,,,,,,,,,,,,,,,,,,,,,False
1673,1,bmeleton_merged_pivot_refit_both,-0.3592365205605643,-69.50364179376629,55.5514899215969,1,0,46,97,46,97,2.13987046002619,False,13.561711480852866,0.02788208021967764,0.02788208021967764,0.020240618785536818,,,,,,,,bmeleton_merged,,,0.9628904116467789,True,True,ok,ok,40.0,32.0,44.0,35.0,40.0,35.0,40.0,32.0,1.1736894713064563,1.4945112306640942,1.888715327556902,1.7762897825208965,0.42343804393667606,0.9829519088358395,end,end,0.0,2.42636383110152,,,,,,False
1673,2,bmeleton_final_refit_vertex,0.16195217705471038,-68.44332285652285,62.658401436707095,2,0,45,35,45,35,1.7839225626467783,False,17.0552988341814,0.043977870990445256,0.043977870990445256,0.06431815927086054,,,,,,,,bmeleton_final_refit,,,,,,,,,,,,,,,,,,,,,,,,,,1.0,5.0,2.0,0.06431815927086054,,False
1689,0,bmeleton_merged_intersection,1.9593667911815018,-56.328737252799584,118.45945892475913,1,0,43,112,43,112,0.4563603141399207,False,26.427563523357875,0.10450224592985013,0.10450224592985013,0.28728558942223015,,,,,,,,bmeleton_merged,0.10450224592985013,1.0,,,,,,,,,,,,,,,,,,,,,,,,,,,,,False
1689,1,bmeleton_merged_pivot_refit_both,1.4650020629165588,-56.29514861006729,119.5560146156102,1,0,43,112,43,112,0.27433770407983377,False,153.87067620411688,1.8978022987038354,0.10219770129616468,3.088313664562942,,,,,,,,bmeleton_merged,,,1.203311707169393,True,True,ok,ok,40.0,75.0,41.0,76.0,40.0,75.0,40.0,75.0,1.0312833651323505,1.287121188843565,1.4288861592969737,1.782978746563794,0.11623589461333317,0.28315537935679597,end,start,0.0,0.4563603141399207,,,,,,False
1689,2,bmeleton_final_refit_vertex,0.14923938001356074,-56.531919607821166,122.76667563080485,2,1,43,27,43,27,0.47878784695748633,False,35.8307394825316,0.189250130546056,0.189250130546056,0.29424414007889077,,,,,,,,bmeleton_final_refit,,,,,,,,,,,,,,,,,,,,,,,,,,1.0,3.6694959105606686,2.0,0.29424414007889077,,False
1692,0,bmeleton_merged_intersection,-2.334413780017968,-78.87745304593261,89.53601830316713,2,1,12,108,12,108,1.8383499836170722,False,37.09492163236075,0.20236260942866058,0.20236260942866058,0.2663308384655983,,,,,,,,bmeleton_merged,0.20236260942866058,3.0,,,,,,,,,,,,,,,,,,,,,,,,,,,,,False
1692,1,bmeleton_merged_intersection,2.382647947765771,-77.03977924731088,97.11612956356564,0,2,17,12,17,12,2.5738631937701633,False,29.56294669353295,0.13018581904863424,0.13018581904863424,0.061376386486078974,,,,,,,,bmeleton_merged,0.13018581904863424,1.0,,,,,,,,,,,,,,,,,,,,,,,,,,,,,False
1692,2,bmeleton_merged_intersection,0.20565114041485766,-78.92002775738422,54.97010766893779,0,1,17,108,17,108,0.20600770553526024,False,7.662241652081537,0.008928717579106737,0.008928717579106737,0.01837217724881581,,,,,,,,bmeleton_merged,0.008928717579106737,2.0,,,,,,,,,,,,,,,,,,,,,,,,,,,,,False
1692,3,bmeleton_merged_pivot_refit_both,-1.9169283593720785,-78.49471465195838,90.39496450660218,2,1,12,108,12,108,1.5049741832986459,False,143.310499071495,1.8018851416256094,0.19811485837439058,1.3240384910633345,,,,,,,,bmeleton_merged,,,1.028868959133934,True,True,ok,ok,12.0,69.0,12.0,69.0,12.0,69.0,12.0,69.0,0.20200309118452076,1.6799737390127631,0.2778595204559593,1.8624411516082602,0.34547167108525456,0.5931075602970727,end,start,0.0,1.8383499836170722,,,,,,False
1692,4,bmeleton_merged_pivot_refit_both,2.4141119363906878,-77.03093316860804,97.19353615248386,0,2,17,12,17,12,2.5839548462600326,False,150.45094345586364,1.869933764800163,0.13006623519983695,0.6749149225845987,,,,,,,,bmeleton_merged,,,0.08402389955578264,True,True,ok,ok,17.0,12.0,17.0,12.0,17.0,12.0,17.0,12.0,0.8445174317702104,0.20200309118452076,1.3398447590833928,0.2778595204559593,0.8436513891527796,0.5148206465371807,start,end,1.0,2.5738631937701633,,,,,,False
1692,5,bmeleton_merged_pivot_refit_both,-0.20536179879340755,-78.48373456502486,63.43526439567893,0,1,17,108,17,108,0.4928624862942955,False,172.92092292649912,1.992377007760051,0.007622992239948889,1.518028661200072,,,,,,,,bmeleton_merged,,,8.486351500744382,True,True,ok,ok,14.0,54.0,14.0,63.0,14.0,54.0,14.0,54.0,0.49617650474217895,1.8126841545666377,0.8943759320232433,2.35228969231922,1.2761375762034903,0.3784440616031825,start,end,2.0,0.20600770553526024,,,,,,False
1692,6,bmeleton_final_refit_vertex,-1.7018929826616502,-78.06872708148461,90.85462408392571,1,3,35,12,35,12,0.9229528594831962,False,47.35032315158866,0.3224860705537351,0.3224860705537351,0.2789570477824324,,,,,,,,bmeleton_final_refit,,,,,,,,,,,,,,,,,,,,,,,,,,1.0,60.31160316014335,2.0,0.2789570477824324,,False
1704,0,bmeleton_merged_intersection,-0.5629844020555449,-73.012940779432,65.9308558341916,1,0,32,85,32,85,0.21617589519824437,False,14.333437184681701,0.03112857949499681,0.03112857949499681,0.0778093048975345,,,,,,,,bmeleton_merged,0.03112857949499681,1.0,,,,,,,,,,,,,,,,,,,,,,,,,,,,,False
1704,1,bmeleton_merged_pivot_refit_both,-0.4251215300886717,-72.94614618645574,65.43470061828604,1,0,32,85,32,85,0.3745097003177084,False,165.85341543374523,1.9696736225614515,0.03032637743854838,2.1946517685956515,,,,,,,,bmeleton_merged,,,0.5192664897604238,True,True,ok,ok,30.0,40.0,30.0,40.0,30.0,40.0,30.0,40.0,0.7083015667112839,1.0233663218578255,0.9383761251299912,1.5221146769318241,0.10095634957518272,0.2691036503886976,end,start,0.0,0.21617589519824437,,,,,,False
1704,2,bmeleton_final_refit_vertex,0.5340532378706102,-72.72155274743392,70.14933652076918,1,2,35,30,35,30,0.4018859136053847,False,19.13070137127506,0.05522655993652481,0.05522655993652481,0.08282038447726534,,,,,,,,bmeleton_final_refit,,,,,,,,,,,,,,,,,,,,,,,,,,1.0,5.0,2.0,0.08282038447726534,,False
1716,0,bmeleton_merged_intersection,-0.2083167489786304,-73.66985815867835,51.5265244000339,1,0,22,70,22,70,1.2780454809538568,False,43.11524927566455,0.270019602599873,0.270019602599873,0.4219599238211468,,,,,,,,bmeleton_merged,0.2700196025998731,1.0,,,,,,,,,,,,,,,,,,,,,,,,,,,,,False
1716,1,bmeleton_merged_pivot_refit_both,-0.41675698579915643,-73.83264927809387,52.43996238198727,1,0,22,70,22,70,0.7016800791179189,False,43.55637026246173,0.2753032153071222,0.2753032153071222,0.23391921028186594,,,,,,,,bmeleton_merged,,,0.9509559546905433,True,True,ok,ok,22.0,40.0,22.0,40.0,22.0,40.0,22.0,40.0,0.4055576550554595,1.5963141174848774,0.7637526868506528,1.7606235613848136,0.11318928640087336,0.6959245120064355,end,end,0.0,1.2780454809538568,,,,,,False
1716,2,bmeleton_final_refit_vertex,-0.4433057015263673,-73.40194905785816,52.04912591938992,1,2,44,22,44,22,0.9809459252073572,False,44.00117018129637,0.2806743871780413,0.2806743871780413,0.3650149014167853,,,,,,,,bmeleton_final_refit,,,,,,,,,,,,,,,,,,,,,,,,,,1.0,8.16768682554698,2.0,0.3650149014167853,,False
1722,0,bmeleton_merged_intersection,-2.2504383497334164,-81.93233681020969,133.55632169490707,0,1,101,15,101,15,1.9401212167028117,False,17.997909481603696,0.04893220941124787,0.04893220941124787,0.06860789502347568,,,,,,,,bmeleton_merged,0.04893220941124787,1.0,,,,,,,,,,,,,,,,,,,,,,,,,,,,,False
1722,1,bmeleton_merged_pivot_refit_both,-2.0328385510660056,-81.50125351748139,135.39669234501048,0,1,101,15,101,15,1.8258426669343908,False,161.69505719026284,1.9493983865123086,0.05060161348769143,1.417362344206244,,,,,,,,bmeleton_merged,,,1.9026682862263773,True,True,ok,ok,74.0,10.0,76.0,10.0,74.0,10.0,74.0,10.0,0.8828284779110224,0.44800556226825106,1.4396005141654538,1.0092529669719128,0.19419929561306926,0.9344196879597948,start,end,0.0,1.9401212167028117,,,,,,False
1722,2,bmeleton_final_refit_vertex,-0.9897490749836725,-81.40120535600943,133.2295829628667,1,3,17,10,17,10,0.7607793180779415,False,28.07141604778496,0.11763826343755124,0.11763826343755124,0.06656283877593684,,,,,,,,bmeleton_final_refit,,,,,,,,,,,,,,,,,,,,,,,,,,1.0,5.0,2.0,0.06656283877593684,,False
1733,0,bmeleton_merged_intersection,-1.7285969807722055,-78.95242677586458,111.57187197872824,0,1,75,22,75,22,0.7933111092286945,False,14.066463370413821,0.02998555700397798,0.02998555700397798,0.052561439410844686,,,,,,,,bmeleton_merged,0.02998555700397809,1.0,,,,,,,,,,,,,,,,,,,,,,,,,,,,,False
1733,1,bmeleton_final_refit_vertex,-1.4243447559842153,-79.86710613628583,114.44719763275316,2,1,22,13,22,13,0.400205539155238,False,45.80706577227695,0.3029233125726625,0.3029233125726625,0.23716217938106943,,,,,,,,bmeleton_final_refit,,,,,,,,,,,,,,,,,,,,,,,,,,1.0,10.429701727151153,2.0,0.23716217938106943,,False
1740,0,bmeleton_merged_intersection,1.9169204495931016,-78.25342939885743,35.55387024480744,0,1,80,26,80,26,2.0400315879322113,False,38.061678024654384,0.21265245294709978,0.21265245294709978,0.344403427610968,,,,,,,,bmeleton_merged,0.2126524529470999,1.0,,,,,,,,,,,,,,,,,,,,,,,,,,,,,False
1740,1,bmeleton_merged_pivot_refit_both,1.8361239660941333,-78.38762579709612,35.01724608195125,0,1,80,26,80,26,1.364723675906994,False,37.95958559022531,0.21155517670391,0.21155517670391,0.1921090017297078,,,,,,,,bmeleton_merged,,,0.5590189953902677,True,True,ok,ok,45.0,24.0,46.0,24.0,45.0,24.0,45.0,24.0,1.2755554808504892,0.30473226262684083,1.914851194414474,0.5948090614391298,0.5986765302681255,0.15921071989432778,end,end,0.0,2.0400315879322113,,,,,,False
1740,2,bmeleton_final_refit_vertex,1.4162926264586688,-77.79611070217061,36.71029595949222,0,2,48,26,48,26,1.5968420875232405,False,40.031710004734954,0.2343114211210895,0.2343114211210895,0.3136928870110099,,,,,,,,bmeleton_final_refit,,,,,,,,,,,,,,,,,,,,,,,,,,1.0,3.6975014059788136,2.0,0.3136928870110099,,False
1749,0,bmeleton_merged_intersection,-0.5931871427937281,-68.2930008381702,42.7484923177079,0,1,54,26,54,26,0.23756092054211822,False,32.99356740786558,0.16126829076359706,0.16126829076359706,0.2884320110933101,,,,,,,,bmeleton_merged,0.16126829076359717,1.0,,,,,,,,,,,,,,,,,,,,,,,,,,,,,False
1749,1,bmeleton_merged_pivot_refit_both,-0.8286394060813347,-68.51596745617022,43.42008289318128,0,1,54,26,54,26,0.40328506337492853,False,33.47440169098994,0.1658676696435295,0.1658676696435295,0.14720643167445988,,,,,,,,bmeleton_merged,,,0.7457786414843806,True,True,ok,ok,30.0,26.0,31.0,26.0,31.0,26.0,30.0,26.0,1.2974671207012585,0.4323122499782426,1.6763813025150311,0.551305281637481,0.6249552384995521,0.03308772837250514,end,end,0.0,0.23756092054211822,,,,,,False
1749,2,bmeleton_final_refit_vertex,-1.4062746635510428,-68.67486929450342,45.15469746293381,0,2,31,26,31,26,0.2875827512832906,False,35.948948588176975,0.19045960122861805,0.19045960122861805,0.2556543714050484,,,,,,,,bmeleton_final_refit,,,,,,,,,,,,,,,,,,,,,,,,,,1.0,6.899301668491924,2.0,0.2556543714050484,,False
1755,0,bmeleton_merged_intersection,4.779675344198203,-74.28976376923592,45.56543914364781,1,0,21,74,21,74,0.551494383938523,False,25.22639458941173,0.095369188344265,0.095369188344265,0.16930262726506506,,,,,,,,bmeleton_merged,0.095369188344265,1.0,,,,,,,,,,,,,,,,,,,,,,,,,,,,,False
1755,1,bmeleton_merged_pivot_refit_both,4.9038923670936425,-74.33676372420322,47.85031914327546,1,0,21,74,21,74,0.24595535580622008,False,154.66237159886066,1.9038016919263385,0.09619830807366136,1.5517886423048404,,,,,,,,bmeleton_merged,,,2.288736655284397,True,True,ok,ok,20.0,37.0,21.0,38.0,20.0,37.0,20.0,37.0,0.7063469143848251,1.5445759714470657,0.7432795568523421,1.8769263343311264,0.2722457311745014,0.43730027297563867,end,start,0.0,0.551494383938523,,,,,,False
1755,2,bmeleton_final_refit_vertex,4.319711335916477,-74.59725244803951,47.053290420832795,0,2,28,21,28,21,0.803578518346645,False,29.639895938344793,0.13084922062562354,0.13084922062562354,0.13667967813008466,,,,,,,,bmeleton_final_refit,,,,,,,,,,,,,,,,,,,,,,,,,,1.0,5.042863619397776,2.0,0.13667967813008466,,False
1760,0,bmeleton_merged_intersection,-1.442270984340197,-67.93391855101507,54.57544749183697,0,1,65,18,65,18,3.2926140565045383,False,4.610151007243553,0.0032353459104917937,0.0032353459104917937,0.0033362778073075874,,,,,,,,bmeleton_merged,0.0032353459104917937,1.0,,,,,,,,,,,,,,,,,,,,,,,,,,,,,False
1760,1,bmeleton_merged_pivot_refit_both,-2.192503742756749,-66.50775755275107,45.3630382296706,0,1,65,18,65,18,1.4319349020226684,False,4.68387063575756,0.0033395861215713696,0.0033395861215713696,0.0014635937022853813,,,,,,,,bmeleton_merged,,,9.352286821864444,True,True,ok,ok,32.0,9.0,35.0,18.0,35.0,9.0,32.0,9.0,1.6327127269520911,0.2676257254468932,2.112244893893286,0.4866296300368954,0.2355844150044542,0.5784744297184617,end,end,0.0,3.2926140565045383,,,,,,False
1760,2,bmeleton_final_refit_vertex,-2.3886339539452495,-66.4266077926739,55.46940382575613,0,2,32,18,32,18,0.6007815769600084,False,7.006830069966893,0.007468383115159738,0.007468383115159738,0.008000722412617374,,,,,,,,bmeleton_final_refit,,,,,,,,,,,,,,,,,,,,,,,,,,1.0,14.357012617465312,2.0,0.008000722412617374,,False
1771,0,bmeleton_merged_intersection,0.3751372192493135,-66.69203811898674,141.93917574409164,1,0,41,93,41,93,0.8717755202640834,False,20.062582161740398,0.06068151624132212,0.06068151624132212,0.15501661132626107,,,,,,,,bmeleton_merged,0.06068151624132234,1.0,,,,,,,,,,,,,,,,,,,,,,,,,,,,,False
1771,1,bmeleton_merged_pivot_refit_both,1.1048078599970057,-66.40466903128348,136.65789152261846,1,0,41,93,41,93,1.1394950254417835,False,160.3482004784357,1.941753795395519,0.05824620460448082,2.252986302848365,,,,,,,,bmeleton_merged,,,5.339191255660186,True,True,ok,ok,24.0,76.0,27.0,76.0,24.0,76.0,24.0,76.0,0.9688891465598188,0.8472152022089199,1.1816056761827873,1.031218718312773,0.8157615548842534,0.4170717292407128,end,start,0.0,0.8717755202640834,,,,,,False
1771,2,bmeleton_final_refit_vertex,-1.4091157439745925,-67.19449079738632,140.43972036990021,2,1,27,11,27,11,1.048712962531523,False,65.2846559134079,0.5818896383068053,0.5818896383068053,0.41447265327322647,,,,,,,,bmeleton_final_refit,,,,,,,,,,,,,,,,,,,,,,,,,,1.0,5.0,2.0,0.41447265327322647,,False
1797,0,bmeleton_merged_intersection,-6.3713263538564595,-79.27374392751715,97.23663070744944,0,1,94,19,94,19,5.085759618055369,False,3.8486840871923764,0.0022552046756115773,0.0022552046756115773,0.0023624253063595016,,,,,,,,bmeleton_merged,0.0022552046756117994,1.0,,,,,,,,,,,,,,,,,,,,,,,,,,,,,False
1797,1,bmeleton_final_refit_vertex,-11.791064305835082,-79.9446604730903,53.91826328558628,1,3,8,5,8,5,0.2582288906649748,False,18.53472622504776,0.051868833177117435,0.051868833177117435,0.01559685360085722,,,,,,,,bmeleton_final_refit,,,,,,,,,,,,,,,,,,,,,,,,,,1.0,5.0,2.0,0.01559685360085722,,False
1828,0,bmeleton_merged_intersection,-4.400119775843026,-80.41555472116175,64.5603570568519,0,1,75,13,75,13,5.477237712377352,False,30.875047715750057,0.1417115286868994,0.1417115286868994,0.10558462990132617,,,,,,,,bmeleton_merged,0.1417115286868994,1.0,,,,,,,,,,,,,,,,,,,,,,,,,,,,,False
1828,1,bmeleton_merged_pivot_refit_both,-3.6332019997142977,-80.00489792510604,66.50919153872862,0,1,75,13,75,13,4.9964846511417615,False,150.06821042581,1.8666200382001044,0.13337996179989564,0.5837827245232443,,,,,,,,bmeleton_merged,,,2.1341878355104247,True,True,ok,ok,30.0,13.0,30.0,13.0,30.0,13.0,30.0,13.0,1.2313760870164026,0.5806868662928494,1.5669005514126797,0.9617259337370848,2.5744578256360167,0.8985176571515088,start,end,0.0,5.477237712377352,,,,,,False
1828,2,bmeleton_final_refit_vertex,-3.540844836820537,-79.43753755184673,66.43521731233793,1,2,36,13,36,13,4.028304632180283,False,35.364675265377564,0.18451521329785892,0.18451521329785892,0.11053222444620996,,,,,,,,bmeleton_final_refit,,,,,,,,,,,,,,,,,,,,,,,,,,1.0,119.34189747102347,2.0,0.11053222444620996,,False
1832,0,bmeleton_merged_intersection,-0.08046196485312485,-63.89020700997203,98.11855424745222,1,2,30,45,30,45,0.39010750988710696,False,39.68647074271698,0.23044963410536667,0.23044963410536667,0.39272223276655127,,,,,,,,bmeleton_merged,0.23044963410536679,1.0,,,,,,,,,,,,,,,,,,,,,,,,,,,,,False
1832,1,bmeleton_merged_intersection,0.3642479804332447,-63.15745557626911,99.08934384834183,2,0,45,47,45,47,0.8900603792726033,False,29.96563402066636,0.1336748522689185,0.1336748522689185,0.26093068870617614,,,,,,,,bmeleton_merged,0.1336748522689185,3.0,,,,,,,,,,,,,,,,,,,,,,,,,,,,,False
1832,2,bmeleton_merged_intersection,0.6168348859198712,-63.43040881121692,93.76278517676693,1,0,30,47,30,47,1.1698266084678883,False,9.829160006088765,0.01467885523381851,0.01467885523381851,0.022334117324688166,,,,,,,,bmeleton_merged,0.014678855233818622,2.0,,,,,,,,,,,,,,,,,,,,,,,,,,,,,False
1832,3,bmeleton_merged_pivot_refit_both,-0.8001090221412239,-64.15311064692517,97.7184019628076,1,2,30,45,30,45,0.7889600437630253,False,38.89568735497238,0.2217095869901905,0.2217095869901905,0.19528536635084523,,,,,,,,bmeleton_merged,,,0.8643680120717782,True,True,ok,ok,22.0,42.0,22.0,42.0,22.0,42.0,22.0,42.0,1.1680416384649983,0.5900941726330188,1.4933467582539883,0.9226798145132246,1.1970586252542021,0.21514045949806654,end,end,0.0,0.39010750988710696,,,,,,False
1832,4,bmeleton_merged_pivot_refit_both,0.9041131986033416,-63.25136156675241,100.72105983983971,2,0,45,47,45,47,0.45329415708334597,False,150.22815141757675,1.8680095292797478,0.13199047072025205,2.5433511300172023,,,,,,,,bmeleton_merged,,,1.7212698410616565,True,True,ok,ok,40.0,41.0,40.0,41.0,40.0,41.0,40.0,41.0,0.5929114843298111,0.7841684842994103,0.893360759915238,1.0136609096904523,0.22457488454014474,0.3495592385736397,end,start,1.0,0.8900603792726033,,,,,,False
1832,5,bmeleton_merged_pivot_refit_both,1.2862478804691637,-63.90810558570334,85.55140285322541,1,0,30,47,30,47,1.0305841832439133,False,170.9009975549311,1.9874165602309493,0.01258343976905063,1.5945378550371092,,,,,,,,bmeleton_merged,,,8.252460701451186,True,True,ok,ok,22.0,41.0,22.0,41.0,22.0,41.0,22.0,41.0,1.1680416384649983,0.7841684842994103,1.4933467582539883,1.0136609096904523,1.4054348088030966,0.30835917265947815,end,start,2.0,1.1698266084678883,,,,,,False
1832,6,bmeleton_final_refit_vertex,0.16327579442079765,-64.28551789850769,98.49628240007891,3,2,45,22,45,22,1.2589096381722233,False,40.80927579255738,0.24311073856878096,0.24311073856878096,0.30553647732152556,,,,,,,,bmeleton_final_refit,,,,,,,,,,,,,,,,,,,,,,,,,,1.0,1.1841764140426965,2.0,0.30553647732152556,,False
1833,0,bmeleton_merged_intersection,1.0802576237841743,-76.99782921644072,98.23660174318178,0,1,88,27,88,27,0.26025533405118123,False,14.687195934345015,0.03267556330201238,0.03267556330201238,0.07569714233459655,,,,,,,,bmeleton_merged,0.03267556330201238,1.0,,,,,,,,,,,,,,,,,,,,,,,,,,,,,False
1833,1,bmeleton_final_refit_vertex,1.9773613242983759,-77.47096822189997,101.32334242577447,2,0,25,8,25,8,0.7605378549674813,False,35.48851249843414,0.18576807012792307,0.18576807012792307,0.11401527550254598,,,,,,,,bmeleton_final_refit,,,,,,,,,,,,,,,,,,,,,,,,,,1.0,5.0,2.0,0.11401527550254598,,False
1853,0,bmeleton_merged_intersection,1.0393036622424263,-77.35894254322517,81.94292203219705,0,1,118,51,118,51,0.6012905906515859,False,28.707506709243674,0.12291676116473182,0.12291676116473182,0.3291654642142924,,,,,,,,bmeleton_merged,0.12291676116473194,1.0,,,,,,,,,,,,,,,,,,,,,,,,,,,,,False
1853,1,bmeleton_merged_pivot_refit_both,2.0835004586567325,-77.39029542477786,84.40590172661578,0,1,118,51,118,51,0.3235541313835634,False,152.14273503803904,1.8841143976918922,0.11588560230810774,3.183966487276088,,,,,,,,bmeleton_merged,,,2.6753689330525168,True,True,ok,ok,77.0,50.0,79.0,50.0,77.0,50.0,77.0,50.0,1.727820910679064,0.7793481108166402,2.173450341631989,1.0860540926217654,0.8844053145488058,0.1129894806112576,start,end,0.0,0.6012905906515859,,,,,,False
1853,2,bmeleton_final_refit_vertex,2.7332297375305754,-77.70282806165346,85.59148089262965,2,0,51,32,51,32,0.7917380746320907,False,35.650518145418744,0.18741281740440185,0.18741281740440185,0.32680633179502716,,,,,,,,bmeleton_final_refit,,,,,,,,,,,,,,,,,,,,,,,,,,1.0,3.9334687555108374,2.0,0.32680633179502716,,False
1858,0,bmeleton_merged_intersection,0.3042408525877619,-71.69975444731415,80.36295185143351,0,1,67,22,67,22,0.19641507292428886,False,37.9953642202407,0.21193943603649745,0.21193943603649745,0.3914683821027239,,,,,,,,bmeleton_merged,0.21193943603649745,1.0,,,,,,,,,,,,,,,,,,,,,,,,,,,,,False
1858,1,bmeleton_merged_pivot_refit_both,-0.7752048950055714,-71.98299024886859,82.00835646748916,0,1,67,22,67,22,0.12599625486032007,False,142.93471543759074,1.79794926532897,0.20205073467103007,1.4810943091639965,,,,,,,,bmeleton_merged,,,1.9881604542432638,True,True,ok,ok,26.0,22.0,26.0,22.0,26.0,22.0,26.0,22.0,0.8891068174903631,0.6388019377688378,1.1538204215857972,1.0112463641945921,0.9499283535614119,0.033999152610738104,start,end,0.0,0.19641507292428886,,,,,,False
1858,2,bmeleton_final_refit_vertex,-0.9401641883788714,-72.07976414590834,82.23350250210135,1,2,36,22,36,22,0.012976698976808521,False,47.54201677350764,0.3249506423487023,0.3249506423487023,0.4560624471927606,,,,,,,,bmeleton_final_refit,,,,,,,,,,,,,,,,,,,,,,,,,,1.0,38.0395730609644,2.0,0.4560624471927606,,False
1880,0,bmeleton_merged_intersection,-1.81016928876492,-65.34641532777464,80.30019958462698,0,1,68,27,68,27,0.9009149938554735,False,11.413765992378186,0.019776343197806967,0.019776343197806967,0.035900705146363045,,,,,,,,bmeleton_merged,0.019776343197806967,1.0,,,,,,,,,,,,,,,,,,,,,,,,,,,,,False
1880,1,bmeleton_merged_pivot_refit_both,-1.9609816273624239,-65.04130733270702,81.33296004667451,0,1,68,27,68,27,1.3693538686628903,False,11.647822438652957,0.02059292309323535,0.02059292309323535,0.008009690837974587,,,,,,,,bmeleton_merged,,,1.0873957063075357,True,True,ok,ok,8.0,27.0,24.0,27.0,10.0,27.0,8.0,27.0,0.8024175796311916,1.0029254203548545,0.8399839003408883,1.5119496187673724,0.4108055856924026,0.4649551736007283,end,end,0.0,0.9009149938554735,,,,,,False
1880,2,bmeleton_final_refit_vertex,-0.525145863825397,-64.33774170322405,88.0398515524146,2,0,27,24,27,24,1.0886046217693464,False,35.06856469975987,0.18153492939039295,0.18153492939039295,0.1897448246543864,,,,,,,,bmeleton_final_refit,,,,,,,,,,,,,,,,,,,,,,,,,,1.0,12.168557787410839,2.0,0.1897448246543864,,False
1894,0,bmeleton_merged_intersection,-3.376112852127245,-66.07884386983613,127.33368650742383,1,0,23,160,23,160,0.24882455412569265,False,25.678201011290263,0.09875805217381195,0.09875805217381195,0.2822290528729502,,,,,,,,bmeleton_merged,0.09875805217381206,1.0,,,,,,,,,,,,,,,,,,,,,,,,,,,,,False
1894,1,bmeleton_merged_pivot_refit_both,-3.345844998215813,-65.9473327038362,126.93184821502311,1,0,23,160,23,160,0.11140951869313503,False,154.34356057723676,1.901406461246597,0.09859353875340282,3.209832984235245,,,,,,,,bmeleton_merged,,,0.4238930796823631,True,True,ok,ok,21.0,129.0,21.0,129.0,21.0,129.0,21.0,129.0,0.5278818332204831,1.479896167716939,1.3338960287270487,1.9290739006233184,0.10996146841221079,0.050849135779443354,end,start,0.0,0.24882455412569265,,,,,,False
1894,2,bmeleton_final_refit_vertex,-3.683209838990385,-66.11050864730814,127.78906952489774,0,2,24,21,24,21,0.28597622740750694,False,39.01550318014628,0.2230243494694335,0.2230243494694335,0.2368003568468641,,,,,,,,bmeleton_final_refit,,,,,,,,,,,,,,,,,,,,,,,,,,1.0,5.0,2.0,0.2368003568468641,,False
1906,0,bmeleton_merged_intersection,-3.771450703354693,-70.21400502707246,95.03104854560738,0,1,128,50,128,50,0.4440272010898017,False,23.14855368364104,0.0805113078753007,0.0805113078753007,0.22183386921500972,,,,,,,,bmeleton_merged,0.0805113078753007,1.0,,,,,,,,,,,,,,,,,,,,,,,,,,,,,False
1906,1,bmeleton_merged_pivot_refit_both,-3.880591115767196,-70.26464654084364,91.41248203654095,0,1,128,50,128,50,0.10515268711039816,False,157.27526027171575,1.922371373201456,0.07762862679854388,3.3290243013662115,,,,,,,,bmeleton_merged,,,3.6205662227165223,True,True,ok,ok,94.0,45.0,97.0,46.0,94.0,45.0,94.0,45.0,1.846136920786543,0.833718377721845,2.0635465496660403,1.178186553557349,0.11135428652323003,0.528840088663707,start,end,0.0,0.4440272010898017,,,,,,False
1906,2,bmeleton_final_refit_vertex,-3.4484667403628717,-70.24377871661655,95.77137806429309,2,1,50,26,50,26,0.6312277769932116,False,34.58815894346601,0.17674629537670128,0.17674629537670128,0.2829169126014597,,,,,,,,bmeleton_final_refit,,,,,,,,,,,,,,,,,,,,,,,,,,1.0,2.0663766498429856,2.0,0.2829169126014597,,False
1913,0,bmeleton_merged_intersection,-4.133384193189103,-70.3069941509797,96.98339346293051,0,1,119,26,119,26,0.7442786394626455,False,21.906149858623987,0.07220378619438672,0.07220378619438672,0.1747932416441137,,,,,,,,bmeleton_merged,0.07220378619438683,1.0,,,,,,,,,,,,,,,,,,,,,,,,,,,,,False
1913,1,bmeleton_merged_pivot_refit_both,-3.8870040297070503,-70.1398831035136,97.82476627528004,0,1,119,26,119,26,0.5266321944329582,False,158.26800135068535,1.9289259298160437,0.07107407018395628,2.5618780353084536,,,,,,,,bmeleton_merged,,,0.8924894937777282,True,True,ok,ok,88.0,23.0,88.0,24.0,88.0,23.0,88.0,23.0,1.501605251265366,0.5713348345203767,1.9216812099950045,1.19623567712199,0.2556891795410686,0.11468616450310039,start,end,0.0,0.7442786394626455,,,,,,False
1913,2,bmeleton_final_refit_vertex,-4.257304567073001,-70.22247737586821,96.20150427561778,2,0,25,21,25,21,0.8509114151823521,False,36.69731730792909,0.19819637474435836,0.19819637474435836,0.19404025827819454,,,,,,,,bmeleton_final_refit,,,,,,,,,,,,,,,,,,,,,,,,,,1.0,5.0,2.0,0.19404025827819454,,False
1922,0,bmeleton_merged_intersection,0.2848682984841262,-72.58991597924542,20.064889902024447,1,0,31,55,31,55,0.7003479791949828,False,35.697421827168874,0.18789021597365985,0.18789021597365985,0.3402553776672311,,,,,,,,bmeleton_merged,0.18789021597365974,1.0,,,,,,,,,,,,,,,,,,,,,,,,,,,,,False
1922,1,bmeleton_merged_pivot_refit_both,-0.08315428774588174,-72.5950533288561,19.981690780122115,1,0,31,55,31,55,0.23192197802193326,False,35.41408778761796,0.18501466156702673,0.18501466156702673,0.20599534616439827,,,,,,,,bmeleton_merged,,,0.3773448160790938,True,True,ok,ok,31.0,42.0,31.0,42.0,31.0,42.0,31.0,42.0,0.6539814458820734,1.470179346167924,0.8859088607182284,1.849692836027881,0.09398998855511435,0.3641932050019247,end,end,0.0,0.7003479791949828,,,,,,False
1922,2,bmeleton_final_refit_vertex,0.01602492929083521,-72.4429987001641,19.610144547055526,0,2,44,31,44,31,0.23545332733221333,False,35.57331986326761,0.18662825792923177,0.18662825792923177,0.3291321476882147,,,,,,,,bmeleton_final_refit,,,,,,,,,,,,,,,,,,,,,,,,,,1.0,6.538956587992532,2.0,0.3291321476882147,,False
1929,0,bmeleton_merged_intersection,4.781471145329224,-67.35509034665364,80.23188434066793,0,1,43,60,43,60,1.4669849427261386,False,10.29311756302402,0.016093491230695478,0.016093491230695478,0.03160081472085122,,,,,,,,bmeleton_merged,0.01609349123069559,1.0,,,,,,,,,,,,,,,,,,,,,,,,,,,,,False
1929,1,bmeleton_final_refit_vertex,6.731838971597431,-66.81705081422952,86.24877461727546,3,0,40,12,40,12,1.058533212754478,False,43.388881381413185,0.27329200891117256,0.27329200891117256,0.24707002967554448,,,,,,,,bmeleton_final_refit,,,,,,,,,,,,,,,,,,,,,,,,,,1.0,5.0,2.0,0.24707002967554448,,False
1937,0,bmeleton_merged_intersection,-8.15266128168084,-70.62481294950064,123.26168893400967,1,0,8,73,8,73,1.4212686014606137,False,11.343223337604082,0.019533440199557384,0.019533440199557384,0.018378257522199362,,,,,,,,bmeleton_merged,0.019533440199557495,1.0,,,,,,,,,,,,,,,,,,,,,,,,,,,,,False
1937,1,bmeleton_final_refit_vertex,-6.619402610656002,-71.68790344332423,112.3975633069712,2,1,8,6,8,6,0.9762862918446836,False,20.779542307462496,0.06504759080195621,0.06504759080195621,0.01885213101867011,,,,,,,,bmeleton_final_refit,,,,,,,,,,,,,,,,,,,,,,,,,,1.0,3.1617693153139963,2.0,0.01885213101867011,,False
1938,0,bmeleton_merged_intersection,3.47927482110008,-69.85492019224684,82.9006012015686,2,1,49,19,49,19,0.32727900330171306,False,41.347932551094694,0.24928827407154497,0.24928827407154497,0.3569531817602626,,,,,,,,bmeleton_merged,0.24928827407154497,3.0,,,,,,,,,,,,,,,,,,,,,,,,,,,,,False
1938,1,bmeleton_merged_intersection,2.141419141377543,-69.9615906550475,85.08231444362639,0,2,58,49,58,49,0.16588843041440413,False,32.2093136590651,0.15389346623063405,0.15389346623063405,0.39703354802970164,,,,,,,,bmeleton_merged,0.15389346623063394,1.0,,,,,,,,,,,,,,,,,,,,,,,,,,,,,False
1938,2,bmeleton_merged_intersection,2.0597070652577236,-70.18844874858803,74.44336413236579,0,1,58,19,58,19,0.03458213362856034,False,9.170385219490672,0.012781228135272937,0.012781228135272937,0.021068807852586146,,,,,,,,bmeleton_merged,0.012781228135272826,2.0,,,,,,,,,,,,,,,,,,,,,,,,,,,,,False
1938,3,bmeleton_merged_pivot_refit_both,1.732747199924156,-69.98142356799669,83.15464034877856,0,2,58,49,58,49,0.16341893564168145,False,148.55276786136977,1.8531210097140987,0.14687899028590135,2.5273945808905456,,,,,,,,bmeleton_merged,,,1.9706175468910079,True,True,ok,ok,41.0,48.0,41.0,49.0,41.0,48.0,41.0,48.0,0.9243051304057686,1.2540546053167545,0.9766478483417,1.7475716864074538,0.2987664907673993,0.48550542524509416,start,end,1.0,0.16588843041440413,,,,,,False
1938,4,bmeleton_merged_pivot_refit_both,3.1290276138751754,-69.88328546214751,80.83765786568723,2,1,49,19,49,19,0.3591406967432365,False,40.86572428241698,0.24375498435456489,0.24375498435456489,0.22510800754068983,,,,,,,,bmeleton_merged,,,2.092656900154142,True,True,ok,ok,48.0,19.0,49.0,19.0,48.0,19.0,48.0,19.0,1.2540546053167545,0.739508327031351,1.7475716864074538,1.1214437895518314,0.4879090276374861,0.2350889503668339,end,end,0.0,0.32727900330171306,,,,,,False
1938,5,bmeleton_merged_pivot_refit_both,1.7566395507847887,-70.1388171413404,72.65868371593064,0,1,58,19,58,19,0.20850466813888416,False,170.5948673354654,1.9865575265991229,0.01344247340087712,1.7189703269389323,,,,,,,,bmeleton_merged,,,1.810910655878398,True,True,ok,ok,35.0,19.0,35.0,19.0,35.0,19.0,35.0,19.0,0.9360739490413926,0.739508327031351,1.0042483387285066,1.1214437895518314,0.3067662157760859,0.018765114186998694,start,end,2.0,0.03458213362856034,,,,,,False
1938,6,bmeleton_final_refit_vertex,3.47927482110008,-69.85492019224684,82.9006012015686,2,1,49,19,49,19,0.32727900330171306,False,41.347932551094694,0.24928827407154497,0.24928827407154497,0.3569531817602626,,,,,,,,bmeleton_final_refit,,,,,,,,,,,,,,,,,,,,,,,,,,1.0,3.0,2.0,0.3569531817602626,,False
1952,0,bmeleton_merged_intersection,2.5453555791701215,-71.75160874291552,142.4332611281522,1,0,17,85,17,85,1.40583337121499,False,21.384785218043085,0.06884732465069865,0.06884732465069865,0.10213753286010469,,,,,,,,bmeleton_merged,0.06884732465069876,1.0,,,,,,,,,,,,,,,,,,,,,,,,,,,,,False
1952,1,bmeleton_merged_pivot_refit_both,2.2718942695654962,-71.61590964791753,143.2563814874048,1,0,17,85,17,85,1.2576513304637205,False,158.7227968093747,1.9318356840099344,0.06816431599006567,1.8081158195775753,,,,,,,,bmeleton_merged,,,0.8779080009033408,True,True,ok,ok,17.0,66.0,17.0,66.0,17.0,66.0,17.0,66.0,0.8009107864876741,0.8113475105042086,1.1877517632347965,0.990857200036385,0.48820750495572307,0.2734040537445419,end,start,0.0,1.40583337121499,,,,,,False
1952,2,bmeleton_final_refit_vertex,2.78051863336706,-72.29918538852121,142.14986905591962,2,0,17,14,17,14,2.437176194311757,False,37.316844792683,0.2047047123493878,0.2047047123493878,0.10615690716141112,,,,,,,,bmeleton_final_refit,,,,,,,,,,,,,,,,,,,,,,,,,,1.0,33.078451978389644,2.0,0.10615690716141112,,False
1974,0,bmeleton_merged_intersection,-2.488776943230172,-66.72355445227025,111.41356535492045,0,1,86,6,86,6,3.87421908787068,False,8.035811952221318,0.009819112951901632,0.009819112951901632,0.006283577398615869,,,,,,,,bmeleton_merged,0.009819112951901632,1.0,,,,,,,,,,,,,,,,,,,,,,,,,,,,,False
1974,1,bmeleton_final_refit_vertex,-1.500857389251768,-64.93215397273319,116.7723582315898,1,2,18,6,18,6,2.360118242671848,False,30.97117612504931,0.14257370678741865,0.14257370678741865,0.05032763656177179,,,,,,,,bmeleton_final_refit,,,,,,,,,,,,,,,,,,,,,,,,,,1.0,2.1741802113867963,2.0,0.05032763656177179,,False
1985,0,bmeleton_merged_intersection,0.3420410125795964,-81.0560862705464,77.80702361324217,2,0,15,31,15,31,1.443001443522046,False,10.783605756218916,0.01765917340570955,0.01765917340570955,0.014775719149873686,,,,,,,,bmeleton_merged,0.01765917340570977,1.0,,,,,,,,,,,,,,,,,,,,,,,,,,,,,False
1985,1,bmeleton_merged_intersection,-0.013899211895092356,-83.6780434438918,94.07688960997828,2,1,15,69,15,69,3.9483086214874983,False,6.284394844268801,0.006009194026682985,0.006009194026682985,0.005401140269614375,,,,,,,,bmeleton_merged,0.006009194026683318,2.0,,,,,,,,,,,,,,,,,,,,,,,,,,,,,False
1985,2,bmeleton_merged_intersection,-1.8951550131627393,-81.83833604498193,71.15873533706491,0,1,31,69,31,69,2.921956330478181,False,4.684384861941155,0.0033403190368372915,0.0033403190368372915,0.004875295066654038,,,,,,,,bmeleton_merged,0.0033403190368374025,3.0,,,,,,,,,,,,,,,,,,,,,,,,,,,,,False
1985,3,bmeleton_merged_pivot_refit_both,-0.7189134743187837,-82.2263551374083,87.47225830934138,2,1,15,69,15,69,4.46108920921871,False,171.9406145893516,1.9901232879835506,0.009876712016449352,0.6922982087173062,,,,,,,,bmeleton_merged,,,6.798940995975354,True,True,ok,ok,12.0,47.0,12.0,51.0,12.0,47.0,12.0,47.0,0.6768912161719324,1.5674136263220697,1.0181254509318323,1.662571996913446,3.6389554331348046,2.5843589542493275,end,start,1.0,3.9483086214874983,,,,,,False
1985,4,bmeleton_final_refit_vertex,1.470944102636621,-81.20586192138191,78.56428960427823,3,0,14,8,14,8,3.247722266088348,False,36.33174793329742,0.19439987949291737,0.19439987949291737,0.062360700257080556,,,,,,,,bmeleton_final_refit,,,,,,,,,,,,,,,,,,,,,,,,,,1.0,5.0,2.0,0.062360700257080556,,False
1991,0,bmeleton_merged_intersection,6.482284368694734,-64.1388376105044,140.06297853039234,1,0,19,111,19,111,1.34598326991337,False,16.658743155313488,0.0419708344356583,0.0419708344356583,0.07593237421040312,,,,,,,,bmeleton_merged,0.04197083443565841,1.0,,,,,,,,,,,,,,,,,,,,,,,,,,,,,False
1991,1,bmeleton_merged_pivot_refit_both,6.121728146168424,-64.14146027894297,138.96898746195137,1,0,19,111,19,111,1.1530953532172683,False,163.18621612250905,1.9572499362811007,0.042750063718899334,2.1902812405726557,,,,,,,,bmeleton_merged,,,1.1518785204268713,True,True,ok,ok,19.0,81.0,19.0,82.0,19.0,81.0,19.0,81.0,0.5339150920473217,1.0647077713005,0.8442423948724098,1.4338991930047842,0.4417330727180995,0.2635563170834607,end,start,0.0,1.34598326991337,,,,,,False
1991,2,bmeleton_final_refit_vertex,5.027003570722207,-64.22094368675768,135.3458499832421,1,2,19,19,19,19,0.8699423970768397,False,22.362995595447735,0.07520804542226167,0.07520804542226167,0.06085889632130687,,,,,,,,bmeleton_final_refit,,,,,,,,,,,,,,,,,,,,,,,,,,1.0,29.272525431293776,2.0,0.06085889632130687,,False
2004,0,bmeleton_merged_intersection,-3.2268550260540683,-68.74263167069955,32.57105089084102,0,1,76,35,76,35,1.4759849550435833,False,40.52593282231703,0.23988806099417426,0.23988806099417426,0.47762123794819583,,,,,,,,bmeleton_merged,0.23988806099417426,1.0,,,,,,,,,,,,,,,,,,,,,,,,,,,,,False
2004,1,bmeleton_merged_pivot_refit_both,-3.8720692519496858,-68.55914490787174,33.824298283855335,0,1,76,35,76,35,1.471046461973877,False,41.34012183061619,0.24919822213263165,0.24919822213263165,0.28058902264372876,,,,,,,,bmeleton_merged,,,1.4214773362696578,True,True,ok,ok,55.0,35.0,56.0,35.0,56.0,35.0,55.0,35.0,1.4444657874946305,0.40280832249018717,1.8320610872369059,0.6298068629774085,0.9940640787639703,0.19876787649964386,end,end,0.0,1.4759849550435833,,,,,,False
2004,2,bmeleton_final_refit_vertex,-3.992507263144475,-68.44585756441633,34.02719939637062,0,2,55,35,55,35,1.2927448408403106,False,42.257993567832,0.25987568435171393,0.25987568435171393,0.452981952433441,,,,,,,,bmeleton_final_refit,,,,,,,,,,,,,,,,,,,,,,,,,,1.0,42.99605074232573,2.0,0.452981952433441,,False
2011,0,bmeleton_merged_intersection,-3.7003361274931614,-74.9697282716314,60.84508571266028,1,0,38,86,38,86,0.06212685021178062,False,6.248732258868987,0.005941253204581387,0.005941253204581387,0.016773591818334876,,,,,,,,bmeleton_merged,0.00594125320458172,1.0,,,,,,,,,,,,,,,,,,,,,,,,,,,,,False
2011,1,bmeleton_merged_pivot_refit_both,-4.629159513362785,-75.26246190157306,38.331118897495394,1,0,38,86,38,86,0.18195284769856374,False,4.822642684900742,0.0035402871600543895,0.0035402871600543895,0.0026886600291911446,,,,,,,,bmeleton_merged,,,22.53501958318614,True,True,ok,ok,18.0,35.0,23.0,40.0,18.0,40.0,18.0,35.0,1.0852811581955755,1.0714085195806535,1.2109415078578067,1.6579558258335514,0.18775835213923325,1.2496079418324961,end,end,0.0,0.06212685021178062,,,,,,False
2011,2,bmeleton_final_refit_vertex,-3.8542084517970707,-75.69597100232434,84.38969542408802,1,2,46,23,46,23,2.218247216599808,False,20.261895935622654,0.06188054624477002,0.06188054624477002,0.06971162866030046,,,,,,,,bmeleton_final_refit,,,,,,,,,,,,,,,,,,,,,,,,,,1.0,5.0,2.0,0.06971162866030046,,False
2015,0,bmeleton_merged_intersection,0.4305290199227464,-63.23526048931861,108.41601823370034,0,1,93,27,93,27,0.07276454419699517,False,36.86433788080842,0.19994178204319635,0.19994178204319635,0.493767179169042,,,,,,,,bmeleton_merged,0.19994178204319657,1.0,,,,,,,,,,,,,,,,,,,,,,,,,,,,,False
2015,1,bmeleton_merged_pivot_refit_both,-0.6135739647880678,-63.378897374018294,108.41554433159874,0,1,93,27,93,27,0.07566389865290195,False,144.10340290099938,1.8100764647424192,0.18992353525758066,2.3289284444796925,,,,,,,,bmeleton_merged,,,1.0539368206450814,True,True,ok,ok,54.0,27.0,54.0,27.0,54.0,27.0,54.0,27.0,1.228002309213536,0.4798479187570444,1.5922606988658234,0.9667454811870891,0.6034669923212655,0.3710747050545587,start,end,0.0,0.07276454419699517,,,,,,False
2015,2,bmeleton_final_refit_vertex,-0.41262317624080325,-63.71763685313792,109.83754913416593,1,2,32,27,32,27,0.7211004963466087,False,49.98637525968111,0.3570302457417065,0.3570302457417065,0.45858760497187606,,,,,,,,bmeleton_final_refit,,,,,,,,,,,,,,,,,,,,,,,,,,1.0,34.00647518528315,2.0,0.45858760497187606,,False
2019,0,bmeleton_merged_intersection,-2.4104493262122,-74.00700237960845,96.21105198023707,1,0,22,106,22,106,2.5518420941524416,False,13.91461383503367,0.02934482244975578,0.02934482244975578,0.04691188320890506,,,,,,,,bmeleton_merged,0.029344822449755892,1.0,,,,,,,,,,,,,,,,,,,,,,,,,,,,,False
2019,1,bmeleton_final_refit_vertex,-3.5849919234192136,-75.26190119837293,101.55861483940578,2,1,22,19,22,19,2.241903824053911,False,40.081154171024004,0.2348667741818724,0.2348667741818724,0.16576658082386797,,,,,,,,bmeleton_final_refit,,,,,,,,,,,,,,,,,,,,,,,,,,1.0,8.883943838462882,2.0,0.16576658082386797,,False
2024,0,bmeleton_merged_intersection,-3.437485299339099,-82.40322698982087,60.1842752982067,1,0,110,39,110,39,0.07526251282960912,False,5.296550415351412,0.004269742300161861,0.004269742300161861,0.012619275227739951,,,,,,,,bmeleton_merged,0.004269742300161972,1.0,,,,,,,,,,,,,,,,,,,,,,,,,,,,,False
2024,1,bmeleton_merged_pivot_refit_both,-3.4589887845089757,-82.01922961265186,49.60250041407254,1,0,110,39,110,39,0.4236518524650588,False,4.835696554100279,0.003559467315747633,0.003559467315747633,0.002877215172783678,,,,,,,,bmeleton_merged,,,10.588761782382287,True,True,ok,ok,45.0,18.0,60.0,27.0,51.0,18.0,45.0,18.0,1.4162296516191069,0.9912352129558262,2.1149297708701784,1.2737395843525998,0.31901324882211024,0.2073031579423242,end,end,0.0,0.07526251282960912,,,,,,False
2024,2,bmeleton_final_refit_vertex,-3.149900604218396,-84.07188237657562,89.08842938402968,3,1,64,27,64,27,1.7530606938381608,False,23.974938356753018,0.08627671981642915,0.08627671981642915,0.13277149636945448,,,,,,,,bmeleton_final_refit,,,,,,,,,,,,,,,,,,,,,,,,,,1.0,5.0,2.0,0.13277149636945448,,False
2032,0,bmeleton_merged_intersection,-3.8312733844377656,-71.84097273992577,50.63509790028616,1,0,39,80,39,80,1.160384865033494,False,33.06844956465207,0.16198069445618257,0.16198069445618257,0.36717467323857345,,,,,,,,bmeleton_merged,0.16198069445618257,1.0,,,,,,,,,,,,,,,,,,,,,,,,,,,,,False
2032,1,bmeleton_merged_pivot_refit_both,-3.472509501022352,-71.884423260333,49.30062514163937,1,0,39,80,39,80,0.5051617113086865,False,32.59632176453334,0.15751301708862098,0.15751301708862098,0.17325360903239687,,,,,,,,bmeleton_merged,,,1.3825400592161297,True,True,ok,ok,36.0,42.0,36.0,52.0,36.0,42.0,36.0,42.0,0.5572547076154992,1.7724854841894238,0.8811791636620788,2.4311761078766976,0.12558611337314649,0.4546044284282011,end,end,0.0,1.160384865033494,,,,,,False
2032,2,bmeleton_final_refit_vertex,-5.872957401313936,-71.06849326789487,54.669138738985104,0,2,54,39,54,39,0.6584878849858875,False,41.34597393295622,0.24926569131513476,0.24926569131513476,0.5053954275981515,,,,,,,,bmeleton_final_refit,,,,,,,,,,,,,,,,,,,,,,,,,,1.0,2.711761704559023,2.0,0.5053954275981515,,False
2037,0,bmeleton_merged_intersection,2.3627881283294316,-67.43175853118997,87.73265437004483,1,2,20,24,20,24,2.323328131007143,False,41.999156301178374,0.2568453214393148,0.2568453214393148,0.19209842004257008,,,,,,,,bmeleton_merged,0.2568453214393148,3.0,,,,,,,,,,,,,,,,,,,,,,,,,,,,,False
2037,1,bmeleton_merged_intersection,4.207239887355048,-67.02175680576968,90.28956063352449,0,2,62,24,62,24,0.49292582548270375,False,32.93175277869685,0.1606812865241739,0.1606812865241739,0.2820999700883465,,,,,,,,bmeleton_merged,0.1606812865241739,2.0,,,,,,,,,,,,,,,,,,,,,,,,,,,,,False
2037,2,bmeleton_merged_intersection,3.877286638247175,-68.43230489846786,78.72838347435575,0,1,62,20,62,20,2.0417560711489577,False,9.133292439607988,0.012678259687631477,0.012678259687631477,0.015850009158884393,,,,,,,,bmeleton_merged,0.012678259687631477,1.0,,,,,,,,,,,,,,,,,,,,,,,,,,,,,False
2037,3,bmeleton_merged_pivot_refit_both,4.595544277867451,-67.09112908527622,90.88285520634456,0,2,62,24,62,24,0.49199936747874484,False,147.3830564867723,1.8422930348266067,0.15770696517339333,2.0299237375065813,,,,,,,,bmeleton_merged,,,0.7124543936231235,True,True,ok,ok,44.0,24.0,44.0,24.0,44.0,24.0,44.0,24.0,0.8711355434665473,0.4427752662847504,1.0225337490286908,0.5135152226020159,0.3140075573781383,0.10877440672187741,start,end,1.0,0.49292582548270375,,,,,,False
2037,4,bmeleton_merged_pivot_refit_both,2.2482445279547805,-67.40424927193392,87.5088406082397,1,2,20,24,20,24,2.4242046691851913,False,41.81311678766651,0.25467660988377605,0.25467660988377605,0.12675271568839636,,,,,,,,bmeleton_merged,,,0.25292211391052577,True,True,ok,ok,20.0,24.0,20.0,24.0,20.0,24.0,20.0,24.0,1.2401667245999257,0.4427752662847504,1.6792638312402435,0.5135152226020159,1.29084695680498,0.4430787263968321,end,end,0.0,2.323328131007143,,,,,,False
2037,5,bmeleton_merged_pivot_refit_both,4.182803457246438,-68.54425113932291,75.89594672805845,0,1,62,20,62,20,2.3562354170608963,False,170.79701700808198,1.98712793983599,0.01287206016400988,1.1217509950724607,,,,,,,,bmeleton_merged,,,2.8510647851825928,True,True,ok,ok,37.0,20.0,37.0,20.0,37.0,20.0,37.0,20.0,0.99087923453203,1.2401667245999257,1.0754622623416876,1.6792638312402435,1.0432414074895173,1.0089510833979902,start,end,2.0,2.0417560711489577,,,,,,False
2037,6,bmeleton_final_refit_vertex,2.3627881283294316,-67.43175853118997,87.73265437004483,2,1,24,20,24,20,2.323328131007143,False,41.999156301178374,0.2568453214393148,0.2568453214393148,0.19209842004257008,,,,,,,,bmeleton_final_refit,,,,,,,,,,,,,,,,,,,,,,,,,,1.0,3.0,2.0,0.19209842004257008,,False
2071,0,bmeleton_merged_intersection,-5.261178416917637,-71.77861251924318,60.73316506581946,1,0,45,110,45,110,0.7637791274826762,False,33.52157178687299,0.16632204059113553,0.16632204059113553,0.4328463242061545,,,,,,,,bmeleton_merged,0.16632204059113553,1.0,,,,,,,,,,,,,,,,,,,,,,,,,,,,,False
2071,1,bmeleton_merged_pivot_refit_both,-4.827277424010006,-71.76319791992725,62.490553945133655,1,0,45,110,45,110,0.8474396491554039,False,33.662943372099306,0.167687200622891,0.167687200622891,0.1635491379725887,,,,,,,,bmeleton_merged,,,1.8102274317486988,True,True,ok,ok,43.0,40.0,43.0,47.0,43.0,42.0,43.0,40.0,0.6513673527609383,2.4444345281544697,0.998101430635383,2.641505146890429,0.40597193589858466,0.5869278277319833,end,end,0.0,0.7637791274826762,,,,,,False
2071,2,bmeleton_final_refit_vertex,-7.54200756819166,-72.24618301774291,67.06977845400388,1,2,47,44,47,44,0.5676993011437055,False,42.855536599060684,0.2669290601609492,0.2669290601609492,0.5450487666546999,,,,,,,,bmeleton_final_refit,,,,,,,,,,,,,,,,,,,,,,,,,,1.0,5.0,2.0,0.5450487666546999,,False
2073,0,bmeleton_merged_intersection,0.215363810341618,-76.547126719626,34.516258465949534,1,0,27,61,27,61,1.022370275801348,False,30.967316858334854,0.14253904640858217,0.14253904640858217,0.2401337502159758,,,,,,,,bmeleton_merged,0.14253904640858217,1.0,,,,,,,,,,,,,,,,,,,,,,,,,,,,,False
2073,1,bmeleton_merged_pivot_refit_both,-0.1802063902682054,-76.37966443159668,33.461753804719436,1,0,27,61,27,61,0.921284390972734,False,30.329762469821674,0.13686664430125073,0.13686664430125073,0.12541633175373146,,,,,,,,bmeleton_merged,,,1.138639311669201,True,True,ok,ok,27.0,39.0,27.0,41.0,27.0,40.0,27.0,39.0,0.46515683202628366,1.3802122590492676,0.7146109707022991,1.8262721270225128,0.14880413824233638,0.7763047121355371,end,end,0.0,1.022370275801348,,,,,,False
2073,2,bmeleton_final_refit_vertex,0.27017645122872835,-76.39190275620206,34.52431975713549,1,2,42,27,42,27,0.6945775836197355,False,32.48221117768021,0.156441777538203,0.156441777538203,0.2312798322340214,,,,,,,,bmeleton_final_refit,,,,,,,,,,,,,,,,,,,,,,,,,,1.0,45.82060834996015,2.0,0.2312798322340214,,False
2080,0,bmeleton_merged_intersection,-0.11590560274829406,-71.39994900926717,57.594147161150445,1,0,41,96,41,96,2.523015813172149,False,37.288624687808365,0.20440622391575825,0.20440622391575825,0.4075617325392178,,,,,,,,bmeleton_merged,0.20440622391575825,1.0,,,,,,,,,,,,,,,,,,,,,,,,,,,,,False
2080,1,bmeleton_merged_pivot_refit_both,-0.7423915721510408,-71.34966203924364,57.76454965480943,1,0,41,96,41,96,1.8981301918455362,False,37.793735176017485,0.20977797598396142,0.20977797598396142,0.19154336336013147,,,,,,,,bmeleton_merged,,,0.6511915686323395,True,True,ok,ok,41.0,45.0,41.0,48.0,41.0,46.0,41.0,45.0,0.5852823703147432,1.9883863078685355,0.9622477211733509,2.333379722491103,0.29660752153297076,1.1999204210504453,end,end,0.0,2.523015813172149,,,,,,False
2080,2,bmeleton_final_refit_vertex,-1.5659330033507168,-70.70917830996967,60.25677741847696,1,2,46,41,46,41,1.7038482283362304,False,42.21887379161578,0.2594167152509407,0.2594167152509407,0.42013091053472973,,,,,,,,bmeleton_final_refit,,,,,,,,,,,,,,,,,,,,,,,,,,1.0,43.96546815317121,2.0,0.42013091053472973,,False
2082,0,bmeleton_merged_intersection,2.6593375787678943,-65.71757218141038,82.8019794422427,0,1,67,52,67,52,0.0655788812287817,False,14.707826273811044,0.03276691812279953,0.03276691812279953,0.09545212365773593,,,,,,,,bmeleton_merged,0.03276691812279953,1.0,,,,,,,,,,,,,,,,,,,,,,,,,,,,,False
2082,1,bmeleton_final_refit_vertex,0.04936358230270341,-67.31264533634399,110.85258900204389,2,0,52,20,52,20,0.7833080061138552,False,21.640488039464262,0.07048388130028427,0.07048388130028427,0.0982585083731722,,,,,,,,bmeleton_final_refit,,,,,,,,,,,,,,,,,,,,,,,,,,1.0,7.829402064019581,2.0,0.0982585083731722,,False
2085,0,bmeleton_merged_intersection,3.4924690157843292,-74.80760149120937,129.16326778080884,0,1,127,32,127,32,0.8312543397166667,False,25.286823732371168,0.09581919507796577,0.09581919507796577,0.24648006113883936,,,,,,,,bmeleton_merged,0.09581919507796566,1.0,,,,,,,,,,,,,,,,,,,,,,,,,,,,,False
2085,1,bmeleton_merged_pivot_refit_both,3.5358789092238228,-73.7501525722702,113.35816560338301,0,1,127,32,127,32,0.919281042066221,False,158.41405530631667,1.9298667630507624,0.07013323694923757,2.0061848785623155,,,,,,,,bmeleton_merged,,,15.840496755906507,True,True,ok,ok,123.0,16.0,124.0,19.0,123.0,16.0,123.0,16.0,1.7489627575524596,0.834474142988862,2.0339575506207104,1.0364743978335615,0.21742760508569056,3.5859172259635135,start,end,0.0,0.8312543397166667,,,,,,False
2085,2,bmeleton_final_refit_vertex,4.70268662146171,-75.02084019832624,131.62406058813616,2,0,19,3,19,3,15.586289192629787,False,24.380758682266563,0.08917766002363203,0.08917766002363203,0.008176274050695941,,,,,,,,bmeleton_final_refit,,,,,,,,,,,,,,,,,,,,,,,,,,1.0,5.0,2.0,0.008176274050695941,,False
2090,0,bmeleton_merged_intersection,0.5583678327583925,-76.91205208096159,81.79000777564553,1,0,11,83,11,83,2.1488535508942874,False,14.720239363509151,0.03282194592312648,0.03282194592312648,0.03468193521962738,,,,,,,,bmeleton_merged,0.03282194592312648,1.0,,,,,,,,,,,,,,,,,,,,,,,,,,,,,False
2090,1,bmeleton_merged_pivot_refit_both,1.5185178439827216,-76.40896504141475,86.44020696815281,1,0,11,83,11,83,1.9509967290702341,False,166.1443325795495,1.9709020673040971,0.029097932695902773,1.1296340083547929,,,,,,,,bmeleton_merged,,,4.774865144002433,True,True,ok,ok,11.0,49.0,11.0,49.0,11.0,49.0,11.0,49.0,0.39258384370157634,1.21850336547413,0.4655841883983269,1.9832316573609328,0.4081429604578421,1.1338719722432378,end,start,0.0,2.1488535508942874,,,,,,False
2090,2,bmeleton_final_refit_vertex,1.3335963345390023,-76.14235043467338,85.85705901809067,1,2,27,11,27,11,1.446533725363985,False,20.551846404755405,0.06364509351568659,0.06364509351568659,0.04253602506651622,,,,,,,,bmeleton_final_refit,,,,,,,,,,,,,,,,,,,,,,,,,,1.0,70.60477019569379,2.0,0.04253602506651622,,False
2098,0,bmeleton_merged_intersection,-1.6952740892858225,-62.96693267672544,37.764116691034815,0,1,88,70,88,70,0.42772770761011436,False,35.3347613932331,0.1842131467651481,0.1842131467651481,0.5090891345936523,,,,,,,,bmeleton_merged,0.1842131467651481,1.0,,,,,,,,,,,,,,,,,,,,,,,,,,,,,False
2098,1,bmeleton_merged_pivot_refit_both,-2.082003991556644,-62.91204080311762,38.594869532631705,0,1,88,70,88,70,0.40106929236243977,False,35.908968622930985,0.19005015551521787,0.19005015551521787,0.30239977048775213,,,,,,,,bmeleton_merged,,,0.9179996835075077,True,True,ok,ok,47.0,68.0,49.0,68.0,48.0,68.0,47.0,68.0,1.559373770952754,0.9076879854005999,2.089595930516988,1.3739144178560765,0.6218958056307409,0.06582769236420213,end,end,0.0,0.42772770761011436,,,,,,False
2098,2,bmeleton_final_refit_vertex,-2.4707056133004195,-62.80593140835433,39.509114357189446,2,0,70,53,70,53,0.3010094961102178,False,36.78840219330009,0.1991473911519559,0.1991473911519559,0.5635173582449339,,,,,,,,bmeleton_final_refit,,,,,,,,,,,,,,,,,,,,,,,,,,1.0,2.8439432675643883,2.0,0.5635173582449339,,False
2099,0,bmeleton_merged_intersection,-3.0315592984857025,-65.28502424298796,87.38536648018616,1,0,18,98,18,98,1.3013796428698068,False,13.667762774468597,0.028317777820208057,0.028317777820208057,0.04718596306899707,,,,,,,,bmeleton_merged,0.028317777820208057,1.0,,,,,,,,,,,,,,,,,,,,,,,,,,,,,False
2099,1,bmeleton_final_refit_vertex,-0.6859525279386471,-58.330559743791795,122.97336503436883,2,1,18,14,18,14,2.4487471928537508,False,31.013726499973373,0.1429561129159337,0.1429561129159337,0.07616575916314401,,,,,,,,bmeleton_final_refit,,,,,,,,,,,,,,,,,,,,,,,,,,1.0,27.31291283229188,2.0,0.07616575916314401,,False
2104,0,bmeleton_merged_intersection,3.451047529022454,-72.347297269373,119.35917538511373,1,0,20,167,20,167,0.2391491399832403,False,11.638545034244776,0.020560244766440583,0.020560244766440583,0.056699700020822384,,,,,,,,bmeleton_merged,0.020560244766440694,1.0,,,,,,,,,,,,,,,,,,,,,,,,,,,,,False
2104,1,bmeleton_merged_pivot_refit_both,3.5764715044933575,-72.04099107786159,120.51076197790516,1,0,20,167,20,167,0.2053248033304488,False,168.4464479476208,1.9797379354615934,0.02026206453840662,2.85500812343402,,,,,,,,bmeleton_merged,,,1.1982096382846075,True,True,ok,ok,20.0,121.0,20.0,121.0,20.0,121.0,20.0,121.0,0.5567987674169742,1.9456309624216968,0.9830968445248927,2.0462160278729846,0.09386645942844667,0.21907887002551846,end,start,0.0,0.2391491399832403,,,,,,False
2104,2,bmeleton_final_refit_vertex,2.713627386538752,-72.04996734302745,116.79939307901316,1,2,33,20,33,20,0.7289098858057815,False,13.298293724879564,0.02681427674594472,0.02681427674594472,0.030061183374846052,,,,,,,,bmeleton_final_refit,,,,,,,,,,,,,,,,,,,,,,,,,,1.0,29.730667810232205,2.0,0.030061183374846052,,False
2109,0,bmeleton_merged_intersection,0.3965310628700156,-66.15128650397848,67.04937587027658,0,1,59,35,59,35,1.105285885163796,False,12.7570408296033,0.024684807405350062,0.024684807405350062,0.0459328903889134,,,,,,,,bmeleton_merged,0.024684807405350062,1.0,,,,,,,,,,,,,,,,,,,,,,,,,,,,,False
2109,1,bmeleton_merged_pivot_refit_both,1.2686177907306462,-65.70236651650296,62.228310380084025,0,1,59,35,59,35,1.3147076625510303,False,168.75119860313004,1.9807893613944718,0.019210638605528296,1.6136437156782368,,,,,,,,bmeleton_merged,,,4.919830980510533,True,True,ok,ok,33.0,33.0,33.0,33.0,33.0,33.0,33.0,33.0,1.3014129157129861,0.8562368450278981,1.2979909116903354,1.306773208107513,0.9077974648542432,0.7634346890627989,start,end,0.0,1.105285885163796,,,,,,False
2109,2,bmeleton_final_refit_vertex,1.2949742113447449,-65.7975168336148,52.8109370121083,2,1,33,21,33,21,2.067346218160585,False,15.94165830326207,0.03845813341583648,0.03845813341583648,0.03581281509837078,,,,,,,,bmeleton_final_refit,,,,,,,,,,,,,,,,,,,,,,,,,,1.0,5.0,2.0,0.03581281509837078,,False
2114,0,bmeleton_merged_intersection,-4.697869961979434,-72.07201435291536,83.73729837864965,1,2,27,25,27,25,1.3644632920819935,False,42.97124332049195,0.268304096392896,0.268304096392896,0.27381511144634063,,,,,,,,bmeleton_merged,0.268304096392896,2.0,,,,,,,,,,,,,,,,,,,,,,,,,,,,,False
2114,1,bmeleton_merged_intersection,-6.48226679804773,-71.99333287021054,86.39175293845429,0,2,74,25,74,25,0.25296204220102897,False,31.559686759532795,0.14790460086831292,0.14790460086831292,0.3027633445044442,,,,,,,,bmeleton_merged,0.14790460086831292,3.0,,,,,,,,,,,,,,,,,,,,,,,,,,,,,False
2114,2,bmeleton_merged_intersection,-6.076596744034449,-72.89648007174296,76.18986592013766,1,0,27,74,27,74,1.31844663197429,False,11.48383564175333,0.02001908844177347,0.02001908844177347,0.035405581141862964,,,,,,,,bmeleton_merged,0.02001908844177347,1.0,,,,,,,,,,,,,,,,,,,,,,,,,,,,,False
2114,3,bmeleton_merged_pivot_refit_both,-6.956023038404927,-72.07882276883366,87.19122281834659,0,2,74,25,74,25,0.18138288569933367,False,148.7652200889231,1.8550496477807572,0.1449503522192429,2.2047650950582813,,,,,,,,bmeleton_merged,,,0.9332232245818716,True,True,ok,ok,56.0,25.0,56.0,25.0,56.0,25.0,56.0,25.0,1.500405722678825,0.5155333842162653,1.7811014759518433,0.7826039476744535,0.34955460764499263,0.04921179117324762,start,end,1.0,0.25296204220102897,,,,,,False
2114,4,bmeleton_merged_pivot_refit_both,-5.1247546825922,-72.07388144456687,84.40832464504614,1,2,27,25,27,25,1.1564328760013556,False,43.67341460773568,0.2767123606744406,0.2767123606744406,0.18747636389255687,,,,,,,,bmeleton_merged,,,0.7953051621345582,True,True,ok,ok,25.0,25.0,25.0,25.0,25.0,25.0,25.0,25.0,1.3081999818315142,0.5155333842162653,1.8708008304497503,0.7826039476744535,0.9216096931909061,0.2455975672306544,end,end,0.0,1.3644632920819935,,,,,,False
2114,5,bmeleton_merged_pivot_refit_both,-6.482822994680257,-72.76718343274675,77.46873192333646,1,0,27,74,27,74,1.2212093928177297,False,167.61826174892815,1.9767406708095878,0.02325932919041218,1.600645075012844,,,,,,,,bmeleton_merged,,,1.348048827642063,True,True,ok,ok,25.0,44.0,25.0,44.0,25.0,44.0,25.0,44.0,1.3081999818315142,1.031065297937897,1.8708008304497503,1.6080824521363706,0.7651530648531734,0.7777884212192597,end,start,2.0,1.31844663197429,,,,,,False
2114,6,bmeleton_final_refit_vertex,-4.958594794245231,-72.41706679064265,84.4118137237194,2,3,25,25,25,25,1.8995289251423482,False,43.47834350709371,0.2743654985396442,0.2743654985396442,0.24853644132485425,,,,,,,,bmeleton_final_refit,,,,,,,,,,,,,,,,,,,,,,,,,,1.0,28.53132125587492,2.0,0.24853644132485425,,False
2143,0,bmeleton_merged_intersection,0.9707264795339829,-70.92340324794272,87.25467402490524,0,1,82,27,82,27,1.6670106376307816,False,13.064772028581581,0.025884861610495746,0.025884861610495746,0.04567131500150506,,,,,,,,bmeleton_merged,0.025884861610495746,1.0,,,,,,,,,,,,,,,,,,,,,,,,,,,,,False
2143,1,bmeleton_final_refit_vertex,0.5187399963589654,-71.84270223394086,90.39965952041612,2,1,27,15,27,15,1.8939845413647631,False,35.380102888730875,0.18467108639372953,0.18467108639372953,0.13477089706239462,,,,,,,,bmeleton_final_refit,,,,,,,,,,,,,,,,,,,,,,,,,,1.0,2.961482594648486,2.0,0.13477089706239462,,False
2153,0,bmeleton_merged_intersection,-3.201850035307718,-76.58381044909731,66.37843739963023,1,0,20,95,20,95,0.7223026854064521,False,38.49630646029823,0.21735171472324055,0.21735171472324055,0.41391298738009386,,,,,,,,bmeleton_merged,0.21735171472324066,1.0,,,,,,,,,,,,,,,,,,,,,,,,,,,,,False
2153,1,bmeleton_merged_pivot_refit_both,-3.6695493519663565,-76.33177500834691,67.19497454128921,1,0,20,95,20,95,0.5238355862140327,False,39.051356622668756,0.223418437055938,0.223418437055938,0.18790620889643936,,,,,,,,bmeleton_merged,,,0.9741649849516409,True,True,ok,ok,20.0,43.0,20.0,52.0,20.0,43.0,20.0,43.0,0.2857348310109956,1.921277469546321,0.3630348850127111,2.5367465429360223,0.10011362184390586,0.578275478789437,end,end,0.0,0.7223026854064521,,,,,,False
2153,2,bmeleton_final_refit_vertex,-5.9561660330009225,-75.32658126550308,70.844045069105,0,2,49,20,49,20,0.49758613595139217,False,47.56669714773337,0.3252685032974142,0.3252685032974142,0.4630448040544756,,,,,,,,bmeleton_final_refit,,,,,,,,,,,,,,,,,,,,,,,,,,1.0,25.628233297198634,2.0,0.4630448040544756,,False
2158,0,bmeleton_merged_intersection,3.5103026624632943,-72.81337546378785,59.38952728968556,1,0,55,100,55,100,0.15122894407638135,False,5.7939987664295325,0.005108711862095494,0.005108711862095494,0.014876193382853486,,,,,,,,bmeleton_merged,0.005108711862095494,1.0,,,,,,,,,,,,,,,,,,,,,,,,,,,,,False
2158,1,bmeleton_merged_pivot_refit_both,3.5061578536664753,-73.14271015989766,53.74579128222856,1,0,55,100,55,100,0.4131786663776588,False,5.486571349140441,0.004581365203358279,0.004581365203358279,0.004639281725512696,,,,,,,,bmeleton_merged,,,5.653338362717059,True,True,ok,ok,39.0,34.0,40.0,51.0,39.0,41.0,39.0,34.0,1.7745794396223449,0.7978709791209435,2.39861975881292,1.2171086368170225,0.34362140474613767,0.0856802593607584,end,end,0.0,0.15122894407638135,,,,,,False
2158,2,bmeleton_final_refit_vertex,2.1293542973830437,-72.40985580319389,78.38752970346893,0,3,54,40,54,40,1.9439385692259654,False,20.383765428473446,0.06261928138613393,0.06261928138613393,0.10477775611442658,,,,,,,,bmeleton_final_refit,,,,,,,,,,,,,,,,,,,,,,,,,,1.0,5.0,2.0,0.10477775611442658,,False
2165,0,bmeleton_merged_intersection,-1.4813014460608942,-79.3642252174787,36.57993193783396,0,1,87,26,87,26,0.9989331824123338,False,36.2904649188454,0.1939732069310185,0.1939732069310185,0.38446253949276116,,,,,,,,bmeleton_merged,0.19397320693101872,1.0,,,,,,,,,,,,,,,,,,,,,,,,,,,,,False
2165,1,bmeleton_merged_pivot_refit_both,-1.6888820918983125,-79.41298633810175,35.63332389832706,0,1,87,26,87,26,0.029084705079223144,False,35.921870913823625,0.19018224830165065,0.19018224830165065,0.1979064205895201,,,,,,,,bmeleton_merged,,,0.9703268273472544,True,True,ok,ok,44.0,26.0,49.0,26.0,45.0,26.0,44.0,26.0,1.8852909591562157,0.5176753097265481,2.5079867048828595,0.8841394005229617,0.29823741106508844,0.07679949105127232,end,end,0.0,0.9989331824123338,,,,,,False
2165,2,bmeleton_final_refit_vertex,-0.36702625578255255,-78.51957152740727,39.07543596287917,0,2,51,26,51,26,0.37118332481739713,False,42.01982850756857,0.257086786884105,0.257086786884105,0.4357341029162391,,,,,,,,bmeleton_final_refit,,,,,,,,,,,,,,,,,,,,,,,,,,1.0,5.6268031702296,2.0,0.4357341029162391,,False
2179,0,bmeleton_merged_intersection,1.6075325551733255,-71.00446607766563,28.373151485589453,1,0,29,79,29,79,1.2790308344000425,False,39.20027173572366,0.2250585088192113,0.2250585088192113,0.4288993366390756,,,,,,,,bmeleton_merged,0.2250585088192113,1.0,,,,,,,,,,,,,,,,,,,,,,,,,,,,,False
2179,1,bmeleton_merged_pivot_refit_both,2.443113656164714,-70.89932797713047,29.258446385871483,1,0,29,79,29,79,0.736510749702088,False,40.11298868163098,0.23522463850894737,0.23522463850894737,0.2473571619564439,,,,,,,,bmeleton_merged,,,1.2218825053921885,True,True,ok,ok,27.0,51.0,27.0,52.0,27.0,51.0,27.0,51.0,0.3669070897462462,1.604275401190061,0.761148019825031,1.9984511987474431,0.10706422359969166,1.1005172360740765,end,end,0.0,1.2790308344000425,,,,,,False
2179,2,bmeleton_final_refit_vertex,2.2697960970780877,-70.55137237970354,29.763389039555307,0,2,55,29,55,29,0.7881046335304664,False,40.24044337188551,0.2366597708271797,0.2366597708271797,0.4082332914696098,,,,,,,,bmeleton_final_refit,,,,,,,,,,,,,,,,,,,,,,,,,,1.0,2.911174455260736,2.0,0.4082332914696098,,False
2186,0,bmeleton_merged_intersection,-1.083232805870605,-69.22281093739198,48.182247801477544,0,1,96,74,96,74,1.8888818028550605,False,34.48953662664613,0.17577038783502796,0.17577038783502796,0.3827262381585228,,,,,,,,bmeleton_merged,0.17577038783502796,1.0,,,,,,,,,,,,,,,,,,,,,,,,,,,,,False
2186,1,bmeleton_merged_pivot_refit_both,-1.1273339313006554,-69.58352795584132,45.924792529431215,0,1,96,74,96,74,1.4727323794556375,False,33.86903130862325,0.1696863717905699,0.1696863717905699,0.1985879357790998,,,,,,,,bmeleton_merged,,,2.286518309997307,True,True,ok,ok,39.0,70.0,44.0,70.0,39.0,70.0,39.0,70.0,1.7923462983319627,0.8351550208305749,2.2015980606633683,1.0931024133670688,1.3085713689255214,0.32061694193804097,end,end,0.0,1.8888818028550605,,,,,,False
2186,2,bmeleton_final_refit_vertex,-2.706928520956202,-69.3139636517993,48.743868270225384,2,0,72,44,72,44,1.2240844855716466,False,40.893470769791605,0.2440719237263782,0.2440719237263782,0.5517914161819816,,,,,,,,bmeleton_final_refit,,,,,,,,,,,,,,,,,,,,,,,,,,1.0,5.0,2.0,0.5517914161819816,,False
2187,0,bmeleton_merged_intersection,-2.341165181833998,-73.60438866315423,89.78328227791545,2,1,20,18,20,18,1.3833189410626434,False,37.47593080127639,0.2063909970989597,0.2063909970989597,0.15336825061037912,,,,,,,,bmeleton_merged,0.2063909970989598,3.0,,,,,,,,,,,,,,,,,,,,,,,,,,,,,False
2187,1,bmeleton_merged_intersection,-3.4535032440095366,-73.02643455211586,92.12853907034317,0,2,67,20,67,20,1.126194185080841,False,29.196173109379707,0.12704533963233566,0.12704533963233566,0.18978434603337355,,,,,,,,bmeleton_merged,0.12704533963233566,1.0,,,,,,,,,,,,,,,,,,,,,,,,,,,,,False
2187,2,bmeleton_merged_intersection,-3.8595267888790854,-73.5170800170765,80.93800735210749,0,1,67,18,67,18,0.17830197899238162,False,8.292165890738735,0.010454482213064331,0.010454482213064331,0.017527856837894762,,,,,,,,bmeleton_merged,0.010454482213064442,2.0,,,,,,,,,,,,,,,,,,,,,,,,,,,,,False
2187,3,bmeleton_merged_pivot_refit_both,-4.9901132015487875,-72.5184312581236,93.96291515124045,0,2,67,20,67,20,0.6008789819338619,False,152.13674774210494,1.884065564018004,0.11593443598199615,1.8611345514802589,,,,,,,,bmeleton_merged,,,2.446256960027677,True,True,ok,ok,44.0,20.0,44.0,20.0,44.0,20.0,44.0,20.0,0.9681360144650295,0.21568625855365953,1.1799620731560116,0.41513379228904396,1.1312013102161895,0.24144258563266321,start,end,1.0,1.126194185080841,,,,,,False
2187,4,bmeleton_merged_pivot_refit_both,-0.9777089257937093,-73.45673691610972,86.37167790529934,2,1,20,18,20,18,0.6500330346869089,False,34.981918764804796,0.18066698892229072,0.18066698892229072,0.10148414680299887,,,,,,,,bmeleton_merged,,,3.6769360064861156,True,True,ok,ok,20.0,14.0,20.0,14.0,20.0,14.0,20.0,14.0,0.21568625855365953,0.7018610185265937,0.41513379228904396,1.260093206430504,0.2571624569514637,2.629285506939085,end,end,0.0,1.3833189410626434,,,,,,False
2187,5,bmeleton_merged_pivot_refit_both,-4.1712199416763545,-71.77785554735898,60.44684784346477,0,1,67,18,67,18,2.75740279232451,False,172.37920314595536,1.9911674693812924,0.00883253061870748,0.9458306633298883,,,,,,,,bmeleton_merged,,,20.567198943614176,True,True,ok,ok,40.0,14.0,40.0,14.0,40.0,14.0,40.0,14.0,1.091751965297704,0.7018610185265937,1.2154317141171895,1.260093206430504,1.2037980138389481,3.1348637257574525,start,end,2.0,0.17830197899238162,,,,,,False
2187,6,bmeleton_final_refit_vertex,0.9988001938672966,-72.89904346998881,85.12353477570159,3,2,20,14,20,14,2.4535245501793725,False,31.812789429469323,0.15022495402185698,0.15022495402185698,0.08431394649057836,,,,,,,,bmeleton_final_refit,,,,,,,,,,,,,,,,,,,,,,,,,,1.0,10.431372925554914,2.0,0.08431394649057836,,False
2192,0,bmeleton_merged_intersection,-8.62106200454043,-69.03737293352255,42.27871347452076,1,0,48,30,48,30,2.427172317299433,False,27.882693811694466,0.11609307204336305,0.11609307204336305,0.14828733434713084,,,,,,,,bmeleton_merged,0.11609307204336317,1.0,,,,,,,,,,,,,,,,,,,,,,,,,,,,,False
2192,1,bmeleton_merged_pivot_refit_both,-8.577951216501912,-68.7999750082388,42.02530539756755,1,0,48,30,48,30,2.0421867100575892,False,152.11405260883728,1.8838803699812012,0.11611963001879877,1.3725212152431607,,,,,,,,bmeleton_merged,,,0.34990279855904366,True,True,ok,ok,48.0,17.0,48.0,17.0,48.0,17.0,48.0,17.0,0.5546868425186668,0.7877449044671962,0.7880375378055761,0.9676605614308444,0.3567456289005147,1.329502335267865,end,start,0.0,2.427172317299433,,,,,,False
2192,2,bmeleton_final_refit_vertex,-8.969412238163118,-68.20900899495744,41.0902289874587,2,0,48,8,48,8,1.0192408859660012,False,28.56673420217716,0.12173924517701207,0.12173924517701207,0.0990819400667335,,,,,,,,bmeleton_final_refit,,,,,,,,,,,,,,,,,,,,,,,,,,1.0,47.210841248554495,2.0,0.0990819400667335,,False
2193,0,bmeleton_merged_intersection,-5.143290258888053,-84.76038938091571,113.97544184485265,0,1,63,22,63,22,1.5050413871999408,False,4.0292551046924485,0.0024716972851925867,0.0024716972851925867,0.003536444447679901,,,,,,,,bmeleton_merged,0.0024716972851926977,1.0,,,,,,,,,,,,,,,,,,,,,,,,,,,,,False
2193,1,bmeleton_final_refit_vertex,-7.059331922872337,-81.90394687941077,76.81234408286986,2,0,22,7,22,7,3.9996192018625285,False,22.272980268396786,0.07461143931977843,0.07461143931977843,0.025720633047020443,,,,,,,,bmeleton_final_refit,,,,,,,,,,,,,,,,,,,,,,,,,,1.0,67.23558178405952,2.0,0.025720633047020443,,False
2204,0,bmeleton_merged_intersection,-0.02965753232897328,-74.57242299070018,121.6807767454382,0,1,85,41,85,41,0.020838976216280326,False,21.11854987298725,0.0671630653237324,0.0671630653237324,0.19742203112348203,,,,,,,,bmeleton_merged,0.0671630653237324,1.0,,,,,,,,,,,,,,,,,,,,,,,,,,,,,False
2204,1,bmeleton_merged_pivot_refit_both,0.027539683524032466,-74.55202754736587,120.14402265368881,0,1,85,41,85,41,0.12513588244474536,False,159.17708949666317,1.9346836072749476,0.06531639272505241,3.035712463089477,,,,,,,,bmeleton_merged,,,1.5379533913999546,True,True,ok,ok,62.0,41.0,62.0,41.0,62.0,41.0,62.0,41.0,1.3114470033477115,0.9082136860218435,2.163529171952729,1.4392482373498532,0.024000157329290023,0.2964159846889239,start,end,0.0,0.020838976216280326,,,,,,False
2204,2,bmeleton_final_refit_vertex,-0.839784343613323,-74.5205557359249,119.38377417708004,2,1,41,18,41,18,0.38302668386180344,False,21.328635250682616,0.06849043424994727,0.06849043424994727,0.0864115065049164,,,,,,,,bmeleton_final_refit,,,,,,,,,,,,,,,,,,,,,,,,,,1.0,7.17371001705734,2.0,0.0864115065049164,,False
2216,0,bmeleton_merged_intersection,7.527659793691852,-72.92522357474104,52.572376074688925,0,2,29,22,29,22,2.4915543286501265,False,33.57052045144182,0.1667941411953906,0.1667941411953906,0.1405915458696134,,,,,,,,bmeleton_merged,0.1667941411953907,1.0,,,,,,,,,,,,,,,,,,,,,,,,,,,,,False
2216,1,bmeleton_merged_intersection,3.401709594551956,-73.30750649347763,60.443393899291394,2,1,22,72,22,72,0.8784882682110408,False,32.991281989208616,0.16124657058114555,0.16124657058114555,0.2729244402380866,,,,,,,,bmeleton_merged,0.16124657058114567,3.0,,,,,,,,,,,,,,,,,,,,,,,,,,,,,False
2216,2,bmeleton_merged_intersection,1.5043330073821326,-70.8191966714597,20.984342780530742,0,1,29,72,29,72,4.307155972572434,False,6.058107041873629,0.005584624558395035,0.005584624558395035,0.006854602035816643,,,,,,,,bmeleton_merged,0.005584624558395035,2.0,,,,,,,,,,,,,,,,,,,,,,,,,,,,,False
2216,3,bmeleton_merged_pivot_refit_both,2.8161091468660153,-73.0259385139114,61.59390550683587,2,1,22,72,22,72,0.6419129064456278,False,33.78272778242888,0.16884786924270334,0.16884786924270334,0.1490196478307681,,,,,,,,bmeleton_merged,,,1.3213195565575926,True,True,ok,ok,22.0,45.0,22.0,46.0,22.0,45.0,22.0,45.0,0.399351490622185,1.7673850955468775,0.7748353642923037,2.118624190170484,0.12817724022121763,0.8589863224318643,end,end,1.0,0.8784882682110408,,,,,,False
2216,4,bmeleton_merged_pivot_refit_both,7.787358075236746,-72.99338096765419,51.79440526374592,0,2,29,22,29,22,2.6080462380206373,False,145.9952718286947,1.8289914239277558,0.17100857607224407,1.0179347098293074,,,,,,,,bmeleton_merged,,,0.8229989127121632,True,True,ok,ok,29.0,22.0,29.0,22.0,29.0,22.0,29.0,22.0,1.2605282277633498,0.399351490622185,1.9504526036606114,0.7748353642923037,1.7669622811174,0.3912058252522153,start,end,0.0,2.4915543286501265,,,,,,False
2216,5,bmeleton_merged_pivot_refit_both,0.9762301404798501,-70.47823839971059,18.53810809033886,0,1,29,72,29,72,4.1551427083088095,False,6.221324684850452,0.0058893007270025555,0.0058893007270025555,0.002519383999694638,,,,,,,,bmeleton_merged,,,2.5257096706871756,True,True,ok,ok,11.0,68.0,12.0,69.0,11.0,68.0,11.0,68.0,0.7217684756629076,1.400449910849467,0.8389854369687517,1.901467126561448,4.198995678736989,1.426355377033686,end,end,2.0,4.307155972572434,,,,,,False
2216,6,bmeleton_final_refit_vertex,7.527659793691852,-72.92522357474104,52.572376074688925,0,2,29,22,29,22,2.49155432865014,False,33.57052045144182,0.1667941411953906,0.1667941411953906,0.14059154586961314,,,,,,,,bmeleton_final_refit,,,,,,,,,,,,,,,,,,,,,,,,,,1.0,3.0,2.0,0.14059154586961314,,False
2225,0,bmeleton_merged_intersection,-2.3010822042401613,-72.64916792972076,56.96811794201592,2,1,66,55,66,55,0.8402619591489701,False,30.560294848973736,0.13890542132218797,0.13890542132218797,0.35676162035314496,,,,,,,,bmeleton_merged,0.13890542132218797,1.0,,,,,,,,,,,,,,,,,,,,,,,,,,,,,False
2225,1,bmeleton_merged_intersection,-0.6802528747656735,-72.05346441643155,61.75270777147409,2,0,66,20,66,20,0.17989776691282042,False,17.661291107838636,0.04713333216293181,0.04713333216293181,0.08264830093236293,,,,,,,,bmeleton_merged,0.04713333216293181,2.0,,,,,,,,,,,,,,,,,,,,,,,,,,,,,False
2225,2,bmeleton_merged_intersection,-0.9513952722083887,-72.71980509617484,50.11219019685339,1,0,55,20,55,20,0.4640237063511021,False,12.960912692278885,0.02547669985486023,0.02547669985486023,0.03866045374988887,,,,,,,,bmeleton_merged,0.02547669985486023,3.0,,,,,,,,,,,,,,,,,,,,,,,,,,,,,False
2225,3,bmeleton_merged_pivot_refit_both,-2.1347431514851865,-72.63457817513944,55.12685957970194,2,1,66,55,66,55,1.0732021690584317,False,30.046663084518805,0.1343820956143097,0.1343820956143097,0.15219194807815462,,,,,,,,bmeleton_merged,,,1.8488141870402561,True,True,ok,ok,66.0,30.0,66.0,30.0,66.0,30.0,66.0,30.0,1.0600946371953768,1.2389799873095835,1.643777791893881,1.6335273159030193,0.31137755276847184,0.7702676808258545,end,end,0.0,0.8402619591489701,,,,,,False
2225,4,bmeleton_merged_pivot_refit_both,-2.099481609958088,-72.10866787755168,54.66891468462053,2,0,66,20,66,20,0.28576961210176066,False,161.1377014556426,1.9462982963615847,0.0537017036384152,2.1734905196442442,,,,,,,,bmeleton_merged,,,7.224775575910286,True,True,ok,ok,65.0,19.0,66.0,20.0,65.0,19.0,65.0,19.0,0.9934971582611416,0.6923901824408053,1.5971366598192407,1.1143151064942862,0.3577879131432002,1.5252950572742727,end,start,1.0,0.17989776691282042,,,,,,False
2225,5,bmeleton_merged_pivot_refit_both,-1.9930312890305828,-72.6846071252336,53.3401886169661,1,0,55,20,55,20,0.8054143505964939,False,168.97472082659024,1.9815429020615924,0.018457097938407552,1.4249787609009008,,,,,,,,bmeleton_merged,,,3.392081704344657,True,True,ok,ok,36.0,19.0,36.0,19.0,36.0,19.0,36.0,19.0,1.2467844972574298,0.6923901824408053,1.628145648336851,1.1143151064942862,0.5310681739043709,1.6603195114619722,end,start,2.0,0.4640237063511021,,,,,,False
2225,6,bmeleton_final_refit_vertex,-3.1576811970157146,-72.74908769426033,54.51755357029462,3,2,66,32,66,32,0.7649129224809181,False,27.89150097390194,0.11616496880295357,0.11616496880295357,0.23150980755300776,,,,,,,,bmeleton_final_refit,,,,,,,,,,,,,,,,,,,,,,,,,,1.0,10.614761802131428,2.0,0.23150980755300776,,False
2230,0,bmeleton_merged_intersection,3.9047693308831546,-75.2575729763509,59.970564078244244,1,2,29,79,29,79,0.3120683943564376,False,24.526322615126578,0.09022934198236365,0.09022934198236365,0.20325286939270998,,,,,,,,bmeleton_merged,0.09022934198236376,2.0,,,,,,,,,,,,,,,,,,,,,,,,,,,,,False
2230,1,bmeleton_merged_intersection,-1.8491720611542108,-75.65938409144837,76.91881637583379,0,2,59,79,59,79,0.7020792223387224,False,16.256473313751385,0.0399817670020115,0.0399817670020115,0.1051768103607991,,,,,,,,bmeleton_merged,0.039981767002011726,3.0,,,,,,,,,,,,,,,,,,,,,,,,,,,,,False
2230,2,bmeleton_merged_intersection,0.45555300535621995,-76.48848301001377,25.100341307474757,1,0,29,59,29,59,0.16015757090592914,False,8.349543464295905,0.010599405162308728,0.010599405162308728,0.021241419860914778,,,,,,,,bmeleton_merged,0.01059940516230884,1.0,,,,,,,,,,,,,,,,,,,,,,,,,,,,,False
2230,3,bmeleton_merged_pivot_refit_both,-1.6439646353938318,-75.72908484219128,75.55969234359355,0,2,59,79,59,79,0.7698089228793894,False,163.71294834879055,1.9598686957047966,0.040131304295203396,3.0734142335377754,,,,,,,,bmeleton_merged,,,1.3762944515089321,True,True,ok,ok,58.0,56.0,58.0,56.0,58.0,56.0,58.0,56.0,1.3792175181345194,0.8444688384672043,1.7687641362237099,1.2060810074686044,0.282695006845578,0.19956503736970452,start,end,1.0,0.7020792223387224,,,,,,False
2230,4,bmeleton_merged_pivot_refit_both,-0.18249437308639205,-76.5880950633281,19.095349481045044,1,0,29,59,29,59,0.3469362003527599,False,7.454351332107944,0.00845146053332646,0.00845146053332646,0.007066607566224608,,,,,,,,bmeleton_merged,,,6.039615373001053,True,True,ok,ok,26.0,28.0,26.0,36.0,26.0,36.0,26.0,28.0,0.8916113701790536,0.9941697265653782,1.484240707115355,1.5358890982567908,0.0549204072058614,0.9595744143710083,end,end,2.0,0.16015757090592914,,,,,,False
2230,5,bmeleton_final_refit_vertex,3.4711366628509195,-75.24585696638194,61.224700854001384,3,2,79,24,79,24,0.15276386184250845,False,25.633621222621397,0.09842117721065302,0.09842117721065302,0.20792537344816328,,,,,,,,bmeleton_final_refit,,,,,,,,,,,,,,,,,,,,,,,,,,1.0,0.5616648703138803,2.0,0.20792537344816328,,False
2232,0,bmeleton_merged_intersection,4.185974091643194,-70.32316810456408,58.42738863538263,1,0,92,52,92,52,0.34405123064970383,False,22.330552508722413,0.07499275505771075,0.07499275505771075,0.2104941134198114,,,,,,,,bmeleton_merged,0.07499275505771086,1.0,,,,,,,,,,,,,,,,,,,,,,,,,,,,,False
2232,1,bmeleton_merged_pivot_refit_both,4.443306153427781,-70.0970267653179,61.3972282578096,1,0,92,52,92,52,0.15906221179866026,False,157.82019824720447,1.9260037259459706,0.07399627405402942,2.597476117040542,,,,,,,,bmeleton_merged,,,2.9895329197511025,True,True,ok,ok,83.0,28.0,86.0,28.0,83.0,28.0,83.0,28.0,1.4383878224445639,1.3505440514818,1.9892822951681302,1.758830893956791,0.35108583872129984,0.4725233278948675,end,start,0.0,0.34405123064970383,,,,,,False
2232,2,bmeleton_final_refit_vertex,4.602343647768756,-69.84696481132436,61.64905266160517,2,0,86,22,86,22,0.21802630124242334,False,29.129816496211305,0.1264809822684877,0.1264809822684877,0.2635843012263766,,,,,,,,bmeleton_final_refit,,,,,,,,,,,,,,,,,,,,,,,,,,1.0,5.0,2.0,0.2635843012263766,,False
2243,0,bmeleton_merged_intersection,5.031806732039695,-72.50911228480491,95.2216197264318,0,1,127,28,127,28,0.4830959460470194,False,33.623624596793206,0.16730700836387735,0.16730700836387735,0.4548929152797138,,,,,,,,bmeleton_merged,0.16730700836387735,1.0,,,,,,,,,,,,,,,,,,,,,,,,,,,,,False
2243,1,bmeleton_merged_pivot_refit_both,4.16348493935512,-72.23669912445077,96.69237260903162,0,1,127,28,127,28,0.22538138745327393,False,146.96650602401877,1.8383520394879733,0.16164796051202668,2.898060935813703,,,,,,,,bmeleton_merged,,,1.7295391603721448,True,True,ok,ok,92.0,28.0,94.0,28.0,92.0,28.0,92.0,28.0,1.622312644128972,0.4358746731711522,2.026155430528632,0.6589471246951308,0.6048763059036082,0.07629020290485797,start,end,0.0,0.4830959460470194,,,,,,False
2243,2,bmeleton_final_refit_vertex,4.803211076713283,-72.34922825240164,95.60879600690623,2,0,28,23,28,23,0.2647902386966582,False,41.50117429823716,0.251057860011781,0.251057860011781,0.30253504693165295,,,,,,,,bmeleton_final_refit,,,,,,,,,,,,,,,,,,,,,,,,,,1.0,40.798807825534745,2.0,0.30253504693165295,,False
2252,0,bmeleton_merged_intersection,-3.3881645621082965,-70.86447022869652,70.76426844338557,0,1,106,24,106,24,2.093755954704055,False,9.47644814451821,0.013646637746576151,0.013646637746576151,0.024257608466177822,,,,,,,,bmeleton_merged,0.013646637746576373,1.0,,,,,,,,,,,,,,,,,,,,,,,,,,,,,False
2252,1,bmeleton_merged_pivot_refit_both,-3.473718991428293,-70.75221092006873,76.08148661571677,0,1,106,24,106,24,2.301517130937164,False,10.406243679245925,0.016448206696102807,0.016448206696102807,0.0070844063353413715,,,,,,,,bmeleton_merged,,,5.319091163433745,True,True,ok,ok,20.0,22.0,30.0,22.0,20.0,22.0,20.0,22.0,1.4387557973793124,0.9296622302758364,1.6663367047203443,1.1701256347000073,0.4510839094214111,1.4433908697280828,end,end,0.0,2.093755954704055,,,,,,False
2252,2,bmeleton_final_refit_vertex,-2.741735967031543,-71.15109206331275,82.26334166839717,0,2,34,22,34,22,2.1567959263088428,False,31.643858262078233,0.1486744114067734,0.1486744114067734,0.14203926025211197,,,,,,,,bmeleton_final_refit,,,,,,,,,,,,,,,,,,,,,,,,,,1.0,5.0,2.0,0.14203926025211197,,False
2261,0,bmeleton_merged_intersection,-2.090125100147264,-73.30797179362095,77.98134758221994,1,0,23,56,23,56,0.9736943554985072,False,12.421426746640043,0.023408093944059072,0.023408093944059072,0.03515774353755444,,,,,,,,bmeleton_merged,0.02340809394405896,1.0,,,,,,,,,,,,,,,,,,,,,,,,,,,,,False
2261,1,bmeleton_merged_pivot_refit_both,-2.1102974916777324,-73.21997126402093,78.13182631191508,1,0,23,56,23,56,0.8640999469924999,False,167.53902763433928,1.976443210780606,0.02355678921939386,1.5699903673343234,,,,,,,,bmeleton_merged,,,0.1754846622374886,True,True,ok,ok,23.0,28.0,23.0,28.0,23.0,28.0,23.0,28.0,0.6533448237700994,0.7281981513098312,1.0582525584425269,0.9682575135258101,0.21040873147187078,0.28279149633159645,end,start,0.0,0.9736943554985072,,,,,,False
2261,2,bmeleton_final_refit_vertex,-2.043018154873728,-73.11336828328545,77.37294357705214,2,1,23,22,23,22,0.6193612536155061,False,17.332062725794547,0.045405761000157696,0.045405761000157696,0.04544009946274696,,,,,,,,bmeleton_final_refit,,,,,,,,,,,,,,,,,,,,,,,,,,1.0,67.53336705374124,2.0,0.04544009946274696,,False
2277,0,bmeleton_merged_intersection,-7.526911508908768,-74.85457521656477,114.32517371433876,2,1,57,29,57,29,0.1595214365385137,False,38.069808468292905,0.21273994541424435,0.21273994541424435,0.4190984530055135,,,,,,,,bmeleton_merged,0.21273994541424435,2.0,,,,,,,,,,,,,,,,,,,,,,,,,,,,,False
2277,1,bmeleton_merged_intersection,-4.035997141253048,-74.91133690960623,119.83854891665167,2,0,57,46,57,46,0.9018499100570643,False,31.502515904717903,0.1473827798088586,0.1473827798088586,0.3196796088413763,,,,,,,,bmeleton_merged,0.14738277980885872,1.0,,,,,,,,,,,,,,,,,,,,,,,,,,,,,False
2277,2,bmeleton_merged_intersection,-4.393364853669482,-74.98579662222471,84.41501391675081,0,1,46,29,46,29,0.12029467187375005,False,6.658096952415833,0.0067442893822631245,0.0067442893822631245,0.0120270513392952,,,,,,,,bmeleton_merged,0.0067442893822632355,3.0,,,,,,,,,,,,,,,,,,,,,,,,,,,,,False
2277,3,bmeleton_merged_pivot_refit_both,-7.915781650985943,-74.78165145443532,114.91970316952896,2,1,57,29,57,29,0.04239735725435119,False,140.9664723143086,1.776777569949028,0.22322243005097198,1.6137118470116092,,,,,,,,bmeleton_merged,,,0.7141450381897146,True,True,ok,ok,44.0,17.0,44.0,17.0,44.0,17.0,44.0,17.0,0.614179232739397,1.2188631162087722,0.9515873018543817,1.6001797699916238,0.29647697995536737,0.6565181684872922,end,start,0.0,0.1595214365385137,,,,,,False
2277,4,bmeleton_merged_pivot_refit_both,-4.615754299896199,-74.85536700193114,120.03434433491003,2,0,57,46,57,46,0.7552106188647023,False,147.90707217175535,1.8471875068808457,0.15281249311915446,2.5708500618418295,,,,,,,,bmeleton_merged,,,0.6144809511889711,True,True,ok,ok,42.0,46.0,42.0,46.0,42.0,46.0,42.0,46.0,0.6466504385240821,0.7469903432437244,0.9676416856266795,0.99188005885027,0.34568158674611443,0.3505827958428675,end,start,1.0,0.9018499100570643,,,,,,False
2277,5,bmeleton_merged_pivot_refit_both,-5.043315408463942,-74.9781081918918,86.22419092566764,0,1,46,29,46,29,0.17286840514073895,False,174.35832144446115,1.9951561521393375,0.004843847860662498,2.1477104545812806,,,,,,,,bmeleton_merged,,,1.922398576058532,True,True,ok,ok,41.0,28.0,41.0,28.0,41.0,28.0,41.0,28.0,0.8220298613697399,1.1097569928173532,1.0178540084702696,1.4976767255653889,0.5039597042656254,0.5273262467853698,start,end,2.0,0.12029467187375005,,,,,,False
2277,6,bmeleton_final_refit_vertex,-8.245233703481615,-74.94861966386566,114.36655864947957,4,2,46,12,46,12,0.5768058648472164,False,36.05602238014444,0.19155811397953526,0.19155811397953526,0.20175512408493906,,,,,,,,bmeleton_final_refit,,,,,,,,,,,,,,,,,,,,,,,,,,1.0,5.0,2.0,0.20175512408493906,,False
2279,0,bmeleton_merged_intersection,2.046668626004942,-74.57455106462727,79.8848256436294,1,0,27,58,27,58,0.3888526964010924,False,11.465773348950316,0.019956374253494724,0.019956374253494724,0.03663711056090185,,,,,,,,bmeleton_merged,0.019956374253494946,1.0,,,,,,,,,,,,,,,,,,,,,,,,,,,,,False
2279,1,bmeleton_final_refit_vertex,3.0621351216001353,-75.81520467775584,86.9303303662652,2,1,27,14,27,14,0.9522513767195074,False,46.9518316817852,0.31738703507044586,0.31738703507044586,0.25917542940638605,,,,,,,,bmeleton_final_refit,,,,,,,,,,,,,,,,,,,,,,,,,,1.0,9.784756766691718,2.0,0.25917542940638605,,False
2281,0,bmeleton_merged_intersection,7.3480408979548795,-74.49896529980185,40.20496754621726,0,1,31,81,31,81,0.15727748897483956,False,14.256218441376694,0.03079581157882949,0.03079581157882949,0.07480567040440876,,,,,,,,bmeleton_merged,0.03079581157882949,1.0,,,,,,,,,,,,,,,,,,,,,,,,,,,,,False
2281,1,bmeleton_merged_pivot_refit_both,7.990333520626595,-74.08334647421272,42.60927765787452,0,1,31,81,31,81,1.074890721258974,False,14.966728146293867,0.033924039484116486,0.033924039484116486,0.018250374243376898,,,,,,,,bmeleton_merged,,,2.5230905521482874,True,True,ok,ok,9.0,51.0,15.0,55.0,9.0,55.0,9.0,51.0,0.8648113390421107,1.487640723900757,0.970619199991707,1.8255019924462104,0.18752177449133423,1.0908210012547335,end,end,0.0,0.15727748897483956,,,,,,False
2281,2,bmeleton_final_refit_vertex,7.116894647044375,-74.88661259005933,52.390631428901216,2,1,55,15,55,15,1.7550136452401042,False,35.088796641330255,0.18173786427911387,0.18173786427911387,0.19319068055011435,,,,,,,,bmeleton_final_refit,,,,,,,,,,,,,,,,,,,,,,,,,,1.0,5.0,2.0,0.19319068055011435,,False
2285,0,bmeleton_merged_intersection,-1.3387138234449796,-76.78414439570902,52.98955035688503,0,1,66,47,66,47,0.6301070625096921,False,32.313366407175806,0.15486284766963976,0.15486284766963976,0.38299357891565206,,,,,,,,bmeleton_merged,0.15486284766963987,1.0,,,,,,,,,,,,,,,,,,,,,,,,,,,,,False
2285,1,bmeleton_merged_pivot_refit_both,-0.3101885143698797,-76.96715476838952,57.22336449031023,0,1,66,47,66,47,0.5149966256867372,False,34.36429176947499,0.1745345597514676,0.1745345597514676,0.20978625155479258,,,,,,,,bmeleton_merged,,,4.3607957099946395,True,True,ok,ok,38.0,46.0,38.0,46.0,38.0,46.0,38.0,46.0,1.408496293428176,0.5858095438918738,1.8405107676597758,0.9749977630918784,1.8022357664219242,0.2850548460891491,end,end,0.0,0.6301070625096921,,,,,,False
2285,2,bmeleton_final_refit_vertex,0.4103976405968637,-77.14366133776029,56.82834130469149,2,0,47,41,47,41,0.6640548002135684,False,36.0549286040746,0.19154687821456584,0.19154687821456584,0.37113208187380253,,,,,,,,bmeleton_final_refit,,,,,,,,,,,,,,,,,,,,,,,,,,1.0,0.6884724667274579,2.0,0.37113208187380253,,False
2288,0,bmeleton_merged_intersection,-5.099822851191815,-79.37801980823005,66.38456905596897,0,1,119,25,119,25,3.2573942079166125,False,4.83217807382113,0.0035542924923676056,0.0035542924923676056,0.0058693990795057145,,,,,,,,bmeleton_merged,0.0035542924923677166,1.0,,,,,,,,,,,,,,,,,,,,,,,,,,,,,False
2288,1,bmeleton_merged_pivot_refit_both,-5.216101284333048,-79.73522008667294,88.15253121063739,0,1,119,25,119,25,3.412701769104937,False,7.01140736052679,0.007478131729207305,0.007478131729207305,0.0031768469866528793,,,,,,,,bmeleton_merged,,,21.77120320698905,True,True,ok,ok,39.0,21.0,51.0,21.0,39.0,21.0,39.0,21.0,1.886427722168226,1.505909069008527,2.104154898998968,2.014994638459931,0.5872650760598815,2.742019420122789,end,end,0.0,3.2573942079166125,,,,,,False
2288,2,bmeleton_final_refit_vertex,-5.432523918605869,-79.49390205043855,84.82405820393653,0,3,53,21,53,21,3.0680316173905307,False,23.41493148808037,0.08234890366079484,0.08234890366079484,0.08512905668338788,,,,,,,,bmeleton_final_refit,,,,,,,,,,,,,,,,,,,,,,,,,,1.0,5.0,2.0,0.08512905668338788,,False
2291,0,bmeleton_merged_intersection,-4.420541744919886,-72.4035107750826,60.837948262019665,0,1,78,35,78,35,2.7046638908988423,False,5.845048216630648,0.00519905314015956,0.00519905314015956,0.008814382461085728,,,,,,,,bmeleton_merged,0.005199053140159671,1.0,,,,,,,,,,,,,,,,,,,,,,,,,,,,,False
2291,1,bmeleton_merged_pivot_refit_both,-4.496148764619868,-72.41682711116553,60.72188098758074,0,1,78,35,78,35,2.810097428109376,False,5.871296519054752,0.005245811703074144,0.005245811703074144,0.0030757584727437617,,,,,,,,bmeleton_merged,,,0.13915947122013697,True,True,ok,ok,24.0,35.0,45.0,35.0,24.0,35.0,24.0,35.0,0.8019730971905368,1.2815101781994631,1.2685835064205775,1.4764131799730893,0.5277130396677666,1.0874243704011193,end,end,0.0,2.7046638908988423,,,,,,False
2291,2,bmeleton_final_refit_vertex,-2.5140744459945177,-73.35572994532244,77.25268136976726,1,2,48,35,48,35,1.4521850452465235,False,28.7305689919073,0.12311017455397744,0.12311017455397744,0.19551576537202361,,,,,,,,bmeleton_final_refit,,,,,,,,,,,,,,,,,,,,,,,,,,1.0,10.991379823039095,2.0,0.19551576537202361,,False
2303,0,bmeleton_merged_intersection,-1.4207851245472254,-65.26116502122392,95.38859735276523,0,1,101,26,101,26,0.1607939515956534,False,37.028272740657194,0.20166155424801602,0.20166155424801602,0.5006035899523308,,,,,,,,bmeleton_merged,0.20166155424801613,1.0,,,,,,,,,,,,,,,,,,,,,,,,,,,,,False
2303,1,bmeleton_merged_pivot_refit_both,-0.041427049644076064,-65.54159272063524,99.01405133106115,0,1,101,26,101,26,0.11926693883433985,False,143.7046516255744,1.805976342882035,0.194023657117965,2.371236363666167,,,,,,,,bmeleton_merged,,,3.8891110735153065,True,True,ok,ok,61.0,24.0,64.0,24.0,61.0,24.0,61.0,24.0,1.0642388094893793,0.43897395691114327,1.6526403252707387,0.8087847867554585,1.0417077770472245,0.3338308469475499,start,end,0.0,0.1607939515956534,,,,,,False
2303,2,bmeleton_final_refit_vertex,0.8788670104661351,-66.10146483018403,99.17444256341102,1,2,36,26,36,26,0.13532868295902906,False,47.20451813748548,0.32061655712839343,0.32061655712839343,0.47752447275778115,,,,,,,,bmeleton_final_refit,,,,,,,,,,,,,,,,,,,,,,,,,,1.0,1.9995089323840607,2.0,0.47752447275778115,,False
2307,0,bmeleton_merged_intersection,-4.96376228138733,-62.5671460234782,97.36321817775357,0,1,77,62,77,62,0.03957115523963923,False,27.086618284308805,0.10968082487940711,0.10968082487940711,0.3264588042338841,,,,,,,,bmeleton_merged,0.10968082487940722,1.0,,,,,,,,,,,,,,,,,,,,,,,,,,,,,False
2307,1,bmeleton_merged_pivot_refit_both,-3.0220891662756575,-62.29624195407712,102.2930287078012,0,1,77,62,77,62,0.03637204148239084,False,154.17906552534265,1.9001596885249086,0.09984031147509154,3.3812132179183263,,,,,,,,bmeleton_merged,,,5.305328958974557,True,True,ok,ok,52.0,58.0,52.0,58.0,52.0,58.0,52.0,58.0,1.0453737625849733,0.8675383189073538,1.4336135578786802,1.041027003820263,1.3657241855013165,0.0889948811772054,start,end,0.0,0.03957115523963923,,,,,,False
2307,2,bmeleton_final_refit_vertex,-4.3029977004217255,-62.48331072037972,98.87024015825345,2,0,62,22,62,22,0.04650920507217154,False,30.802571578372635,0.14106308570327497,0.14106308570327497,0.25808900524232103,,,,,,,,bmeleton_final_refit,,,,,,,,,,,,,,,,,,,,,,,,,,1.0,2.2471049753020322,2.0,0.25808900524232103,,False
2308,0,bmeleton_merged_intersection,-0.45377982869987976,-82.24361846517574,53.735871891234666,1,0,84,33,84,33,0.17590392153110576,False,6.278325530009655,0.005997604178235139,0.005997604178235139,0.015252049846238026,,,,,,,,bmeleton_merged,0.005997604178235139,1.0,,,,,,,,,,,,,,,,,,,,,,,,,,,,,False
2308,1,bmeleton_final_refit_vertex,-0.6489647646862294,-81.58191632496987,74.88304108873774,2,0,45,17,45,17,1.1426226736676068,False,19.044818459621865,0.054736382723458266,0.054736382723458266,0.061615926220771486,,,,,,,,bmeleton_final_refit,,,,,,,,,,,,,,,,,,,,,,,,,,1.0,5.0,2.0,0.061615926220771486,,False
2312,0,bmeleton_merged_intersection,4.675468504814821,-67.28615462625714,58.672329746736715,1,0,40,107,40,107,0.8306248754209065,False,32.3496404972536,0.15520144155621862,0.15520144155621862,0.3992748072607264,,,,,,,,bmeleton_merged,0.15520144155621862,1.0,,,,,,,,,,,,,,,,,,,,,,,,,,,,,False
2312,1,bmeleton_merged_pivot_refit_both,5.1088809591479984,-67.36997997650728,59.67388792875994,1,0,40,107,40,107,0.8695961265579202,False,32.933529952116295,0.16069814928654347,0.16069814928654347,0.18311653876843437,,,,,,,,bmeleton_merged,,,1.0945281343544044,True,True,ok,ok,37.0,45.0,38.0,46.0,37.0,46.0,37.0,45.0,0.5979071588765562,1.3742745165282548,0.9612939921393168,2.003715331864182,0.14914287939288043,0.7118753274285062,end,end,0.0,0.8306248754209065,,,,,,False
2312,2,bmeleton_final_refit_vertex,6.300823493458106,-67.67141434330756,62.376977445389166,0,2,48,40,48,40,0.7600245753439476,False,37.48070129885414,0.20644165811445647,0.20644165811445647,0.39261205044877895,,,,,,,,bmeleton_final_refit,,,,,,,,,,,,,,,,,,,,,,,,,,1.0,2.90057429008134,2.0,0.39261205044877895,,False
2324,0,bmeleton_merged_intersection,1.6836109902931042,-65.84782658845045,60.33357211677102,1,2,43,31,43,31,0.36407342195357545,False,36.86132791197927,0.1999102669056414,0.1999102669056414,0.3401695759704738,,,,,,,,bmeleton_merged,0.1999102669056414,1.0,,,,,,,,,,,,,,,,,,,,,,,,,,,,,False
2324,1,bmeleton_merged_intersection,3.966621801741015,-65.54018744405255,65.06820280237336,2,0,31,72,31,72,1.0607066213255436,False,24.219203389780386,0.08801732583543886,0.08801732583543886,0.17152681031592268,,,,,,,,bmeleton_merged,0.08801732583543898,3.0,,,,,,,,,,,,,,,,,,,,,,,,,,,,,False
2324,2,bmeleton_merged_intersection,3.660439638615798,-66.05496669297062,50.815454424449904,1,0,43,72,43,72,0.7714992128283926,False,12.647377226395925,0.024263951837185438,0.024263951837185438,0.05848080998547049,,,,,,,,bmeleton_merged,0.02426395183718555,2.0,,,,,,,,,,,,,,,,,,,,,,,,,,,,,False
2324,3,bmeleton_merged_pivot_refit_both,1.793957105442197,-65.8721086663545,60.71131846438994,1,2,43,31,43,31,0.21773618876993736,False,37.06504509174891,0.20204821555941077,0.20204821555941077,0.230862015170049,,,,,,,,bmeleton_merged,,,0.39428186310717783,True,True,ok,ok,39.0,31.0,39.0,31.0,39.0,31.0,39.0,31.0,1.3913826083579535,0.3987973969408459,1.8209619274436395,0.4661882241908028,0.26124330033686016,0.02914901702794993,end,end,0.0,0.36407342195357545,,,,,,False
2324,4,bmeleton_merged_pivot_refit_both,4.34826239877665,-65.39356592635413,66.07124337762241,2,0,31,72,31,72,0.7506262510749917,False,156.14977408715865,1.91460556549588,0.08539443450411999,2.3663923066062784,,,,,,,,bmeleton_merged,,,1.0831610269732934,True,True,ok,ok,31.0,56.0,31.0,57.0,31.0,56.0,31.0,56.0,0.3987973969408459,1.3696246931465215,0.4661882241908028,1.956018838553281,0.13611833527491746,0.5133856136474112,end,start,1.0,1.0607066213255436,,,,,,False
2324,5,bmeleton_merged_pivot_refit_both,3.9325148184197265,-65.97306155160597,47.523433459018186,1,0,43,72,43,72,0.8615984420379501,False,167.0783267178233,1.974676675603547,0.025323324396453017,2.0917561424709388,,,,,,,,bmeleton_merged,,,3.304260188376406,True,True,ok,ok,43.0,44.0,43.0,44.0,43.0,44.0,43.0,44.0,1.3354853866062892,1.4496576757480053,1.781498617754575,2.002814804385708,0.5470251808655384,0.7511087789299041,end,start,2.0,0.7714992128283926,,,,,,False
2324,6,bmeleton_final_refit_vertex,2.281063471388768,-65.71301894616292,61.59908478731431,1,2,40,31,40,31,0.4420726729564045,False,38.57386641933456,0.21819504677842994,0.21819504677842994,0.3529648040019579,,,,,,,,bmeleton_final_refit,,,,,,,,,,,,,,,,,,,,,,,,,,1.0,30.413930276007136,2.0,0.3529648040019579,,False
2330,0,bmeleton_merged_intersection,4.975270408102237,-66.2726635886741,51.24320273514704,1,0,64,28,64,28,0.12648531226898693,False,7.350725031352455,0.008218438801538164,0.008218438801538164,0.0169659670589789,,,,,,,,bmeleton_merged,0.008218438801538275,1.0,,,,,,,,,,,,,,,,,,,,,,,,,,,,,False
2330,1,bmeleton_final_refit_vertex,4.017527196881251,-66.36425750969946,52.83032190022058,2,1,25,14,25,14,2.128370177706682,False,30.308376802133036,0.1366782219607987,0.1366782219607987,0.08967742030466457,,,,,,,,bmeleton_final_refit,,,,,,,,,,,,,,,,,,,,,,,,,,1.0,5.0,2.0,0.08967742030466457,,False
2339,0,bmeleton_merged_intersection,7.549219484033465,-65.85398038937774,103.30832965778502,0,1,122,8,122,8,0.6416518816986942,False,22.74986221608584,0.07779809837628437,0.07779809837628437,0.10770295391685435,,,,,,,,bmeleton_merged,0.0777980983762846,1.0,,,,,,,,,,,,,,,,,,,,,,,,,,,,,False
2339,1,bmeleton_merged_pivot_refit_both,7.620649059202102,-65.92067294723435,103.26792662453511,0,1,122,8,122,8,0.4984059961728395,False,157.2254093471461,1.922034915090714,0.077965084909286,1.613127436562782,,,,,,,,bmeleton_merged,,,0.10574727692959006,True,True,ok,ok,103.0,8.0,103.0,8.0,103.0,8.0,103.0,8.0,1.719397938908224,0.4619815759945758,2.0072526506039527,0.6092557625386716,0.09960493773499822,0.15299888944053835,start,end,0.0,0.6416518816986942,,,,,,False
2339,2,bmeleton_final_refit_vertex,10.035879550303934,-65.62080679138579,97.65608120375771,0,2,10,8,10,8,0.698114464722159,False,17.74446463925345,0.0475747517790438,0.0475747517790438,0.018669400140912774,,,,,,,,bmeleton_final_refit,,,,,,,,,,,,,,,,,,,,,,,,,,1.0,73.65220513092105,2.0,0.018669400140912774,,False
2341,0,bmeleton_merged_intersection,0.6609047168990098,-70.51078551237444,95.41947273468206,1,0,48,142,48,142,0.23687885572631148,False,34.734716605579464,0.1782010471890968,0.1782010471890968,0.5104215280660196,,,,,,,,bmeleton_merged,0.1782010471890968,1.0,,,,,,,,,,,,,,,,,,,,,,,,,,,,,False
2341,1,bmeleton_merged_pivot_refit_both,0.017888981538869066,-70.55842187653731,96.58641469429082,1,0,48,142,48,142,0.05488504029504446,False,145.65184179230113,1.825624348231207,0.1743756517687931,3.316927724091066,,,,,,,,bmeleton_merged,,,1.3332261609370486,True,True,ok,ok,47.0,94.0,47.0,94.0,47.0,94.0,47.0,94.0,0.8071401794234148,1.6489063842970202,0.9642091726011192,1.9149535242866558,0.05442998417357018,0.4226071693266901,end,start,0.0,0.23687885572631148,,,,,,False
2341,2,bmeleton_final_refit_vertex,-0.0895248281305534,-70.70861624363442,96.54677287524822,2,1,48,41,48,41,0.42133162398313967,False,47.19540833293232,0.32049989702291004,0.32049989702291004,0.6556536391369991,,,,,,,,bmeleton_final_refit,,,,,,,,,,,,,,,,,,,,,,,,,,1.0,3.264650304519513,2.0,0.6556536391369991,,False
2345,0,bmeleton_merged_intersection,-4.541710239386973,-68.34358529763469,86.39230086425798,0,1,93,17,93,17,1.5057578519100938,False,10.268761356326753,0.016017622266425002,0.016017622266425002,0.024474064307074,,,,,,,,bmeleton_merged,0.016017622266425113,1.0,,,,,,,,,,,,,,,,,,,,,,,,,,,,,False
2345,1,bmeleton_merged_pivot_refit_both,-4.589469917689113,-68.19670082408845,86.9868945074283,0,1,93,17,93,17,1.3157472939099242,False,169.76123439091248,1.9840755693860341,0.015924430613965757,1.6789650899314938,,,,,,,,bmeleton_merged,,,0.6143269780329054,True,True,ok,ok,55.0,17.0,55.0,17.0,55.0,17.0,55.0,17.0,1.1231691813945772,0.49665663121143894,1.8052600019076237,0.6764178610482517,0.39260035820849803,0.3299285954129526,start,end,0.0,1.5057578519100938,,,,,,False
2345,2,bmeleton_final_refit_vertex,-4.50126098101601,-67.80509358597126,86.44918942948388,0,2,30,17,30,17,0.44668264041095207,False,15.412615006936951,0.03596308752824773,0.03596308752824773,0.03727777610548278,,,,,,,,bmeleton_final_refit,,,,,,,,,,,,,,,,,,,,,,,,,,1.0,79.44091307976461,2.0,0.03727777610548278,,False
2353,0,bmeleton_merged_intersection,-1.822861491058708,-80.40407526808409,49.21793903707892,0,1,90,22,90,22,0.3282353119468713,False,32.47321595626342,0.15635747503487252,0.15635747503487252,0.32644337249888383,,,,,,,,bmeleton_merged,0.15635747503487252,1.0,,,,,,,,,,,,,,,,,,,,,,,,,,,,,False
2353,1,bmeleton_merged_pivot_refit_both,-1.9604583813381553,-80.47860176038219,49.72851392523984,0,1,90,22,90,22,0.25697535292913004,False,32.43347195594623,0.15598524634200972,0.15598524634200972,0.11917432611828566,,,,,,,,bmeleton_merged,,,0.5340166839054441,True,True,ok,ok,34.0,20.0,40.0,20.0,36.0,20.0,34.0,20.0,1.9246916284740583,0.5175974753518531,2.4610345532730435,0.7626707356567494,0.1953143061029272,0.11712840624351356,end,end,0.0,0.3282353119468713,,,,,,False
2353,2,bmeleton_final_refit_vertex,-0.11875437239434694,-79.21858323814627,53.22593693623794,0,2,43,22,43,22,0.7006079563616981,False,40.991617496965475,0.24519444492448395,0.24519444492448395,0.3307310951247242,,,,,,,,bmeleton_final_refit,,,,,,,,,,,,,,,,,,,,,,,,,,1.0,1.969817947278276,2.0,0.3307310951247242,,False
2358,0,bmeleton_merged_intersection,-2.0651402043646883,-72.49402981326597,53.887096262920835,0,1,81,29,81,29,0.22735832807066259,False,27.44403347201584,0.11253855392862966,0.11253855392862966,0.26085584717192617,,,,,,,,bmeleton_merged,0.11253855392862977,1.0,,,,,,,,,,,,,,,,,,,,,,,,,,,,,False
2358,1,bmeleton_merged_pivot_refit_both,-1.7118614878542164,-72.64186840306182,48.67005990630075,0,1,81,29,81,29,0.8253060336272278,False,25.765765285004804,0.09942133504833217,0.09942133504833217,0.03462092020087028,,,,,,,,bmeleton_merged,,,5.231073546268288,True,True,ok,ok,9.0,28.0,30.0,28.0,10.0,28.0,9.0,28.0,2.0665145687595263,1.4185861926322936,2.4674021539366833,1.8414834917551124,0.35588623493527966,1.4641927125857706,end,end,0.0,0.22735832807066259,,,,,,False
2358,2,bmeleton_final_refit_vertex,1.1842968618550116,-70.97388127096121,68.9313156047203,1,2,34,29,34,29,0.08224825875399935,False,32.69801291521906,0.15847048239332995,0.15847048239332995,0.2447772043685938,,,,,,,,bmeleton_final_refit,,,,,,,,,,,,,,,,,,,,,,,,,,1.0,2.7423088772313164,2.0,0.2447772043685938,,False
2361,0,bmeleton_merged_intersection,-4.285353858280638,-67.33763101302691,19.968183580873767,0,1,66,48,66,48,1.1370275773245264,False,39.44481973783726,0.22776318208719037,0.22776318208719037,0.5222254610928561,,,,,,,,bmeleton_merged,0.22776318208719037,1.0,,,,,,,,,,,,,,,,,,,,,,,,,,,,,False
2361,1,bmeleton_merged_pivot_refit_both,-4.549639246974606,-67.26789928281275,20.947840680040525,0,1,66,48,66,48,1.2875559448760865,False,39.89241042654652,0.23274988654367745,0.23274988654367745,0.28648755278196375,,,,,,,,bmeleton_merged,,,1.0170729142119599,True,True,ok,ok,53.0,47.0,53.0,47.0,53.0,47.0,53.0,47.0,1.5134641389739718,0.8081625070201344,1.834564490419117,1.329201652170926,0.6043202372313875,0.2012893605646414,end,end,0.0,1.1370275773245264,,,,,,False
2361,2,bmeleton_final_refit_vertex,-4.575201833624442,-67.22649763345089,21.21469161369894,1,2,54,47,54,47,1.3755540622110456,False,40.35403476241812,0.2379419868010182,0.2379419868010182,0.4700444924693196,,,,,,,,bmeleton_final_refit,,,,,,,,,,,,,,,,,,,,,,,,,,1.0,5.0,2.0,0.4700444924693196,,False
2363,0,bmeleton_merged_intersection,-1.2019344205962788,-69.22180961917314,39.40599782563192,0,1,19,46,19,46,1.2546875761121232,False,13.730818323885018,0.028578411330022035,0.028578411330022035,0.0337697765002844,,,,,,,,bmeleton_merged,0.028578411330022035,1.0,,,,,,,,,,,,,,,,,,,,,,,,,,,,,False
2363,1,bmeleton_final_refit_vertex,-1.6135015948994185,-68.30539840068462,40.51647798000988,3,1,35,9,35,9,3.0018847794248904,False,31.28795206386732,0.14543194627783929,0.14543194627783929,0.08064228187246456,,,,,,,,bmeleton_final_refit,,,,,,,,,,,,,,,,,,,,,,,,,,1.0,5.0,2.0,0.08064228187246456,,False
2385,0,bmeleton_merged_intersection,-3.595763326073545,-73.16270398332969,54.9871179059891,0,1,43,105,43,105,0.532374477026921,False,5.8229631384931055,0.005159872654856401,0.005159872654856401,0.01399003088895014,,,,,,,,bmeleton_merged,0.005159872654856401,1.0,,,,,,,,,,,,,,,,,,,,,,,,,,,,,False
2385,1,bmeleton_merged_pivot_refit_both,-3.971561181225068,-73.33460261877076,35.31516206218139,0,1,43,105,43,105,0.9252430454335665,False,4.645428333404608,0.003285022490434608,0.003285022490434608,0.002581396927311605,,,,,,,,bmeleton_merged,,,19.676295888442095,True,True,ok,ok,27.0,38.0,27.0,61.0,27.0,44.0,27.0,38.0,1.3953402739667589,1.246336022999022,1.8630620492029473,1.411785001523703,1.2715451824509894,0.16021229931039394,end,end,0.0,0.532374477026921,,,,,,False
2385,2,bmeleton_final_refit_vertex,-5.282358884707332,-72.52072261767074,73.59412778650558,2,1,61,27,61,27,1.298324248797979,False,18.36683321173543,0.050941427695256336,0.050941427695256336,0.08206026319556635,,,,,,,,bmeleton_final_refit,,,,,,,,,,,,,,,,,,,,,,,,,,1.0,5.0,2.0,0.08206026319556635,,False
2387,0,bmeleton_merged_intersection,-1.9919550285692402,-76.09777306248918,109.03248742296785,2,1,37,33,37,33,0.8638921184787194,False,41.1111849083619,0.24656495056377792,0.24656495056377792,0.3673188451253593,,,,,,,,bmeleton_merged,0.24656495056377803,3.0,,,,,,,,,,,,,,,,,,,,,,,,,,,,,False
2387,1,bmeleton_merged_intersection,-2.6373189336192553,-75.8463026943002,110.17888107658379,0,2,106,37,106,37,0.552972771328533,False,30.354972148973623,0.13708891321597239,0.13708891321597239,0.37031222426606897,,,,,,,,bmeleton_merged,0.1370889132159725,1.0,,,,,,,,,,,,,,,,,,,,,,,,,,,,,False
2387,2,bmeleton_merged_intersection,-2.691018830401455,-76.21000743184328,105.54926180427633,0,1,106,33,106,33,0.3608519543381977,False,10.778847426803004,0.017643638396098504,0.017643638396098504,0.048663601350360526,,,,,,,,bmeleton_merged,0.017643638396098504,2.0,,,,,,,,,,,,,,,,,,,,,,,,,,,,,False
2387,3,bmeleton_merged_pivot_refit_both,-2.966730523420521,-75.66352839886079,110.8710831944667,0,2,106,37,106,37,0.3562221591758636,False,149.8201359317669,1.8644515290558348,0.13554847094416522,3.1233372579413743,,,,,,,,bmeleton_merged,,,0.7880750031376225,True,True,ok,ok,90.0,36.0,91.0,36.0,90.0,36.0,90.0,36.0,1.6163645712551284,0.6732916954968584,2.010913386889594,0.9884638449215681,0.20194225105731134,0.14208219657109275,start,end,1.0,0.552972771328533,,,,,,False
2387,4,bmeleton_merged_pivot_refit_both,-1.4671524607901123,-76.45412326415504,108.1635298663802,2,1,37,33,37,33,1.490006327836689,False,40.11139160212564,0.23520667948042373,0.23520667948042373,0.16812638392310117,,,,,,,,bmeleton_merged,,,1.0758672950348651,True,True,ok,ok,36.0,23.0,36.0,23.0,36.0,23.0,36.0,23.0,0.6732916954968584,1.2377783721991888,0.9884638449215681,1.500427929963575,0.20936756187706804,1.7643765648805605,end,end,0.0,0.8638921184787194,,,,,,False
2387,5,bmeleton_merged_pivot_refit_both,-2.9266206707528193,-76.33496136444299,100.0873612684538,0,1,106,33,106,33,1.3650629592002526,False,170.00927712035752,1.9848358565724094,0.015164143427590537,1.949359920580716,,,,,,,,bmeleton_merged,,,5.468407371042088,True,True,ok,ok,87.0,23.0,87.0,23.0,87.0,23.0,87.0,23.0,1.6101988135550425,1.2377783721991888,2.032342399829167,1.500427929963575,0.3147139468772548,1.4828616027613335,start,end,2.0,0.3608519543381977,,,,,,False
2387,6,bmeleton_final_refit_vertex,-1.401119025786374,-76.81052296209656,107.98301649456266,3,2,37,23,37,23,2.1065534899511484,False,39.631076836878414,0.2298326049355338,0.2298326049355338,0.23586168610972522,,,,,,,,bmeleton_final_refit,,,,,,,,,,,,,,,,,,,,,,,,,,1.0,3.634676020739818,2.0,0.23586168610972522,,False
2402,0,bmeleton_merged_intersection,-1.6243669892571435,-76.2690613681068,49.95295599976006,1,0,53,27,53,27,0.16345821102662217,False,10.673014190678078,0.01729986510102377,0.01729986510102377,0.031685595644931674,,,,,,,,bmeleton_merged,0.01729986510102388,1.0,,,,,,,,,,,,,,,,,,,,,,,,,,,,,False
2402,1,bmeleton_final_refit_vertex,-3.572418692141505,-76.0377505745675,56.63653064589284,3,0,48,7,48,7,2.9415540605336727,False,26.74159124450631,0.10695500954740911,0.10695500954740911,0.06171706739887005,,,,,,,,bmeleton_final_refit,,,,,,,,,,,,,,,,,,,,,,,,,,1.0,5.0,2.0,0.06171706739887005,,False
2426,0,bmeleton_merged_intersection,-0.7746298681032378,-66.94184220892525,52.16059521451291,1,0,7,54,7,54,2.55580044885232,False,18.55818514156236,0.0519990636878116,0.0519990636878116,0.0334503720620252,,,,,,,,bmeleton_merged,0.05199906368781171,1.0,,,,,,,,,,,,,,,,,,,,,,,,,,,,,False
2426,1,bmeleton_final_refit_vertex,-2.217819024617929,-66.19572365484727,50.48608376798019,0,2,25,7,25,7,0.5545022469359553,False,18.91293532010145,0.05398779415040411,0.05398779415040411,0.03214470685328086,,,,,,,,bmeleton_final_refit,,,,,,,,,,,,,,,,,,,,,,,,,,1.0,90.81731150249425,2.0,0.03214470685328086,,False
2436,0,bmeleton_merged_intersection,-0.005814664211294299,-67.61421125082106,59.501406303165325,1,0,41,117,41,117,0.13918808344661043,False,6.5508722404074975,0.006529047734605942,0.006529047734605942,0.01905665144549609,,,,,,,,bmeleton_merged,0.006529047734606053,1.0,,,,,,,,,,,,,,,,,,,,,,,,,,,,,False
2436,1,bmeleton_merged_pivot_refit_both,-0.38374340792452655,-67.23581616365104,52.91365580935005,1,0,41,117,41,117,0.9040036202481246,False,6.0796324474499075,0.005624343850484714,0.005624343850484714,0.0035167212948136717,,,,,,,,bmeleton_merged,,,6.609422784637287,True,True,ok,ok,14.0,46.0,25.0,69.0,14.0,58.0,14.0,46.0,1.2533569907427298,1.4945362227938406,1.6122933433792326,1.7840759705803837,0.05132723527726296,0.6981480964865244,end,end,0.0,0.13918808344661043,,,,,,False
2436,2,bmeleton_final_refit_vertex,-1.8083084114492545,-68.69707638211526,91.98941918879686,0,3,73,25,73,25,0.6392162319482126,False,37.080511474566094,0.20221094279411833,0.20221094279411833,0.38296346990321484,,,,,,,,bmeleton_final_refit,,,,,,,,,,,,,,,,,,,,,,,,,,1.0,5.0,2.0,0.38296346990321484,,False
2468,0,bmeleton_merged_intersection,2.936419549380889,-67.95027157585632,104.80881879447588,0,1,70,13,70,13,2.001565506553539,False,5.309226495242232,0.004290189412670675,0.004290189412670675,0.004621064338659692,,,,,,,,bmeleton_merged,0.004290189412670675,1.0,,,,,,,,,,,,,,,,,,,,,,,,,,,,,False
2468,1,bmeleton_final_refit_vertex,6.375389116383488,-66.91056770476943,106.35452545092522,1,2,12,2,12,2,5.133022346457619,False,52.942178402599346,0.3973793186500931,0.3973793186500931,0.04802992294632863,,,,,,,,bmeleton_final_refit,,,,,,,,,,,,,,,,,,,,,,,,,,1.0,5.0,2.0,0.04802992294632863,,False
2470,0,bmeleton_merged_intersection,-1.1629283857714194,-73.69551909561326,82.2093769647114,0,1,114,27,114,27,2.1481001976944496,False,11.23222265450386,0.01915423550689721,0.01915423550689721,0.03716622979476068,,,,,,,,bmeleton_merged,0.019154235506897543,1.0,,,,,,,,,,,,,,,,,,,,,,,,,,,,,False
2470,1,bmeleton_merged_pivot_refit_both,-1.5440843708524414,-74.50698200961189,87.31931462592183,0,1,114,27,114,27,2.175918087900409,False,11.918360442554908,0.02155714330504499,0.02155714330504499,0.008229501153034453,,,,,,,,bmeleton_merged,,,5.187987552723602,True,True,ok,ok,12.0,27.0,23.0,27.0,13.0,27.0,12.0,27.0,1.174576632993341,1.144410826990564,1.2937042068028433,1.7624506093832406,0.6713282164509827,0.9221489727605426,end,end,0.0,2.1481001976944496,,,,,,False
2470,2,bmeleton_final_refit_vertex,-2.5555791981786733,-75.10237479728256,90.84431530389618,2,0,27,25,27,25,2.0980287812767404,False,35.02023831636947,0.181050608492207,0.181050608492207,0.16567391224709738,,,,,,,,bmeleton_final_refit,,,,,,,,,,,,,,,,,,,,,,,,,,1.0,9.328701487822249,2.0,0.16567391224709738,,False
2472,0,bmeleton_merged_intersection,2.5443328699184633,-68.8182420257664,101.1903108745235,1,0,19,139,19,139,0.5446158669415224,False,25.593781505077956,0.09812058325282225,0.09812058325282225,0.2273593751029573,,,,,,,,bmeleton_merged,0.09812058325282225,1.0,,,,,,,,,,,,,,,,,,,,,,,,,,,,,False
2472,1,bmeleton_merged_pivot_refit_both,1.0934572582306992,-68.9339230240247,103.60988768927538,1,0,19,139,19,139,0.5353324848931622,False,155.50826391264636,1.9100210736481773,0.08997892635182259,2.1989783758997894,,,,,,,,bmeleton_merged,,,2.8236101176389816,True,True,ok,ok,17.0,101.0,18.0,102.0,17.0,101.0,17.0,101.0,0.5093393211941206,1.810475927620091,0.5381781653746729,2.2081927568648587,0.17124676065201366,0.9829608773287685,end,start,0.0,0.5446158669415224,,,,,,False
2472,2,bmeleton_final_refit_vertex,0.8253784089417104,-69.35803809193969,105.4870575717857,1,2,30,19,30,19,0.33325522954815107,False,37.869499086875756,0.2105890175708024,0.2105890175708024,0.2356789459538858,,,,,,,,bmeleton_final_refit,,,,,,,,,,,,,,,,,,,,,,,,,,1.0,4.1354503184376625,2.0,0.2356789459538858,,False
2478,0,bmeleton_merged_intersection,-4.774533551475042,-73.43858857729913,106.64721645160955,1,0,12,83,12,83,0.6311325090924016,False,10.38992523587722,0.01639680230195195,0.01639680230195195,0.022973813500420107,,,,,,,,bmeleton_merged,0.01639680230195195,1.0,,,,,,,,,,,,,,,,,,,,,,,,,,,,,False
2478,1,bmeleton_merged_pivot_refit_both,-5.054108735250377,-73.74654438115746,106.11254065475592,1,0,12,83,12,83,1.3916422173845637,False,10.324728845840747,0.016192224699044355,0.016192224699044355,0.0045231671090781725,,,,,,,,bmeleton_merged,,,0.6774048038315889,True,True,ok,ok,12.0,10.0,12.0,23.0,12.0,12.0,12.0,10.0,0.9329310699265664,1.0407612979571654,1.3182110489795518,1.5841446129025463,0.5321297214796042,0.55059058725396,end,end,0.0,0.6311325090924016,,,,,,False
2478,2,bmeleton_final_refit_vertex,-3.193734220245801,-74.2320360730819,116.13827423167528,0,2,24,12,24,12,0.9225348215773653,False,34.00598495293861,0.17102084365603654,0.17102084365603654,0.12251173044978751,,,,,,,,bmeleton_final_refit,,,,,,,,,,,,,,,,,,,,,,,,,,1.0,11.506279434646515,2.0,0.12251173044978751,,False
2487,0,bmeleton_merged_intersection,-2.333939946086105,-80.04295885917954,98.67655053609421,1,0,25,92,25,92,0.8967151475657,False,9.524572152259966,0.013785272297053286,0.013785272297053286,0.02802909831372395,,,,,,,,bmeleton_merged,0.013785272297053508,1.0,,,,,,,,,,,,,,,,,,,,,,,,,,,,,False
2487,1,bmeleton_final_refit_vertex,2.2572370327602034,-81.47334076000024,101.770953120126,1,3,28,14,28,14,3.21511882680628,False,28.505926026267918,0.12123224393443655,0.12123224393443655,0.07304446900189221,,,,,,,,bmeleton_final_refit,,,,,,,,,,,,,,,,,,,,,,,,,,1.0,5.0,2.0,0.07304446900189221,,False
2489,0,bmeleton_merged_intersection,-3.2303526546311647,-64.95359147619949,110.96554506962012,1,2,33,28,33,28,0.20935820240012668,False,23.707458293174614,0.08438973667263083,0.08438973667263083,0.12310661924720136,,,,,,,,bmeleton_merged,0.08438973667263094,1.0,,,,,,,,,,,,,,,,,,,,,,,,,,,,,False
2489,1,bmeleton_merged_intersection,-0.5536329337501718,-64.26590927896527,118.31349735653956,2,0,28,44,28,44,0.34502541025011496,False,19.451912452543983,0.05707868150507178,0.05707868150507178,0.09370645769537415,,,,,,,,bmeleton_merged,0.05707868150507189,3.0,,,,,,,,,,,,,,,,,,,,,,,,,,,,,False
2489,2,bmeleton_merged_intersection,-1.2572822395285281,-64.94053587452376,76.18154536584095,1,0,33,44,33,44,0.262602859407404,False,4.296526822424804,0.0028103232177404402,0.0028103232177404402,0.005087202095372931,,,,,,,,bmeleton_merged,0.0028103232177405513,2.0,,,,,,,,,,,,,,,,,,,,,,,,,,,,,False
2489,3,bmeleton_merged_pivot_refit_both,-3.4590391005261836,-64.89602021455438,110.3670181512583,1,2,33,28,33,28,0.45444404707123315,False,155.93687626785092,1.9130967946527804,0.08690320534721974,1.250507557536211,,,,,,,,bmeleton_merged,,,0.6433089558736091,True,True,ok,ok,13.0,28.0,13.0,28.0,13.0,28.0,13.0,28.0,0.3545166215705891,0.9091044486974954,0.78302152966339,1.1507813016085164,0.6071513197329986,0.05835637524611717,start,end,0.0,0.20935820240012668,,,,,,False
2489,4,bmeleton_merged_pivot_refit_both,-0.579245571167744,-64.13293761744163,116.84147766577934,2,0,28,44,28,44,0.005806878848470767,False,160.8352897800262,1.944578747578482,0.055421252421518075,2.3901515289516504,,,,,,,,bmeleton_merged,,,1.4782352451317267,True,True,ok,ok,26.0,43.0,26.0,43.0,26.0,43.0,26.0,43.0,0.675841597990638,0.7093588971379907,1.1100038353409587,0.9172317536281888,0.2788736870239546,0.08613268874928719,end,start,1.0,0.34502541025011496,,,,,,False
2489,5,bmeleton_merged_pivot_refit_both,-1.488794223760719,-64.79374227574334,83.40540393486815,1,0,33,44,33,44,0.03676473899603127,False,175.7219041914859,1.997213725040241,0.0027862749597589165,2.354822052410164,,,,,,,,bmeleton_merged,,,7.229057945873289,True,True,ok,ok,32.0,36.0,32.0,36.0,32.0,36.0,32.0,36.0,0.9805513759135818,0.6639807477268622,1.4372013509333759,0.9191035901515927,0.24307946093990312,0.25860292144527847,end,start,2.0,0.262602859407404,,,,,,False
2489,6,bmeleton_final_refit_vertex,-3.970450345448752,-65.3420739329164,108.8457498558746,3,1,28,13,28,13,0.2154931903507447,False,23.131273878093108,0.08039278989906329,0.08039278989906329,0.07352117143770567,,,,,,,,bmeleton_final_refit,,,,,,,,,,,,,,,,,,,,,,,,,,1.0,9.084837158445765,2.0,0.07352117143770567,,False
2495,0,bmeleton_merged_intersection,-3.3694050968635407,-71.57229093683743,109.48067511027907,1,2,49,25,49,25,0.32274723513189113,False,41.284294144914455,0.24855497580412955,0.24855497580412955,0.4085965277350322,,,,,,,,bmeleton_merged,0.24855497580412955,2.0,,,,,,,,,,,,,,,,,,,,,,,,,,,,,False
2495,1,bmeleton_merged_intersection,-1.6158610306364363,-71.12553216288853,107.12760652497437,0,2,89,25,89,25,1.3793196991962153,False,36.637747801966356,0.19757550592824724,0.19757550592824724,0.36522773645410694,,,,,,,,bmeleton_merged,0.19757550592824724,3.0,,,,,,,,,,,,,,,,,,,,,,,,,,,,,False
2495,2,bmeleton_merged_intersection,-1.6414098768455476,-71.20217386116109,119.52055414601077,1,0,49,89,49,89,2.2434233832348114,False,5.023003224814203,0.00384037365745149,0.00384037365745149,0.007952814824424427,,,,,,,,bmeleton_merged,0.00384037365745149,1.0,,,,,,,,,,,,,,,,,,,,,,,,,,,,,False
2495,3,bmeleton_merged_pivot_refit_both,-3.2842366491808583,-71.57535360603597,108.84439977876107,1,2,49,25,49,25,0.09214227128662084,False,138.60574778449342,1.7501774071836247,0.2498225928163753,1.2508637192003247,,,,,,,,bmeleton_merged,,,0.6419574299917631,True,True,ok,ok,17.0,25.0,17.0,25.0,17.0,25.0,17.0,25.0,1.0195185825257786,0.5978391375302851,1.3062559600806303,1.244606026054429,0.20953793674541468,0.12656375703391057,start,end,0.0,0.32274723513189113,,,,,,False
2495,4,bmeleton_merged_pivot_refit_both,-1.3483207359816993,-71.06360269121181,104.71729088104216,0,2,89,25,89,25,1.4227417449991515,False,143.62812035275647,1.8051849460865759,0.19481505391342424,2.091544351714155,,,,,,,,bmeleton_merged,,,2.4259090197512427,True,True,ok,ok,83.0,24.0,83.0,25.0,83.0,24.0,83.0,24.0,1.4346340930702268,0.4060574621798422,2.061666483100823,0.6100095251084725,0.5480879735577067,0.5266263585411669,start,end,1.0,1.3793196991962153,,,,,,False
2495,5,bmeleton_merged_pivot_refit_both,-0.970678450744658,-71.1414658721562,131.28706487328844,1,0,49,89,49,89,2.6051041779344586,False,4.145479568464545,0.002616283689383936,0.002616283689383936,0.0022463350753656685,,,,,,,,bmeleton_merged,,,11.785768570654566,True,True,ok,ok,23.0,89.0,23.0,89.0,23.0,89.0,23.0,89.0,1.1794411971501515,1.3887513398696156,1.3417692551999285,2.009747010870113,1.5002736251302693,0.6963950029455862,start,start,2.0,2.2434233832348114,,,,,,False
2495,6,bmeleton_final_refit_vertex,-4.53484555487609,-71.37469634976279,111.18751861771048,2,3,27,25,27,25,0.49259847524398415,False,44.60426114480754,0.28802617580755596,0.28802617580755596,0.3406010647717329,,,,,,,,bmeleton_final_refit,,,,,,,,,,,,,,,,,,,,,,,,,,1.0,8.588266128908673,2.0,0.3406010647717329,,False
2501,0,bmeleton_merged_intersection,-5.914691343799012,-65.48005093092593,92.68219985411058,0,1,132,27,132,27,2.217974866193052,False,14.221257874089632,0.030645730748153466,0.030645730748153466,0.06336704753194941,,,,,,,,bmeleton_merged,0.030645730748153577,1.0,,,,,,,,,,,,,,,,,,,,,,,,,,,,,False
2501,1,bmeleton_merged_pivot_refit_both,-6.067218594753557,-65.66129256993963,90.84397065649509,0,1,132,27,132,27,2.294863197987443,False,13.872238189843454,0.029167233482923716,0.029167233482923716,0.013071696944965204,,,,,,,,bmeleton_merged,,,1.8534291669665217,True,True,ok,ok,19.0,27.0,36.0,27.0,20.0,27.0,19.0,27.0,1.6062062729364388,1.0430829161705693,1.922595225100742,1.8037489155135953,0.5122801993973498,1.164059377226054,end,end,0.0,2.217974866193052,,,,,,False
2501,2,bmeleton_final_refit_vertex,-3.9645177862226246,-64.4017184400403,101.25427599093979,1,2,41,27,41,27,2.0859642419804447,False,48.776180605300524,0.3409977977205876,0.3409977977205876,0.4002823463834339,,,,,,,,bmeleton_final_refit,,,,,,,,,,,,,,,,,,,,,,,,,,1.0,16.536025273255166,2.0,0.4002823463834339,,False
2511,0,bmeleton_merged_intersection,-0.15148530291454365,-64.44602100705771,132.13833283956325,0,1,99,23,99,23,0.6275306610972922,False,33.822224519260295,0.16923137531748322,0.16923137531748322,0.3587439105983208,,,,,,,,bmeleton_merged,0.16923137531748322,1.0,,,,,,,,,,,,,,,,,,,,,,,,,,,,,False
2511,1,bmeleton_merged_pivot_refit_both,1.0875035272283196,-64.98509234147369,132.96616905556016,0,1,99,23,99,23,0.8852187169190527,False,147.2128605241845,1.8406881733273117,0.15931182667268828,2.2196421812769045,,,,,,,,bmeleton_merged,,,1.5846147876767682,True,True,ok,ok,68.0,23.0,68.0,23.0,68.0,23.0,68.0,23.0,0.9104183916994586,0.5111807721941124,1.2107221608638457,1.1115488584625695,0.703407679294821,0.4102016745923276,start,end,0.0,0.6275306610972922,,,,,,False
2511,2,bmeleton_final_refit_vertex,1.3077465181330168,-64.84470889396957,134.6248694864717,1,2,23,23,23,23,0.8105432593730131,False,43.85976139192113,0.2789620925875189,0.2789620925875189,0.27605543247453884,,,,,,,,bmeleton_final_refit,,,,,,,,,,,,,,,,,,,,,,,,,,1.0,8.379747989861169,2.0,0.27605543247453884,,False
2516,0,bmeleton_merged_intersection,7.012994405965033,-80.4083718058633,104.23007124425436,1,0,59,139,59,139,0.4913698853771372,False,32.402492952424986,0.15569538924316373,0.15569538924316373,0.4252911181354637,,,,,,,,bmeleton_merged,0.15569538924316373,1.0,,,,,,,,,,,,,,,,,,,,,,,,,,,,,False
2516,1,bmeleton_merged_pivot_refit_both,6.984345311508046,-80.30910163671864,105.02970783604584,1,0,59,139,59,139,0.3651571789880688,False,147.40947690456983,1.8425414998879925,0.15745850011200757,3.1229669442846184,,,,,,,,bmeleton_merged,,,0.806284078986503,True,True,ok,ok,57.0,102.0,57.0,103.0,57.0,102.0,57.0,102.0,0.8507971085482651,1.7016219550759395,1.1157879463370912,2.0108355201118777,0.22492511261779913,0.05392073845663449,end,start,0.0,0.4913698853771372,,,,,,False
2516,2,bmeleton_final_refit_vertex,6.786078851067275,-80.59020310542505,105.08135967720449,2,1,57,26,57,26,1.0505840814468332,False,43.76656290247163,0.2778359687652101,0.2778359687652101,0.44193182635807576,,,,,,,,bmeleton_final_refit,,,,,,,,,,,,,,,,,,,,,,,,,,1.0,5.0,2.0,0.44193182635807576,,False
2519,0,bmeleton_merged_intersection,1.154787891514026,-72.0192743627592,68.55306498740528,1,0,77,74,77,74,0.13048519925707136,False,34.36015049410003,0.1744937638955978,0.1744937638955978,0.5101674318859716,,,,,,,,bmeleton_merged,0.1744937638955978,1.0,,,,,,,,,,,,,,,,,,,,,,,,,,,,,False
2519,1,bmeleton_merged_pivot_refit_both,1.000978525318581,-71.9534512528223,70.94328849901402,1,0,77,74,77,74,0.06846499748850081,False,145.67705757906452,1.8258725807326621,0.17412741926733788,2.7847368093325136,,,,,,,,bmeleton_merged,,,2.396071459363935,True,True,ok,ok,72.0,33.0,72.0,39.0,72.0,33.0,72.0,33.0,0.9392303306872083,1.2558132520646899,1.479459708561336,2.227442504964018,0.33191059255934435,0.382551668510339,end,start,0.0,0.13048519925707136,,,,,,False
2519,2,bmeleton_final_refit_vertex,-2.1664401582694994,-71.74550856004566,77.3224652552459,2,0,73,35,73,35,0.4631146740051328,False,43.063330228884006,0.26940057210353396,0.26940057210353396,0.62315151880347,,,,,,,,bmeleton_final_refit,,,,,,,,,,,,,,,,,,,,,,,,,,1.0,5.0,2.0,0.62315151880347,,False
2562,0,bmeleton_merged_intersection,-0.06996070590455411,-83.25515771121135,60.416683315680245,0,1,68,9,68,9,2.4114379299928363,False,21.498328852902066,0.06957174266544086,0.06957174266544086,0.058055868431494906,,,,,,,,bmeleton_merged,0.06957174266544097,1.0,,,,,,,,,,,,,,,,,,,,,,,,,,,,,False
2562,1,bmeleton_merged_pivot_refit_both,-0.26321375798849056,-82.78273727628837,61.88050841710782,0,1,68,9,68,9,1.7897293019011455,False,158.9869233277349,1.9334986115125397,0.06650138848746034,0.7793911691323263,,,,,,,,bmeleton_merged,,,1.550261828544463,True,True,ok,ok,27.0,9.0,27.0,9.0,27.0,9.0,27.0,9.0,1.2092988962430946,0.3152338129496013,1.411340502574331,0.3075254267712875,0.8067954268968066,0.43176561718680356,start,end,0.0,2.4114379299928363,,,,,,False
2562,2,bmeleton_final_refit_vertex,-0.8562811802178494,-82.35848801560215,63.73404802267489,0,2,33,9,33,9,1.522690183464739,False,25.267297226710312,0.09567367411400218,0.09567367411400218,0.0631951770412476,,,,,,,,bmeleton_final_refit,,,,,,,,,,,,,,,,,,,,,,,,,,1.0,83.39152807657781,2.0,0.0631951770412476,,False
2564,0,bmeleton_merged_intersection,-6.517639151548373,-75.97810451265624,28.1728954410043,0,1,65,27,65,27,1.3178327295379848,False,12.725706638014355,0.024564191639985355,0.024564191639985355,0.0407204831814591,,,,,,,,bmeleton_merged,0.024564191639985355,1.0,,,,,,,,,,,,,,,,,,,,,,,,,,,,,False
2564,1,bmeleton_merged_pivot_refit_both,-6.806739988815288,-76.01294706737386,31.2531292366479,0,1,65,27,65,27,1.1713497524654954,False,13.289858527907507,0.0267804231860842,0.0267804231860842,0.02307122061058813,,,,,,,,bmeleton_merged,,,3.093967280620896,True,True,ok,ok,48.0,25.0,50.0,25.0,50.0,25.0,48.0,25.0,1.3774967044062092,1.0001414773023152,1.6759494012639087,1.5041560108027823,0.6529711157119908,0.21258756659302017,end,end,0.0,1.3178327295379848,,,,,,False
2564,2,bmeleton_final_refit_vertex,-7.091776087531614,-76.10670279710257,34.45109146227036,1,2,51,26,51,26,0.8732901565559364,False,14.984632475683048,0.03400478959072595,0.03400478959072595,0.05270725587853847,,,,,,,,bmeleton_final_refit,,,,,,,,,,,,,,,,,,,,,,,,,,1.0,5.0,2.0,0.05270725587853847,,False
2571,0,bmeleton_merged_intersection,0.4595676535255664,-65.56284022951445,30.73410599858815,1,0,31,60,31,60,1.1222668817738222,False,37.496535602740785,0.20660985231476714,0.20660985231476714,0.36386078372906155,,,,,,,,bmeleton_merged,0.20660985231476725,1.0,,,,,,,,,,,,,,,,,,,,,,,,,,,,,False
2571,1,bmeleton_merged_pivot_refit_both,0.8574492815140031,-65.48547519485554,32.93247300036113,1,0,31,60,31,60,0.5986194351675693,False,38.49328062920786,0.21731884303589355,0.21731884303589355,0.2373681890110191,,,,,,,,bmeleton_merged,,,2.2354222448930807,True,True,ok,ok,31.0,43.0,31.0,44.0,31.0,43.0,31.0,43.0,0.6807208602076912,1.133404472648967,1.1350955332494868,1.6276368046982428,0.18824979450488766,0.88741461955286,end,end,0.0,1.1222668817738222,,,,,,False
2571,2,bmeleton_final_refit_vertex,1.4551155036009682,-65.06293760248204,32.83668802829025,0,2,45,31,45,31,0.7896829566187502,False,39.90915319746735,0.232937331754406,0.232937331754406,0.37567424866292837,,,,,,,,bmeleton_final_refit,,,,,,,,,,,,,,,,,,,,,,,,,,1.0,13.556092910287596,2.0,0.37567424866292837,,False
2587,0,bmeleton_merged_intersection,-4.230491510434562,-80.01584718983378,104.94950886989574,0,1,80,21,80,21,4.7147154724007425,False,17.751376839804077,0.047611526639054325,0.047611526639054325,0.05021999571151601,,,,,,,,bmeleton_merged,0.047611526639054325,1.0,,,,,,,,,,,,,,,,,,,,,,,,,,,,,False
2587,1,bmeleton_final_refit_vertex,-7.296819117183104,-74.73065943981359,89.22403061647579,3,0,11,7,11,7,2.154617253569646,False,43.36251367162476,0.2729759507934595,0.2729759507934595,0.08369959432952194,,,,,,,,bmeleton_final_refit,,,,,,,,,,,,,,,,,,,,,,,,,,1.0,5.0,2.0,0.08369959432952194,,False
2588,0,bmeleton_merged_intersection,4.9589654231657025,-68.84937443603468,67.91464268272844,1,2,57,37,57,37,0.9563868065548019,False,41.505697363126764,0.25111017235722366,0.25111017235722366,0.4840159926877161,,,,,,,,bmeleton_merged,0.25111017235722377,3.0,,,,,,,,,,,,,,,,,,,,,,,,,,,,,False
2588,1,bmeleton_merged_intersection,5.589783044484143,-68.66722854236679,69.19685639137361,0,2,29,37,29,37,0.9020391443856605,False,26.33097428168994,0.1037532263078973,0.1037532263078973,0.14395919003486204,,,,,,,,bmeleton_merged,0.1037532263078974,2.0,,,,,,,,,,,,,,,,,,,,,,,,,,,,,False
2588,2,bmeleton_merged_intersection,5.632366959118633,-69.21908969450944,65.60877426530942,0,1,29,57,29,57,0.025020633922482514,False,15.185689671052133,0.03491805064054421,0.03491805064054421,0.07062989758741127,,,,,,,,bmeleton_merged,0.03491805064054432,1.0,,,,,,,,,,,,,,,,,,,,,,,,,,,,,False
2588,3,bmeleton_merged_pivot_refit_both,5.351532718213203,-68.85039005029434,67.74613254063566,1,2,57,37,57,37,0.8856262471657643,False,41.72895898138989,0.25369814016231695,0.25369814016231695,0.29595155639097526,,,,,,,,bmeleton_merged,,,0.42720695289445665,True,True,ok,ok,41.0,37.0,41.0,37.0,41.0,37.0,41.0,37.0,1.2150271680638254,0.33893356519383017,1.5006140785397755,0.6820347183453237,0.67077601017052,0.18504594097044783,end,end,0.0,0.9563868065548019,,,,,,False
2588,4,bmeleton_merged_pivot_refit_both,5.49313874459992,-68.5204235139757,68.15527152010466,0,2,29,37,29,37,0.3123908776310224,False,153.76069066629844,1.896955251384063,0.10304474861593682,2.122280707607114,,,,,,,,bmeleton_merged,,,1.056310030775709,True,True,ok,ok,26.0,37.0,26.0,37.0,26.0,37.0,26.0,37.0,0.8480552451271257,0.33893356519383017,1.0186523394876572,0.6820347183453237,0.06133559552281478,0.18223014092833648,start,end,1.0,0.9020391443856605,,,,,,False
2588,5,bmeleton_merged_pivot_refit_both,5.584724622225855,-68.98047282662455,67.2363468609222,0,1,29,57,29,57,0.5676909575216044,False,164.38354649247958,1.9630853019502266,0.03691469804977332,1.8906606659524299,,,,,,,,bmeleton_merged,,,1.6456610695685507,True,True,ok,ok,26.0,42.0,26.0,42.0,26.0,42.0,26.0,42.0,0.8480552451271257,1.1743462062554595,1.0186523394876572,1.4916546985519268,0.47923158444975,0.45174150383031314,start,end,2.0,0.025020633922482514,,,,,,False
2588,6,bmeleton_final_refit_vertex,5.171953633133024,-68.78793287699114,68.33981862839676,1,3,42,37,42,37,0.9378589874124719,False,42.01457244565919,0.25702538333278324,0.25702538333278324,0.42659096367769767,,,,,,,,bmeleton_final_refit,,,,,,,,,,,,,,,,,,,,,,,,,,1.0,18.9697615383367,2.0,0.42659096367769767,,False
2595,0,bmeleton_merged_intersection,-1.3057988504189981,-77.19093769008626,41.828721517392225,0,1,58,27,58,27,1.3724838946705795,False,5.380761489017756,0.004406492267109319,0.004406492267109319,0.006841008866641547,,,,,,,,bmeleton_merged,0.00440649226710943,1.0,,,,,,,,,,,,,,,,,,,,,,,,,,,,,False
2595,1,bmeleton_merged_pivot_refit_both,-1.531917272334411,-77.07268757099847,39.464812330846236,0,1,58,27,58,27,1.4212127752951218,False,5.308564096923699,0.004289119726199497,0.004289119726199497,0.002764353954419136,,,,,,,,bmeleton_merged,,,2.3776415359827294,True,True,ok,ok,25.0,27.0,36.0,27.0,26.0,27.0,25.0,27.0,1.1820228193231965,0.9749089528808697,1.4155057584405863,1.5068077129856443,0.2464223568103497,0.5390028692100804,end,end,0.0,1.3724838946705795,,,,,,False
2595,2,bmeleton_final_refit_vertex,0.5623989436174794,-78.1019618735011,61.646618131472394,0,2,37,27,37,27,0.9825431788839476,False,33.47888573607667,0.16591083837055687,0.16591083837055687,0.21913495999753774,,,,,,,,bmeleton_final_refit,,,,,,,,,,,,,,,,,,,,,,,,,,1.0,31.337904182473697,2.0,0.21913495999753774,,False
2612,0,bmeleton_merged_intersection,4.964214913187794,-74.34013605952643,25.995025721758786,1,0,52,34,52,34,0.06623754634415886,False,14.685651116700292,0.032668727621037785,0.032668727621037785,0.06778409620171029,,,,,,,,bmeleton_merged,0.03266872762103801,1.0,,,,,,,,,,,,,,,,,,,,,,,,,,,,,False
2612,1,bmeleton_merged_pivot_refit_both,4.925586968663509,-74.21290213886489,36.09273908465278,1,0,52,34,52,34,0.2243809944619746,False,15.760702025105175,0.03759548149596581,0.03759548149596581,0.03664440686508734,,,,,,,,bmeleton_merged,,,10.098588799819158,True,True,ok,ok,41.0,27.0,42.0,31.0,42.0,27.0,41.0,27.0,1.1361374334559424,1.2204087016229381,1.2873775225836268,2.3673147968922157,0.49426559934183606,0.621247304116122,end,end,0.0,0.06623754634415886,,,,,,False
2612,2,bmeleton_final_refit_vertex,6.957379171437916,-73.95368044064425,69.76527804972704,3,1,44,31,44,31,1.3679526700958493,False,21.330011060333888,0.06849916823540869,0.06849916823540869,0.09931907474245637,,,,,,,,bmeleton_final_refit,,,,,,,,,,,,,,,,,,,,,,,,,,1.0,5.0,2.0,0.09931907474245637,,False
2617,0,bmeleton_merged_intersection,-1.5488642365037908,-77.82812061906316,36.18930232633387,1,0,34,76,34,76,0.12171485606705494,False,27.713239234780204,0.11471380811348719,0.11471380811348719,0.2846338612645831,,,,,,,,bmeleton_merged,0.11471380811348719,1.0,,,,,,,,,,,,,,,,,,,,,,,,,,,,,False
2617,1,bmeleton_merged_pivot_refit_both,-1.6574932990120956,-77.56388759451164,38.31674973114955,1,0,34,76,34,76,0.1817416428035935,False,28.201597170669977,0.1187097210491006,0.1187097210491006,0.12307458814477935,,,,,,,,bmeleton_merged,,,2.1465441585818894,True,True,ok,ok,32.0,39.0,32.0,41.0,32.0,39.0,32.0,39.0,1.0412545160319213,1.4140768694093215,1.3078748963847744,1.9339304542524702,0.23508233930957753,0.5114711236896774,end,end,0.0,0.12171485606705494,,,,,,False
2617,2,bmeleton_final_refit_vertex,-0.5922534562944604,-77.09293610500178,41.09648584236126,0,2,41,33,41,33,0.3648851097578959,False,33.135989517516805,0.1626244746900738,0.1626244746900738,0.27874968661374794,,,,,,,,bmeleton_final_refit,,,,,,,,,,,,,,,,,,,,,,,,,,1.0,5.0,2.0,0.27874968661374794,,False
2623,0,bmeleton_merged_intersection,1.961518050323662,-72.28058342951829,91.33111236182322,1,0,38,85,38,85,0.08421253822351749,False,33.24754929398649,0.16369039283183917,0.16369039283183917,0.45744697859842925,,,,,,,,bmeleton_merged,0.16369039283183917,1.0,,,,,,,,,,,,,,,,,,,,,,,,,,,,,False
2623,1,bmeleton_merged_pivot_refit_both,1.9778022313342403,-72.35342388925396,91.36505694984434,1,0,38,85,38,85,0.17073339645033836,False,146.73791225230778,1.836170463268647,0.1638295367313528,2.7933769811091054,,,,,,,,bmeleton_merged,,,0.08199476923324811,True,True,ok,ok,38.0,50.0,38.0,50.0,38.0,50.0,38.0,50.0,0.6253033840734049,0.8995155771683778,0.7969509891877715,1.385807816508442,0.007919017841049418,0.11107561538986262,end,start,0.0,0.08421253822351749,,,,,,False
2623,2,bmeleton_final_refit_vertex,1.965872433388079,-72.24419142713101,91.3119207315859,2,0,38,29,38,29,0.01403389139432977,False,44.96204340769855,0.29242493874170794,0.29242493874170794,0.4840140274946345,,,,,,,,bmeleton_final_refit,,,,,,,,,,,,,,,,,,,,,,,,,,1.0,33.52256046859954,2.0,0.4840140274946345,,False
2638,0,bmeleton_merged_intersection,-0.34803133306068457,-66.57605555305457,87.42079407319639,2,1,33,136,33,136,0.06831718906879412,False,47.62341636147433,0.32599946996011053,0.32599946996011053,0.9648157104192802,,,,,,,,bmeleton_merged,0.32599946996011053,1.0,,,,,,,,,,,,,,,,,,,,,,,,,,,,,False
2638,1,bmeleton_merged_intersection,-2.253922007997433,-66.444419914284,90.18928843084512,1,0,136,75,136,75,0.02025444928120947,False,35.71711234728457,0.1880907937132157,0.1880907937132157,0.5619957980620269,,,,,,,,bmeleton_merged,0.1880907937132158,3.0,,,,,,,,,,,,,,,,,,,,,,,,,,,,,False
2638,2,bmeleton_merged_intersection,-2.4900069744537516,-66.56771998885526,78.17650026082094,2,0,33,75,33,75,0.0864440394512999,False,11.92826462517512,0.02159285670258526,0.02159285670258526,0.05279872584775715,,,,,,,,bmeleton_merged,0.021592856702585372,2.0,,,,,,,,,,,,,,,,,,,,,,,,,,,,,False
2638,3,bmeleton_merged_pivot_refit_both,-0.5922104373013815,-66.53825889880062,86.77914843067714,2,1,33,136,33,136,0.14421518611267026,False,47.539144258261075,0.32491365508080294,0.32491365508080294,0.5507755916878407,,,,,,,,bmeleton_merged,,,0.6875762885560583,True,True,ok,ok,33.0,121.0,33.0,130.0,33.0,121.0,33.0,121.0,1.1488729801667288,1.6757594308076884,1.5501652596306421,2.22326398707908,0.12444601016383994,0.20350234588301103,end,end,0.0,0.06831718906879412,,,,,,False
2638,4,bmeleton_merged_pivot_refit_both,-2.279580270886042,-66.37564018812984,88.8588604937029,1,0,136,75,136,75,0.05828483664212343,False,144.5705676895464,1.814830116829679,0.1851698831703209,3.098361119817325,,,,,,,,bmeleton_merged,,,1.332451685095111,True,True,ok,ok,119.0,72.0,127.0,72.0,119.0,72.0,119.0,72.0,1.6949704643019476,1.1971515065746485,2.2130630403813845,1.8305401612784922,0.2828715635015124,0.04069606695205625,end,start,1.0,0.02025444928120947,,,,,,False
2638,5,bmeleton_merged_pivot_refit_both,-2.7092835740554437,-66.49962607802524,77.70471644861813,2,0,33,75,33,75,0.05757264086558863,False,167.77077055546172,1.9773079597484577,0.022692040251542256,2.828480873309585,,,,,,,,bmeleton_merged,,,0.5246894064888563,True,True,ok,ok,33.0,66.0,33.0,66.0,33.0,66.0,33.0,66.0,1.1488729801667288,1.2529612529206096,1.5501652596306421,1.8612612267867312,0.11511744549995045,0.19030187379598643,end,start,2.0,0.0864440394512999,,,,,,False
2638,6,bmeleton_final_refit_vertex,-0.8052006402522629,-66.53307526722357,85.43631455765797,1,2,131,33,131,33,0.11766754420777793,False,46.731906050275015,0.3145870250217555,0.3145870250217555,0.9220617272544636,,,,,,,,bmeleton_final_refit,,,,,,,,,,,,,,,,,,,,,,,,,,1.0,7.016616600183698,2.0,0.9220617272544636,,False
2648,0,bmeleton_merged_intersection,5.386559927702691,-62.81030162806681,87.43147186470131,0,1,113,40,113,40,2.5716396203707284,False,32.252385473008694,0.1542943957269276,0.1542943957269276,0.30566905610209083,,,,,,,,bmeleton_merged,0.1542943957269276,1.0,,,,,,,,,,,,,,,,,,,,,,,,,,,,,False
2648,1,bmeleton_merged_pivot_refit_both,4.885992962215062,-62.65432513433219,88.48559060735786,0,1,113,40,113,40,2.3797054902993553,False,148.11145045184486,1.8490772780643063,0.15092272193569367,2.1920969787643703,,,,,,,,bmeleton_merged,,,1.1773114614047875,True,True,ok,ok,83.0,39.0,85.0,39.0,83.0,39.0,83.0,39.0,1.6301657678686112,0.6575234034594865,2.1412972984965846,0.8461042586188435,0.8999027908854845,0.4711473251157681,start,end,0.0,2.5716396203707284,,,,,,False
2648,2,bmeleton_final_refit_vertex,5.401444480850092,-62.71215876847294,87.27125927208064,2,1,40,19,40,19,2.3725254955640867,False,39.20693942298035,0.22513206570094269,0.22513206570094269,0.21045918194163793,,,,,,,,bmeleton_final_refit,,,,,,,,,,,,,,,,,,,,,,,,,,1.0,5.004187461142515,2.0,0.21045918194163793,,False
2660,0,bmeleton_merged_intersection,-6.424211753671343,-73.09978295756177,18.97148140481396,1,0,63,35,63,35,0.22856236596454105,False,40.21605448074127,0.23638486088193544,0.23638486088193544,0.5307398189278807,,,,,,,,bmeleton_merged,0.23638486088193544,1.0,,,,,,,,,,,,,,,,,,,,,,,,,,,,,False
2660,1,bmeleton_merged_pivot_refit_both,-5.815435807210583,-73.19249487868271,18.655412627788387,1,0,63,35,63,35,0.09313431891900394,False,39.74850965840673,0.23114153550358352,0.23114153550358352,0.27755363400376887,,,,,,,,bmeleton_merged,,,0.6921727566999233,True,True,ok,ok,59.0,29.0,60.0,29.0,59.0,29.0,59.0,29.0,1.3200173105557427,1.3286648444423599,1.90945386896407,1.9177228406541924,0.585195618587133,0.10552402713785741,end,end,0.0,0.22856236596454105,,,,,,False
2660,2,bmeleton_final_refit_vertex,-4.502355294039347,-72.90442518239982,22.186164019179763,2,0,62,29,62,29,1.051412399571088,False,40.77164604966363,0.2426816789373798,0.2426816789373798,0.42512348025120383,,,,,,,,bmeleton_final_refit,,,,,,,,,,,,,,,,,,,,,,,,,,1.0,5.0,2.0,0.42512348025120383,,False
2661,0,bmeleton_merged_intersection,0.08026123957650957,-53.41190261534017,70.34783995982133,0,1,115,41,115,41,0.4272494418639717,False,40.47833594256509,0.23934852652455452,0.23934852652455452,0.6615188662924743,,,,,,,,bmeleton_merged,0.23934852652455463,1.0,,,,,,,,,,,,,,,,,,,,,,,,,,,,,False
2661,1,bmeleton_merged_pivot_refit_both,0.2598578313716242,-53.45057426223525,71.79080854809649,0,1,115,41,115,41,0.6486650057339236,False,139.67708817127053,1.7624096259967472,0.23759037400325278,2.265831879176937,,,,,,,,bmeleton_merged,,,1.4546163682589368,True,True,ok,ok,60.0,37.0,67.0,37.0,60.0,37.0,60.0,37.0,1.9593531844496619,0.4161645047351909,2.4698413230394842,0.8154957180803263,0.4864228029024633,0.21919749870450034,start,end,0.0,0.4272494418639717,,,,,,False
2661,2,bmeleton_final_refit_vertex,1.9846958425122234,-54.135649924980186,73.62410780451603,0,2,44,41,44,41,0.7167440395024384,False,46.525391525650576,0.3119669529495306,0.3119669529495306,0.5794528706707336,,,,,,,,bmeleton_final_refit,,,,,,,,,,,,,,,,,,,,,,,,,,1.0,3.381120611942336,2.0,0.5794528706707336,,False
2662,0,bmeleton_merged_intersection,-2.907272076645053,-73.71995594199294,25.829980038362375,0,1,56,17,56,17,2.1281624845945752,False,27.584829485856293,0.11367378243156345,0.11367378243156345,0.12301022226970292,,,,,,,,bmeleton_merged,0.11367378243156356,1.0,,,,,,,,,,,,,,,,,,,,,,,,,,,,,False
2662,1,bmeleton_merged_pivot_refit_both,-3.182627713142185,-73.53031864808766,25.32271170234875,0,1,56,17,56,17,1.5040118198214136,False,27.373180402195384,0.11196929708665693,0.11196929708665693,0.07221092107739165,,,,,,,,bmeleton_merged,,,0.6075394592225993,True,True,ok,ok,41.0,17.0,42.0,17.0,42.0,17.0,41.0,17.0,1.7230260526717849,0.43984699059859433,2.0401376719958124,0.6101052736448896,0.5596810834606706,0.291809205900508,end,end,0.0,2.1281624845945752,,,,,,False
2662,2,bmeleton_final_refit_vertex,-3.4332556811473505,-73.34170093602619,24.928557954413485,1,2,41,17,41,17,0.9765031201445146,False,27.654198937610783,0.11423507204411998,0.11423507204411998,0.12615623140390078,,,,,,,,bmeleton_final_refit,,,,,,,,,,,,,,,,,,,,,,,,,,1.0,64.95944523701425,2.0,0.12615623140390078,,False
2681,0,bmeleton_merged_intersection,0.31088395572115246,-80.85586195144144,41.56454180512675,1,0,31,69,31,69,1.0929567685796095,False,36.809385348173656,0.19936676299007972,0.19936676299007972,0.3783293739906349,,,,,,,,bmeleton_merged,0.19936676299007983,1.0,,,,,,,,,,,,,,,,,,,,,,,,,,,,,False
2681,1,bmeleton_merged_pivot_refit_both,-0.11963491080207955,-80.86531631002035,43.27119441679122,1,0,31,69,31,69,0.25351200273066565,False,37.65462778132519,0.2082924502062694,0.2082924502062694,0.2382375428096735,,,,,,,,bmeleton_merged,,,1.7601417602652725,True,True,ok,ok,31.0,44.0,31.0,45.0,31.0,45.0,31.0,44.0,0.5556278047429184,1.4598288752314788,0.7568773110680687,1.7499442997470684,0.11427016744169612,0.7564388378265057,end,end,0.0,1.0929567685796095,,,,,,False
2681,2,bmeleton_final_refit_vertex,-0.20565415974821066,-80.18565961643827,43.01696224602928,1,2,45,31,45,31,0.07166330112060998,False,38.29067505284693,0.21512277018485826,0.21512277018485826,0.3960619126841851,,,,,,,,bmeleton_final_refit,,,,,,,,,,,,,,,,,,,,,,,,,,1.0,9.985915334435612,2.0,0.3960619126841851,,False
2687,0,bmeleton_merged_intersection,4.904897597976137,-71.71117719130527,63.236077312157285,1,0,33,96,33,96,0.4443463110234201,False,22.32238351168797,0.07493859282449045,0.07493859282449045,0.1936833937756475,,,,,,,,bmeleton_merged,0.07493859282449045,1.0,,,,,,,,,,,,,,,,,,,,,,,,,,,,,False
2687,1,bmeleton_merged_pivot_refit_both,3.9571792823404435,-71.76978516772809,64.08539186605158,1,0,33,96,33,96,0.2191769809081866,False,158.89886403452542,1.932946397223829,0.067053602776171,2.3969406526036745,,,,,,,,bmeleton_merged,,,1.2739466677017528,True,True,ok,ok,33.0,56.0,33.0,57.0,33.0,56.0,33.0,56.0,0.6158241794321758,1.827172801731713,0.9582598748291907,2.1685591641151603,0.22584104985414466,1.0108256496868677,end,start,0.0,0.4443463110234201,,,,,,False
2687,2,bmeleton_final_refit_vertex,5.012607335544805,-71.73567420111976,62.94081188703177,2,1,33,27,33,27,0.5346040912144364,False,25.76031205242112,0.09937996640408764,0.09937996640408764,0.1339957878321084,,,,,,,,bmeleton_final_refit,,,,,,,,,,,,,,,,,,,,,,,,,,1.0,66.49849048334575,2.0,0.1339957878321084,,False
2697,0,bmeleton_merged_intersection,-3.0300687574966148,-74.38816080928902,43.48276904202083,1,0,20,63,20,63,2.343155233329746,False,5.927216106029438,0.005346122651656016,0.005346122651656016,0.006460728487778002,,,,,,,,bmeleton_merged,0.005346122651656127,1.0,,,,,,,,,,,,,,,,,,,,,,,,,,,,,False
2697,1,bmeleton_merged_pivot_refit_both,-3.0804897256785893,-74.42687404128736,43.14466416116415,1,0,20,63,20,63,2.5132407223072004,False,5.871022346841901,0.0052453222154208445,0.0052453222154208445,0.001941242313399806,,,,,,,,bmeleton_merged,,,0.3440289214924704,True,True,ok,ok,20.0,17.0,20.0,34.0,20.0,17.0,20.0,17.0,1.134973346377075,1.2615414631978843,1.0375782145152113,1.5299614151087106,1.0446200212645176,0.4241504511807524,end,end,0.0,2.343155233329746,,,,,,False
2697,2,bmeleton_final_refit_vertex,-2.7119404646598904,-75.01040498783934,52.46314070275426,1,2,36,20,36,20,2.145375458893973,False,18.667325576103792,0.05260703830438063,0.05260703830438063,0.049388411184374065,,,,,,,,bmeleton_final_refit,,,,,,,,,,,,,,,,,,,,,,,,,,1.0,31.59843685351108,2.0,0.049388411184374065,,False
2702,0,bmeleton_merged_intersection,-1.1086999920085876,-61.672196218835595,93.51838287676813,0,1,86,21,86,21,0.48626713551141,False,20.209458367390354,0.0615639917345705,0.0615639917345705,0.11921988609316912,,,,,,,,bmeleton_merged,0.06156399173457072,1.0,,,,,,,,,,,,,,,,,,,,,,,,,,,,,False
2702,1,bmeleton_merged_pivot_refit_both,0.05666607930248402,-61.70787765626008,96.25754479133091,0,1,86,21,86,21,0.09420393450925663,False,160.728275642365,1.9439639465107974,0.05603605348920271,1.9882796576961297,,,,,,,,bmeleton_merged,,,2.976971487826335,True,True,ok,ok,51.0,18.0,51.0,18.0,51.0,18.0,51.0,18.0,1.1637240172764622,0.4972964737343526,1.582612665518606,0.590847895449495,0.8526596800556813,0.23590919632495622,start,end,0.0,0.48626713551141,,,,,,False
2702,2,bmeleton_final_refit_vertex,-0.6109612227790346,-61.35805499266165,95.26336479198511,1,2,29,21,29,21,0.2569064076072845,False,23.897631962640293,0.08572930102506593,0.08572930102506593,0.10061151596079201,,,,,,,,bmeleton_final_refit,,,,,,,,,,,,,,,,,,,,,,,,,,1.0,1.3065909595502803,2.0,0.10061151596079201,,False
2726,0,bmeleton_merged_intersection,-4.376661645613481,-66.14996439917846,84.96230520331765,1,0,20,81,20,81,0.38878470630316947,False,11.751873431740428,0.020961186625562678,0.020961186625562678,0.03914015558655963,,,,,,,,bmeleton_merged,0.02096118662556279,1.0,,,,,,,,,,,,,,,,,,,,,,,,,,,,,False
2726,1,bmeleton_merged_pivot_refit_both,-4.989731161290557,-65.84396952256284,88.49422550621694,1,0,20,81,20,81,0.256199549593711,False,168.77129407966393,1.9808577183356455,0.01914228166435461,1.8571833382829597,,,,,,,,bmeleton_merged,,,3.5977698816905552,True,True,ok,ok,18.0,41.0,18.0,41.0,18.0,41.0,18.0,41.0,0.5361737455876452,0.8927548884394949,0.618077203817772,1.0953457646246125,0.10265984227718497,0.5136719519450367,end,start,0.0,0.38878470630316947,,,,,,False
2726,2,bmeleton_final_refit_vertex,-4.877036077836571,-65.71394525945338,88.07912575943993,0,2,37,20,37,20,0.16145773136064534,False,15.158418545730086,0.03479348026222229,0.03479348026222229,0.04584387980235679,,,,,,,,bmeleton_final_refit,,,,,,,,,,,,,,,,,,,,,,,,,,1.0,1.4763302723369969,2.0,0.04584387980235679,,False
2735,0,bmeleton_merged_intersection,-5.306750562736678,-77.10139758232741,53.179028928673176,1,0,47,79,47,79,0.7768109260537188,False,29.127728669018104,0.12646324448351165,0.12646324448351165,0.3283729884073819,,,,,,,,bmeleton_merged,0.12646324448351165,1.0,,,,,,,,,,,,,,,,,,,,,,,,,,,,,False
2735,1,bmeleton_merged_pivot_refit_both,-4.763171091113915,-77.14452204771669,59.2024607017431,1,0,47,79,47,79,0.09940468420983314,False,151.3402823429875,1.8774835725937862,0.12251642740621382,2.3037461995924997,,,,,,,,bmeleton_merged,,,6.048063217784109,True,True,ok,ok,44.0,42.0,45.0,43.0,44.0,42.0,44.0,42.0,1.0473620885286414,1.5300160305633073,1.593747018352423,1.9578285591087954,0.6504877652173858,1.1306440966881481,end,start,0.0,0.7768109260537188,,,,,,False
2735,2,bmeleton_final_refit_vertex,-3.9795080695612235,-77.44328267694763,56.14312156995477,2,0,47,30,47,30,0.8706448875384073,False,33.01012727551279,0.16142571244743387,0.16142571244743387,0.258128802066251,,,,,,,,bmeleton_final_refit,,,,,,,,,,,,,,,,,,,,,,,,,,1.0,3.555486182918831,2.0,0.258128802066251,,False
2738,0,bmeleton_merged_intersection,3.046497038178191,-70.29303954475986,30.980056499674447,1,0,75,70,75,70,0.25231722437670173,False,35.46109945914222,0.1854904053850963,0.1854904053850963,0.5297387727959691,,,,,,,,bmeleton_merged,0.18549040538509642,1.0,,,,,,,,,,,,,,,,,,,,,,,,,,,,,False
2738,1,bmeleton_merged_pivot_refit_both,2.6630727341441256,-70.00039930681444,33.42328248941449,1,0,75,70,75,70,0.6698637463823832,False,35.91439915050629,0.1901057478861916,0.1901057478861916,0.31252945213618116,,,,,,,,bmeleton_merged,,,2.490382649861256,True,True,ok,ok,61.0,52.0,61.0,52.0,61.0,52.0,61.0,52.0,0.7733109027280606,1.179621059730406,1.2021989540052567,1.7586823762778625,0.4075030092688131,0.19261881731768107,end,end,0.0,0.25231722437670173,,,,,,False
2738,2,bmeleton_final_refit_vertex,3.0354200542453613,-69.99303543114439,34.15789710169361,2,0,64,52,64,52,0.7411262286578679,False,37.36969631511467,0.20526425007117743,0.20526425007117743,0.5156415303722091,,,,,,,,bmeleton_final_refit,,,,,,,,,,,,,,,,,,,,,,,,,,1.0,5.0,2.0,0.5156415303722091,,False
2753,0,bmeleton_merged_intersection,-4.08202679017907,-69.87097312711508,34.102231553087876,1,2,61,14,61,14,0.9018395159003979,False,41.331176919183456,0.2490951109342483,0.2490951109342483,0.3083519872662941,,,,,,,,bmeleton_merged,0.2490951109342484,1.0,,,,,,,,,,,,,,,,,,,,,,,,,,,,,False
2753,1,bmeleton_merged_intersection,-5.259327233135105,-70.34753030679549,30.06949977229212,1,0,61,16,61,16,0.8651744148139141,False,21.83737526532338,0.07175662184882936,0.07175662184882936,0.09555336174205775,,,,,,,,bmeleton_merged,0.07175662184882947,2.0,,,,,,,,,,,,,,,,,,,,,,,,,,,,,False
2753,2,bmeleton_merged_intersection,-6.162802474040019,-69.67364603120092,37.82460467483201,2,0,14,16,14,16,1.8941202916612778,False,19.533183074629942,0.05755199253417875,0.05755199253417875,0.03123528875026028,,,,,,,,bmeleton_merged,0.057551992534178975,3.0,,,,,,,,,,,,,,,,,,,,,,,,,,,,,False
2753,3,bmeleton_merged_pivot_refit_both,-4.300788821506927,-69.89916008688408,34.741121534962204,1,2,61,14,61,14,0.31253231182891344,False,41.69597774149937,0.25331511928314276,0.25331511928314276,0.22896608834886753,,,,,,,,bmeleton_merged,,,0.6758932903876834,True,True,ok,ok,49.0,14.0,49.0,14.0,49.0,14.0,49.0,14.0,1.3643956232170202,0.02953410692942015,1.944019892472693,0.11829163794577693,0.4105915024776803,0.03816057267166747,end,end,0.0,0.9018395159003979,,,,,,False
2753,4,bmeleton_merged_pivot_refit_both,-6.15762186616587,-70.03481385014456,27.073952326608776,1,0,61,16,61,16,1.4201693385993592,False,153.82495950905763,1.8974506157896818,0.10254938421031823,0.9112858605668599,,,,,,,,bmeleton_merged,,,3.142933236537517,True,True,ok,ok,53.0,13.0,53.0,13.0,53.0,13.0,53.0,13.0,1.3764239207211002,2.149366313419387,1.9065237079553896,2.086108902722235,0.6423568445540336,4.604337901923417,end,start,1.0,0.8651744148139141,,,,,,False
2753,5,bmeleton_merged_pivot_refit_both,-9.671080719851242,-69.08470581313478,44.44083137262061,2,0,14,16,14,16,2.3563268121313046,False,164.38856616662218,1.9631088825078713,0.0368911174921287,0.5150922709913098,,,,,,,,bmeleton_merged,,,7.511945323750611,True,True,ok,ok,14.0,13.0,14.0,13.0,14.0,13.0,14.0,13.0,0.02953410692942015,2.149366313419387,0.11829163794577693,2.086108902722235,0.16282656144065855,5.083448259167167,end,start,2.0,1.8941202916612778,,,,,,False
2753,6,bmeleton_final_refit_vertex,-4.2105570087565685,-69.63986327237043,34.47331658813545,2,3,52,14,52,14,0.5492618147700515,False,41.81447849090413,0.2546924550971361,0.2546924550971361,0.3095897423604534,,,,,,,,bmeleton_final_refit,,,,,,,,,,,,,,,,,,,,,,,,,,1.0,40.52743456311678,2.0,0.3095897423604534,,False
2755,0,bmeleton_merged_intersection,3.964599635197559,-69.14034440745985,57.96900210345922,1,2,62,87,62,87,0.5864648636473774,False,22.65671316742822,0.07717062270604325,0.07717062270604325,0.20720784410964388,,,,,,,,bmeleton_merged,0.07717062270604325,1.0,,,,,,,,,,,,,,,,,,,,,,,,,,,,,False
2755,1,bmeleton_merged_intersection,12.663300053710978,-67.89550578051697,83.73125648408619,2,0,87,22,87,22,0.49074930545363415,False,12.969717362096084,0.025511177541758356,0.025511177541758356,0.05081709858456606,,,,,,,,bmeleton_merged,0.02551117754175858,3.0,,,,,,,,,,,,,,,,,,,,,,,,,,,,,False
2755,2,bmeleton_merged_intersection,6.446035998887542,-69.70231644894693,22.08605176952384,1,0,62,22,62,22,0.4758422263116903,False,9.71179514659084,0.01433123771983813,0.01433123771983813,0.024164619848076323,,,,,,,,bmeleton_merged,0.014331237719838352,2.0,,,,,,,,,,,,,,,,,,,,,,,,,,,,,False
2755,3,bmeleton_merged_pivot_refit_both,3.57996218017108,-68.93179094508758,56.34603507361183,1,2,62,87,62,87,0.37922726194172185,False,22.123410421757683,0.07362516753599313,0.07362516753599313,0.10176751412066892,,,,,,,,bmeleton_merged,,,1.6809112107569388,True,True,ok,ok,35.0,78.0,35.0,82.0,35.0,81.0,35.0,78.0,1.698724532684002,1.2136318010852727,2.420346816349528,1.7032883954381892,0.5020023729898198,0.1622164714770742,end,end,0.0,0.5864648636473774,,,,,,False
2755,4,bmeleton_merged_pivot_refit_both,13.304810820987434,-67.57557474513064,85.20476373310167,2,0,87,22,87,22,0.7856935483606685,False,167.47816838349047,1.9762134654864554,0.02378653451354462,2.1493323728057083,,,,,,,,bmeleton_merged,,,1.638632217685279,True,True,ok,ok,71.0,22.0,72.0,22.0,71.0,22.0,71.0,22.0,1.1113475608219798,1.068837883347911,1.6881501479562644,1.4341375610698386,0.2608746855443281,0.39036992591193853,end,start,1.0,0.49074930545363415,,,,,,False
2755,5,bmeleton_merged_pivot_refit_both,6.850088002807776,-69.57856652350938,15.15598567929581,1,0,62,22,62,22,0.9539943304866736,False,8.654043717943896,0.011385106621615515,0.011385106621615515,0.009055209380883151,,,,,,,,bmeleton_merged,,,6.942938000648298,True,True,ok,ok,50.0,18.0,54.0,18.0,53.0,18.0,50.0,18.0,1.3340506799622665,0.7726182373403836,2.0797320478304138,1.3051044641918106,0.3846849640081704,1.11139385718085,end,end,2.0,0.4758422263116903,,,,,,False
2755,6,bmeleton_final_refit_vertex,5.429413152722667,-68.5668212459997,61.2213525994062,3,2,83,35,83,35,0.07580390896070892,False,27.231140749898426,0.11083219472627681,0.11083219472627681,0.2942213436587828,,,,,,,,bmeleton_final_refit,,,,,,,,,,,,,,,,,,,,,,,,,,1.0,5.0,2.0,0.2942213436587828,,False
2760,0,bmeleton_merged_intersection,-1.261017248530339,-79.18310553811808,78.45792381763366,0,1,121,25,121,25,0.22729184435528396,False,33.50411372550012,0.16615380808387425,0.16615380808387425,0.43705515765688946,,,,,,,,bmeleton_merged,0.16615380808387425,1.0,,,,,,,,,,,,,,,,,,,,,,,,,,,,,False
2760,1,bmeleton_merged_pivot_refit_both,-2.168885488233559,-78.6173644307855,80.44402578888398,0,1,121,25,121,25,0.514172031044322,False,147.42013548480776,1.8426416854701808,0.1573583145298192,2.1969131072990997,,,,,,,,bmeleton_merged,,,2.255856551599,True,True,ok,ok,74.0,23.0,76.0,23.0,74.0,23.0,74.0,23.0,1.649097411381977,0.46543921613194117,2.1126031579973836,0.923491395120718,1.0109744753195828,0.04004236305859871,start,end,0.0,0.22729184435528396,,,,,,False
2760,2,bmeleton_final_refit_vertex,-2.941162916744112,-78.01624243343302,82.10226158496793,1,2,40,25,40,25,1.0243628138377627,False,41.573817110601325,0.25189858816720223,0.25189858816720223,0.33056329051073907,,,,,,,,bmeleton_final_refit,,,,,,,,,,,,,,,,,,,,,,,,,,1.0,2.291674426001437,2.0,0.33056329051073907,,False
2776,0,bmeleton_merged_intersection,4.741102948950212,-67.61727024993553,61.1541896642606,0,1,54,18,54,18,1.4682627665542618,False,37.57705551005979,0.2074660833417703,0.2074660833417703,0.24999573235335854,,,,,,,,bmeleton_merged,0.2074660833417704,1.0,,,,,,,,,,,,,,,,,,,,,,,,,,,,,False
2776,1,bmeleton_merged_pivot_refit_both,3.380163901171346,-68.03637803141791,62.849787832844314,0,1,54,18,54,18,1.265949628418831,False,144.22027373515598,1.8112707516405244,0.18872924835947547,1.0473666146802432,,,,,,,,bmeleton_merged,,,2.214240179739492,True,True,ok,ok,28.0,18.0,28.0,18.0,28.0,18.0,28.0,18.0,0.9633999640214674,0.9307737569696466,1.348315467634053,1.0383810272186693,1.821646859751644,0.22681135480083334,start,end,0.0,1.4682627665542618,,,,,,False
2776,2,bmeleton_final_refit_vertex,4.086484134043989,-67.90714638135398,62.33660821839441,0,2,21,18,21,18,1.6246881587296802,False,41.34294625541855,0.24923078409052835,0.24923078409052835,0.1828614472542938,,,,,,,,bmeleton_final_refit,,,,,,,,,,,,,,,,,,,,,,,,,,1.0,6.666371983357003,2.0,0.1828614472542938,,False
2778,0,bmeleton_merged_intersection,-1.0789264654483401,-66.33104971917288,88.87096844079588,0,1,98,68,98,68,0.898744117748434,False,36.09918134086885,0.19200169757173147,0.19200169757173147,0.4882438373467343,,,,,,,,bmeleton_merged,0.1920016975717317,1.0,,,,,,,,,,,,,,,,,,,,,,,,,,,,,False
2778,1,bmeleton_merged_pivot_refit_both,-2.108103223733724,-66.16087095754037,90.94260624479014,0,1,98,68,98,68,0.9528931290589934,False,144.6615344720283,1.8157494614075929,0.18425053859240714,2.459068979285363,,,,,,,,bmeleton_merged,,,2.319450107599593,True,True,ok,ok,49.0,65.0,51.0,65.0,49.0,65.0,49.0,65.0,1.5435942149090862,1.265057720402414,1.8961885884084693,1.5451948391926722,0.9103572114349299,0.21509660063558284,start,end,0.0,0.898744117748434,,,,,,False
2778,2,bmeleton_final_refit_vertex,-4.202762434515127,-65.93359489820762,93.85594511197738,2,1,68,40,68,40,0.6936055795718471,False,47.44911490872258,0.32375527377162294,0.32375527377162294,0.7414023082462002,,,,,,,,bmeleton_final_refit,,,,,,,,,,,,,,,,,,,,,,,,,,1.0,2.310412943737419,2.0,0.7414023082462002,,False
2782,0,bmeleton_merged_intersection,0.1689233927734924,-69.44455587498273,38.56542028384675,1,0,81,33,81,33,0.1173100301255865,False,12.071721263979429,0.02211342361896551,0.02211342361896551,0.05585393102268085,,,,,,,,bmeleton_merged,0.022113423618965622,1.0,,,,,,,,,,,,,,,,,,,,,,,,,,,,,False
2782,1,bmeleton_final_refit_vertex,0.46190665958832344,-68.7295179216649,51.465322716885495,2,0,51,23,51,23,0.8862044910691802,False,28.789472819030248,0.12360482023332686,0.12360482023332686,0.17979974700979232,,,,,,,,bmeleton_final_refit,,,,,,,,,,,,,,,,,,,,,,,,,,1.0,5.0,2.0,0.17979974700979232,,False
2787,0,bmeleton_merged_intersection,-2.675705734634395,-68.9972485091624,107.6822920392147,1,2,26,23,26,23,1.7527659742070696,False,36.605595594366235,0.19724075687997367,0.19724075687997367,0.1785687925929744,,,,,,,,bmeleton_merged,0.1972407568799739,2.0,,,,,,,,,,,,,,,,,,,,,,,,,,,,,False
2787,1,bmeleton_merged_intersection,-0.26392000023146767,-69.25187038630841,112.03074026040116,0,2,115,23,115,23,1.1870942091151488,False,29.268170757628113,0.12765899792110103,0.12765899792110103,0.2652879653918323,,,,,,,,bmeleton_merged,0.12765899792110125,3.0,,,,,,,,,,,,,,,,,,,,,,,,,,,,,False
2787,2,bmeleton_merged_intersection,-0.35150235049596995,-70.44160712997403,89.91964566090604,1,0,26,115,26,115,1.0531117026960144,False,7.461068034528029,0.008466676141518081,0.008466676141518081,0.019120967458960105,,,,,,,,bmeleton_merged,0.008466676141518081,1.0,,,,,,,,,,,,,,,,,,,,,,,,,,,,,False
2787,3,bmeleton_merged_pivot_refit_both,-0.6066916088917189,-69.2447352901041,111.43862765233024,0,2,115,23,115,23,1.327205048070105,False,150.51677408554514,1.8704998220481142,0.12950017795188573,2.364597716327618,,,,,,,,bmeleton_merged,,,0.6842080282618205,True,True,ok,ok,101.0,23.0,102.0,23.0,101.0,23.0,101.0,23.0,1.510683300053622,0.4072658752476751,1.9251292090112742,0.47521279548029455,0.45211103392485236,0.27671213013703777,start,end,1.0,1.1870942091151488,,,,,,False
2787,4,bmeleton_merged_pivot_refit_both,-1.9690015627277972,-69.13860916374833,109.03300575205776,1,2,26,23,26,23,1.721158742048214,False,37.96560842605376,0.21161983991259115,0.21161983991259115,0.12097016039841421,,,,,,,,bmeleton_merged,,,1.530960860152027,True,True,ok,ok,22.0,23.0,22.0,23.0,22.0,23.0,22.0,23.0,1.14092815843363,0.4072658752476751,1.1714759699381536,0.47521279548029455,1.8181199674063864,0.39209665726663956,end,end,0.0,1.7527659742070696,,,,,,False
2787,5,bmeleton_merged_pivot_refit_both,-1.2025729150195439,-70.20051467330039,99.11495261949014,1,0,26,115,26,115,0.6593388359052047,False,172.50374285474354,1.991453385899982,0.008546614100018002,2.307761569817815,,,,,,,,bmeleton_merged,,,9.237754962167406,True,True,ok,ok,25.0,79.0,25.0,79.0,25.0,79.0,25.0,79.0,1.0748826246643481,1.5046540090557625,1.1488038355082004,1.9403263799785107,0.6966518318915684,0.4999831524937527,end,start,2.0,1.0531117026960144,,,,,,False
2787,6,bmeleton_final_refit_vertex,-1.7300407025460554,-69.20487945122312,109.46206937636197,1,3,23,23,23,23,1.7420640168012187,False,39.32955916304066,0.22648665742198892,0.22648665742198892,0.19316017719960976,,,,,,,,bmeleton_final_refit,,,,,,,,,,,,,,,,,,,,,,,,,,1.0,36.94689625003704,2.0,0.19316017719960976,,False
2800,0,bmeleton_merged_intersection,-0.3874811885712748,-63.2609353302241,119.91172569907992,2,1,41,45,41,45,0.6541491850313268,False,34.04147151467581,0.17136739649796684,0.17136739649796684,0.32546113113265324,,,,,,,,bmeleton_merged,0.17136739649796695,1.0,,,,,,,,,,,,,,,,,,,,,,,,,,,,,False
2800,1,bmeleton_merged_intersection,-5.657270547220764,-62.77556229863577,128.60569913389932,2,0,41,99,41,99,0.06855391849329279,False,29.053744428647757,0.12583543735172287,0.12583543735172287,0.3724004105764631,,,,,,,,bmeleton_merged,0.12583543735172287,2.0,,,,,,,,,,,,,,,,,,,,,,,,,,,,,False
2800,2,bmeleton_merged_intersection,-3.1797252283026247,-64.08736263194365,63.37199960338546,1,0,45,99,45,99,0.07432861707290266,False,5.043911790792133,0.0038723910984539422,0.0038723910984539422,0.011447005280930275,,,,,,,,bmeleton_merged,0.0038723910984540533,3.0,,,,,,,,,,,,,,,,,,,,,,,,,,,,,False
2800,3,bmeleton_merged_pivot_refit_both,-5.224297869424967,-62.784224912234656,123.66816423879273,2,0,41,99,41,99,0.2988879728025269,False,151.92846535926205,1.8823607625535175,0.11763923744648241,3.2106656041816026,,,,,,,,bmeleton_merged,,,4.956489808421613,True,True,ok,ok,34.0,97.0,34.0,97.0,34.0,97.0,34.0,97.0,0.7647333377558054,1.3973602114521424,1.1406962416238056,1.651493436964121,1.1289687205197603,0.11686416659516655,end,start,1.0,0.06855391849329279,,,,,,False
2800,4,bmeleton_merged_pivot_refit_both,-0.9231869762327123,-63.24380403230204,118.98386888845252,2,1,41,45,41,45,0.5023711134844617,False,146.65075458006316,1.8353351704949987,0.16466482950500116,1.8937662878832588,,,,,,,,bmeleton_merged,,,1.0715374157396995,True,True,ok,ok,37.0,31.0,37.0,31.0,37.0,31.0,37.0,31.0,0.9254390486341582,0.9294516086026324,1.5158517238596607,1.476643757990212,0.4714518499083094,0.28177846107131804,end,start,0.0,0.6541491850313268,,,,,,False
2800,5,bmeleton_merged_pivot_refit_both,-3.3817880967217118,-64.83783739865135,42.63543035428412,1,0,45,99,45,99,0.8600676127414694,False,3.9257529816146555,0.0023463930696424606,0.0023463930696424606,0.0018057818601022418,,,,,,,,bmeleton_merged,,,20.75112878859929,True,True,ok,ok,20.0,43.0,23.0,52.0,20.0,52.0,20.0,43.0,1.1871946110229648,1.113758285331192,2.3141336835608906,1.4609419330029731,0.5899472992385462,0.6896867245431854,end,end,2.0,0.07432861707290266,,,,,,False
2800,6,bmeleton_final_refit_vertex,-2.7578813252894925,-63.08631526899604,123.82776584611474,3,2,41,13,41,13,0.24231560549411077,False,48.28343557608471,0.33455381726099276,0.33455381726099276,0.36833792677840327,,,,,,,,bmeleton_final_refit,,,,,,,,,,,,,,,,,,,,,,,,,,1.0,0.4534781834122221,2.0,0.36833792677840327,,False
2834,0,bmeleton_merged_intersection,6.517808840634164,-64.95437360818806,90.01855242943407,1,0,12,61,12,61,2.0466848545688885,False,21.51439535782282,0.06967454349370983,0.06967454349370983,0.06687823945114124,,,,,,,,bmeleton_merged,0.06967454349371005,1.0,,,,,,,,,,,,,,,,,,,,,,,,,,,,,False
2834,1,bmeleton_merged_pivot_refit_both,6.279786939310833,-64.76363674062668,90.80705713698245,1,0,12,61,12,61,1.9729616909692342,False,158.69013135965034,1.9316286472769009,0.06837135272309913,1.1652590306802848,,,,,,,,bmeleton_merged,,,0.8454434646874176,True,True,ok,ok,11.0,44.0,11.0,44.0,11.0,44.0,11.0,44.0,0.29777192199250474,0.7910862430082153,0.5540197428318492,1.0328363788943764,0.4313181211851205,0.6785616509114161,end,start,0.0,2.0466848545688885,,,,,,False
2834,2,bmeleton_final_refit_vertex,7.37513080319489,-64.9025492207515,87.65331041502264,2,0,11,8,11,8,1.2938905011351134,False,31.24062597006918,0.14500326547677622,0.14500326547677622,0.05403061917707896,,,,,,,,bmeleton_final_refit,,,,,,,,,,,,,,,,,,,,,,,,,,1.0,5.0,2.0,0.05403061917707896,,False
2835,0,bmeleton_merged_intersection,-3.2925491929779804,-78.64473647047828,33.743138063578954,0,1,58,25,58,25,1.3179057248959682,False,33.09666914610838,0.16224953750316695,0.16224953750316695,0.24447493322160627,,,,,,,,bmeleton_merged,0.16224953750316717,1.0,,,,,,,,,,,,,,,,,,,,,,,,,,,,,False
2835,1,bmeleton_merged_pivot_refit_both,-2.992505542478959,-78.66257172211618,35.98070444320943,0,1,58,25,58,25,0.11397771636238989,False,33.98444332565294,0.17081062863903118,0.17081062863903118,0.167129767681552,,,,,,,,bmeleton_merged,,,2.2576641893023894,True,True,ok,ok,38.0,25.0,40.0,25.0,39.0,25.0,38.0,25.0,1.514653185329874,0.5106344490499537,1.9541143050339849,0.9790381038164032,0.6938521432677999,0.1988924652693129,end,end,0.0,1.3179057248959682,,,,,,False
2835,2,bmeleton_final_refit_vertex,-2.346895574930666,-77.81094102933905,36.32759047838873,0,2,39,25,39,25,0.5828807557533242,False,36.17964565191207,0.19282992588646697,0.19282992588646697,0.2696239078613919,,,,,,,,bmeleton_final_refit,,,,,,,,,,,,,,,,,,,,,,,,,,1.0,10.166021530834858,2.0,0.2696239078613919,,False
2842,0,bmeleton_merged_intersection,3.2970805015231788,-61.96526010124563,97.34848386043564,1,2,21,36,21,36,0.8024003048500814,False,36.58683075643151,0.19704550572003066,0.19704550572003066,0.23343165703979077,,,,,,,,bmeleton_merged,0.19704550572003066,1.0,,,,,,,,,,,,,,,,,,,,,,,,,,,,,False
2842,1,bmeleton_merged_intersection,2.304609536326589,-62.34279827066218,99.04539726749995,2,0,36,64,36,64,0.11886932272941002,False,29.350442592832454,0.12836191256418028,0.12836191256418028,0.3009146851884947,,,,,,,,bmeleton_merged,0.12836191256418028,3.0,,,,,,,,,,,,,,,,,,,,,,,,,,,,,False
2842,2,bmeleton_merged_intersection,2.5599030354352776,-61.98585364557155,93.63853110352359,1,0,21,64,21,64,1.274876953375914,False,7.890979868379533,0.00946891100468883,0.00946891100468883,0.013830391177453065,,,,,,,,bmeleton_merged,0.00946891100468883,2.0,,,,,,,,,,,,,,,,,,,,,,,,,,,,,False
2842,3,bmeleton_merged_pivot_refit_both,1.9653046894129669,-62.290622939575044,99.10222132395822,2,0,36,64,36,64,0.013092832948197157,False,151.0368450230374,1.8749312913260137,0.12506870867398623,2.676230837005878,,,,,,,,bmeleton_merged,,,0.34796410404738753,True,True,ok,ok,36.0,50.0,36.0,50.0,36.0,50.0,36.0,50.0,1.0651960049494587,0.806677738940264,1.4955359459317936,0.9814678798965035,0.17250919432467055,0.21765090581790578,end,start,1.0,0.11886932272941002,,,,,,False
2842,4,bmeleton_merged_pivot_refit_both,4.156378772422789,-61.89015573566863,95.26883605961599,1,2,21,36,21,36,1.189048128422696,False,34.95177472813374,0.18036547250606605,0.18036547250606605,0.121075353775158,,,,,,,,bmeleton_merged,,,2.25143713204561,True,True,ok,ok,21.0,36.0,21.0,36.0,21.0,36.0,21.0,36.0,1.2220266212459285,1.0651960049494587,1.631023668905327,1.4955359459317936,1.7756125916354009,0.32959836330302383,end,end,0.0,0.8024003048500814,,,,,,False
2842,5,bmeleton_merged_pivot_refit_both,2.447032763360685,-61.765836982148684,84.36056516446811,1,0,21,64,21,64,2.281845244269271,False,172.9724008111366,1.99248733242993,0.007512667570070186,1.3240559078082696,,,,,,,,bmeleton_merged,,,9.281260636183832,True,True,ok,ok,21.0,46.0,21.0,46.0,21.0,46.0,21.0,46.0,1.2220266212459285,0.7930301159465394,1.631023668905327,0.9800573428828675,2.127762141319016,0.5848986732637549,end,start,2.0,1.274876953375914,,,,,,False
2842,6,bmeleton_final_refit_vertex,3.2970805015231788,-61.96526010124563,97.34848386043564,2,1,36,21,36,21,0.8024003048500814,False,36.58683075643151,0.19704550572003066,0.19704550572003066,0.23343165703979077,,,,,,,,bmeleton_final_refit,,,,,,,,,,,,,,,,,,,,,,,,,,1.0,3.0,2.0,0.23343165703979077,,False
2868,0,bmeleton_merged_intersection,3.3083223886042976,-75.21042836851083,112.27688557958328,1,0,17,145,17,145,0.9248455789496045,False,17.089124696185547,0.04415119066696693,0.04415119066696693,0.09249406251415646,,,,,,,,bmeleton_merged,0.04415119066696693,1.0,,,,,,,,,,,,,,,,,,,,,,,,,,,,,False
2868,1,bmeleton_merged_pivot_refit_both,3.308767274102035,-75.02429234004964,112.52708590920662,1,0,17,145,17,145,0.6293477282914332,False,162.92912857744682,1.9559423783130687,0.04405762168693117,2.444241926057812,,,,,,,,bmeleton_merged,,,0.31184455095133473,True,True,ok,ok,17.0,114.0,17.0,114.0,17.0,114.0,17.0,114.0,0.43131374642261433,1.7752938460471919,0.4950700745117823,2.0354644317490846,0.24928274746074142,0.08147486885296926,end,start,0.0,0.9248455789496045,,,,,,False
2868,2,bmeleton_final_refit_vertex,3.3057051576510785,-75.25956305412267,112.0950314802227,0,2,21,17,21,17,1.022054347235657,False,29.871934817286363,0.132859180901284,0.132859180901284,0.10421278849438047,,,,,,,,bmeleton_final_refit,,,,,,,,,,,,,,,,,,,,,,,,,,1.0,40.111261366464234,2.0,0.10421278849438047,,False
2878,0,bmeleton_merged_intersection,1.124486386696296,-61.848198817471854,100.1611779170533,1,0,35,98,35,98,0.9247217671585852,False,39.295120552803496,0.22610585283232676,0.22610585283232676,0.5587672104501651,,,,,,,,bmeleton_merged,0.22610585283232676,1.0,,,,,,,,,,,,,,,,,,,,,,,,,,,,,False
2878,1,bmeleton_merged_pivot_refit_both,3.782307966592689,-62.235767527118256,103.77365812883198,1,0,35,98,35,98,0.5416997109268503,False,142.54200855713933,1.7937994633651944,0.20620053663480564,2.131352287773307,,,,,,,,bmeleton_merged,,,4.501581759310002,True,True,ok,ok,35.0,49.0,35.0,53.0,35.0,49.0,35.0,49.0,0.7970805106430464,1.196795704145476,1.096009516852218,1.686478442888197,0.1854050415659008,1.7866221188099092,end,start,0.0,0.9247217671585852,,,,,,False
2878,2,bmeleton_final_refit_vertex,3.8503194242624614,-62.6605425184265,104.31120357678037,0,2,36,35,36,35,1.394292278731108,False,50.855864006903936,0.36872657692112965,0.36872657692112965,0.5117257122740182,,,,,,,,bmeleton_final_refit,,,,,,,,,,,,,,,,,,,,,,,,,,1.0,8.167671313913432,2.0,0.5117257122740182,,False
2892,0,bmeleton_merged_intersection,7.573645233468848,-64.88837381329475,118.44448260746782,1,0,70,88,70,88,0.21831278341074864,False,28.52222720814489,0.12136806146131096,0.12136806146131096,0.3488715601155956,,,,,,,,bmeleton_merged,0.12136806146131107,1.0,,,,,,,,,,,,,,,,,,,,,,,,,,,,,False
2892,1,bmeleton_merged_pivot_refit_both,8.224457416666688,-64.60258237338712,120.73326378052067,1,0,70,88,70,88,0.24820847166093576,False,151.63162828898845,1.8799109918482575,0.1200890081517424,3.561728091419631,,,,,,,,bmeleton_merged,,,2.396612714446039,True,True,ok,ok,64.0,60.0,64.0,60.0,64.0,60.0,64.0,60.0,1.0613192910460416,0.877582329130279,1.2809206114889247,1.0353977268116445,0.2395689692609077,0.4020086768771048,end,start,0.0,0.21831278341074864,,,,,,False
2892,2,bmeleton_final_refit_vertex,11.418638083877662,-64.6111000311634,126.5399780678342,2,1,66,28,66,28,0.40461722728889676,False,44.833685578290826,0.29084365761347375,0.29084365761347375,0.5783432198431044,,,,,,,,bmeleton_final_refit,,,,,,,,,,,,,,,,,,,,,,,,,,1.0,5.0,2.0,0.5783432198431044,,False
2893,0,bmeleton_merged_intersection,0.12692976328763314,-73.30131816831616,106.44919117462123,0,1,146,42,146,42,0.46608570601491056,False,21.260436279683443,0.06805816333937664,0.06805816333937664,0.18676480849308236,,,,,,,,bmeleton_merged,0.06805816333937675,1.0,,,,,,,,,,,,,,,,,,,,,,,,,,,,,False
2893,1,bmeleton_merged_pivot_refit_both,0.42682274621698146,-73.08754498947638,108.18708873286968,0,1,146,42,146,42,0.5471590155546546,False,158.78086567898666,1.9322029822069748,0.06779701779302516,3.169789685129983,,,,,,,,bmeleton_merged,,,1.776491681986562,True,True,ok,ok,105.0,40.0,105.0,40.0,105.0,40.0,105.0,40.0,1.6813626857994781,0.8376757321267427,2.0072549860409916,1.1208995110017157,0.19622274141632573,0.2594461284953699,start,end,0.0,0.46608570601491056,,,,,,False
2893,2,bmeleton_final_refit_vertex,0.7357971169653141,-73.59075316070019,108.02470637612961,2,0,41,31,41,31,1.303758726670796,False,38.48684220008272,0.21724890520959594,0.21724890520959594,0.307164342064179,,,,,,,,bmeleton_final_refit,,,,,,,,,,,,,,,,,,,,,,,,,,1.0,5.0,2.0,0.307164342064179,,False
2894,0,bmeleton_merged_intersection,2.621278708820718,-70.5570842893649,44.95992765489372,1,0,80,55,80,55,0.03411363596583357,False,33.17825129498833,0.16302789921572347,0.16302789921572347,0.48576942537902795,,,,,,,,bmeleton_merged,0.16302789921572358,1.0,,,,,,,,,,,,,,,,,,,,,,,,,,,,,False
2894,1,bmeleton_merged_pivot_refit_both,3.768732422535029,-70.4732238366152,43.38201725452347,1,0,80,55,80,55,0.37127020584787246,False,31.974837889772317,0.15171926540042768,0.15171926540042768,0.1794127732014884,,,,,,,,bmeleton_merged,,,1.9528143363486326,True,True,ok,ok,71.0,29.0,73.0,37.0,72.0,29.0,71.0,29.0,0.8007609068123372,2.114335988650958,1.210480050391357,2.482624552682925,0.0498444842772514,1.2739569815026515,end,end,0.0,0.03411363596583357,,,,,,False
2894,2,bmeleton_final_refit_vertex,0.0890619757113651,-70.81799504724738,49.19795210666135,2,1,75,37,75,37,0.2172448279830974,False,43.357983065992784,0.2729216599195752,0.2729216599195752,0.6889192009794126,,,,,,,,bmeleton_final_refit,,,,,,,,,,,,,,,,,,,,,,,,,,1.0,5.0,2.0,0.6889192009794126,,False
2918,0,bmeleton_merged_intersection,2.4053269475859933,-69.42011059719445,72.4359054301056,1,0,33,100,33,100,1.884070111286742,False,14.508628277889594,0.03189007578953529,0.03189007578953529,0.06652842548606364,,,,,,,,bmeleton_merged,0.0318900757895354,1.0,,,,,,,,,,,,,,,,,,,,,,,,,,,,,False
2918,1,bmeleton_merged_pivot_refit_both,2.519884742932386,-70.29579507605911,66.7699188192773,1,0,33,100,33,100,0.23862340269524482,False,165.6913445157742,1.9689784070247014,0.031021592975298495,2.592197018035931,,,,,,,,bmeleton_merged,,,5.73440067217881,True,True,ok,ok,32.0,68.0,32.0,68.0,32.0,68.0,32.0,68.0,0.9168932175219264,1.6677932029646438,0.9791879949116308,2.191643583825634,0.5222788761020004,0.5652580368782475,end,start,0.0,1.884070111286742,,,,,,False
2918,2,bmeleton_final_refit_vertex,1.6410576852851135,-69.10413512183936,68.62376767321908,2,0,33,25,33,25,0.8469839229150431,False,13.608696651596876,0.0280747017113675,0.0280747017113675,0.034478648498535124,,,,,,,,bmeleton_final_refit,,,,,,,,,,,,,,,,,,,,,,,,,,1.0,3.6000649324311036,2.0,0.034478648498535124,,False
2935,0,bmeleton_merged_intersection,4.581262686701509,-68.84752019081046,104.92746410163335,0,1,138,13,138,13,2.31230652685665,False,11.686966556620607,0.02073108536968704,0.02073108536968704,0.03002056624729096,,,,,,,,bmeleton_merged,0.02073108536968704,1.0,,,,,,,,,,,,,,,,,,,,,,,,,,,,,False
2935,1,bmeleton_merged_pivot_refit_both,4.6172945697653365,-69.21276514258628,106.67215995182956,0,1,138,13,138,13,2.7390869030419407,False,11.864723817063593,0.02136424343210319,0.02136424343210319,0.005205317499808901,,,,,,,,bmeleton_merged,,,1.7828813143579465,True,True,ok,ok,12.0,13.0,22.0,13.0,15.0,13.0,12.0,13.0,1.4084239513727943,0.7933588259988517,1.4267133234456022,1.093609741885463,0.8029553273179815,1.919510366048462,end,end,0.0,2.31230652685665,,,,,,False
2935,2,bmeleton_final_refit_vertex,5.576728154228697,-69.86859069946344,110.6164622988548,1,2,22,13,22,13,2.2403698578876527,False,35.65135909202672,0.18742137199699227,0.18742137199699227,0.10944133606140971,,,,,,,,bmeleton_final_refit,,,,,,,,,,,,,,,,,,,,,,,,,,1.0,16.806566544877253,2.0,0.10944133606140971,,False
2938,0,bmeleton_merged_intersection,-3.2820935102552466,-74.85514203621273,75.03461366761975,1,0,42,118,42,118,0.8041480507263826,False,25.077471996974108,0.094264480942999,0.094264480942999,0.24361322312721306,,,,,,,,bmeleton_merged,0.09426448094299922,1.0,,,,,,,,,,,,,,,,,,,,,,,,,,,,,False
2938,1,bmeleton_merged_pivot_refit_both,-3.4397289094108014,-74.64212878454077,75.78949988281647,1,0,42,118,42,118,0.40199684449184114,False,155.02467624514165,1.90648971693886,0.09351028306113995,2.858506164275424,,,,,,,,bmeleton_merged,,,0.8000479750295093,True,True,ok,ok,41.0,69.0,41.0,69.0,41.0,69.0,41.0,69.0,0.5513727260513489,1.9647413294709448,0.8617149411515086,2.03681053008518,0.1446366520600705,0.16684820715237955,end,start,0.0,0.8041480507263826,,,,,,False
2938,2,bmeleton_final_refit_vertex,-4.207254206303686,-74.46884702098997,77.86761960097743,2,1,41,39,41,39,0.4299768429638739,False,39.07211008095514,0.2236466902459584,0.2236466902459584,0.411745383447267,,,,,,,,bmeleton_final_refit,,,,,,,,,,,,,,,,,,,,,,,,,,1.0,5.0,2.0,0.411745383447267,,False
2953,0,bmeleton_merged_intersection,-0.9895930869835046,-72.44509269602659,110.25792664174479,2,1,33,26,33,26,1.0216318972626706,False,42.05361899033837,0.2574816909501676,0.2574816909501676,0.31312360014330004,,,,,,,,bmeleton_merged,0.2574816909501677,3.0,,,,,,,,,,,,,,,,,,,,,,,,,,,,,False
2953,1,bmeleton_merged_intersection,0.7731051766011512,-72.64696658211045,112.92874559515653,0,2,76,33,76,33,0.7971484465683526,False,34.62220988556138,0.17708380977044114,0.17708380977044114,0.3824443155016463,,,,,,,,bmeleton_merged,0.17708380977044114,1.0,,,,,,,,,,,,,,,,,,,,,,,,,,,,,False
2953,2,bmeleton_merged_intersection,0.9314349728721892,-73.1268946958684,96.49475761405967,0,1,76,26,76,26,0.02132425943276262,False,7.489653358777301,0.008531583986319147,0.008531583986319147,0.018881864716751646,,,,,,,,bmeleton_merged,0.008531583986319258,2.0,,,,,,,,,,,,,,,,,,,,,,,,,,,,,False
2953,3,bmeleton_merged_pivot_refit_both,1.5345840208275943,-72.67853580725654,114.0557483675039,0,2,76,33,76,33,0.5274810772473201,False,145.80237167723848,1.8271038402073438,0.17289615979265616,2.533369206866605,,,,,,,,bmeleton_merged,,,1.3605079547946113,True,True,ok,ok,57.0,33.0,57.0,33.0,57.0,33.0,57.0,33.0,0.9845132720955556,0.5920088659373921,1.080844493398448,0.7780120001360264,0.4305607952764417,0.1603164184263302,start,end,1.0,0.7971484465683526,,,,,,False
2953,4,bmeleton_merged_pivot_refit_both,-1.7743910307254573,-72.4121415504801,109.09461191473157,2,1,33,26,33,26,1.1652859617165114,False,40.94985355650104,0.24471651256607574,0.24471651256607574,0.18702424319097277,,,,,,,,bmeleton_merged,,,1.4036718792439549,True,True,ok,ok,33.0,26.0,33.0,26.0,33.0,26.0,33.0,26.0,0.5920088659373921,1.387808459382839,0.7780120001360264,1.7961731912815468,0.20384441997901825,1.3803087619178984,end,end,0.0,1.0216318972626706,,,,,,False
2953,5,bmeleton_merged_pivot_refit_both,1.5549807491483907,-73.2153906175613,81.87051849538729,0,1,76,26,76,26,0.23054174352437748,False,173.30038900276833,1.9931714416374604,0.006828558362539594,2.040440398878794,,,,,,,,bmeleton_merged,,,14.63779391381692,True,True,ok,ok,48.0,26.0,48.0,26.0,48.0,26.0,48.0,26.0,0.9756179431477434,1.387808459382839,1.0765910205516798,1.7961731912815468,0.34560916986930357,1.1259466481437694,start,end,2.0,0.02132425943276262,,,,,,False
2953,6,bmeleton_final_refit_vertex,-0.9895930869835046,-72.44509269602659,110.25792664174479,2,1,33,26,33,26,1.021631897262672,False,42.05361899033837,0.2574816909501676,0.2574816909501676,0.31312360014329993,,,,,,,,bmeleton_final_refit,,,,,,,,,,,,,,,,,,,,,,,,,,1.0,3.0,2.0,0.31312360014329993,,False
2964,0,bmeleton_merged_intersection,6.434112771514238,-71.28619409331179,95.36212744383636,1,0,10,85,10,85,2.2906445881792257,False,3.9854707054612506,0.0024182926869033006,0.0024182926869033006,0.0024176443101910487,,,,,,,,bmeleton_merged,0.0024182926869034116,1.0,,,,,,,,,,,,,,,,,,,,,,,,,,,,,False
2964,1,bmeleton_merged_pivot_refit_both,6.610466568911878,-71.38292685905617,97.95324974039139,1,0,10,85,10,85,2.16250787863219,False,4.081036029264996,0.0025356072137114882,0.0025356072137114882,0.000954155402385685,,,,,,,,bmeleton_merged,,,2.5989175911386124,True,True,ok,ok,10.0,24.0,10.0,32.0,10.0,24.0,10.0,24.0,0.5140590508246532,1.0005460343660666,0.5368034218958481,1.222933335412907,1.2128785659344112,0.47875841321421875,end,end,0.0,2.2906445881792257,,,,,,False
2964,2,bmeleton_final_refit_vertex,7.680328457286892,-71.98778575151076,111.17790899848032,0,2,35,10,35,10,1.596414077750887,False,19.728749333558326,0.05869871816552796,0.05869871816552796,0.04161929683110014,,,,,,,,bmeleton_final_refit,,,,,,,,,,,,,,,,,,,,,,,,,,1.0,29.73696518171219,2.0,0.04161929683110014,,False
2967,0,bmeleton_merged_intersection,5.57318764503731,-78.04109284294009,109.37687063301115,1,0,42,68,42,68,0.10399019270891556,False,24.475028331201248,0.08985807654760458,0.08985807654760458,0.23521574915680235,,,,,,,,bmeleton_merged,0.08985807654760469,1.0,,,,,,,,,,,,,,,,,,,,,,,,,,,,,False
2967,1,bmeleton_merged_pivot_refit_both,5.125849585643145,-77.68600411274599,109.3751401654306,1,0,42,68,42,68,0.10450804045685,False,156.03708512332577,1.9138085296078278,0.08619147039217212,2.801576415700635,,,,,,,,bmeleton_merged,,,0.5711412611705102,True,True,ok,ok,35.0,55.0,35.0,55.0,35.0,55.0,35.0,55.0,0.8574572992202807,0.9307849518319264,1.1908819792603762,1.0983937044300716,0.2642561399710648,0.3118885073286499,end,start,0.0,0.10399019270891556,,,,,,False
2967,2,bmeleton_final_refit_vertex,8.376012581390555,-77.8676955349832,101.60032276099666,2,1,35,13,35,13,0.09922660677463942,False,24.599585989174862,0.09076088299325746,0.09076088299325746,0.09491614851244264,,,,,,,,bmeleton_final_refit,,,,,,,,,,,,,,,,,,,,,,,,,,1.0,5.0,2.0,0.09491614851244264,,False
2972,0,bmeleton_merged_intersection,5.92557803948938,-69.98887335385027,108.7234806874917,0,1,52,22,52,22,0.252271495402807,False,23.682309023042833,0.08421334258523205,0.08421334258523205,0.135577230905389,,,,,,,,bmeleton_merged,0.08421334258523216,1.0,,,,,,,,,,,,,,,,,,,,,,,,,,,,,False
2972,1,bmeleton_merged_pivot_refit_both,5.39155708790897,-70.05551468150708,110.2659666408849,0,1,52,22,52,22,0.277417852290812,False,156.64236380328015,1.9180480211169306,0.08195197888306949,1.3182210305294635,,,,,,,,bmeleton_merged,,,1.6336714356608024,True,True,ok,ok,24.0,22.0,24.0,22.0,24.0,22.0,24.0,22.0,1.5962361270961893,0.6707013413574272,1.683507644696651,1.1241355317072534,0.35976893060925863,0.07652545108311898,start,end,0.0,0.252271495402807,,,,,,False
2972,2,bmeleton_final_refit_vertex,5.9152836609368995,-70.29484163618804,109.01888515360417,2,0,22,21,22,21,0.8598017771243519,False,24.07941989450919,0.08701921319251738,0.08701921319251738,0.0797982235874838,,,,,,,,bmeleton_final_refit,,,,,,,,,,,,,,,,,,,,,,,,,,1.0,11.794927933534261,2.0,0.0797982235874838,,False
2973,0,bmeleton_merged_intersection,-4.825850425456226,-72.54281382558587,102.14000710564014,0,1,79,18,79,18,0.6155868660053805,False,28.915884676068586,0.12466949180186915,0.12466949180186915,0.20929306900704897,,,,,,,,bmeleton_merged,0.12466949180186915,1.0,,,,,,,,,,,,,,,,,,,,,,,,,,,,,False
2973,1,bmeleton_merged_pivot_refit_both,-5.5087092738596635,-72.15357551066455,103.54032981281267,0,1,79,18,79,18,0.5379177264912026,False,151.58095612440547,1.8794904370987684,0.1205095629012316,2.1346726912128644,,,,,,,,bmeleton_merged,,,1.6058350964120414,True,True,ok,ok,55.0,18.0,55.0,18.0,55.0,18.0,55.0,18.0,0.8449025675020768,0.07905468343057204,1.3432217063155634,0.10106081753728785,0.4930656452555825,0.14430888181016685,start,end,0.0,0.6155868660053805,,,,,,False
2973,2,bmeleton_final_refit_vertex,-6.402285933138362,-71.81523853514202,105.27776231710803,1,2,18,18,18,18,0.602036253395077,False,46.5890372988826,0.3127734824419227,0.3127734824419227,0.2512444774229474,,,,,,,,bmeleton_final_refit,,,,,,,,,,,,,,,,,,,,,,,,,,1.0,43.17024796592085,2.0,0.2512444774229474,,False
2974,0,bmeleton_merged_intersection,2.717725484628761,-74.5282246654441,97.89332447826573,2,1,20,23,20,23,0.5888194961425214,False,38.68648095886435,0.2194220872701843,0.2194220872701843,0.2105131274037554,,,,,,,,bmeleton_merged,0.2194220872701843,1.0,,,,,,,,,,,,,,,,,,,,,,,,,,,,,False
2974,1,bmeleton_merged_intersection,4.812984402648395,-74.20022647424611,101.98303051448622,2,0,20,58,20,58,1.156489926649892,False,27.53275512782171,0.11325328643166621,0.11325328643166621,0.15663421810431333,,,,,,,,bmeleton_merged,0.11325328643166621,2.0,,,,,,,,,,,,,,,,,,,,,,,,,,,,,False
2974,2,bmeleton_merged_intersection,4.773897680593458,-74.45044962637823,88.32121593561523,1,0,23,58,23,58,1.0034182479431042,False,11.346700215484896,0.01954537748591889,0.01954537748591889,0.02972784206240806,,,,,,,,bmeleton_merged,0.01954537748591889,3.0,,,,,,,,,,,,,,,,,,,,,,,,,,,,,False
2974,3,bmeleton_merged_pivot_refit_both,2.409129061364723,-74.52575420052636,97.3945754544593,2,1,20,23,20,23,0.5139558448677206,False,38.19762720633323,0.21411749731330332,0.21411749731330332,0.16272071437644647,,,,,,,,bmeleton_merged,,,0.5865052807913405,True,True,ok,ok,20.0,23.0,20.0,23.0,20.0,23.0,20.0,23.0,0.08498936303938376,0.946264494330487,0.15004252070854632,1.4788953237308973,0.14490885845897888,0.5470605010393865,end,end,0.0,0.5888194961425214,,,,,,False
2974,4,bmeleton_merged_pivot_refit_both,5.0651713766132485,-74.08116279847451,102.57591474352188,2,0,20,58,20,58,1.1720598782524274,False,152.61691283633147,1.8879511903811095,0.11204880961889052,1.9401413419157345,,,,,,,,bmeleton_merged,,,0.655199311480869,True,True,ok,ok,20.0,51.0,20.0,51.0,20.0,51.0,20.0,51.0,0.08498936303938376,0.8706804448555197,0.15004252070854632,0.9471099632700644,0.26950951806225903,0.373417433874172,end,start,1.0,1.156489926649892,,,,,,False
2974,5,bmeleton_merged_pivot_refit_both,4.977884198909122,-74.26645025735053,84.65490901908403,1,0,23,58,23,58,1.279151929379429,False,168.91253258428918,1.9813347517822895,0.01866524821771054,1.6683685971711748,,,,,,,,bmeleton_merged,,,3.6765843759747496,True,True,ok,ok,23.0,43.0,23.0,43.0,23.0,43.0,23.0,43.0,0.946264494330487,0.8063232049453924,1.4788953237308973,0.9669936941799119,0.9165766017666206,0.4414442388089401,end,start,2.0,1.0034182479431042,,,,,,False
2974,6,bmeleton_final_refit_vertex,2.717725484628761,-74.5282246654441,97.89332447826573,1,2,23,20,23,20,0.5888194961425214,False,38.68648095886435,0.2194220872701843,0.2194220872701843,0.2105131274037554,,,,,,,,bmeleton_final_refit,,,,,,,,,,,,,,,,,,,,,,,,,,1.0,3.0,2.0,0.2105131274037554,,False
2983,0,bmeleton_merged_intersection,1.8582163242953045,-71.645697901105,70.49363730638483,0,1,58,29,58,29,2.2027649356157113,False,30.506274298595205,0.13842642381376857,0.13842642381376857,0.19704833155205514,,,,,,,,bmeleton_merged,0.13842642381376846,1.0,,,,,,,,,,,,,,,,,,,,,,,,,,,,,False
2983,1,bmeleton_merged_pivot_refit_both,1.7924913456950788,-72.05939750505462,71.08105559806219,0,1,58,29,58,29,1.0654933030318072,False,149.40252313297378,1.8607644428148915,0.1392355571851086,1.6870314101057662,,,,,,,,bmeleton_merged,,,0.721475837791697,True,True,ok,ok,33.0,29.0,33.0,29.0,33.0,29.0,33.0,29.0,0.7887838790229937,0.6998780383790767,0.8268169363874568,1.008552172727218,0.8940921000624178,0.10286109171352316,start,end,0.0,2.2027649356157113,,,,,,False
2983,2,bmeleton_final_refit_vertex,0.7156257387044145,-71.49030924139925,72.47015750678958,2,1,29,21,29,21,2.2917212603145343,False,46.442530588668085,0.31091819811514154,0.31091819811514154,0.2630660104715698,,,,,,,,bmeleton_final_refit,,,,,,,,,,,,,,,,,,,,,,,,,,1.0,6.385615771730546,2.0,0.2630660104715698,,False
2985,0,bmeleton_merged_intersection,-4.857974415323047,-75.50851383499747,122.34438779304276,0,1,116,20,116,20,2.4159583341226165,False,22.229284347469978,0.07432265367062274,0.07432265367062274,0.12068072974516131,,,,,,,,bmeleton_merged,0.07432265367062285,1.0,,,,,,,,,,,,,,,,,,,,,,,,,,,,,False
2985,1,bmeleton_merged_pivot_refit_both,-4.37310259605195,-75.43437548921926,122.25725685365703,0,1,116,20,116,20,1.548987582839911,False,157.34190956496414,1.922820117430513,0.07717988256948682,2.0018099907483164,,,,,,,,bmeleton_merged,,,0.4981856842947535,True,True,ok,ok,99.0,20.0,101.0,20.0,99.0,20.0,99.0,20.0,1.421895964427083,0.901685923321266,1.784190034160337,1.5181957399556396,0.6235186441189983,0.6594649949344752,start,end,0.0,2.4159583341226165,,,,,,False
2985,2,bmeleton_final_refit_vertex,-5.284583322435218,-75.83904693202626,122.48624618658475,2,0,20,10,20,10,1.8468565511018653,False,37.51738940674897,0.20683145680168558,0.20683145680168558,0.10680224171165671,,,,,,,,bmeleton_final_refit,,,,,,,,,,,,,,,,,,,,,,,,,,1.0,5.621199042024719,2.0,0.10680224171165671,,False
2993,0,bmeleton_merged_intersection,-3.100312568856289,-75.75282174007376,102.503891750521,0,1,83,31,83,31,0.6106640986000108,False,34.898894966146536,0.17983708959933975,0.17983708959933975,0.4064666314408334,,,,,,,,bmeleton_merged,0.17983708959933986,1.0,,,,,,,,,,,,,,,,,,,,,,,,,,,,,False
2993,1,bmeleton_merged_pivot_refit_both,-1.9241628489954015,-75.92859478249743,104.31246182242936,0,1,83,31,83,31,0.40644141694111185,False,145.82875594334243,1.8273625718131075,0.17263742818689265,2.450079608615447,,,,,,,,bmeleton_merged,,,2.1645207393264423,True,True,ok,ok,51.0,31.0,51.0,31.0,51.0,31.0,51.0,31.0,0.8445980997269512,0.5268418755383785,1.0447104315381395,0.6327802245973878,0.7379519313165569,0.10980635234562532,start,end,0.0,0.6106640986000108,,,,,,False
2993,2,bmeleton_final_refit_vertex,-2.8518879130605344,-75.98509267531617,102.94524680570063,2,1,31,27,31,27,0.9633485562001458,False,46.40937150622109,0.31049891367374893,0.31049891367374893,0.37659333387750205,,,,,,,,bmeleton_final_refit,,,,,,,,,,,,,,,,,,,,,,,,,,1.0,21.531161628392933,2.0,0.37659333387750205,,False
3012,0,bmeleton_merged_intersection,2.4308691062112344,-75.15170831660632,86.63760143854068,1,0,25,93,25,93,0.0012173978824795459,False,22.83919031868647,0.07840212473881536,0.07840212473881536,0.1889746660035883,,,,,,,,bmeleton_merged,0.07840212473881547,1.0,,,,,,,,,,,,,,,,,,,,,,,,,,,,,False
3012,1,bmeleton_merged_pivot_refit_both,1.9680658283459844,-75.20707323047574,87.73426945994427,1,0,25,93,25,93,0.1381514199811319,False,157.50848355171564,1.9239361847542775,0.07606381524572237,2.4656276260264978,,,,,,,,bmeleton_merged,,,1.19160937259651,True,True,ok,ok,25.0,55.0,25.0,55.0,25.0,55.0,25.0,55.0,0.590191104218267,0.9913760600295423,0.7056361061877027,1.7095704562000662,0.012479533479170283,0.3438316353980101,end,start,0.0,0.0012173978824795459,,,,,,False
3012,2,bmeleton_final_refit_vertex,2.2406566302932234,-75.53095813754601,87.33099966599798,1,2,32,25,32,25,0.670917450647879,False,30.321178776296833,0.13679100165027136,0.13679100165027136,0.17056472028376393,,,,,,,,bmeleton_final_refit,,,,,,,,,,,,,,,,,,,,,,,,,,1.0,54.230075742591026,2.0,0.17056472028376393,,False
3019,0,bmeleton_merged_intersection,5.716736845895065,-68.01310668935028,54.901330253977115,2,1,28,32,28,32,1.4299746455977336,False,31.07018038193812,0.14346420134181115,0.14346420134181115,0.16696609808740887,,,,,,,,bmeleton_merged,0.14346420134181126,2.0,,,,,,,,,,,,,,,,,,,,,,,,,,,,,False
3019,1,bmeleton_merged_intersection,7.895398110291749,-68.27380182728595,59.52073029601275,2,0,28,49,28,49,0.4847935203988269,False,26.90697886034528,0.10825758540864183,0.10825758540864183,0.18277429517049681,,,,,,,,bmeleton_merged,0.10825758540864183,1.0,,,,,,,,,,,,,,,,,,,,,,,,,,,,,False
3019,2,bmeleton_merged_intersection,8.74211752755421,-70.06038421560757,22.610030345689164,0,1,49,32,49,32,0.7115329168462357,False,4.18157990425681,0.002662028870883737,0.002662028870883737,0.0046139524558634504,,,,,,,,bmeleton_merged,0.002662028870883848,3.0,,,,,,,,,,,,,,,,,,,,,,,,,,,,,False
3019,3,bmeleton_merged_pivot_refit_both,8.597186403623288,-68.45644853886272,60.9530700849248,2,0,28,49,28,49,0.36250874998880145,False,153.96608032283766,1.898534368687987,0.10146563131201314,1.6838682520988926,,,,,,,,bmeleton_merged,,,1.605448193124781,True,True,ok,ok,28.0,27.0,28.0,27.0,28.0,27.0,28.0,27.0,0.40098384086667627,1.248524354788915,0.6721673696803125,1.2101705605747537,0.08058819034628618,0.8504336534073874,end,start,1.0,0.4847935203988269,,,,,,False
3019,4,bmeleton_merged_pivot_refit_both,5.600352816052563,-68.01707018581503,54.53067898187544,2,1,28,32,28,32,1.509781875663631,False,30.904107810572654,0.14197191472900705,0.14197191472900705,0.11560936869569108,,,,,,,,bmeleton_merged,,,0.38851424326168066,True,True,ok,ok,28.0,32.0,28.0,32.0,28.0,32.0,28.0,32.0,0.40098384086667627,1.1134431122763409,0.6721673696803125,1.4850307942963064,0.22529095050549128,0.7343915004585129,end,end,0.0,1.4299746455977336,,,,,,False
3019,5,bmeleton_merged_pivot_refit_both,10.59424105226003,-71.20850125811234,0.9171900963577073,0,1,49,32,49,32,0.8197208481752513,False,3.2159562670788233,0.0015748202327825478,0.0015748202327825478,0.001418316821232413,,,,,,,,bmeleton_merged,,,21.802014869664532,True,True,ok,ok,36.0,32.0,37.0,32.0,37.0,32.0,36.0,32.0,1.175865677302328,1.1134431122763409,1.4836221466973931,1.4850307942963064,0.8778947635152331,0.3070882742038926,end,end,2.0,0.7115329168462357,,,,,,False
3019,6,bmeleton_final_refit_vertex,5.716736845895065,-68.01310668935028,54.901330253977115,1,2,32,28,32,28,1.4299746455977416,False,31.07018038193812,0.14346420134181115,0.14346420134181115,0.16696609808740867,,,,,,,,bmeleton_final_refit,,,,,,,,,,,,,,,,,,,,,,,,,,1.0,3.0,2.0,0.16696609808740867,,False
3021,0,bmeleton_merged_intersection,0.3482155847672245,-72.03732063944263,121.31611562848028,1,0,15,155,15,155,1.5700708327233555,False,12.695670507011004,0.024448846400991653,0.024448846400991653,0.044857989777294306,,,,,,,,bmeleton_merged,0.024448846400991764,1.0,,,,,,,,,,,,,,,,,,,,,,,,,,,,,False
3021,1,bmeleton_merged_pivot_refit_both,0.564634046688309,-71.95979960238725,122.30111935456455,1,0,15,155,15,155,1.471540071321578,False,167.42675866077553,1.9760185342300702,0.023981465769929766,1.7783154158941505,,,,,,,,bmeleton_merged,,,1.011473579608647,True,True,ok,ok,13.0,123.0,13.0,123.0,13.0,123.0,13.0,123.0,0.7515068985813564,1.819791414431879,1.1821894075026251,2.0413733949718895,1.4275655582972309,0.3658260152676038,end,start,0.0,1.5700708327233555,,,,,,False
3021,2,bmeleton_final_refit_vertex,1.675529271977483,-71.29007205776709,127.54620983270681,0,2,22,13,22,13,1.4528095184727656,False,40.77833613894408,0.24275793640806287,0.24275793640806287,0.15905510658186234,,,,,,,,bmeleton_final_refit,,,,,,,,,,,,,,,,,,,,,,,,,,1.0,5.0,2.0,0.15905510658186234,,False
3024,0,bmeleton_merged_intersection,3.248992054801559,-78.17722819347628,43.75368300644092,1,0,31,77,31,77,2.802879505311649,False,3.7669174329225985,0.002160431507237326,0.002160431507237326,0.0033818303708075806,,,,,,,,bmeleton_merged,0.002160431507237326,1.0,,,,,,,,,,,,,,,,,,,,,,,,,,,,,False
3024,1,bmeleton_merged_pivot_refit_both,3.0703980862798357,-78.01708689373761,40.689987216352776,1,0,31,77,31,77,2.881710751014685,False,3.6824176540376667,0.0020646256962479903,0.0020646256962479903,0.001306097319668882,,,,,,,,bmeleton_merged,,,3.0730722307941547,True,True,ok,ok,29.0,36.0,29.0,46.0,29.0,39.0,29.0,36.0,0.7144496363755711,1.5206520160599464,0.9665910916010967,1.4889191167613962,1.0877365840254691,0.4853241413021648,end,end,0.0,2.802879505311649,,,,,,False
3024,2,bmeleton_final_refit_vertex,4.62144514225397,-79.343014629833,61.14685781980838,0,2,48,29,48,29,2.1548900034531373,False,15.535066294556128,0.03653328309994708,0.03653328309994708,0.04762613811848267,,,,,,,,bmeleton_final_refit,,,,,,,,,,,,,,,,,,,,,,,,,,1.0,5.0,2.0,0.04762613811848267,,False
3030,0,bmeleton_merged_intersection,4.374151923334107,-72.04389009109477,60.98302204211868,1,0,36,63,36,63,0.9219823544192219,False,30.958609937463237,0.14246086315472728,0.14246086315472728,0.2864111995092055,,,,,,,,bmeleton_merged,0.14246086315472728,1.0,,,,,,,,,,,,,,,,,,,,,,,,,,,,,False
3030,1,bmeleton_merged_pivot_refit_both,3.4028649725081617,-71.72997616707653,62.778470281949325,1,0,36,63,36,63,0.5562867371141403,False,150.30824295911557,1.8687027854902327,0.13129721450976717,1.87018182221295,,,,,,,,bmeleton_merged,,,2.0653267718325505,True,True,ok,ok,36.0,28.0,36.0,28.0,36.0,28.0,36.0,28.0,0.6243774296019531,0.8963095869031656,0.971352484230106,1.404168741192202,0.13645768236000533,1.2319574246614617,end,start,0.0,0.9219823544192219,,,,,,False
3030,2,bmeleton_final_refit_vertex,4.30601409955054,-71.6309946300643,61.245795807937775,2,1,36,26,36,26,0.13781565442593158,False,34.16306695635519,0.17255727682989908,0.17255727682989908,0.25688142032016886,,,,,,,,bmeleton_final_refit,,,,,,,,,,,,,,,,,,,,,,,,,,1.0,52.88523040151639,2.0,0.25688142032016886,,False
3033,0,bmeleton_merged_intersection,-2.6927418980323687,-71.67730231733408,107.97359709254718,2,0,17,91,17,91,1.9595120230983496,False,33.50786939941733,0.1661899926483581,0.1661899926483581,0.23480711075592506,,,,,,,,bmeleton_merged,0.1661899926483581,1.0,,,,,,,,,,,,,,,,,,,,,,,,,,,,,False
3033,1,bmeleton_merged_intersection,5.519286662130956,-67.99944131288402,122.06836720130737,2,1,17,22,17,22,0.6595133326418426,False,29.847810316342304,0.13264954734439904,0.13264954734439904,0.113318937733247,,,,,,,,bmeleton_merged,0.13264954734439904,2.0,,,,,,,,,,,,,,,,,,,,,,,,,,,,,False
3033,2,bmeleton_merged_intersection,-0.2063673293183237,-71.70295024669028,-4.079954827385986,0,1,91,22,91,22,2.5552171882746895,False,4.051595253305361,0.0024991703967499612,0.0024991703967499612,0.0037001638830595636,,,,,,,,bmeleton_merged,0.0024991703967499612,3.0,,,,,,,,,,,,,,,,,,,,,,,,,,,,,False
3033,3,bmeleton_merged_pivot_refit_both,-2.2158032125347553,-71.25280937140539,108.96333617606967,2,0,17,91,17,91,1.4693380623143821,False,146.81641133395894,1.8369211186578278,0.1630788813421723,1.6251935132457842,,,,,,,,bmeleton_merged,,,1.1778150212657996,True,True,ok,ok,17.0,58.0,17.0,58.0,17.0,58.0,17.0,58.0,0.3000603898546632,1.069805779653696,0.3987668930252238,1.2009813011944883,0.4151470219298642,0.4507058737502025,end,start,0.0,1.9595120230983496,,,,,,False
3033,4,bmeleton_merged_pivot_refit_both,4.180020481956198,-68.62624891643367,119.80477945628996,2,1,17,22,17,22,0.90710986211323,False,149.44482471464732,1.8611400064322887,0.13885999356771128,1.1809695626467462,,,,,,,,bmeleton_merged,,,2.703766105383474,True,True,ok,ok,17.0,21.0,17.0,21.0,17.0,21.0,17.0,21.0,0.3000603898546632,0.6279738189855366,0.3987668930252238,0.879856702416074,0.15734776559168848,0.7579463573084748,end,start,1.0,0.6595133326418426,,,,,,False
3033,5,bmeleton_merged_pivot_refit_both,-0.25625539930105523,-71.73969985513085,-4.863681200873543,0,1,91,22,91,22,2.5743853692145926,False,4.051510404998682,0.0024990657664608618,0.0024990657664608618,0.0022259082185571715,,,,,,,,bmeleton_merged,,,0.7861719797519465,True,True,ok,ok,81.0,22.0,91.0,22.0,81.0,22.0,81.0,22.0,1.3429808075599137,0.7529088613891544,1.7136151747015131,0.971751847369874,0.5030729974467949,0.5551149287424902,end,end,2.0,2.5552171882746895,,,,,,False
3033,6,bmeleton_final_refit_vertex,-2.0773205784512303,-71.32012661054506,108.90903513773884,1,3,29,17,29,17,1.7215375933376649,False,48.00190819022782,0.3308941438577807,0.3308941438577807,0.27326494147303465,,,,,,,,bmeleton_final_refit,,,,,,,,,,,,,,,,,,,,,,,,,,1.0,38.18898351398542,2.0,0.27326494147303465,,False
3043,0,bmeleton_merged_intersection,2.6142046257919893,-80.33198992538735,68.42226002765753,1,0,57,34,57,34,1.6951009708984857,False,8.979530416235281,0.012255834405812904,0.012255834405812904,0.02014664102870568,,,,,,,,bmeleton_merged,0.012255834405813015,1.0,,,,,,,,,,,,,,,,,,,,,,,,,,,,,False
3043,1,bmeleton_final_refit_vertex,3.3499087371524494,-80.89574943562448,81.26131930309259,3,1,45,10,45,10,1.1649915395019093,False,44.79984648318051,0.29042737548747455,0.29042737548747455,0.2498338789277523,,,,,,,,bmeleton_final_refit,,,,,,,,,,,,,,,,,,,,,,,,,,1.0,5.0,2.0,0.2498338789277523,,False
3046,0,bmeleton_merged_intersection,-9.297736655868931,-65.06631642917853,119.87630985498265,1,0,19,86,19,86,0.0711948402280938,False,20.333797836108413,0.06231588017476242,0.06231588017476242,0.12418080517521518,,,,,,,,bmeleton_merged,0.06231588017476242,1.0,,,,,,,,,,,,,,,,,,,,,,,,,,,,,False
3046,1,bmeleton_merged_pivot_refit_both,-9.253396014906413,-65.04121323368062,119.81822560167176,1,0,19,86,19,86,0.044792314623188036,False,159.62404850753583,1.9374282115517905,0.06257178844820954,2.5224812294313304,,,,,,,,bmeleton_merged,,,0.07726605559919092,True,True,ok,ok,19.0,68.0,19.0,69.0,19.0,68.0,19.0,68.0,0.3874052792823611,1.078798230578144,0.4988618518241811,1.3506704188029421,0.015049776152761308,0.031014107711750265,end,start,0.0,0.0711948402280938,,,,,,False
3046,2,bmeleton_final_refit_vertex,-6.263666984764678,-65.74652244715601,113.76685532443642,2,1,19,13,19,13,2.856437559593122,False,32.5386726164908,0.15697140442958613,0.15697140442958613,0.07850247803043958,,,,,,,,bmeleton_final_refit,,,,,,,,,,,,,,,,,,,,,,,,,,1.0,28.703814872887097,2.0,0.07850247803043958,,False
3048,0,bmeleton_merged_intersection,-1.1385024421401422,-67.21666437903141,30.724088869553675,0,1,63,32,63,32,1.0689020918300853,False,40.877773951686194,0.24389260214373454,0.24389260214373454,0.45110097802654014,,,,,,,,bmeleton_merged,0.24389260214373443,1.0,,,,,,,,,,,,,,,,,,,,,,,,,,,,,False
3048,1,bmeleton_merged_pivot_refit_both,-1.7763155511123552,-66.9917246695178,31.890458964289177,0,1,63,32,63,32,0.8660882706967241,False,41.76412124662568,0.254106762288133,0.254106762288133,0.2848320813041427,,,,,,,,bmeleton_merged,,,1.3482665288384843,True,True,ok,ok,46.0,32.0,46.0,32.0,46.0,32.0,46.0,32.0,1.313582591143454,0.3659151458962373,1.9794063927797252,0.5988205360855071,0.9712437001473904,0.12316075840499795,end,end,0.0,1.0689020918300853,,,,,,False
3048,2,bmeleton_final_refit_vertex,-1.9946865556653983,-66.79240848983656,32.344124856631325,0,2,46,32,46,32,0.7265970302912875,False,42.965952286188134,0.2682411536180913,0.2682411536180913,0.44928580571207977,,,,,,,,bmeleton_final_refit,,,,,,,,,,,,,,,,,,,,,,,,,,1.0,40.88691501589925,2.0,0.44928580571207977,,False
3069,0,bmeleton_merged_intersection,-6.852823498651691,-68.58554719139045,75.01233072625277,1,0,42,79,42,79,0.0991861432799235,False,37.63642448417232,0.20809840258292467,0.20809840258292467,0.5876869946722942,,,,,,,,bmeleton_merged,0.2080984025829249,1.0,,,,,,,,,,,,,,,,,,,,,,,,,,,,,False
3069,1,bmeleton_merged_pivot_refit_both,-5.1960343148812775,-68.84115187289025,78.81605759489742,1,0,42,79,42,79,0.5529002538257999,False,143.6681545539908,1.8055991121882295,0.19440088781177045,2.433478952496202,,,,,,,,bmeleton_merged,,,4.15675621656027,True,True,ok,ok,40.0,61.0,40.0,61.0,40.0,61.0,40.0,61.0,0.7914715772985876,1.5175115810818849,1.2382740707254316,1.8998583841609131,0.2485374974808565,1.5989513479858402,end,start,0.0,0.0991861432799235,,,,,,False
3069,2,bmeleton_final_refit_vertex,-7.237843811613928,-68.83974652390091,76.42022226692808,2,0,40,15,40,15,0.5326786407946031,False,42.01566720505584,0.2570381722622963,0.2570381722622963,0.2844970796866152,,,,,,,,bmeleton_final_refit,,,,,,,,,,,,,,,,,,,,,,,,,,1.0,5.0,2.0,0.2844970796866152,,False
3071,0,bmeleton_merged_intersection,-0.4546868846024391,-75.96824852080616,90.84265600808257,1,0,17,99,17,99,3.844627099824504,False,6.688755622583751,0.006806472790996221,0.006806472790996221,0.007892682853142118,,,,,,,,bmeleton_merged,0.006806472790996221,1.0,,,,,,,,,,,,,,,,,,,,,,,,,,,,,False
3071,1,bmeleton_final_refit_vertex,-9.125988780490449,-73.66579127716474,56.36382623988071,1,3,17,7,17,7,7.0145704962811735,False,43.329007175797976,0.27257454535001924,0.27257454535001924,0.06187148441805377,,,,,,,,bmeleton_final_refit,,,,,,,,,,,,,,,,,,,,,,,,,,1.0,5.0,2.0,0.06187148441805377,,False
3081,0,bmeleton_merged_intersection,-0.8150259268164046,-70.30216984033095,24.030470915306044,0,1,63,35,63,35,2.3369454307064905,False,35.68071588452736,0.18772011587944015,0.18772011587944015,0.3003584332237933,,,,,,,,bmeleton_merged,0.18772011587944015,1.0,,,,,,,,,,,,,,,,,,,,,,,,,,,,,False
3081,1,bmeleton_merged_pivot_refit_both,-0.5631922072567477,-70.6436506505068,25.106079973659373,0,1,63,35,63,35,1.2740548684079034,False,35.75684168538987,0.1884957890362684,0.1884957890362684,0.19747334557851243,,,,,,,,bmeleton_merged,,,1.1562716862560218,True,True,ok,ok,48.0,34.0,49.0,34.0,49.0,34.0,48.0,34.0,1.4701173456975747,0.5111793092491974,1.9106100930783714,0.6698802729944698,0.8754583568932829,0.2271688416532086,end,end,0.0,2.3369454307064905,,,,,,False
3081,2,bmeleton_final_refit_vertex,-1.1248839137832256,-70.63821970526206,26.773417197857107,0,2,50,34,50,34,1.1705297679765103,False,37.65294851301036,0.20827454581585425,0.20827454581585425,0.3479190538804888,,,,,,,,bmeleton_final_refit,,,,,,,,,,,,,,,,,,,,,,,,,,1.0,5.0,2.0,0.3479190538804888,,False
3086,0,bmeleton_merged_intersection,-4.904809714134634,-69.49892300124262,117.00934916375664,0,1,80,21,80,21,0.2825477649215691,False,18.035883087865567,0.049137200760041244,0.049137200760041244,0.09531508267823315,,,,,,,,bmeleton_merged,0.049137200760041244,1.0,,,,,,,,,,,,,,,,,,,,,,,,,,,,,False
3086,1,bmeleton_merged_pivot_refit_both,-6.050354473230323,-69.55206510172155,120.19360809844065,0,1,80,21,80,21,0.09606224911329676,False,162.51215047968108,1.9537806987413298,0.04621930125867013,2.4366518257397267,,,,,,,,bmeleton_merged,,,3.3844647791120326,True,True,ok,ok,66.0,21.0,66.0,21.0,66.0,21.0,66.0,21.0,1.1228275272056405,0.6434978742029053,1.5373015517375794,1.05392983766638,0.5575150974096722,0.07653141803684188,start,end,0.0,0.2825477649215691,,,,,,False
3086,2,bmeleton_final_refit_vertex,-6.750504188565292,-70.17613610579775,122.55272661854744,2,1,21,8,21,8,0.8130023694896591,False,37.45224215850789,0.2061395134941424,0.2061395134941424,0.11490935748309103,,,,,,,,bmeleton_final_refit,,,,,,,,,,,,,,,,,,,,,,,,,,1.0,39.483171014420094,2.0,0.11490935748309103,,False
3091,0,bmeleton_merged_intersection,-0.8079353746956023,-72.47842532638029,87.4965424115242,1,0,20,59,20,59,0.9578690608965045,False,19.391379469165678,0.05672737687860474,0.05672737687860474,0.08176788414521809,,,,,,,,bmeleton_merged,0.05672737687860485,1.0,,,,,,,,,,,,,,,,,,,,,,,,,,,,,False
3091,1,bmeleton_merged_pivot_refit_both,0.037646709639671316,-71.76465509704511,92.36511994426752,1,0,20,59,20,59,1.0598211566392444,False,161.45942189816424,1.9480986954222472,0.05190130457775266,1.355049451624947,,,,,,,,bmeleton_merged,,,4.99274715902648,True,True,ok,ok,17.0,43.0,17.0,43.0,17.0,43.0,17.0,43.0,0.9913061490207993,1.2216057675462726,1.4949235818212692,1.6265928958446976,0.2675584063535152,1.0295351005369398,end,start,0.0,0.9578690608965045,,,,,,False
3091,2,bmeleton_final_refit_vertex,0.4608017411983163,-70.39409324670439,96.06019647287357,2,1,20,14,20,14,2.343339245696452,False,25.462745179637228,0.09713497985531405,0.09713497985531405,0.05533514938095871,,,,,,,,bmeleton_final_refit,,,,,,,,,,,,,,,,,,,,,,,,,,1.0,0.957359620890611,2.0,0.05533514938095871,,False
3092,0,bmeleton_merged_intersection,-6.550505281972903,-73.64120682523412,113.87252331564655,0,1,88,15,88,15,1.2004467637687057,False,36.619121531106686,0.19738154983250655,0.19738154983250655,0.28914157737859697,,,,,,,,bmeleton_merged,0.19738154983250655,1.0,,,,,,,,,,,,,,,,,,,,,,,,,,,,,False
3092,1,bmeleton_merged_pivot_refit_both,-5.882928785761033,-73.1800343204103,113.02201175867538,0,1,88,15,88,15,0.9160634175150744,False,144.30580664662327,1.8121426617649496,0.18785733823505046,1.6751441816076575,,,,,,,,bmeleton_merged,,,1.1754609164244973,True,True,ok,ok,69.0,14.0,69.0,14.0,69.0,14.0,69.0,14.0,1.1036462707395203,0.43757800387356804,1.4348067760782153,0.5874357022858466,0.45178998036800155,0.5733618651462008,start,end,0.0,1.2004467637687057,,,,,,False
3092,2,bmeleton_final_refit_vertex,-6.106743034235176,-73.53310958899726,111.33752899110391,2,0,14,9,14,9,1.490281425476093,False,46.620515763533184,0.3131726961013901,0.3131726961013901,0.1354084116180356,,,,,,,,bmeleton_final_refit,,,,,,,,,,,,,,,,,,,,,,,,,,1.0,5.0,2.0,0.1354084116180356,,False
3093,0,bmeleton_merged_intersection,-7.105677701790082,-76.8254065809226,94.17748878462123,0,1,97,43,97,43,1.0031512872856756,False,22.19258737225268,0.07408053987740337,0.07408053987740337,0.1851041303114457,,,,,,,,bmeleton_merged,0.07408053987740337,1.0,,,,,,,,,,,,,,,,,,,,,,,,,,,,,False
3093,1,bmeleton_merged_pivot_refit_both,-7.283918369369011,-77.19111244792774,100.54090950991163,0,1,97,43,97,43,0.12161422747857034,False,156.66701346046986,1.9182185042129558,0.0817814957870443,3.093025813681996,,,,,,,,bmeleton_merged,,,6.376412301898013,True,True,ok,ok,64.0,41.0,64.0,41.0,64.0,41.0,64.0,41.0,1.1692797748915091,0.8435951376027822,1.6762482701638768,1.3279163759036654,0.15662515404389377,1.1070024918993866,start,end,0.0,1.0031512872856756,,,,,,False
3093,2,bmeleton_final_refit_vertex,-7.2674975967986075,-77.56224653482599,103.70278026115355,3,0,41,22,41,22,0.2751214917544387,False,29.524737009638237,0.1298569852345659,0.1298569852345659,0.18483155919806238,,,,,,,,bmeleton_final_refit,,,,,,,,,,,,,,,,,,,,,,,,,,1.0,5.0,2.0,0.18483155919806238,,False
3103,0,bmeleton_merged_intersection,-2.5562273802698954,-77.36315621250465,86.49059394546785,0,1,106,24,106,24,1.5427409138768375,False,32.67594906013859,0.1582625165538516,0.1582625165538516,0.30501198621521713,,,,,,,,bmeleton_merged,0.1582625165538517,1.0,,,,,,,,,,,,,,,,,,,,,,,,,,,,,False
3103,1,bmeleton_merged_pivot_refit_both,-4.0178059643966595,-76.89007568178015,89.03578733532483,0,1,106,24,106,24,1.1614092178978201,False,148.4930877843777,1.8525771234413018,0.14742287655869812,1.815298625746397,,,,,,,,bmeleton_merged,,,2.972881857373451,True,True,ok,ok,63.0,24.0,64.0,24.0,63.0,24.0,63.0,24.0,1.713335624752079,0.49871158365494084,2.2577415429985996,0.5492945224368091,1.2049155400862326,0.26654240612332564,start,end,0.0,1.5427409138768375,,,,,,False
3103,2,bmeleton_final_refit_vertex,-4.749124409256682,-76.52757730610963,90.36662633289684,1,2,33,24,33,24,0.8534729213209135,False,41.50565592151988,0.2511096930354523,0.2511096930354523,0.30182309139104746,,,,,,,,bmeleton_final_refit,,,,,,,,,,,,,,,,,,,,,,,,,,1.0,58.641731715740576,2.0,0.30182309139104746,,False
3127,0,bmeleton_merged_intersection,7.4892492041731105,-66.3215346296205,36.82888407116763,1,0,47,75,47,75,1.051834182303306,False,34.81331832116446,0.1789834745936213,0.1789834745936213,0.43898075798782743,,,,,,,,bmeleton_merged,0.1789834745936213,1.0,,,,,,,,,,,,,,,,,,,,,,,,,,,,,False
3127,1,bmeleton_merged_pivot_refit_both,7.381605501179061,-66.36392952176831,36.64080817558077,1,0,47,75,47,75,1.178412551916093,False,34.70665346048285,0.1779220719786988,0.1779220719786988,0.2178209561568224,,,,,,,,bmeleton_merged,,,0.22080995488268526,True,True,ok,ok,47.0,55.0,47.0,56.0,47.0,55.0,47.0,55.0,0.9170051170498245,1.682397681129564,1.5416251839427515,2.0240760126878516,0.1478732469477734,0.5938028464713372,end,end,0.0,1.051834182303306,,,,,,False
3127,2,bmeleton_final_refit_vertex,7.886654502390936,-66.43489353317709,37.6879340871562,1,2,56,47,56,47,1.115321536334225,False,36.650020496099664,0.19770334832537162,0.19770334832537162,0.41464618992378705,,,,,,,,bmeleton_final_refit,,,,,,,,,,,,,,,,,,,,,,,,,,1.0,15.01614027619407,2.0,0.41464618992378705,,False
3129,0,bmeleton_merged_intersection,-1.0424247867878151,-68.93620222731911,58.211125584112665,0,1,70,49,70,49,0.6516065918394983,False,37.61825963739638,0.20790484452149827,0.20790484452149827,0.5386166257996399,,,,,,,,bmeleton_merged,0.20790484452149838,1.0,,,,,,,,,,,,,,,,,,,,,,,,,,,,,False
3129,1,bmeleton_merged_pivot_refit_both,-0.7171828859585117,-69.11606032786884,57.5816836684953,0,1,70,49,70,49,0.7496337473734588,False,37.7303850448612,0.2091008827335149,0.2091008827335149,0.24365467033659707,,,,,,,,bmeleton_merged,,,0.7309776710163371,True,True,ok,ok,36.0,49.0,38.0,49.0,37.0,49.0,36.0,49.0,1.6158386881413116,0.5283428426047266,2.1901217916709146,0.7769447984414806,0.6004913601864446,0.21134984756961211,end,end,0.0,0.6516065918394983,,,,,,False
3129,2,bmeleton_final_refit_vertex,0.5805046501846958,-69.32556884064303,61.08285378649988,2,0,49,36,49,36,0.7423672567085113,False,43.04194780914298,0.269145804017782,0.269145804017782,0.49213692121227615,,,,,,,,bmeleton_final_refit,,,,,,,,,,,,,,,,,,,,,,,,,,1.0,30.48186922650782,2.0,0.49213692121227615,,False
3139,0,bmeleton_merged_intersection,1.278522556458395,-76.78712088259672,110.57020520997487,1,0,37,120,37,120,0.8212841960489166,False,21.202420986357062,0.0676914797675654,0.0676914797675654,0.1744240896540741,,,,,,,,bmeleton_merged,0.0676914797675654,1.0,,,,,,,,,,,,,,,,,,,,,,,,,,,,,False
3139,1,bmeleton_merged_pivot_refit_both,0.10342395340844934,-76.91026325923437,115.31956301362929,1,0,37,120,37,120,0.3508107033509027,False,159.12769791855797,1.9343768193939246,0.0656231806060753,2.808587027826882,,,,,,,,bmeleton_merged,,,4.894120995536076,True,True,ok,ok,37.0,75.0,37.0,76.0,37.0,75.0,37.0,75.0,0.9560070313778184,1.6645624805370713,1.329793175507265,1.9544357143305624,0.3173901709350465,0.6491928803116722,end,start,0.0,0.8212841960489166,,,,,,False
3139,2,bmeleton_final_refit_vertex,0.7879728968185384,-77.10803133492215,112.0186864459553,2,0,37,32,37,32,1.3609077586318281,False,28.746342076469777,0.12324253840494814,0.12324253840494814,0.16666998521660528,,,,,,,,bmeleton_final_refit,,,,,,,,,,,,,,,,,,,,,,,,,,1.0,8.464058613643747,2.0,0.16666998521660528,,False
3154,0,bmeleton_merged_intersection,-5.9619151833130495,-83.60286803028342,92.23878651508575,1,0,22,93,22,93,1.4801569982135883,False,27.273504152252613,0.11117076456858299,0.11117076456858299,0.19399828380144366,,,,,,,,bmeleton_merged,0.1111707645685831,1.0,,,,,,,,,,,,,,,,,,,,,,,,,,,,,False
3154,1,bmeleton_merged_pivot_refit_both,-6.537932008105693,-83.37073109484433,93.35018444543837,1,0,22,93,22,93,1.4494196378595148,False,153.16404319404256,1.8923026878967444,0.10769731210325562,1.8883166260914082,,,,,,,,bmeleton_merged,,,1.2731411150502305,True,True,ok,ok,22.0,64.0,22.0,64.0,22.0,64.0,22.0,64.0,0.49861129256147785,1.198783788135553,0.5767058151253422,1.526272139728951,0.3031053146147699,0.6305130387051173,end,start,0.0,1.4801569982135883,,,,,,False
3154,2,bmeleton_final_refit_vertex,-5.595135651009231,-83.29173599355033,91.74706172361046,2,0,22,21,22,21,0.6677086887879852,False,39.522648418039786,0.22862691190984796,0.22862691190984796,0.21676084066300336,,,,,,,,bmeleton_final_refit,,,,,,,,,,,,,,,,,,,,,,,,,,1.0,29.84585680106521,2.0,0.21676084066300336,,False
3165,0,bmeleton_merged_intersection,-0.16954287956548064,-83.1253879889822,78.4882315570584,0,1,69,26,69,26,0.05207770014733676,False,31.42161014559691,0.1466457716924251,0.1466457716924251,0.3073624094303379,,,,,,,,bmeleton_merged,0.1466457716924252,1.0,,,,,,,,,,,,,,,,,,,,,,,,,,,,,False
3165,1,bmeleton_merged_pivot_refit_both,-1.0262250113707483,-82.43028877298858,80.581241958734,0,1,69,26,69,26,0.45924965691704056,False,149.49062509999015,1.861546104023229,0.13845389597677094,1.8512750006078833,,,,,,,,bmeleton_merged,,,2.3659585238443253,True,True,ok,ok,38.0,25.0,38.0,25.0,38.0,25.0,38.0,25.0,1.1565445882606766,0.37523588762696675,1.375167373017112,1.1697245683620519,1.0244171806402125,0.026868327865091485,start,end,0.0,0.05207770014733676,,,,,,False
3165,2,bmeleton_final_refit_vertex,-2.282198747083041,-81.88303914727194,83.01014656033269,0,2,27,26,27,26,0.4312158754532538,False,36.75694297553735,0.19881869684020825,0.19881869684020825,0.24247597957535344,,,,,,,,bmeleton_final_refit,,,,,,,,,,,,,,,,,,,,,,,,,,1.0,4.867276721686843,2.0,0.24247597957535344,,False
3176,0,bmeleton_merged_intersection,-4.250120287118418,-72.17966199636578,75.06242552699672,0,1,62,20,62,20,1.8603456704134385,False,14.92022136378785,0.033714730578857544,0.033714730578857544,0.04326378839787717,,,,,,,,bmeleton_merged,0.033714730578857544,1.0,,,,,,,,,,,,,,,,,,,,,,,,,,,,,False
3176,1,bmeleton_final_refit_vertex,-3.4810310577909305,-71.21188479979182,78.95737128676232,2,0,20,17,20,17,1.8152537994881472,False,31.15477828945189,0.14422714429554662,0.14422714429554662,0.09755385550579602,,,,,,,,bmeleton_final_refit,,,,,,,,,,,,,,,,,,,,,,,,,,1.0,2.591596101574151,2.0,0.09755385550579602,,False
3185,0,bmeleton_merged_intersection,-3.217878884918714,-71.15311566174763,35.41865020623506,1,0,64,67,64,67,2.1151954538696938,False,35.308001609488,0.1839431182560365,0.1839431182560365,0.387782288164684,,,,,,,,bmeleton_merged,0.1839431182560365,1.0,,,,,,,,,,,,,,,,,,,,,,,,,,,,,False
3185,1,bmeleton_merged_pivot_refit_both,-3.693742500275806,-71.86322222669594,33.92700397132107,1,0,64,67,64,67,1.5290512196059254,False,35.11461966438528,0.18199702828271247,0.18199702828271247,0.22457069028797372,,,,,,,,bmeleton_merged,,,1.719216683299832,True,True,ok,ok,64.0,45.0,64.0,47.0,64.0,45.0,64.0,45.0,0.9705313556582474,1.4150844617965113,1.415257727067338,1.8591098818570972,0.3358738930504044,1.3908795984622493,end,end,0.0,2.1151954538696938,,,,,,False
3185,2,bmeleton_final_refit_vertex,-3.668025448670111,-71.3436144054265,36.44336410058287,2,1,64,46,64,46,2.5979149732782045,False,36.55671434672934,0.19673231967375537,0.19673231967375537,0.35122886082980104,,,,,,,,bmeleton_final_refit,,,,,,,,,,,,,,,,,,,,,,,,,,1.0,10.98967494808244,2.0,0.35122886082980104,,False
3191,0,bmeleton_merged_intersection,-0.4969965675694199,-67.66867872167319,107.87294666797845,0,1,86,15,86,15,2.4321606511305762,False,9.003301854152713,0.012320676085685767,0.012320676085685767,0.014885187691504386,,,,,,,,bmeleton_merged,0.012320676085685767,1.0,,,,,,,,,,,,,,,,,,,,,,,,,,,,,False
3191,1,bmeleton_merged_pivot_refit_both,-0.5188296062418329,-68.02547937661168,109.97559876662797,0,1,86,15,86,15,2.9347613363629033,False,9.129995311690644,0.012669126984407142,0.012669126984407142,0.0030885818369477806,,,,,,,,bmeleton_merged,,,2.132821895259287,True,True,ok,ok,9.0,15.0,26.0,15.0,13.0,15.0,9.0,15.0,0.769694450969956,0.8670785818933355,1.1272913976698045,1.111306910068535,0.897062392072576,1.7265285236544505,end,end,0.0,2.4321606511305762,,,,,,False
3191,2,bmeleton_final_refit_vertex,0.9094322457669457,-68.48751795410826,115.66860650602204,1,2,28,15,28,15,1.5607763555170557,False,33.64647602549596,0.16752792216885948,0.16752792216885948,0.13082677090069206,,,,,,,,bmeleton_final_refit,,,,,,,,,,,,,,,,,,,,,,,,,,1.0,13.628887340063294,2.0,0.13082677090069206,,False
3195,0,bmeleton_merged_intersection,-3.319923978880383,-69.1379416784747,18.843651193044785,0,1,71,21,71,21,1.230522066137841,False,14.387977388466856,0.031364676562726235,0.031364676562726235,0.04859540493078331,,,,,,,,bmeleton_merged,0.031364676562726346,1.0,,,,,,,,,,,,,,,,,,,,,,,,,,,,,False
3195,1,bmeleton_merged_pivot_refit_both,-3.514675045243107,-68.73544090238843,22.15790053437373,0,1,71,21,71,21,1.6759640672385125,False,14.774230073872834,0.03306181733666935,0.03306181733666935,0.02350005720359516,,,,,,,,bmeleton_merged,,,3.344276236960521,True,True,ok,ok,52.0,20.0,54.0,20.0,54.0,20.0,52.0,20.0,1.6472413644732928,0.9389315635337129,1.8229582013905519,1.554277774330736,1.0903913331001125,0.184633549566202,end,end,0.0,1.230522066137841,,,,,,False
3195,2,bmeleton_final_refit_vertex,-3.22940221944834,-68.75455965213324,20.675278730136696,0,2,59,21,59,21,1.7802375639338022,False,14.908286997584094,0.03366112128912091,0.03366112128912091,0.0436877149367228,,,,,,,,bmeleton_final_refit,,,,,,,,,,,,,,,,,,,,,,,,,,1.0,1.3973780346366371,2.0,0.0436877149367228,,False
3202,0,bmeleton_merged_intersection,2.861558323508752,-77.93746566388594,92.10837487175475,1,0,18,82,18,82,2.4654339968974956,False,4.350364304721521,0.002881159740648842,0.002881159740648842,0.003706768509693713,,,,,,,,bmeleton_merged,0.002881159740649175,1.0,,,,,,,,,,,,,,,,,,,,,,,,,,,,,False
3202,1,bmeleton_merged_pivot_refit_both,2.875010211461808,-78.11191645282796,94.23733911036224,1,0,18,82,18,82,2.5932167689722823,False,4.399923995720859,0.0029471460042546083,0.0029471460042546083,0.0011992590078021771,,,,,,,,bmeleton_merged,,,2.136142027188637,True,True,ok,ok,18.0,21.0,18.0,31.0,18.0,21.0,18.0,21.0,0.9615766763663768,1.0528989292211308,1.0707927951708243,1.2328636892017428,1.2355276543764397,0.6121139736356139,end,end,0.0,2.4654339968974956,,,,,,False
3202,2,bmeleton_final_refit_vertex,4.012136620665705,-78.98314716610682,104.83198526865961,0,2,33,18,33,18,1.6003642665466362,False,19.90168399750201,0.059721877593529316,0.059721877593529316,0.05513136937296472,,,,,,,,bmeleton_final_refit,,,,,,,,,,,,,,,,,,,,,,,,,,1.0,28.2828458857473,2.0,0.05513136937296472,,False
3208,0,bmeleton_merged_intersection,-7.376795938933541,-79.69799527063647,90.85902850145516,0,1,96,18,96,18,1.0209061846310046,False,22.310102656771225,0.07485720346102787,0.07485720346102787,0.12920627798983106,,,,,,,,bmeleton_merged,0.07485720346102798,1.0,,,,,,,,,,,,,,,,,,,,,,,,,,,,,False
3208,1,bmeleton_merged_pivot_refit_both,-7.431020383834321,-79.86456511366791,95.19263475815731,0,1,96,18,96,18,0.23612760644644187,False,156.99881248513506,1.9204967549440486,0.07950324505595152,1.8473371292040084,,,,,,,,bmeleton_merged,,,4.33714525824999,True,True,ok,ok,69.0,15.0,70.0,15.0,69.0,15.0,69.0,15.0,1.5957411345478365,0.6573816683974896,1.9267141482838623,1.2152749459237893,0.16420586020916583,0.6950455081891843,start,end,0.0,1.0209061846310046,,,,,,False
3208,2,bmeleton_final_refit_vertex,-7.5116033147101575,-80.06440472548414,96.16623772300223,0,2,16,15,16,15,0.23957270877950793,False,30.189284671155043,0.1356311394930585,0.1356311394930585,0.10025572192242982,,,,,,,,bmeleton_final_refit,,,,,,,,,,,,,,,,,,,,,,,,,,1.0,5.0,2.0,0.10025572192242982,,False
3222,0,bmeleton_merged_intersection,4.0884763871211085,-75.3068680484086,55.97485085500242,0,1,60,21,60,21,0.8355727458589036,False,33.82919031143044,0.1692990528400885,0.1692990528400885,0.25745203104080494,,,,,,,,bmeleton_merged,0.1692990528400885,1.0,,,,,,,,,,,,,,,,,,,,,,,,,,,,,False
3222,1,bmeleton_merged_pivot_refit_both,3.195730962385551,-74.80616743942306,57.71501732396402,0,1,60,21,60,21,0.6117154332956966,False,147.48504521731292,1.8432511764093786,0.15674882359062137,1.3740379681381296,,,,,,,,bmeleton_merged,,,2.018879598421618,True,True,ok,ok,24.0,21.0,25.0,21.0,24.0,21.0,24.0,21.0,0.8672856906837284,0.30809526654762814,1.2418227061116407,0.9671307211183543,1.352344689985454,0.1261590994590014,start,end,0.0,0.8355727458589036,,,,,,False
3222,2,bmeleton_final_refit_vertex,3.1650526813312645,-74.72086639986497,57.81167072299253,1,2,29,21,29,21,0.47895750971213746,False,40.82070269510753,0.24324109435293995,0.24324109435293995,0.27389724961010775,,,,,,,,bmeleton_final_refit,,,,,,,,,,,,,,,,,,,,,,,,,,1.0,10.706298250876417,2.0,0.27389724961010775,,False
3229,0,bmeleton_merged_intersection,-4.289159426169249,-72.64940103498495,47.902171674689676,0,1,46,11,46,11,1.4140731116491925,False,13.974033723619714,0.029594735089569446,0.029594735089569446,0.02594751776402869,,,,,,,,bmeleton_merged,0.029594735089569557,1.0,,,,,,,,,,,,,,,,,,,,,,,,,,,,,False
3229,1,bmeleton_merged_pivot_refit_both,-2.9935362359762867,-73.09055337836213,40.760482045417675,0,1,46,11,46,11,1.4041559194046895,False,12.066738921056238,0.0220952412123665,0.0220952412123665,0.006714574807929767,,,,,,,,bmeleton_merged,,,7.271656317640722,True,True,ok,ok,15.0,11.0,20.0,11.0,17.0,11.0,15.0,11.0,1.7245852464352338,0.51245077790124,2.6138548720654042,0.7813297111694119,2.074574287817205,0.25481906074988087,end,end,0.0,1.4140731116491925,,,,,,False
3229,2,bmeleton_final_refit_vertex,-4.592455617392169,-72.50760488601014,49.746336143822916,0,2,19,11,19,11,1.3756753311031114,False,21.451442762378555,0.06927216237589984,0.06927216237589984,0.03926862575957636,,,,,,,,bmeleton_final_refit,,,,,,,,,,,,,,,,,,,,,,,,,,1.0,68.92340175658978,2.0,0.03926862575957636,,False
3232,0,bmeleton_merged_intersection,7.178190956828179,-71.04914108425962,82.44716327843841,0,1,76,47,76,47,2.6188258330898724,False,11.171215094665307,0.01894738678763841,0.01894738678763841,0.03715840029211352,,,,,,,,bmeleton_merged,0.01894738678763841,1.0,,,,,,,,,,,,,,,,,,,,,,,,,,,,,False
3232,1,bmeleton_merged_pivot_refit_both,7.395436465546048,-71.28584863247656,87.41981884053632,0,1,76,47,76,47,2.5374980289377405,False,12.060466687539444,0.022072362033466297,0.022072362033466297,0.011238474943591368,,,,,,,,bmeleton_merged,,,4.98302412333156,True,True,ok,ok,13.0,42.0,20.0,42.0,13.0,42.0,13.0,42.0,0.5546261436311235,1.2484434915036178,0.7713492055554937,1.6644224364903313,0.5873636099662076,1.3801024934777493,end,end,0.0,2.6188258330898724,,,,,,False
3232,2,bmeleton_final_refit_vertex,6.958130627637624,-72.19394303769047,93.7139812763883,2,1,42,22,42,22,2.963702554806442,False,30.265792160934797,0.1363033804116679,0.1363033804116679,0.13006713985636056,,,,,,,,bmeleton_final_refit,,,,,,,,,,,,,,,,,,,,,,,,,,1.0,5.0,2.0,0.13006713985636056,,False
3233,0,bmeleton_merged_intersection,-3.030461546849419,-73.52503531573191,58.294338001492775,0,1,66,35,66,35,0.38348730977620354,False,32.3479889264828,0.15518601791110176,0.15518601791110176,0.346365712889358,,,,,,,,bmeleton_merged,0.15518601791110176,1.0,,,,,,,,,,,,,,,,,,,,,,,,,,,,,False
3233,1,bmeleton_merged_pivot_refit_both,-1.0284898740315827,-73.71862880945946,62.12798752704283,0,1,66,35,66,35,0.7472640304182981,False,150.4148162264852,1.8696226298153265,0.13037737018467355,1.458690445856549,,,,,,,,bmeleton_merged,,,4.329230613438012,True,True,ok,ok,27.0,31.0,29.0,32.0,27.0,31.0,27.0,31.0,1.4811243345754097,0.5357947669381766,2.0689100026102114,0.7902434411684265,2.812589421564706,0.07960011891279825,start,end,0.0,0.38348730977620354,,,,,,False
3233,2,bmeleton_final_refit_vertex,-2.6029088730878884,-73.82111668827622,59.393030645771354,2,0,35,33,35,33,0.04437709884400631,False,34.33108091363983,0.17420751978719096,0.17420751978719096,0.29342043265122536,,,,,,,,bmeleton_final_refit,,,,,,,,,,,,,,,,,,,,,,,,,,1.0,2.6147206117674573,2.0,0.29342043265122536,,False
3249,0,bmeleton_merged_intersection,-5.799368680278008,-72.05204590204377,48.84834973704878,1,0,39,79,39,79,1.0318042208110896,False,29.08734530174261,0.1261203832542277,0.1261203832542277,0.2901508871649689,,,,,,,,bmeleton_merged,0.1261203832542278,1.0,,,,,,,,,,,,,,,,,,,,,,,,,,,,,False
3249,1,bmeleton_merged_pivot_refit_both,-5.298701904007435,-71.95969200293501,49.909340234607555,1,0,39,79,39,79,0.36483082007050704,False,151.71606217315068,1.880610223757992,0.11938977624200786,2.029551981031144,,,,,,,,bmeleton_merged,,,1.1768165955032157,True,True,ok,ok,37.0,40.0,38.0,42.0,37.0,40.0,37.0,40.0,0.5316741837866226,1.9646806723036478,0.657970138400273,2.179221430757469,0.043359899439304454,0.8698630078642386,end,start,0.0,1.0318042208110896,,,,,,False
3249,2,bmeleton_final_refit_vertex,-6.359355929133175,-71.76844551937933,47.72953749653096,2,0,39,30,39,30,0.19139956219133888,False,28.375109808845306,0.12014489147708707,0.12014489147708707,0.19790364487310966,,,,,,,,bmeleton_final_refit,,,,,,,,,,,,,,,,,,,,,,,,,,1.0,2.976610940300086,2.0,0.19790364487310966,,False
3251,0,bmeleton_merged_intersection,8.282944950191899,-70.1088832266756,64.35167448862353,0,1,79,10,79,10,1.7950560590283493,False,22.752495993676124,0.07781587561323666,0.07781587561323666,0.08046902124415792,,,,,,,,bmeleton_merged,0.07781587561323666,1.0,,,,,,,,,,,,,,,,,,,,,,,,,,,,,False
3251,1,bmeleton_merged_pivot_refit_both,7.7672092996057644,-70.48932930151899,65.9474948213581,0,1,79,10,79,10,1.6230293486629386,False,157.99798213286135,1.927170660937401,0.07282933906259892,1.177680606109533,,,,,,,,bmeleton_merged,,,1.7196991049361916,True,True,ok,ok,59.0,10.0,59.0,10.0,59.0,10.0,59.0,10.0,1.426011122256081,0.3785959352465935,1.8268832861127857,0.5186453767338393,1.0329697075327011,0.3240413727491153,start,end,0.0,1.7950560590283493,,,,,,False
3251,2,bmeleton_final_refit_vertex,10.274169814104152,-70.01528923046477,59.64740088981182,0,2,12,10,12,10,0.06562150984545896,False,20.723430998127906,0.06470060024040347,0.06470060024040347,0.03497890453019089,,,,,,,,bmeleton_final_refit,,,,,,,,,,,,,,,,,,,,,,,,,,1.0,91.57521812431148,2.0,0.03497890453019089,,False
3255,0,bmeleton_merged_intersection,1.3803924564453545,-82.593960777365,46.85065674059174,1,0,35,43,35,43,0.9141598476719207,False,11.305921401508781,0.01940559732306435,0.01940559732306435,0.03182308035911615,,,,,,,,bmeleton_merged,0.01940559732306435,1.0,,,,,,,,,,,,,,,,,,,,,,,,,,,,,False
3255,1,bmeleton_final_refit_vertex,0.1050254058328246,-82.30831949871379,53.08296070024753,2,1,35,19,35,19,0.6417742472563078,False,35.423858971242346,0.1851134978155422,0.1851134978155422,0.21153060637100682,,,,,,,,bmeleton_final_refit,,,,,,,,,,,,,,,,,,,,,,,,,,1.0,9.758647524070344,2.0,0.21153060637100682,,False
3265,0,bmeleton_merged_intersection,-8.21232850857552,-68.16500357769736,73.97533616676299,0,1,75,19,75,19,0.4748188881368411,False,12.67355320052188,0.024364082550730748,0.024364082550730748,0.04199791654840596,,,,,,,,bmeleton_merged,0.024364082550730748,1.0,,,,,,,,,,,,,,,,,,,,,,,,,,,,,False
3265,1,bmeleton_merged_pivot_refit_both,-8.316716725625817,-68.04698144998537,77.52440041467068,0,1,75,19,75,19,0.2925554597139382,False,167.16158915049553,1.9750006100051531,0.024999389994846744,1.7820992718154396,,,,,,,,bmeleton_merged,,,3.5525600851027437,True,True,ok,ok,35.0,18.0,35.0,18.0,35.0,18.0,35.0,18.0,0.8968768511514095,0.29362616602564107,0.9970423444578908,0.6273952055959944,0.24216253583140301,0.26116854338345763,start,end,0.0,0.4748188881368411,,,,,,False
3265,2,bmeleton_final_refit_vertex,-7.436796638071685,-68.14594788680034,76.69019615588806,1,2,34,18,34,18,0.7375463990880711,False,15.39297733651517,0.035872054166243394,0.035872054166243394,0.03866746986799293,,,,,,,,bmeleton_final_refit,,,,,,,,,,,,,,,,,,,,,,,,,,1.0,5.0,2.0,0.03866746986799293,,False
3268,0,bmeleton_merged_intersection,-3.442985860254783,-78.02695793640399,53.69776197167188,0,1,67,15,67,15,2.205107021080866,False,26.409821667307195,0.1043644724751841,0.1043644724751841,0.1147982547946196,,,,,,,,bmeleton_merged,0.1043644724751841,1.0,,,,,,,,,,,,,,,,,,,,,,,,,,,,,False
3268,1,bmeleton_merged_pivot_refit_both,-3.232436759158375,-77.87337501673284,54.46135682317568,0,1,67,15,67,15,2.1901105326280232,False,26.792345749101937,0.10735395593466401,0.10735395593466401,0.052478901455501194,,,,,,,,bmeleton_merged,,,0.806843066792004,True,True,ok,ok,35.0,15.0,38.0,15.0,36.0,15.0,35.0,15.0,2.031514212239135,0.23027788401536994,2.453533820784033,0.34177986866610033,1.2809594995668239,0.36172795429735816,end,end,0.0,2.205107021080866,,,,,,False
3268,2,bmeleton_final_refit_vertex,-1.966663284495757,-76.9597477410598,58.28784981031279,1,2,36,15,36,15,1.7691789499068362,False,33.35082856603183,0.16468001977860958,0.16468001977860958,0.14133242275958174,,,,,,,,bmeleton_final_refit,,,,,,,,,,,,,,,,,,,,,,,,,,1.0,70.09198554470491,2.0,0.14133242275958174,,False
3280,0,bmeleton_merged_intersection,-0.037269736133516695,-74.93414856051845,19.074300410375546,0,1,39,18,39,18,1.7115987522907234,False,22.70208646681188,0.07747596420012737,0.07747596420012737,0.07646268951233441,,,,,,,,bmeleton_merged,0.07747596420012748,1.0,,,,,,,,,,,,,,,,,,,,,,,,,,,,,False
3280,1,bmeleton_merged_pivot_refit_both,-0.28582477819286967,-74.51234536821572,21.70804326929126,0,1,39,18,39,18,2.3077497017383255,False,23.45894391284712,0.08265443189042943,0.08265443189042943,0.03448071406961614,,,,,,,,bmeleton_merged,,,2.6788615098320068,True,True,ok,ok,24.0,15.0,24.0,15.0,24.0,15.0,24.0,15.0,1.028295816267768,0.8184654945541782,1.1795320492632848,1.0117050806376557,2.364321235547855,0.21533073603573813,end,end,0.0,1.7115987522907234,,,,,,False
3280,2,bmeleton_final_refit_vertex,-0.31975008672999317,-74.34650094242238,22.728596006623103,0,2,25,15,25,15,2.5778643493947744,False,24.445005888846634,0.08964111403094122,0.08964111403094122,0.05726853335086483,,,,,,,,bmeleton_final_refit,,,,,,,,,,,,,,,,,,,,,,,,,,1.0,5.0,2.0,0.05726853335086483,,False
3284,0,bmeleton_merged_intersection,0.019278141000645732,-70.6903227270189,62.861147305850054,2,1,27,32,27,32,1.3094433161406103,False,36.35395114366124,0.19462952942439804,0.19462952942439804,0.2266807127412611,,,,,,,,bmeleton_merged,0.19462952942439804,3.0,,,,,,,,,,,,,,,,,,,,,,,,,,,,,False
3284,1,bmeleton_merged_intersection,2.0647900229792757,-70.30588455839893,67.54794928059671,0,2,33,27,33,27,1.791855692751039,False,23.243899130565605,0.08116676263181644,0.08116676263181644,0.08918023966793158,,,,,,,,bmeleton_merged,0.08116676263181655,1.0,,,,,,,,,,,,,,,,,,,,,,,,,,,,,False
3284,2,bmeleton_merged_intersection,2.0261353875299344,-70.7928418969899,54.531567645999914,0,1,33,32,33,32,0.6478396354433759,False,13.140652508956668,0.026185091531587656,0.026185091531587656,0.03766549742250711,,,,,,,,bmeleton_merged,0.026185091531587767,2.0,,,,,,,,,,,,,,,,,,,,,,,,,,,,,False
3284,3,bmeleton_merged_pivot_refit_both,-0.0001590241309186169,-70.72676636296748,62.08328095853298,2,1,27,32,27,32,1.113724105347011,False,36.046311355461484,0.1914583682243145,0.1914583682243145,0.15905615625753267,,,,,,,,bmeleton_merged,,,0.7789621276274663,True,True,ok,ok,27.0,30.0,27.0,30.0,27.0,30.0,27.0,30.0,0.48252162973927204,0.9979688645690489,0.6899991428461382,1.6724680211138536,0.19436371148735176,0.7035454154907671,end,end,0.0,1.3094433161406103,,,,,,False
3284,4,bmeleton_merged_pivot_refit_both,2.114228724956229,-70.2918959934081,66.9785819060236,0,2,33,27,33,27,1.5498768463326393,False,156.91035637388077,1.9198923983366494,0.08010760166335051,1.4913953608671642,,,,,,,,bmeleton_merged,,,0.5716809183731242,True,True,ok,ok,30.0,27.0,30.0,27.0,30.0,27.0,30.0,27.0,0.968687406063262,0.48252162973927204,1.0861242298322493,0.6899991428461382,0.765823603368953,0.2792115173065876,start,end,1.0,1.791855692751039,,,,,,False
3284,5,bmeleton_merged_pivot_refit_both,1.6122801803848832,-70.74801741504339,55.55144848688397,0,1,33,32,33,32,0.3076700405996901,False,167.43349334447294,1.976044114992531,0.023955885007469147,1.6783496151625639,,,,,,,,bmeleton_merged,,,1.101563568871636,True,True,ok,ok,24.0,32.0,24.0,32.0,24.0,32.0,24.0,32.0,1.0185752489404616,1.0029873152192597,1.0840627009698494,1.627964755460687,0.4568361852124781,0.3790217687770947,start,end,2.0,0.6478396354433759,,,,,,False
3284,6,bmeleton_final_refit_vertex,0.06152946694480699,-70.67356276964597,62.965131578507645,1,2,31,27,31,27,1.3025194361232748,False,36.67498327801964,0.19796349460831042,0.19796349460831042,0.22718186252066755,,,,,,,,bmeleton_final_refit,,,,,,,,,,,,,,,,,,,,,,,,,,1.0,39.1911731156555,2.0,0.22718186252066755,,False
3301,0,bmeleton_merged_intersection,4.346078485592449,-72.1732928401074,111.37858648193996,1,0,26,90,26,90,0.5468041823854694,False,15.38681903782516,0.03584352977765426,0.03584352977765426,0.07814764128341292,,,,,,,,bmeleton_merged,0.03584352977765426,1.0,,,,,,,,,,,,,,,,,,,,,,,,,,,,,False
3301,1,bmeleton_final_refit_vertex,1.9760867671764273,-73.20496222191409,111.31800157249597,0,3,25,17,25,17,0.4194090169446139,False,53.853412237575014,0.41014685296230224,0.41014685296230224,0.3900514778204668,,,,,,,,bmeleton_final_refit,,,,,,,,,,,,,,,,,,,,,,,,,,1.0,5.0,2.0,0.3900514778204668,,False
3321,0,bmeleton_merged_intersection,-2.369600830967048,-66.44230778749252,45.758905167779915,1,0,40,95,40,95,0.12053213667929506,False,12.217833069585714,0.02264992700701174,0.02264992700701174,0.06635031204501059,,,,,,,,bmeleton_merged,0.02264992700701174,1.0,,,,,,,,,,,,,,,,,,,,,,,,,,,,,False
3321,1,bmeleton_merged_pivot_refit_both,-2.5601531342868142,-66.21189056073689,48.723846664696666,1,0,40,95,40,95,0.2749377777802148,False,12.616676402443055,0.02414677176158675,0.02414677176158675,0.029826727218728165,,,,,,,,bmeleton_merged,,,2.979979925909765,True,True,ok,ok,39.0,44.0,40.0,46.0,39.0,45.0,39.0,44.0,0.919527948181671,1.35961809740565,1.2904424462139954,1.870882066645662,0.1230296868013116,0.37689189692269387,end,end,0.0,0.12053213667929506,,,,,,False
3321,2,bmeleton_final_refit_vertex,-3.369193038972582,-65.98887455870647,50.94670968678714,0,2,48,40,48,40,0.5204252641839145,False,15.408263514038264,0.035942905764025146,0.035942905764025146,0.0713232743026703,,,,,,,,bmeleton_final_refit,,,,,,,,,,,,,,,,,,,,,,,,,,1.0,5.500853011113894,2.0,0.0713232743026703,,False
3325,0,bmeleton_merged_intersection,0.6777321156454987,-69.73174160011851,113.70983744239058,2,1,30,57,30,57,0.3565816369481147,False,30.800000292492374,0.1410401056832914,0.1410401056832914,0.2722030332733931,,,,,,,,bmeleton_merged,0.1410401056832914,3.0,,,,,,,,,,,,,,,,,,,,,,,,,,,,,False
3325,1,bmeleton_merged_intersection,6.452499320321557,-68.77752948891313,124.01912023585771,0,2,95,30,95,30,0.6808814250808859,False,26.969003856755332,0.1087480042673088,0.1087480042673088,0.2554865311455077,,,,,,,,bmeleton_merged,0.1087480042673088,1.0,,,,,,,,,,,,,,,,,,,,,,,,,,,,,False
3325,2,bmeleton_merged_intersection,2.5337140449144604,-70.47685305532184,36.22441208970939,0,1,95,57,95,57,1.2052324979137652,False,3.8779429287843166,0.0022896113483070746,0.0022896113483070746,0.005534711267652393,,,,,,,,bmeleton_merged,0.0022896113483070746,2.0,,,,,,,,,,,,,,,,,,,,,,,,,,,,,False
3325,3,bmeleton_merged_pivot_refit_both,0.755853963377733,-69.8543203296328,113.73628044874354,2,1,30,57,30,57,0.06174001159561047,False,149.22570616603772,1.859189542207687,0.14081045779231316,1.703060128144957,,,,,,,,bmeleton_merged,,,0.1477423453428915,True,True,ok,ok,30.0,24.0,30.0,24.0,30.0,24.0,30.0,24.0,0.6248498446388149,1.1411488947205761,0.8455763554266225,2.234131427105089,0.05078716065506261,0.09551494051018336,end,start,0.0,0.3565816369481147,,,,,,False
3325,4,bmeleton_merged_pivot_refit_both,6.581416199667597,-68.74384124388729,123.09969961428294,0,2,95,30,95,30,0.7978261334532669,False,153.41198471216626,1.8942478762492483,0.1057521237507516,2.8051514723496638,,,,,,,,bmeleton_merged,,,0.9290256934069068,True,True,ok,ok,94.0,27.0,94.0,27.0,94.0,27.0,94.0,27.0,1.3534136708902285,0.43223372057947884,1.799666526656784,0.673037927893551,0.2045652875546637,0.36208448321582853,start,end,1.0,0.6808814250808859,,,,,,False
3325,5,bmeleton_merged_pivot_refit_both,2.8386305125490603,-70.61699436626961,13.917370590171913,0,1,95,57,95,57,1.6017469636946466,False,3.1082173791795564,0.001471095944208578,0.001471095944208578,0.0017901345398323941,,,,,,,,bmeleton_merged,,,22.30956552919299,True,True,ok,ok,53.0,47.0,65.0,50.0,64.0,47.0,53.0,47.0,0.7871395803443204,1.2421048744603285,1.314117036806468,1.8802058807338737,0.868852373177276,0.3485306510216013,end,end,2.0,1.2052324979137652,,,,,,False
3325,6,bmeleton_final_refit_vertex,2.8575626153178826,-69.57102744897456,117.57985023430558,3,2,30,29,30,29,0.8722220528915332,False,40.91546807471815,0.24432331798796203,0.24432331798796203,0.306804752659078,,,,,,,,bmeleton_final_refit,,,,,,,,,,,,,,,,,,,,,,,,,,1.0,7.969451139245335,2.0,0.306804752659078,,False
3335,0,bmeleton_merged_intersection,-0.24651237569819495,-71.05465077840532,61.288513780787405,1,0,111,55,111,55,0.21747280229377183,False,3.989749114510505,0.0024234854564390007,0.0024234854564390007,0.00696741185322583,,,,,,,,bmeleton_merged,0.0024234854564390007,1.0,,,,,,,,,,,,,,,,,,,,,,,,,,,,,False
3335,1,bmeleton_merged_pivot_refit_both,0.5645895639339142,-69.84570204349595,31.948121629840536,1,0,111,55,111,55,1.5043623554813093,False,3.2647035874470447,0.0016229111620139625,0.0016229111620139625,0.0014486830160867646,,,,,,,,bmeleton_merged,,,29.37648813203271,True,True,ok,ok,49.0,32.0,58.0,41.0,58.0,32.0,49.0,32.0,1.2449510808710684,1.3665679156401453,1.5106702286550455,1.9231641919934463,0.737712781333032,0.5241111345930644,end,end,0.0,0.21747280229377183,,,,,,False
3335,2,bmeleton_final_refit_vertex,-1.304907894934194,-72.13377201186611,98.08001608339642,2,1,59,41,59,41,1.8159274087295458,False,23.499144263257122,0.08293397023086724,0.08293397023086724,0.1496116604433004,,,,,,,,bmeleton_final_refit,,,,,,,,,,,,,,,,,,,,,,,,,,1.0,5.0,2.0,0.1496116604433004,,False
3337,0,bmeleton_merged_intersection,-6.504114500530251,-72.16016939073813,69.6254408812905,0,1,57,36,57,36,0.04502496192946542,False,29.766408598940316,0.13194332961741284,0.13194332961741284,0.29617800733403477,,,,,,,,bmeleton_merged,0.13194332961741284,1.0,,,,,,,,,,,,,,,,,,,,,,,,,,,,,False
3337,1,bmeleton_merged_pivot_refit_both,-6.004967818322582,-72.31535400451935,70.62268528931548,0,1,57,36,57,36,0.015914820471447,False,150.76694931664056,1.872640513505112,0.12735948649488793,2.3467344770435554,,,,,,,,bmeleton_merged,,,1.1259334278945838,True,True,ok,ok,32.0,36.0,32.0,36.0,32.0,36.0,32.0,36.0,0.9723096944371077,0.3564630298007547,1.149080783364798,0.715575196858892,0.5248142050274963,0.007307821554932044,start,end,0.0,0.04502496192946542,,,,,,False
3337,2,bmeleton_final_refit_vertex,-6.81996803262763,-72.34740484250568,69.19858260949758,2,1,36,19,36,19,0.5803869817554992,False,32.77538291312588,0.15920072958607956,0.15920072958607956,0.1865300455700738,,,,,,,,bmeleton_final_refit,,,,,,,,,,,,,,,,,,,,,,,,,,1.0,30.789898138430477,2.0,0.1865300455700738,,False
3350,0,bmeleton_merged_intersection,2.7347014382614945,-82.58392083831384,36.37044779594739,0,1,70,27,70,27,2.335704672643048,False,33.6366127579425,0.16743255381298794,0.16743255381298794,0.24806698795370544,,,,,,,,bmeleton_merged,0.16743255381298794,1.0,,,,,,,,,,,,,,,,,,,,,,,,,,,,,False
3350,1,bmeleton_merged_pivot_refit_both,2.8681532045353673,-82.37761437191388,36.069774710528435,0,1,70,27,70,27,1.6385512332354886,False,33.50057710725982,0.1661197373172668,0.1661197373172668,0.12039197561423563,,,,,,,,bmeleton_merged,,,0.3882989007136279,True,True,ok,ok,35.0,26.0,37.0,26.0,36.0,26.0,35.0,26.0,1.6337313357903027,0.4767014298069679,2.059295923274704,0.6124501259562103,0.746405967749781,0.29848448156724594,end,end,0.0,2.335704672643048,,,,,,False
3350,2,bmeleton_final_refit_vertex,2.19753159248765,-81.92859710567163,37.8590130142343,0,2,38,27,38,27,1.406732128313052,False,37.032364132740256,0.20170455898470374,0.20170455898470374,0.2521116050592019,,,,,,,,bmeleton_final_refit,,,,,,,,,,,,,,,,,,,,,,,,,,1.0,3.0929721719173418,2.0,0.2521116050592019,,False
3354,0,bmeleton_merged_intersection,1.1509238768928598,-68.14600102447295,96.37600427271596,2,1,27,15,27,15,1.0328341021384928,False,35.5445381627792,0.18633612979657221,0.18633612979657221,0.1553972068730919,,,,,,,,bmeleton_merged,0.18633612979657233,2.0,,,,,,,,,,,,,,,,,,,,,,,,,,,,,False
3354,1,bmeleton_merged_intersection,4.047388533298475,-68.45107586172749,100.92949055725575,2,0,27,73,27,73,1.1787795844406532,False,30.726891528212395,0.14038744422814875,0.14038744422814875,0.25217898107061776,,,,,,,,bmeleton_merged,0.14038744422814875,1.0,,,,,,,,,,,,,,,,,,,,,,,,,,,,,False
3354,2,bmeleton_merged_intersection,2.6172464989132784,-68.36807190110258,96.16796743964522,0,1,73,15,73,15,3.6008372110182703,False,7.14730208100271,0.00777044282180106,0.00777044282180106,0.00747398306603443,,,,,,,,bmeleton_merged,0.007770442821801171,3.0,,,,,,,,,,,,,,,,,,,,,,,,,,,,,False
3354,3,bmeleton_merged_pivot_refit_both,4.9360664384887585,-68.05665076918183,102.50579510502993,2,0,27,73,27,73,0.8378340512270586,False,149.91150242021249,1.8652520839756215,0.1347479160243784,2.2477117103931366,,,,,,,,bmeleton_merged,,,1.8520409283103387,True,True,ok,ok,27.0,52.0,27.0,52.0,27.0,52.0,27.0,52.0,0.42948375587538185,0.7860227628209091,0.6642211115687805,1.0995768857387005,0.2273145040674807,0.6227016816383588,end,start,1.0,1.1787795844406532,,,,,,False
3354,4,bmeleton_merged_pivot_refit_both,1.1742769420037666,-68.16402772437218,96.3282934449384,2,1,27,15,27,15,1.0702492783022308,False,35.541496649199544,0.18630527107505057,0.18630527107505057,0.1172862752206812,,,,,,,,bmeleton_merged,,,0.056095014453615394,True,True,ok,ok,27.0,15.0,27.0,15.0,27.0,15.0,27.0,15.0,0.42948375587538185,0.7232998204664726,0.6642211115687805,1.0825735188942625,0.22412125693483267,0.6564563415990109,end,end,0.0,1.0328341021384928,,,,,,False
3354,5,bmeleton_merged_pivot_refit_both,3.2747166598993376,-67.84380328026208,88.9755710867824,0,1,73,15,73,15,4.067896914560248,False,172.32482180212662,1.99104115250489,0.008958847495109779,0.9975595580767512,,,,,,,,bmeleton_merged,,,7.24138729084832,True,True,ok,ok,50.0,15.0,50.0,15.0,50.0,15.0,50.0,15.0,0.7684278313790834,0.7232998204664726,1.0878348095596868,1.0825735188942625,1.6056975914454414,2.299552936528477,start,end,2.0,3.6008372110182703,,,,,,False
3354,6,bmeleton_final_refit_vertex,1.1509238768928598,-68.14600102447295,96.37600427271596,2,1,27,15,27,15,1.0328341021384926,False,35.5445381627792,0.18633612979657221,0.18633612979657221,0.1553972068730919,,,,,,,,bmeleton_final_refit,,,,,,,,,,,,,,,,,,,,,,,,,,1.0,3.0,2.0,0.1553972068730919,,False
3362,0,bmeleton_merged_intersection,-5.002287227790707,-72.87827052894842,105.75344021420499,0,1,129,24,129,24,0.3023134706615935,False,35.34295476019527,0.184295860249288,0.184295860249288,0.48349352816682056,,,,,,,,bmeleton_merged,0.18429586024928812,1.0,,,,,,,,,,,,,,,,,,,,,,,,,,,,,False
3362,1,bmeleton_merged_pivot_refit_both,-6.066794057203442,-72.33004898019527,108.3536341764972,0,1,129,24,129,24,0.03841472584896325,False,145.22710013279266,1.8214190571099618,0.17858094289003834,2.240309951390211,,,,,,,,bmeleton_merged,,,2.8626439348833648,True,True,ok,ok,97.0,20.0,99.0,20.0,97.0,20.0,97.0,20.0,2.004631874903953,0.9377474971846498,2.1814415797681255,1.0864289309731785,0.7507214324846748,0.19988801179675814,start,end,0.0,0.3023134706615935,,,,,,False
3362,2,bmeleton_final_refit_vertex,-5.8032312613804855,-72.10786669392937,107.36534766025395,1,2,27,24,27,24,0.6935632491174503,False,43.020878264279744,0.26889486335101065,0.26889486335101065,0.3005563224367136,,,,,,,,bmeleton_final_refit,,,,,,,,,,,,,,,,,,,,,,,,,,1.0,1.2293608123988855,2.0,0.3005563224367136,,False
3372,0,bmeleton_merged_intersection,0.6321454026482112,-72.91790808910058,22.411682278609142,1,0,78,33,78,33,0.2872040232971121,False,38.53953870030359,0.21782161466994177,0.21782161466994177,0.522539570150844,,,,,,,,bmeleton_merged,0.21782161466994177,1.0,,,,,,,,,,,,,,,,,,,,,,,,,,,,,False
3372,1,bmeleton_merged_pivot_refit_both,0.9218605088404237,-72.75411794579526,24.267733542541954,1,0,78,33,78,33,0.15544284797608265,False,39.50459630628115,0.22842644572117998,0.22842644572117998,0.3270402483458139,,,,,,,,bmeleton_merged,,,1.8856532947884488,True,True,ok,ok,72.0,28.0,72.0,28.0,72.0,28.0,72.0,28.0,0.7613382216313004,1.1761447237398666,1.0884761564535317,1.682887093165255,0.1613283030939592,0.8196273463877949,end,end,0.0,0.2872040232971121,,,,,,False
3372,2,bmeleton_final_refit_vertex,0.4521849784043579,-72.6570338107581,23.58416486811673,2,0,74,28,74,28,0.1653899541290603,False,38.10152377563199,0.21308138832548695,0.21308138832548695,0.46943696934580775,,,,,,,,bmeleton_final_refit,,,,,,,,,,,,,,,,,,,,,,,,,,1.0,5.0,2.0,0.46943696934580775,,False
3392,0,bmeleton_merged_intersection,-0.7744990878950118,-61.95777460602476,121.76633027089744,1,2,47,23,47,23,0.53057542419785,False,37.97928726135346,0.21176673288804826,0.21176673288804826,0.3147315442177755,,,,,,,,bmeleton_merged,0.21176673288804837,1.0,,,,,,,,,,,,,,,,,,,,,,,,,,,,,False
3392,1,bmeleton_merged_intersection,-4.903374536483486,-61.15391449460729,128.49790929322177,2,0,23,110,23,110,0.8037606969584399,False,29.598540386513097,0.13049248757766696,0.13049248757766696,0.2827328573685037,,,,,,,,bmeleton_merged,0.13049248757766696,3.0,,,,,,,,,,,,,,,,,,,,,,,,,,,,,False
3392,2,bmeleton_merged_intersection,-3.748130771220617,-62.45033823183391,95.02421663061882,1,0,47,110,47,110,0.12960460460597728,False,8.415930476976849,0.010768322094053095,0.010768322094053095,0.03148874891171143,,,,,,,,bmeleton_merged,0.010768322094053207,2.0,,,,,,,,,,,,,,,,,,,,,,,,,,,,,False
3392,3,bmeleton_merged_pivot_refit_both,0.3188128364829179,-62.11711647680045,119.84932684782697,1,2,47,23,47,23,0.2755668236577453,False,141.08278845204617,1.7780544744545375,0.22194552554546265,1.0805620645349572,,,,,,,,bmeleton_merged,,,2.2126054595958045,True,True,ok,ok,14.0,23.0,14.0,23.0,14.0,23.0,14.0,23.0,1.0567212715888294,0.3900925039705819,1.5505558545172424,0.5264143104038533,0.9829553770598484,0.11986444624977068,start,end,0.0,0.53057542419785,,,,,,False
3392,4,bmeleton_merged_pivot_refit_both,-4.933009170408275,-61.17396573712988,128.40757936775182,2,0,23,110,23,110,0.783795513625888,False,150.4411495057766,1.8698494514940496,0.13015054850595031,2.691551721657509,,,,,,,,bmeleton_merged,,,0.0971584236696015,True,True,ok,ok,23.0,98.0,23.0,98.0,23.0,98.0,23.0,98.0,0.3900925039705819,1.2555852849841278,0.5264143104038533,1.6916266891717335,0.1982719722029834,0.20456306073125838,end,start,1.0,0.8037606969584399,,,,,,False
3392,5,bmeleton_merged_pivot_refit_both,-4.011730229161056,-62.191544102151504,96.02387802853963,1,0,47,110,47,110,0.12250609764343834,False,171.0982821614635,1.987955226808059,0.012044773191941194,2.7860929402111743,,,,,,,,bmeleton_merged,,,1.0657307287854392,True,True,ok,ok,36.0,64.0,36.0,65.0,36.0,64.0,36.0,64.0,1.2589217293775872,1.3285571368206255,1.6403674361295422,1.6932463415070131,0.40000106840224403,0.19854762715058552,end,start,2.0,0.12960460460597728,,,,,,False
3392,6,bmeleton_final_refit_vertex,-1.9986370173409762,-61.58727090012925,123.79684278317052,2,3,30,23,30,23,0.3534965209148771,False,41.25089612124689,0.24817050495708137,0.24817050495708137,0.30442281224465056,,,,,,,,bmeleton_final_refit,,,,,,,,,,,,,,,,,,,,,,,,,,1.0,30.017576543627346,2.0,0.30442281224465056,,False
3395,0,bmeleton_merged_intersection,-0.3394722049240906,-67.19820653769155,75.43825010771332,0,1,106,36,106,36,1.7361078035774387,False,7.8719269087433075,0.009423312247486826,0.009423312247486826,0.020983880875129975,,,,,,,,bmeleton_merged,0.009423312247486937,1.0,,,,,,,,,,,,,,,,,,,,,,,,,,,,,False
3395,1,bmeleton_merged_pivot_refit_both,-0.6269256029033845,-67.21970411854991,74.8698448730174,0,1,106,36,106,36,1.8632214844948831,False,7.923454221229441,0.00954688314007468,0.00954688314007468,0.006569596171831094,,,,,,,,bmeleton_merged,,,0.6373194746924999,True,True,ok,ok,24.0,36.0,31.0,36.0,25.0,36.0,24.0,36.0,1.0234190663676719,1.0322163560321025,1.282745381177779,1.5952776428105484,0.449156802003356,0.661276992991719,end,end,0.0,1.7361078035774387,,,,,,False
3395,2,bmeleton_final_refit_vertex,0.5431881933947459,-68.05706504740095,87.7940057405422,2,1,36,33,36,33,1.8971016664217648,False,21.825948149488724,0.07168245363425829,0.07168245363425829,0.08955595382136564,,,,,,,,bmeleton_final_refit,,,,,,,,,,,,,,,,,,,,,,,,,,1.0,6.026094370448049,2.0,0.08955595382136564,,False
3412,0,bmeleton_merged_intersection,-0.17579253618585122,-76.60947542929287,106.73192141280435,0,1,127,46,127,46,0.12302596451675005,False,31.89329249725313,0.1509664549656008,0.1509664549656008,0.4420232964205989,,,,,,,,bmeleton_merged,0.1509664549656008,1.0,,,,,,,,,,,,,,,,,,,,,,,,,,,,,False
3412,1,bmeleton_merged_pivot_refit_both,-0.13448918818957736,-76.52357853663617,106.78380465119022,0,1,127,46,127,46,0.1307516587845339,False,148.1146016140238,1.8491063305818782,0.15089366941812166,3.36514314939891,,,,,,,,bmeleton_merged,,,0.10851780107053359,True,True,ok,ok,106.0,45.0,107.0,45.0,106.0,45.0,106.0,45.0,1.6228703220579308,0.7886132286596849,1.970385239499615,1.1047912284175965,0.021952175612508548,0.06749405222216585,start,end,0.0,0.12302596451675005,,,,,,False
3412,2,bmeleton_final_refit_vertex,-2.0515777812333535,-76.75089777150961,103.79985743190211,2,0,45,12,45,12,1.2406970322565525,False,42.147144112507206,0.2585760505544348,0.2585760505544348,0.2407088660967968,,,,,,,,bmeleton_final_refit,,,,,,,,,,,,,,,,,,,,,,,,,,1.0,5.0,2.0,0.2407088660967968,,False
3445,0,bmeleton_merged_intersection,-5.3766850823761345,-72.16041322524717,89.42935102247898,2,1,29,23,29,23,1.2332549130279382,False,46.047219639156715,0.3059347007713342,0.3059347007713342,0.3168960146378896,,,,,,,,bmeleton_merged,0.30593470077133433,1.0,,,,,,,,,,,,,,,,,,,,,,,,,,,,,False
3445,1,bmeleton_merged_intersection,-6.633578055596876,-72.01000145746546,91.2447988331996,2,0,29,105,29,105,1.4990208770714184,False,35.66920230668877,0.18760292469735496,0.18760292469735496,0.3982220738673062,,,,,,,,bmeleton_merged,0.18760292469735518,2.0,,,,,,,,,,,,,,,,,,,,,,,,,,,,,False
3445,2,bmeleton_merged_intersection,-6.695473696353728,-72.43082212377396,83.25503997967225,1,0,23,105,23,105,0.5241789369379427,False,10.573059571725702,0.016978265737524145,0.016978265737524145,0.037759320063781646,,,,,,,,bmeleton_merged,0.016978265737524145,3.0,,,,,,,,,,,,,,,,,,,,,,,,,,,,,False
3445,3,bmeleton_merged_pivot_refit_both,-7.153347785639804,-71.7979880344204,92.00239619888771,2,0,29,105,29,105,1.3569992410941347,False,144.70605991047793,1.816198702852391,0.18380129714760896,2.1804088654684977,,,,,,,,bmeleton_merged,,,0.9429019208368132,True,True,ok,ok,29.0,80.0,29.0,80.0,29.0,80.0,29.0,80.0,0.5834487794718106,1.5994826675076699,0.7450681043006481,1.8366728129564311,0.27515133005843445,0.5551716057090692,end,start,1.0,1.4990208770714184,,,,,,False
3445,4,bmeleton_merged_pivot_refit_both,-5.068853657234068,-71.7968432512574,89.13739380079888,2,1,29,23,29,23,0.4262160048399007,False,45.73328643050924,0.3020006196895828,0.3020006196895828,0.24128608854256534,,,,,,,,bmeleton_merged,,,0.5587327908607872,True,True,ok,ok,29.0,21.0,29.0,21.0,29.0,21.0,29.0,21.0,0.5834487794718106,1.0222133227925718,0.7450681043006481,1.2679086454884867,0.22439269034011006,0.3937625132312482,end,end,0.0,1.2332549130279382,,,,,,False
3445,5,bmeleton_merged_pivot_refit_both,-6.854902014785509,-71.75359108917152,80.72509814995442,1,0,23,105,23,105,1.5191913865970466,False,169.11803456627445,1.9820181842172953,0.017981815782704746,1.7019584018370306,,,,,,,,bmeleton_merged,,,2.623864501970837,True,True,ok,ok,21.0,72.0,21.0,72.0,21.0,72.0,21.0,72.0,1.0222133227925718,1.6275205791150145,1.2679086454884867,1.8548684600723202,1.345906892728506,0.4368009944150303,end,start,2.0,0.5241789369379427,,,,,,False
3445,6,bmeleton_final_refit_vertex,-4.728247769405261,-71.39597070146456,88.92611138742656,3,2,29,21,29,21,0.5555141406665817,False,45.24105228995937,0.2958743766092162,0.2958743766092162,0.32857290957145724,,,,,,,,bmeleton_final_refit,,,,,,,,,,,,,,,,,,,,,,,,,,1.0,23.25792892855635,2.0,0.32857290957145724,,False
3470,0,bmeleton_merged_intersection,-3.390048660806145,-80.37830393761283,64.59914365906161,0,1,101,36,101,36,1.0745641561158918,False,33.79643926071461,0.1689809604357735,0.1689809604357735,0.41726687567940873,,,,,,,,bmeleton_merged,0.16898096043577338,1.0,,,,,,,,,,,,,,,,,,,,,,,,,,,,,False
3470,1,bmeleton_merged_pivot_refit_both,-3.1067541915101202,-80.06595190270032,65.37324065189222,0,1,101,36,101,36,0.7428279085342798,False,146.6072816307471,1.8349178162550102,0.16508218374498995,2.221199107784132,,,,,,,,bmeleton_merged,,,0.8815019593608908,True,True,ok,ok,53.0,34.0,59.0,35.0,53.0,34.0,53.0,34.0,1.452536486649248,0.5544473602303859,2.160910238331188,0.9639676780977449,0.4665299017922293,0.19504965596884705,start,end,0.0,1.0745641561158918,,,,,,False
3470,2,bmeleton_final_refit_vertex,-2.0472094341558327,-79.75563537044087,67.39753353814933,2,0,36,33,36,33,0.5924094757323186,False,39.23743603764272,0.22546863332450762,0.22546863332450762,0.34740446705013645,,,,,,,,bmeleton_final_refit,,,,,,,,,,,,,,,,,,,,,,,,,,1.0,4.418230770599772,2.0,0.34740446705013645,,False
3496,0,bmeleton_merged_intersection,-5.7225874748684555,-86.08761000281866,90.97320809705761,1,0,15,106,15,106,2.711965611639551,False,40.22271798144987,0.23645995767993033,0.23645995767993033,0.3056547110953482,,,,,,,,bmeleton_merged,0.23645995767993044,1.0,,,,,,,,,,,,,,,,,,,,,,,,,,,,,False
3496,1,bmeleton_merged_pivot_refit_both,-5.249881149221543,-86.16479290398333,90.79121825905955,1,0,15,106,15,106,1.089832171155652,False,140.16236808660724,1.7678629333519598,0.23213706664804035,1.5760582127527099,,,,,,,,bmeleton_merged,,,0.5123756158067624,True,True,ok,ok,15.0,74.0,15.0,75.0,15.0,74.0,15.0,74.0,0.5780086446332279,1.4375618382866107,0.9050243294759817,1.8856706058628452,0.17629598841581834,0.6289192113969908,end,start,0.0,2.711965611639551,,,,,,False
3496,2,bmeleton_final_refit_vertex,-5.78212171479779,-85.68070644845506,91.01369658964524,1,2,23,15,23,15,1.9354567011555606,False,46.626512254903915,0.3132487678346807,0.3132487678346807,0.20973159654561346,,,,,,,,bmeleton_final_refit,,,,,,,,,,,,,,,,,,,,,,,,,,1.0,6.522732630514243,2.0,0.20973159654561346,,False
3501,0,bmeleton_merged_intersection,1.6633963505674316,-77.18488966548024,95.36320393400572,1,0,33,57,33,57,1.3746645404088975,False,10.674574824072517,0.01730491008187518,0.01730491008187518,0.029433805654920698,,,,,,,,bmeleton_merged,0.01730491008187518,1.0,,,,,,,,,,,,,,,,,,,,,,,,,,,,,False
3501,1,bmeleton_final_refit_vertex,4.748236371644836,-75.45085532392855,90.1717152305129,3,1,28,10,28,10,1.479973755284642,False,47.467098940739696,0.32398653569221136,0.32398653569221136,0.20915716157636025,,,,,,,,bmeleton_final_refit,,,,,,,,,,,,,,,,,,,,,,,,,,1.0,5.0,2.0,0.20915716157636025,,False
3503,0,bmeleton_merged_intersection,-4.903945144099199,-66.76674737429784,134.2663299728996,0,1,81,17,81,17,2.2328615291356244,False,17.83190226693991,0.04804096586399009,0.04804096586399009,0.06161813627788188,,,,,,,,bmeleton_merged,0.04804096586399009,1.0,,,,,,,,,,,,,,,,,,,,,,,,,,,,,False
3503,1,bmeleton_merged_pivot_refit_both,-5.014054350528433,-66.759881799762,134.66549163516555,0,1,81,17,81,17,2.270449132908338,False,162.20205156740386,1.9521403380431157,0.04785966195688418,1.525474749741002,,,,,,,,bmeleton_merged,,,0.41412704098754766,True,True,ok,ok,70.0,14.0,71.0,14.0,70.0,14.0,70.0,14.0,0.7649379321318166,0.5804675333188974,0.9128310498023336,0.8494481066613103,0.5352155310166737,0.6970452211669613,start,end,0.0,2.2328615291356244,,,,,,False
3503,2,bmeleton_final_refit_vertex,-3.2946977417650243,-67.53696495679645,128.72337220610046,2,1,14,6,14,6,2.6994826897617985,False,24.696716102710933,0.09146787398939549,0.09146787398939549,0.027219910291535112,,,,,,,,bmeleton_final_refit,,,,,,,,,,,,,,,,,,,,,,,,,,1.0,5.0,2.0,0.027219910291535112,,False
3516,0,bmeleton_merged_intersection,-3.7940085950986795,-73.82510667251104,43.00945120203734,1,0,28,65,28,65,1.2304249376781424,False,28.94382832603356,0.12490541528137578,0.12490541528137578,0.2138155576555544,,,,,,,,bmeleton_merged,0.12490541528137589,1.0,,,,,,,,,,,,,,,,,,,,,,,,,,,,,False
3516,1,bmeleton_merged_pivot_refit_both,-3.878132244654418,-73.973535601766,43.00934939007347,1,0,28,65,28,65,0.914109362380764,False,28.828805969873308,0.12393563670083352,0.12393563670083352,0.09023597314085195,,,,,,,,bmeleton_merged,,,0.17061050911367437,True,True,ok,ok,20.0,30.0,20.0,31.0,20.0,31.0,20.0,30.0,0.5402671488003072,1.0199839757981062,0.6748396353951898,1.5125911283778548,0.11200163397295118,0.8110823294978469,end,end,0.0,1.2304249376781424,,,,,,False
3516,2,bmeleton_final_refit_vertex,-3.7061118425325272,-73.79758721311327,43.67867102353835,1,3,32,20,32,20,0.5320002750099272,False,29.817535059721397,0.13238668342823534,0.13238668342823534,0.15135337335395949,,,,,,,,bmeleton_final_refit,,,,,,,,,,,,,,,,,,,,,,,,,,1.0,5.0,2.0,0.15135337335395949,,False
3523,0,bmeleton_merged_intersection,0.429707093039157,-83.30129283251637,48.65337278945443,0,1,64,26,64,26,3.321764215169256,False,19.86990327136826,0.059533205767223873,0.059533205767223873,0.07295591897700382,,,,,,,,bmeleton_merged,0.059533205767223873,1.0,,,,,,,,,,,,,,,,,,,,,,,,,,,,,False
3523,1,bmeleton_merged_pivot_refit_both,0.42783625180433227,-82.66213860853912,51.05105361531515,0,1,64,26,64,26,3.4962661444319005,False,20.59477448966147,0.06390837936522398,0.06390837936522398,0.028804532972361265,,,,,,,,bmeleton_merged,,,2.4814098744010455,True,True,ok,ok,35.0,19.0,38.0,26.0,35.0,19.0,35.0,19.0,1.4944245676396304,0.8096932023752805,2.2129691339485564,1.232965689350432,2.2749759947704535,0.453298448212006,end,end,0.0,3.321764215169256,,,,,,False
3523,2,bmeleton_final_refit_vertex,-0.32168331241018766,-81.78272546507287,54.432744916526914,1,2,40,26,40,26,3.8841773858202444,False,25.59112907780773,0.09810058595043147,0.09810058595043147,0.08902481060923478,,,,,,,,bmeleton_final_refit,,,,,,,,,,,,,,,,,,,,,,,,,,1.0,11.335168649919908,2.0,0.08902481060923478,,False
3530,0,bmeleton_merged_intersection,4.506103771297802,-76.26539244073555,51.670695502483284,0,1,88,27,88,27,1.336230962035801,False,31.661045881461003,0.14883183082168594,0.14883183082168594,0.28623850282735963,,,,,,,,bmeleton_merged,0.14883183082168605,1.0,,,,,,,,,,,,,,,,,,,,,,,,,,,,,False
3530,1,bmeleton_merged_pivot_refit_both,4.62836388895812,-76.26068119543389,52.42304936757699,0,1,88,27,88,27,0.2660437503607081,False,148.08677855651274,1.8488497238010628,0.15115027619893717,1.8927574459856387,,,,,,,,bmeleton_merged,,,0.7622375420589381,True,True,ok,ok,45.0,25.0,46.0,25.0,45.0,25.0,45.0,25.0,1.8522424478804533,0.3226273580048997,2.3243964427394093,0.6307165409505885,0.15034193302157545,0.1520325315965649,start,end,0.0,1.336230962035801,,,,,,False
3530,2,bmeleton_final_refit_vertex,3.0228096220153446,-75.69738474012345,54.65903584405982,1,2,37,27,37,27,1.1888272586638577,False,38.482772177526066,0.21720469944201648,0.21720469944201648,0.2773215438688282,,,,,,,,bmeleton_final_refit,,,,,,,,,,,,,,,,,,,,,,,,,,1.0,2.94166799090043,2.0,0.2773215438688282,,False
3535,0,bmeleton_merged_intersection,-0.5218436203845185,-72.17581254379516,95.54428583139551,2,1,45,57,45,57,1.923060063172838,False,34.83559370780788,0.17920549219637494,0.17920549219637494,0.3277456298043758,,,,,,,,bmeleton_merged,0.17920549219637494,1.0,,,,,,,,,,,,,,,,,,,,,,,,,,,,,False
3535,1,bmeleton_merged_intersection,-0.14475638890314468,-71.66261192376561,96.40274957460005,2,0,45,22,45,22,1.011965971136312,False,29.803057364939004,0.13226106693608763,0.13226106693608763,0.17305060183762336,,,,,,,,bmeleton_merged,0.13226106693608775,2.0,,,,,,,,,,,,,,,,,,,,,,,,,,,,,False
3535,2,bmeleton_merged_intersection,0.28801715022014507,-72.69740634981451,88.75575895256662,1,0,57,22,57,22,0.7951166224483869,False,5.140983944722072,0.004022775916537102,0.004022775916537102,0.006145432291563826,,,,,,,,bmeleton_merged,0.0040227759165372134,3.0,,,,,,,,,,,,,,,,,,,,,,,,,,,,,False
3535,3,bmeleton_merged_pivot_refit_both,-0.9858597467982948,-72.70933173434905,95.34561512083718,2,1,45,57,45,57,1.3824044917163616,False,34.28019343664682,0.17370694969246192,0.17370694969246192,0.16173216046968616,,,,,,,,bmeleton_merged,,,0.7344547252860965,True,True,ok,ok,45.0,32.0,45.0,32.0,45.0,32.0,45.0,32.0,0.7085050986201515,1.3964005771403616,0.9261561049674131,2.0829645055886363,0.1746599109937354,1.6660226405808443,end,end,0.0,1.923060063172838,,,,,,False
3535,4,bmeleton_merged_pivot_refit_both,-0.11887938538778209,-72.01214380584054,97.12005450609821,2,0,45,22,45,22,0.2626026892423398,False,150.0788249414018,1.8667124613840103,0.13328753861598974,2.073165850655216,,,,,,,,bmeleton_merged,,,0.7983536313247149,True,True,ok,ok,45.0,22.0,45.0,22.0,45.0,22.0,45.0,22.0,0.7085050986201515,0.6032105780462298,0.9261561049674131,0.9807195789932485,0.1697528593464148,0.3704171125141159,end,start,1.0,1.011965971136312,,,,,,False
3535,5,bmeleton_merged_pivot_refit_both,0.20249879266479387,-72.70061650234146,91.98124425393483,1,0,57,22,57,22,0.9466143896046616,False,174.49714775552087,1.9953914258309167,0.004608574169083335,1.5290365667396635,,,,,,,,bmeleton_merged,,,3.2266203873248833,True,True,ok,ok,35.0,22.0,35.0,22.0,35.0,22.0,35.0,22.0,1.3322302560098498,0.6032105780462298,2.1329737509813858,0.9807195789932485,0.7075900480998529,0.3310373223309462,end,start,2.0,0.7951166224483869,,,,,,False
3535,6,bmeleton_final_refit_vertex,0.2893510321513346,-72.27743659971745,97.11341158695186,3,1,45,33,45,33,2.3512341574431916,False,38.52218709292438,0.21763296303149515,0.21763296303149515,0.2852119079991217,,,,,,,,bmeleton_final_refit,,,,,,,,,,,,,,,,,,,,,,,,,,1.0,7.157140281851579,2.0,0.2852119079991217,,False
3537,0,bmeleton_merged_intersection,-6.3271806697031625,-68.55869733123552,63.26778991594701,0,1,76,31,76,31,2.005974833229894,False,5.9179420307246104,0.005329420880263669,0.005329420880263669,0.009230794825571176,,,,,,,,bmeleton_merged,0.005329420880263891,1.0,,,,,,,,,,,,,,,,,,,,,,,,,,,,,False
3537,1,bmeleton_merged_pivot_refit_both,-6.51560526870009,-68.54796624185667,60.93348086155392,0,1,76,31,76,31,2.3272414796408816,False,5.792493744823649,0.005106060437949589,0.005106060437949589,0.0030928993200070704,,,,,,,,bmeleton_merged,,,2.3419260763755965,True,True,ok,ok,25.0,31.0,36.0,31.0,28.0,31.0,25.0,31.0,0.7846993932441508,1.282502264388927,1.3316623489698232,1.6441758921818428,0.48103635629831804,0.8714927481738055,end,end,0.0,2.005974833229894,,,,,,False
3537,2,bmeleton_final_refit_vertex,-6.124073223064039,-69.27466952069824,75.76932404447936,1,2,37,31,37,31,2.524657165409243,False,15.504877855484857,0.036392301526081416,0.036392301526081416,0.04094911519064944,,,,,,,,bmeleton_final_refit,,,,,,,,,,,,,,,,,,,,,,,,,,1.0,10.174485058667873,2.0,0.04094911519064944,,False
3538,0,bmeleton_merged_intersection,-1.4209518467122673,-72.51425078329436,44.249891134611474,0,1,83,124,83,124,0.8483473785769423,False,33.99946179193087,0.1709571747013926,0.1709571747013926,0.43847559909221145,,,,,,,,bmeleton_merged,0.1709571747013926,1.0,,,,,,,,,,,,,,,,,,,,,,,,,,,,,False
3538,1,bmeleton_merged_pivot_refit_both,-1.4240683735077848,-72.26749787451783,48.53288159773419,0,1,83,124,83,124,1.1665854811819742,False,34.9583996326965,0.18043171881720388,0.18043171881720388,0.22975262674282862,,,,,,,,bmeleton_merged,,,4.290093707359907,True,True,ok,ok,42.0,109.0,49.0,111.0,43.0,109.0,42.0,109.0,1.9883156825264496,1.437824192177726,2.5979363625691154,1.9795078772535961,0.5261287912809398,0.632013236939572,end,end,0.0,0.8483473785769423,,,,,,False
3538,2,bmeleton_final_refit_vertex,-3.237109418378801,-71.97234899706964,52.821006668864364,2,1,112,50,112,50,1.0628426702167528,False,42.751352470545655,0.2656935139039758,0.2656935139039758,0.6573488585045462,,,,,,,,bmeleton_final_refit,,,,,,,,,,,,,,,,,,,,,,,,,,1.0,5.0,2.0,0.6573488585045462,,False
3543,0,bmeleton_merged_intersection,-4.932977533797162,-79.19809084332812,91.1304951785186,0,1,125,50,125,50,0.06773544741529998,False,34.783472641953246,0.1786861988136298,0.1786861988136298,0.52889362714691,,,,,,,,bmeleton_merged,0.17868619881363002,1.0,,,,,,,,,,,,,,,,,,,,,,,,,,,,,False
3543,1,bmeleton_merged_pivot_refit_both,-5.01849882848485,-79.21717307856782,91.00425020761146,0,1,125,50,125,50,0.1116587392364812,False,145.15053825528287,1.8206562231478287,0.1793437768521713,3.197083445860432,,,,,,,,bmeleton_merged,,,0.15367438376693057,True,True,ok,ok,87.0,49.0,88.0,49.0,87.0,49.0,87.0,49.0,1.7452366948739757,0.9231082033246522,2.3145950738247514,1.2555303857007143,0.07376580509634073,0.022627894350126576,start,end,0.0,0.06773544741529998,,,,,,False
3543,2,bmeleton_final_refit_vertex,-4.271756798937183,-79.3798164665265,92.17677101293276,2,1,50,30,50,30,0.5224470156356001,False,39.063766559406226,0.22355491327502208,0.22355491327502208,0.391956886877145,,,,,,,,bmeleton_final_refit,,,,,,,,,,,,,,,,,,,,,,,,,,1.0,4.274416006838966,2.0,0.391956886877145,,False
3546,0,bmeleton_merged_intersection,3.317932277520563,-77.99866497431219,49.53615249543283,1,2,52,39,52,39,1.2042148153970758,False,38.44058996164424,0.21674677806789644,0.21674677806789644,0.39331436459647534,,,,,,,,bmeleton_merged,0.21674677806789644,3.0,,,,,,,,,,,,,,,,,,,,,,,,,,,,,False
3546,1,bmeleton_merged_intersection,2.868057528077836,-78.09573979202901,48.578664597394194,0,2,31,39,31,39,1.186132812905546,False,25.233731572899632,0.09542377209460029,0.09542377209460029,0.13408818104682366,,,,,,,,bmeleton_merged,0.09542377209460029,2.0,,,,,,,,,,,,,,,,,,,,,,,,,,,,,False
3546,2,bmeleton_merged_intersection,2.957861410941817,-78.6962199401264,51.60779557557548,0,1,31,52,31,52,0.07022994726586976,False,13.25881821025368,0.026656028567204393,0.026656028567204393,0.05277039153446242,,,,,,,,bmeleton_merged,0.026656028567204393,1.0,,,,,,,,,,,,,,,,,,,,,,,,,,,,,False
3546,3,bmeleton_merged_pivot_refit_both,2.5806846177317437,-77.7609655544714,51.49471425024476,1,2,52,39,52,39,1.5208173558581188,False,38.71714954750074,0.21975677279243577,0.21975677279243577,0.1848951625524268,,,,,,,,bmeleton_merged,,,2.1061812062281664,True,True,ok,ok,35.0,33.0,35.0,33.0,35.0,33.0,35.0,33.0,1.1983528329031983,0.8555478216358665,1.8468160790943176,1.2085546923432005,0.36357923954936067,0.5653494763818239,end,end,0.0,1.2042148153970758,,,,,,False
3546,4,bmeleton_merged_pivot_refit_both,2.2660765364965822,-77.65000930453004,51.008406584617845,0,2,31,39,31,39,1.1646284570270409,False,153.67849210747102,1.8963200455921467,0.10367995440785316,1.4074547387637815,,,,,,,,bmeleton_merged,,,2.5425780039536146,True,True,ok,ok,30.0,33.0,30.0,33.0,30.0,33.0,30.0,33.0,1.8208430721162492,0.8555478216358665,1.9462971233800368,1.2085546923432005,0.6434354319019048,0.5574096514659187,start,end,1.0,1.186132812905546,,,,,,False
3546,5,bmeleton_merged_pivot_refit_both,2.407765830527525,-78.3928417600944,52.66567494780915,0,1,31,52,31,52,0.42251210755663726,False,167.37679518974696,1.9758283338164557,0.02417166618354427,1.6284135192010656,,,,,,,,bmeleton_merged,,,1.2303463877739353,True,True,ok,ok,30.0,35.0,30.0,35.0,30.0,35.0,30.0,35.0,1.8208430721162492,1.1983528329031983,1.9462971233800368,1.8468160790943176,1.0188808430239753,0.30025752229409997,start,end,2.0,0.07022994726586976,,,,,,False
3546,6,bmeleton_final_refit_vertex,2.037873580915378,-77.65363869815188,51.26484760405554,2,4,35,33,35,33,1.345773300504966,False,37.57762919206509,0.20747218936800205,0.20747218936800205,0.2777834309108324,,,,,,,,bmeleton_final_refit,,,,,,,,,,,,,,,,,,,,,,,,,,1.0,5.0,2.0,0.2777834309108324,,False
3548,0,bmeleton_merged_intersection,7.215967521842643,-65.5855330108604,69.92068786051455,1,0,74,70,74,70,0.9124998297655146,False,10.915335563664074,0.018091935021352534,0.018091935021352534,0.045899202221381,,,,,,,,bmeleton_merged,0.018091935021352756,1.0,,,,,,,,,,,,,,,,,,,,,,,,,,,,,False
3548,1,bmeleton_merged_pivot_refit_both,7.667472006512311,-65.51882943402944,75.53118060498298,1,0,74,70,74,70,0.23880425363371038,False,169.53381445655265,1.983362286917897,0.016637713082103045,3.011139576110278,,,,,,,,bmeleton_merged,,,5.629026070518041,True,True,ok,ok,72.0,32.0,74.0,32.0,72.0,32.0,72.0,32.0,0.990262747274474,0.9316503048429756,1.6380461067228367,1.1386287497231709,0.15278279821948526,0.6113487738509806,end,start,0.0,0.9124998297655146,,,,,,False
3548,2,bmeleton_final_refit_vertex,7.617546592133614,-65.23970228988222,72.4335622982197,2,1,74,30,74,30,0.3307126413738603,False,11.703125863067433,0.02078825422138275,0.02078825422138275,0.04593558410562987,,,,,,,,bmeleton_final_refit,,,,,,,,,,,,,,,,,,,,,,,,,,1.0,15.908103802103179,2.0,0.04593558410562987,,False
3552,0,bmeleton_merged_intersection,-0.44994733150383426,-73.86104451818622,74.4864224622443,1,0,18,88,18,88,8.390587834831038,False,18.44026658795932,0.05134605592779973,0.05134605592779973,0.038152679496448155,,,,,,,,bmeleton_merged,0.05134605592779995,1.0,,,,,,,,,,,,,,,,,,,,,,,,,,,,,False
3552,1,bmeleton_final_refit_vertex,0.9983520000248431,-80.06419204197636,106.32692318712148,2,0,18,14,18,14,3.071786700231436,False,33.526036140478766,0.1663650732250812,0.1663650732250812,0.08179613020274584,,,,,,,,bmeleton_final_refit,,,,,,,,,,,,,,,,,,,,,,,,,,1.0,30.994537393938344,2.0,0.08179613020274584,,False
3554,0,bmeleton_merged_intersection,-7.617518698154603,-82.38063181289013,24.914724142283664,0,1,49,55,49,55,0.48929097787717357,False,28.845276004154652,0.12407428266271614,0.12407428266271614,0.2933492038203959,,,,,,,,bmeleton_merged,0.12407428266271625,1.0,,,,,,,,,,,,,,,,,,,,,,,,,,,,,False
3554,1,bmeleton_merged_pivot_refit_both,-8.162016069713449,-82.01055196592472,29.738209819434307,0,1,49,55,49,55,0.6145377160382501,False,30.426530633357395,0.13772074061935902,0.13772074061935902,0.15829575537077797,,,,,,,,bmeleton_merged,,,4.868208146581433,True,True,ok,ok,42.0,39.0,43.0,41.0,42.0,41.0,42.0,39.0,1.3453996682487643,0.6785356644230837,1.8189564025302851,0.9601937918867249,1.2933402603367947,0.35068635316630603,end,end,0.0,0.48929097787717357,,,,,,False
3554,2,bmeleton_final_refit_vertex,-8.218467064462688,-81.91742715101827,31.24758820645816,0,3,43,43,43,43,0.1776662434787791,False,31.36789237607932,0.1461573714276756,0.1461573714276756,0.30345558577214465,,,,,,,,bmeleton_final_refit,,,,,,,,,,,,,,,,,,,,,,,,,,1.0,5.0,2.0,0.30345558577214465,,False
3563,0,bmeleton_merged_intersection,-3.818546856973591,-68.51084230509352,25.448752036205875,1,0,24,61,24,61,1.988561968183385,False,20.89402719922592,0.06575834258837299,0.06575834258837299,0.09000644011057032,,,,,,,,bmeleton_merged,0.0657583425883731,1.0,,,,,,,,,,,,,,,,,,,,,,,,,,,,,False
3563,1,bmeleton_merged_pivot_refit_both,-3.8376838956790875,-67.96689160328224,28.594353372854467,1,0,24,61,24,61,0.7644782399482506,False,21.308742897796368,0.06836421262106707,0.06836421262106707,0.05041528622531501,,,,,,,,bmeleton_merged,,,3.1923433965312715,True,True,ok,ok,15.0,46.0,15.0,47.0,15.0,47.0,15.0,46.0,0.5979003798370733,1.439347368058514,0.7790808491077965,1.9624867774223975,0.33357796614849555,0.6068250414890896,end,end,0.0,1.988561968183385,,,,,,False
3563,2,bmeleton_final_refit_vertex,-3.9850618526164605,-67.48561044130847,31.567004781177037,0,3,47,15,47,15,0.04943271756228066,False,22.273500884728513,0.07461488330972754,0.07461488330972754,0.09808835282499623,,,,,,,,bmeleton_final_refit,,,,,,,,,,,,,,,,,,,,,,,,,,1.0,5.0,2.0,0.09808835282499623,,False
3564,0,bmeleton_merged_intersection,-1.6003260730497308,-73.6207424883522,44.48657458607657,0,1,85,11,85,11,0.6350867254701641,False,3.625216670555359,0.0020010032120226784,0.0020010032120226784,0.002714519685886916,,,,,,,,bmeleton_merged,0.0020010032120227894,1.0,,,,,,,,,,,,,,,,,,,,,,,,,,,,,False
3564,1,bmeleton_merged_pivot_refit_both,-2.173440833613806,-73.76254624483627,37.6829707663729,0,1,85,11,85,11,0.6688426018435759,False,3.461523412231852,0.0018244299177038181,0.0018244299177038181,0.0012053087962346698,,,,,,,,bmeleton_merged,,,6.82917226094172,True,True,ok,ok,44.0,11.0,61.0,11.0,45.0,11.0,44.0,11.0,1.0129917104982094,0.8064702628414131,1.296888412877615,0.910292322070382,0.17748885242184334,0.19953440910046497,end,end,0.0,0.6350867254701641,,,,,,False
3564,2,bmeleton_final_refit_vertex,0.9583335684857168,-72.60366052908589,75.33952784589806,0,2,61,11,61,11,1.039189669320704,False,24.30671959091815,0.08864499161899286,0.08864499161899286,0.09505540193987944,,,,,,,,bmeleton_final_refit,,,,,,,,,,,,,,,,,,,,,,,,,,1.0,61.366224375309464,2.0,0.09505540193987944,,False
3583,0,bmeleton_merged_intersection,-1.2793945031600544,-77.96502426587145,115.75938060346319,1,0,29,127,29,127,0.5371529722544405,False,17.91142836366759,0.04846692119205598,0.04846692119205598,0.1312955992951088,,,,,,,,bmeleton_merged,0.04846692119205609,1.0,,,,,,,,,,,,,,,,,,,,,,,,,,,,,False
3583,1,bmeleton_merged_pivot_refit_both,-1.0195736889813798,-77.68536256381603,115.6189544165801,1,0,29,127,29,127,0.31340257840034896,False,162.51573409415042,1.9537994921316812,0.04620050786831864,2.9183941976875447,,,,,,,,bmeleton_merged,,,0.40673951988899343,True,True,ok,ok,28.0,105.0,28.0,105.0,28.0,105.0,28.0,105.0,1.0772755711108162,1.6761138207348005,1.3342339197147353,1.9388447770959445,0.24776455125819996,0.21682898000031814,end,start,0.0,0.5371529722544405,,,,,,False
3583,2,bmeleton_final_refit_vertex,-1.1874189698701196,-78.221980797582,115.56876106344296,2,1,29,18,29,18,1.0324163055414246,False,33.94856495881429,0.17046076804703147,0.17046076804703147,0.16140180822379918,,,,,,,,bmeleton_final_refit,,,,,,,,,,,,,,,,,,,,,,,,,,1.0,2.773491621730321,2.0,0.16140180822379918,,False
3600,0,bmeleton_merged_intersection,0.7784013884015599,-81.7503187274656,95.75701614506642,0,1,85,46,85,46,0.30818624255569343,False,24.22541772037472,0.0880618248236602,0.0880618248236602,0.24884721673196714,,,,,,,,bmeleton_merged,0.0880618248236602,1.0,,,,,,,,,,,,,,,,,,,,,,,,,,,,,False
3600,1,bmeleton_merged_pivot_refit_both,-0.5790045748804888,-81.82967138541562,100.82826125046137,0,1,85,46,85,46,0.010005755853187729,False,156.5014452344188,1.9170701321794001,0.08292986782059997,2.82580624229918,,,,,,,,bmeleton_merged,,,5.250369007266979,True,True,ok,ok,46.0,45.0,47.0,45.0,46.0,45.0,46.0,45.0,1.04695478421423,0.9256945850783814,1.3422090308221102,1.2708802894719886,0.9944483168575173,0.2661517963224858,start,end,0.0,0.30818624255569343,,,,,,False
3600,2,bmeleton_final_refit_vertex,-0.8110177826190752,-81.84533557396065,101.73383317407958,2,1,45,30,45,30,0.07391721438493032,False,35.363529025135406,0.18450363461136543,0.18450363461136543,0.33401690059516964,,,,,,,,bmeleton_final_refit,,,,,,,,,,,,,,,,,,,,,,,,,,1.0,5.0,2.0,0.33401690059516964,,False
3628,0,bmeleton_merged_intersection,-6.72811061743688,-65.18899056031103,78.62559555673667,0,1,88,35,88,35,0.730429120280563,False,32.43450847758673,0.15599494889181265,0.15599494889181265,0.37769284527716057,,,,,,,,bmeleton_merged,0.15599494889181276,1.0,,,,,,,,,,,,,,,,,,,,,,,,,,,,,False
3628,1,bmeleton_merged_pivot_refit_both,-8.111728950327425,-65.42851817948019,81.05649896179737,0,1,88,35,88,35,0.47891503396388935,False,148.79080534067992,1.8552811176856419,0.14471888231435825,2.2533969603495634,,,,,,,,bmeleton_merged,,,2.8073233757783203,True,True,ok,ok,40.0,35.0,43.0,35.0,40.0,35.0,40.0,35.0,0.8873934515559827,0.5542912939840566,1.4965352229266207,0.7883792603003857,1.2117391321724629,0.11851597446926358,start,end,0.0,0.730429120280563,,,,,,False
3628,2,bmeleton_final_refit_vertex,-8.925514657209028,-65.99054140941479,82.84132153801835,1,2,37,35,37,35,1.248435617229911,False,39.31936086610258,0.2263738607244865,0.2263738607244865,0.3259341536419137,,,,,,,,bmeleton_final_refit,,,,,,,,,,,,,,,,,,,,,,,,,,1.0,21.914842029013144,2.0,0.3259341536419137,,False
3630,0,bmeleton_merged_intersection,-4.046264860619838,-69.42671571368854,89.21069337453537,1,0,57,81,57,81,0.9441629624463699,False,36.20698004004664,0.19311164419106908,0.19311164419106908,0.4873141401348602,,,,,,,,bmeleton_merged,0.1931116441910692,1.0,,,,,,,,,,,,,,,,,,,,,,,,,,,,,False
3630,1,bmeleton_merged_pivot_refit_both,-2.272357369531091,-69.3488715096253,86.61427432256022,1,0,57,81,57,81,1.1170530006610542,False,35.13750549422049,0.18222685303007735,0.18222685303007735,0.16145640981661172,,,,,,,,bmeleton_merged,,,3.1455046336806647,True,True,ok,ok,57.0,24.0,57.0,31.0,57.0,24.0,57.0,24.0,0.9084064211815951,1.7051881315502446,1.3673488824237345,1.9358689738420565,0.15214973393715728,1.122207022279774,end,end,0.0,0.9441629624463699,,,,,,False
3630,2,bmeleton_final_refit_vertex,-3.857934386360476,-69.21637409283446,88.87728834238524,2,0,57,33,57,33,0.5719869156078132,False,41.339599950882246,0.24919220573528644,0.24919220573528644,0.48490735648473754,,,,,,,,bmeleton_final_refit,,,,,,,,,,,,,,,,,,,,,,,,,,1.0,9.205095005925378,2.0,0.48490735648473754,,False
3636,0,bmeleton_merged_intersection,-1.5567519331055368,-84.50911178532601,131.80798786928463,1,0,17,82,17,82,0.3724082253901675,False,16.29977149688986,0.04019358869666867,0.04019358869666867,0.0698327547314566,,,,,,,,bmeleton_merged,0.04019358869666889,1.0,,,,,,,,,,,,,,,,,,,,,,,,,,,,,False
3636,1,bmeleton_merged_pivot_refit_both,-2.1095520419860385,-84.6188416749064,133.87924167702153,1,0,17,82,17,82,0.4398161990964755,False,163.94054819803736,1.960975169002086,0.039024830997914095,2.2744152067380674,,,,,,,,bmeleton_merged,,,2.146560258904978,True,True,ok,ok,17.0,68.0,17.0,68.0,17.0,68.0,17.0,68.0,0.5285968054957252,0.8050631271784261,0.6914221509511513,0.9565828131449678,0.13149092255665987,0.28249671242757285,end,start,0.0,0.3724082253901675,,,,,,False
3636,2,bmeleton_final_refit_vertex,-2.2714403444280546,-84.75761178260225,134.52389886224307,2,1,17,10,17,10,0.616969957177941,False,28.961042899385685,0.1250508586098067,0.1250508586098067,0.0725686503966361,,,,,,,,bmeleton_final_refit,,,,,,,,,,,,,,,,,,,,,,,,,,1.0,48.60589252036408,2.0,0.0725686503966361,,False
3643,0,bmeleton_merged_intersection,-4.281106188669039,-75.24139940080278,105.68765218142717,1,0,9,84,9,84,1.8569479695724056,False,20.248800599362873,0.061801418845067846,0.061801418845067846,0.06195387827863039,,,,,,,,bmeleton_merged,0.061801418845067846,1.0,,,,,,,,,,,,,,,,,,,,,,,,,,,,,False
3643,1,bmeleton_merged_pivot_refit_both,-3.611216983150264,-74.93094637586668,102.83748331244433,1,0,9,84,9,84,1.3881450043344772,False,160.90209393528863,1.9449608700531256,0.05503912994687443,1.187141377594172,,,,,,,,bmeleton_merged,,,2.9442478173688835,True,True,ok,ok,8.0,64.0,8.0,64.0,8.0,64.0,8.0,64.0,0.5179758398991522,1.088980664526679,0.5681014630672282,1.4897172445759357,0.8025755614900545,0.5975296617057505,end,start,0.0,1.8569479695724056,,,,,,False
3643,2,bmeleton_final_refit_vertex,-2.9466381493389773,-74.68163756193508,101.11565699782977,1,2,13,8,13,8,1.1965466346422364,False,31.243995728211313,0.1450337695347893,0.1450337695347893,0.05967275521283209,,,,,,,,bmeleton_final_refit,,,,,,,,,,,,,,,,,,,,,,,,,,1.0,5.0,2.0,0.05967275521283209,,False
3645,0,bmeleton_merged_intersection,-0.8145772824099158,-76.68616316869895,87.29839301696157,0,1,107,55,107,55,0.48661158705514485,False,26.86129420773702,0.10789703457430999,0.10789703457430999,0.29498270342904503,,,,,,,,bmeleton_merged,0.1078970345743101,1.0,,,,,,,,,,,,,,,,,,,,,,,,,,,,,False
3645,1,bmeleton_merged_pivot_refit_both,-1.368011134957114,-76.6417485442932,88.55807595601007,0,1,107,55,107,55,0.37757455278573254,False,152.3720503097757,1.88597747145116,0.11402252854883999,3.1347557917848143,,,,,,,,bmeleton_merged,,,1.3766127977525897,True,True,ok,ok,81.0,53.0,84.0,53.0,81.0,53.0,81.0,53.0,1.6958999764058051,0.8843028552830569,2.245446813074294,1.2436481589768564,0.3989829495929377,0.4064798823434331,start,end,0.0,0.48661158705514485,,,,,,False
3645,2,bmeleton_final_refit_vertex,0.4152477335973286,-76.81077215295636,89.96329775515301,2,0,55,18,55,18,0.3865904347833548,False,39.871125619195126,0.23251168514083498,0.23251168514083498,0.3395380375087882,,,,,,,,bmeleton_final_refit,,,,,,,,,,,,,,,,,,,,,,,,,,1.0,0.6056059155899955,2.0,0.3395380375087882,,False
3656,0,bmeleton_merged_intersection,2.722061030994529,-67.52947831736736,107.18739498647415,0,1,76,64,76,64,0.5408549379566914,False,27.69495866854488,0.11456547722883947,0.11456547722883947,0.31014747321039215,,,,,,,,bmeleton_merged,0.1145654772288397,1.0,,,,,,,,,,,,,,,,,,,,,,,,,,,,,False
3656,1,bmeleton_merged_pivot_refit_both,2.2787134447872432,-67.3633682967158,106.28494578607797,0,1,76,64,76,64,0.6648749710083515,False,152.9268098181217,1.8904258655377615,0.1095741344622384,3.2990160884307884,,,,,,,,bmeleton_merged,,,1.0190996911256458,True,True,ok,ok,55.0,59.0,56.0,59.0,55.0,59.0,55.0,59.0,0.708288520291262,0.9538071620188658,1.0708313434744061,1.9180711575440812,0.2824945011774182,0.425061228264158,start,end,0.0,0.5408549379566914,,,,,,False
3656,2,bmeleton_final_refit_vertex,3.3454810817703806,-67.33141220524178,99.27736691748063,2,0,59,18,59,18,0.6412510812247996,False,35.11134435879218,0.18196414758806734,0.18196414758806734,0.262792317349981,,,,,,,,bmeleton_final_refit,,,,,,,,,,,,,,,,,,,,,,,,,,1.0,5.0,2.0,0.262792317349981,,False
3658,0,bmeleton_merged_intersection,3.5814779544089927,-76.82541842479884,107.99311135632735,1,0,28,80,28,80,0.26298017604032925,False,26.991246471679982,0.10892412649964134,0.10892412649964134,0.24488172142846212,,,,,,,,bmeleton_merged,0.10892412649964134,1.0,,,,,,,,,,,,,,,,,,,,,,,,,,,,,False
3658,1,bmeleton_merged_pivot_refit_both,2.1551224522271233,-77.11556906658771,110.10855414036828,1,0,28,80,28,80,0.2659092409493875,False,154.06094061274308,1.8992597956576853,0.10074020434231468,2.3744733420136175,,,,,,,,bmeleton_merged,,,2.5678348050616218,True,True,ok,ok,28.0,54.0,28.0,54.0,28.0,54.0,28.0,54.0,0.7187154193125642,1.0332579475231527,1.232363007076479,1.2227479979600684,0.21608982836542792,0.8575062213870229,end,start,0.0,0.26298017604032925,,,,,,False
3658,2,bmeleton_final_refit_vertex,3.113694145595298,-77.11921315714989,109.1078291216711,2,1,28,19,28,19,0.17275289237934638,False,34.31487537333341,0.17404803836744231,0.17404803836744231,0.1940185370065994,,,,,,,,bmeleton_final_refit,,,,,,,,,,,,,,,,,,,,,,,,,,1.0,9.616998952828801,2.0,0.1940185370065994,,False
3660,0,bmeleton_merged_intersection,0.2561394549811692,-75.63374766524427,66.65624130593794,1,0,16,63,16,63,2.7262735888740104,False,7.789457675930376,0.009227204869786898,0.009227204869786898,0.009479170948666111,,,,,,,,bmeleton_merged,0.009227204869786898,1.0,,,,,,,,,,,,,,,,,,,,,,,,,,,,,False
3660,1,bmeleton_merged_pivot_refit_both,0.1612796236217482,-75.74529511284061,66.89762627843638,1,0,16,63,16,63,3.0003067017604366,False,7.784106694688879,0.0092145514344244,0.0092145514344244,0.002768883392847765,,,,,,,,bmeleton_merged,,,0.2823259209121023,True,True,ok,ok,16.0,14.0,16.0,27.0,16.0,15.0,16.0,14.0,0.6176899667120024,1.3004052525683822,1.2101912394314849,1.6732970095069004,1.454662542023815,0.6242926180421421,end,end,0.0,2.7262735888740104,,,,,,False
3660,2,bmeleton_final_refit_vertex,1.7996298496696932,-76.61450501360565,75.82186447756055,0,2,27,16,27,16,2.107508670093204,False,42.95052207217293,0.2680576295900535,0.2680576295900535,0.1959713826703061,,,,,,,,bmeleton_final_refit,,,,,,,,,,,,,,,,,,,,,,,,,,1.0,28.067029598542398,2.0,0.1959713826703061,,False
3665,0,bmeleton_merged_intersection,-5.424656332013729,-68.22437479436874,122.24207677185765,1,0,12,92,12,92,0.20739740833189868,False,15.692453948862806,0.037272622913927744,0.037272622913927744,0.05945573856817612,,,,,,,,bmeleton_merged,0.037272622913927855,1.0,,,,,,,,,,,,,,,,,,,,,,,,,,,,,False
3665,1,bmeleton_merged_pivot_refit_both,-5.971561094016923,-68.42254993535279,124.17767617942658,1,0,12,92,12,92,0.1341907078966792,False,164.60837136121663,1.9641341937678407,0.03586580623215929,2.0547065610366615,,,,,,,,bmeleton_merged,,,2.0211193116159687,True,True,ok,ok,11.0,72.0,11.0,72.0,11.0,72.0,11.0,72.0,0.2923637332618319,0.9041077514413605,0.34199347993107393,1.4727296006583297,0.05108640205306881,0.28217916875996396,end,start,0.0,0.20739740833189868,,,,,,False
3665,2,bmeleton_final_refit_vertex,-5.8882750081231805,-68.6205009840175,124.31568137194454,1,2,17,12,17,12,0.6031386701661874,False,23.76820756300504,0.08481655271259037,0.08481655271259037,0.054051075335489675,,,,,,,,bmeleton_final_refit,,,,,,,,,,,,,,,,,,,,,,,,,,1.0,1.0889928112361411,2.0,0.054051075335489675,,False
3672,0,bmeleton_merged_intersection,0.10987833444594841,-81.69105733416441,25.446020367670442,0,1,63,33,63,33,1.5363472914515246,False,32.86092510292659,0.16000989359178985,0.16000989359178985,0.2790480362015775,,,,,,,,bmeleton_merged,0.16000989359179008,1.0,,,,,,,,,,,,,,,,,,,,,,,,,,,,,False
3672,1,bmeleton_merged_pivot_refit_both,0.958589822609575,-81.47364432773601,27.09539567626903,0,1,63,33,63,33,1.8550545832820893,False,32.76753564647943,0.15912659423895825,0.15912659423895825,0.12909389068271584,,,,,,,,bmeleton_merged,,,1.867623761393026,True,True,ok,ok,42.0,28.0,42.0,28.0,42.0,28.0,42.0,28.0,1.2330769212462807,0.7601783744569521,1.8930918601687372,0.9553847124528217,0.6332922235049941,0.5221274805061777,end,end,0.0,1.5363472914515246,,,,,,False
3672,2,bmeleton_final_refit_vertex,1.14086880715996,-81.21527101588703,29.078463745995002,0,3,44,28,44,28,2.144386865417647,False,34.020281348685586,0.1711604204209889,0.1711604204209889,0.210224701155995,,,,,,,,bmeleton_final_refit,,,,,,,,,,,,,,,,,,,,,,,,,,1.0,5.0,2.0,0.210224701155995,,False
3677,0,bmeleton_merged_intersection,1.2817764364229318,-75.20882535169667,105.940643796572,1,0,21,103,21,103,0.9759251371965371,False,20.332577573719878,0.0623084797104263,0.0623084797104263,0.12123004740601954,,,,,,,,bmeleton_merged,0.0623084797104263,1.0,,,,,,,,,,,,,,,,,,,,,,,,,,,,,False
3677,1,bmeleton_merged_pivot_refit_both,-0.21183447693014446,-75.39000992888872,109.96296408349164,1,0,21,103,21,103,1.0443583364990638,False,160.55245115415607,1.9429466779963849,0.057053322003615126,2.102736970848763,,,,,,,,bmeleton_merged,,,4.294503685184697,True,True,ok,ok,21.0,84.0,21.0,84.0,21.0,84.0,21.0,84.0,0.653582979738559,1.5892851402636075,0.8888827200314657,1.839918438541657,0.2208375710452161,0.9178894717604934,end,start,0.0,0.9759251371965371,,,,,,False
3677,2,bmeleton_final_refit_vertex,1.2632015731086428,-75.08907970868631,106.03848382537453,2,1,21,15,21,15,1.2167608616645371,False,34.375236069037136,0.17464239320541275,0.17464239320541275,0.12464670364986952,,,,,,,,bmeleton_final_refit,,,,,,,,,,,,,,,,,,,,,,,,,,1.0,58.005403110210175,2.0,0.12464670364986952,,False
3680,0,bmeleton_merged_intersection,3.7504431496711392,-68.03520835378632,105.49225731108879,0,1,77,11,77,11,3.4963616282130943,False,3.468717196801341,0.0018320185883574647,0.0018320185883574647,0.0015688398086013894,,,,,,,,bmeleton_merged,0.0018320185883575757,1.0,,,,,,,,,,,,,,,,,,,,,,,,,,,,,False
3680,1,bmeleton_merged_pivot_refit_both,3.988097760296631,-68.28520277352497,110.49541970617351,0,1,77,11,77,11,3.2202936702993985,False,3.7306038827864176,0.002118993272342662,0.002118993272342662,0.000468409025307885,,,,,,,,bmeleton_merged,,,5.015038471980234,True,True,ok,ok,13.0,11.0,19.0,11.0,13.0,11.0,13.0,11.0,1.4204674703517066,0.6298429067368053,1.630262877132028,0.6459608344699403,0.7631501053128074,2.7446722071104634,end,end,0.0,3.4963616282130943,,,,,,False
3680,2,bmeleton_final_refit_vertex,4.910185627403756,-68.85776171617496,111.34396808959977,0,2,21,11,21,11,2.1341337526868407,False,20.219427331514776,0.061624111758074473,0.061624111758074473,0.03282127316797824,,,,,,,,bmeleton_final_refit,,,,,,,,,,,,,,,,,,,,,,,,,,1.0,11.546248335260776,2.0,0.03282127316797824,,False
3719,0,bmeleton_merged_intersection,0.6583735043998629,-77.609661742865,25.990610698071663,0,1,52,35,52,35,2.2939843671587608,False,37.05790800143631,0.20197314333630378,0.20197314333630378,0.295327914790867,,,,,,,,bmeleton_merged,0.2019731433363039,1.0,,,,,,,,,,,,,,,,,,,,,,,,,,,,,False
3719,1,bmeleton_merged_pivot_refit_both,1.2711973002156185,-77.63345870497605,24.847348637295593,0,1,52,35,52,35,1.963274612846161,False,36.21625006008685,0.19320722614778485,0.19320722614778485,0.15323722925679203,,,,,,,,bmeleton_merged,,,1.2973694307072652,True,True,ok,ok,37.0,35.0,37.0,35.0,37.0,35.0,37.0,35.0,1.7238084859061946,0.5450001216594733,1.8559054448845507,0.6348125908471202,1.282858325004412,0.2943587253031769,end,end,0.0,2.2939843671587608,,,,,,False
3719,2,bmeleton_final_refit_vertex,1.3945441467823492,-77.53585477555194,24.531364787925067,0,2,40,35,40,35,1.7670259380652826,False,35.74615038210265,0.18838676500396268,0.18838676500396268,0.2604093501705459,,,,,,,,bmeleton_final_refit,,,,,,,,,,,,,,,,,,,,,,,,,,1.0,41.17928862305225,2.0,0.2604093501705459,,False
3727,0,bmeleton_merged_intersection,-1.0547067250673483,-60.230092973923206,55.84216174650979,1,0,101,88,101,88,0.09828507851231902,False,21.050663079411983,0.06673682082945276,0.06673682082945276,0.1963507918890049,,,,,,,,bmeleton_merged,0.06673682082945276,1.0,,,,,,,,,,,,,,,,,,,,,,,,,,,,,False
3727,1,bmeleton_merged_pivot_refit_both,-0.8428171790341832,-60.01500532728194,62.64977613122136,1,0,101,88,101,88,0.2712665506293525,False,22.422677136662546,0.07560486290983004,0.07560486290983004,0.10987778737855819,,,,,,,,bmeleton_merged,,,6.8143065301164505,True,True,ok,ok,88.0,34.0,93.0,36.0,88.0,35.0,88.0,34.0,1.4899007873323895,1.4094202748982103,2.035226771309451,2.111269098929693,0.6498265538871999,0.7462591777245378,end,end,0.0,0.09828507851231902,,,,,,False
3727,2,bmeleton_final_refit_vertex,-0.5468736188364012,-59.89344600366913,68.95284986181684,2,1,94,36,94,36,0.2379328275244801,False,27.775690549648274,0.11522122590959338,0.11522122590959338,0.3199099536292069,,,,,,,,bmeleton_final_refit,,,,,,,,,,,,,,,,,,,,,,,,,,1.0,5.0,2.0,0.3199099536292069,,False
3732,0,bmeleton_merged_intersection,-0.09150921584344474,-75.31101008663595,41.72409174646996,0,1,72,58,72,58,1.4653796295928454,False,33.45314220824266,0.16566307022759064,0.16566307022759064,0.384346503342194,,,,,,,,bmeleton_merged,0.16566307022759053,1.0,,,,,,,,,,,,,,,,,,,,,,,,,,,,,False
3732,1,bmeleton_merged_pivot_refit_both,0.3080606153854144,-75.19206611423459,42.59941853760783,0,1,72,58,72,58,1.4008743592815291,False,33.97296689113762,0.17069868314912395,0.17069868314912395,0.21287235610889002,,,,,,,,bmeleton_merged,,,0.9695363375771937,True,True,ok,ok,49.0,58.0,50.0,58.0,50.0,58.0,49.0,58.0,1.6981161160366585,0.8092713131960061,1.9855091112224654,1.1646327683023243,0.8400831921781744,0.21216682517009752,end,end,0.0,1.4653796295928454,,,,,,False
3732,2,bmeleton_final_refit_vertex,0.7237977421495523,-75.04523603638745,43.5149102515848,2,0,58,49,58,49,1.288940749870878,False,35.3189756503647,0.1840538339416754,0.1840538339416754,0.39004921735629833,,,,,,,,bmeleton_final_refit,,,,,,,,,,,,,,,,,,,,,,,,,,1.0,8.412583386659072,2.0,0.39004921735629833,,False
3761,0,bmeleton_merged_intersection,2.93138619482475,-67.9155720714389,66.29906890541122,0,1,107,39,107,39,2.3619380220308437,False,5.761848690132527,0.005052221780569521,0.005052221780569521,0.010293937069526898,,,,,,,,bmeleton_merged,0.005052221780569521,1.0,,,,,,,,,,,,,,,,,,,,,,,,,,,,,False
3761,1,bmeleton_merged_pivot_refit_both,3.0744110603952306,-67.84276390642893,68.52882560967863,0,1,107,39,107,39,2.5853960980168846,False,5.943812960010178,0.005376077133376622,0.005376077133376622,0.0035773949611528056,,,,,,,,bmeleton_merged,,,2.2355250169231082,True,True,ok,ok,30.0,37.0,37.0,37.0,31.0,37.0,30.0,37.0,0.8725944737623493,1.4887370366582398,1.142157221452279,1.7067102968178578,0.4989960206430258,1.0053703713898396,end,end,0.0,2.3619380220308437,,,,,,False
3761,2,bmeleton_final_refit_vertex,2.2259148609228685,-68.46620152469362,83.0320916407003,1,2,37,37,37,37,2.2373929351379007,False,23.31082825453806,0.08162838868633737,0.08162838868633737,0.104327981376105,,,,,,,,bmeleton_final_refit,,,,,,,,,,,,,,,,,,,,,,,,,,1.0,5.0,2.0,0.104327981376105,,False
3770,0,bmeleton_merged_intersection,3.659663987866034,-76.36173569850527,117.24633931229243,2,1,40,45,40,45,0.779957163196563,False,37.35314079645933,0.2050889044584937,0.2050889044584937,0.37635163460757926,,,,,,,,bmeleton_merged,0.20508890445849381,3.0,,,,,,,,,,,,,,,,,,,,,,,,,,,,,False
3770,1,bmeleton_merged_intersection,9.578445420876314,-76.86985469800139,126.40453350868081,0,2,80,40,80,40,0.024270069053013987,False,30.15723380365343,0.13534997924895964,0.13534997924895964,0.38097827881468527,,,,,,,,bmeleton_merged,0.13534997924895964,1.0,,,,,,,,,,,,,,,,,,,,,,,,,,,,,False
3770,2,bmeleton_merged_intersection,7.085888102995848,-75.50444567311342,73.53888315938624,0,1,80,45,80,45,0.21141381238398266,False,7.225120353811138,0.007940344248548503,0.007940344248548503,0.02285467399368587,,,,,,,,bmeleton_merged,0.007940344248548614,2.0,,,,,,,,,,,,,,,,,,,,,,,,,,,,,False
3770,3,bmeleton_merged_pivot_refit_both,9.207873983705854,-76.7072839451267,125.70392265405285,0,2,80,40,80,40,2.8080939504775764e-05,False,149.701425986782,1.8634081071058315,0.1365918928941684,3.4183564906033532,,,,,,,,bmeleton_merged,,,0.8090784939419373,True,True,ok,ok,71.0,38.0,71.0,38.0,71.0,38.0,71.0,38.0,0.9892658310066061,0.6398321468455392,1.326930590258823,0.8163655816543656,0.18016082113266152,0.06005870182410837,start,end,1.0,0.024270069053013987,,,,,,False
3770,4,bmeleton_merged_pivot_refit_both,3.9241620576059226,-76.38711062671544,118.0502158154612,2,1,40,45,40,45,0.6110683122628058,False,142.92753961923265,1.7978737728407639,0.202126227159236,1.2640830230489868,,,,,,,,bmeleton_merged,,,0.8466525546082296,True,True,ok,ok,40.0,14.0,40.0,14.0,40.0,14.0,40.0,14.0,0.69768678004935,1.1948006636598585,0.9136194097621467,1.6103090042462882,0.18362685205986534,0.5350241340628593,end,start,0.0,0.779957163196563,,,,,,False
3770,5,bmeleton_merged_pivot_refit_both,7.41464488854178,-75.58966706054562,74.37925255268874,0,1,80,45,80,45,0.23922671139572813,False,7.2663416707922455,0.008031084628886576,0.008031084628886576,0.009046131502771304,,,,,,,,bmeleton_merged,,,0.9064019120224576,True,True,ok,ok,38.0,44.0,41.0,44.0,41.0,44.0,38.0,44.0,1.0186818328360174,1.8142986634760288,1.5916244051761643,1.9047356975683902,0.26490504071467524,0.29641317154304503,end,end,2.0,0.21141381238398266,,,,,,False
3770,6,bmeleton_final_refit_vertex,5.2058754915756476,-76.98890822664997,119.76949197758088,3,1,40,25,40,25,1.5594114710248277,False,43.27336909959658,0.2719085547260345,0.2719085547260345,0.32771627150433547,,,,,,,,bmeleton_final_refit,,,,,,,,,,,,,,,,,,,,,,,,,,1.0,7.681336076180547,2.0,0.32771627150433547,,False
3773,0,bmeleton_merged_intersection,-3.7040853768035844,-73.58661015024387,39.16602463895531,1,2,61,16,61,16,0.0681963807964744,False,35.935798221807346,0.19032488123251312,0.19032488123251312,0.29329661486589925,,,,,,,,bmeleton_merged,0.19032488123251312,3.0,,,,,,,,,,,,,,,,,,,,,,,,,,,,,False
3773,1,bmeleton_merged_intersection,-6.7033418567867376,-72.41726356585119,22.06070524375281,0,1,27,61,27,61,0.3416520182907911,False,32.0289425962472,0.15221969735452368,0.15221969735452368,0.28912261941075673,,,,,,,,bmeleton_merged,0.15221969735452368,1.0,,,,,,,,,,,,,,,,,,,,,,,,,,,,,False
3773,2,bmeleton_merged_intersection,-57.53062673265357,-55.248240561395015,159.28264852855457,0,2,27,16,27,16,1.127216311432484,False,3.956346071447081,0.002383091496613199,0.002383091496613199,0.002020967764848381,,,,,,,,bmeleton_merged,0.002383091496613199,2.0,,,,,,,,,,,,,,,,,,,,,,,,,,,,,False
3773,3,bmeleton_merged_pivot_refit_both,-3.698225173062304,-73.75527548302387,39.55390505288343,1,2,61,16,61,16,0.32248985701998345,False,35.980233711020674,0.1907802756048793,0.1907802756048793,0.14320254034691798,,,,,,,,bmeleton_merged,,,0.42300538055529213,True,True,ok,ok,42.0,15.0,42.0,15.0,42.0,15.0,42.0,15.0,1.524041761159065,0.7392675365499797,1.8655989659909453,1.709595981471895,0.01174868641200851,0.1113359976957625,end,end,0.0,0.0681963807964744,,,,,,False
3773,4,bmeleton_merged_pivot_refit_both,-6.209502455861839,-72.22703527064974,27.48167928242222,0,1,27,61,27,61,0.6928539238702357,False,33.1846764949091,0.16308927308443621,0.16308927308443621,0.13283802844949416,,,,,,,,bmeleton_merged,,,5.446744319878514,True,True,ok,ok,18.0,54.0,18.0,55.0,18.0,54.0,18.0,54.0,1.0381423919091026,1.4890930126402773,1.357461245096322,1.8361837019243843,0.7243868693586487,0.47936693627739135,end,end,1.0,0.3416520182907911,,,,,,False
3773,5,bmeleton_merged_pivot_refit_both,-52.27393488356114,-56.88196088559879,147.83195697310146,0,2,27,16,27,16,0.7242514138916573,False,4.317790439538958,0.002838195570026514,0.002838195570026514,0.0010927982406721862,,,,,,,,bmeleton_merged,,,12.705124493374974,True,True,ok,ok,13.0,12.0,16.0,12.0,16.0,12.0,13.0,12.0,1.0739694097101393,0.508998323504841,1.733983226265713,0.9889707276179988,0.36432351583894107,0.23705725151251064,start,start,2.0,1.127216311432484,,,,,,False
3773,6,bmeleton_final_refit_vertex,-3.7537287191191866,-73.34128904034691,39.9727906393975,2,3,42,15,42,15,0.4163262594790705,False,36.63183157062084,0.1975138907859746,0.1975138907859746,0.22882481019764428,,,,,,,,bmeleton_final_refit,,,,,,,,,,,,,,,,,,,,,,,,,,1.0,5.0,2.0,0.22882481019764428,,False
3783,0,bmeleton_merged_intersection,-8.85368567923621,-74.52880578120568,47.89022927110062,0,1,26,45,26,45,0.7613200956594923,False,6.032332958152887,0.005537250127487625,0.005537250127487625,0.008218736869105214,,,,,,,,bmeleton_merged,0.005537250127487736,1.0,,,,,,,,,,,,,,,,,,,,,,,,,,,,,False
3783,1,bmeleton_final_refit_vertex,-8.243521415880565,-75.06876369823507,65.67728744328907,2,1,37,9,37,9,0.41894150191625945,False,19.72345609758588,0.058667536202072545,0.058667536202072545,0.049390737678477514,,,,,,,,bmeleton_final_refit,,,,,,,,,,,,,,,,,,,,,,,,,,1.0,5.0,2.0,0.049390737678477514,,False
3784,0,bmeleton_merged_intersection,-3.701964581921372,-76.950362845418,55.24290961839881,0,1,62,25,62,25,1.3680538268904916,False,33.54614459410305,0.16655896463028685,0.16655896463028685,0.2574347348965739,,,,,,,,bmeleton_merged,0.16655896463028685,1.0,,,,,,,,,,,,,,,,,,,,,,,,,,,,,False
3784,1,bmeleton_merged_pivot_refit_both,-3.184543579148763,-77.11732093503868,55.868039113457414,0,1,62,25,62,25,0.9201003484163751,False,147.23214367543844,1.8408703765336234,0.1591296234663766,1.3601568585627606,,,,,,,,bmeleton_merged,,,0.8284843893473315,True,True,ok,ok,25.0,25.0,25.0,25.0,25.0,25.0,25.0,25.0,0.8858408862025587,0.6772229277299417,1.3425073453815621,0.7585085079065911,0.9597570123180063,0.13544344735385558,start,end,0.0,1.3680538268904916,,,,,,False
3784,2,bmeleton_final_refit_vertex,-3.5385261936359624,-77.12131158517386,55.62768764680874,0,2,29,25,29,25,1.6321512070382709,False,35.45401085822145,0.18541863578383577,0.18541863578383577,0.18819495380140558,,,,,,,,bmeleton_final_refit,,,,,,,,,,,,,,,,,,,,,,,,,,1.0,48.37183772982741,2.0,0.18819495380140558,,False
3812,0,bmeleton_merged_intersection,-7.769550992621303,-68.1552385948988,22.234066643239256,0,1,56,62,56,62,1.8796579425064233,False,41.687809491060314,0.25322029719926753,0.25322029719926753,0.5422025247204973,,,,,,,,bmeleton_merged,0.25322029719926764,1.0,,,,,,,,,,,,,,,,,,,,,,,,,,,,,False
3812,1,bmeleton_merged_pivot_refit_both,-8.091695468487476,-68.38545731042201,22.55284502856971,0,1,56,62,56,62,1.489544010920579,False,41.98491877571155,0.2566790737047937,0.2566790737047937,0.3576928850433605,,,,,,,,bmeleton_merged,,,0.5083280232902158,True,True,ok,ok,45.0,62.0,45.0,62.0,45.0,62.0,45.0,62.0,1.2357352977838225,0.4518447726839524,1.739486286818213,0.9905562680911378,0.9522367104836257,0.12493646136780172,end,end,0.0,1.8796579425064233,,,,,,False
3812,2,bmeleton_final_refit_vertex,-7.786583720450029,-68.1550004328741,22.261968755754687,2,1,62,45,62,45,1.884527704526424,False,41.283594998798854,0.24854692476783158,0.24854692476783158,0.4767342482010656,,,,,,,,bmeleton_final_refit,,,,,,,,,,,,,,,,,,,,,,,,,,1.0,18.57710533361986,2.0,0.4767342482010656,,False
3817,0,bmeleton_merged_intersection,2.870127515360831,-75.41520016586776,107.7525227401295,0,1,83,52,83,52,0.46084037437265885,False,26.322439549824562,0.10368716455139593,0.10368716455139593,0.2848110110615736,,,,,,,,bmeleton_merged,0.10368716455139593,1.0,,,,,,,,,,,,,,,,,,,,,,,,,,,,,False
3817,1,bmeleton_merged_pivot_refit_both,2.4995461110272634,-75.45881132627761,108.84372795601128,0,1,83,52,83,52,0.3967670125610522,False,153.84300249232305,1.8975894825585946,0.10241051744140539,3.0998024816804413,,,,,,,,bmeleton_merged,,,1.1532394953858096,True,True,ok,ok,54.0,50.0,54.0,50.0,54.0,50.0,54.0,50.0,0.8257330231764481,1.0149989613548613,1.0134833238973762,1.3262627422673166,0.24822054116837605,0.11717096071012743,start,end,0.0,0.46084037437265885,,,,,,False
3817,2,bmeleton_final_refit_vertex,2.946368267492822,-75.29841953463085,108.67751289587808,2,0,50,21,50,21,0.38534596144127287,False,37.60127567294722,0.20772394153600904,0.20772394153600904,0.31246948004474756,,,,,,,,bmeleton_final_refit,,,,,,,,,,,,,,,,,,,,,,,,,,1.0,5.0,2.0,0.31246948004474756,,False
3839,0,bmeleton_merged_intersection,-1.8735400462722638,-70.37822300011874,22.81627219030498,0,1,59,25,59,25,2.250470986303595,False,35.29169719522595,0.18377868040101186,0.18377868040101186,0.24336881565655502,,,,,,,,bmeleton_merged,0.18377868040101208,1.0,,,,,,,,,,,,,,,,,,,,,,,,,,,,,False
3839,1,bmeleton_merged_pivot_refit_both,-1.512386176333302,-70.15532263326864,23.20478121313784,0,1,59,25,59,25,1.7693875915130068,False,35.82796087528842,0.189221742384306,0.189221742384306,0.14444742908941452,,,,,,,,bmeleton_merged,,,0.5753746189538956,True,True,ok,ok,38.0,25.0,38.0,25.0,38.0,25.0,38.0,25.0,1.3892649061970483,0.37467882697440413,1.8723091220589312,0.5399147465654208,1.1361243193801747,0.2556364199220439,end,end,0.0,2.250470986303595,,,,,,False
3839,2,bmeleton_final_refit_vertex,-1.9842831143589712,-69.94319220384097,22.866884496890464,1,2,40,25,40,25,1.3678037245663475,False,35.017460288246255,0.1810227851509506,0.1810227851509506,0.22474165906522783,,,,,,,,bmeleton_final_refit,,,,,,,,,,,,,,,,,,,,,,,,,,1.0,44.33715491986081,2.0,0.22474165906522783,,False
3842,0,bmeleton_merged_intersection,-5.158630688741395,-74.68757789518425,74.41554920452124,0,1,110,26,110,26,0.6704053134136614,False,24.93989616369705,0.09324938099128366,0.09324938099128366,0.2198643822806695,,,,,,,,bmeleton_merged,0.09324938099128377,1.0,,,,,,,,,,,,,,,,,,,,,,,,,,,,,False
3842,1,bmeleton_merged_pivot_refit_both,-5.400617097332233,-74.84029959990886,75.12606537003825,0,1,110,26,110,26,0.5012533024460888,False,155.36730017302452,1.9089983813551519,0.09100161864484813,2.2216361821139183,,,,,,,,bmeleton_merged,,,0.7659729515444224,True,True,ok,ok,68.0,25.0,71.0,25.0,68.0,25.0,68.0,25.0,1.914741282353857,0.4552720131023381,2.3323262024607354,0.7148639211936912,0.3198144760508865,0.12055280993986411,start,end,0.0,0.6704053134136614,,,,,,False
3842,2,bmeleton_final_refit_vertex,-6.046756171770132,-75.3809990997971,77.28074284396308,0,2,32,26,32,26,0.16595446128107202,False,30.22084967059549,0.13590830191044012,0.13590830191044012,0.1897129968806633,,,,,,,,bmeleton_final_refit,,,,,,,,,,,,,,,,,,,,,,,,,,1.0,3.5242830994665333,2.0,0.1897129968806633,,False
3852,0,bmeleton_merged_intersection,-4.340615292854064,-80.30763168803489,133.02862571659148,1,0,9,122,9,122,1.1089208281256009,False,14.32774863939235,0.03110400511705602,0.03110400511705602,0.042178681218529135,,,,,,,,bmeleton_merged,0.031104005117056133,1.0,,,,,,,,,,,,,,,,,,,,,,,,,,,,,False
3852,1,bmeleton_merged_pivot_refit_both,-5.127376742631441,-80.60636451094918,136.15926540613202,1,0,9,122,9,122,1.1327311547894792,False,166.0443202234096,1.9704825707358489,0.02951742926415124,1.5472846944782044,,,,,,,,bmeleton_merged,,,3.2417803355669634,True,True,ok,ok,9.0,101.0,9.0,101.0,9.0,101.0,9.0,101.0,0.6490105298787445,1.4878354388516526,0.6795219918383352,1.7791374508254294,0.35631476826998687,0.4516703062020534,end,start,0.0,1.1089208281256009,,,,,,False
3852,2,bmeleton_final_refit_vertex,-3.2960046458956813,-80.32609063774592,129.77739363629954,0,2,14,9,14,9,1.8919473593981704,False,18.130185345620465,0.04964807507687785,0.04964807507687785,0.020215558516692843,,,,,,,,bmeleton_final_refit,,,,,,,,,,,,,,,,,,,,,,,,,,1.0,47.25114156622982,2.0,0.020215558516692843,,False
3862,0,bmeleton_merged_intersection,-5.678078576908588,-69.81732241303682,98.79989510478674,1,0,32,106,32,106,0.6197299403948341,False,34.35214733985613,0.17441493674963493,0.17441493674963493,0.45189356760443966,,,,,,,,bmeleton_merged,0.1744149367496347,1.0,,,,,,,,,,,,,,,,,,,,,,,,,,,,,False
3862,1,bmeleton_merged_pivot_refit_both,-5.375486148118899,-69.90926996206335,97.76772353726761,1,0,32,106,32,106,0.32488402818339157,False,146.1026950145127,1.8300385187650554,0.1699614812349446,2.6521862054699743,,,,,,,,bmeleton_merged,,,1.0795344712086428,True,True,ok,ok,29.0,80.0,29.0,81.0,29.0,80.0,29.0,80.0,0.7709123865822735,1.3902154861968103,1.0775821208469618,2.0030601209764067,0.3273226669176293,0.19457977103669483,end,start,0.0,0.6197299403948341,,,,,,False
3862,2,bmeleton_final_refit_vertex,-5.044160783891845,-70.02669003089645,99.93170736647619,2,0,32,21,32,21,0.42998366919332887,False,40.36690770881171,0.2380874852563194,0.2380874852563194,0.28415983352514096,,,,,,,,bmeleton_final_refit,,,,,,,,,,,,,,,,,,,,,,,,,,1.0,1.7803141328843637,2.0,0.28415983352514096,,False
3866,0,bmeleton_merged_intersection,1.7069312377810681,-64.74878194174539,105.17041022845085,1,0,19,93,19,93,0.6475125606552417,False,39.608182193273464,0.22957779318650873,0.22957779318650873,0.42719971553799607,,,,,,,,bmeleton_merged,0.22957779318650873,1.0,,,,,,,,,,,,,,,,,,,,,,,,,,,,,False
3866,1,bmeleton_merged_pivot_refit_both,-0.16576834450887867,-65.2338655779485,107.72843589841234,1,0,19,93,19,93,0.6053186908672197,False,141.65539853446336,1.7842936705129602,0.21570632948703983,1.557284779600313,,,,,,,,bmeleton_merged,,,3.2071490747707583,True,True,ok,ok,18.0,51.0,18.0,53.0,18.0,51.0,18.0,51.0,0.5294783021366406,1.466838718212528,0.5274960655103447,1.7974260086813,0.05406601702892577,1.2596949840476694,end,start,0.0,0.6475125606552417,,,,,,False
3866,2,bmeleton_final_refit_vertex,-1.1254605259602106,-66.09805519831954,109.61034512472129,1,2,37,19,37,19,0.06606749337989855,False,51.5641167522382,0.37836152938855394,0.37836152938855394,0.4950552517162542,,,,,,,,bmeleton_final_refit,,,,,,,,,,,,,,,,,,,,,,,,,,1.0,3.8263465614561327,2.0,0.4950552517162542,,False
3868,0,bmeleton_merged_intersection,1.5182927993870357,-77.32292173974514,108.0845342860998,1,0,27,42,27,42,3.0684051557390806,False,11.950843154462886,0.02167438169703395,0.02167438169703395,0.022615466729041772,,,,,,,,bmeleton_merged,0.021674381697034062,1.0,,,,,,,,,,,,,,,,,,,,,,,,,,,,,False
3868,1,bmeleton_final_refit_vertex,-0.1246779075980442,-76.25821974354402,108.40807513359916,3,1,15,5,15,5,3.127262768621567,False,39.53837566897331,0.2288016232589618,0.2288016232589618,0.060951646270871254,,,,,,,,bmeleton_final_refit,,,,,,,,,,,,,,,,,,,,,,,,,,1.0,5.0,2.0,0.060951646270871254,,False
3873,0,bmeleton_merged_intersection,-5.593769982953839,-63.96700951103037,111.70289503731982,0,1,101,23,101,23,1.5150843019549705,False,7.026796795309221,0.0075109542638177595,0.0075109542638177595,0.013891197672347644,,,,,,,,bmeleton_merged,0.0075109542638177595,1.0,,,,,,,,,,,,,,,,,,,,,,,,,,,,,False
3873,1,bmeleton_merged_pivot_refit_both,-5.835047523913341,-64.11533576388749,117.62245253522832,0,1,101,23,101,23,0.8916754040634949,False,8.351837983335608,0.010605221239319063,0.010605221239319063,0.0037857139525042977,,,,,,,,bmeleton_merged,,,5.926329091444621,True,True,ok,ok,8.0,19.0,14.0,20.0,8.0,20.0,8.0,19.0,0.6538369657343256,0.9666804749765087,1.8540368446558038,1.2440550070945813,0.13837954385567466,1.5810739688960083,end,end,0.0,1.5150843019549705,,,,,,False
3873,2,bmeleton_final_refit_vertex,-5.455233238241017,-62.99484190891806,127.80163624950384,2,0,20,14,20,14,1.03705537962261,False,24.910024862608886,0.09302966690604841,0.09302966690604841,0.06446371507936727,,,,,,,,bmeleton_final_refit,,,,,,,,,,,,,,,,,,,,,,,,,,1.0,5.0,2.0,0.06446371507936727,,False
3889,0,bmeleton_merged_intersection,-4.9901393185687795,-80.45273803773107,91.45537481607462,1,0,21,66,21,66,1.9652180378435202,False,22.884041249367492,0.07870624640747115,0.07870624640747115,0.10517102549887185,,,,,,,,bmeleton_merged,0.07870624640747115,1.0,,,,,,,,,,,,,,,,,,,,,,,,,,,,,False
3889,1,bmeleton_merged_pivot_refit_both,-5.365829420594196,-80.38514739112966,90.6223299121618,1,0,21,66,21,66,1.6288301554300484,False,156.8655613491501,1.9195855099521277,0.08041449004787216,1.5984140459393645,,,,,,,,bmeleton_merged,,,0.9163380163471255,True,True,ok,ok,21.0,45.0,21.0,45.0,21.0,45.0,21.0,45.0,0.4206540984252069,1.0209401082019736,0.5368442265612036,1.0698209337087186,0.4146284586395705,0.5237868520173556,end,start,0.0,1.9652180378435202,,,,,,False
3889,2,bmeleton_final_refit_vertex,-5.444264687159665,-80.73972070689105,90.32425072866506,2,1,21,18,21,18,2.3448213454161233,False,34.27923469642454,0.1736975250080839,0.1736975250080839,0.11494717501554458,,,,,,,,bmeleton_final_refit,,,,,,,,,,,,,,,,,,,,,,,,,,1.0,52.6692908279266,2.0,0.11494717501554458,,False
3893,0,bmeleton_merged_intersection,-0.5859403630522166,-72.23154326331769,82.87124453357161,0,1,71,26,71,26,3.4809716945929354,False,11.079563141678571,0.018638727683159106,0.018638727683159106,0.023606223057107967,,,,,,,,bmeleton_merged,0.018638727683159217,1.0,,,,,,,,,,,,,,,,,,,,,,,,,,,,,False
3893,1,bmeleton_merged_pivot_refit_both,-1.0255548654515694,-72.37669854048428,83.81270920157837,0,1,71,26,71,26,3.460273047430171,False,11.040972711043313,0.01850951670794454,0.01850951670794454,0.004817550629622882,,,,,,,,bmeleton_merged,,,1.0491361619514497,True,True,ok,ok,8.0,25.0,25.0,25.0,10.0,25.0,8.0,25.0,1.0883970136237524,0.927252907020669,1.5847417849405305,1.2503365382586735,0.6882560487675831,2.016559120131886,end,end,0.0,3.4809716945929354,,,,,,False
3893,2,bmeleton_final_refit_vertex,-2.55503975333012,-73.17232045794069,91.11953013356663,1,2,27,26,27,26,2.2135589561730757,False,45.40761654417689,0.29794160551769955,0.29794160551769955,0.2735836458864356,,,,,,,,bmeleton_final_refit,,,,,,,,,,,,,,,,,,,,,,,,,,1.0,4.6192768376806965,2.0,0.2735836458864356,,False
3902,0,bmeleton_merged_intersection,4.08989808237337,-73.83440783669175,43.714159506906995,0,1,94,47,94,47,0.5870842576540699,False,9.731741597015416,0.014390024505407495,0.014390024505407495,0.03863381284887668,,,,,,,,bmeleton_merged,0.014390024505407606,1.0,,,,,,,,,,,,,,,,,,,,,,,,,,,,,False
3902,1,bmeleton_merged_pivot_refit_both,3.6636471748838537,-74.17361086344657,45.67716165189211,0,1,94,47,94,47,0.5700910165537981,False,9.667035564900242,0.014199755726560181,0.014199755726560181,0.01141895622645439,,,,,,,,bmeleton_merged,,,2.0371857918980885,True,True,ok,ok,59.0,17.0,65.0,30.0,65.0,17.0,59.0,17.0,1.3094056878692282,1.6541540781924102,1.6544083164891517,1.8686730611500642,0.3534806807569282,0.2601040672683067,end,end,0.0,0.5870842576540699,,,,,,False
3902,2,bmeleton_final_refit_vertex,3.076682446969996,-74.11868252264652,69.95430135047494,0,3,68,30,68,30,0.3326386949904307,False,36.4456815387746,0.19557958729804759,0.19557958729804759,0.41412977655247674,,,,,,,,bmeleton_final_refit,,,,,,,,,,,,,,,,,,,,,,,,,,1.0,5.0,2.0,0.41412977655247674,,False
3907,0,bmeleton_merged_intersection,-0.6070972102698668,-61.77509769995058,62.67490647663574,0,1,132,44,132,44,3.4289060948298675,False,6.776097100065373,0.006985182026931658,0.006985182026931658,0.012430762571698784,,,,,,,,bmeleton_merged,0.006985182026931769,1.0,,,,,,,,,,,,,,,,,,,,,,,,,,,,,False
3907,1,bmeleton_merged_pivot_refit_both,-0.3841140268681018,-61.46675048138276,67.99368205282423,0,1,132,44,132,44,3.3400641686044965,False,7.310071161243847,0.008127907504868026,0.008127907504868026,0.005605328936924649,,,,,,,,bmeleton_merged,,,5.332370311328505,True,True,ok,ok,46.0,42.0,65.0,42.0,49.0,42.0,46.0,42.0,1.6484847857603349,1.6271447244582808,2.362172379742597,1.9480774384051551,0.5621198725175641,1.452576931116408,end,end,0.0,3.4289060948298675,,,,,,False
3907,2,bmeleton_final_refit_vertex,-0.8092060141786079,-62.60277845715531,84.23587851958067,1,2,66,42,66,42,2.735343232377726,False,18.847061229612578,0.053615759656985174,0.053615759656985174,0.09123248331575383,,,,,,,,bmeleton_final_refit,,,,,,,,,,,,,,,,,,,,,,,,,,1.0,5.0,2.0,0.09123248331575383,,False
3914,0,bmeleton_merged_intersection,-5.335853258567013,-76.59317025574654,52.986843989036146,1,0,85,42,85,42,1.0557815714807706,False,6.483529808732066,0.006395644084525642,0.006395644084525642,0.015775684134368063,,,,,,,,bmeleton_merged,0.006395644084525642,1.0,,,,,,,,,,,,,,,,,,,,,,,,,,,,,False
3914,1,bmeleton_merged_pivot_refit_both,-5.74038874062151,-74.88940862855894,44.95111846684319,1,0,85,42,85,42,1.3327477266096703,False,5.9529761251795446,0.0053926508370287785,0.0053926508370287785,0.0029151763831140633,,,,,,,,bmeleton_merged,,,8.224313789401597,True,True,ok,ok,28.0,23.0,47.0,23.0,30.0,23.0,28.0,23.0,1.616093927691966,1.4653774721268433,2.059020310384101,1.7871594826078572,0.2960343614753794,1.5760611985815514,end,end,0.0,1.0557815714807706,,,,,,False
3914,2,bmeleton_final_refit_vertex,-3.167156878343901,-77.04295607646284,67.91706413142421,2,1,50,23,50,23,2.8149470955949907,False,39.08815367081152,0.22382321260100113,0.22382321260100113,0.24281080651826462,,,,,,,,bmeleton_final_refit,,,,,,,,,,,,,,,,,,,,,,,,,,1.0,5.0,2.0,0.24281080651826462,,False
3922,0,bmeleton_merged_intersection,-1.683614386725635,-77.07910069024626,45.53062882307076,0,1,92,31,92,31,1.8415682356133154,False,31.162297435932505,0.14429504573149876,0.14429504573149876,0.2815856550618807,,,,,,,,bmeleton_merged,0.14429504573149876,1.0,,,,,,,,,,,,,,,,,,,,,,,,,,,,,False
3922,1,bmeleton_merged_pivot_refit_both,-1.9838116215765775,-77.03472077278323,46.901624847510945,0,1,92,31,92,31,1.071823774151718,False,31.732070483555265,0.14948314899529602,0.14948314899529602,0.13835323363723914,,,,,,,,bmeleton_merged,,,1.4041787834592072,True,True,ok,ok,39.0,31.0,43.0,31.0,41.0,31.0,39.0,31.0,1.4967689258486752,0.5519725078940568,1.9842719985968185,0.7705290081906244,0.7392556352865545,0.17662353290013813,end,end,0.0,1.8415682356133154,,,,,,False
3922,2,bmeleton_final_refit_vertex,-2.7815259584007404,-76.25688970972172,48.40172974835601,1,2,40,31,40,31,0.9048267465204844,False,35.261017556916684,0.18346944071029803,0.18346944071029803,0.2735315514719156,,,,,,,,bmeleton_final_refit,,,,,,,,,,,,,,,,,,,,,,,,,,1.0,12.712694671854008,2.0,0.2735315514719156,,False
3927,0,bmeleton_merged_intersection,-6.2698615604493835,-69.29484487647132,32.29753732610503,1,0,35,54,35,54,0.5490784810542768,False,11.927440985575169,0.021589885633867434,0.021589885633867434,0.042286368046835665,,,,,,,,bmeleton_merged,0.021589885633867545,1.0,,,,,,,,,,,,,,,,,,,,,,,,,,,,,False
3927,1,bmeleton_merged_pivot_refit_both,-4.994305798962978,-68.96278080266406,23.818124779926546,1,0,35,54,35,54,0.6059050270379931,False,9.594796020342507,0.013988819961700316,0.013988819961700316,0.010711615650157907,,,,,,,,bmeleton_merged,,,8.581243859608216,True,True,ok,ok,33.0,18.0,33.0,22.0,33.0,22.0,33.0,18.0,0.6038022675596331,0.7422562303170303,0.7987347081206838,1.0121064261095982,0.09783669844623118,2.3836660381669783,end,end,0.0,0.5490784810542768,,,,,,False
3927,2,bmeleton_final_refit_vertex,-6.156861412765998,-69.03547368013096,34.3877333882448,3,0,33,24,33,24,0.81773657992639,False,12.039528748052167,0.021996071729802336,0.021996071729802336,0.026600737265671335,,,,,,,,bmeleton_final_refit,,,,,,,,,,,,,,,,,,,,,,,,,,1.0,5.0,2.0,0.026600737265671335,,False
3929,0,bmeleton_merged_intersection,-3.4859768414693404,-77.8038285208018,58.118655731033265,0,1,74,27,74,27,2.332857772839261,False,27.84737439705149,0.11580495387974665,0.11580495387974665,0.17647842816877773,,,,,,,,bmeleton_merged,0.11580495387974665,1.0,,,,,,,,,,,,,,,,,,,,,,,,,,,,,False
3929,1,bmeleton_merged_pivot_refit_both,-3.3063992873882895,-77.48561407080531,58.83335314651859,0,1,74,27,74,27,1.8611613628683015,False,152.4572425418583,1.886666002428763,0.11333399757123708,1.300077617689657,,,,,,,,bmeleton_merged,,,0.8026835801346036,True,True,ok,ok,27.0,27.0,27.0,27.0,27.0,27.0,27.0,27.0,1.1836227018622831,0.35469793665476523,1.2871367134371139,0.4598963901291068,0.865983686883279,0.3792500257542173,start,end,0.0,2.332857772839261,,,,,,False
3929,2,bmeleton_final_refit_vertex,-2.9858683971409654,-77.12365483385327,59.53632576987653,1,2,41,27,41,27,1.3568366927389428,False,33.48706763554833,0.16598962018713914,0.16598962018713914,0.21719693670201634,,,,,,,,bmeleton_final_refit,,,,,,,,,,,,,,,,,,,,,,,,,,1.0,58.708406075491126,2.0,0.21719693670201634,,False
3939,0,bmeleton_merged_intersection,3.809679645500177,-80.18099002276682,23.17742900772705,1,0,50,33,50,33,0.5621550010181027,False,38.00500625350255,0.2120430431962378,0.2120430431962378,0.38713543268005,,,,,,,,bmeleton_merged,0.2120430431962378,1.0,,,,,,,,,,,,,,,,,,,,,,,,,,,,,False
3939,1,bmeleton_merged_pivot_refit_both,4.151224900380707,-80.00957161076036,21.75272048869808,1,0,50,33,50,33,0.17867193873855347,False,37.218043870380555,0.2036605248164427,0.2036605248164427,0.19517439956609495,,,,,,,,bmeleton_merged,,,1.475070099113916,True,True,ok,ok,40.0,26.0,40.0,26.0,40.0,26.0,40.0,26.0,1.1091740438222004,1.2494784314275544,1.6809656266274167,1.6159851397722769,0.15332323969416978,0.7235038382312176,end,end,0.0,0.5621550010181027,,,,,,False
3939,2,bmeleton_final_refit_vertex,4.351532549735268,-79.41581730591179,20.534555180796,2,1,41,26,41,26,0.644724103950551,False,36.31621327820405,0.1942392749974573,0.1942392749974573,0.28087490565308093,,,,,,,,bmeleton_final_refit,,,,,,,,,,,,,,,,,,,,,,,,,,1.0,5.0,2.0,0.28087490565308093,,False
3943,0,bmeleton_merged_intersection,5.842286809502223,-68.27691124011616,118.91148070059485,1,0,47,86,47,86,0.5526794320825877,False,35.428316693474585,0.18515859587976014,0.18515859587976014,0.5001871568794524,,,,,,,,bmeleton_merged,0.18515859587976014,1.0,,,,,,,,,,,,,,,,,,,,,,,,,,,,,False
3943,1,bmeleton_merged_pivot_refit_both,5.919596042666101,-68.20232862442876,119.84652268229515,1,0,47,86,47,86,0.3173365026061906,False,144.38179432195872,1.8129157509971723,0.18708424900282772,3.102036825570696,,,,,,,,bmeleton_merged,,,0.9411922182196236,True,True,ok,ok,45.0,62.0,45.0,63.0,45.0,62.0,45.0,62.0,0.7799657060660472,0.9815425929703345,1.0433178923899442,1.0917548916378017,0.2526276263230843,0.05269753033352421,end,start,0.0,0.5526794320825877,,,,,,False
3943,2,bmeleton_final_refit_vertex,7.034772741905703,-68.51174355132613,120.56963213342564,2,1,47,19,47,19,0.6844236301378699,False,51.20567981993567,0.3734734487015454,0.3734734487015454,0.490838967617303,,,,,,,,bmeleton_final_refit,,,,,,,,,,,,,,,,,,,,,,,,,,1.0,1.6129084487257586,2.0,0.490838967617303,,False
3950,0,bmeleton_merged_intersection,-3.082920295465037,-72.08703602448881,37.925928997903384,1,0,85,61,85,61,0.6653292947748419,False,33.26605568592119,0.16386752222685508,0.16386752222685508,0.43386936672328336,,,,,,,,bmeleton_merged,0.16386752222685508,1.0,,,,,,,,,,,,,,,,,,,,,,,,,,,,,False
3950,1,bmeleton_merged_pivot_refit_both,-3.539817132736218,-72.09721902248816,39.22526635198986,1,0,85,61,85,61,0.9229767772624407,False,33.945502927896634,0.1704309243388945,0.1704309243388945,0.24952587239119783,,,,,,,,bmeleton_merged,,,1.3773655916571697,True,True,ok,ok,83.0,41.0,83.0,42.0,83.0,42.0,83.0,41.0,0.9000311104291936,1.670252812915141,1.3459919792638637,2.155190112235976,0.1155009204998366,0.8388092891043554,end,end,0.0,0.6653292947748419,,,,,,False
3950,2,bmeleton_final_refit_vertex,-4.404956933450689,-72.08800158127156,40.83351169091429,2,0,85,43,85,43,1.006578120425115,False,36.875223227724845,0.20005577281876474,0.20005577281876474,0.4995917029826439,,,,,,,,bmeleton_final_refit,,,,,,,,,,,,,,,,,,,,,,,,,,1.0,2.685851147337816,2.0,0.4995917029826439,,False
3957,0,bmeleton_merged_intersection,1.6487781610975074,-76.03154378437475,40.59847264663348,0,1,42,17,42,17,1.0356973665462446,False,16.053789887112934,0.03899749891591908,0.03899749891591908,0.04316168723523701,,,,,,,,bmeleton_merged,0.038997498915919304,1.0,,,,,,,,,,,,,,,,,,,,,,,,,,,,,False
3957,1,bmeleton_merged_pivot_refit_both,1.2177243476152926,-76.0347358050604,39.19364076485227,0,1,42,17,42,17,0.6752396645961369,False,15.52006779795761,0.03646320590941854,0.03646320590941854,0.020975220232380725,,,,,,,,bmeleton_merged,,,1.4694795660990194,True,True,ok,ok,20.0,17.0,21.0,17.0,21.0,17.0,20.0,17.0,1.4255140963074278,0.12210032957299069,1.3304291831858446,0.49156262165353865,0.5635010545776826,0.16114280506768747,end,end,0.0,1.0356973665462446,,,,,,False
3957,2,bmeleton_final_refit_vertex,1.529524639757726,-75.5447948826034,41.16342221676854,1,2,20,17,20,17,0.05513706463813416,False,18.012701271838445,0.049012009654740174,0.049012009654740174,0.044693981209141725,,,,,,,,bmeleton_final_refit,,,,,,,,,,,,,,,,,,,,,,,,,,1.0,63.22160747430976,2.0,0.044693981209141725,,False
3962,0,bmeleton_merged_intersection,-1.249186339498364,-71.8225423027213,72.41950544904766,0,1,51,40,51,40,0.8322243203778025,False,27.725889785614054,0.1148165090851555,0.1148165090851555,0.22229270524670924,,,,,,,,bmeleton_merged,0.11481650908515562,1.0,,,,,,,,,,,,,,,,,,,,,,,,,,,,,False
3962,1,bmeleton_merged_pivot_refit_both,-1.2828303181231266,-71.89421840983317,70.63925278325047,0,1,51,40,51,40,0.8594696357322879,False,152.54274925694892,1.887355103950989,0.11264489604901096,1.9602331117473748,,,,,,,,bmeleton_merged,,,1.7820126081782997,True,True,ok,ok,35.0,31.0,35.0,31.0,35.0,31.0,35.0,31.0,0.915595680837346,0.4035608505984557,1.079686366501011,0.4420888603054447,0.38629526693022653,0.3160731059453332,start,end,0.0,0.8322243203778025,,,,,,False
3962,2,bmeleton_final_refit_vertex,-4.983908605630626,-71.64925332036516,62.43089191947388,2,0,31,16,31,16,0.36770520499187354,False,37.27698089798883,0.20428312198350063,0.20428312198350063,0.21189693604068088,,,,,,,,bmeleton_final_refit,,,,,,,,,,,,,,,,,,,,,,,,,,1.0,5.0,2.0,0.21189693604068088,,False
3978,0,bmeleton_merged_intersection,4.778954680213257,-78.67250814038465,25.999476535189366,2,0,14,47,14,47,0.6779297568514038,False,31.318024530035988,0.1457046463095436,0.1457046463095436,0.16456457064976,,,,,,,,bmeleton_merged,0.1457046463095436,2.0,,,,,,,,,,,,,,,,,,,,,,,,,,,,,False
3978,1,bmeleton_merged_intersection,2.803888633347728,-79.40209920051907,20.83533720111575,1,0,24,47,24,47,2.8738382055280844,False,27.900985326112995,0.1162424171175156,0.1162424171175156,0.12395747010900496,,,,,,,,bmeleton_merged,0.1162424171175157,3.0,,,,,,,,,,,,,,,,,,,,,,,,,,,,,False
3978,2,bmeleton_merged_intersection,-3.465093601904711,-72.86572655537103,49.4932965835238,2,1,14,24,14,24,1.3292270756341267,False,8.989021825116417,0.012281703863118665,0.012281703863118665,0.008892371365919739,,,,,,,,bmeleton_merged,0.012281703863118776,1.0,,,,,,,,,,,,,,,,,,,,,,,,,,,,,False
3978,3,bmeleton_merged_pivot_refit_both,4.449280607822974,-78.45580459514258,27.19223516838079,2,0,14,47,14,47,0.5953139582656019,False,32.234264809115146,0.15412566316207665,0.15412566316207665,0.08140230264017186,,,,,,,,bmeleton_merged,,,1.2563114970338962,True,True,ok,ok,14.0,29.0,14.0,29.0,14.0,29.0,14.0,29.0,0.9305698320673796,1.7095277044061936,1.366726240431056,1.9941055793028535,0.08836285503980408,0.9851981804273994,end,end,0.0,0.6779297568514038,,,,,,False
3978,4,bmeleton_merged_pivot_refit_both,2.527325690948111,-79.110939297881,22.037642625298474,1,0,24,47,24,47,3.2095365513285468,False,28.60650927153372,0.12207141356788032,0.12207141356788032,0.04785164106562102,,,,,,,,bmeleton_merged,,,1.2675959462826267,True,True,ok,ok,23.0,31.0,23.0,32.0,23.0,31.0,23.0,31.0,1.7673764815096151,1.6323708845408655,1.9064206767413596,1.953578113931685,2.7091938034425613,2.143275731115741,end,end,1.0,2.8738382055280844,,,,,,False
3978,5,bmeleton_merged_pivot_refit_both,-3.7705939602728553,-72.05484957663936,49.24238402806669,2,1,14,24,14,24,0.031245096604619806,False,170.74763322762269,1.986989725768975,0.013010274231024965,0.867768900672044,,,,,,,,bmeleton_merged,,,0.9021136591838553,True,True,ok,ok,13.0,16.0,13.0,17.0,13.0,16.0,13.0,16.0,0.48769039181080476,1.729465433822833,0.6787082958394846,1.7594636127368626,0.28566953755769037,1.9438335903526112,end,start,2.0,1.3292270756341267,,,,,,False
3978,6,bmeleton_final_refit_vertex,5.026854224630957,-78.29075421381494,26.01986295783098,1,3,30,14,30,14,0.23365659920783802,False,30.87886535591369,0.14174572314413036,0.14174572314413036,0.13876163049779452,,,,,,,,bmeleton_final_refit,,,,,,,,,,,,,,,,,,,,,,,,,,1.0,12.000035607314315,2.0,0.13876163049779452,,False
3989,0,bmeleton_merged_intersection,-1.12128222711759,-74.50276695116885,75.97422441407315,0,1,53,9,53,9,2.405757767446829,False,16.16747713087179,0.039548104995391076,0.039548104995391076,0.029157841707788276,,,,,,,,bmeleton_merged,0.03954810499539119,1.0,,,,,,,,,,,,,,,,,,,,,,,,,,,,,False
3989,1,bmeleton_merged_pivot_refit_both,-1.0192343086247406,-74.67047699265379,76.10123600770868,0,1,53,9,53,9,1.9662952157367763,False,163.80734409027067,1.9603294384652057,0.0396705615347942,0.944188020577767,,,,,,,,bmeleton_merged,,,0.23382125780484472,True,True,ok,ok,36.0,9.0,36.0,9.0,36.0,9.0,36.0,9.0,0.8479542092547374,0.36994842270328304,0.9861635699417347,0.3848514472883572,0.6628232295370203,0.46211196350421285,start,end,0.0,2.405757767446829,,,,,,False
3989,2,bmeleton_final_refit_vertex,-0.9818474632167921,-74.95727179119308,75.77482049915642,0,2,12,9,12,9,1.5739446533465375,False,19.39006552112046,0.05671976302311044,0.05671976302311044,0.022416110082235683,,,,,,,,bmeleton_final_refit,,,,,,,,,,,,,,,,,,,,,,,,,,1.0,70.15017508784827,2.0,0.022416110082235683,,False
3998,0,bmeleton_merged_intersection,0.6585468545142366,-69.1931752858315,36.132106442206165,0,2,43,17,43,17,1.401618612118024,False,22.549134877553975,0.07644898323473148,0.07644898323473148,0.08071989980403556,,,,,,,,bmeleton_merged,0.0764489832347316,1.0,,,,,,,,,,,,,,,,,,,,,,,,,,,,,False
3998,1,bmeleton_merged_intersection,-4.645671564837409,-67.23636138120358,30.258883597628827,2,1,17,12,17,12,7.936067276706224,False,21.735850128809805,0.07109896190615883,0.07109896190615883,0.019625290164918287,,,,,,,,bmeleton_merged,0.07109896190615894,3.0,,,,,,,,,,,,,,,,,,,,,,,,,,,,,False
3998,2,bmeleton_merged_intersection,-4.130753136598487,-73.61316300899583,86.19933737391096,0,1,43,12,43,12,3.1591265167340614,False,10.083190650105285,0.015445413567672484,0.015445413567672484,0.010750303703943774,,,,,,,,bmeleton_merged,0.015445413567672706,2.0,,,,,,,,,,,,,,,,,,,,,,,,,,,,,False
3998,3,bmeleton_merged_pivot_refit_both,0.5071070391079198,-68.91627705178377,36.215276941072766,0,2,43,17,43,17,0.9064467584143827,False,22.615193751939216,0.07689172316317194,0.07689172316317194,0.04150502050345246,,,,,,,,bmeleton_merged,,,0.32638011825289354,True,True,ok,ok,22.0,17.0,24.0,17.0,24.0,17.0,22.0,17.0,1.6840008180439185,0.31698671083103536,1.833821538772638,0.4942398727816063,0.20357579983673554,0.22847177612154118,end,end,0.0,1.401618612118024,,,,,,False
3998,4,bmeleton_merged_pivot_refit_both,-4.679441257421889,-67.21683848893525,30.231598186460104,2,1,17,12,17,12,7.841070722715652,False,21.739898754511692,0.0711251322895099,0.0711251322895099,0.014624415547742747,,,,,,,,bmeleton_merged,,,0.047602826832208824,True,True,ok,ok,17.0,12.0,17.0,12.0,17.0,12.0,17.0,12.0,0.31698671083103536,0.508506797014695,0.4942398727816063,0.8263455079602676,1.1138458353973357,3.7272967058947026,end,end,1.0,7.936067276706224,,,,,,False
3998,5,bmeleton_final_refit_vertex,0.07475234626033578,-68.51280243038873,35.64608858729757,0,3,20,17,20,17,0.3517901503325767,False,23.437817993217095,0.08250771108206345,0.08250771108206345,0.07106813692454755,,,,,,,,bmeleton_final_refit,,,,,,,,,,,,,,,,,,,,,,,,,,1.0,61.14382356074475,2.0,0.07106813692454755,,False
4009,0,bmeleton_merged_intersection,-0.8810076292439821,-65.09627642564888,32.09993613110514,1,0,19,51,19,51,0.7899653243527321,False,13.56689939324535,0.027903316601708084,0.027903316601708084,0.03750436021133556,,,,,,,,bmeleton_merged,0.027903316601708084,1.0,,,,,,,,,,,,,,,,,,,,,,,,,,,,,False
4009,1,bmeleton_merged_pivot_refit_both,-0.16812302508557386,-65.48200716348079,27.638011283555752,1,0,19,51,19,51,0.8979157227988769,False,12.354565751005843,0.02315774852906216,0.02315774852906216,0.015574979657569392,,,,,,,,bmeleton_merged,,,4.534949393999128,True,True,ok,ok,19.0,29.0,19.0,34.0,19.0,33.0,19.0,29.0,0.49887910852266143,1.2099567140027014,0.5772032709984598,1.3422718002984204,0.10255565385697493,1.3602341684645651,end,end,0.0,0.7899653243527321,,,,,,False
4009,2,bmeleton_final_refit_vertex,-0.4700385184039053,-65.50870726043611,29.88260050589701,0,2,31,19,31,19,1.3185240390692399,False,13.599312334144,0.028036177307977472,0.028036177307977472,0.026921596567055166,,,,,,,,bmeleton_final_refit,,,,,,,,,,,,,,,,,,,,,,,,,,1.0,88.51252818706551,2.0,0.026921596567055166,,False
4027,0,bmeleton_merged_intersection,-3.699978797735449,-80.57590593105863,51.76636360890046,0,1,36,67,36,67,0.34532345365550116,False,8.00992938976444,0.009756064902829209,0.009756064902829209,0.022409354715567948,,,,,,,,bmeleton_merged,0.009756064902829209,1.0,,,,,,,,,,,,,,,,,,,,,,,,,,,,,False
4027,1,bmeleton_merged_pivot_refit_both,-4.3325518306559125,-80.02689612264813,56.40158110405859,0,1,36,67,36,67,0.7850606844041865,False,8.78713580862755,0.01173729470053464,0.01173729470053464,0.0056529566299267425,,,,,,,,bmeleton_merged,,,4.710286789477807,True,True,ok,ok,10.0,32.0,24.0,36.0,10.0,36.0,10.0,32.0,0.8249239460378699,1.388895112924117,1.146047576089875,1.8694838077123141,0.15364286032657248,1.1759202235613593,end,end,0.0,0.34532345365550116,,,,,,False
4027,2,bmeleton_final_refit_vertex,-3.643985915197446,-80.73423315257304,74.09488794909834,2,1,36,24,36,24,0.7422994907953562,False,34.55248420348092,0.17639299772847405,0.17639299772847405,0.2257316111745478,,,,,,,,bmeleton_final_refit,,,,,,,,,,,,,,,,,,,,,,,,,,1.0,5.0,2.0,0.2257316111745478,,False
4035,0,bmeleton_merged_intersection,-7.266553836448422,-77.07097468177554,94.19820653255385,2,1,15,16,15,16,2.9838397001228274,False,53.84510595087094,0.4100297927021339,0.4100297927021339,0.19890661864864506,,,,,,,,bmeleton_merged,0.4100297927021339,2.0,,,,,,,,,,,,,,,,,,,,,,,,,,,,,False
4035,1,bmeleton_merged_intersection,-4.445673675842517,-77.8085154454133,89.78930349884492,2,0,15,63,15,63,1.8656932837440903,False,32.95503817064238,0.1609022946694323,0.1609022946694323,0.18010831063973126,,,,,,,,bmeleton_merged,0.1609022946694323,1.0,,,,,,,,,,,,,,,,,,,,,,,,,,,,,False
4035,2,bmeleton_merged_intersection,-5.176178283751069,-79.4474918364352,101.56421662265251,0,1,63,16,63,16,1.3453562851527676,False,20.933059466567826,0.06600151776905505,0.06600151776905505,0.08255971500528254,,,,,,,,bmeleton_merged,0.06600151776905505,3.0,,,,,,,,,,,,,,,,,,,,,,,,,,,,,False
4035,3,bmeleton_merged_pivot_refit_both,-6.37494149820756,-77.1138184994009,92.94249526380926,2,1,15,16,15,16,2.334822526709135,False,52.12730674469768,0.38609094128930344,0.38609094128930344,0.1378683551421357,,,,,,,,bmeleton_merged,,,1.5406553621313892,True,True,ok,ok,15.0,16.0,15.0,16.0,15.0,16.0,15.0,16.0,0.34342918917655746,1.1956112739160245,0.4004196624676213,1.4099159278142859,0.5828802792440061,2.130749805629041,end,end,0.0,2.9838397001228274,,,,,,False
4035,4,bmeleton_merged_pivot_refit_both,-4.52235421277373,-77.3590967834224,90.30192938084994,2,0,15,63,15,63,1.1659474995830605,False,147.21763031657431,1.8407332511465764,0.15926674885342362,1.440702018165268,,,,,,,,bmeleton_merged,,,0.6860337698620849,True,True,ok,ok,15.0,44.0,15.0,44.0,15.0,44.0,15.0,44.0,0.34342918917655746,0.9016372594102069,0.4004196624676213,1.0351928183662127,0.355501070074192,0.241862868565741,end,start,1.0,1.8656932837440903,,,,,,False
4035,5,bmeleton_merged_pivot_refit_both,-5.505238607870172,-78.91506418339858,100.1027735122602,0,1,63,16,63,16,1.8538401793324024,False,158.75544825498866,1.9320423292978153,0.06795767070218461,1.3061049095599047,,,,,,,,bmeleton_merged,,,1.5898351699281916,True,True,ok,ok,51.0,15.0,53.0,15.0,51.0,15.0,51.0,15.0,0.8976267748896805,0.7807269763246234,1.0512482293753775,1.1573992792852135,0.8025613558894036,1.2481034467887486,start,end,2.0,1.3453562851527676,,,,,,False
4035,6,bmeleton_final_refit_vertex,-7.266553836448422,-77.07097468177554,94.19820653255385,1,2,16,15,16,15,2.9838397001228274,False,53.84510595087094,0.4100297927021339,0.4100297927021339,0.19890661864864506,,,,,,,,bmeleton_final_refit,,,,,,,,,,,,,,,,,,,,,,,,,,1.0,3.0,2.0,0.19890661864864506,,False
4050,0,bmeleton_merged_intersection,5.061862508970128,-73.69354803689488,99.00839616749842,1,0,28,81,28,81,0.7370627005711688,False,27.605466261578748,0.1138406252182873,0.1138406252182873,0.2362485815732318,,,,,,,,bmeleton_merged,0.1138406252182873,1.0,,,,,,,,,,,,,,,,,,,,,,,,,,,,,False
4050,1,bmeleton_merged_pivot_refit_both,5.541364767471059,-73.74649473628722,99.89271887184694,1,0,28,81,28,81,0.5525549232390282,False,152.69430061659213,1.8885716050088504,0.11142839499114976,2.4196863667661908,,,,,,,,bmeleton_merged,,,1.0073492017718166,True,True,ok,ok,28.0,49.0,28.0,49.0,28.0,49.0,28.0,49.0,0.258871362953195,0.8869272307598671,0.4761542685030359,0.9543017311263311,0.1435941471820216,0.32944137295959636,end,start,0.0,0.7370627005711688,,,,,,False
4050,2,bmeleton_final_refit_vertex,5.715671573717847,-73.86440791463482,100.2676434503251,0,2,28,28,28,28,0.7510417548197648,False,42.154992440029226,0.2586679755787682,0.2586679755787682,0.31484310256205456,,,,,,,,bmeleton_final_refit,,,,,,,,,,,,,,,,,,,,,,,,,,1.0,26.362232675661097,2.0,0.31484310256205456,,False
4054,0,bmeleton_merged_intersection,3.656696364589921,-69.67338322647316,80.28720925510584,1,0,23,100,23,100,0.31119934715854536,False,15.991593594532079,0.03869787304591599,0.03869787304591599,0.08735714257178373,,,,,,,,bmeleton_merged,0.0386978730459161,1.0,,,,,,,,,,,,,,,,,,,,,,,,,,,,,False
4054,1,bmeleton_final_refit_vertex,3.5921326759839087,-69.73007205500866,80.55320923819097,2,1,23,20,23,20,0.2672242281960573,False,44.43347837648007,0.2859362611256949,0.2859362611256949,0.29107596887657144,,,,,,,,bmeleton_final_refit,,,,,,,,,,,,,,,,,,,,,,,,,,1.0,6.346748667832354,2.0,0.29107596887657144,,False
4056,0,bmeleton_merged_intersection,-3.3696727145508585,-71.37045373682994,58.8127420387942,0,1,94,53,94,53,2.1262675053383533,False,34.522690919891524,0.17609819057745724,0.17609819057745724,0.370667092791999,,,,,,,,bmeleton_merged,0.17609819057745724,1.0,,,,,,,,,,,,,,,,,,,,,,,,,,,,,False
4056,1,bmeleton_merged_pivot_refit_both,-3.7595094667787654,-71.52546929403445,64.88174537089728,0,1,94,53,94,53,1.606255392061139,False,36.25882169076545,0.19364644778847273,0.19364644778847273,0.21871508850615082,,,,,,,,bmeleton_merged,,,6.083486168426892,True,True,ok,ok,59.0,53.0,62.0,53.0,60.0,53.0,59.0,53.0,2.0404119497019035,1.087976356582803,2.303911673344523,1.6045773963467054,1.1964084915972295,0.8576596194866166,end,end,0.0,2.1262675053383533,,,,,,False
4056,2,bmeleton_final_refit_vertex,-5.960561304561429,-71.06247172797904,63.529310564703266,1,2,60,53,60,53,1.9206674089802944,False,39.835042628720046,0.23210811708942813,0.23210811708942813,0.47282008703255773,,,,,,,,bmeleton_final_refit,,,,,,,,,,,,,,,,,,,,,,,,,,1.0,58.10682559912333,2.0,0.47282008703255773,,False
4075,0,bmeleton_merged_intersection,1.4199975190477616,-79.80489421588007,72.20218759322302,1,2,29,37,29,37,0.6037240488212126,False,43.233297746831866,0.2714293238471358,0.2714293238471358,0.39666135751041537,,,,,,,,bmeleton_merged,0.2714293238471358,2.0,,,,,,,,,,,,,,,,,,,,,,,,,,,,,False
4075,1,bmeleton_merged_intersection,0.8408476936396183,-80.13158300985344,72.9417804457141,0,2,79,37,79,37,1.4832931108468697,False,34.255230042295324,0.17346162797084885,0.17346162797084885,0.36162810681983326,,,,,,,,bmeleton_merged,0.17346162797084885,3.0,,,,,,,,,,,,,,,,,,,,,,,,,,,,,False
4075,2,bmeleton_merged_intersection,0.8485972001350879,-80.39210570563611,69.96273988470406,1,0,29,79,29,79,0.9402041496429416,False,9.053869760719454,0.012459176351924173,0.012459176351924173,0.025098080936299633,,,,,,,,bmeleton_merged,0.012459176351924173,1.0,,,,,,,,,,,,,,,,,,,,,,,,,,,,,False
4075,3,bmeleton_merged_pivot_refit_both,1.8484029724699362,-79.83805105195901,71.69107708516442,1,2,29,37,29,37,0.5185525845235968,False,42.74331629342597,0.265598311630575,0.265598311630575,0.26813379167382406,,,,,,,,bmeleton_merged,,,0.6677309036943985,True,True,ok,ok,29.0,37.0,29.0,37.0,29.0,37.0,29.0,37.0,1.279372553182541,0.502442678048619,1.8648230128216716,0.6714052034177947,0.5727156817132389,0.1038444096413458,end,end,0.0,0.6037240488212126,,,,,,False
4075,4,bmeleton_merged_pivot_refit_both,-0.009870269874356685,-79.8451967503677,74.37100908914235,0,2,79,37,79,37,1.3044002523955567,False,146.49573048520787,1.8338446910136752,0.1661553089863248,2.0302308492718204,,,,,,,,bmeleton_merged,,,1.6877300312145131,True,True,ok,ok,49.0,37.0,50.0,37.0,49.0,37.0,49.0,37.0,1.4253767974345348,0.502442678048619,1.9035609509915967,0.6714052034177947,0.9220664973493337,0.24380140662710653,start,end,1.0,1.4832931108468697,,,,,,False
4075,5,bmeleton_merged_pivot_refit_both,0.5059630529517722,-80.02586596065906,63.80341344165949,1,0,29,79,29,79,0.9657618199442702,False,170.96784060903602,1.9876003803455116,0.012399619654488436,1.7414065775488028,,,,,,,,bmeleton_merged,,,6.17971131539371,True,True,ok,ok,29.0,44.0,29.0,47.0,29.0,44.0,29.0,44.0,1.279372553182541,1.3264979893924962,1.8648230128216716,1.882653741337633,0.8324242052097552,0.5502212641431691,end,start,2.0,0.9402041496429416,,,,,,False
4075,6,bmeleton_final_refit_vertex,1.4199975190477616,-79.80489421588007,72.20218759322302,2,1,37,29,37,29,0.6037240488212126,False,43.233297746831866,0.2714293238471358,0.2714293238471358,0.39666135751041537,,,,,,,,bmeleton_final_refit,,,,,,,,,,,,,,,,,,,,,,,,,,1.0,3.0,2.0,0.39666135751041537,,False
4092,0,bmeleton_merged_intersection,4.598376773301048,-73.51354354631778,108.46083777161502,0,1,86,26,86,26,0.8046845580754631,False,30.828888523050036,0.14129838417191654,0.14129838417191654,0.28776268677965583,,,,,,,,bmeleton_merged,0.1412983841719163,1.0,,,,,,,,,,,,,,,,,,,,,,,,,,,,,False
4092,1,bmeleton_merged_pivot_refit_both,5.220793066364537,-73.6218217501713,109.36400642302017,0,1,86,26,86,26,0.44627668256495245,False,149.57339956743218,1.8622786424300195,0.1377213575699805,2.4052702069497838,,,,,,,,bmeleton_merged,,,1.1021977246309504,True,True,ok,ok,54.0,26.0,54.0,26.0,54.0,26.0,54.0,26.0,0.8172898335683971,0.44154526102663727,1.0479183262414027,0.5057098553528013,0.3725867319960383,0.14420814587912648,start,end,0.0,0.8046845580754631,,,,,,False
4092,2,bmeleton_final_refit_vertex,5.86351809046941,-73.90669075030533,110.7118732470822,1,2,27,26,27,26,0.7780022442147918,False,46.09290815530102,0.30650899007280064,0.30650899007280064,0.3513776028401107,,,,,,,,bmeleton_final_refit,,,,,,,,,,,,,,,,,,,,,,,,,,1.0,20.614495011127712,2.0,0.3513776028401107,,False
4094,0,bmeleton_merged_intersection,-7.6299122675386455,-74.79123951015688,68.96195144037497,1,0,23,66,23,66,1.1290810366574435,False,14.329785390899154,0.031112802736666723,0.031112802736666723,0.0494446909159768,,,,,,,,bmeleton_merged,0.031112802736666723,1.0,,,,,,,,,,,,,,,,,,,,,,,,,,,,,False
4094,1,bmeleton_merged_pivot_refit_both,-8.15443187759459,-74.4886688282352,71.74920585906136,1,0,23,66,23,66,0.9046075788193617,False,166.2324830063271,1.9712693568973583,0.02873064310264173,1.6106011694001547,,,,,,,,bmeleton_merged,,,2.8522722579337656,True,True,ok,ok,23.0,32.0,23.0,32.0,23.0,32.0,23.0,32.0,0.6036912180929882,0.8984390535781837,0.742259586344301,0.9726448665436922,0.2088348557973198,0.6734303238446884,end,start,0.0,1.1290810366574435,,,,,,False
4094,2,bmeleton_final_refit_vertex,-7.616533598428359,-74.60770436001351,69.1689050736151,0,2,29,23,29,23,0.7739804554945854,False,18.31431922227127,0.05065302424041507,0.05065302424041507,0.05664127178857616,,,,,,,,bmeleton_final_refit,,,,,,,,,,,,,,,,,,,,,,,,,,1.0,40.67292036539917,2.0,0.05664127178857616,,False
4095,0,bmeleton_merged_intersection,-1.2021462684403252,-67.6205680528113,21.232327321564554,1,0,22,59,22,59,1.125833922527467,False,40.159219547569904,0.23574475831849195,0.23574475831849195,0.3466204498816883,,,,,,,,bmeleton_merged,0.23574475831849206,1.0,,,,,,,,,,,,,,,,,,,,,,,,,,,,,False
4095,1,bmeleton_merged_pivot_refit_both,-1.0664610319523886,-67.35140409507522,23.474894066053647,1,0,22,59,22,59,1.2705172299153453,False,40.9660702826711,0.24490204363112655,0.24490204363112655,0.169254015611438,,,,,,,,bmeleton_merged,,,2.262734037184516,True,True,ok,ok,15.0,44.0,15.0,45.0,15.0,45.0,15.0,44.0,0.46822095259396135,1.314196678568861,1.4359041034174473,1.9995112231114784,0.3501860607443799,0.6581895203004263,end,end,0.0,1.125833922527467,,,,,,False
4095,2,bmeleton_final_refit_vertex,0.2162858685423763,-67.13170655080488,26.18389401966895,0,2,46,15,46,15,1.6008874242548095,False,40.72066385807864,0.24210089393061962,0.24210089393061962,0.2408566385738076,,,,,,,,bmeleton_final_refit,,,,,,,,,,,,,,,,,,,,,,,,,,1.0,5.0,2.0,0.2408566385738076,,False
4100,0,bmeleton_merged_intersection,-0.6097914584380435,-77.75199368575275,102.31505261046188,0,1,69,13,69,13,3.6393039717869455,False,16.730937309960296,0.04233280736463485,0.04233280736463485,0.036688887724588275,,,,,,,,bmeleton_merged,0.04233280736463507,1.0,,,,,,,,,,,,,,,,,,,,,,,,,,,,,False
4100,1,bmeleton_final_refit_vertex,-0.02450131802892619,-78.19436746647598,104.40512114894733,2,1,11,10,11,10,2.6773694832034165,False,41.367840404375876,0.2495178602636854,0.2495178602636854,0.08521686372968552,,,,,,,,bmeleton_final_refit,,,,,,,,,,,,,,,,,,,,,,,,,,1.0,5.0,2.0,0.08521686372968552,,False
4106,0,bmeleton_merged_intersection,-3.801239823414815,-75.96355195713446,53.32631518542149,0,1,53,111,53,111,1.056344074492826,False,35.03801221264563,0.18122866851482422,0.18122866851482422,0.44885660297462726,,,,,,,,bmeleton_merged,0.18122866851482433,1.0,,,,,,,,,,,,,,,,,,,,,,,,,,,,,False
4106,1,bmeleton_merged_pivot_refit_both,-3.8623945021224513,-75.99226750683562,52.29389019763141,0,1,53,111,53,111,1.4245479419857678,False,144.83452157693824,1.8174920592133463,0.18250794078665356,1.8910564341611449,,,,,,,,bmeleton_merged,,,1.0346331876253634,True,True,ok,ok,21.0,105.0,23.0,105.0,21.0,105.0,21.0,105.0,1.7771596258396796,1.0275244975582907,2.35733539998097,1.7751875279993703,1.0613951811734075,0.2321125912393473,start,end,0.0,1.056344074492826,,,,,,False
4106,2,bmeleton_final_refit_vertex,-4.559637946102848,-75.57209163395939,51.245803269287705,2,1,107,24,107,24,0.6310384597323113,False,32.14422439914657,0.1532884969601951,0.1532884969601951,0.3448725201588163,,,,,,,,bmeleton_final_refit,,,,,,,,,,,,,,,,,,,,,,,,,,1.0,5.0,2.0,0.3448725201588163,,False
4107,0,bmeleton_merged_intersection,-1.8219551455870735,-66.60743084435961,104.27795177011333,1,0,12,78,12,78,0.08218165831309793,False,21.240924459114215,0.06793473292374963,0.06793473292374963,0.10223971281967886,,,,,,,,bmeleton_merged,0.06793473292374963,1.0,,,,,,,,,,,,,,,,,,,,,,,,,,,,,False
4107,1,bmeleton_merged_pivot_refit_both,-1.7444515648066328,-66.30235781648395,104.37841228683631,1,0,12,78,12,78,0.7921206962402966,False,158.7879696118479,1.9322478503953584,0.0677521496046416,1.5836705208797799,,,,,,,,bmeleton_merged,,,0.33040682921402154,True,True,ok,ok,12.0,52.0,12.0,52.0,12.0,52.0,12.0,52.0,0.2996427350789408,0.9018742006996507,0.49364503252328124,0.9885362790488418,0.03871143764115811,0.4265794191789871,end,start,0.0,0.08218165831309793,,,,,,False
4107,2,bmeleton_final_refit_vertex,-3.293632380748942,-65.89383648846179,108.53335325386055,0,2,21,12,21,12,0.2869085003010238,False,28.71440152666968,0.12297457012637347,0.12297457012637347,0.09231107275289475,,,,,,,,bmeleton_final_refit,,,,,,,,,,,,,,,,,,,,,,,,,,1.0,5.987590323460734,2.0,0.09231107275289475,,False
4129,0,bmeleton_merged_intersection,0.5134888656952579,-79.7271830771477,82.18363765681178,0,1,66,21,66,21,3.0709874915982853,False,12.581530176754413,0.024012968282027924,0.024012968282027924,0.027691137543116657,,,,,,,,bmeleton_merged,0.024012968282027924,1.0,,,,,,,,,,,,,,,,,,,,,,,,,,,,,False
4129,1,bmeleton_final_refit_vertex,1.8125372016558514,-80.43318779983593,86.1529740868512,2,0,21,20,21,20,2.2184488348600246,False,44.29050055624215,0.2841914812742188,0.2841914812742188,0.20171204252766017,,,,,,,,bmeleton_final_refit,,,,,,,,,,,,,,,,,,,,,,,,,,1.0,19.077070934499822,2.0,0.20171204252766017,,False
4134,0,bmeleton_merged_intersection,-0.4719758369277701,-75.45732218735449,108.96462757446315,1,2,29,17,29,17,0.6519467170229724,False,33.04658453236034,0.16177252986727486,0.16177252986727486,0.15888034953512742,,,,,,,,bmeleton_merged,0.16177252986727486,3.0,,,,,,,,,,,,,,,,,,,,,,,,,,,,,False
4134,1,bmeleton_merged_intersection,0.09877898365035453,-75.19769157614171,107.97786386873898,0,2,19,17,19,17,0.3725458136488337,False,23.15943025190222,0.0805859504961326,0.0805859504961326,0.06739388227825195,,,,,,,,bmeleton_merged,0.0805859504961326,2.0,,,,,,,,,,,,,,,,,,,,,,,,,,,,,False
4134,2,bmeleton_merged_intersection,-0.04775023760424402,-75.41887969425338,110.39866364100772,0,1,19,29,19,29,1.0870743496608815,False,10.003188793973166,0.015201912894335257,0.015201912894335257,0.014655662034092598,,,,,,,,bmeleton_merged,0.015201912894335257,1.0,,,,,,,,,,,,,,,,,,,,,,,,,,,,,False
4134,3,bmeleton_merged_pivot_refit_both,-0.6272339213826794,-75.31081440318727,110.17835319688353,1,2,29,17,29,17,0.8343147838310531,False,33.9606956290224,0.17057902141829018,0.17057902141829018,0.08856515484701,,,,,,,,bmeleton_merged,,,1.2323552613308983,True,True,ok,ok,18.0,17.0,18.0,17.0,18.0,17.0,18.0,17.0,1.0974643362843444,0.4980756846468832,1.3752603186833623,1.1215522061959833,1.0213858185556925,0.25974384638174713,end,end,0.0,0.6519467170229724,,,,,,False
4134,4,bmeleton_merged_pivot_refit_both,-0.18462997734684494,-75.03926115002498,109.51039992778566,0,2,19,17,19,17,0.07908622335551638,False,156.91206351382297,1.9199040827422476,0.08009591725775245,1.3118273544738002,,,,,,,,bmeleton_merged,,,1.5665527796315575,True,True,ok,ok,19.0,17.0,19.0,17.0,19.0,17.0,19.0,17.0,0.6363615718130766,0.4980756846468832,1.2519486096732846,1.1215522061959833,0.20795011411565967,0.13667323949559793,start,end,1.0,0.3725458136488337,,,,,,False
4134,5,bmeleton_merged_pivot_refit_both,-0.3802504991495881,-75.36373614483142,111.08054230193133,0,1,19,29,19,29,0.9498999308733094,False,169.04004350693782,1.9817602983968048,0.018239701603195213,1.0315179493674875,,,,,,,,bmeleton_merged,,,0.7606285185250137,True,True,ok,ok,19.0,18.0,19.0,18.0,19.0,18.0,19.0,18.0,0.6363615718130766,1.0974643362843444,1.2519486096732846,1.3752603186833623,0.2536224523651998,1.4038786393862082,start,end,2.0,1.0870743496608815,,,,,,False
4134,6,bmeleton_final_refit_vertex,-0.3232776750912618,-75.20799730128878,108.92153001467507,1,3,21,17,21,17,0.0709020431502709,False,33.44279131546108,0.16556349571147888,0.16556349571147888,0.15422453983062118,,,,,,,,bmeleton_final_refit,,,,,,,,,,,,,,,,,,,,,,,,,,1.0,20.69505838265833,2.0,0.15422453983062118,,False
4145,0,bmeleton_merged_intersection,0.8179908447356813,-71.65022557114354,109.15568861177502,1,2,27,17,27,17,2.214630195169818,False,39.20849632670483,0.22514924273029713,0.22514924273029713,0.16714860906268447,,,,,,,,bmeleton_merged,0.22514924273029713,1.0,,,,,,,,,,,,,,,,,,,,,,,,,,,,,False
4145,1,bmeleton_merged_intersection,-1.3346602410393447,-71.83555102404364,104.28659477766172,2,0,17,58,17,58,1.3392081471119848,False,25.36615404174963,0.0964114827380732,0.0964114827380732,0.11939117219709948,,,,,,,,bmeleton_merged,0.0964114827380732,3.0,,,,,,,,,,,,,,,,,,,,,,,,,,,,,False
4145,2,bmeleton_merged_intersection,-1.574993444499261,-72.79714527481275,118.10859538112008,1,0,27,58,27,58,1.161085550908532,False,13.914932667882683,0.029346160635402407,0.029346160635402407,0.04712267529553463,,,,,,,,bmeleton_merged,0.029346160635402407,2.0,,,,,,,,,,,,,,,,,,,,,,,,,,,,,False
4145,3,bmeleton_merged_pivot_refit_both,0.221989488951976,-72.32652633759167,106.84413064022196,1,2,27,17,27,17,2.21962484733132,False,36.90813198686728,0.2004005671769864,0.2004005671769864,0.07324169730051035,,,,,,,,bmeleton_merged,,,2.4811087438169324,True,True,ok,ok,15.0,17.0,15.0,17.0,15.0,17.0,15.0,17.0,1.1661020977156409,0.3647956634335572,1.5405926998558923,0.6796359502557171,3.4455270665894426,0.32284224172433085,end,end,0.0,2.214630195169818,,,,,,False
4145,4,bmeleton_merged_pivot_refit_both,0.30192801586276174,-71.54967225035796,107.50257838163175,2,0,17,58,17,58,0.7824534249920813,False,155.7853915108661,1.9120155699937325,0.08798443000626766,1.81281395257127,,,,,,,,bmeleton_merged,,,3.6197649560265615,True,True,ok,ok,17.0,51.0,17.0,51.0,17.0,51.0,17.0,51.0,0.3647956634335572,0.8441906551343815,0.6796359502557171,1.1749306448438905,0.14947276536644988,1.092779017406224,end,start,1.0,1.3392081471119848,,,,,,False
4145,5,bmeleton_merged_pivot_refit_both,-0.10082515304947992,-72.85488669384586,111.2050557768118,1,0,27,58,27,58,1.900832138900542,False,166.5579369694919,1.9726054810520077,0.027394518947992386,1.170922284023261,,,,,,,,bmeleton_merged,,,7.059416781239143,True,True,ok,ok,13.0,54.0,14.0,54.0,13.0,54.0,13.0,54.0,1.0619502154475675,0.8591970162406671,1.3239852596611084,1.3553078462357586,2.9447679195432612,0.7503975326904629,end,start,2.0,1.161085550908532,,,,,,False
4145,6,bmeleton_final_refit_vertex,0.7130977027183856,-72.01333737487452,108.8920339659494,2,3,17,17,17,17,2.857713235454597,False,39.82487488915708,0.23199445160742782,0.23199445160742782,0.12547879895677128,,,,,,,,bmeleton_final_refit,,,,,,,,,,,,,,,,,,,,,,,,,,1.0,11.765948992382851,2.0,0.12547879895677128,,False
4157,0,bmeleton_merged_intersection,3.8625157868442384,-66.931605960024,48.779713377618776,1,2,28,24,28,24,0.7762150367358837,False,29.33545770561242,0.12823375068601262,0.12823375068601262,0.143874437100242,,,,,,,,bmeleton_merged,0.12823375068601273,3.0,,,,,,,,,,,,,,,,,,,,,,,,,,,,,False
4157,1,bmeleton_merged_intersection,2.1469349405681397,-66.86121791079202,52.78053274708563,0,2,39,24,39,24,0.43894038776985983,False,23.261356006241964,0.08128704601052061,0.08128704601052061,0.11431019764676378,,,,,,,,bmeleton_merged,0.08128704601052061,2.0,,,,,,,,,,,,,,,,,,,,,,,,,,,,,False
4157,2,bmeleton_merged_intersection,1.8355027085374407,-68.36681300807496,32.230019789715676,0,1,39,28,39,28,1.0903932093204385,False,6.086755634248885,0.005637518664848851,0.005637518664848851,0.0076470510255679264,,,,,,,,bmeleton_merged,0.005637518664848962,1.0,,,,,,,,,,,,,,,,,,,,,,,,,,,,,False
4157,3,bmeleton_merged_pivot_refit_both,3.7427876872351677,-66.72627383839799,48.75831042882418,1,2,28,24,28,24,1.2606791121428966,False,29.377190971069165,0.12859083274083072,0.12859083274083072,0.07344996567667476,,,,,,,,bmeleton_merged,,,0.23865075785453516,True,True,ok,ok,28.0,24.0,28.0,24.0,28.0,24.0,28.0,24.0,0.8539282517421554,2.259619804602677,1.1494605715704946,2.196443311880834,0.44476475565902074,0.31722024622633066,end,end,0.0,0.7762150367358837,,,,,,False
4157,4,bmeleton_merged_pivot_refit_both,1.8380579305436102,-66.73793156623776,53.29891299669873,0,2,39,24,39,24,0.05344400137085389,False,157.04322555539662,1.9207993700727355,0.07920062992726451,1.265145972326127,,,,,,,,bmeleton_merged,,,0.615891722029276,True,True,ok,ok,23.0,24.0,23.0,24.0,23.0,24.0,23.0,24.0,0.7120248548909599,2.259619804602677,0.9090088004557283,2.196443311880834,0.40601443155477634,0.09334897715431693,start,end,1.0,0.43894038776985983,,,,,,False
4157,5,bmeleton_merged_pivot_refit_both,1.0076339208471556,-69.08090747362644,25.40778119606285,0,1,39,28,39,28,1.0114596273105765,False,5.388116557248238,0.004418538256283688,0.004418538256283688,0.0029466938278807776,,,,,,,,bmeleton_merged,,,6.909286291947175,True,True,ok,ok,22.0,28.0,22.0,28.0,22.0,28.0,22.0,28.0,1.1338871610670949,0.8539282517421554,1.2989559526791428,1.1494605715704946,0.8839532333743993,0.4727217581446507,end,end,2.0,1.0903932093204385,,,,,,False
4157,6,bmeleton_final_refit_vertex,3.8625157868442384,-66.931605960024,48.779713377618776,1,2,28,24,28,24,0.7762150367358828,False,29.33545770561242,0.12823375068601262,0.12823375068601262,0.143874437100242,,,,,,,,bmeleton_final_refit,,,,,,,,,,,,,,,,,,,,,,,,,,1.0,3.0,2.0,0.143874437100242,,False
4170,0,bmeleton_merged_intersection,4.101740332274226,-72.50080874595324,47.273250698768926,1,0,15,54,15,54,2.484722864908876,False,23.251032553289942,0.08121590385879163,0.08121590385879163,0.07720543524210692,,,,,,,,bmeleton_merged,0.08121590385879174,1.0,,,,,,,,,,,,,,,,,,,,,,,,,,,,,False
4170,1,bmeleton_merged_pivot_refit_both,4.920856450361639,-72.45636707653003,44.892249235422014,1,0,15,54,15,54,2.034533913901865,False,22.130484539939957,0.07367167248442985,0.07367167248442985,0.03445867099070995,,,,,,,,bmeleton_merged,,,2.51835149360685,True,True,ok,ok,15.0,27.0,15.0,30.0,15.0,28.0,15.0,27.0,0.3386276152766207,1.4983369907410056,0.4388293842691473,2.419487840141926,0.4154341039728271,1.4993391525262947,end,end,0.0,2.484722864908876,,,,,,False
4170,2,bmeleton_final_refit_vertex,3.900032253628944,-73.2121582260723,48.752270910354135,0,2,26,15,26,15,1.3462591951045233,False,28.69492318247306,0.12281128848727108,0.12281128848727108,0.09554166256126102,,,,,,,,bmeleton_final_refit,,,,,,,,,,,,,,,,,,,,,,,,,,1.0,72.02006060082084,2.0,0.09554166256126102,,False
4172,0,bmeleton_merged_intersection,1.7886646348311932,-65.41230732911495,113.20418621691658,1,0,56,76,56,76,1.5129913520554235,False,32.81457658219599,0.15957123934059225,0.15957123934059225,0.36750679691191385,,,,,,,,bmeleton_merged,0.15957123934059236,1.0,,,,,,,,,,,,,,,,,,,,,,,,,,,,,False
4172,1,bmeleton_merged_pivot_refit_both,1.7614911566485465,-65.4200314831748,111.76473298071252,1,0,56,76,56,76,1.2860626191470867,False,147.54529664298147,1.8438159581435518,0.15618404185644807,2.817346254640808,,,,,,,,bmeleton_merged,,,1.439730419103112,True,True,ok,ok,56.0,57.0,56.0,57.0,56.0,57.0,56.0,57.0,1.0735770586378557,0.6918919911035684,1.304832769687099,0.8683572330013191,0.46435815766854494,0.34459258492172945,end,start,0.0,1.5129913520554235,,,,,,False
4172,2,bmeleton_final_refit_vertex,2.3201208065146437,-65.46465216849502,112.31552712628587,2,0,56,15,56,15,1.5227793076632425,False,47.869281808330655,0.32917567924618507,0.32917567924618507,0.36565768659649667,,,,,,,,bmeleton_final_refit,,,,,,,,,,,,,,,,,,,,,,,,,,1.0,21.101532031767263,2.0,0.36565768659649667,,False
4187,0,bmeleton_merged_intersection,-0.271690372889104,-71.60126062344503,109.25814189849737,0,1,94,23,94,23,2.927365314754938,False,11.350814228544273,0.019559506934242132,0.019559506934242132,0.028681171344213528,,,,,,,,bmeleton_merged,0.019559506934242354,1.0,,,,,,,,,,,,,,,,,,,,,,,,,,,,,False
4187,1,bmeleton_merged_pivot_refit_both,-0.2572084506196872,-71.71503220455898,109.84490219297778,0,1,94,23,94,23,3.0175814910778573,False,11.39626497524746,0.019715942479640813,0.019715942479640813,0.005151104678402516,,,,,,,,bmeleton_merged,,,0.5978639827925138,True,True,ok,ok,10.0,22.0,33.0,23.0,11.0,22.0,10.0,22.0,1.568696007048186,1.0532869206414368,1.9461944159912923,1.4960263513211702,0.8021950902565926,1.9695587904661993,end,end,0.0,2.927365314754938,,,,,,False
4187,2,bmeleton_final_refit_vertex,0.8911956769806164,-72.52301097393882,114.35513348545555,1,2,36,23,36,23,1.939107723022125,False,33.61683613006985,0.16724140708653223,0.16724140708653223,0.1733785475287561,,,,,,,,bmeleton_final_refit,,,,,,,,,,,,,,,,,,,,,,,,,,1.0,6.592730556593725,2.0,0.1733785475287561,,False
4204,0,bmeleton_merged_intersection,3.142474954445389,-78.25717634595264,22.48371948143398,0,1,55,99,55,99,0.43923749027104153,False,37.01090803048759,0.20147907859942193,0.20147907859942193,0.5556268106323725,,,,,,,,bmeleton_merged,0.20147907859942193,1.0,,,,,,,,,,,,,,,,,,,,,,,,,,,,,False
4204,1,bmeleton_merged_pivot_refit_both,2.983237285434128,-78.05440869108395,22.460272779608747,0,1,55,99,55,99,0.7718109273598399,False,36.87896020598857,0.20009491291480475,0.20009491291480475,0.31690328594110595,,,,,,,,bmeleton_merged,,,0.258884346609777,True,True,ok,ok,51.0,91.0,52.0,91.0,51.0,91.0,51.0,91.0,1.5452451464138413,0.9534779396855257,2.104306687420478,1.433413458748976,0.2416808096742411,0.15823117675074094,end,end,0.0,0.43923749027104153,,,,,,False
4204,2,bmeleton_final_refit_vertex,2.1277163751824615,-77.90974961831371,20.782505839654863,2,0,91,52,91,52,1.0884435844915215,False,34.589042546561146,0.1767550500141324,0.1767550500141324,0.43546855832998776,,,,,,,,bmeleton_final_refit,,,,,,,,,,,,,,,,,,,,,,,,,,1.0,5.0,2.0,0.43546855832998776,,False
4239,0,bmeleton_merged_intersection,0.4717950232949063,-77.78595849207423,24.93498072087896,0,1,55,12,55,12,2.6209939219934673,False,27.806709682355617,0.11547364754698153,0.11547364754698153,0.09731577499144561,,,,,,,,bmeleton_merged,0.11547364754698164,1.0,,,,,,,,,,,,,,,,,,,,,,,,,,,,,False
4239,1,bmeleton_merged_pivot_refit_both,0.42245981104433916,-77.72522398879164,24.784644602111605,0,1,55,12,55,12,2.3271171125373873,False,27.78804453888609,0.11532172679912112,0.11532172679912112,0.05500110560961773,,,,,,,,bmeleton_merged,,,0.16948035774928005,True,True,ok,ok,38.0,12.0,41.0,12.0,39.0,12.0,38.0,12.0,1.5513111260367252,0.34143697921817373,1.791262809616043,0.42747640727103003,1.1340868466549436,0.34518461220210606,end,end,0.0,2.6209939219934673,,,,,,False
4239,2,bmeleton_final_refit_vertex,0.5202205214035662,-77.55639464314872,25.39590997499879,1,2,41,12,41,12,2.276941579418774,False,28.67703533185191,0.12266142882162101,0.12266142882162101,0.09347203350663597,,,,,,,,bmeleton_final_refit,,,,,,,,,,,,,,,,,,,,,,,,,,1.0,69.44161963122885,2.0,0.09347203350663597,,False
4241,0,bmeleton_merged_intersection,-3.0238174567183917,-75.74507689227568,101.76681420961944,2,1,25,28,25,28,1.1792208694839772,False,43.02897443168419,0.2689912779280563,0.2689912779280563,0.28793436958927116,,,,,,,,bmeleton_merged,0.2689912779280563,2.0,,,,,,,,,,,,,,,,,,,,,,,,,,,,,False
4241,1,bmeleton_merged_intersection,-4.936951242222818,-75.13929274331338,104.7868719933939,2,0,25,79,25,79,0.9069772278581586,False,32.761590280532104,0.1590704371877214,0.1590704371877214,0.2991904567330857,,,,,,,,bmeleton_merged,0.15907043718772151,1.0,,,,,,,,,,,,,,,,,,,,,,,,,,,,,False
4241,2,bmeleton_merged_intersection,-5.02315192329331,-76.06536136047298,91.49867767211839,0,1,79,28,79,28,0.729072024341024,False,10.49000308232671,0.016713311107144246,0.016713311107144246,0.03430131621943559,,,,,,,,bmeleton_merged,0.01671331110714447,3.0,,,,,,,,,,,,,,,,,,,,,,,,,,,,,False
4241,3,bmeleton_merged_pivot_refit_both,-4.694453816466289,-75.07447844163572,104.50053690083593,2,0,25,79,25,79,0.6743247356629165,False,147.08902693871423,1.839515822512815,0.16048417748718502,2.342816438251385,,,,,,,,bmeleton_merged,,,0.38078035720174835,True,True,ok,ok,25.0,69.0,25.0,69.0,25.0,69.0,25.0,69.0,0.4489998009450616,1.2446562183533432,0.6164830699803334,1.964458645282832,0.19029104637547528,0.18488174792205367,end,start,1.0,0.9069772278581586,,,,,,False
4241,4,bmeleton_merged_pivot_refit_both,-3.086555765576892,-75.78639655530158,101.91570357648179,2,1,25,28,25,28,1.2987176581086992,False,43.14873161163961,0.2704191302502388,0.2704191302502388,0.1893247058515685,,,,,,,,bmeleton_merged,,,0.1667676632793954,True,True,ok,ok,25.0,27.0,25.0,27.0,25.0,27.0,25.0,27.0,0.4489998009450616,1.2744223649160238,0.6164830699803334,1.512081103513816,0.23974480462161915,0.9352995904921622,end,end,0.0,1.1792208694839772,,,,,,False
4241,5,bmeleton_merged_pivot_refit_both,-4.727726464854971,-75.98107686203633,93.07246173684995,0,1,79,28,79,28,0.8939976449532943,False,169.70949245420206,1.9839146474124134,0.016085352587586477,2.112647659900825,,,,,,,,bmeleton_merged,,,1.603488808995309,True,True,ok,ok,62.0,28.0,62.0,28.0,62.0,28.0,62.0,28.0,1.2820356436962603,1.2244636330970402,2.039303458769638,1.4973090093561876,0.40853414280179656,0.4021071085411126,start,end,2.0,0.729072024341024,,,,,,False
4241,6,bmeleton_final_refit_vertex,-3.0238174567183917,-75.74507689227568,101.76681420961944,1,2,28,25,28,25,1.1792208694839652,False,43.02897443168419,0.2689912779280563,0.2689912779280563,0.28793436958927165,,,,,,,,bmeleton_final_refit,,,,,,,,,,,,,,,,,,,,,,,,,,1.0,3.0,2.0,0.28793436958927165,,False
4242,0,bmeleton_merged_intersection,4.480479220609834,-63.50230978981271,101.27125588516493,0,1,95,23,95,23,2.1009996786698357,False,6.334409714122605,0.006105126135422467,0.006105126135422467,0.010047103530531242,,,,,,,,bmeleton_merged,0.006105126135422578,1.0,,,,,,,,,,,,,,,,,,,,,,,,,,,,,False
4242,1,bmeleton_merged_pivot_refit_both,4.32456806447451,-63.40448769990934,102.49106505131823,0,1,95,23,95,23,1.990446619786473,False,6.411671328795395,0.006254808026205039,0.006254808026205039,0.0031623052473835926,,,,,,,,bmeleton_merged,,,1.2336173846505727,True,True,ok,ok,21.0,23.0,39.0,23.0,21.0,23.0,21.0,23.0,1.2494711961713663,0.7590128078028541,1.4076723720750735,1.1870018488808471,0.4657888550345049,0.9316925515155846,end,end,0.0,2.1009996786698357,,,,,,False
4242,2,bmeleton_final_refit_vertex,2.565801190601364,-62.10179435187047,117.87637866508078,1,2,41,23,41,23,1.2983335689738127,False,42.09041922917912,0.2579120633435342,0.2579120633435342,0.31437054875349374,,,,,,,,bmeleton_final_refit,,,,,,,,,,,,,,,,,,,,,,,,,,1.0,28.630258869100437,2.0,0.31437054875349374,,False
4248,0,bmeleton_merged_intersection,-1.1053923832991597,-64.86999484479213,85.24007393937566,1,0,62,130,62,130,0.9567587124884144,False,37.85998649950829,0.21048711091067296,0.21048711091067296,0.5300376960108799,,,,,,,,bmeleton_merged,0.21048711091067296,1.0,,,,,,,,,,,,,,,,,,,,,,,,,,,,,False
4248,1,bmeleton_merged_pivot_refit_both,-1.6555689987250923,-64.7077897950256,86.14119453899123,1,0,62,130,62,130,0.716987132950054,False,142.56172350375348,1.7940086853275297,0.20599131467247023,2.856553765662606,,,,,,,,bmeleton_merged,,,1.068186838237026,True,True,ok,ok,61.0,81.0,61.0,83.0,61.0,81.0,61.0,81.0,0.8631720956892294,1.6233150349487295,1.1062995504706523,2.155747046573359,0.1565672937954762,0.4893196402158515,end,start,0.0,0.9567587124884144,,,,,,False
4248,2,bmeleton_final_refit_vertex,-3.0644453309732693,-64.59726147693317,88.05717631893336,2,0,62,41,62,41,0.9008018283410965,False,50.24273284657327,0.3604634865292069,0.3604634865292069,0.7699774940626203,,,,,,,,bmeleton_final_refit,,,,,,,,,,,,,,,,,,,,,,,,,,1.0,3.172530716911661,2.0,0.7699774940626203,,False
4262,0,bmeleton_merged_intersection,-8.939941503245365,-80.3950534637921,37.8156632856556,1,0,73,46,73,46,0.17053732114514583,False,36.87707706535952,0.2000751889856477,0.2000751889856477,0.5605804051782267,,,,,,,,bmeleton_merged,0.2000751889856478,1.0,,,,,,,,,,,,,,,,,,,,,,,,,,,,,False
4262,1,bmeleton_merged_pivot_refit_both,-8.252820570347772,-80.23023022036757,41.97826951338858,1,0,73,46,73,46,1.2338958528151933,False,37.82087925660256,0.21006839063021165,0.21006839063021165,0.24592004264724812,,,,,,,,bmeleton_merged,,,4.222154957502202,True,True,ok,ok,61.0,37.0,62.0,37.0,61.0,37.0,61.0,37.0,1.0276870652248127,1.314499975571759,1.6653946279694642,1.7736611459941294,0.731720762046465,0.32591762173097194,end,end,0.0,0.17053732114514583,,,,,,False
4262,2,bmeleton_final_refit_vertex,-7.811921973414902,-80.13785049783712,44.072612514912294,3,1,62,37,62,37,1.7785670987678612,False,38.8585113759117,0.22130233927399767,0.22130233927399767,0.3909172372235195,,,,,,,,bmeleton_final_refit,,,,,,,,,,,,,,,,,,,,,,,,,,1.0,5.0,2.0,0.3909172372235195,,False
4265,0,bmeleton_merged_intersection,3.0404381932727302,-83.5862261745298,84.74805972722247,1,0,26,122,26,122,1.7468003101756608,False,32.574133030767555,0.15730445335976007,0.15730445335976007,0.3282840326277246,,,,,,,,bmeleton_merged,0.15730445335976007,1.0,,,,,,,,,,,,,,,,,,,,,,,,,,,,,False
4265,1,bmeleton_merged_pivot_refit_both,1.5895419120645635,-83.1140962463118,87.59529677775726,1,0,26,122,26,122,1.5270275352239404,False,148.64979710971204,1.8540032965690316,0.1459967034309685,2.0967548338531916,,,,,,,,bmeleton_merged,,,3.2302887657113333,True,True,ok,ok,26.0,79.0,26.0,82.0,26.0,79.0,26.0,79.0,0.42319673815764364,1.4732116529040284,0.4971420224475611,2.201420678829267,0.3069760990722481,1.3435085893260887,end,start,0.0,1.7468003101756608,,,,,,False
4265,2,bmeleton_final_refit_vertex,2.5040893122489924,-83.14359658382617,85.87052615791119,0,2,31,26,31,26,1.1824595305292338,False,40.07784286310665,0.23482956402011912,0.23482956402011912,0.269587045503031,,,,,,,,bmeleton_final_refit,,,,,,,,,,,,,,,,,,,,,,,,,,1.0,42.9762835407525,2.0,0.269587045503031,,False
4276,0,bmeleton_merged_intersection,0.6142990606132681,-77.82865830085399,37.69272576039453,1,0,10,39,10,39,2.8030028760365093,False,16.68814885443674,0.042118087560664264,0.042118087560664264,0.026648893936209894,,,,,,,,bmeleton_merged,0.042118087560664486,1.0,,,,,,,,,,,,,,,,,,,,,,,,,,,,,False
4276,1,bmeleton_merged_pivot_refit_both,0.545504315629371,-77.91405023586654,37.25718321371757,1,0,10,39,10,39,2.8069888024304483,False,16.53134981652161,0.04133580978156093,0.04133580978156093,0.011822188767185023,,,,,,,,bmeleton_merged,,,0.4491345115535456,True,True,ok,ok,10.0,15.0,10.0,19.0,10.0,16.0,10.0,15.0,0.29914027949568955,0.9268178555677298,0.3835829048728619,1.129308197364636,0.42140855705129127,1.5626770198092124,end,end,0.0,2.8030028760365093,,,,,,False
4276,2,bmeleton_final_refit_vertex,1.8921373498313205,-76.90618157003519,44.56506067029663,1,2,20,10,20,10,3.161822755213644,False,27.199362904673414,0.11057854410392387,0.11057854410392387,0.047900353104135485,,,,,,,,bmeleton_final_refit,,,,,,,,,,,,,,,,,,,,,,,,,,1.0,94.69087564953345,2.0,0.047900353104135485,,False
4281,0,bmeleton_merged_intersection,0.12277960401579546,-74.8703866451684,107.49308202481888,0,1,141,25,141,25,0.10226163167254713,False,25.599514918539214,0.09816381547318587,0.09816381547318587,0.28556716845471114,,,,,,,,bmeleton_merged,0.09816381547318598,1.0,,,,,,,,,,,,,,,,,,,,,,,,,,,,,False
4281,1,bmeleton_merged_pivot_refit_both,-0.03347128738586885,-75.02178909171596,109.17657499673899,0,1,141,25,141,25,0.34008627485081483,False,154.28222297730275,1.9009424275991886,0.09905757240081137,2.9525135347512053,,,,,,,,bmeleton_merged,,,1.6974939258768589,True,True,ok,ok,108.0,24.0,108.0,24.0,108.0,24.0,108.0,24.0,1.5898969085256303,0.487091861772405,1.8509284769262337,1.0978260963698352,0.1182932794631222,0.28510078352983786,start,end,0.0,0.10226163167254713,,,,,,False
4281,2,bmeleton_final_refit_vertex,-1.0400956984194158,-75.10260127654826,110.00222595659588,1,2,25,25,25,25,0.2976454321892814,False,40.335265503355814,0.23772991330038695,0.23772991330038695,0.28046647839045696,,,,,,,,bmeleton_final_refit,,,,,,,,,,,,,,,,,,,,,,,,,,1.0,3.297579955147144,2.0,0.28046647839045696,,False
4282,0,bmeleton_merged_intersection,-1.2500409612679104,-70.76191793145861,30.597012188406403,0,1,50,32,50,32,0.6012368610470366,False,33.98505393549526,0.17081658569089142,0.17081658569089142,0.3049622608870726,,,,,,,,bmeleton_merged,0.17081658569089142,1.0,,,,,,,,,,,,,,,,,,,,,,,,,,,,,False
4282,1,bmeleton_merged_pivot_refit_both,-1.518893143585391,-70.76284431299061,31.844726612042372,0,1,50,32,50,32,0.7986170820967182,False,34.1165290661614,0.17210143668512168,0.17210143668512168,0.14432919877572573,,,,,,,,bmeleton_merged,,,1.2763516901970449,True,True,ok,ok,38.0,29.0,38.0,29.0,38.0,29.0,38.0,29.0,1.6990312394266571,1.0007401107266893,2.016090715845236,1.244680380838157,0.5351375013246983,0.22134281123382016,end,end,0.0,0.6012368610470366,,,,,,False
4282,2,bmeleton_final_refit_vertex,-1.5098114433105998,-70.90739575334257,30.15099532614919,0,2,38,32,38,32,1.00627225448366,False,33.281143912696486,0.16401200004429406,0.16401200004429406,0.23805505426011528,,,,,,,,bmeleton_final_refit,,,,,,,,,,,,,,,,,,,,,,,,,,1.0,0.7742006993426895,2.0,0.23805505426011528,,False
4284,0,bmeleton_merged_intersection,1.2667686100378093,-71.05272977362289,121.52750748614494,0,1,99,21,99,21,0.43909412584719304,False,33.498601958478424,0.1661007106826059,0.1661007106826059,0.34810652945199716,,,,,,,,bmeleton_merged,0.1661007106826059,1.0,,,,,,,,,,,,,,,,,,,,,,,,,,,,,False
4284,1,bmeleton_merged_pivot_refit_both,1.5918346374768282,-71.1699759042321,122.03151468988142,0,1,99,21,99,21,0.3961649670622822,False,146.6903064053105,1.8357144629024504,0.16428553709754945,2.0117639405030254,,,,,,,,bmeleton_merged,,,0.6110956052501788,True,True,ok,ok,62.0,18.0,62.0,18.0,62.0,18.0,62.0,18.0,1.0943371049425887,0.5124949243175002,1.0979377550415377,0.7323708244154721,0.2035933405323494,0.09755629524019774,start,end,0.0,0.43909412584719304,,,,,,False
4284,2,bmeleton_final_refit_vertex,2.83727684298219,-71.7170073887027,124.18634394500512,0,2,32,21,32,21,0.6012031360349134,False,47.11405966555848,0.31945890837222546,0.31945890837222546,0.36962243622937313,,,,,,,,bmeleton_final_refit,,,,,,,,,,,,,,,,,,,,,,,,,,1.0,1.50056484543374,2.0,0.36962243622937313,,False
4286,0,bmeleton_merged_intersection,-4.447811372638106,-75.23940899800647,92.51773653293873,1,0,32,119,32,119,1.2190913934439813,False,30.086236120083917,0.13472812896649944,0.13472812896649944,0.3249545322051223,,,,,,,,bmeleton_merged,0.13472812896649955,1.0,,,,,,,,,,,,,,,,,,,,,,,,,,,,,False
4286,1,bmeleton_merged_pivot_refit_both,-5.561640883028534,-74.93683082001914,92.3933658043977,1,0,32,119,32,119,1.2917606570173479,False,151.1419865248076,1.8758184427342557,0.1241815572657442,2.209477883549815,,,,,,,,bmeleton_merged,,,1.1608780341312943,True,True,ok,ok,31.0,81.0,32.0,85.0,31.0,81.0,31.0,81.0,0.33391522379724276,2.198205616355552,0.6909664812346659,2.2973294916629956,0.5056415410174663,0.8998635400293313,end,start,0.0,1.2190913934439813,,,,,,False
4286,2,bmeleton_final_refit_vertex,-5.749171676937601,-74.89021849667661,95.11796267312313,2,1,32,26,32,26,1.1557644174274926,False,43.00722343012771,0.26873228552584094,0.26873228552584094,0.3148034814629783,,,,,,,,bmeleton_final_refit,,,,,,,,,,,,,,,,,,,,,,,,,,1.0,5.162254242916404,2.0,0.3148034814629783,,False
4297,0,bmeleton_merged_intersection,3.392492019958942,-79.52016678887098,79.73872272994046,0,1,80,17,80,17,2.746529137550378,False,15.858186157332478,0.038059014089975474,0.038059014089975474,0.04529599852692523,,,,,,,,bmeleton_merged,0.038059014089975696,1.0,,,,,,,,,,,,,,,,,,,,,,,,,,,,,False
4297,1,bmeleton_merged_pivot_refit_both,1.8764510791196896,-79.1105641784597,86.22635504941125,0,1,80,17,80,17,2.733122347032384,False,165.42678725259637,1.9678269136337023,0.032173086366297676,1.1319816802679958,,,,,,,,bmeleton_merged,,,6.674992700025855,True,True,ok,ok,38.0,17.0,38.0,17.0,38.0,17.0,38.0,17.0,0.7935658370477038,0.6149289164244037,1.146128898709248,0.6243627302343391,1.7092720961613455,0.5471239173484042,start,end,0.0,2.746529137550378,,,,,,False
4297,2,bmeleton_final_refit_vertex,4.178858468544076,-79.22314954278288,76.61878225419515,1,2,31,17,31,17,1.7903698745397982,False,21.38213841602986,0.06883048143363002,0.06883048143363002,0.05817450443083988,,,,,,,,bmeleton_final_refit,,,,,,,,,,,,,,,,,,,,,,,,,,1.0,83.93196748191865,2.0,0.05817450443083988,,False
4302,0,bmeleton_merged_intersection,-8.811309996993746,-78.02473926900537,91.24880228373398,0,1,60,35,60,35,0.8585165442507184,False,26.359491219938683,0.10397410143028751,0.10397410143028751,0.20332330997123071,,,,,,,,bmeleton_merged,0.10397410143028751,1.0,,,,,,,,,,,,,,,,,,,,,,,,,,,,,False
4302,1,bmeleton_merged_pivot_refit_both,-8.675552417815258,-77.81087026111953,91.14078241342906,0,1,60,35,60,35,0.3287890910801137,False,153.5626947063556,1.8954220683444571,0.10457793165554297,2.6263581463387586,,,,,,,,bmeleton_merged,,,0.2753876635202904,True,True,ok,ok,45.0,35.0,45.0,35.0,45.0,35.0,45.0,35.0,0.861002970223272,0.4818618253514518,1.0017159065414456,0.7396167710613363,0.0794382133087967,0.15978037680193719,start,end,0.0,0.8585165442507184,,,,,,False
4302,2,bmeleton_final_refit_vertex,-9.25501563366626,-77.82110158406942,92.10201818871721,2,1,35,10,35,10,0.6646608642602972,False,29.10651977300812,0.1262831234565419,0.1262831234565419,0.10426665272391307,,,,,,,,bmeleton_final_refit,,,,,,,,,,,,,,,,,,,,,,,,,,1.0,15.842170791943348,2.0,0.10426665272391307,,False
4309,0,bmeleton_merged_intersection,-2.236807283445822,-78.96771859613526,96.11015289686506,0,1,136,20,136,20,0.786384205837679,False,34.036981061235274,0.17132352628918446,0.17132352628918446,0.38604168161715113,,,,,,,,bmeleton_merged,0.17132352628918446,1.0,,,,,,,,,,,,,,,,,,,,,,,,,,,,,False
4309,1,bmeleton_merged_pivot_refit_both,-1.3070347329639342,-78.05254542695049,100.22574376459076,0,1,136,20,136,20,0.7752373806029436,False,146.4506626902448,1.833410240856899,0.1665897591431008,1.8889837887913592,,,,,,,,bmeleton_merged,,,4.317419034067978,True,True,ok,ok,93.0,18.0,94.0,18.0,93.0,18.0,93.0,18.0,2.001706044507311,0.630004954056345,2.3112535041791693,0.7777577947626165,0.9154041212772945,0.5583843589995263,start,end,0.0,0.786384205837679,,,,,,False
4309,2,bmeleton_final_refit_vertex,0.32697562347024856,-77.47763130332505,101.06736926900658,1,2,33,20,33,20,0.0530040543701318,False,47.9845505228047,0.3306690332439298,0.3306690332439298,0.4202965793097996,,,,,,,,bmeleton_final_refit,,,,,,,,,,,,,,,,,,,,,,,,,,1.0,4.121291817851725,2.0,0.4202965793097996,,False
4319,0,bmeleton_merged_intersection,-1.443956111602997,-66.16670746365865,34.8489327748884,1,0,23,69,23,69,0.023606463470625113,False,27.15436262120855,0.11021982009785147,0.11021982009785147,0.21851062505450855,,,,,,,,bmeleton_merged,0.11021982009785158,1.0,,,,,,,,,,,,,,,,,,,,,,,,,,,,,False
4319,1,bmeleton_merged_pivot_refit_both,-1.3226761136233383,-66.81724063545029,31.809525422794163,1,0,23,69,23,69,0.2750941471552058,False,26.539719362138204,0.10537517275065222,0.10537517275065222,0.10452221145003662,,,,,,,,bmeleton_merged,,,3.1106107595576327,True,True,ok,ok,23.0,39.0,23.0,39.0,23.0,39.0,23.0,39.0,0.4432663437396414,1.1540288419787916,0.5013664345608914,1.6249818955078432,0.3837520728658483,0.5213514903355918,end,end,0.0,0.023606463470625113,,,,,,False
4319,2,bmeleton_final_refit_vertex,-1.2387003433554877,-66.3696089151967,34.63309213146792,1,2,40,23,40,23,0.5697980130561646,False,27.308622416546893,0.11145179937592842,0.11145179937592842,0.15173352978007992,,,,,,,,bmeleton_final_refit,,,,,,,,,,,,,,,,,,,,,,,,,,1.0,52.03061429048032,2.0,0.15173352978007992,,False
4329,0,bmeleton_merged_intersection,-2.8812837490576673,-75.69329068433147,108.19124573194085,1,2,17,24,17,24,6.015892315457185,False,28.482810198947437,0.12103977037616387,0.12103977037616387,0.05548537166330973,,,,,,,,bmeleton_merged,0.12103977037616398,3.0,,,,,,,,,,,,,,,,,,,,,,,,,,,,,False
4329,1,bmeleton_merged_intersection,-1.4278605950084966,-76.9140592008859,106.93323300606558,0,2,68,24,68,24,2.2003955645639866,False,16.167065673012374,0.03954610541768799,0.03954610541768799,0.05546863132416147,,,,,,,,bmeleton_merged,0.039546105417688215,2.0,,,,,,,,,,,,,,,,,,,,,,,,,,,,,False
4329,2,bmeleton_merged_intersection,-3.995085831029368,-75.40470302035982,111.10206274774293,0,1,68,17,68,17,3.7379879447969215,False,12.529970130092526,0.023817341117851387,0.023817341117851387,0.023168651728603624,,,,,,,,bmeleton_merged,0.023817341117851498,1.0,,,,,,,,,,,,,,,,,,,,,,,,,,,,,False
4329,3,bmeleton_merged_pivot_refit_both,-2.8831862945024156,-75.6958191690687,108.25102943581936,1,2,17,24,17,24,6.044587217304484,False,28.51110970185945,0.1212754253599182,0.1212754253599182,0.02648095069324706,,,,,,,,bmeleton_merged,,,0.059867388148047165,True,True,ok,ok,17.0,17.0,17.0,24.0,17.0,17.0,17.0,17.0,1.0868954671728774,1.0171593396154779,1.3446582796290176,1.4688064489539165,4.742391614773197,1.4510407243921706,end,end,0.0,6.015892315457185,,,,,,False
4329,4,bmeleton_merged_pivot_refit_both,-1.061684845984954,-76.63202729153241,108.58236097922688,0,2,68,24,68,24,1.9987168382191396,False,164.0720517284097,1.9616075607450774,0.03839243925492275,1.3849360502842198,,,,,,,,bmeleton_merged,,,1.7126732755927567,True,True,ok,ok,54.0,17.0,54.0,24.0,54.0,17.0,54.0,17.0,0.9497401429268745,1.0171593396154779,1.0607732906637573,1.4688064489539165,0.5750126064104807,0.5301711412196163,start,end,1.0,2.2003955645639866,,,,,,False
4329,5,bmeleton_merged_pivot_refit_both,-3.708099279692281,-75.12093007466567,109.34436652510664,0,1,68,17,68,17,4.016660082211957,False,167.25152448921548,1.9753481923385352,0.024651807661464686,1.0112818499831138,,,,,,,,bmeleton_merged,,,1.803436823519527,True,True,ok,ok,56.0,17.0,56.0,17.0,56.0,17.0,56.0,17.0,0.9323345985960231,1.0868954671728774,1.0466979803102496,1.3446582796290176,1.207627804264299,3.2108090729602066,start,end,2.0,3.7379879447969215,,,,,,False
4329,6,bmeleton_final_refit_vertex,-2.8812837490576673,-75.69329068433147,108.19124573194085,2,1,24,17,24,17,6.015892315457181,False,28.482810198947437,0.12103977037616387,0.12103977037616387,0.05548537166330975,,,,,,,,bmeleton_final_refit,,,,,,,,,,,,,,,,,,,,,,,,,,1.0,3.0,2.0,0.05548537166330975,,False
4331,0,bmeleton_merged_intersection,-0.23099451216419659,-82.92250956268472,43.72384267259993,0,1,67,28,67,28,2.2048632454292414,False,31.43533514330188,0.1467706792654021,0.1467706792654021,0.22058195825838098,,,,,,,,bmeleton_merged,0.1467706792654021,1.0,,,,,,,,,,,,,,,,,,,,,,,,,,,,,False
4331,1,bmeleton_merged_pivot_refit_both,-0.4545642444956415,-82.66258514114074,44.27656031563244,0,1,67,28,67,28,1.9041545771449466,False,31.783449529787532,0.14995512591746296,0.14995512591746296,0.1178275577351738,,,,,,,,bmeleton_merged,,,0.650415961557787,True,True,ok,ok,42.0,28.0,44.0,28.0,44.0,28.0,42.0,28.0,1.6833481815735094,0.4563199875495497,2.0089500898614983,0.6304689339381049,0.8561427361133721,0.32730357386936076,end,end,0.0,2.2048632454292414,,,,,,False
4331,2,bmeleton_final_refit_vertex,-1.5974265806370045,-82.16168716712178,46.875325612021975,1,2,42,28,42,28,1.6284194108203882,False,35.86057859070729,0.18955510755961458,0.18955510755961458,0.24517104608003337,,,,,,,,bmeleton_final_refit,,,,,,,,,,,,,,,,,,,,,,,,,,1.0,44.682450568530705,2.0,0.24517104608003337,,False
4335,0,bmeleton_merged_intersection,-6.464429098797465,-71.70624197675527,84.06969855084421,0,1,48,29,48,29,0.5600761784606193,False,14.623506159050416,0.03239432489634675,0.03239432489634675,0.054343526559521634,,,,,,,,bmeleton_merged,0.03239432489634697,1.0,,,,,,,,,,,,,,,,,,,,,,,,,,,,,False
4335,1,bmeleton_merged_pivot_refit_both,-7.101742229818104,-72.0858418181,69.95758273694432,0,1,48,29,48,29,0.5802387385100644,False,166.90110750850582,1.9739803481920548,0.0260196518079453,1.9898151642124393,,,,,,,,bmeleton_merged,,,14.13159852286512,True,True,ok,ok,47.0,23.0,47.0,23.0,47.0,23.0,47.0,23.0,0.7225456559937596,0.8913856839847045,1.1714902000995893,0.9545257423934651,0.23543816668063136,1.4114973375080977,start,end,0.0,0.5600761784606193,,,,,,False
4335,2,bmeleton_final_refit_vertex,-7.48780827819048,-71.76461965565011,61.24767662791881,0,1,48,15,48,15,0.46786196213108977,False,12.169128422953083,0.022470383545545536,0.022470383545545536,0.027567615332821722,,,,,,,,bmeleton_final_refit,,,,,,,,,,,,,,,,,,,,,,,,,,1.0,75.44629541330471,2.0,0.027567615332821722,,False
4337,0,bmeleton_merged_intersection,-1.703736585100533,-78.32335470369901,105.66695801765303,1,0,24,73,24,73,1.631776685509581,False,19.753149864223417,0.05884256330698234,0.05884256330698234,0.0928471867468568,,,,,,,,bmeleton_merged,0.05884256330698234,1.0,,,,,,,,,,,,,,,,,,,,,,,,,,,,,False
4337,1,bmeleton_final_refit_vertex,-1.2854858610957227,-78.8389216738967,107.04620926821181,2,0,24,13,24,13,1.0766728732891,False,58.989959720407455,0.48481172648365833,0.48481172648365833,0.35230967033919425,,,,,,,,bmeleton_final_refit,,,,,,,,,,,,,,,,,,,,,,,,,,1.0,4.388111650766919,2.0,0.35230967033919425,,False
4344,0,bmeleton_merged_intersection,2.5244007949618057,-75.71546777326247,67.47343613452674,1,0,69,27,69,27,2.3427424629009126,False,4.1149733451451675,0.0025779358547000086,0.0025779358547000086,0.0037884385464840354,,,,,,,,bmeleton_merged,0.0025779358546998976,1.0,,,,,,,,,,,,,,,,,,,,,,,,,,,,,False
4344,1,bmeleton_final_refit_vertex,4.469801510740027,-76.38314692880128,106.1818344173949,3,1,53,7,53,7,1.8360637752273932,False,32.418183131691194,0.15584216460235933,0.15584216460235933,0.10977560254639622,,,,,,,,bmeleton_final_refit,,,,,,,,,,,,,,,,,,,,,,,,,,1.0,5.0,2.0,0.10977560254639622,,False
4347,0,bmeleton_merged_intersection,-3.8853661736573386,-68.35460312290579,73.49119323677496,0,1,69,46,69,46,0.472672046695315,False,29.20405324763724,0.12711243733450095,0.12711243733450095,0.32713882733198146,,,,,,,,bmeleton_merged,0.12711243733450106,1.0,,,,,,,,,,,,,,,,,,,,,,,,,,,,,False
4347,1,bmeleton_merged_pivot_refit_both,-3.1198482136975954,-68.43119410545174,76.00530355340172,0,1,69,46,69,46,0.46186574190943136,False,151.52060226638045,1.8789886313422217,0.1210113686577784,2.3323093479996055,,,,,,,,bmeleton_merged,,,2.629188964262053,True,True,ok,ok,35.0,45.0,35.0,45.0,35.0,45.0,35.0,45.0,1.1074354055474471,0.6028398975533401,1.2804946903086978,0.8616506696433186,0.8394364912725766,0.16588322664860713,start,end,0.0,0.472672046695315,,,,,,False
4347,2,bmeleton_final_refit_vertex,-1.4731273030763372,-68.38558148007728,78.59216469642763,2,0,46,31,46,31,0.371094597376754,False,35.12957358563573,0.18214718421091547,0.18214718421091547,0.32015436838764544,,,,,,,,bmeleton_final_refit,,,,,,,,,,,,,,,,,,,,,,,,,,1.0,3.516304718715012,2.0,0.32015436838764544,,False
4356,0,bmeleton_merged_intersection,5.034994106490431,-67.86005798026767,85.30116082139845,1,0,56,45,56,45,0.6127573062615554,False,3.5462456876334874,0.0019148013908312222,0.0019148013908312222,0.004281419171660368,,,,,,,,bmeleton_merged,0.0019148013908313333,1.0,,,,,,,,,,,,,,,,,,,,,,,,,,,,,False
4356,1,bmeleton_final_refit_vertex,3.8600046416209275,-68.65297932620058,116.0529137218183,2,0,43,13,43,13,0.899046422576842,False,19.36921670598212,0.056599018039183324,0.056599018039183324,0.0567117429974159,,,,,,,,bmeleton_final_refit,,,,,,,,,,,,,,,,,,,,,,,,,,1.0,5.0,2.0,0.0567117429974159,,False
4359,0,bmeleton_merged_intersection,0.3830047154061652,-75.49942569469533,42.09810780624107,1,0,75,82,75,82,0.2538051172941906,False,23.544164378521504,0.08324755931381644,0.08324755931381644,0.23767790426728996,,,,,,,,bmeleton_merged,0.08324755931381655,1.0,,,,,,,,,,,,,,,,,,,,,,,,,,,,,False
4359,1,bmeleton_merged_pivot_refit_both,0.3803137572107165,-75.49877209866021,44.17562697771061,1,0,75,82,75,82,0.2876294690971738,False,24.00927972295693,0.0865204301049931,0.0865204301049931,0.13272526349326996,,,,,,,,bmeleton_merged,,,2.077521017045861,True,True,ok,ok,69.0,44.0,70.0,46.0,69.0,46.0,69.0,44.0,1.4359972572465687,1.271308902538609,2.0306183310154817,1.8525859528924333,0.18461286484481507,0.3258125263757523,end,end,0.0,0.2538051172941906,,,,,,False
4359,2,bmeleton_final_refit_vertex,0.897623232319571,-75.407472421087,51.87512926659875,2,1,70,46,70,46,0.09569000974105978,False,27.17621708056664,0.11039396644458488,0.11039396644458488,0.30733376898918097,,,,,,,,bmeleton_final_refit,,,,,,,,,,,,,,,,,,,,,,,,,,1.0,5.0,2.0,0.30733376898918097,,False
4385,0,bmeleton_merged_intersection,-4.278755085619788,-76.76727411741732,90.23051969197891,1,0,21,114,21,114,1.2539699003485139,False,15.790268663054558,0.0377357752184907,0.0377357752184907,0.07380734298193962,,,,,,,,bmeleton_merged,0.03773577521849081,1.0,,,,,,,,,,,,,,,,,,,,,,,,,,,,,False
4385,1,bmeleton_merged_pivot_refit_both,-3.9496099460425844,-76.27970583514289,93.7732807326758,1,0,21,114,21,114,1.754647739822757,False,164.40790058251258,1.9631996393115287,0.036800360688471256,1.7517689900481248,,,,,,,,bmeleton_merged,,,3.591269294311835,True,True,ok,ok,17.0,88.0,18.0,89.0,17.0,88.0,17.0,88.0,0.8048959508882491,1.4397259485283345,1.4104661229937077,1.9409022009800938,0.4591184633005386,0.6468198922764923,end,start,0.0,1.2539699003485139,,,,,,False
4385,2,bmeleton_final_refit_vertex,-5.467251690134743,-76.93344973369614,89.17399177466925,1,2,19,19,19,19,0.35457476731331317,False,30.586662037504816,0.1391394958757115,0.1391394958757115,0.12342952225527443,,,,,,,,bmeleton_final_refit,,,,,,,,,,,,,,,,,,,,,,,,,,1.0,5.0,2.0,0.12342952225527443,,False
4419,0,bmeleton_merged_intersection,1.2712171665871006,-57.73289439211034,89.5885167232524,1,0,35,89,35,89,1.0082340307339142,False,8.659910566370579,0.011400519089869388,0.011400519089869388,0.02647566147762314,,,,,,,,bmeleton_merged,0.011400519089869499,1.0,,,,,,,,,,,,,,,,,,,,,,,,,,,,,False
4419,1,bmeleton_merged_pivot_refit_both,1.3882787161383114,-57.821860083326015,87.63439658149107,1,0,35,89,35,89,1.1199996930723626,False,171.50368219722642,1.989025360507897,0.010974639492103089,1.6453261758748046,,,,,,,,bmeleton_merged,,,1.959643801570608,True,True,ok,ok,21.0,44.0,35.0,44.0,21.0,44.0,21.0,44.0,1.043407685577274,0.8670331260137822,1.4844148370809336,0.9527305042515877,0.3124007400754768,0.3237925532338151,end,start,0.0,1.0082340307339142,,,,,,False
4419,2,bmeleton_final_refit_vertex,2.411861974529395,-57.97374517193457,101.34435605603794,1,2,41,35,41,35,1.729643654938626,False,13.026550075633638,0.025734279045177666,0.025734279045177666,0.0362147837959585,,,,,,,,bmeleton_final_refit,,,,,,,,,,,,,,,,,,,,,,,,,,1.0,16.04573047689053,2.0,0.0362147837959585,,False
4428,0,bmeleton_merged_intersection,6.044583178455737,-79.24782518106466,92.96269715022504,1,2,43,35,43,35,2.517594182646829,False,37.22819526662614,0.20376770177586034,0.20376770177586034,0.2628843473235267,,,,,,,,bmeleton_merged,0.20376770177586034,2.0,,,,,,,,,,,,,,,,,,,,,,,,,,,,,False
4428,1,bmeleton_merged_intersection,1.6765516617076168,-78.08722692598622,99.87167145181854,0,2,87,35,87,35,2.1718455765245848,False,30.529174994601313,0.1386293896405757,0.1386293896405757,0.2666601005142879,,,,,,,,bmeleton_merged,0.1386293896405757,3.0,,,,,,,,,,,,,,,,,,,,,,,,,,,,,False
4428,2,bmeleton_merged_intersection,3.2710769936326525,-79.78870273743703,57.14978120698249,1,0,43,87,43,87,0.5236070865737862,False,6.704054801038779,0.00683760969331304,0.00683760969331304,0.01856832750631339,,,,,,,,bmeleton_merged,0.006837609693313151,1.0,,,,,,,,,,,,,,,,,,,,,,,,,,,,,False
4428,3,bmeleton_merged_pivot_refit_both,2.1846562329392754,-78.79980975829389,97.91041106988368,0,2,87,35,87,35,0.9324080581872364,False,149.31903068534788,1.8600218000327453,0.1399781999672547,2.5972479192059272,,,,,,,,bmeleton_merged,,,2.1476700943006635,True,True,ok,ok,78.0,34.0,78.0,35.0,78.0,34.0,78.0,34.0,1.42167452193932,0.6505445831634789,1.7442323728700146,0.8945741570734108,0.7456485069676734,0.20614516652438353,start,end,1.0,2.1718455765245848,,,,,,False
4428,4,bmeleton_merged_pivot_refit_both,5.56983227999646,-79.43334728230909,92.11225153901063,1,2,43,35,43,35,0.2872653299080273,False,143.3475284982972,1.8022711155901345,0.19772888440986547,1.476103060133466,,,,,,,,bmeleton_merged,,,0.9914961438512471,True,True,ok,ok,19.0,35.0,19.0,35.0,19.0,35.0,19.0,35.0,1.1650454228244014,0.6897765198350048,1.584005584711408,1.032388883607798,0.37403948611635596,0.31050510162084616,start,end,0.0,2.517594182646829,,,,,,False
4428,5,bmeleton_merged_pivot_refit_both,3.3355828023734935,-79.41237060662365,44.35854994178448,1,0,43,87,43,87,1.3208501801352552,False,5.40614611222482,0.004448136113625045,0.004448136113625045,0.003009594198226062,,,,,,,,bmeleton_merged,,,12.796928699958553,True,True,ok,ok,28.0,30.0,28.0,40.0,28.0,40.0,28.0,30.0,1.1514515137659973,1.3400234812922056,1.5340180932477414,1.8956008189683773,1.0545712204884146,0.7045043933853022,end,end,2.0,0.5236070865737862,,,,,,False
4428,6,bmeleton_final_refit_vertex,5.697590708786694,-78.77739351879995,93.51251099641918,3,2,35,22,35,22,1.756432253433497,False,40.43773005098318,0.23888865332925757,0.23888865332925757,0.24528075088393367,,,,,,,,bmeleton_final_refit,,,,,,,,,,,,,,,,,,,,,,,,,,1.0,14.419764706028008,2.0,0.24528075088393367,,False
4431,0,bmeleton_merged_intersection,-4.0092969052642005,-79.15164357648106,36.82883248597821,1,0,115,32,115,32,0.4327223475450999,False,30.284832210757944,0.13647091712909531,0.13647091712909531,0.3768025726294373,,,,,,,,bmeleton_merged,0.13647091712909531,1.0,,,,,,,,,,,,,,,,,,,,,,,,,,,,,False
4431,1,bmeleton_merged_pivot_refit_both,-4.729984662524785,-79.12145892298466,34.982921750949764,1,0,115,32,115,32,0.5237979714575891,False,28.58441549002169,0.1218868523826887,0.1218868523826887,0.1330630466398207,,,,,,,,bmeleton_merged,,,1.9818396500386328,True,True,ok,ok,112.0,15.0,113.0,15.0,112.0,15.0,112.0,15.0,1.3847150324169066,1.1179127173268573,1.7898855812913084,1.5515300441498274,0.07627053788204323,1.7344211164397008,end,end,0.0,0.4327223475450999,,,,,,False
4431,2,bmeleton_final_refit_vertex,-3.4196466373105907,-79.06033673037066,38.21464363358237,2,1,115,15,115,15,0.19145916507532473,False,34.944041899062725,0.18028816126740732,0.18028816126740732,0.3605888765966386,,,,,,,,bmeleton_final_refit,,,,,,,,,,,,,,,,,,,,,,,,,,1.0,2.798819204711531,2.0,0.3605888765966386,,False
4449,0,bmeleton_merged_intersection,-6.314906117589581,-74.25539846394175,105.62067615961888,0,1,67,19,67,19,0.16762795278279105,False,36.68556392715029,0.19807380536661023,0.19807380536661023,0.34189284882635257,,,,,,,,bmeleton_merged,0.19807380536661034,1.0,,,,,,,,,,,,,,,,,,,,,,,,,,,,,False
4449,1,bmeleton_merged_pivot_refit_both,-5.614966635308145,-74.27227557290558,106.544467332907,0,1,67,19,67,19,0.45122155504033,False,143.7324005681107,1.8062629348038763,0.19373706519612366,1.7105351281721037,,,,,,,,bmeleton_merged,,,1.1591334036720837,True,True,ok,ok,49.0,19.0,49.0,19.0,49.0,19.0,49.0,19.0,1.3371627620987103,0.5002499191848417,1.548007081051688,0.6989778176510314,0.46878894509293556,0.03256798459362886,start,end,0.0,0.16762795278279105,,,,,,False
4449,2,bmeleton_final_refit_vertex,-7.772890589348069,-74.44744548304996,103.7028512385896,2,0,19,12,19,12,0.9045881691437957,False,36.94331815164529,0.20076951435301027,0.20076951435301027,0.12835582682430666,,,,,,,,bmeleton_final_refit,,,,,,,,,,,,,,,,,,,,,,,,,,1.0,37.86690019288371,2.0,0.12835582682430666,,False
4460,0,bmeleton_merged_intersection,0.7553444343104838,-73.0549357620108,57.3143712011852,1,2,24,27,24,27,1.9496870581693462,False,27.14265453696986,0.1101265779694246,0.1101265779694246,0.10084500852676595,,,,,,,,bmeleton_merged,0.1101265779694246,1.0,,,,,,,,,,,,,,,,,,,,,,,,,,,,,False
4460,1,bmeleton_merged_intersection,-0.9888334546034383,-72.46258787578194,61.14342390304378,2,0,27,48,27,48,0.05784943938560088,False,21.6224653109506,0.07036792487592136,0.07036792487592136,0.12521355795047615,,,,,,,,bmeleton_merged,0.07036792487592136,3.0,,,,,,,,,,,,,,,,,,,,,,,,,,,,,False
4460,2,bmeleton_merged_intersection,-0.39923119111509153,-73.70134189593826,50.57470662919752,1,0,24,48,24,48,2.520902397490663,False,5.949607770036183,0.005386555430749285,0.005386555430749285,0.0060772545702880544,,,,,,,,bmeleton_merged,0.005386555430749285,2.0,,,,,,,,,,,,,,,,,,,,,,,,,,,,,False
4460,3,bmeleton_merged_pivot_refit_both,-1.5389744873670992,-72.54508502109688,62.92345796894176,2,0,27,48,27,48,0.40977766182877223,False,158.97299258967251,1.9334113995212538,0.06658860047874615,1.744001900026598,,,,,,,,bmeleton_merged,,,1.8649349078916062,True,True,ok,ok,27.0,27.0,27.0,27.0,27.0,27.0,27.0,27.0,0.6319711849508838,0.7993034661434623,0.887714174153121,0.9606373554328387,0.06238090325343334,0.6868949534392746,end,start,1.0,0.05784943938560088,,,,,,False
4460,4,bmeleton_merged_pivot_refit_both,0.8132165297440448,-73.10229147767234,57.44987478583332,1,2,24,27,24,27,1.809503058943413,False,27.140441939463603,0.1101089612166467,0.1101089612166467,0.06905356916554752,,,,,,,,bmeleton_merged,,,0.15476745358174604,True,True,ok,ok,24.0,27.0,24.0,27.0,24.0,27.0,24.0,27.0,1.1393451810249107,0.6319711849508838,1.5102096870794035,0.887714174153121,1.037986771586748,0.2756786366110655,end,end,0.0,1.9496870581693462,,,,,,False
4460,5,bmeleton_merged_pivot_refit_both,-0.3262254390994388,-73.55829132536712,51.32242076771465,1,0,24,48,24,48,2.6451357980101182,False,174.26983879166903,1.9950031489467055,0.004996851053294504,0.970308613584189,,,,,,,,bmeleton_merged,,,0.7647677676958571,True,True,ok,ok,24.0,22.0,24.0,22.0,24.0,22.0,24.0,22.0,1.1393451810249107,0.6013235235879357,1.5102096870794035,0.838714693331056,1.1965614090905143,1.8623417688709167,end,start,2.0,2.520902397490663,,,,,,False
4460,6,bmeleton_final_refit_vertex,0.7553444343104838,-73.0549357620108,57.3143712011852,2,1,27,24,27,24,1.9496870581693462,False,27.14265453696986,0.1101265779694246,0.1101265779694246,0.10084500852676595,,,,,,,,bmeleton_final_refit,,,,,,,,,,,,,,,,,,,,,,,,,,1.0,3.0,2.0,0.10084500852676595,,False
4472,0,bmeleton_merged_intersection,-2.8275529448087346,-70.78424971585935,28.009151852353483,0,1,60,13,60,13,1.7298642916551765,False,26.07779303930631,0.10180197805651636,0.10180197805651636,0.10561782503359073,,,,,,,,bmeleton_merged,0.10180197805651647,1.0,,,,,,,,,,,,,,,,,,,,,,,,,,,,,False
4472,1,bmeleton_merged_pivot_refit_both,-2.4031999648110376,-70.50642610423877,29.626358594169858,0,1,60,13,60,13,1.7277882245628962,False,26.83665194446397,0.10770278921569598,0.10770278921569598,0.06567286856433291,,,,,,,,bmeleton_merged,,,1.6948802484491823,True,True,ok,ok,45.0,13.0,45.0,13.0,45.0,13.0,45.0,13.0,1.3940839263501141,0.30584329965886287,1.8020532565072767,0.32453752022385446,1.1201351610693904,0.25479418206435644,end,end,0.0,1.7298642916551765,,,,,,False
4472,2,bmeleton_final_refit_vertex,-2.21649610734305,-70.32880226113176,30.29201146729357,0,2,46,13,46,13,1.532179817635292,False,27.87072901920501,0.11599543161088088,0.11599543161088088,0.10856087983242538,,,,,,,,bmeleton_final_refit,,,,,,,,,,,,,,,,,,,,,,,,,,1.0,73.60257610362743,2.0,0.10856087983242538,,False
4474,0,bmeleton_merged_intersection,-1.0284564236080849,-74.41646364616855,119.38429159897677,2,1,23,46,23,46,0.816215305855207,False,45.769008067307276,0.3024472141292265,0.3024472141292265,0.42285547308303495,,,,,,,,bmeleton_merged,0.3024472141292266,1.0,,,,,,,,,,,,,,,,,,,,,,,,,,,,,False
4474,1,bmeleton_merged_intersection,1.1669947267539653,-74.5034840099747,122.32178812937222,1,0,46,74,46,74,0.44710580821229834,False,37.3194657141274,0.204732444035013,0.204732444035013,0.5482209702789795,,,,,,,,bmeleton_merged,0.204732444035013,3.0,,,,,,,,,,,,,,,,,,,,,,,,,,,,,False
4474,2,bmeleton_merged_intersection,1.2862189532424322,-74.57963073771401,104.48457446122455,2,0,23,74,23,74,0.06459173775189614,False,8.516729197907564,0.011027336125775444,0.011027336125775444,0.022456701017788322,,,,,,,,bmeleton_merged,0.011027336125775555,2.0,,,,,,,,,,,,,,,,,,,,,,,,,,,,,False
4474,3,bmeleton_merged_pivot_refit_both,1.5394330190098922,-74.38437291798559,120.81192905400842,1,0,46,74,46,74,0.4180292190045157,False,143.40240161437958,1.802842465894385,0.1971575341056151,3.0171141162288837,,,,,,,,bmeleton_merged,,,1.5596705297054883,True,True,ok,ok,45.0,63.0,45.0,63.0,45.0,63.0,45.0,63.0,0.856144511975072,0.9071709681506337,1.0386561130417176,1.0453525297500703,0.5762924618710111,0.17945189271252832,end,start,1.0,0.44710580821229834,,,,,,False
4474,4,bmeleton_merged_pivot_refit_both,-0.8585600992756142,-74.34062888440361,117.54376547834431,2,1,23,46,23,46,0.9343280320621248,False,45.04466020817334,0.2934446004463134,0.2934446004463134,0.2585494713996416,,,,,,,,bmeleton_merged,,,1.8499059632435388,True,True,ok,ok,23.0,45.0,23.0,45.0,23.0,45.0,23.0,45.0,1.11289977428997,0.856144511975072,1.4335750069731847,1.0386561130417176,0.6326181457385734,0.5995606493404734,end,end,0.0,0.816215305855207,,,,,,False
4474,5,bmeleton_merged_pivot_refit_both,1.556605957151235,-74.42266523329576,101.63031837266439,2,0,23,74,23,74,0.32125592894472466,False,171.5128461724155,1.9890489785562857,0.010951021443714293,2.1002768891495927,,,,,,,,bmeleton_merged,,,2.8713281109171094,True,True,ok,ok,23.0,52.0,23.0,52.0,23.0,52.0,23.0,52.0,1.11289977428997,0.980268384672371,1.4335750069731847,1.0783977549436417,0.17493034141262728,0.23026344113247085,end,start,2.0,0.06459173775189614,,,,,,False
4474,6,bmeleton_final_refit_vertex,-1.0284564236080849,-74.41646364616855,119.38429159897677,1,2,46,23,46,23,0.8162153058552071,False,45.769008067307276,0.3024472141292265,0.3024472141292265,0.42285547308303495,,,,,,,,bmeleton_final_refit,,,,,,,,,,,,,,,,,,,,,,,,,,1.0,3.0,2.0,0.42285547308303495,,False
4493,0,bmeleton_merged_intersection,1.9624768769676255,-76.4308299761787,141.6001881104882,1,0,22,91,22,91,0.32488746674096436,False,27.748765285895598,0.11500232883034867,0.11500232883034867,0.24158404363168767,,,,,,,,bmeleton_merged,0.11500232883034878,1.0,,,,,,,,,,,,,,,,,,,,,,,,,,,,,False
4493,1,bmeleton_merged_pivot_refit_both,1.8444322741231596,-76.27104632337003,138.9337017408671,1,0,22,91,22,91,0.07500512890126508,False,153.11166655149657,1.8918896357532233,0.10811036424677678,2.230882051173899,,,,,,,,bmeleton_merged,,,2.673876381462083,True,True,ok,ok,17.0,75.0,17.0,75.0,17.0,75.0,17.0,75.0,0.9509476156604538,0.884012304274736,0.9719817174689406,1.033545198908511,0.8312778430935984,0.07216929149229998,end,start,0.0,0.32488746674096436,,,,,,False
4493,2,bmeleton_final_refit_vertex,3.6184597437734096,-76.70735779018597,132.70595738780383,2,0,17,13,17,13,2.5288090723253562,False,36.80385960960406,0.19930898283202758,0.19930898283202758,0.0983867771209102,,,,,,,,bmeleton_final_refit,,,,,,,,,,,,,,,,,,,,,,,,,,1.0,5.0,2.0,0.0983867771209102,,False
4498,0,bmeleton_merged_intersection,2.0006316765361585,-68.95074370502681,68.56992074874194,2,1,32,25,32,25,0.33215672448045774,False,34.68173032832456,0.1776744769270322,0.1776744769270322,0.23561728203163151,,,,,,,,bmeleton_merged,0.1776744769270322,1.0,,,,,,,,,,,,,,,,,,,,,,,,,,,,,False
4498,1,bmeleton_merged_intersection,1.8666350447858622,-69.4342915787589,68.5993820988372,2,0,32,49,32,49,0.6710082290360895,False,26.5051215257276,0.10510552647431204,0.10510552647431204,0.18347559818639328,,,,,,,,bmeleton_merged,0.10510552647431226,2.0,,,,,,,,,,,,,,,,,,,,,,,,,,,,,False
4498,2,bmeleton_merged_intersection,2.0520982218906982,-69.3396781901904,70.32866234518093,1,0,25,49,25,49,0.9683204379091616,False,8.477398431038093,0.010925906945330355,0.010925906945330355,0.01601818916497923,,,,,,,,bmeleton_merged,0.010925906945330466,3.0,,,,,,,,,,,,,,,,,,,,,,,,,,,,,False
4498,3,bmeleton_merged_pivot_refit_both,2.003446062169262,-68.94133525754427,68.54840731515188,2,1,32,25,32,25,0.2832352611393217,False,34.66234907655214,0.17748204438432247,0.17748204438432247,0.1702682983053628,,,,,,,,bmeleton_merged,,,0.02364883665970565,True,True,ok,ok,32.0,25.0,32.0,25.0,32.0,25.0,32.0,25.0,0.4830086016579427,1.0678611762200256,0.8467986607352009,1.3702127820605907,0.04497137219674118,0.16785721992816663,end,end,0.0,0.33215672448045774,,,,,,False
4498,4,bmeleton_merged_pivot_refit_both,1.790819756006836,-69.20990063171108,68.83950237629703,2,0,32,49,32,49,0.3346107475436926,False,153.60767892235882,1.8957713433034304,0.10422865669656967,2.2053732863434323,,,,,,,,bmeleton_merged,,,0.33727882052843955,True,True,ok,ok,32.0,32.0,32.0,32.0,32.0,32.0,32.0,32.0,0.4830086016579427,0.6420474529506338,0.8467986607352009,0.8190251125792367,0.1252531577723467,0.11979567831552133,end,start,1.0,0.6710082290360895,,,,,,False
4498,5,bmeleton_merged_pivot_refit_both,1.924053014975383,-69.10165961900285,68.89484796409499,1,0,25,49,25,49,0.6371191819745755,False,171.3292721815779,1.9885710363397435,0.011428963660256475,1.7130557847347212,,,,,,,,bmeleton_merged,,,1.4590654867595907,True,True,ok,ok,25.0,32.0,25.0,32.0,25.0,32.0,25.0,32.0,1.0678611762200256,0.6420474529506338,1.3702127820605907,0.8190251125792367,0.5426839661054101,0.25995128872823725,end,start,2.0,0.9683204379091616,,,,,,False
4498,6,bmeleton_final_refit_vertex,2.0006316765361585,-68.95074370502681,68.56992074874194,2,1,32,25,32,25,0.33215672448046774,False,34.68173032832456,0.1776744769270322,0.1776744769270322,0.23561728203163107,,,,,,,,bmeleton_final_refit,,,,,,,,,,,,,,,,,,,,,,,,,,1.0,3.0,2.0,0.23561728203163107,,False
4502,0,bmeleton_merged_intersection,6.505535627061654,-69.37705088572906,125.98679094553583,1,0,49,152,49,152,0.6916569676062526,False,17.35658892140318,0.04553337228343779,0.04553337228343779,0.12000030714057902,,,,,,,,bmeleton_merged,0.04553337228343801,1.0,,,,,,,,,,,,,,,,,,,,,,,,,,,,,False
4502,1,bmeleton_merged_pivot_refit_both,6.867422423658297,-69.31034521298926,126.32226548134534,1,0,49,152,49,152,0.6321314120659226,False,162.98435346538997,1.9562248784042735,0.04377512159572661,2.9659311722609027,,,,,,,,bmeleton_merged,,,0.49795066472819954,True,True,ok,ok,49.0,118.0,49.0,119.0,49.0,118.0,49.0,118.0,1.1405827529940034,1.8035195567100621,1.4507803416529224,1.9692908648718235,0.25107989584527163,0.22328667269035732,end,start,0.0,0.6916569676062526,,,,,,False
4502,2,bmeleton_final_refit_vertex,7.013064573093515,-69.7278159464368,128.0461652490805,2,1,49,22,49,22,1.5270223837790275,False,32.81138846888732,0.15954108643335096,0.15954108643335096,0.20063506278308363,,,,,,,,bmeleton_final_refit,,,,,,,,,,,,,,,,,,,,,,,,,,1.0,32.601014407739896,2.0,0.20063506278308363,,False
4507,0,bmeleton_merged_intersection,3.702197453726529,-74.95038174354764,41.309055884589824,1,0,35,81,35,81,0.4909535648940249,False,11.621209549689647,0.020499251830898402,0.020499251830898402,0.04969432317308615,,,,,,,,bmeleton_merged,0.020499251830898624,1.0,,,,,,,,,,,,,,,,,,,,,,,,,,,,,False
4507,1,bmeleton_merged_pivot_refit_both,3.9045765781489723,-73.64556741642471,35.89296562315133,1,0,35,81,35,81,0.093204223566246,False,11.20133866394399,0.019049383028073796,0.019049383028073796,0.013130520803184092,,,,,,,,bmeleton_merged,,,5.574722545411216,True,True,ok,ok,19.0,42.0,27.0,47.0,19.0,47.0,19.0,42.0,2.1782327252193063,1.6067905662696482,2.3674235364172413,2.0078461505091005,0.4412353052334792,0.9024696234013276,end,end,0.0,0.4909535648940249,,,,,,False
4507,2,bmeleton_final_refit_vertex,4.111097481582397,-75.63783682471373,57.18730596196053,0,3,51,27,51,27,1.5772121803806387,False,29.38723108503588,0.12867680789763336,0.12867680789763336,0.18149530925148594,,,,,,,,bmeleton_final_refit,,,,,,,,,,,,,,,,,,,,,,,,,,1.0,5.0,2.0,0.18149530925148594,,False
4520,0,bmeleton_merged_intersection,0.8033763219668216,-64.21699225972954,114.52080310437452,0,1,90,23,90,23,0.10007509597343965,False,32.125920280789394,0.15311856695389559,0.15311856695389559,0.34148880149816074,,,,,,,,bmeleton_merged,0.1531185669538957,1.0,,,,,,,,,,,,,,,,,,,,,,,,,,,,,False
4520,1,bmeleton_merged_pivot_refit_both,1.4160824899072462,-64.27295003735013,115.52464100376187,0,1,90,23,90,23,0.3016252325287939,False,148.21785525134996,1.8500568684913135,0.14994313150868654,2.3604536885704763,,,,,,,,bmeleton_merged,,,1.1773829663091282,True,True,ok,ok,58.0,23.0,58.0,23.0,58.0,23.0,58.0,23.0,0.9253296535630694,0.4224238086930718,1.0269071914952619,0.5064949573301729,0.35646847714145213,0.031043345971935914,start,end,0.0,0.10007509597343965,,,,,,False
4520,2,bmeleton_final_refit_vertex,0.9768611248478674,-64.59772272952134,114.96933117614343,0,2,27,23,27,23,0.564098903895136,False,43.98093005922138,0.28042903410274334,0.28042903410274334,0.31398864579431846,,,,,,,,bmeleton_final_refit,,,,,,,,,,,,,,,,,,,,,,,,,,1.0,29.32649257663997,2.0,0.31398864579431846,,False
4528,0,bmeleton_merged_intersection,4.414487184217663,-70.01376011251584,124.69812117429785,2,1,13,30,13,30,2.1969161825547014,False,36.233599874754816,0.1933861745544193,0.1933861745544193,0.13266345082864828,,,,,,,,bmeleton_merged,0.1933861745544193,3.0,,,,,,,,,,,,,,,,,,,,,,,,,,,,,False
4528,1,bmeleton_merged_intersection,7.524419356129038,-68.82867968097551,118.65830449386495,0,2,77,13,77,13,1.5412198058283049,False,32.061647145719554,0.1525225589451572,0.1525225589451572,0.18443034870756134,,,,,,,,bmeleton_merged,0.1525225589451572,1.0,,,,,,,,,,,,,,,,,,,,,,,,,,,,,False
4528,2,bmeleton_merged_intersection,9.35143195374826,-66.67031055577434,170.90155023502533,0,1,77,30,77,30,0.6100746356423346,False,4.410672197021257,0.0029615551371576787,0.0029615551371576787,0.006343036085740526,,,,,,,,bmeleton_merged,0.0029615551371576787,2.0,,,,,,,,,,,,,,,,,,,,,,,,,,,,,False
4528,3,bmeleton_merged_pivot_refit_both,6.874721698173291,-68.58709975602932,117.53372078713306,0,2,77,13,77,13,0.4341542691403321,False,148.70032329213493,1.8544617615121322,0.14553823848786773,1.7295342652914854,,,,,,,,bmeleton_merged,,,1.321043686006263,True,True,ok,ok,61.0,13.0,61.0,13.0,61.0,13.0,61.0,13.0,0.9994749474466363,0.42488999396983046,1.5821647049293717,0.7525866894481629,0.2636475151921682,0.7099817297349017,start,end,1.0,1.5412198058283049,,,,,,False
4528,4,bmeleton_merged_pivot_refit_both,4.193659620751991,-70.11489191934132,125.16500181265411,2,1,13,30,13,30,2.2527760357991986,False,144.1500818407686,1.8105538749113164,0.18944612508868375,0.602287802295609,,,,,,,,bmeleton_merged,,,0.5262793798068837,True,True,ok,ok,12.0,17.0,12.0,17.0,12.0,17.0,12.0,17.0,0.07820256255647762,1.5367319275940068,0.0850976803687334,1.6928982865807192,0.7146991951379688,1.4582040032054713,end,start,0.0,2.1969161825547014,,,,,,False
4528,5,bmeleton_merged_pivot_refit_both,9.169618480776592,-66.84563850815873,168.46362508617045,0,1,77,30,77,30,0.49171813491357447,False,4.496745027374157,0.0030782106151920896,0.0030782106151920896,0.004104183683066545,,,,,,,,bmeleton_merged,,,2.4509743085679987,True,True,ok,ok,77.0,30.0,77.0,30.0,77.0,30.0,77.0,30.0,1.0461049139129022,1.472547637489003,1.6136676867128161,1.6078851596539026,0.06679827105854894,0.2115313000676956,start,start,2.0,0.6100746356423346,,,,,,False
4528,6,bmeleton_final_refit_vertex,6.0501641773039445,-70.26946493933352,122.12121495730547,3,2,13,8,13,8,0.29541152607284377,False,32.0152351376605,0.15209284111095467,0.15209284111095467,0.07322607137179997,,,,,,,,bmeleton_final_refit,,,,,,,,,,,,,,,,,,,,,,,,,,1.0,3.4126739614662878,2.0,0.07322607137179997,,False
4566,0,bmeleton_merged_intersection,-2.959922232463658,-70.70127304515435,76.791071638686,1,0,72,93,72,93,0.35399581167791566,False,33.14545030629968,0.16271474637589323,0.16271474637589323,0.4558690894592779,,,,,,,,bmeleton_merged,0.16271474637589334,1.0,,,,,,,,,,,,,,,,,,,,,,,,,,,,,False
4566,1,bmeleton_merged_pivot_refit_both,-3.697875728255735,-70.3955123169113,79.24857555904234,1,0,72,93,72,93,0.3839437341189971,False,147.28172095889911,1.8413383865508128,0.15866161344918717,3.022631884989926,,,,,,,,bmeleton_merged,,,2.5840647250899518,True,True,ok,ok,65.0,63.0,66.0,64.0,65.0,63.0,65.0,63.0,0.8738467997424407,1.7635294728375441,1.2807575768513586,2.0189849648890155,0.2631078116611971,0.6500158348085586,end,start,0.0,0.35399581167791566,,,,,,False
4566,2,bmeleton_final_refit_vertex,-3.5276876507251385,-70.28473385497287,79.46416461323412,2,0,68,28,68,28,0.0025145153951110517,False,44.99313852099699,0.2928085440285537,0.2928085440285537,0.6385117127962688,,,,,,,,bmeleton_final_refit,,,,,,,,,,,,,,,,,,,,,,,,,,1.0,5.0,2.0,0.6385117127962688,,False
4571,0,bmeleton_merged_intersection,-5.536844516046849,-69.5593492537528,99.72026884046227,0,1,69,12,69,12,0.4639482281820175,False,15.26578624867052,0.03528518368035749,0.03528518368035749,0.0464559113117115,,,,,,,,bmeleton_merged,0.03528518368035771,1.0,,,,,,,,,,,,,,,,,,,,,,,,,,,,,False
4571,1,bmeleton_final_refit_vertex,-4.609250392943615,-70.07812467236415,103.94883601767094,1,2,17,12,17,12,0.5223771848445732,False,39.43701110626164,0.22767660181149818,0.22767660181149818,0.14721342840840612,,,,,,,,bmeleton_final_refit,,,,,,,,,,,,,,,,,,,,,,,,,,1.0,0.8635748145744403,2.0,0.14721342840840612,,False
4580,0,bmeleton_merged_intersection,-7.049616689431188,-76.64870530104844,84.60656935065722,0,1,43,14,43,14,2.2573384765546893,False,25.569520108026005,0.09793774262612909,0.09793774262612909,0.08277724447244841,,,,,,,,bmeleton_merged,0.09793774262612909,1.0,,,,,,,,,,,,,,,,,,,,,,,,,,,,,False
4580,1,bmeleton_merged_pivot_refit_both,-5.550797598493082,-76.41501051823118,88.44435828410921,0,1,43,14,43,14,0.9846802716739546,False,155.46285121897282,1.9096922055766958,0.09030779442330428,0.9915203974261204,,,,,,,,bmeleton_merged,,,4.126705201077864,True,True,ok,ok,24.0,13.0,25.0,13.0,24.0,13.0,24.0,13.0,0.9424701008803313,0.5453601039048375,1.1509804920146982,0.711661926399283,1.3334626666960567,0.10058791347501901,start,end,0.0,2.2573384765546893,,,,,,False
4580,2,bmeleton_final_refit_vertex,-6.405771998979613,-75.8435002320521,86.50714945277124,0,2,18,14,18,14,1.3941351229278887,False,31.475505526863927,0.14713654062283243,0.14713654062283243,0.09132275619164083,,,,,,,,bmeleton_final_refit,,,,,,,,,,,,,,,,,,,,,,,,,,1.0,4.096503632855575,2.0,0.09132275619164083,,False
4592,0,bmeleton_merged_intersection,-3.3316497232558895,-74.37190760597571,73.06190943452236,1,2,58,51,58,51,0.5054403318147223,False,46.374372096936135,0.31005660949579894,0.31005660949579894,0.7657518012738592,,,,,,,,bmeleton_merged,0.31005660949579894,1.0,,,,,,,,,,,,,,,,,,,,,,,,,,,,,False
4592,1,bmeleton_merged_intersection,-4.075388798877976,-74.25264371675365,74.21118854776655,2,0,51,29,51,29,0.1276390485857364,False,34.21571697985049,0.17307364364540645,0.17307364364540645,0.3245170999853596,,,,,,,,bmeleton_merged,0.17307364364540645,3.0,,,,,,,,,,,,,,,,,,,,,,,,,,,,,False
4592,2,bmeleton_merged_intersection,-4.190798829903741,-74.5012197762276,69.41611334271887,1,0,58,29,58,29,0.24601900904838142,False,12.294624705702194,0.022934444081446625,0.022934444081446625,0.04482407767090935,,,,,,,,bmeleton_merged,0.022934444081446625,2.0,,,,,,,,,,,,,,,,,,,,,,,,,,,,,False
4592,3,bmeleton_merged_pivot_refit_both,-3.1755990115683677,-74.24580782320525,74.31056230654062,1,2,58,51,58,51,0.334266943574545,False,46.782076974091794,0.31522489465319437,0.31522489465319437,0.4162758205545634,,,,,,,,bmeleton_merged,,,1.2646687212991288,True,True,ok,ok,43.0,50.0,43.0,50.0,43.0,50.0,43.0,50.0,1.5007981841230467,1.0104044995006116,1.7033462083400737,1.697574112279911,0.13650949264451195,0.3008309286181301,end,end,0.0,0.5054403318147223,,,,,,False
4592,4,bmeleton_merged_pivot_refit_both,-4.483266059635131,-74.15132165942462,76.3054614702433,2,0,51,29,51,29,0.10142995247977332,False,145.88111513739437,1.8278755013343182,0.1721244986656819,2.3175984520351323,,,,,,,,bmeleton_merged,,,2.1360264729079192,True,True,ok,ok,50.0,28.0,50.0,28.0,50.0,28.0,50.0,28.0,1.0104044995006116,0.6757780541896927,1.697574112279911,0.8607314747510783,0.283691732372741,0.40930775059943336,end,start,1.0,0.1276390485857364,,,,,,False
4592,5,bmeleton_merged_pivot_refit_both,-4.6295283843692,-74.33187624329307,68.5107888026443,1,0,58,29,58,29,0.2136319433442744,False,167.09221350664086,1.974730845511205,0.025269154488795076,2.1884207852353414,,,,,,,,bmeleton_merged,,,1.0201830115079586,True,True,ok,ok,45.0,28.0,45.0,28.0,45.0,28.0,45.0,28.0,1.3635652451004439,0.6757780541896927,1.6710994528406626,0.8607314747510783,0.2088115038507354,0.48161637866284224,end,start,2.0,0.24601900904838142,,,,,,False
4592,6,bmeleton_final_refit_vertex,-3.498651583981119,-74.25385720225214,73.30825159225532,3,2,51,45,51,45,0.23888615078954129,False,46.61170302683548,0.3130609110182403,0.3130609110182403,0.7156838838971621,,,,,,,,bmeleton_final_refit,,,,,,,,,,,,,,,,,,,,,,,,,,1.0,4.662170773078355,2.0,0.7156838838971621,,False
4596,0,bmeleton_merged_intersection,5.072826804782739,-63.629601976351495,84.86838942855482,0,1,65,26,65,26,0.3278440441240984,False,5.454469618124722,0.004527951612061432,0.004527951612061432,0.008734411210111275,,,,,,,,bmeleton_merged,0.004527951612061432,1.0,,,,,,,,,,,,,,,,,,,,,,,,,,,,,False
4596,1,bmeleton_final_refit_vertex,5.372023108063463,-63.7933277483111,97.18644372590771,2,1,25,20,25,20,0.33294641742075004,False,38.21216317511704,0.21427440487465377,0.21427440487465377,0.2246094830302869,,,,,,,,bmeleton_final_refit,,,,,,,,,,,,,,,,,,,,,,,,,,1.0,5.0,2.0,0.2246094830302869,,False
4597,0,bmeleton_merged_intersection,0.7716749308345374,-72.52314520796367,56.95661493710241,1,0,61,48,61,48,0.06294281212679798,False,26.07847049451056,0.10180717576674003,0.10180717576674003,0.27202004794258705,,,,,,,,bmeleton_merged,0.10180717576674014,1.0,,,,,,,,,,,,,,,,,,,,,,,,,,,,,False
4597,1,bmeleton_merged_pivot_refit_both,1.4087942085700833,-72.46987929441038,55.981175303630884,1,0,61,48,61,48,0.13742355841622525,False,154.9262049574048,1.9057627173208664,0.09423728267913356,2.3080088557952263,,,,,,,,bmeleton_merged,,,1.1662935780308452,True,True,ok,ok,51.0,25.0,52.0,25.0,51.0,25.0,51.0,25.0,0.8714537891675047,0.7239776652209415,1.0647138075436802,0.9582140519782609,0.31501130182202897,0.7117738025003009,end,start,0.0,0.06294281212679798,,,,,,False
4597,2,bmeleton_final_refit_vertex,1.1314611209343313,-72.4352749144403,55.304110320026616,2,0,52,22,52,22,0.29517704651573423,False,35.872415491985755,0.1896761500496158,0.1896761500496158,0.30289022746637334,,,,,,,,bmeleton_final_refit,,,,,,,,,,,,,,,,,,,,,,,,,,1.0,5.0,2.0,0.30289022746637334,,False
4612,0,bmeleton_merged_intersection,-5.26327097200243,-80.76134733631261,59.857550212745124,0,1,66,20,66,20,2.124688463640932,False,11.832610129196382,0.021249159548667018,0.021249159548667018,0.02708961623800684,,,,,,,,bmeleton_merged,0.021249159548667018,1.0,,,,,,,,,,,,,,,,,,,,,,,,,,,,,False
4612,1,bmeleton_merged_pivot_refit_both,-5.048636960651336,-80.37265526021133,62.43584090007799,0,1,66,20,66,20,2.09871379517398,False,168.69417024572974,1.9805947162626683,0.019405283737331747,0.8267519289809715,,,,,,,,bmeleton_merged,,,2.61624390247545,True,True,ok,ok,27.0,12.0,27.0,20.0,27.0,12.0,27.0,12.0,1.0537200755451637,0.7781948964341967,1.1069047576572817,0.8042954516591123,1.3012982410584144,0.36280565368540296,start,end,0.0,2.124688463640932,,,,,,False
4612,2,bmeleton_final_refit_vertex,-4.568560327741187,-79.41282392985872,68.12171805555798,0,2,34,20,34,20,2.1618094226499385,False,18.675467677039826,0.05265253228101974,0.05265253228101974,0.04792818334440226,,,,,,,,bmeleton_final_refit,,,,,,,,,,,,,,,,,,,,,,,,,,1.0,5.431462590016842,2.0,0.04792818334440226,,False
4626,0,bmeleton_merged_intersection,-1.9273032108121888,-66.3245612372164,107.76962711250584,0,2,110,24,110,24,1.1904482201668247,False,14.997010800544343,0.03406067208067931,0.03406067208067931,0.07067618354946537,,,,,,,,bmeleton_merged,0.03406067208067942,2.0,,,,,,,,,,,,,,,,,,,,,,,,,,,,,False
4626,1,bmeleton_merged_intersection,-6.6343046853550565,-67.41557049236442,127.28516676287148,1,2,40,24,40,24,2.4667067161203216,False,10.462488380556861,0.016625993343240886,0.016625993343240886,0.01724781695081371,,,,,,,,bmeleton_merged,0.016625993343240997,3.0,,,,,,,,,,,,,,,,,,,,,,,,,,,,,False
4626,2,bmeleton_merged_intersection,-3.61155089590929,-68.53499875558896,60.577159749833996,0,1,110,40,110,40,0.1409766005273558,False,5.914671555604939,0.005323537265563116,0.005323537265563116,0.015532663380583272,,,,,,,,bmeleton_merged,0.005323537265563116,1.0,,,,,,,,,,,,,,,,,,,,,,,,,,,,,False
4626,3,bmeleton_merged_pivot_refit_both,-0.6985805474872862,-65.40010261896987,100.43539160669826,0,2,110,24,110,24,1.0377604233547189,False,13.943699756871323,0.029467023788424584,0.029467023788424584,0.011902699276220584,,,,,,,,bmeleton_merged,,,7.493690250795476,True,True,ok,ok,15.0,24.0,27.0,24.0,15.0,24.0,15.0,24.0,2.479513860394292,0.9533103859065126,2.4575842361336293,1.5786935536948845,1.0562822225370527,0.8107632471704678,end,end,0.0,1.1904482201668247,,,,,,False
4626,4,bmeleton_merged_pivot_refit_both,-6.576043348100111,-67.39977095225788,130.2228306255221,1,2,40,24,40,24,3.1172477825143288,False,168.0409934811033,1.9782961051951853,0.021703894804814716,0.8387870592640585,,,,,,,,bmeleton_merged,,,2.9382840194252315,True,True,ok,ok,38.0,15.0,38.0,15.0,38.0,15.0,38.0,15.0,0.8141303994682016,1.2511916575300739,1.3008350458949778,1.9003936930683032,0.650905653264984,5.0973273453059,start,end,1.0,2.4667067161203216,,,,,,False
4626,5,bmeleton_merged_pivot_refit_both,-3.721230405895576,-68.55354893078038,48.45302947556712,0,1,110,40,110,40,0.23830209064764157,False,5.170900900719876,0.004069699793788684,0.004069699793788684,0.0039002353382753758,,,,,,,,bmeleton_merged,,,12.124640555963094,True,True,ok,ok,47.0,18.0,66.0,19.0,54.0,18.0,47.0,18.0,1.1204770684685024,0.5538634152720696,1.841064292850026,1.0167183651329532,0.18295656096857488,0.6594008953976653,end,end,2.0,0.1409766005273558,,,,,,False
4626,6,bmeleton_final_refit_vertex,-3.420426242522122,-67.13548159395076,115.83095549611585,1,3,28,24,28,24,0.8376514388710606,False,37.82678020274676,0.21013154834385595,0.21013154834385595,0.2332801284269287,,,,,,,,bmeleton_final_refit,,,,,,,,,,,,,,,,,,,,,,,,,,1.0,7.051857675970931,2.0,0.2332801284269287,,False
4632,0,bmeleton_merged_intersection,-1.0199519925646825,-79.88601998679354,63.46907086814343,0,1,43,53,43,53,0.10907412754228425,False,28.418499927549433,0.12050504473928014,0.12050504473928014,0.281497923546198,,,,,,,,bmeleton_merged,0.12050504473928025,1.0,,,,,,,,,,,,,,,,,,,,,,,,,,,,,False
4632,1,bmeleton_merged_pivot_refit_both,-1.1904016453039887,-79.87199233461479,61.35805086667419,0,1,43,53,43,53,0.07043959539429188,False,151.71317247194096,1.8805863245435812,0.11941367545641879,2.4044850307729813,,,,,,,,bmeleton_merged,,,2.117936567923553,True,True,ok,ok,24.0,50.0,24.0,50.0,24.0,50.0,24.0,50.0,0.5907244827231883,0.6946824757335879,0.8190524381123615,0.907557875899209,0.15490726812335495,0.2838466596294838,start,end,0.0,0.10907412754228425,,,,,,False
4632,2,bmeleton_final_refit_vertex,-6.152484450029265,-79.56147743680859,51.49595643122283,2,1,50,16,50,16,1.4014822903836555,False,33.390681992617885,0.1650626231448048,0.1650626231448048,0.18232792789486252,,,,,,,,bmeleton_final_refit,,,,,,,,,,,,,,,,,,,,,,,,,,1.0,5.0,2.0,0.18232792789486252,,False
4642,0,bmeleton_merged_intersection,-4.571327937932644,-81.44288480251056,93.09598251738238,1,0,18,126,18,126,2.644329355323844,False,10.978975895542426,0.01830286721622787,0.01830286721622787,0.028506327641329154,,,,,,,,bmeleton_merged,0.01830286721622787,1.0,,,,,,,,,,,,,,,,,,,,,,,,,,,,,False
4642,1,bmeleton_final_refit_vertex,-5.317676555066398,-82.70447616082329,98.42870580100683,0,2,24,18,24,18,2.544134259162293,False,30.44382049581285,0.13787360367389312,0.13787360367389312,0.0949628194762463,,,,,,,,bmeleton_final_refit,,,,,,,,,,,,,,,,,,,,,,,,,,1.0,14.501878654910803,2.0,0.0949628194762463,,False
4648,0,bmeleton_merged_intersection,6.534437563848851,-71.80940307934995,113.98234515299501,0,1,148,9,148,9,1.5838521259706952,False,12.297855651511284,0.022946453386251342,0.022946453386251342,0.03180003686076385,,,,,,,,bmeleton_merged,0.022946453386251564,1.0,,,,,,,,,,,,,,,,,,,,,,,,,,,,,False
4648,1,bmeleton_merged_pivot_refit_both,7.261157550187709,-72.44117533165485,114.0103757444846,0,1,148,9,148,9,0.739909521596446,False,167.98237133322752,1.9780835845252032,0.021916415474796835,1.7153684709659003,,,,,,,,bmeleton_merged,,,0.963350316025282,True,True,ok,ok,115.0,9.0,116.0,9.0,115.0,9.0,115.0,9.0,1.5463099049760327,0.7555123698499623,1.9492447026266921,0.798398670253278,0.3309692645072403,0.693803498885033,start,end,0.0,1.5838521259706952,,,,,,False
4648,2,bmeleton_final_refit_vertex,6.38687777581884,-71.55111782988844,113.5384304656385,0,2,23,9,23,9,1.002966837182807,False,17.477344664739697,0.046164221672972516,0.046164221672972516,0.02766080117798122,,,,,,,,bmeleton_final_refit,,,,,,,,,,,,,,,,,,,,,,,,,,1.0,11.018548339402471,2.0,0.02766080117798122,,False
4650,0,bmeleton_merged_intersection,-7.348746511777813,-75.71887582905212,100.8756669852511,0,1,63,54,63,54,0.7231033256211824,False,33.49993891532713,0.1661135894974649,0.1661135894974649,0.4232341855841783,,,,,,,,bmeleton_merged,0.1661135894974649,1.0,,,,,,,,,,,,,,,,,,,,,,,,,,,,,False
4650,1,bmeleton_merged_pivot_refit_both,-6.264200596756682,-75.53484758366432,103.38107229503856,0,1,63,54,63,54,0.5796670258256129,False,147.04226965431425,1.839072144208178,0.160927855791822,2.8036065968817994,,,,,,,,bmeleton_merged,,,2.736267896826031,True,True,ok,ok,50.0,49.0,50.0,49.0,50.0,49.0,50.0,49.0,0.7576329840787359,0.920404701698365,1.0734052374192584,1.2179045011909606,0.6982161632255163,0.29558340452567083,start,end,0.0,0.7231033256211824,,,,,,False
4650,2,bmeleton_final_refit_vertex,-9.380158008166656,-75.48824441988518,98.94691519330595,2,0,50,12,50,12,1.2501238463171318,False,29.251786510839352,0.12751922880412847,0.12751922880412847,0.12494034144114975,,,,,,,,bmeleton_final_refit,,,,,,,,,,,,,,,,,,,,,,,,,,1.0,5.0,2.0,0.12494034144114975,,False
4654,0,bmeleton_merged_intersection,-0.9969105830213438,-82.61721517867163,50.61198675231363,0,1,68,21,68,21,0.05474851636594042,False,36.27546620832585,0.1938182942980563,0.1938182942980563,0.36224243637176096,,,,,,,,bmeleton_merged,0.19381829429805641,1.0,,,,,,,,,,,,,,,,,,,,,,,,,,,,,False
4654,1,bmeleton_merged_pivot_refit_both,-0.20201937425906857,-82.1852731299935,52.29452827994784,0,1,68,21,68,21,0.21062119475959223,False,37.52417909616939,0.20690363061294614,0.20690363061294614,0.16149055511782925,,,,,,,,bmeleton_merged,,,1.9103329446453718,True,True,ok,ok,41.0,19.0,41.0,19.0,41.0,19.0,41.0,19.0,1.4788893721490433,1.1736906716754238,1.6959125394885068,1.3620976205576434,1.2383025199273634,0.025580522836902146,end,end,0.0,0.05474851636594042,,,,,,False
4654,2,bmeleton_final_refit_vertex,-0.13726105258146548,-81.66215061037724,52.926108087474034,1,2,43,21,43,21,0.862863554839019,False,39.27722799819798,0.22590811644625686,0.22590811644625686,0.28947157982315036,,,,,,,,bmeleton_final_refit,,,,,,,,,,,,,,,,,,,,,,,,,,1.0,3.099330635869179,2.0,0.28947157982315036,,False
4659,0,bmeleton_merged_intersection,1.559919996747549,-71.77508038717806,94.71044024315674,0,1,84,17,84,17,0.039412159471341655,False,40.02267761790324,0.23421003163417398,0.23421003163417398,0.43906591678898327,,,,,,,,bmeleton_merged,0.2342100316341741,1.0,,,,,,,,,,,,,,,,,,,,,,,,,,,,,False
4659,1,bmeleton_merged_pivot_refit_both,-0.2933878280888629,-70.98690414441788,98.63608938286374,0,1,84,17,84,17,0.3351970069452592,False,141.17967908589773,1.7791156803151758,0.22088431968482414,1.541441468388925,,,,,,,,bmeleton_merged,,,4.412107529439167,True,True,ok,ok,46.0,16.0,47.0,16.0,46.0,16.0,46.0,16.0,1.0972139569195793,0.5285352602142699,1.5829569243347315,1.287187403111831,1.476284616114239,0.2534111372634241,start,end,0.0,0.039412159471341655,,,,,,False
4659,2,bmeleton_final_refit_vertex,-2.109348419846678,-70.57847179897848,100.04202285465564,0,2,35,17,35,17,0.31059019560853074,False,50.59016544709322,0.3651368600404278,0.3651368600404278,0.41928698209760673,,,,,,,,bmeleton_final_refit,,,,,,,,,,,,,,,,,,,,,,,,,,1.0,1.4644599294857652,2.0,0.41928698209760673,,False
4661,0,bmeleton_merged_intersection,3.7227168539966726,-65.76700612235523,129.0638668119588,1,2,114,66,114,66,0.3496948054454062,False,22.64507480344022,0.07709239510814503,0.07709239510814503,0.21615923312954236,,,,,,,,bmeleton_merged,0.07709239510814503,3.0,,,,,,,,,,,,,,,,,,,,,,,,,,,,,False
4661,1,bmeleton_merged_intersection,11.495149033358643,-65.30518033890581,150.44741549231424,0,2,46,66,46,66,0.27516777986844393,False,16.866270913191762,0.04301545012414987,0.04301545012414987,0.1123256878901667,,,,,,,,bmeleton_merged,0.04301545012414987,2.0,,,,,,,,,,,,,,,,,,,,,,,,,,,,,False
4661,2,bmeleton_merged_intersection,6.7998990799453995,-67.40440784263541,63.53589807122364,0,1,46,114,46,114,0.08251967100199495,False,5.793443215697692,0.005107733058260178,0.005107733058260178,0.015074412069869703,,,,,,,,bmeleton_merged,0.005107733058260178,1.0,,,,,,,,,,,,,,,,,,,,,,,,,,,,,False
4661,3,bmeleton_merged_pivot_refit_both,4.188584327284987,-65.79308453264271,131.24840497562974,1,2,114,66,114,66,0.07497174727633486,False,157.41603023133916,1.9233176992455931,0.07668230075440685,3.562390000091522,,,,,,,,bmeleton_merged,,,2.2338127886387316,True,True,ok,ok,90.0,62.0,90.0,62.0,90.0,62.0,90.0,62.0,1.2151352756100344,1.094112036694361,1.5301664331628908,1.6631334202658055,0.2658896320726491,0.2019133217692301,start,end,0.0,0.3496948054454062,,,,,,False
4661,4,bmeleton_merged_pivot_refit_both,10.74135753083641,-65.23122666320194,148.8704505283165,0,2,46,66,46,66,0.5667007880445535,False,162.72594587255765,1.9548953651108762,0.04510463488912375,2.716823998375035,,,,,,,,bmeleton_merged,,,1.7494254122714776,True,True,ok,ok,46.0,51.0,46.0,51.0,46.0,51.0,46.0,51.0,0.9219509992308501,1.2434632070617937,1.4355497051254886,1.734052589840171,0.2777007920280831,0.34098521448425895,start,end,1.0,0.27516777986844393,,,,,,False
4661,5,bmeleton_merged_pivot_refit_both,7.4139374180258795,-67.84383872230691,52.33760354642826,0,1,46,114,46,114,0.3796232955242595,False,4.9895256096058915,0.0037893853870845096,0.0037893853870845096,0.003976419801044792,,,,,,,,bmeleton_merged,,,11.223722325623692,True,True,ok,ok,28.0,56.0,28.0,63.0,28.0,63.0,28.0,56.0,1.2926617589180296,1.5464130668764713,1.4625539803805885,1.709134118011321,0.8609832103322425,0.16512752186531066,end,end,2.0,0.08251967100199495,,,,,,False
4661,6,bmeleton_final_refit_vertex,5.974068786371131,-66.04280416538562,135.3729996443974,3,1,66,21,66,21,0.6620218483997675,False,27.906046217190983,0.11628375377941835,0.11628375377941835,0.1911477216139468,,,,,,,,bmeleton_final_refit,,,,,,,,,,,,,,,,,,,,,,,,,,1.0,0.7649528363934703,2.0,0.1911477216139468,,False
4667,0,bmeleton_merged_intersection,0.22923070803999535,-69.4944977950465,114.94263355349537,0,1,113,17,113,17,0.1939314118278884,False,20.111195009429153,0.06097291342101274,0.06097291342101274,0.12863063923727594,,,,,,,,bmeleton_merged,0.060972913421012964,1.0,,,,,,,,,,,,,,,,,,,,,,,,,,,,,False
4667,1,bmeleton_merged_pivot_refit_both,0.39321481693174754,-69.4927518679007,114.43360596997665,0,1,113,17,113,17,0.18111527480484424,False,159.8070578952248,1.9385355506831452,0.06146444931685491,2.374920803351868,,,,,,,,bmeleton_merged,,,0.5347924055308971,True,True,ok,ok,80.0,16.0,80.0,16.0,80.0,16.0,80.0,16.0,1.1619117507714751,0.451737280791911,1.657557127695434,0.7104019801473348,0.09773243045832967,0.0648012231239566,start,end,0.0,0.1939314118278884,,,,,,False
4667,2,bmeleton_final_refit_vertex,-0.5404002164453159,-69.95144116381564,117.54163650258695,0,2,22,16,22,16,0.2945182784074404,False,31.689570694203727,0.14909325531342377,0.14909325531342377,0.13208177168023852,,,,,,,,bmeleton_final_refit,,,,,,,,,,,,,,,,,,,,,,,,,,1.0,5.0,2.0,0.13208177168023852,,False
4680,0,bmeleton_merged_intersection,5.226888060335977,-76.26517770581292,67.53089934046301,0,1,62,52,62,52,1.6619712372348736,False,34.87739779271582,0.17962248616318832,0.17962248616318832,0.3827326171204735,,,,,,,,bmeleton_merged,0.17962248616318843,1.0,,,,,,,,,,,,,,,,,,,,,,,,,,,,,False
4680,1,bmeleton_merged_pivot_refit_both,4.254790526606849,-76.27793155266212,68.6016811403315,0,1,62,52,62,52,0.9412451155801939,False,146.27222557162855,1.8316850606574309,0.16831493934256903,2.0576145208935452,,,,,,,,bmeleton_merged,,,1.446274503205148,True,True,ok,ok,31.0,50.0,31.0,50.0,31.0,50.0,31.0,50.0,0.8805566285557016,0.8269253020558277,1.553855928402601,1.0675976818755708,1.191967110760019,0.1499500180394363,start,end,0.0,1.6619712372348736,,,,,,False
4680,2,bmeleton_final_refit_vertex,4.936858131292352,-76.0650282934254,68.03657325112118,2,1,52,27,52,27,1.3524920797354902,False,36.111249811236654,0.19212581816908225,0.19212581816908225,0.28331212416636314,,,,,,,,bmeleton_final_refit,,,,,,,,,,,,,,,,,,,,,,,,,,1.0,4.067001453674304,2.0,0.28331212416636314,,False
4686,0,bmeleton_merged_intersection,-2.281317545822478,-73.26872917380484,101.05807150058604,0,1,135,19,135,19,2.8359389026621975,False,8.962826810775303,0.012210373460319612,0.012210373460319612,0.01972975078578008,,,,,,,,bmeleton_merged,0.012210373460319612,1.0,,,,,,,,,,,,,,,,,,,,,,,,,,,,,False
4686,1,bmeleton_merged_pivot_refit_both,-2.1487363175030607,-72.51209727901565,107.71782932288957,0,1,135,19,135,19,2.1986293471595775,False,10.282973813581158,0.016061872103836916,0.016061872103836916,0.004434625023662205,,,,,,,,bmeleton_merged,,,6.703912578341701,True,True,ok,ok,10.0,18.0,29.0,18.0,12.0,18.0,10.0,18.0,1.34783853746034,1.0474707135528998,1.3818493110633563,1.4347916868506136,0.7176252516553148,1.5029495274411602,end,end,0.0,2.8359389026621975,,,,,,False
4686,2,bmeleton_final_refit_vertex,-1.1000018830027587,-72.45348698893415,106.01382964870824,1,2,33,19,33,19,1.6413738600425976,False,30.152450816242375,0.1353080445850663,0.1353080445850663,0.1275379607015848,,,,,,,,bmeleton_final_refit,,,,,,,,,,,,,,,,,,,,,,,,,,1.0,4.021036117586457,2.0,0.1275379607015848,,False
4690,0,bmeleton_merged_intersection,4.15266025498425,-71.8230281262527,110.94320857409235,0,1,85,16,85,16,0.3834992611342382,False,25.71305727412877,0.09902182969611018,0.09902182969611018,0.16958043771207432,,,,,,,,bmeleton_merged,0.09902182969611018,1.0,,,,,,,,,,,,,,,,,,,,,,,,,,,,,False
4690,1,bmeleton_merged_pivot_refit_both,2.8650539308830183,-72.25779850966526,115.80650111372475,0,1,85,16,85,16,0.6863936939635097,False,154.79464111306834,1.9047872252770859,0.09521277472291412,1.635921896529763,,,,,,,,bmeleton_merged,,,5.049610842253324,True,True,ok,ok,55.0,14.0,56.0,14.0,55.0,14.0,55.0,14.0,1.0921184800777364,0.4181313381989529,1.3797317026017952,0.7523160137166214,0.8527372119543613,0.39318751327611,start,end,0.0,0.3834992611342382,,,,,,False
4690,2,bmeleton_final_refit_vertex,3.0585631668833795,-72.38304679988292,113.81039531551988,1,2,26,16,26,16,0.10932642336201576,False,36.24290593474323,0.19348218903061076,0.19348218903061076,0.193091882501129,,,,,,,,bmeleton_final_refit,,,,,,,,,,,,,,,,,,,,,,,,,,1.0,1.5512958347337624,2.0,0.193091882501129,,False
4709,0,bmeleton_merged_intersection,0.4263778037902767,-79.22742281185029,36.99244969640969,1,0,47,36,47,36,1.803659754722378,False,27.928711494349905,0.11646896522377415,0.11646896522377415,0.17603856439604498,,,,,,,,bmeleton_merged,0.11646896522377426,1.0,,,,,,,,,,,,,,,,,,,,,,,,,,,,,False
4709,1,bmeleton_merged_pivot_refit_both,1.4403754921561958,-78.85479346530678,30.775679752777837,1,0,47,36,47,36,1.4887433239119305,False,154.6310620362359,1.9035677007669813,0.09643229923301866,1.239984820266411,,,,,,,,bmeleton_merged,,,6.309934427073018,True,True,ok,ok,44.0,14.0,44.0,14.0,44.0,14.0,44.0,14.0,0.7118353951835708,0.7433281249039181,1.0882107574591415,1.08439164192442,1.143674548531233,1.9123509595794064,end,start,0.0,1.803659754722378,,,,,,False
4709,2,bmeleton_final_refit_vertex,2.7202091654473124,-78.53358757326046,30.551129685411553,3,0,44,16,44,16,1.4071341521330651,False,33.011391762298814,0.1614377358111897,0.1614377358111897,0.16713506662318986,,,,,,,,bmeleton_final_refit,,,,,,,,,,,,,,,,,,,,,,,,,,1.0,5.0,2.0,0.16713506662318986,,False
4721,0,bmeleton_merged_intersection,-4.660058267201199,-76.23489917929147,85.85813129245903,1,0,86,66,86,66,0.3274524062597047,False,37.966957383577345,0.21163432397229465,0.21163432397229465,0.595878595903437,,,,,,,,bmeleton_merged,0.21163432397229476,1.0,,,,,,,,,,,,,,,,,,,,,,,,,,,,,False
4721,1,bmeleton_merged_pivot_refit_both,-2.9318040233479774,-76.2712973414827,87.75399580675332,1,0,86,66,86,66,0.310982448147265,False,143.5155298417327,1.8040180559418866,0.19598194405811342,3.1199484927472847,,,,,,,,bmeleton_merged,,,2.5656363370844057,True,True,ok,ok,81.0,42.0,81.0,42.0,81.0,42.0,81.0,42.0,0.950451952351353,1.1698839830242729,1.4737059838327968,1.4393632648807368,0.16010148746037847,1.3420369709068087,end,start,0.0,0.3274524062597047,,,,,,False
4721,2,bmeleton_final_refit_vertex,-4.731305924408547,-76.1776052933943,85.73931212148233,2,0,86,22,86,22,0.22412832010379913,False,41.74414977320966,0.2538746385008628,0.2538746385008628,0.5284526216254694,,,,,,,,bmeleton_final_refit,,,,,,,,,,,,,,,,,,,,,,,,,,1.0,0.8584967544069789,2.0,0.5284526216254694,,False
4735,0,bmeleton_merged_intersection,-6.592667845505083,-75.25222455113311,103.11064096402822,1,0,20,87,20,87,2.428311116538695,False,25.357860344576864,0.09634948010169031,0.09634948010169031,0.13526141412918374,,,,,,,,bmeleton_merged,0.09634948010169042,1.0,,,,,,,,,,,,,,,,,,,,,,,,,,,,,False
4735,1,bmeleton_merged_pivot_refit_both,-6.830948678719763,-75.50156337076493,100.92816370367834,1,0,20,87,20,87,1.0754815549135293,False,154.62058192327873,1.9034893176535006,0.0965106823464994,1.610120793363193,,,,,,,,bmeleton_merged,,,2.209559819148874,True,True,ok,ok,19.0,55.0,19.0,57.0,19.0,55.0,19.0,55.0,0.4797276303670559,1.688174585869202,0.7395810511954851,1.9428023479143146,0.294544759934274,0.49904604484938603,end,start,0.0,2.428311116538695,,,,,,False
4735,2,bmeleton_final_refit_vertex,-5.561846357653166,-74.55585575607762,105.6872095280923,0,2,23,20,23,20,1.6410365623137708,False,31.88370262293051,0.15087803619033657,0.15087803619033657,0.12181732988364634,,,,,,,,bmeleton_final_refit,,,,,,,,,,,,,,,,,,,,,,,,,,1.0,3.722923117194881,2.0,0.12181732988364634,,False
4740,0,bmeleton_merged_intersection,-2.268052784563269,-73.04136695873504,66.10813001938337,2,1,16,34,16,34,1.614738602386254,False,30.243386370144073,0.13610635011363392,0.13610635011363392,0.11997897842996719,,,,,,,,bmeleton_merged,0.13610635011363403,3.0,,,,,,,,,,,,,,,,,,,,,,,,,,,,,False
4740,1,bmeleton_merged_intersection,-1.5143499477079971,-72.66303177651439,64.55748917869451,0,2,14,16,14,16,0.35886606029622725,False,18.99601898038064,0.05445880558912464,0.05445880558912464,0.03802412486423861,,,,,,,,bmeleton_merged,0.05445880558912475,1.0,,,,,,,,,,,,,,,,,,,,,,,,,,,,,False
4740,2,bmeleton_merged_intersection,-1.889843836578855,-73.31871670677128,68.1775399057965,0,1,14,34,14,34,1.3423677196059294,False,11.35270507704417,0.019566002689417217,0.019566002689417217,0.016826514955388165,,,,,,,,bmeleton_merged,0.019566002689417217,2.0,,,,,,,,,,,,,,,,,,,,,,,,,,,,,False
4740,3,bmeleton_merged_pivot_refit_both,-2.465552463549353,-73.10448419388888,66.59483171409201,2,1,16,34,16,34,1.8331579135790408,False,30.54317348855967,0.13875352420134968,0.13875352420134968,0.08319405898771057,,,,,,,,bmeleton_merged,,,0.529025942847169,True,True,ok,ok,16.0,30.0,16.0,30.0,16.0,30.0,16.0,30.0,0.3682361520924791,0.776258426744092,0.4536377472326721,1.2449413482616294,0.27432858970715784,1.3041072704089631,end,end,0.0,1.614738602386254,,,,,,False
4740,4,bmeleton_merged_pivot_refit_both,-1.532470321095624,-72.66242040830528,64.61198041695953,0,2,14,16,14,16,0.32567677563559594,False,161.02619827364745,1.9456673415322552,0.05433265846774482,1.0866036712422886,,,,,,,,bmeleton_merged,,,0.05742836189940296,True,True,ok,ok,14.0,16.0,14.0,16.0,14.0,16.0,14.0,16.0,0.6349775805328369,0.3682361520924791,0.7852139766832168,0.4536377472326721,0.17652778977857778,0.054169590699018506,start,end,1.0,0.35886606029622725,,,,,,False
4740,5,bmeleton_merged_pivot_refit_both,-1.9566870061671875,-73.41460371005223,69.4036286958708,0,1,14,34,14,34,1.6544656035380818,False,168.34355964963405,1.9793766985430308,0.020623301456969334,1.0489017297620993,,,,,,,,bmeleton_merged,,,1.2316476963258107,True,True,ok,ok,14.0,29.0,14.0,29.0,14.0,29.0,14.0,29.0,0.6349775805328369,0.815322684587909,0.7852139766832168,1.263204334177592,0.6625017608536424,1.273116135034607,start,end,2.0,1.3423677196059294,,,,,,False
4740,6,bmeleton_final_refit_vertex,-2.2728035939055737,-73.10187812191091,66.08736452089221,1,2,33,16,33,16,1.7312314569763416,False,29.97966527723215,0.13379719682899993,0.13379719682899993,0.1141851062510672,,,,,,,,bmeleton_final_refit,,,,,,,,,,,,,,,,,,,,,,,,,,1.0,45.17737698035118,2.0,0.1141851062510672,,False
4743,0,bmeleton_merged_intersection,-1.667037045107183,-76.65332690469734,46.97205393285658,0,1,90,14,90,14,2.886398052266418,False,25.34334012225178,0.09624097434062417,0.09624097434062417,0.10829454945634183,,,,,,,,bmeleton_merged,0.09624097434062417,1.0,,,,,,,,,,,,,,,,,,,,,,,,,,,,,False
4743,1,bmeleton_final_refit_vertex,-4.440068831451363,-78.58566913128473,71.10821989078514,0,2,20,14,20,14,2.027536643654744,False,33.97740841653054,0.17074200352400437,0.17074200352400437,0.10163803936039138,,,,,,,,bmeleton_final_refit,,,,,,,,,,,,,,,,,,,,,,,,,,1.0,50.86926186219522,2.0,0.10163803936039138,,False
4749,0,bmeleton_merged_intersection,-4.897193250774611,-69.83362974587925,95.87685419143406,1,0,11,63,11,63,2.212038972031112,False,18.660395873977354,0.05256833367495983,0.05256833367495983,0.04797033727471744,,,,,,,,bmeleton_merged,0.05256833367495983,1.0,,,,,,,,,,,,,,,,,,,,,,,,,,,,,False
4749,1,bmeleton_merged_pivot_refit_both,-5.234638887319505,-70.08849507866198,97.01535215468675,1,0,11,63,11,63,2.2495326654467744,False,161.6596384966473,1.9492040528912558,0.050795947108744355,1.179564788938972,,,,,,,,bmeleton_merged,,,1.2144972242900192,True,True,ok,ok,11.0,47.0,11.0,47.0,11.0,47.0,11.0,47.0,0.2584609518788915,0.7581397658943166,0.31081444813207687,0.8773899863437318,0.5390930621223742,0.7867023716211003,end,start,0.0,2.212038972031112,,,,,,False
4749,2,bmeleton_final_refit_vertex,-4.6854600810568225,-69.72863069086458,95.36299538120917,1,2,12,11,12,11,2.1273496276937687,False,30.166303445316682,0.1354295135398187,0.1354295135398187,0.05457732294321266,,,,,,,,bmeleton_final_refit,,,,,,,,,,,,,,,,,,,,,,,,,,1.0,57.42214050018017,2.0,0.05457732294321266,,False
4758,0,bmeleton_merged_intersection,-3.7526650496361276,-73.39932243438517,94.19062140770902,0,1,70,19,70,19,3.2800717447932453,False,10.70997921598795,0.017419555947157717,0.017419555947157717,0.01918089240793228,,,,,,,,bmeleton_merged,0.017419555947157717,1.0,,,,,,,,,,,,,,,,,,,,,,,,,,,,,False
4758,1,bmeleton_final_refit_vertex,-2.743394520773017,-74.58866022595174,98.37784865391616,1,2,21,19,21,19,2.096530846945312,False,37.2349295992287,0.20383881566691253,0.20383881566691253,0.14343900004782864,,,,,,,,bmeleton_final_refit,,,,,,,,,,,,,,,,,,,,,,,,,,1.0,9.164303167822245,2.0,0.14343900004782864,,False
4771,0,bmeleton_merged_intersection,2.1601382715295627,-71.513742026806,122.35135046674765,1,0,17,100,17,100,1.8656873540980565,False,9.994167386996626,0.015174575001110191,0.015174575001110191,0.022782269395099,,,,,,,,bmeleton_merged,0.015174575001110191,1.0,,,,,,,,,,,,,,,,,,,,,,,,,,,,,False
4771,1,bmeleton_merged_pivot_refit_both,1.90624807124549,-71.55183637253597,121.03316545570858,1,0,17,100,17,100,2.1381459823203244,False,169.89555866193902,1.984489583294353,0.015510416705647012,1.5895412125059698,,,,,,,,bmeleton_merged,,,1.3429531400257178,True,True,ok,ok,17.0,63.0,17.0,63.0,17.0,63.0,17.0,63.0,0.8603489268879629,0.5974060591358983,1.1476727936173337,0.8127910115190874,1.3303651364617384,0.6196669488733316,end,start,0.0,1.8656873540980565,,,,,,False
4771,2,bmeleton_final_refit_vertex,3.4311134464833506,-70.9727500663457,129.0592714612397,0,2,34,17,34,17,0.9809520926344273,False,26.6970213618948,0.10660525411368438,0.10660525411368438,0.10713027355414481,,,,,,,,bmeleton_final_refit,,,,,,,,,,,,,,,,,,,,,,,,,,1.0,12.713410886334495,2.0,0.10713027355414481,,False
4786,0,bmeleton_merged_intersection,-4.019507206905178,-63.480401460605535,72.37994658698577,1,0,31,73,31,73,0.540642718694685,False,27.170729254902366,0.11035022476419865,0.11035022476419865,0.23686198340274223,,,,,,,,bmeleton_merged,0.11035022476419876,1.0,,,,,,,,,,,,,,,,,,,,,,,,,,,,,False
4786,1,bmeleton_merged_pivot_refit_both,-3.921115706406863,-63.40550490851167,73.12067762619503,1,0,31,73,31,73,0.4352544881265021,False,152.88462407465718,1.8900905222877498,0.10990947771225024,1.9324429947560913,,,,,,,,bmeleton_merged,,,0.7509812603080697,True,True,ok,ok,31.0,34.0,31.0,34.0,31.0,34.0,31.0,34.0,0.7343748118424488,1.0600359706288205,1.105165809565876,1.8238549832657618,0.11603494682191286,0.2138558427366491,end,start,0.0,0.540642718694685,,,,,,False
4786,2,bmeleton_final_refit_vertex,-3.289640276276298,-63.34182958439936,74.15240450335745,0,2,32,31,32,31,0.5325336975466377,False,31.491127132002344,0.14727893134500514,0.14727893134500514,0.2096101946203898,,,,,,,,bmeleton_final_refit,,,,,,,,,,,,,,,,,,,,,,,,,,1.0,54.35153726020947,2.0,0.2096101946203898,,False
4796,0,bmeleton_merged_intersection,-1.4571243123611515,-73.31097434898963,101.74565498163079,1,0,22,78,22,78,0.6007706840844396,False,8.739573048246415,0.011610821779346026,0.011610821779346026,0.021469098962004562,,,,,,,,bmeleton_merged,0.011610821779346026,1.0,,,,,,,,,,,,,,,,,,,,,,,,,,,,,False
4796,1,bmeleton_merged_pivot_refit_both,-0.6454672544212374,-73.62602072941846,100.28610336124649,1,0,22,78,22,78,1.627173355224861,False,7.89709161584199,0.009483561231765414,0.009483561231765414,0.0033595223610952797,,,,,,,,bmeleton_merged,,,1.6995094392475218,True,True,ok,ok,22.0,10.0,22.0,21.0,22.0,10.0,22.0,10.0,1.0372544680287576,0.9377038698153491,1.8179251416253883,1.0610651363230317,1.8012461207421866,0.4950205676486077,end,end,0.0,0.6007706840844396,,,,,,False
4796,2,bmeleton_final_refit_vertex,-0.30848344714638376,-73.96134752003557,110.17302653682948,0,2,24,22,24,22,0.3834039228469725,False,41.84681141349896,0.25506881495160727,0.25506881495160727,0.27218072573919605,,,,,,,,bmeleton_final_refit,,,,,,,,,,,,,,,,,,,,,,,,,,1.0,16.890006089690957,2.0,0.27218072573919605,,False
4799,0,bmeleton_merged_intersection,-6.332110187823618,-71.65610961795394,107.98296360047536,1,0,40,88,40,88,1.1441530841452086,False,34.945326889861164,0.18030100730740406,0.18030100730740406,0.4352587050818971,,,,,,,,bmeleton_merged,0.18030100730740406,1.0,,,,,,,,,,,,,,,,,,,,,,,,,,,,,False
4799,1,bmeleton_merged_pivot_refit_both,-7.4387314506505025,-71.3032375016706,110.30723991586359,1,0,40,88,40,88,0.8573839729729225,False,145.63502689038594,1.82545872792867,0.17454127207133008,2.4842527507249157,,,,,,,,bmeleton_merged,,,2.5983436531886146,True,True,ok,ok,40.0,53.0,40.0,55.0,40.0,53.0,40.0,53.0,0.6805185838402401,0.9541207185204494,0.9294826099668965,1.3050552373730449,0.2797100813151956,0.7250566890354936,end,start,0.0,1.1441530841452086,,,,,,False
4799,2,bmeleton_final_refit_vertex,-9.176289569325654,-71.41410895562836,112.50016207743937,2,1,40,25,40,25,1.644975622490463,False,47.85173484690349,0.3289485890484001,0.3289485890484001,0.39135838624107655,,,,,,,,bmeleton_final_refit,,,,,,,,,,,,,,,,,,,,,,,,,,1.0,24.731758814306737,2.0,0.39135838624107655,,False
4801,0,bmeleton_merged_intersection,-6.888424601249733,-75.43588226365347,72.61902228738018,0,1,55,42,55,42,0.006511150497647188,False,29.37725430027209,0.12859137495541706,0.12859137495541706,0.3086189937171071,,,,,,,,bmeleton_merged,0.12859137495541728,1.0,,,,,,,,,,,,,,,,,,,,,,,,,,,,,False
4801,1,bmeleton_merged_pivot_refit_both,-5.781252258103041,-75.5927951392406,75.02973969675932,0,1,55,42,55,42,0.06077397934125236,False,151.66372600649555,1.880177031535494,0.11982296846450591,2.3936339637558324,,,,,,,,bmeleton_merged,,,2.6574443880987717,True,True,ok,ok,33.0,41.0,34.0,41.0,33.0,41.0,33.0,41.0,0.8354312194103608,0.7199106576447446,1.2450433794089786,1.0483836539893105,1.0807649772647252,0.02683879640261296,start,end,0.0,0.006511150497647188,,,,,,False
4801,2,bmeleton_final_refit_vertex,-7.238211510195116,-75.53117261728167,71.98942065056414,2,0,42,16,42,16,0.3175495455020636,False,32.47267846667388,0.15635243838331947,0.15635243838331947,0.19055386358989077,,,,,,,,bmeleton_final_refit,,,,,,,,,,,,,,,,,,,,,,,,,,1.0,4.717554945557175,2.0,0.19055386358989077,,False
4805,0,bmeleton_merged_intersection,2.3488991536290587,-64.55742557713229,63.11659584964694,1,0,34,95,34,95,1.0287442100185564,False,37.36976425142781,0.20526496974647213,0.20526496974647213,0.4837592157774285,,,,,,,,bmeleton_merged,0.20526496974647213,1.0,,,,,,,,,,,,,,,,,,,,,,,,,,,,,False
4805,1,bmeleton_merged_pivot_refit_both,1.784214082743266,-64.66499985818658,63.54886367388851,1,0,34,95,34,95,0.9247692009724722,False,143.34154907343984,1.8022088121032471,0.19779118789675287,2.043215365121248,,,,,,,,bmeleton_merged,,,0.7192335692250327,True,True,ok,ok,34.0,56.0,34.0,58.0,34.0,56.0,34.0,56.0,0.6443708186330577,1.6972473944462312,0.942792193517815,2.1351590780819727,0.15080150014167681,0.8236262401213854,end,start,0.0,1.0287442100185564,,,,,,False
4805,2,bmeleton_final_refit_vertex,-0.09941761404765925,-64.88911118084573,66.98961820982194,2,0,34,28,34,28,1.4716755415281118,False,51.8741445794697,0.38260907365392305,0.38260907365392305,0.4560337787221953,,,,,,,,bmeleton_final_refit,,,,,,,,,,,,,,,,,,,,,,,,,,1.0,7.3208791164754015,2.0,0.4560337787221953,,False
4836,0,bmeleton_merged_intersection,-7.626023850694046,-72.36487070584772,25.82400509703706,1,0,99,49,99,49,0.17331920766538547,False,38.940203495031746,0.22219767425322123,0.22219767425322123,0.6442604795891608,,,,,,,,bmeleton_merged,0.22219767425322134,1.0,,,,,,,,,,,,,,,,,,,,,,,,,,,,,False
4836,1,bmeleton_merged_pivot_refit_both,-7.9028362434221275,-72.24128078952455,25.422537540898848,1,0,99,49,99,49,0.01563711714962482,False,39.00493996643982,0.22290830060446254,0.22290830060446254,0.43755816980320167,,,,,,,,bmeleton_merged,,,0.5030663642266312,True,True,ok,ok,92.0,40.0,94.0,40.0,93.0,40.0,92.0,40.0,0.8029310847216541,1.2372843874840223,1.2541600992568689,1.8232622949051445,0.11496143002536034,0.24243551528359786,end,end,0.0,0.17331920766538547,,,,,,False
4836,2,bmeleton_final_refit_vertex,-8.378497330945303,-72.14538731743764,27.038239734548284,2,0,96,40,96,40,0.3500653260220056,False,40.99093820022448,0.24518666807399403,0.24518666807399403,0.6874308624273391,,,,,,,,bmeleton_final_refit,,,,,,,,,,,,,,,,,,,,,,,,,,1.0,5.0,2.0,0.6874308624273391,,False
4837,0,bmeleton_merged_intersection,-2.62231953834608,-72.78344719213503,123.19056618937881,0,1,69,38,69,38,0.7261098744436447,False,19.29976481242004,0.05619769173002587,0.05619769173002587,0.12563630433183343,,,,,,,,bmeleton_merged,0.05619769173002587,1.0,,,,,,,,,,,,,,,,,,,,,,,,,,,,,False
4837,1,bmeleton_merged_pivot_refit_both,-2.809051355865476,-72.92900250839469,119.21696057250577,0,1,69,38,69,38,1.226485092240511,False,161.72287999159738,1.9495507889182178,0.05044921108178235,2.1964811701676763,,,,,,,,bmeleton_merged,,,3.9806528007615225,True,True,ok,ok,63.0,28.0,65.0,29.0,63.0,28.0,63.0,28.0,0.9097436852090818,0.890704181651286,1.3119703386457735,1.306473758255927,0.31451190266312423,0.9723496071495419,start,end,0.0,0.7261098744436447,,,,,,False
4837,2,bmeleton_final_refit_vertex,-2.56771697055032,-73.26117607517334,89.37262814657954,0,1,69,67,67,67,0.0017621074000847498,False,0.8312239816386017,0.00010523331498379918,0.00010523331498379918,0.00031558872470595996,,,,,,,,bmeleton_final_refit,,,,,,,,,,,,,,,,,,,,,,,,,,1.0,5.0,3.0,0.00031558872470595996,,False
4838,0,bmeleton_merged_intersection,0.9662051054067553,-73.85033882215448,51.5602407005696,0,1,95,64,95,64,0.7644686944065782,False,27.857436842464402,0.1158870040678801,0.1158870040678801,0.3015551221060367,,,,,,,,bmeleton_merged,0.1158870040678801,1.0,,,,,,,,,,,,,,,,,,,,,,,,,,,,,False
4838,1,bmeleton_merged_pivot_refit_both,0.050775301556961416,-73.92124457942222,49.89237974841723,0,1,95,64,95,64,0.8903904194197781,False,26.868811965227458,0.10795632697937196,0.10795632697937196,0.1192058988720292,,,,,,,,bmeleton_merged,,,1.9038906239342654,True,True,ok,ok,31.0,63.0,43.0,63.0,34.0,63.0,31.0,63.0,1.8342235954933235,0.7381490588237639,2.3422051551041685,1.183542850319696,1.2517098993308742,0.10016497344938378,end,end,0.0,0.7644686944065782,,,,,,False
4838,2,bmeleton_final_refit_vertex,2.6420891389639873,-74.29728288678893,55.649130634319015,2,0,64,45,64,45,1.2404322936141492,False,36.7240202849322,0.198474970426191,0.198474970426191,0.4267045981664143,,,,,,,,bmeleton_final_refit,,,,,,,,,,,,,,,,,,,,,,,,,,1.0,3.8919096124180834,2.0,0.4267045981664143,,False
4845,0,bmeleton_merged_intersection,1.5006625244822471,-77.4999886824987,62.68106015112646,0,1,77,29,77,29,0.25765358016330986,False,16.821556817045405,0.04278931480339665,0.04278931480339665,0.09614522821857689,,,,,,,,bmeleton_merged,0.04278931480339665,1.0,,,,,,,,,,,,,,,,,,,,,,,,,,,,,False
4845,1,bmeleton_merged_pivot_refit_both,0.5747500782344779,-77.17731721162303,65.81722618184045,0,1,77,29,77,29,0.009256912286369292,False,164.23264085951487,1.9623729528400013,0.03762704715999876,1.925982822205666,,,,,,,,bmeleton_merged,,,3.2858740250408203,True,True,ok,ok,37.0,28.0,37.0,29.0,37.0,28.0,37.0,28.0,1.6155787260693046,0.7647670411923404,1.750943976305103,1.0928250176962238,1.015306813964912,0.028864162454922775,start,end,0.0,0.25765358016330986,,,,,,False
4845,2,bmeleton_final_refit_vertex,0.8756931137496169,-77.02375063063678,65.30860320856684,1,2,31,29,31,29,0.30597075134639723,False,24.742929151313515,0.09180516646376302,0.09180516646376302,0.12969466905968488,,,,,,,,bmeleton_final_refit,,,,,,,,,,,,,,,,,,,,,,,,,,1.0,5.234476619098377,2.0,0.12969466905968488,,False
4852,0,bmeleton_merged_intersection,-2.259414466997138,-72.64257939860866,72.76511361962388,1,2,24,38,24,38,0.2801437196738907,False,35.654256691865704,0.18745084938987766,0.18745084938987766,0.2680273403110807,,,,,,,,bmeleton_merged,0.18745084938987766,3.0,,,,,,,,,,,,,,,,,,,,,,,,,,,,,False
4852,1,bmeleton_merged_intersection,-3.2717904333498447,-72.92762008883106,74.64523278764739,0,2,84,38,84,38,0.6618614609031951,False,26.3958650894738,0.10425615374913488,0.10425615374913488,0.2600841643590387,,,,,,,,bmeleton_merged,0.1042561537491351,2.0,,,,,,,,,,,,,,,,,,,,,,,,,,,,,False
4852,2,bmeleton_merged_intersection,-3.117974752727428,-72.6941042487851,68.51211472654009,0,1,84,24,84,24,1.1348070176721972,False,9.450151662896127,0.013571177432316395,0.013571177432316395,0.02483143942779508,,,,,,,,bmeleton_merged,0.013571177432316173,1.0,,,,,,,,,,,,,,,,,,,,,,,,,,,,,False
4852,3,bmeleton_merged_pivot_refit_both,-2.2931637477463824,-72.63217027717161,72.50812198957233,1,2,24,38,24,38,0.30258291590611164,False,35.59377003257182,0.18683594752440014,0.18683594752440014,0.18925606087147206,,,,,,,,bmeleton_merged,,,0.25940713497653156,True,True,ok,ok,23.0,38.0,23.0,38.0,23.0,38.0,23.0,38.0,0.8878161252773002,0.584493453143622,1.2197447560282875,0.964103484271436,0.1570809246861923,0.0746041879978315,end,end,0.0,0.2801437196738907,,,,,,False
4852,4,bmeleton_merged_pivot_refit_both,-4.005954952610576,-72.61462815330776,75.92062741671327,0,2,84,38,84,38,0.30856378900839043,False,154.32369556291047,1.9012562907340183,0.09874370926598186,2.569162708326047,,,,,,,,bmeleton_merged,,,1.5045241616185734,True,True,ok,ok,61.0,38.0,61.0,38.0,61.0,38.0,61.0,38.0,1.9967943432401376,0.584493453143622,2.1084037096713084,0.964103484271436,0.6683448668690662,0.12392185331568502,start,end,1.0,0.6618614609031951,,,,,,False
4852,5,bmeleton_merged_pivot_refit_both,-3.278986927375049,-72.39943838471879,66.98860646382929,0,1,84,24,84,24,0.7631376523839951,False,170.2722062309397,1.9856216201348418,0.014378379865158109,1.7496686744148893,,,,,,,,bmeleton_merged,,,1.560073818246686,True,True,ok,ok,57.0,23.0,57.0,23.0,57.0,23.0,57.0,23.0,2.085381547449843,0.8878161252773002,2.098385110424182,1.2197447560282875,0.32101943783798315,0.5778256386197345,start,end,2.0,1.1348070176721972,,,,,,False
4852,6,bmeleton_final_refit_vertex,-2.2533400479621246,-72.64201961577564,72.75352741506384,2,1,38,23,38,23,0.2835442044337335,False,35.642564861776975,0.18733192068533477,0.18733192068533477,0.2620487941695901,,,,,,,,bmeleton_final_refit,,,,,,,,,,,,,,,,,,,,,,,,,,1.0,32.19548932172386,2.0,0.2620487941695901,,False
4868,0,bmeleton_merged_intersection,4.408570783729333,-73.394464765206,104.73528952970557,0,1,79,37,79,37,0.1349959748098318,False,36.17347921601909,0.1927663977141003,0.1927663977141003,0.5073943658796755,,,,,,,,bmeleton_merged,0.1927663977141003,1.0,,,,,,,,,,,,,,,,,,,,,,,,,,,,,False
4868,1,bmeleton_merged_pivot_refit_both,2.8733899084904566,-73.07701240403028,106.06695962161425,0,1,79,37,79,37,0.31954761787910707,False,145.03210755036477,1.8194733378329657,0.18052666216703428,2.55594892733432,,,,,,,,bmeleton_merged,,,2.0569155439636555,True,True,ok,ok,52.0,35.0,53.0,35.0,52.0,35.0,52.0,35.0,0.8529783801009266,0.6894366029076927,1.1089950512300357,1.2054259720303362,0.9672649221279247,0.2344666910960524,start,end,0.0,0.1349959748098318,,,,,,False
4868,2,bmeleton_final_refit_vertex,3.45788961523936,-73.09536691861388,106.20705129771542,2,0,37,24,37,24,0.38617722907117363,False,44.26755385349619,0.28391187402504603,0.28391187402504603,0.3926896080050503,,,,,,,,bmeleton_final_refit,,,,,,,,,,,,,,,,,,,,,,,,,,1.0,2.9894456843613146,2.0,0.3926896080050503,,False
4878,0,bmeleton_merged_intersection,2.4837678284023963,-72.51388140836727,54.28975429561609,1,0,89,83,89,83,0.7844397517631367,False,36.79491139859899,0.19921543121704555,0.19921543121704555,0.5165982526388748,,,,,,,,bmeleton_merged,0.19921543121704577,1.0,,,,,,,,,,,,,,,,,,,,,,,,,,,,,False
4878,1,bmeleton_merged_pivot_refit_both,2.630516640873844,-72.44204860676766,55.57452597083038,1,0,89,83,89,83,1.039065502818465,False,37.002721149684575,0.2013930728671871,0.2013930728671871,0.25199510578382733,,,,,,,,bmeleton_merged,,,1.2951190766799612,True,True,ok,ok,77.0,36.0,78.0,36.0,78.0,36.0,77.0,36.0,0.937777671022539,1.8999760441324034,1.2360172216695422,2.360752201648539,0.29516312987143023,0.464053857519061,end,end,0.0,0.7844397517631367,,,,,,False
4878,2,bmeleton_final_refit_vertex,0.705169944753663,-72.31107588137824,57.89093557137066,3,0,83,36,83,36,0.8486465906901351,False,42.74705145442907,0.2656425592092345,0.2656425592092345,0.6206869026729992,,,,,,,,bmeleton_final_refit,,,,,,,,,,,,,,,,,,,,,,,,,,1.0,5.0,2.0,0.6206869026729992,,False
4895,0,bmeleton_merged_intersection,-7.0834556921303475,-76.33330413194278,31.573250647771577,1,0,53,26,53,26,0.5508274786510649,False,15.265076420436063,0.035281921809729666,0.035281921809729666,0.05898738193292644,,,,,,,,bmeleton_merged,0.03528192180972989,1.0,,,,,,,,,,,,,,,,,,,,,,,,,,,,,False
4895,1,bmeleton_merged_pivot_refit_both,-5.18956754969011,-77.38988237510284,56.22480588087659,1,0,53,26,53,26,0.4746207800601003,False,17.845271849613898,0.048112447406810754,0.048112447406810754,0.031227305969732073,,,,,,,,bmeleton_merged,,,24.74676433982475,True,True,ok,ok,52.0,11.0,52.0,11.0,52.0,11.0,52.0,11.0,1.1254110991876236,1.1995083028297358,1.6654117277400684,1.6522945387776902,0.41055808952498224,2.1563297694761583,end,end,0.0,0.5508274786510649,,,,,,False
4895,2,bmeleton_final_refit_vertex,-3.691571238855051,-77.82839097398096,67.50307828236404,2,0,53,11,53,11,1.267391263826294,False,19.69773780529953,0.058516146475375064,0.058516146475375064,0.05635898933988343,,,,,,,,bmeleton_final_refit,,,,,,,,,,,,,,,,,,,,,,,,,,1.0,3.5807160798814817,2.0,0.05635898933988343,,False
4897,0,bmeleton_merged_intersection,1.5259887121359221,-71.74739000571968,71.51625949097709,1,0,42,126,42,126,4.137073520308222,False,4.147925752056836,0.0026193709086680395,0.0026193709086680395,0.0043001255864574895,,,,,,,,bmeleton_merged,0.0026193709086681505,1.0,,,,,,,,,,,,,,,,,,,,,,,,,,,,,False
4897,1,bmeleton_merged_pivot_refit_both,0.6560604107204178,-72.33162635870795,83.68784822573838,1,0,42,126,42,126,2.517020316285101,False,5.879195421383134,0.005259923625098306,0.005259923625098306,0.0025925732572305827,,,,,,,,bmeleton_merged,,,12.216614903234225,True,True,ok,ok,15.0,65.0,16.0,74.0,15.0,65.0,15.0,65.0,1.9389076202992777,1.99808193642429,2.0806950891004616,2.0958672914201313,1.605769029701947,0.8668622660716654,end,end,0.0,4.137073520308222,,,,,,False
4897,2,bmeleton_final_refit_vertex,2.3739868589638444,-71.5562100785105,95.79374044712925,1,3,75,16,75,16,2.0709943235412944,False,19.18269693389635,0.055524356589258694,0.055524356589258694,0.06800387772196902,,,,,,,,bmeleton_final_refit,,,,,,,,,,,,,,,,,,,,,,,,,,1.0,5.0,2.0,0.06800387772196902,,False
4917,0,bmeleton_merged_intersection,-0.9739752671029116,-75.32328405391075,70.49786361763742,1,2,30,54,30,54,0.3608780668367312,False,27.12021119702486,0.1099479451188613,0.1099479451188613,0.2063710166378886,,,,,,,,bmeleton_merged,0.10994794511886141,1.0,,,,,,,,,,,,,,,,,,,,,,,,,,,,,False
4917,1,bmeleton_merged_intersection,3.8693615633774447,-74.65462541596389,84.18006134465904,2,0,54,78,54,78,0.6470816684547421,False,19.751483611225943,0.05883273504109987,0.05883273504109987,0.1562738202541316,,,,,,,,bmeleton_merged,0.05883273504109998,3.0,,,,,,,,,,,,,,,,,,,,,,,,,,,,,False
4917,2,bmeleton_merged_intersection,3.4633944179090115,-74.32988044651927,37.82063049406417,1,0,30,78,30,78,2.019299576036761,False,7.748285043812658,0.009130066748558652,0.009130066748558652,0.01572997788212603,,,,,,,,bmeleton_merged,0.009130066748558874,2.0,,,,,,,,,,,,,,,,,,,,,,,,,,,,,False
4917,3,bmeleton_merged_pivot_refit_both,0.3119364739167594,-74.70659108809181,64.88879379236806,1,2,30,54,30,54,0.29465717998172336,False,26.851163522098467,0.10781715834987615,0.10781715834987615,0.10952262885819179,,,,,,,,bmeleton_merged,,,5.787533457746058,True,True,ok,ok,24.0,49.0,24.0,49.0,24.0,49.0,24.0,49.0,1.0763397124635226,0.9970035861315396,1.3264785806191552,1.38658700212867,0.8700089128387408,1.1234838277792325,end,end,0.0,0.3608780668367312,,,,,,False
4917,4,bmeleton_merged_pivot_refit_both,3.8473140783440893,-74.4940687844815,75.42315543770707,2,0,54,78,54,78,0.997510511032686,False,161.34634253665476,1.9474692892391332,0.052530710760866794,2.919195288588128,,,,,,,,bmeleton_merged,,,8.758405424888688,True,True,ok,ok,49.0,75.0,49.0,75.0,49.0,75.0,49.0,75.0,0.9970035861315396,1.4575693318917664,1.38658700212867,1.7831139351174379,1.1430970516544883,0.2168696871249376,end,start,1.0,0.6470816684547421,,,,,,False
4917,5,bmeleton_merged_pivot_refit_both,4.168416391871837,-74.14582051559475,26.398904148828564,1,0,30,78,30,78,2.101831096553859,False,6.405898022551195,0.006243560706846285,0.006243560706846285,0.0040221351709729125,,,,,,,,bmeleton_merged,,,11.444945030335072,True,True,ok,ok,28.0,37.0,28.0,40.0,28.0,40.0,28.0,37.0,1.2047233254863468,1.4083765864903126,1.3609003600964007,1.6598357670643946,0.9518675160826184,1.6021063643934526,end,end,2.0,2.019299576036761,,,,,,False
4917,6,bmeleton_final_refit_vertex,0.6949878307013468,-74.3283331116494,61.59088367716561,3,2,49,25,49,25,0.1698173175978352,False,26.286065338485823,0.10340583868121145,0.10340583868121145,0.1750160659218453,,,,,,,,bmeleton_final_refit,,,,,,,,,,,,,,,,,,,,,,,,,,1.0,5.0,2.0,0.1750160659218453,,False
4921,0,bmeleton_merged_intersection,4.3382748239053015,-68.29786906599801,97.02513104695151,1,0,33,78,33,78,2.5780009397008596,False,8.625438812593574,0.011310108758902482,0.011310108758902482,0.01893025247848108,,,,,,,,bmeleton_merged,0.011310108758902482,1.0,,,,,,,,,,,,,,,,,,,,,,,,,,,,,False
4921,1,bmeleton_merged_pivot_refit_both,4.128016644645478,-68.59058311082785,100.88807632797977,1,0,33,78,33,78,2.805818188248685,False,9.056894631355636,0.012467485544152446,0.012467485544152446,0.005528635029321439,,,,,,,,bmeleton_merged,,,3.8797211572746826,True,True,ok,ok,31.0,15.0,31.0,24.0,31.0,16.0,31.0,15.0,1.1607689415703943,0.76151511773844,1.7091583486975253,0.7659455488555397,1.4058706124831515,0.6706436241619853,end,end,0.0,2.5780009397008596,,,,,,False
4921,2,bmeleton_final_refit_vertex,3.0046715743490413,-69.68303564072608,108.15023714506003,2,0,33,27,33,27,2.163012655561491,False,29.25908474314605,0.12758147903340056,0.12758147903340056,0.13291401427354227,,,,,,,,bmeleton_final_refit,,,,,,,,,,,,,,,,,,,,,,,,,,1.0,1.4515382339794929,2.0,0.13291401427354227,,False
4924,0,bmeleton_merged_intersection,3.2859092097488483,-72.74580140238587,54.50126831628702,0,1,86,51,86,51,0.06794858725940556,False,39.0185990570514,0.22305836618759978,0.22305836618759978,0.6602031246381183,,,,,,,,bmeleton_merged,0.22305836618759978,1.0,,,,,,,,,,,,,,,,,,,,,,,,,,,,,False
4924,1,bmeleton_merged_pivot_refit_both,2.3837819668507176,-72.70434838568127,56.11349931850533,0,1,86,51,86,51,0.40394780599024843,False,40.363337985352615,0.2380471340540341,0.2380471340540341,0.26570366315781535,,,,,,,,bmeleton_merged,,,1.8479287647219438,True,True,ok,ok,32.0,47.0,32.0,48.0,32.0,47.0,32.0,47.0,1.4456394792153342,0.7639071800726226,1.7902167719915834,1.1212952682307278,1.3813467883201673,0.03561947409477972,end,end,0.0,0.06794858725940556,,,,,,False
4924,2,bmeleton_final_refit_vertex,1.6266512718382042,-72.43044703960854,57.12117860692412,2,1,51,33,51,33,0.23848197937788926,False,42.98317674222376,0.2684460807064124,0.2684460807064124,0.5255737669503414,,,,,,,,bmeleton_final_refit,,,,,,,,,,,,,,,,,,,,,,,,,,1.0,2.4074722165928377,2.0,0.5255737669503414,,False
4942,0,bmeleton_merged_intersection,1.2564924289781954,-71.87797460739588,18.64910447448593,0,1,50,45,50,45,1.5745394344370944,False,32.789381893212884,0.15933302107309488,0.15933302107309488,0.28739004729408385,,,,,,,,bmeleton_merged,0.15933302107309488,1.0,,,,,,,,,,,,,,,,,,,,,,,,,,,,,False
4942,1,bmeleton_merged_pivot_refit_both,1.5771058622546583,-71.98076296088607,19.866125755893083,0,1,50,45,50,45,1.218284293601086,False,32.92720531288061,0.16063814143747468,0.16063814143747468,0.15902058606483316,,,,,,,,bmeleton_merged,,,1.262734817215575,True,True,ok,ok,35.0,45.0,35.0,45.0,35.0,45.0,35.0,45.0,1.542826241267341,0.7182737761126348,1.8544028849792313,1.0321531762291796,0.9212470909776341,0.26710118564549173,end,end,0.0,1.5745394344370944,,,,,,False
4942,2,bmeleton_final_refit_vertex,1.5409141138033853,-71.83414872915179,17.87772582870964,2,1,45,35,45,35,1.3844738360555309,False,32.000909534479256,0.1519603160855978,0.1519603160855978,0.23614859413476827,,,,,,,,bmeleton_final_refit,,,,,,,,,,,,,,,,,,,,,,,,,,1.0,54.50253420019664,2.0,0.23614859413476827,,False
4949,0,bmeleton_merged_intersection,3.4872755902578407,-74.05425432692641,106.57824050936998,1,0,19,66,19,66,0.6364799516791512,False,18.82361552245175,0.05348364809765205,0.05348364809765205,0.08400436107066678,,,,,,,,bmeleton_merged,0.05348364809765205,1.0,,,,,,,,,,,,,,,,,,,,,,,,,,,,,False
4949,1,bmeleton_final_refit_vertex,5.859553064286667,-74.56515950831236,104.33939712901596,3,0,16,12,16,12,0.34364339907918895,False,43.3477289386929,0.2727988000832331,0.2727988000832331,0.17684615035105283,,,,,,,,bmeleton_final_refit,,,,,,,,,,,,,,,,,,,,,,,,,,1.0,5.0,2.0,0.17684615035105283,,False
4952,0,bmeleton_merged_intersection,1.442942540738096,-77.69670133378006,89.48356385417958,1,0,84,53,84,53,0.6096101976303163,False,28.602170786434353,0.12203516157800942,0.12203516157800942,0.3263198973153993,,,,,,,,bmeleton_merged,0.12203516157800964,1.0,,,,,,,,,,,,,,,,,,,,,,,,,,,,,False
4952,1,bmeleton_merged_pivot_refit_both,1.7326213275757072,-77.59044615212063,89.54014646306649,1,0,84,53,84,53,0.6755030298614996,False,151.68928708017864,1.8803886951331341,0.11961130486686578,3.3155003324547803,,,,,,,,bmeleton_merged,,,0.31369659673263284,True,True,ok,ok,79.0,44.0,79.0,44.0,79.0,44.0,79.0,44.0,1.0591361146555731,0.7661414566216995,1.523642881546412,0.8972384295148449,0.2024238389118831,0.25306441739934904,end,start,0.0,0.6096101976303163,,,,,,False
4952,2,bmeleton_final_refit_vertex,0.07029038467627013,-77.32474155592263,86.198997631081,2,1,79,9,79,9,0.6632271736734736,False,36.6139946061185,0.19732817784599332,0.19732817784599332,0.23227364295879208,,,,,,,,bmeleton_final_refit,,,,,,,,,,,,,,,,,,,,,,,,,,1.0,5.0,2.0,0.23227364295879208,,False
4953,0,bmeleton_merged_intersection,5.982804564547344,-63.50396970835102,142.8026633564032,0,1,88,15,88,15,0.6693702922088973,False,28.550184571227167,0.12160116106705932,0.12160116106705932,0.19481835515452123,,,,,,,,bmeleton_merged,0.12160116106705965,1.0,,,,,,,,,,,,,,,,,,,,,,,,,,,,,False
4953,1,bmeleton_merged_pivot_refit_both,5.193362177738358,-63.498026221355886,140.92428805447452,0,1,88,15,88,15,0.6809444212369774,False,152.78823757609146,1.8893225155333622,0.11067748446663772,1.8928867071643476,,,,,,,,bmeleton_merged,,,2.0375348787257628,True,True,ok,ok,74.0,14.0,74.0,14.0,74.0,14.0,74.0,14.0,0.9167813019788433,0.546075028254531,0.9959424871450206,0.6447670452862821,0.3857911413315384,1.0219012522844628,start,end,0.0,0.6693702922088973,,,,,,False
4953,2,bmeleton_final_refit_vertex,11.36130380459743,-65.12631032251264,125.58069166897506,2,0,14,4,14,4,0.4564968384564856,False,20.77021432851871,0.06498984472323222,0.06498984472323222,0.02228258714090635,,,,,,,,bmeleton_final_refit,,,,,,,,,,,,,,,,,,,,,,,,,,1.0,5.0,2.0,0.02228258714090635,,False
4958,0,bmeleton_merged_intersection,9.897502728713661,-69.06176664884211,83.5915661552174,1,0,29,39,29,39,1.058264748477793,False,13.905937743914857,0.029308419230749228,0.029308419230749228,0.04067386641975991,,,,,,,,bmeleton_merged,0.029308419230749228,1.0,,,,,,,,,,,,,,,,,,,,,,,,,,,,,False
4958,1,bmeleton_final_refit_vertex,6.5963722252954575,-71.07153353842767,125.18207534592854,1,2,33,16,33,16,0.6389719198144159,False,27.3159583724613,0.11151054770271118,0.11151054770271118,0.1135986020389819,,,,,,,,bmeleton_final_refit,,,,,,,,,,,,,,,,,,,,,,,,,,1.0,5.0,2.0,0.1135986020389819,,False
4960,0,bmeleton_merged_intersection,-1.3615907633209376,-74.7658607341541,46.24347881458499,1,0,51,17,51,17,0.25995977829299055,False,6.726576272241135,0.00688357425789643,0.00688357425789643,0.009633434214953485,,,,,,,,bmeleton_merged,0.006883574257896541,1.0,,,,,,,,,,,,,,,,,,,,,,,,,,,,,False
4960,1,bmeleton_merged_pivot_refit_both,-1.6262966087657191,-74.39525403520742,52.808505439334525,1,0,51,17,51,17,0.822398192010601,False,7.408066224401753,0.00834697956821251,0.00834697956821251,0.003986477322710772,,,,,,,,bmeleton_merged,,,6.580804897091774,True,True,ok,ok,30.0,8.0,33.0,15.0,33.0,8.0,30.0,8.0,0.8951975867200278,0.5343635478997444,1.2997924292967966,0.8393440230578653,0.9620022756617265,0.08099169687064012,end,end,0.0,0.25995977829299055,,,,,,False
4960,2,bmeleton_final_refit_vertex,-0.5304339356506954,-75.29581990767272,69.37074642330168,3,0,36,15,36,15,1.1685780316418162,False,22.826264835984066,0.07831458545721204,0.07831458545721204,0.07375551148540578,,,,,,,,bmeleton_final_refit,,,,,,,,,,,,,,,,,,,,,,,,,,1.0,5.0,2.0,0.07375551148540578,,False
4974,0,bmeleton_merged_intersection,-9.504498997336382,-73.67810391915958,93.45291327829646,1,0,7,60,7,60,2.666102742894282,False,26.967213100550953,0.10873383048228336,0.10873383048228336,0.07266992400923002,,,,,,,,bmeleton_merged,0.10873383048228336,1.0,,,,,,,,,,,,,,,,,,,,,,,,,,,,,False
4974,1,bmeleton_final_refit_vertex,-9.331662786661534,-73.58436365492355,93.13789161477186,1,2,10,7,10,7,2.773592890873494,False,33.352058223643716,0.1646918187732137,0.1646918187732137,0.04431382740229242,,,,,,,,bmeleton_final_refit,,,,,,,,,,,,,,,,,,,,,,,,,,1.0,71.30033323733123,2.0,0.04431382740229242,,False
4976,0,bmeleton_merged_intersection,0.07181489118592767,-69.85920090603045,133.27677776684038,1,0,12,172,12,172,1.2495968061123506,False,31.87184965847465,0.15076878456301934,0.15076878456301934,0.27400235103285214,,,,,,,,bmeleton_merged,0.15076878456301934,1.0,,,,,,,,,,,,,,,,,,,,,,,,,,,,,False
4976,1,bmeleton_merged_pivot_refit_both,0.08119233039530119,-69.93708448077555,133.27716696079983,1,0,12,172,12,172,1.3813212855358439,False,148.15362445946667,1.849465893518425,0.15053410648157506,1.9201001097355246,,,,,,,,bmeleton_merged,,,0.07844704617217486,True,True,ok,ok,12.0,135.0,12.0,136.0,12.0,135.0,12.0,135.0,0.25517580025667547,1.715836357576331,0.3436047621662088,1.975154629903336,0.3493555625041226,0.3494240313058826,end,start,0.0,1.2495968061123506,,,,,,False
4976,2,bmeleton_final_refit_vertex,0.388908742467051,-70.17913111761672,134.11499626928196,0,2,28,12,28,12,1.6321729211466427,False,44.944293108598835,0.2922060553676137,0.2922060553676137,0.20190311428355162,,,,,,,,bmeleton_final_refit,,,,,,,,,,,,,,,,,,,,,,,,,,1.0,40.75128628634835,2.0,0.20190311428355162,,False
4985,0,bmeleton_merged_intersection,3.966832953837108,-71.97726581219257,68.99357188848371,0,1,75,41,75,41,1.6118852576764653,False,6.363885701057772,0.006162017889285054,0.006162017889285054,0.012919931625197266,,,,,,,,bmeleton_merged,0.006162017889285165,1.0,,,,,,,,,,,,,,,,,,,,,,,,,,,,,False
4985,1,bmeleton_merged_pivot_refit_both,3.5347407179028787,-72.00411050331435,66.93694579661117,0,1,75,41,75,41,1.7567232589247452,False,6.355206492008355,0.006145238780365658,0.006145238780365658,0.004866473897825653,,,,,,,,bmeleton_merged,,,2.1016981751828694,True,True,ok,ok,28.0,41.0,36.0,41.0,29.0,41.0,28.0,41.0,0.8455514984688735,1.3380722149439068,1.2213426971330037,1.6967182656101734,0.45047101249551563,0.5110537100941711,end,end,0.0,1.6118852576764653,,,,,,False
4985,2,bmeleton_final_refit_vertex,4.670047906835203,-72.68183935248287,86.43948431490773,2,0,41,39,41,39,1.9602657648092603,False,22.32121350143425,0.07493083694064928,0.07493083694064928,0.10762149022090112,,,,,,,,bmeleton_final_refit,,,,,,,,,,,,,,,,,,,,,,,,,,1.0,7.031605354273144,2.0,0.10762149022090112,,False
4989,0,bmeleton_merged_intersection,-9.094494526883743,-61.401957982793306,122.03744161628819,1,0,17,61,17,61,1.393259117224744,False,13.86730545156277,0.02914659573798206,0.02914659573798206,0.036702438328492494,,,,,,,,bmeleton_merged,0.029146595737982173,1.0,,,,,,,,,,,,,,,,,,,,,,,,,,,,,False
4989,1,bmeleton_final_refit_vertex,-9.067699968373287,-60.954144706717614,124.77296546380268,2,0,17,6,17,6,1.4286423019758239,False,39.75076218891954,0.23116667426372384,0.23116667426372384,0.0907916811452421,,,,,,,,bmeleton_final_refit,,,,,,,,,,,,,,,,,,,,,,,,,,1.0,4.380860135482047,2.0,0.0907916811452421,,False
5003,0,bmeleton_merged_intersection,4.864144600074803,-70.76490079641916,86.66506938026518,1,0,33,16,33,16,0.3691521168284069,False,22.306645648454747,0.07483430036813576,0.07483430036813576,0.08006670647814292,,,,,,,,bmeleton_merged,0.07483430036813588,1.0,,,,,,,,,,,,,,,,,,,,,,,,,,,,,False
5003,1,bmeleton_merged_pivot_refit_both,4.6548211018274825,-70.55899860414179,89.18243454720584,1,0,33,16,33,16,0.6296018447849699,False,23.289937835423796,0.08148416794926983,0.08148416794926983,0.048658719764289746,,,,,,,,bmeleton_merged,,,2.5344307888418096,True,True,ok,ok,25.0,13.0,25.0,13.0,25.0,13.0,25.0,13.0,0.7880099483442083,0.4292081059886623,1.4134856128021556,0.6073783095766382,0.8529261910996652,0.2618149223923551,end,end,0.0,0.3691521168284069,,,,,,False
5003,2,bmeleton_final_refit_vertex,4.765395667171425,-70.38046287642331,90.73704232409162,2,0,25,13,25,13,0.8761270622506706,False,24.114847328507818,0.08727166603350756,0.08727166603350756,0.06693661987000554,,,,,,,,bmeleton_final_refit,,,,,,,,,,,,,,,,,,,,,,,,,,1.0,5.0,2.0,0.06693661987000554,,False
5009,0,bmeleton_merged_intersection,-0.7921096092838202,-76.67310848663163,85.86380260968154,1,0,12,109,12,109,1.3549858079285548,False,30.750809784172112,0.1406008148941017,0.1406008148941017,0.20004013244755606,,,,,,,,bmeleton_merged,0.1406008148941018,1.0,,,,,,,,,,,,,,,,,,,,,,,,,,,,,False
5009,1,bmeleton_merged_pivot_refit_both,-0.626445440045227,-76.44960524364964,84.92713370035638,1,0,12,109,12,109,1.3247487431670832,False,149.67719692375655,1.8631946859098774,0.13680531409012253,1.4134062618700405,,,,,,,,bmeleton_merged,,,0.9771115403521605,True,True,ok,ok,11.0,83.0,11.0,84.0,11.0,83.0,11.0,83.0,0.2958641947559511,1.878695172732172,0.3822971468776923,2.0778807659706073,0.3907758193600629,0.4070817852306684,end,start,0.0,1.3549858079285548,,,,,,False
5009,2,bmeleton_final_refit_vertex,-1.2321890743757402,-76.52910897395375,83.33181989166218,1,2,20,11,20,11,1.0995784211484725,False,45.056316857836556,0.2935885858513816,0.2935885858513816,0.17848046831157977,,,,,,,,bmeleton_final_refit,,,,,,,,,,,,,,,,,,,,,,,,,,1.0,5.0,2.0,0.17848046831157977,,False
5014,0,bmeleton_merged_intersection,-0.22208562700944143,-71.92141187220898,92.29916235905104,1,0,75,113,75,113,1.3828017766773297,False,31.618939654577442,0.1484463208185015,0.1484463208185015,0.34885852485875957,,,,,,,,bmeleton_merged,0.14844632081850162,1.0,,,,,,,,,,,,,,,,,,,,,,,,,,,,,False
5014,1,bmeleton_merged_pivot_refit_both,0.06493639854963529,-71.74602206681855,92.81159835278069,1,0,75,113,75,113,1.2718617414419202,False,148.594877146791,1.8535042100508803,0.14649578994911983,2.533228132831523,,,,,,,,bmeleton_merged,,,0.612971348972057,True,True,ok,ok,72.0,88.0,72.0,88.0,72.0,88.0,72.0,88.0,0.9515618857417159,1.9284113330532535,1.3313824758540287,2.091333686342675,0.29728315142718703,0.39830151663205227,end,start,0.0,1.3828017766773297,,,,,,False
5014,2,bmeleton_final_refit_vertex,0.5140504840241431,-72.02232188071339,93.06985670862217,2,0,72,17,72,17,2.0214514370894063,False,49.95795019027333,0.35665035761179187,0.35665035761179187,0.44426948555008244,,,,,,,,bmeleton_final_refit,,,,,,,,,,,,,,,,,,,,,,,,,,1.0,5.0,2.0,0.44426948555008244,,False
5033,0,bmeleton_merged_intersection,-4.501922876186006,-83.10606349687532,29.223438267614284,1,0,40,39,40,39,1.3885303629519852,False,36.01914601308998,0.19117946567857613,0.19117946567857613,0.29548986397353316,,,,,,,,bmeleton_merged,0.19117946567857624,1.0,,,,,,,,,,,,,,,,,,,,,,,,,,,,,False
5033,1,bmeleton_merged_pivot_refit_both,-5.134157418623822,-82.4781713867842,28.883244799259522,1,0,40,39,40,39,1.8960594307329126,False,35.37088573037869,0.1845779536633534,0.1845779536633534,0.1264656013989745,,,,,,,,bmeleton_merged,,,0.9537822678564968,True,True,ok,ok,28.0,21.0,28.0,21.0,28.0,21.0,28.0,21.0,0.39279415881036844,0.5876434644994198,0.6434004418342697,1.3431706025331502,0.4809525944223515,0.7371092713669418,end,end,0.0,1.3885303629519852,,,,,,False
5033,2,bmeleton_final_refit_vertex,-5.1278173125940905,-82.4837309089992,28.948363217020326,2,0,30,21,30,21,0.9955325087320868,False,35.6168359651277,0.18707032682760827,0.18707032682760827,0.19578861141112885,,,,,,,,bmeleton_final_refit,,,,,,,,,,,,,,,,,,,,,,,,,,1.0,5.0,2.0,0.19578861141112885,,False
5038,0,bmeleton_merged_intersection,2.225468200433675,-71.14970660686397,59.079887916327706,2,1,29,18,29,18,0.7842870162870058,False,39.144776825243355,0.22444670492115226,0.22444670492115226,0.22163516102657765,,,,,,,,bmeleton_merged,0.22444670492115226,1.0,,,,,,,,,,,,,,,,,,,,,,,,,,,,,False
5038,1,bmeleton_merged_intersection,3.172101731834958,-72.14514002654563,59.92122430305806,2,0,29,57,29,57,1.7810439473035622,False,32.95532609220042,0.1609050282806921,0.1609050282806921,0.24118455471883068,,,,,,,,bmeleton_merged,0.1609050282806921,2.0,,,,,,,,,,,,,,,,,,,,,,,,,,,,,False
5038,2,bmeleton_merged_intersection,2.068581825348401,-72.40121366704074,65.74413913116575,1,0,18,57,18,57,2.496442628860547,False,7.077228687243287,0.007619017010649265,0.007619017010649265,0.008138744420561065,,,,,,,,bmeleton_merged,0.007619017010649376,3.0,,,,,,,,,,,,,,,,,,,,,,,,,,,,,False
5038,3,bmeleton_merged_pivot_refit_both,3.4087304643782286,-71.89599916750028,60.528062747513104,2,0,29,57,29,57,1.475051195776928,False,147.43070087095225,1.8427409662929901,0.1572590337070099,1.4295603897997826,,,,,,,,bmeleton_merged,,,0.6973644831646565,True,True,ok,ok,29.0,27.0,29.0,27.0,29.0,27.0,29.0,27.0,0.17663890072056773,1.2521009321560679,0.220788484639116,1.6828994160656576,0.2756538508567262,0.769361398426038,end,start,1.0,1.7810439473035622,,,,,,False
5038,4,bmeleton_merged_pivot_refit_both,2.22733859675165,-71.14888817427564,59.09764545297715,2,1,29,18,29,18,0.8102814601661362,False,39.15481673554512,0.22455733606825146,0.22455733606825146,0.173913903209538,,,,,,,,bmeleton_merged,,,0.01787451599748016,True,True,ok,ok,29.0,18.0,29.0,18.0,29.0,18.0,29.0,18.0,0.17663890072056773,0.8325296124861785,0.220788484639116,1.326864474775924,0.12634840541649917,0.41753789772607347,end,end,0.0,0.7842870162870058,,,,,,False
5038,5,bmeleton_merged_pivot_refit_both,2.7052717802186255,-71.77813809427326,61.34318654058668,1,0,18,57,18,57,2.428199977683826,False,172.2474823449784,1.9908599708957184,0.009140029104281688,0.9375454109856086,,,,,,,,bmeleton_merged,,,4.490209457535007,True,True,ok,ok,18.0,29.0,18.0,30.0,18.0,29.0,18.0,29.0,0.8325296124861785,1.2724406856509927,1.326864474775924,1.631681887877867,1.46967396151177,1.323697401417253,end,start,2.0,2.496442628860547,,,,,,False
5038,6,bmeleton_final_refit_vertex,2.225468200433675,-71.14970660686397,59.079887916327706,2,1,29,18,29,18,0.7842870162870048,False,39.144776825243355,0.22444670492115226,0.22444670492115226,0.22163516102657768,,,,,,,,bmeleton_final_refit,,,,,,,,,,,,,,,,,,,,,,,,,,1.0,3.0,2.0,0.22163516102657768,,False
5041,0,bmeleton_merged_intersection,-5.09595677695825,-74.15932966160634,60.56677504617615,0,1,76,82,76,82,0.49758742362285147,False,21.843419930237527,0.07179586995255482,0.07179586995255482,0.1958928464985886,,,,,,,,bmeleton_merged,0.07179586995255494,1.0,,,,,,,,,,,,,,,,,,,,,,,,,,,,,False
5041,1,bmeleton_merged_pivot_refit_both,-6.101221774671167,-73.89890919107724,64.53748480482572,0,1,76,82,76,82,0.27053014872958747,False,159.32583459326844,1.9356033170843654,0.06439668291563472,2.58310755000457,,,,,,,,bmeleton_merged,,,4.104255416580738,True,True,ok,ok,42.0,73.0,44.0,73.0,42.0,73.0,42.0,73.0,2.3606924195660155,1.242574929153202,2.3598260352660194,1.607825696673996,1.2770971729357254,0.13863771681637566,start,end,0.0,0.49758742362285147,,,,,,False
5041,2,bmeleton_final_refit_vertex,-5.923098919801225,-73.89362204667668,63.609464439871545,2,1,74,29,74,29,0.22882960982411998,False,26.14564610779672,0.10232319766897013,0.10232319766897013,0.2266336959432767,,,,,,,,bmeleton_final_refit,,,,,,,,,,,,,,,,,,,,,,,,,,1.0,5.0,2.0,0.2266336959432767,,False
5043,0,bmeleton_merged_intersection,-7.897943373354575,-73.69933619318431,51.259168323314555,0,1,63,18,63,18,0.22711045808731908,False,18.388557647788364,0.05106097004390242,0.05106097004390242,0.08223826124647632,,,,,,,,bmeleton_merged,0.05106097004390253,1.0,,,,,,,,,,,,,,,,,,,,,,,,,,,,,False
5043,1,bmeleton_merged_pivot_refit_both,-7.477740172311748,-73.63087168059529,49.96218190521135,0,1,63,18,63,18,0.01882423531075321,False,17.82403632608015,0.047998934200984666,0.047998934200984666,0.041984001527238794,,,,,,,,bmeleton_merged,,,1.3650757811912366,True,True,ok,ok,32.0,18.0,35.0,18.0,35.0,18.0,32.0,18.0,1.0085040039217539,0.37150241267227435,1.6146149491466375,0.5855996788663627,0.6106957184176326,0.036839675227735125,end,end,0.0,0.22711045808731908,,,,,,False
5043,2,bmeleton_final_refit_vertex,-7.865824403260856,-73.99898017403825,51.66238080999238,0,2,34,18,34,18,0.35173751308296924,False,19.195390061500472,0.05559717266762809,0.05559717266762809,0.06425007247663381,,,,,,,,bmeleton_final_refit,,,,,,,,,,,,,,,,,,,,,,,,,,1.0,34.066334264454795,2.0,0.06425007247663381,,False
5050,0,bmeleton_merged_intersection,-6.827231355832547,-71.30646730463253,84.37311491395701,1,0,26,59,26,59,0.08850759517931359,False,30.776864275430874,0.14083341297397434,0.14083341297397434,0.2709991729968922,,,,,,,,bmeleton_merged,0.14083341297397423,1.0,,,,,,,,,,,,,,,,,,,,,,,,,,,,,False
5050,1,bmeleton_merged_pivot_refit_both,-6.001540546641804,-71.53871385070528,88.82787567572527,1,0,26,59,26,59,0.2243610628788569,False,149.40765439530682,1.8608100244054024,0.13918997559459767,1.8909985546970154,,,,,,,,bmeleton_merged,,,4.536584311476519,True,True,ok,ok,23.0,41.0,23.0,41.0,23.0,41.0,23.0,41.0,0.648938365137696,0.9573427856711001,0.7518798875216326,1.1257681325124635,0.5426483101166143,0.7258456596189089,end,start,0.0,0.08850759517931359,,,,,,False
5050,2,bmeleton_final_refit_vertex,-6.888585423580276,-71.54822054114257,86.68433571935223,2,1,25,14,25,14,0.513186251675097,False,33.472516875308116,0.16584952570124767,0.16584952570124767,0.14069724715550894,,,,,,,,bmeleton_final_refit,,,,,,,,,,,,,,,,,,,,,,,,,,1.0,5.0,2.0,0.14069724715550894,,False
5052,0,bmeleton_merged_intersection,1.2083146419672308,-78.56940515348595,108.96625663867931,2,0,17,59,17,59,0.2753789293940703,False,36.39681474698181,0.19507321386114063,0.19507321386114063,0.2927753129738848,,,,,,,,bmeleton_merged,0.19507321386114074,1.0,,,,,,,,,,,,,,,,,,,,,,,,,,,,,False
5052,1,bmeleton_merged_intersection,1.3514836370834535,-78.30666740229782,93.61321232756376,0,1,59,84,59,84,0.18915543948118962,False,31.544535382977926,0.14776622560000696,0.14776622560000696,0.42713952392640386,,,,,,,,bmeleton_merged,0.14776622560000696,3.0,,,,,,,,,,,,,,,,,,,,,,,,,,,,,False
5052,2,bmeleton_merged_intersection,-55.7015135922533,-81.20119362617594,184.62189464855106,2,1,17,84,17,84,0.25398899585507273,False,4.869388070138731,0.0036092095512306743,0.0036092095512306743,0.006489736318447902,,,,,,,,bmeleton_merged,0.0036092095512307854,2.0,,,,,,,,,,,,,,,,,,,,,,,,,,,,,False
5052,3,bmeleton_merged_pivot_refit_both,1.4024379809331318,-78.21722998097806,94.75720169591204,0,1,59,84,59,84,0.41246390838499614,False,148.1693661751726,1.8496108287557815,0.15038917124421847,3.1961698464853554,,,,,,,,bmeleton_merged,,,1.1486109316837405,True,True,ok,ok,43.0,75.0,43.0,75.0,43.0,75.0,43.0,75.0,0.8118676352396367,1.2047306105681004,1.0010758741225703,1.5764430484050276,0.09068341798519375,0.2765823650344572,start,end,1.0,0.18915543948118962,,,,,,False
5052,4,bmeleton_merged_pivot_refit_both,1.1968364512356358,-78.7279290964512,107.21628624296235,2,0,17,59,17,59,0.5381232165566839,False,144.70204103198557,1.8161581744274673,0.1838418255725328,1.4583377162426028,,,,,,,,bmeleton_merged,,,1.757173291181461,True,True,ok,ok,14.0,45.0,14.0,45.0,14.0,45.0,14.0,45.0,0.7144412057588178,0.7638692205399362,0.9800269030253289,0.9855230038869618,1.1472287979925981,0.06409603810700731,end,start,0.0,0.2753789293940703,,,,,,False
5052,5,bmeleton_merged_pivot_refit_both,-56.799205706690955,-81.10862509640614,186.1278561120261,2,1,17,84,17,84,0.06527255353383411,False,4.78033057567108,0.0034784731835213467,0.0034784731835213467,0.0031812807545545173,,,,,,,,bmeleton_merged,,,1.865855525027127,True,True,ok,ok,17.0,53.0,17.0,58.0,17.0,57.0,17.0,53.0,0.9106669995799106,1.5412408236479749,1.5737875948510731,1.7769881701060202,0.06493364289148812,0.10656882132672978,start,start,2.0,0.25398899585507273,,,,,,False
5052,6,bmeleton_final_refit_vertex,6.614168232445236,-78.5322053413425,96.68086243690695,3,1,14,13,14,13,1.6188882126382447,False,37.87311997814792,0.21062781325422453,0.21062781325422453,0.10732635379399987,,,,,,,,bmeleton_final_refit,,,,,,,,,,,,,,,,,,,,,,,,,,1.0,5.0,2.0,0.10732635379399987,,False
5053,0,bmeleton_merged_intersection,-2.728517851579748,-79.55207891966522,62.41729551659952,1,0,40,67,40,67,0.29999646271942376,False,32.480140079901346,0.15642236553113853,0.15642236553113853,0.3819712494257492,,,,,,,,bmeleton_merged,0.15642236553113853,1.0,,,,,,,,,,,,,,,,,,,,,,,,,,,,,False
5053,1,bmeleton_merged_pivot_refit_both,-2.2458947222337127,-79.60674589867929,62.23186878003838,1,0,40,67,40,67,0.20465167363266526,False,148.18322035655214,1.8497383322550054,0.1502616677449946,2.1484157799780323,,,,,,,,bmeleton_merged,,,0.5199006041600642,True,True,ok,ok,40.0,28.0,40.0,28.0,40.0,28.0,40.0,28.0,0.7109994574514866,0.7322109332725534,0.9681148648345081,0.915253022096673,0.1717624620524228,0.5113503945436316,end,start,0.0,0.29999646271942376,,,,,,False
5053,2,bmeleton_final_refit_vertex,-1.4267814085956605,-79.77660196153965,64.65760115897942,2,1,40,34,40,34,0.23053088820111342,False,42.71932463393094,0.26531417531510537,0.26531417531510537,0.46765345368390865,,,,,,,,bmeleton_final_refit,,,,,,,,,,,,,,,,,,,,,,,,,,1.0,38.55155401111371,2.0,0.46765345368390865,,False
5055,0,bmeleton_merged_intersection,-5.080649872384084,-74.94373074749042,101.18477225826621,0,1,70,13,70,13,0.7169504957938584,False,24.853878306779187,0.09261735614709288,0.09261735614709288,0.1221767737301169,,,,,,,,bmeleton_merged,0.09261735614709288,1.0,,,,,,,,,,,,,,,,,,,,,,,,,,,,,False
5055,1,bmeleton_merged_pivot_refit_both,-5.214785379163978,-74.78007337257108,101.57644525071717,0,1,70,13,70,13,0.49644619323403855,False,155.2624568954515,1.9082341747822325,0.09176582521776755,1.8026727937953109,,,,,,,,bmeleton_merged,,,0.44517839520812424,True,True,ok,ok,50.0,13.0,50.0,13.0,50.0,13.0,50.0,13.0,0.5250535149893938,0.34822142897291936,0.787911792054728,0.3873024489382855,0.1510360931154972,0.15114400781877982,start,end,0.0,0.7169504957938584,,,,,,False
5055,2,bmeleton_final_refit_vertex,-6.245630165457068,-74.60898103851133,103.76650001229444,0,2,15,13,15,13,1.019452874121763,False,40.92198427945584,0.24439780924630305,0.24439780924630305,0.14174168923054153,,,,,,,,bmeleton_final_refit,,,,,,,,,,,,,,,,,,,,,,,,,,1.0,31.001931496757663,2.0,0.14174168923054153,,False
5058,0,bmeleton_merged_intersection,-0.6799920143378982,-73.94541879939788,81.88357813769468,0,1,138,14,138,14,1.8444231355410379,False,5.781941567351784,0.005087489752854446,0.005087489752854446,0.008167897264400708,,,,,,,,bmeleton_merged,0.005087489752854557,1.0,,,,,,,,,,,,,,,,,,,,,,,,,,,,,False
5058,1,bmeleton_merged_pivot_refit_both,-0.6039076641952476,-74.02047810195575,82.07992330856052,0,1,138,14,138,14,2.0023623163324857,False,5.785970069316998,0.005094575495953824,0.005094575495953824,0.0021320873742096875,,,,,,,,bmeleton_merged,,,0.22354899543374773,True,True,ok,ok,37.0,14.0,48.0,14.0,38.0,14.0,37.0,14.0,2.119557165106502,1.4095183700587715,2.161319940119047,1.4662422735312586,0.4586644119433661,0.8025154770385033,end,end,0.0,1.8444231355410379,,,,,,False
5058,2,bmeleton_final_refit_vertex,-2.244357926395518,-75.27680054089441,99.33882997040259,0,2,43,14,43,14,1.2509125883220433,False,35.037041713718594,0.18121894396106653,0.18121894396106653,0.17782729557282673,,,,,,,,bmeleton_final_refit,,,,,,,,,,,,,,,,,,,,,,,,,,1.0,43.570439842067074,2.0,0.17782729557282673,,False
5070,0,bmeleton_merged_intersection,-4.229811671047104,-79.50308287508585,45.38587180978899,2,1,14,22,14,22,2.4295108307273017,False,31.547954412002074,0.14779744587704524,0.14779744587704524,0.08728147476107971,,,,,,,,bmeleton_merged,0.14779744587704524,2.0,,,,,,,,,,,,,,,,,,,,,,,,,,,,,False
5070,1,bmeleton_merged_intersection,-2.498875207379313,-79.11325303944017,50.01801493161152,2,0,14,28,14,28,3.4393146183515073,False,20.830453370765774,0.06536319910692578,0.06536319910692578,0.03833620903246678,,,,,,,,bmeleton_merged,0.0653631991069259,1.0,,,,,,,,,,,,,,,,,,,,,,,,,,,,,False
5070,2,bmeleton_merged_intersection,-2.0962167336736712,-80.19570815609401,37.948609358751256,0,1,28,22,28,22,1.2761310155599224,False,10.825539499926006,0.01779637176889548,0.01779637176889548,0.017594212516213317,,,,,,,,bmeleton_merged,0.01779637176889559,3.0,,,,,,,,,,,,,,,,,,,,,,,,,,,,,False
5070,3,bmeleton_merged_pivot_refit_both,-3.775002730605576,-79.83436446734646,45.997182938243895,2,1,14,22,14,22,1.7943616152076782,False,32.003383562401076,0.1519831993358105,0.1519831993358105,0.0705048200274875,,,,,,,,bmeleton_merged,,,0.830842922247691,True,True,ok,ok,14.0,22.0,14.0,22.0,14.0,22.0,14.0,22.0,0.2703624678128873,1.0275130831269537,0.4405378245548709,1.4964162187037746,0.117162894472247,1.9227409278078276,end,end,0.0,2.4295108307273017,,,,,,False
5070,4,bmeleton_merged_pivot_refit_both,-2.314931523687851,-79.25998450030455,50.22481786755651,2,0,14,28,14,28,2.2582812576749354,False,159.28507110643142,1.9353518982561497,0.06464810174385027,0.8698246032034143,,,,,,,,bmeleton_merged,,,0.3132616393573437,True,True,ok,ok,14.0,21.0,14.0,21.0,14.0,21.0,14.0,21.0,0.2703624678128873,0.7175833143128774,0.4405378245548709,0.737655193607514,0.2849855536460833,1.865870035966425,end,start,1.0,3.4393146183515073,,,,,,False
5070,5,bmeleton_merged_pivot_refit_both,-2.0202839254499176,-80.2035819198079,39.52529456183362,0,1,28,22,28,22,0.8636425120188175,False,168.6771112935276,1.9805363030918097,0.019463696908190165,0.9984176360936524,,,,,,,,bmeleton_merged,,,1.5785322350647892,True,True,ok,ok,14.0,22.0,14.0,22.0,14.0,22.0,14.0,22.0,0.6883226746293589,1.0275130831269537,0.7262551592423526,1.4964162187037746,0.9740271174145779,0.5747922227465987,start,end,2.0,1.2761310155599224,,,,,,False
5070,6,bmeleton_final_refit_vertex,-4.229811671047104,-79.50308287508585,45.38587180978899,1,2,22,14,22,14,2.4295108307273017,False,31.547954412002074,0.14779744587704524,0.14779744587704524,0.08728147476107971,,,,,,,,bmeleton_final_refit,,,,,,,,,,,,,,,,,,,,,,,,,,1.0,3.0,2.0,0.08728147476107971,,False
5077,0,bmeleton_merged_intersection,-0.5745178119063594,-71.58012800548092,73.79954311652502,1,0,35,78,35,78,0.23249933111268056,False,35.2219382811816,0.18307587474915854,0.18307587474915854,0.4570284846000326,,,,,,,,bmeleton_merged,0.18307587474915854,1.0,,,,,,,,,,,,,,,,,,,,,,,,,,,,,False
5077,1,bmeleton_merged_pivot_refit_both,0.08706061451624736,-71.63584663466244,75.45910705327192,1,0,35,78,35,78,0.20466115578994315,False,145.32591281949345,1.8224014215851572,0.17759857841484283,2.164866269043553,,,,,,,,bmeleton_merged,,,1.7874403598712238,True,True,ok,ok,35.0,34.0,35.0,35.0,35.0,34.0,35.0,34.0,0.5212919554270676,0.9508886563035879,0.8315164821925621,1.231525371256447,0.12050081616642735,0.6638506109953952,end,start,0.0,0.23249933111268056,,,,,,False
5077,2,bmeleton_final_refit_vertex,0.7437598918195403,-71.94776443016971,76.09587234700575,0,2,36,35,36,35,0.34006625636023946,False,42.98265210231172,0.2684398378534766,0.2684398378534766,0.44609320038266903,,,,,,,,bmeleton_final_refit,,,,,,,,,,,,,,,,,,,,,,,,,,1.0,8.725433789647948,2.0,0.44609320038266903,,False
5080,0,bmeleton_merged_intersection,-0.8217881028236035,-73.66872204582663,95.95920632502433,1,0,31,52,31,52,0.3245275609469649,False,10.158589394086873,0.015676660851580815,0.015676660851580815,0.02955255341353911,,,,,,,,bmeleton_merged,0.015676660851580815,1.0,,,,,,,,,,,,,,,,,,,,,,,,,,,,,False
5080,1,bmeleton_merged_intersection,-1.1583064069644962,-74.85126737537011,104.2317682039965,1,2,31,12,31,12,2.2336744098228154,False,9.383848437967728,0.01338183634154988,0.01338183634154988,0.008920069449312666,,,,,,,,bmeleton_merged,0.01338183634154988,2.0,,,,,,,,,,,,,,,,,,,,,,,,,,,,,False
5080,2,bmeleton_merged_intersection,-0.49239946944174107,-74.05553189982861,124.359143998149,0,2,52,12,52,12,1.2315496325864437,False,3.905032665069763,0.0023216992433074957,0.0023216992433074957,0.002326709724258504,,,,,,,,bmeleton_merged,0.0023216992433074957,3.0,,,,,,,,,,,,,,,,,,,,,,,,,,,,,False
5080,3,bmeleton_merged_pivot_refit_both,-1.3002206046492972,-74.52052195733441,110.77869786190846,1,2,31,12,31,12,2.1441562537468584,False,10.753839305667169,0.017562103180660094,0.017562103180660094,0.006107701265826718,,,,,,,,bmeleton_merged,,,6.556814784382989,True,True,ok,ok,19.0,12.0,20.0,12.0,20.0,12.0,19.0,12.0,0.953272816403457,0.6288162335646725,1.3641900513703322,0.7371922939293397,1.7826454925536028,1.766380589812575,end,end,1.0,2.2336744098228154,,,,,,False
5080,4,bmeleton_final_refit_vertex,-6.605873484027755,-74.39833493765899,131.27347596097005,2,0,28,5,28,5,3.9295848314815314,False,30.42944275972917,0.13774648179950977,0.13774648179950977,0.04563029477552841,,,,,,,,bmeleton_final_refit,,,,,,,,,,,,,,,,,,,,,,,,,,1.0,5.0,2.0,0.04563029477552841,,False
5083,0,bmeleton_merged_intersection,-3.9225251211657635,-76.09871806789077,80.93629941958295,0,1,112,96,112,96,0.11438236628568292,False,36.014343366472275,0.1911301765289889,0.1911301765289889,0.5605667395605691,,,,,,,,bmeleton_merged,0.1911301765289889,1.0,,,,,,,,,,,,,,,,,,,,,,,,,,,,,False
5083,1,bmeleton_merged_pivot_refit_both,-1.386593342969433,-76.0240655477619,85.24904910164284,0,1,112,96,112,96,0.2833663315196456,False,146.05230983297818,1.829547758245448,0.17045224175455187,2.8465451525887935,,,,,,,,bmeleton_merged,,,5.003631961139353,True,True,ok,ok,70.0,91.0,77.0,92.0,70.0,91.0,70.0,91.0,1.733198178406724,1.1850219456686886,1.9598374813368193,1.4241056639433636,2.1364618179827577,0.06541978675609308,start,end,0.0,0.11438236628568292,,,,,,False
5083,2,bmeleton_final_refit_vertex,-1.5097039189174004,-76.25172651086838,84.6426919686964,2,1,93,31,93,31,0.285933006864475,False,45.09290499601331,0.29404072017556393,0.29404072017556393,0.7467034415439008,,,,,,,,bmeleton_final_refit,,,,,,,,,,,,,,,,,,,,,,,,,,1.0,5.0,2.0,0.7467034415439008,,False
5084,0,bmeleton_merged_intersection,0.3329673559009989,-64.9950192401347,70.18350644407862,1,0,29,76,29,76,2.9892348374462507,False,36.7202590135415,0.1984357180499623,0.1984357180499623,0.2915147028145913,,,,,,,,bmeleton_merged,0.1984357180499623,1.0,,,,,,,,,,,,,,,,,,,,,,,,,,,,,False
5084,1,bmeleton_merged_pivot_refit_both,-0.7290638044826783,-65.17367888061662,71.9016011824701,1,0,29,76,29,76,1.7454874004175585,False,144.2812007225892,1.8118920178912612,0.1881079821087387,1.4043101074846445,,,,,,,,bmeleton_merged,,,2.027727541572471,True,True,ok,ok,29.0,32.0,29.0,32.0,29.0,32.0,29.0,32.0,0.6440825236567962,0.945726543722264,0.8644005662782491,1.1495241087789971,0.15864053950477208,1.53722180631639,end,start,0.0,2.9892348374462507,,,,,,False
5084,2,bmeleton_final_refit_vertex,-1.222480074563649,-64.63535136183906,72.57556185906088,0,2,40,29,40,29,2.8364145920811206,False,46.81633648430862,0.3156607693943343,0.3156607693943343,0.34298269568418394,,,,,,,,bmeleton_final_refit,,,,,,,,,,,,,,,,,,,,,,,,,,1.0,6.939934072432854,2.0,0.34298269568418394,,False
5098,0,bmeleton_merged_intersection,3.313174591315334,-75.0531998342448,66.06833143541982,0,1,79,12,79,12,1.324765907467856,False,30.9917861467005,0.1427588728739666,0.1427588728739666,0.17374120597938944,,,,,,,,bmeleton_merged,0.14275887287396694,1.0,,,,,,,,,,,,,,,,,,,,,,,,,,,,,False
5098,1,bmeleton_merged_pivot_refit_both,3.7267863275021793,-74.65272244638795,67.24571354063002,0,1,79,12,79,12,1.0400596344575688,False,149.60884725562343,1.8625917974905137,0.13740820250948627,1.0766986458947172,,,,,,,,bmeleton_merged,,,1.3106049855564164,True,True,ok,ok,30.0,12.0,30.0,12.0,30.0,12.0,30.0,12.0,1.0875811529722403,0.21974739394376894,1.4694359536344377,0.2782234565594755,0.7481674699110445,0.207835066546031,start,end,0.0,1.324765907467856,,,,,,False
5098,2,bmeleton_final_refit_vertex,5.211831590310856,-73.47229173338037,70.86591903477401,0,2,40,12,40,12,0.7622679071522679,False,41.97923632071337,0.25661273402917106,0.25661273402917106,0.24391886187102343,,,,,,,,bmeleton_final_refit,,,,,,,,,,,,,,,,,,,,,,,,,,1.0,31.74566113464153,2.0,0.24391886187102343,,False
5101,0,bmeleton_merged_intersection,-3.7413450659230945,-68.78677120775265,100.83331242745118,1,2,28,22,28,22,0.8604090772634376,False,45.41174227243838,0.29799288530405055,0.29799288530405055,0.31550651214754954,,,,,,,,bmeleton_merged,0.29799288530405055,1.0,,,,,,,,,,,,,,,,,,,,,,,,,,,,,False
5101,1,bmeleton_merged_intersection,-0.15490940257008895,-68.17258057201089,105.51491729779255,2,0,22,110,22,110,1.4652794264863016,False,38.21773538026454,0.21433456708705212,0.21433456708705212,0.40771117019965863,,,,,,,,bmeleton_merged,0.21433456708705223,3.0,,,,,,,,,,,,,,,,,,,,,,,,,,,,,False
5101,2,bmeleton_merged_intersection,-0.16212129291442495,-68.46154075170554,75.04692655508292,1,0,28,110,28,110,1.51927613264846,False,7.409402896691471,0.008349987810333137,0.008349987810333137,0.017770589379252636,,,,,,,,bmeleton_merged,0.008349987810333248,2.0,,,,,,,,,,,,,,,,,,,,,,,,,,,,,False
5101,3,bmeleton_merged_pivot_refit_both,-0.4530120650835499,-68.12829828920042,105.14105528328557,2,0,22,110,22,110,1.1512178154188721,False,141.6127970440103,1.7838321714771395,0.21616782852286065,2.223877767827219,,,,,,,,bmeleton_merged,,,0.4802071676471943,True,True,ok,ok,22.0,98.0,22.0,98.0,22.0,98.0,22.0,98.0,0.40545537638741047,1.5618983707484615,0.548635370488351,1.914247520726893,0.2705289871277559,0.3162474292851163,end,start,1.0,1.4652794264863016,,,,,,False
5101,4,bmeleton_merged_pivot_refit_both,-3.15149314925216,-68.67638193790614,101.5809628580699,1,2,28,22,28,22,0.8585052041499571,False,46.37633549597193,0.31008141508850695,0.31008141508850695,0.20502634645944343,,,,,,,,bmeleton_merged,,,0.9586929857373406,True,True,ok,ok,22.0,22.0,22.0,22.0,22.0,22.0,22.0,22.0,1.092674240440822,0.40545537638741047,1.3709122188342875,0.548635370488351,1.1732640280348987,0.14546392123917076,end,end,0.0,0.8604090772634376,,,,,,False
5101,5,bmeleton_merged_pivot_refit_both,-0.809353881969054,-68.50425054630513,79.67339723374275,1,0,28,110,28,110,1.0319513983497992,False,173.04592956545352,1.9926435258907658,0.0073564741092342345,2.0826028563420835,,,,,,,,bmeleton_merged,,,4.671719714557823,True,True,ok,ok,27.0,68.0,27.0,68.0,27.0,68.0,27.0,68.0,0.960219801324578,1.646231782608305,1.3220091024131906,1.9743816362251934,0.631626042942674,0.5206056822013372,end,start,2.0,1.51927613264846,,,,,,False
5101,6,bmeleton_final_refit_vertex,-2.6679025521113675,-68.46787879122081,102.26542369477039,1,3,23,22,23,22,0.7800605765710109,False,48.20448884493596,0.3335259362055054,0.3335259362055054,0.32449834714338677,,,,,,,,bmeleton_final_refit,,,,,,,,,,,,,,,,,,,,,,,,,,1.0,20.817601482594526,2.0,0.32449834714338677,,False
5119,0,bmeleton_merged_intersection,6.066877862468662,-74.525794045211,106.94699433525207,2,1,26,23,26,23,1.5356970867151605,False,47.873799934006065,0.3292341623518378,0.3292341623518378,0.30796657119546916,,,,,,,,bmeleton_merged,0.3292341623518378,2.0,,,,,,,,,,,,,,,,,,,,,,,,,,,,,False
5119,1,bmeleton_merged_intersection,7.313745381588832,-74.43149635408587,108.64585380949524,2,0,26,97,26,97,0.7368067340597134,False,34.33652100366422,0.17426107142989544,0.17426107142989544,0.38136664871293313,,,,,,,,bmeleton_merged,0.17426107142989544,1.0,,,,,,,,,,,,,,,,,,,,,,,,,,,,,False
5119,2,bmeleton_merged_intersection,7.054914100749375,-75.2077204752254,102.069879449317,0,1,97,23,97,23,0.7864531529103013,False,13.537856132096286,0.02778453248631041,0.02778453248631041,0.05669965886491701,,,,,,,,bmeleton_merged,0.02778453248631052,3.0,,,,,,,,,,,,,,,,,,,,,,,,,,,,,False
5119,3,bmeleton_merged_pivot_refit_both,7.011159519202296,-74.37902030451035,108.19354000399515,2,0,26,97,26,97,0.7786749323452198,False,145.5056114623308,1.824181657643006,0.1758183423569939,2.269398278106615,,,,,,,,bmeleton_merged,,,0.5467172199055212,True,True,ok,ok,26.0,82.0,26.0,83.0,26.0,82.0,26.0,82.0,0.5886200744733872,1.7633217804859245,0.642885746701311,1.9180833229599785,0.15339779532203032,0.2926579674631559,end,start,1.0,0.7368067340597134,,,,,,False
5119,4,bmeleton_merged_pivot_refit_both,6.167906238193179,-74.53684129021971,107.07794219566088,2,1,26,23,26,23,1.5010971079832824,False,48.063839538672156,0.3316978283227372,0.3316978283227372,0.2093224230615579,,,,,,,,bmeleton_merged,,,0.16575921232155383,True,True,ok,ok,26.0,23.0,26.0,23.0,26.0,23.0,26.0,23.0,0.5886200744733872,1.1657039238153253,0.642885746701311,1.6817814352083507,0.3161320784642818,1.1178328009050433,end,end,0.0,1.5356970867151605,,,,,,False
5119,5,bmeleton_merged_pivot_refit_both,6.742875796745141,-75.10587922346312,104.09156852432976,0,1,97,23,97,23,0.7294172582389458,False,166.46232619392788,1.9722162124204,0.027783787579600205,2.0214964294658095,,,,,,,,bmeleton_merged,,,2.0481616781280456,True,True,ok,ok,75.0,23.0,75.0,23.0,75.0,23.0,75.0,23.0,1.7648679726540573,1.1657039238153253,1.9071039373151137,1.6817814352083507,0.3059722211594157,0.5124827320013934,start,end,2.0,0.7864531529103013,,,,,,False
5119,6,bmeleton_final_refit_vertex,6.066877862468662,-74.525794045211,106.94699433525207,2,1,26,23,26,23,1.5356970867151605,False,47.873799934006065,0.3292341623518378,0.3292341623518378,0.30796657119546916,,,,,,,,bmeleton_final_refit,,,,,,,,,,,,,,,,,,,,,,,,,,1.0,3.0,2.0,0.30796657119546916,,False
5120,0,bmeleton_merged_intersection,0.1577606916637105,-68.11866591190315,114.28159415541349,0,1,143,20,143,20,0.4391316556477688,False,13.573437366841878,0.027930090722177003,0.027930090722177003,0.06865399284952815,,,,,,,,bmeleton_merged,0.027930090722177003,1.0,,,,,,,,,,,,,,,,,,,,,,,,,,,,,False
5120,1,bmeleton_merged_pivot_refit_both,0.15132413895485505,-68.1362325983003,114.22037481049985,0,1,143,20,143,20,0.39469213895384836,False,166.41302611737538,1.9720144346979196,0.027985565302080295,2.519013159615338,,,,,,,,bmeleton_merged,,,0.06401426304664118,True,True,ok,ok,115.0,19.0,115.0,19.0,115.0,19.0,115.0,19.0,1.7032340494652838,1.007408455745492,1.9588810996630142,1.3976552604922383,0.10082524785334224,0.3320472432694507,start,end,0.0,0.4391316556477688,,,,,,False
5120,2,bmeleton_final_refit_vertex,1.1244270904810139,-67.14929789548245,119.47825124781417,1,2,20,19,20,19,0.9541778994020361,False,36.3758732628929,0.19485639065985394,0.19485639065985394,0.1594867669912991,,,,,,,,bmeleton_final_refit,,,,,,,,,,,,,,,,,,,,,,,,,,1.0,5.0,2.0,0.1594867669912991,,False
5123,0,bmeleton_merged_intersection,-0.09782351495579866,-67.81708697525323,68.1206771467408,2,1,50,49,50,49,0.008803504381918615,False,38.8856238144934,0.22159931265055188,0.22159931265055188,0.5474663938257912,,,,,,,,bmeleton_merged,0.221599312650552,3.0,,,,,,,,,,,,,,,,,,,,,,,,,,,,,False
5123,1,bmeleton_merged_intersection,0.6392534993436609,-67.64341407081693,69.40946716662648,0,2,23,50,23,50,0.5922461890211704,False,29.01539108428203,0.12551055644593734,0.12551055644593734,0.19027551305171864,,,,,,,,bmeleton_merged,0.12551055644593734,1.0,,,,,,,,,,,,,,,,,,,,,,,,,,,,,False
5123,2,bmeleton_merged_intersection,0.8000093136581596,-67.79283026351709,63.56353226683525,0,1,23,49,23,49,0.46623377747233363,False,9.990783651141884,0.015164327441167358,0.015164327441167358,0.023282891737238836,,,,,,,,bmeleton_merged,0.015164327441167469,2.0,,,,,,,,,,,,,,,,,,,,,,,,,,,,,False
5123,3,bmeleton_merged_pivot_refit_both,0.20778546260626918,-67.83796411791607,68.9096978920047,2,1,50,49,50,49,0.01142162784632028,False,39.462317486214246,0.22795724509731985,0.22795724509731985,0.3275688184098021,,,,,,,,bmeleton_merged,,,0.846396147621841,True,True,ok,ok,48.0,34.0,48.0,34.0,48.0,34.0,48.0,34.0,0.5764763826049015,0.9535648337755409,0.7781534708453551,1.6124668796544912,0.03322956477974548,0.5439262890968776,end,end,0.0,0.008803504381918615,,,,,,False
5123,4,bmeleton_merged_pivot_refit_both,0.6419931840412793,-67.63511865056984,69.60481346376207,0,2,23,50,23,50,0.6006222230344107,False,150.95624443604643,1.8742492133743447,0.1257507866256552,1.9245146430398299,,,,,,,,bmeleton_merged,,,0.1955415446239059,True,True,ok,ok,21.0,47.0,21.0,47.0,21.0,47.0,21.0,47.0,0.8215388290477679,0.5884637219714081,0.8924186688139519,0.7854792893260845,0.28753421041472377,0.10405453203336307,start,end,1.0,0.5922461890211704,,,,,,False
5123,5,bmeleton_merged_pivot_refit_both,0.7775247350896701,-67.77641002535975,64.97083356000144,0,1,23,49,23,49,0.5420018637985893,False,169.72804307452117,1.9839724337508526,0.01602756624914725,1.6154416253383854,,,,,,,,bmeleton_merged,,,1.4075766800575245,True,True,ok,ok,21.0,35.0,21.0,35.0,21.0,35.0,21.0,35.0,0.8215388290477679,1.0862504017298582,0.8924186688139519,1.636431760157476,0.2501337123721698,0.4275640257922512,start,end,2.0,0.46623377747233363,,,,,,False
5123,6,bmeleton_final_refit_vertex,0.07061712401204723,-67.93139782032225,68.48122127163214,3,2,50,35,50,35,0.17504782355634446,False,39.21300150652695,0.22519895076481222,0.22519895076481222,0.4551043935881281,,,,,,,,bmeleton_final_refit,,,,,,,,,,,,,,,,,,,,,,,,,,1.0,3.221568720564102,2.0,0.4551043935881281,,False
5126,0,bmeleton_merged_intersection,0.5882138906783583,-72.68845544548546,35.7172507126527,0,1,50,51,50,51,0.8478654056774948,False,33.774535430184706,0.16876837245564902,0.16876837245564902,0.36433743186880174,,,,,,,,bmeleton_merged,0.16876837245564902,1.0,,,,,,,,,,,,,,,,,,,,,,,,,,,,,False
5126,1,bmeleton_merged_pivot_refit_both,0.8411370414322556,-72.61456950331625,35.67833125419712,0,1,50,51,50,51,0.6181662307568685,False,33.56064787885196,0.16669887313301046,0.16669887313301046,0.18514507677726103,,,,,,,,bmeleton_merged,,,0.2663531056398379,True,True,ok,ok,30.0,50.0,30.0,50.0,30.0,50.0,30.0,50.0,1.2017883753287673,0.9253973129313199,1.5469547969705963,1.2726926513540426,0.38095922139712074,0.13913902237372816,end,end,0.0,0.8478654056774948,,,,,,False
5126,2,bmeleton_final_refit_vertex,0.9004845953062315,-72.48554971861974,35.03661470228389,2,1,51,33,51,33,0.3532023586621627,False,33.329679637801114,0.16447714863852692,0.16447714863852692,0.3151185536874293,,,,,,,,bmeleton_final_refit,,,,,,,,,,,,,,,,,,,,,,,,,,1.0,3.7489242794818245,2.0,0.3151185536874293,,False
5134,0,bmeleton_merged_intersection,-2.9444835311604347,-79.60174020370926,106.09952026711429,1,0,9,75,9,75,3.4544293046537766,False,14.464719954869697,0.031698370943476495,0.031698370943476495,0.024352555482830433,,,,,,,,bmeleton_merged,0.031698370943476495,1.0,,,,,,,,,,,,,,,,,,,,,,,,,,,,,False
5134,1,bmeleton_merged_pivot_refit_both,-2.3215784197728158,-79.22696291320584,109.22026424875604,1,0,9,75,9,75,3.2136438467247195,False,165.9351713215271,1.970021376924021,0.029978623075978983,0.9810506941083542,,,,,,,,bmeleton_merged,,,3.2042958343797037,True,True,ok,ok,9.0,54.0,9.0,54.0,9.0,54.0,9.0,54.0,0.2880922284412478,0.8682513299761319,0.5372637452761744,1.0454684616029322,0.8618628937436151,0.9481115403920424,end,start,0.0,3.4544293046537766,,,,,,False
5134,2,bmeleton_final_refit_vertex,-2.643734577316314,-79.38123343787348,106.99571720072574,0,2,17,9,17,9,3.234214006499116,False,23.46727581702751,0.08271233177018877,0.08271233177018877,0.031062316344988985,,,,,,,,bmeleton_final_refit,,,,,,,,,,,,,,,,,,,,,,,,,,1.0,78.32829237205978,2.0,0.031062316344988985,,False
5135,0,bmeleton_merged_intersection,-6.5151439144629535,-68.51990709520904,86.66966003918216,1,0,13,67,13,67,0.4169019214590763,False,33.03750537095442,0.16168612818025407,0.16168612818025407,0.22022715843858787,,,,,,,,bmeleton_merged,0.1616861281802543,1.0,,,,,,,,,,,,,,,,,,,,,,,,,,,,,False
5135,1,bmeleton_merged_pivot_refit_both,-6.171939108006388,-68.11354179574141,87.78666055145058,1,0,13,67,13,67,0.057674788270514976,False,147.2550630588846,1.8410868139975523,0.15891318600244786,1.6862333965652077,,,,,,,,bmeleton_merged,,,1.2371792271915212,True,True,ok,ok,13.0,42.0,13.0,42.0,13.0,42.0,13.0,42.0,0.23443906088875222,0.747467154573477,0.32424738181316987,0.939434158471814,0.09327294988173225,0.4077922594581575,end,start,0.0,0.4169019214590763,,,,,,False
5135,2,bmeleton_final_refit_vertex,-5.899226275443046,-67.75960910899772,88.12506911320136,1,2,20,13,20,13,0.404860985349712,False,40.904967908879954,0.24420330387075506,0.24420330387075506,0.18213511727024653,,,,,,,,bmeleton_final_refit,,,,,,,,,,,,,,,,,,,,,,,,,,1.0,46.02304573074624,2.0,0.18213511727024653,,False
5138,0,bmeleton_merged_intersection,1.620816185186189,-74.43350879509477,67.14387384224632,0,1,81,59,81,59,0.21420393586342007,False,40.19444727505032,0.23614142149659823,0.23614142149659823,0.679321592714504,,,,,,,,bmeleton_merged,0.23614142149659823,1.0,,,,,,,,,,,,,,,,,,,,,,,,,,,,,False
5138,1,bmeleton_merged_pivot_refit_both,0.6760294765867694,-74.43761618458342,69.45655389945438,0,1,81,59,81,59,0.1672256393613843,False,140.77158667469453,1.7746309662560753,0.2253690337439248,2.034052448689685,,,,,,,,bmeleton_merged,,,2.4982249383116786,True,True,ok,ok,30.0,59.0,31.0,59.0,30.0,59.0,30.0,59.0,1.335981168644777,1.544912769340354,1.8169075469107918,2.1597583785521963,1.1343443327037208,0.15996841335298306,start,end,0.0,0.21420393586342007,,,,,,False
5138,2,bmeleton_final_refit_vertex,0.9674645713522003,-74.79076665623577,68.21127249425604,2,0,59,41,59,41,0.8021535822171756,False,43.15803026907807,0.27053013060085274,0.27053013060085274,0.5733031984400273,,,,,,,,bmeleton_final_refit,,,,,,,,,,,,,,,,,,,,,,,,,,1.0,32.94462138195504,2.0,0.5733031984400273,,False
5142,0,bmeleton_merged_intersection,0.3212961523200335,-77.93844248196206,62.178957583234606,1,0,25,121,25,121,2.987023567375305,False,24.46321978451463,0.08977271016762056,0.08977271016762056,0.1545475300519769,,,,,,,,bmeleton_merged,0.08977271016762056,1.0,,,,,,,,,,,,,,,,,,,,,,,,,,,,,False
5142,1,bmeleton_final_refit_vertex,5.495201205566509,-80.67499391110994,111.21483785543892,2,1,25,24,25,24,0.738938887199477,False,43.56579033606619,0.27541651565056247,0.27541651565056247,0.2938826947538491,,,,,,,,bmeleton_final_refit,,,,,,,,,,,,,,,,,,,,,,,,,,1.0,48.51043202673233,2.0,0.2938826947538491,,False
5151,0,bmeleton_merged_intersection,3.7232446703353914,-76.27282970264919,22.346553806076425,1,0,30,56,30,56,1.5145679630899296,False,30.742555154224483,0.1405271598276182,0.1405271598276182,0.2210391995589441,,,,,,,,bmeleton_merged,0.14052715982761832,1.0,,,,,,,,,,,,,,,,,,,,,,,,,,,,,False
5151,1,bmeleton_merged_pivot_refit_both,3.6300307462832797,-75.93468633568992,22.764997377121034,1,0,30,56,30,56,1.1119200451771298,False,30.988692000997467,0.14273106714365058,0.14273106714365058,0.12520399917256655,,,,,,,,bmeleton_merged,,,0.5460080534244075,True,True,ok,ok,22.0,40.0,22.0,42.0,22.0,42.0,22.0,40.0,0.33466967102189826,1.1236769372402509,0.5405722091683149,1.537996966971856,0.24981397439797368,0.2975723407841946,end,end,0.0,1.5145679630899296,,,,,,False
5151,2,bmeleton_final_refit_vertex,3.780896841177247,-75.76360034254851,23.56247074676166,0,2,44,22,44,22,1.171788945792962,False,31.84608075930516,0.15053139181803,0.15053139181803,0.18971151761336294,,,,,,,,bmeleton_final_refit,,,,,,,,,,,,,,,,,,,,,,,,,,1.0,5.0,2.0,0.18971151761336294,,False
5154,0,bmeleton_merged_intersection,3.560088376732202,-70.16965727599411,64.86571353660231,0,1,42,109,42,109,0.16917278937999897,False,5.4613337414407335,0.004539346459422777,0.004539346459422777,0.013172358453799826,,,,,,,,bmeleton_merged,0.004539346459422888,1.0,,,,,,,,,,,,,,,,,,,,,,,,,,,,,False
5154,1,bmeleton_merged_pivot_refit_both,3.7068060087570007,-70.39794650394073,59.65912343804403,0,1,42,109,42,109,0.29001131471325525,False,5.0951486429875885,0.003951411288224516,0.003951411288224516,0.002788160826719583,,,,,,,,bmeleton_merged,,,5.213657304575035,True,True,ok,ok,12.0,45.0,22.0,58.0,12.0,57.0,12.0,45.0,0.8850712638088185,1.2772741705002046,1.510305453538711,1.630271852128125,0.030745552588319142,0.3792354278199957,end,end,0.0,0.16917278937999897,,,,,,False
5154,2,bmeleton_final_refit_vertex,4.517329740252454,-69.28446818189639,93.76881496868037,2,1,59,22,59,22,0.8180296897721288,False,21.606178399515734,0.07026321564472593,0.07026321564472593,0.10877508803532698,,,,,,,,bmeleton_final_refit,,,,,,,,,,,,,,,,,,,,,,,,,,1.0,5.0,2.0,0.10877508803532698,,False
5156,0,bmeleton_merged_intersection,3.0824380268063054,-68.5978563503202,129.59627206070235,1,0,39,153,39,153,0.7380847790889279,False,17.498145045985808,0.04627331438478721,0.04627331438478721,0.12096365642788826,,,,,,,,bmeleton_merged,0.04627331438478732,1.0,,,,,,,,,,,,,,,,,,,,,,,,,,,,,False
5156,1,bmeleton_merged_pivot_refit_both,3.549670855897365,-68.56362146150815,130.16622810552013,1,0,39,153,39,153,0.6373954950506092,False,162.9031856329121,1.9558093618992816,0.04419063810071844,3.1166435538724837,,,,,,,,bmeleton_merged,,,0.7377861730994578,True,True,ok,ok,39.0,130.0,39.0,130.0,39.0,130.0,39.0,130.0,0.9893832219125737,1.6020088016187262,1.3215064156986531,1.9976374770271543,0.2708282065986945,0.26088683533046636,end,start,0.0,0.7380847790889279,,,,,,False
5156,2,bmeleton_final_refit_vertex,1.6995178417051795,-68.76979110819738,125.11656173367915,2,1,39,12,39,12,0.9415238753059477,False,16.891956955654177,0.043145617292035254,0.043145617292035254,0.03927369612310994,,,,,,,,bmeleton_final_refit,,,,,,,,,,,,,,,,,,,,,,,,,,1.0,33.49172416280818,2.0,0.03927369612310994,,False
5172,0,bmeleton_merged_intersection,1.9701099762013272,-76.67863231793496,122.88247707014719,0,1,73,17,73,17,1.9754560538427661,False,24.523483661181757,0.09020877471296951,0.09020877471296951,0.11389432272361465,,,,,,,,bmeleton_merged,0.09020877471296951,1.0,,,,,,,,,,,,,,,,,,,,,,,,,,,,,False
5172,1,bmeleton_merged_pivot_refit_both,2.1881386993897682,-76.79208219757881,123.48366795173112,0,1,73,17,73,17,1.9678766994790478,False,155.1894048947853,1.9076998981555051,0.09230010184449489,1.6398417720883327,,,,,,,,bmeleton_merged,,,0.6494904736992312,True,True,ok,ok,63.0,17.0,63.0,17.0,63.0,17.0,63.0,17.0,0.8622830999762837,0.459825712247159,0.9944493077567591,0.8847010384837574,0.4040964816325915,0.6615469193501285,start,end,0.0,1.9754560538427661,,,,,,False
5172,2,bmeleton_final_refit_vertex,1.4554065879392803,-76.62391558646958,124.09378634787393,2,0,17,6,17,6,2.466263532465299,False,51.95346087962129,0.3836986575320761,0.3836986575320761,0.12975588357341825,,,,,,,,bmeleton_final_refit,,,,,,,,,,,,,,,,,,,,,,,,,,1.0,25.08364028151448,2.0,0.12975588357341825,,False
5175,0,bmeleton_merged_intersection,0.7463893952038646,-81.778521950807,123.12506644701938,0,1,110,16,110,16,1.2070166551219412,False,8.163557960948973,0.010133252510170165,0.010133252510170165,0.01712230767842217,,,,,,,,bmeleton_merged,0.010133252510170165,1.0,,,,,,,,,,,,,,,,,,,,,,,,,,,,,False
5175,1,bmeleton_merged_pivot_refit_both,-0.2472849412296707,-80.91920855212624,119.8835085529729,0,1,110,16,110,16,0.8471163421038208,False,172.2723744002873,1.9909184820600738,0.009081517939926176,1.5640567297637493,,,,,,,,bmeleton_merged,,,3.497642889789346,True,True,ok,ok,78.0,12.0,79.0,12.0,78.0,12.0,78.0,12.0,1.412578295696775,0.7188668741499056,1.6515420068622544,1.2070507912946542,0.4786600497133908,2.9717929376373347,start,end,0.0,1.2070166551219412,,,,,,False
5175,2,bmeleton_final_refit_vertex,-1.6669985696543281,-81.58078253863954,127.68851292119177,0,3,24,12,24,12,2.3059411718884295,False,23.9017017740277,0.08575807850611505,0.08575807850611505,0.049800662852198745,,,,,,,,bmeleton_final_refit,,,,,,,,,,,,,,,,,,,,,,,,,,1.0,5.0,2.0,0.049800662852198745,,False
5177,0,bmeleton_merged_intersection,1.632448382838642,-80.07912443265167,39.01625797145425,1,0,44,66,44,66,1.6467956090116314,False,28.73141357425618,0.12311726039772042,0.12311726039772042,0.24954273658152096,,,,,,,,bmeleton_merged,0.12311726039772042,1.0,,,,,,,,,,,,,,,,,,,,,,,,,,,,,False
5177,1,bmeleton_merged_pivot_refit_both,1.788522779245716,-79.89699038479037,38.652320507638336,1,0,44,66,44,66,0.8315586572197875,False,28.902190295724633,0.12455394849674728,0.12455394849674728,0.11368808635482823,,,,,,,,bmeleton_merged,,,0.4358698270962723,True,True,ok,ok,44.0,25.0,44.0,25.0,44.0,25.0,44.0,25.0,0.6411551428615831,1.4842421295032358,0.8746369773694419,1.8412000863968019,0.18381327129336061,0.5054632681362814,end,end,0.0,1.6467956090116314,,,,,,False
5177,2,bmeleton_final_refit_vertex,1.882943421468337,-79.34969811109573,40.05747519175852,2,1,44,27,44,27,0.36956965732827357,False,31.150311812563892,0.14418681688209067,0.14418681688209067,0.23138452108177168,,,,,,,,bmeleton_final_refit,,,,,,,,,,,,,,,,,,,,,,,,,,1.0,6.4332315681353345,2.0,0.23138452108177168,,False
5179,0,bmeleton_merged_intersection,2.124996546274492,-77.99209710705694,60.386022145459705,1,2,63,21,63,21,5.687518976050329,False,27.86387271898034,0.11593949714816687,0.11593949714816687,0.09864485626661573,,,,,,,,bmeleton_merged,0.11593949714816687,1.0,,,,,,,,,,,,,,,,,,,,,,,,,,,,,False
5179,1,bmeleton_merged_intersection,4.16196315357405,-77.1266627500143,57.003352418553575,2,0,21,29,21,29,2.6305274769418223,False,23.506992358321842,0.08298859565081196,0.08298859565081196,0.0670984533922018,,,,,,,,bmeleton_merged,0.08298859565081196,3.0,,,,,,,,,,,,,,,,,,,,,,,,,,,,,False
5179,2,bmeleton_merged_intersection,1.7946303482111403,-79.26263316414014,52.777399924851814,1,0,63,29,63,29,3.762867447449821,False,6.433096423078798,0.006296635718122667,0.006296635718122667,0.007678415488444189,,,,,,,,bmeleton_merged,0.006296635718122667,2.0,,,,,,,,,,,,,,,,,,,,,,,,,,,,,False
5179,3,bmeleton_merged_pivot_refit_both,1.435864657585877,-78.44076611208523,58.948919529208744,1,2,63,21,63,21,3.3347853372438565,False,152.76042147864447,1.889100409060638,0.11089959093936197,0.8403162334376322,,,,,,,,bmeleton_merged,,,1.6557386767590991,True,True,ok,ok,26.0,21.0,27.0,21.0,26.0,21.0,26.0,21.0,1.1748142295993347,0.6368352484415785,1.7227266922282456,0.793834189422962,2.9385223176569357,0.4400015979460955,start,end,0.0,5.687518976050329,,,,,,False
5179,4,bmeleton_merged_pivot_refit_both,3.75709798081787,-78.05068897900452,53.686252883657716,2,0,21,29,21,29,0.8318623150963798,False,156.8522140647347,1.9194939596992153,0.08050604030078479,1.3011586609248689,,,,,,,,bmeleton_merged,,,3.4671154587609423,True,True,ok,ok,21.0,26.0,21.0,26.0,21.0,26.0,21.0,26.0,0.6368352484415785,1.0039382817382907,0.793834189422962,1.3626726351770864,0.43623147436507137,1.478518488276056,end,start,1.0,2.6305274769418223,,,,,,False
5179,5,bmeleton_merged_pivot_refit_both,2.0854985939514092,-78.96634079356508,54.863405444644194,1,0,63,29,63,29,3.6315021303383737,False,172.83658461431847,1.9921945270852315,0.00780547291476863,0.8779635655339844,,,,,,,,bmeleton_merged,,,2.1269256060909343,True,True,ok,ok,30.0,25.0,32.0,25.0,30.0,25.0,30.0,25.0,1.4536075456540276,1.0067649875115174,1.6125154123431298,1.386753970489291,1.972007234606759,2.604078296514076,end,start,2.0,3.762867447449821,,,,,,False
5179,6,bmeleton_final_refit_vertex,1.956676700238089,-77.25717823847418,60.8617344756125,2,3,28,21,28,21,4.498731500634831,False,30.612103785431408,0.1393655276625514,0.1393655276625514,0.08894436183575485,,,,,,,,bmeleton_final_refit,,,,,,,,,,,,,,,,,,,,,,,,,,1.0,58.84432658324852,2.0,0.08894436183575485,,False
5180,0,bmeleton_merged_intersection,-0.9779164118281087,-67.85636936451064,117.41295125436991,1,0,15,83,15,83,0.010479400387239152,False,9.762176671172167,0.014479953863741901,0.014479953863741901,0.02549250901417878,,,,,,,,bmeleton_merged,0.014479953863742234,1.0,,,,,,,,,,,,,,,,,,,,,,,,,,,,,False
5180,1,bmeleton_merged_pivot_refit_both,-1.2381956664305602,-67.13829207940901,113.50012358309013,1,0,15,83,15,83,1.185841383070866,False,170.2796750508009,1.9856436376055044,0.014356362394495448,1.3973285322811835,,,,,,,,bmeleton_merged,,,3.9866778980610063,True,True,ok,ok,11.0,57.0,11.0,57.0,11.0,57.0,11.0,57.0,0.6085089795359183,0.884429548203181,0.7857575526370066,0.9889919269129829,1.6081542819492698,0.28017364167581255,end,start,0.0,0.010479400387239152,,,,,,False
5180,2,bmeleton_final_refit_vertex,0.555399614441052,-68.10781424102665,132.10586642635798,1,3,21,12,21,12,1.0231410746467053,False,31.560449476676382,0.14791156822589424,0.14791156822589424,0.0974584242769626,,,,,,,,bmeleton_final_refit,,,,,,,,,,,,,,,,,,,,,,,,,,1.0,5.0,2.0,0.0974584242769626,,False
5181,0,bmeleton_merged_intersection,2.8491058299700946,-71.33555404753065,28.92274208026177,1,0,64,62,64,62,0.2504212437960626,False,31.581423417461796,0.14810322259117636,0.14810322259117636,0.42311811485462114,,,,,,,,bmeleton_merged,0.14810322259117636,1.0,,,,,,,,,,,,,,,,,,,,,,,,,,,,,False
5181,1,bmeleton_merged_pivot_refit_both,2.3534314737395157,-70.86820985292965,29.35555625010543,1,0,64,62,64,62,0.28794042835695594,False,31.29065989069151,0.14545649146993822,0.14545649146993822,0.20307996276081658,,,,,,,,bmeleton_merged,,,0.807113231999891,True,True,ok,ok,52.0,41.0,52.0,44.0,52.0,41.0,52.0,41.0,0.837986633200964,1.2929462248374786,1.0318224616871476,1.7982599706887725,0.24965340582427564,0.5547009328819072,end,end,0.0,0.2504212437960626,,,,,,False
5181,2,bmeleton_final_refit_vertex,1.7372478992512146,-70.68096556028556,28.572686142266626,2,0,52,48,52,48,0.8641835092964973,False,30.30285823326461,0.136629619121303,0.136629619121303,0.2910044327848239,,,,,,,,bmeleton_final_refit,,,,,,,,,,,,,,,,,,,,,,,,,,1.0,5.0,2.0,0.2910044327848239,,False
5182,0,bmeleton_merged_intersection,3.3788428358889044,-69.78154079937157,58.698131848694196,1,0,55,109,55,109,0.10443032613211194,False,4.928436856259334,0.003697220373836463,0.003697220373836463,0.010864739464388092,,,,,,,,bmeleton_merged,0.003697220373836463,1.0,,,,,,,,,,,,,,,,,,,,,,,,,,,,,False
5182,1,bmeleton_merged_pivot_refit_both,3.0938656469773638,-70.10170738239378,51.74556913295769,1,0,55,109,55,109,0.01719344308432832,False,4.599492422630629,0.0032204111089121357,0.0032204111089121357,0.004463090079396861,,,,,,,,bmeleton_merged,,,6.9657624819780795,True,True,ok,ok,34.0,53.0,41.0,60.0,34.0,60.0,34.0,53.0,1.0534050428185193,0.9903773723986091,1.4345461618332633,1.8384612041260073,0.06782254316665562,0.3379469184079185,end,end,0.0,0.10443032613211194,,,,,,False
5182,2,bmeleton_final_refit_vertex,3.2337254662261867,-70.17404478687283,91.37024233984411,1,2,64,41,64,41,2.0608007038677143,False,12.791829237074614,0.024819061306633805,0.024819061306633805,0.04501459244297517,,,,,,,,bmeleton_final_refit,,,,,,,,,,,,,,,,,,,,,,,,,,1.0,5.0,2.0,0.04501459244297517,,False
5184,0,bmeleton_merged_intersection,-3.9189070790389566,-74.64715375670687,41.463288200821225,0,1,71,45,71,45,0.8634526283126864,False,41.32827098343075,0.2490616171103529,0.2490616171103529,0.6002453753946809,,,,,,,,bmeleton_merged,0.24906161711035302,1.0,,,,,,,,,,,,,,,,,,,,,,,,,,,,,False
5184,1,bmeleton_merged_pivot_refit_both,-4.409993476832666,-74.91133449246453,42.46673319454239,0,1,71,45,71,45,1.1732627191894565,False,42.04629708116554,0.2573960990253984,0.2573960990253984,0.28606036340273877,,,,,,,,bmeleton_merged,,,1.1479804731211831,True,True,ok,ok,44.0,45.0,46.0,45.0,45.0,45.0,44.0,45.0,1.5572089332029793,0.7511226657376608,1.7591635146522697,0.8738870824899657,1.005857853172941,0.119300872900374,end,end,0.0,0.8634526283126864,,,,,,False
5184,2,bmeleton_final_refit_vertex,-4.277357604587042,-74.9316751026052,42.257024226205765,1,2,47,45,47,45,1.281997190524256,False,42.351271075801485,0.26097144570368447,0.26097144570368447,0.47762873641134246,,,,,,,,bmeleton_final_refit,,,,,,,,,,,,,,,,,,,,,,,,,,1.0,25.134088026100635,2.0,0.47762873641134246,,False
5188,0,bmeleton_merged_intersection,-4.853907597687296,-73.72992126426247,107.7320096905468,0,1,64,13,64,13,0.22515976685601435,False,30.42387620199286,0.13769727922516484,0.13769727922516484,0.1900323139925513,,,,,,,,bmeleton_merged,0.13769727922516495,1.0,,,,,,,,,,,,,,,,,,,,,,,,,,,,,False
5188,1,bmeleton_merged_pivot_refit_both,-4.874537859006216,-73.60125609889394,107.82027635905047,0,1,64,13,64,13,0.0707709393930879,False,149.6303404216885,1.8627815135132095,0.13721848648679047,1.8860468187078696,,,,,,,,bmeleton_merged,,,0.15738912678496594,True,True,ok,ok,54.0,13.0,54.0,13.0,54.0,13.0,54.0,13.0,0.8819025821073601,0.26262898369378185,0.9830238174781483,0.32586714844516546,0.059507343248704624,0.06578118592154057,start,end,0.0,0.22515976685601435,,,,,,False
5188,2,bmeleton_final_refit_vertex,-3.5480956598765294,-73.74568902029657,106.3404128068318,2,0,13,6,13,6,1.0668086052536514,False,24.15656000441036,0.08756935427535484,0.08756935427535484,0.03186978716902932,,,,,,,,bmeleton_final_refit,,,,,,,,,,,,,,,,,,,,,,,,,,1.0,49.34156692839546,2.0,0.03186978716902932,,False
5209,0,bmeleton_merged_intersection,-1.367433183269756,-77.54773951124984,46.65698249324165,0,1,22,77,22,77,2.755351364042814,False,4.071947206962548,0.002524330503125949,0.002524330503125949,0.0033492028192362595,,,,,,,,bmeleton_merged,0.00252433050312606,1.0,,,,,,,,,,,,,,,,,,,,,,,,,,,,,False
5209,1,bmeleton_final_refit_vertex,0.8775024397730515,-79.47487375995465,117.51649753372054,3,0,68,8,68,8,2.5860616455348575,False,30.96222423513955,0.14249331511172747,0.14249331511172747,0.10952608936978062,,,,,,,,bmeleton_final_refit,,,,,,,,,,,,,,,,,,,,,,,,,,1.0,5.0,2.0,0.10952608936978062,,False
5213,0,bmeleton_merged_intersection,0.272775027012068,-76.37444857253675,51.46596142141365,0,1,40,60,40,60,1.0399627320339797,False,8.082231378020499,0.009932693467006204,0.009932693467006204,0.020140878218173997,,,,,,,,bmeleton_merged,0.009932693467006204,1.0,,,,,,,,,,,,,,,,,,,,,,,,,,,,,False
5213,1,bmeleton_merged_pivot_refit_both,0.5958346611966281,-76.3570089262353,54.483672517821546,0,1,40,60,40,60,0.42802772412458834,False,8.219246434462136,0.010271735939292093,0.010271735939292093,0.005096229130248997,,,,,,,,bmeleton_merged,,,3.035004436551273,True,True,ok,ok,16.0,24.0,21.0,24.0,16.0,24.0,16.0,24.0,1.8791528450692918,1.3297146155722523,1.9417876912718648,1.5597833605821962,0.16259490793139822,0.21230007885590385,end,end,0.0,1.0399627320339797,,,,,,False
5213,2,bmeleton_final_refit_vertex,4.533776411374911,-79.59161260281694,125.14017171759366,3,0,26,21,26,21,0.21681964744804413,False,22.121567821412714,0.07361305667879114,0.07361305667879114,0.08243001118395678,,,,,,,,bmeleton_final_refit,,,,,,,,,,,,,,,,,,,,,,,,,,1.0,5.0,2.0,0.08243001118395678,,False
5219,0,bmeleton_merged_intersection,4.615580917087715,-73.09045649491094,111.7274945228508,1,0,21,78,21,78,1.539671097320526,False,30.18891783384117,0.1356279199509619,0.1356279199509619,0.20984090565217656,,,,,,,,bmeleton_merged,0.1356279199509619,1.0,,,,,,,,,,,,,,,,,,,,,,,,,,,,,False
5219,1,bmeleton_merged_pivot_refit_both,4.91025563384676,-72.91318550454743,112.26690843043102,1,0,21,78,21,78,1.326040089168634,False,150.01610557138366,1.866165917192569,0.13383408280743092,1.9232700657147659,,,,,,,,bmeleton_merged,,,0.6397073990602551,True,True,ok,ok,21.0,56.0,21.0,56.0,21.0,56.0,21.0,56.0,0.32150239349958487,0.8465024271251937,0.4428705623502086,1.040302704493418,0.3368647398286609,0.3747926956454224,end,start,0.0,1.539671097320526,,,,,,False
5219,2,bmeleton_final_refit_vertex,4.31692543286473,-73.10590589834086,111.17126843782148,2,0,21,17,21,17,1.3870032800408656,False,43.78863522186738,0.2781024975663633,0.2781024975663633,0.20567517083513048,,,,,,,,bmeleton_final_refit,,,,,,,,,,,,,,,,,,,,,,,,,,1.0,32.70525178899275,2.0,0.20567517083513048,,False
5220,0,bmeleton_merged_intersection,1.330335447684962,-78.34555387244365,22.825334990727676,0,1,60,58,60,58,2.7955837329275517,False,33.05011101144198,0.16180609522169453,0.16180609522169453,0.30610883701924996,,,,,,,,bmeleton_merged,0.16180609522169453,1.0,,,,,,,,,,,,,,,,,,,,,,,,,,,,,False
5220,1,bmeleton_merged_pivot_refit_both,1.9386148489063828,-78.65829976590337,26.899342199623703,0,1,60,58,60,58,2.0984180256269807,False,34.68419958732487,0.1776990004601129,0.1776990004601129,0.2079739252279688,,,,,,,,bmeleton_merged,,,4.131022701700272,True,True,ok,ok,48.0,58.0,48.0,58.0,48.0,58.0,48.0,58.0,1.2226140177478415,0.7933371012002505,1.733958700318653,1.0179816479397323,1.8911093554723721,0.33731069930250346,end,end,0.0,2.7955837329275517,,,,,,False
5220,2,bmeleton_final_refit_vertex,2.2726905387891776,-78.08775482176047,25.292626681169835,2,0,58,50,58,50,2.621992765420142,False,34.88119627658715,0.17966039752541652,0.17966039752541652,0.3173385490403102,,,,,,,,bmeleton_final_refit,,,,,,,,,,,,,,,,,,,,,,,,,,1.0,39.180076390229935,2.0,0.3173385490403102,,False
5224,0,bmeleton_merged_intersection,3.7434489603020826,-66.64070740476501,37.63485601489313,1,0,11,62,11,62,3.260744565833543,False,28.1073313967478,0.1179334104766443,0.1179334104766443,0.09320728560587435,,,,,,,,bmeleton_merged,0.1179334104766444,1.0,,,,,,,,,,,,,,,,,,,,,,,,,,,,,False
5224,1,bmeleton_merged_pivot_refit_both,3.2932184593307814,-66.61502954164922,39.04654610130689,1,0,11,62,11,62,3.6955983729276314,False,28.815189204845613,0.12382106443438878,0.12382106443438878,0.046784622724507174,,,,,,,,bmeleton_merged,,,1.4819702280200977,True,True,ok,ok,11.0,39.0,11.0,40.0,11.0,39.0,11.0,39.0,0.37910684032913616,1.47709650160728,0.4958847551186199,1.7343098733217097,0.4904970605347332,2.568550394794038,end,end,0.0,3.260744565833543,,,,,,False
5224,2,bmeleton_final_refit_vertex,3.673831068932536,-66.70242568392823,37.895315929832634,0,2,39,11,39,11,3.2235033686980077,False,28.51918544541458,0.1213427128281106,0.1213427128281106,0.07640565096987316,,,,,,,,bmeleton_final_refit,,,,,,,,,,,,,,,,,,,,,,,,,,1.0,85.5565958916556,2.0,0.07640565096987316,,False
5236,0,bmeleton_merged_intersection,-4.775635299761779,-79.41006204060488,51.673550573854094,1,0,15,85,15,85,3.2536408024529373,False,4.764563339214426,0.003455577737085047,0.003455577737085047,0.003737405358330597,,,,,,,,bmeleton_merged,0.00345557773708538,1.0,,,,,,,,,,,,,,,,,,,,,,,,,,,,,False
5236,1,bmeleton_merged_pivot_refit_both,-4.384642295554512,-80.38109970195725,58.99969836492228,1,0,15,85,15,85,3.5051448809793126,False,4.687329841094656,0.003344517997259877,0.003344517997259877,0.0009074478222846219,,,,,,,,bmeleton_merged,,,7.400556136242531,True,True,ok,ok,14.0,16.0,14.0,31.0,14.0,17.0,14.0,16.0,1.0140617579946103,1.004585107692851,1.18373080428623,1.3980978216879851,2.510461675768664,0.5933122749672994,end,end,0.0,3.2536408024529373,,,,,,False
5236,2,bmeleton_final_refit_vertex,-3.1754604094503938,-80.70552345672436,54.99973736518375,1,2,37,14,37,14,2.393551603400637,False,22.805446107483995,0.0781736869039501,0.0781736869039501,0.06016062995799382,,,,,,,,bmeleton_final_refit,,,,,,,,,,,,,,,,,,,,,,,,,,1.0,5.0,2.0,0.06016062995799382,,False
5242,0,bmeleton_merged_intersection,-7.658785256666933,-70.14975544462573,93.03834974924304,1,0,4,66,4,66,2.875224280555775,False,18.454009681922127,0.051421955436425915,0.051421955436425915,0.026523304348198263,,,,,,,,bmeleton_merged,0.051421955436426026,1.0,,,,,,,,,,,,,,,,,,,,,,,,,,,,,False
5242,1,bmeleton_final_refit_vertex,-7.764171947037902,-69.46182478841308,94.21067130539441,0,2,16,4,16,4,2.27737198954219,False,26.210385053684874,0.10282166949197158,0.10282166949197158,0.028257912235276562,,,,,,,,bmeleton_final_refit,,,,,,,,,,,,,,,,,,,,,,,,,,1.0,71.67513036319062,2.0,0.028257912235276562,,False
5244,0,bmeleton_merged_intersection,-1.7148149786023255,-67.596312182693,76.35208452544802,1,2,27,26,27,26,0.19362944062202686,False,41.066543796611306,0.24605288104100276,0.24605288104100276,0.31380948005671805,,,,,,,,bmeleton_merged,0.24605288104100287,1.0,,,,,,,,,,,,,,,,,,,,,,,,,,,,,False
5244,1,bmeleton_merged_intersection,-0.33662649064482103,-67.5762685467944,78.45479185837769,2,0,26,98,26,98,0.5526138271644556,False,33.081161214975054,0.16210177098159617,0.16210177098159617,0.3684088122433808,,,,,,,,bmeleton_merged,0.16210177098159628,3.0,,,,,,,,,,,,,,,,,,,,,,,,,,,,,False
5244,2,bmeleton_merged_intersection,-0.3704715392380481,-67.42254248986764,68.49457772474574,1,0,27,98,27,98,1.0641596741925055,False,8.201157193403093,0.010226649947117195,0.010226649947117195,0.021686910692556096,,,,,,,,bmeleton_merged,0.010226649947117195,2.0,,,,,,,,,,,,,,,,,,,,,,,,,,,,,False
5244,3,bmeleton_merged_pivot_refit_both,-0.24934240936397578,-67.45242516697735,78.60216175890433,2,0,26,98,26,98,0.3081549915124676,False,147.00638716841084,1.8387312775244835,0.16126872247551638,2.5519039367789453,,,,,,,,bmeleton_merged,,,0.21136125744985163,True,True,ok,ok,26.0,75.0,26.0,75.0,26.0,75.0,26.0,75.0,0.343307247799793,1.6218745200630704,0.4054799515015413,1.9640722120117804,0.0851774257896111,0.10907556661894668,end,start,1.0,0.5526138271644556,,,,,,False
5244,4,bmeleton_merged_pivot_refit_both,-1.9070113481377269,-67.63922353681082,76.00442875457247,1,2,27,26,27,26,0.2792642238134413,False,40.79465870656484,0.24294403370629092,0.24294403370629092,0.22164077408473132,,,,,,,,bmeleton_merged,,,0.39955645883640145,True,True,ok,ok,27.0,26.0,27.0,26.0,27.0,26.0,27.0,26.0,1.1087633300100728,0.343307247799793,1.4768662325926551,0.4054799515015413,0.31668746558815297,0.04322904785470839,end,end,0.0,0.19362944062202686,,,,,,False
5244,5,bmeleton_merged_pivot_refit_both,-0.4708085989129862,-67.2746324174191,66.96253792505802,1,0,27,98,27,98,0.9195206111074331,False,172.07107816151333,1.990439957610655,0.009560042389345047,2.0603808496228693,,,,,,,,bmeleton_merged,,,1.5424301808844196,True,True,ok,ok,27.0,64.0,27.0,64.0,27.0,64.0,27.0,64.0,1.1087633300100728,1.5237985042966755,1.4768662325926551,1.9515376808326845,0.6687804742105424,0.24462147833969913,end,start,2.0,1.0641596741925055,,,,,,False
5244,6,bmeleton_final_refit_vertex,-1.7148149786023255,-67.596312182693,76.35208452544802,1,2,27,26,27,26,0.19362944062202628,False,41.066543796611306,0.24605288104100276,0.24605288104100276,0.3138094800567181,,,,,,,,bmeleton_final_refit,,,,,,,,,,,,,,,,,,,,,,,,,,1.0,3.0,2.0,0.3138094800567181,,False
5263,0,bmeleton_merged_intersection,-3.015955941316503,-80.01518515562168,89.36878090957896,1,0,15,59,15,59,2.489138761081239,False,18.33992857864382,0.05079356956795944,0.05079356956795944,0.050441559013682635,,,,,,,,bmeleton_merged,0.05079356956795944,1.0,,,,,,,,,,,,,,,,,,,,,,,,,,,,,False
5263,1,bmeleton_merged_pivot_refit_both,-2.3173498982386143,-79.75314219119734,91.65471313350257,1,0,15,59,15,59,2.5377263056164145,False,162.20497628539377,1.9521559395722086,0.047844060427791435,1.2217826944792398,,,,,,,,bmeleton_merged,,,2.4046211865908482,True,True,ok,ok,15.0,44.0,15.0,44.0,15.0,44.0,15.0,44.0,0.3543067397123488,0.8838382162181553,0.4779670651092804,1.0724507321016397,0.5197392073548243,1.0650610115541699,end,start,0.0,2.489138761081239,,,,,,False
5263,2,bmeleton_final_refit_vertex,-3.2210319669082015,-79.98647062328632,88.61254354185374,2,0,15,9,15,9,2.280295822197351,False,38.733279556207606,0.21993288887652795,0.21993288887652795,0.08775018591672303,,,,,,,,bmeleton_final_refit,,,,,,,,,,,,,,,,,,,,,,,,,,1.0,64.21930247571655,2.0,0.08775018591672303,,False
5266,0,bmeleton_merged_intersection,0.47463267920716,-77.86650155584177,140.84642979905885,1,0,5,85,5,85,4.406909220834584,False,16.93895598152315,0.04338428845341158,0.04338428845341158,0.023769497449478216,,,,,,,,bmeleton_merged,0.0433842884534118,1.0,,,,,,,,,,,,,,,,,,,,,,,,,,,,,False
5266,1,bmeleton_final_refit_vertex,0.9140913187333919,-78.09956796219356,141.44034962329073,0,2,8,5,8,5,5.173413185491607,False,31.426144309330912,0.14668703050100118,0.14668703050100118,0.022797910157196594,,,,,,,,bmeleton_final_refit,,,,,,,,,,,,,,,,,,,,,,,,,,1.0,57.531595113885714,2.0,0.022797910157196594,,False
5267,0,bmeleton_merged_intersection,3.151506251739961,-70.59112134913289,32.22518539848981,1,0,64,23,64,23,0.3615921515616944,False,12.110131455319456,0.022253844802531897,0.022253844802531897,0.03981119316873251,,,,,,,,bmeleton_merged,0.022253844802531897,1.0,,,,,,,,,,,,,,,,,,,,,,,,,,,,,False
5267,1,bmeleton_final_refit_vertex,-0.0007020167485973228,-71.92782836774099,84.61965294566681,2,0,57,13,57,13,1.8394643953174223,False,20.11643092680667,0.0610043391059949,0.0610043391059949,0.06069986792914589,,,,,,,,bmeleton_final_refit,,,,,,,,,,,,,,,,,,,,,,,,,,1.0,5.0,2.0,0.06069986792914589,,False
5269,0,bmeleton_merged_intersection,6.254995072072889,-73.94134098141771,105.57833981400225,0,1,74,18,74,18,2.121962152154231,False,37.18693049565161,0.2033321900849947,0.2033321900849947,0.26049452397294137,,,,,,,,bmeleton_merged,0.2033321900849948,1.0,,,,,,,,,,,,,,,,,,,,,,,,,,,,,False
5269,1,bmeleton_merged_pivot_refit_both,5.8314311611322,-73.71844557358014,106.16024853603892,0,1,74,18,74,18,1.916080746866025,False,143.1145659664832,1.7998372739193993,0.2001627260806007,1.563697040032046,,,,,,,,bmeleton_merged,,,0.7534630118783545,True,True,ok,ok,53.0,18.0,53.0,18.0,53.0,18.0,53.0,18.0,0.653615794176023,0.36033343079811425,0.9010137902183625,0.592448033638808,0.5854602839244026,0.42312804385349384,start,end,0.0,2.121962152154231,,,,,,False
5269,2,bmeleton_final_refit_vertex,6.874582367377546,-73.93537563953595,104.66400994015319,2,1,18,17,18,17,1.781764601805233,False,43.92660715640462,0.27977096966523507,0.27977096966523507,0.18041002174323106,,,,,,,,bmeleton_final_refit,,,,,,,,,,,,,,,,,,,,,,,,,,1.0,46.87884384043201,2.0,0.18041002174323106,,False
5274,0,bmeleton_merged_intersection,1.2814984054347747,-69.84394323360328,27.58937929544237,0,1,47,39,47,39,0.6986136162106936,False,33.732747888695314,0.16836313978129602,0.16836313978129602,0.31622707133630273,,,,,,,,bmeleton_merged,0.16836313978129602,1.0,,,,,,,,,,,,,,,,,,,,,,,,,,,,,False
5274,1,bmeleton_merged_pivot_refit_both,1.7214727214458003,-69.30601983006517,28.000030754097246,0,1,47,39,47,39,1.4388825479290221,False,34.289625979160455,0.17379968655709965,0.17379968655709965,0.16452715105414972,,,,,,,,bmeleton_merged,,,0.8072010947209979,True,True,ok,ok,40.0,33.0,40.0,34.0,40.0,34.0,40.0,33.0,1.2523177016590619,0.550447569830692,1.7519353126572068,0.7930924973722021,0.7674117852738905,0.3203857365542908,end,end,0.0,0.6986136162106936,,,,,,False
5274,2,bmeleton_final_refit_vertex,1.4809181068801798,-69.42594485736404,27.62828309393964,0,2,40,35,40,35,0.7273542809435293,False,33.51542403134461,0.16626278965504349,0.16626278965504349,0.27154702002996683,,,,,,,,bmeleton_final_refit,,,,,,,,,,,,,,,,,,,,,,,,,,1.0,5.0,2.0,0.27154702002996683,,False
5284,0,bmeleton_merged_intersection,-5.6511741951648276,-75.20365487551067,39.630745640695686,0,1,57,46,57,46,0.10017594755971615,False,30.41901504683367,0.13765431833263087,0.13765431833263087,0.3455103278768867,,,,,,,,bmeleton_merged,0.13765431833263087,1.0,,,,,,,,,,,,,,,,,,,,,,,,,,,,,False
5284,1,bmeleton_merged_pivot_refit_both,-5.103144533863858,-75.27389058721076,41.657627865199395,0,1,57,46,57,46,0.38899827113514274,False,150.85297345655553,1.87337276024081,0.1266272397591901,1.8838121674813584,,,,,,,,bmeleton_merged,,,2.1008381938818554,True,True,ok,ok,29.0,44.0,30.0,44.0,29.0,44.0,29.0,44.0,1.6883593228112392,0.6645942439472441,1.8569448543266702,0.809387924422329,1.398246005890034,0.1055869582161147,start,end,0.0,0.10017594755971615,,,,,,False
5284,2,bmeleton_final_refit_vertex,-5.731099576059355,-75.30738842152991,39.53767279013903,2,0,46,21,46,21,0.13893978871840684,False,33.24952273694655,0.16370927700190596,0.16370927700190596,0.2475302800356291,,,,,,,,bmeleton_final_refit,,,,,,,,,,,,,,,,,,,,,,,,,,1.0,1.4244144843980617,2.0,0.2475302800356291,,False
5285,0,bmeleton_merged_intersection,2.157339955502482,-76.80268289995654,127.1674610764872,0,1,102,5,102,5,2.7279127812190977,False,21.45928379344051,0.06932221951954687,0.06932221951954687,0.05064485640246032,,,,,,,,bmeleton_merged,0.06932221951954687,1.0,,,,,,,,,,,,,,,,,,,,,,,,,,,,,False
5285,1,bmeleton_final_refit_vertex,2.0715539395595517,-76.17977419496123,127.94642202017138,0,2,17,5,17,5,1.7751970882418129,False,31.7598929890352,0.1497386465288416,0.1497386465288416,0.05094029334745784,,,,,,,,bmeleton_final_refit,,,,,,,,,,,,,,,,,,,,,,,,,,1.0,74.29496719559968,2.0,0.05094029334745784,,False
5300,0,bmeleton_merged_intersection,4.3621868941740445,-74.91313429997828,62.214495296642966,1,0,22,73,22,73,1.8729373599318473,False,26.31463542570117,0.10362677535701037,0.10362677535701037,0.15105752942019848,,,,,,,,bmeleton_merged,0.10362677535701037,1.0,,,,,,,,,,,,,,,,,,,,,,,,,,,,,False
5300,1,bmeleton_merged_pivot_refit_both,3.909645020672868,-75.10798559137788,63.49420074167246,1,0,22,73,22,73,1.9168686734193037,False,154.3349689360071,1.9013415256261719,0.09865847437382813,1.1779189485084516,,,,,,,,bmeleton_merged,,,1.3712794022627839,True,True,ok,ok,22.0,28.0,22.0,28.0,22.0,28.0,22.0,28.0,0.6052507400843923,0.9772512237130649,0.7504636044934283,1.408133115009823,0.3454950935929352,1.1553230189431816,end,start,0.0,1.8729373599318473,,,,,,False
5300,2,bmeleton_final_refit_vertex,4.340650705977117,-75.16874829785107,62.42744448522635,1,2,35,22,35,22,1.3961188452075581,False,27.934581196669722,0.11651695258888017,0.11651695258888017,0.12637406750646332,,,,,,,,bmeleton_final_refit,,,,,,,,,,,,,,,,,,,,,,,,,,1.0,60.93102176081404,2.0,0.12637406750646332,,False
5308,0,bmeleton_merged_intersection,-3.351604425475781,-66.71166298057834,57.11888776516783,0,1,86,45,86,45,0.025481663391094415,False,6.4783062248622905,0.0063853536590162685,0.0063853536590162685,0.019058930327608317,,,,,,,,bmeleton_merged,0.0063853536590162685,1.0,,,,,,,,,,,,,,,,,,,,,,,,,,,,,False
5308,1,bmeleton_merged_pivot_refit_both,-3.5775235937816547,-67.01588504275917,48.84389077942359,0,1,86,45,86,45,0.004059918799829711,False,5.870613457603127,0.005244592255845615,0.005244592255845615,0.003489099368981028,,,,,,,,bmeleton_merged,,,8.283668610452846,True,True,ok,ok,35.0,10.0,39.0,31.0,39.0,10.0,35.0,10.0,0.9093636529013202,0.6263361423052649,1.084602682792382,0.7787955661490094,0.4731768494920489,0.13349288661923173,end,end,0.0,0.025481663391094415,,,,,,False
5308,2,bmeleton_final_refit_vertex,-3.3406293331254373,-66.29826346331323,68.4947168900562,1,2,41,32,41,32,0.315541255947412,False,13.467631756820746,0.027498353921061924,0.027498353921061924,0.04684531140482044,,,,,,,,bmeleton_final_refit,,,,,,,,,,,,,,,,,,,,,,,,,,1.0,5.0,2.0,0.04684531140482044,,False
5311,0,bmeleton_merged_intersection,2.426884621607346,-80.01758632474164,80.59316857004785,1,0,7,68,7,68,1.3588211690852707,False,22.551842625037825,0.07646710698019976,0.07646710698019976,0.06559058936438414,,,,,,,,bmeleton_merged,0.07646710698019987,1.0,,,,,,,,,,,,,,,,,,,,,,,,,,,,,False
5311,1,bmeleton_final_refit_vertex,3.8242518025769843,-85.50378532964997,96.75006444761658,0,2,24,7,24,7,5.751132187672049,False,40.24998504837533,0.23676736160816292,0.23676736160816292,0.07136122269002272,,,,,,,,bmeleton_final_refit,,,,,,,,,,,,,,,,,,,,,,,,,,1.0,5.504648462801619,2.0,0.07136122269002272,,False
5317,0,bmeleton_merged_intersection,7.021533137436323,-83.68835347972392,65.46911922558996,1,0,94,59,94,59,0.08986900434798314,False,5.070156594883217,0.003912767716494625,0.003912767716494625,0.011531046417360167,,,,,,,,bmeleton_merged,0.003912767716494736,1.0,,,,,,,,,,,,,,,,,,,,,,,,,,,,,False
5317,1,bmeleton_merged_pivot_refit_both,7.154127131637352,-82.89119746948725,48.28545743038872,1,0,94,59,94,59,0.6740555471786346,False,4.23370893997032,0.002728783749788577,0.002728783749788577,0.0017907758047323481,,,,,,,,bmeleton_merged,,,17.20265303852326,True,True,ok,ok,36.0,16.0,42.0,39.0,42.0,16.0,36.0,16.0,1.1761916164724626,1.1147267140279364,1.4100530650063026,1.2279999777924044,0.7179961590795628,0.26384870365121665,end,end,0.0,0.08986900434798314,,,,,,False
5317,2,bmeleton_final_refit_vertex,7.415711833505217,-85.2604437555505,93.3546858540767,2,0,46,39,46,39,1.3393692800713788,False,19.88877590612219,0.05964521156539426,0.05964521156539426,0.09962785051343813,,,,,,,,bmeleton_final_refit,,,,,,,,,,,,,,,,,,,,,,,,,,1.0,5.0,2.0,0.09962785051343813,,False
5321,0,bmeleton_merged_intersection,-1.4816229380166062,-67.79119919701617,121.63583124846903,1,0,9,93,9,93,0.8105505428409997,False,9.07416618839496,0.012514982509447603,0.012514982509447603,0.015578143548258067,,,,,,,,bmeleton_merged,0.012514982509447603,1.0,,,,,,,,,,,,,,,,,,,,,,,,,,,,,False
5321,1,bmeleton_merged_pivot_refit_both,-1.5951498922390266,-67.6548003563183,120.67555647957502,1,0,9,93,9,93,0.6009081442830021,False,170.87081800624347,1.9873331253193969,0.012666874680603124,1.4875701307145324,,,,,,,,bmeleton_merged,,,0.9765350197781876,True,True,ok,ok,9.0,62.0,9.0,62.0,9.0,62.0,9.0,62.0,0.6788520415461394,0.8588162426546255,1.1634310872672706,1.0063256701750949,0.5737734850395467,0.12533774658597346,end,start,0.0,0.8105505428409997,,,,,,False
5321,2,bmeleton_final_refit_vertex,0.05820378464779208,-68.27668636388543,131.7504353491589,1,2,27,9,27,9,0.9909365018177305,False,26.080095796253147,0.10181964625082851,0.10181964625082851,0.06623385192592773,,,,,,,,bmeleton_final_refit,,,,,,,,,,,,,,,,,,,,,,,,,,1.0,18.50087111369089,2.0,0.06623385192592773,,False
5326,0,bmeleton_merged_intersection,-1.8769000010750756,-79.11252341526833,109.11199630856498,0,1,78,15,78,15,0.3533343177783867,False,15.170940510144995,0.03485065155369049,0.03485065155369049,0.05566977619665256,,,,,,,,bmeleton_merged,0.03485065155369049,1.0,,,,,,,,,,,,,,,,,,,,,,,,,,,,,False
5326,1,bmeleton_merged_pivot_refit_both,-1.5911120635286502,-78.78933862198465,110.57447093994847,0,1,78,15,78,15,0.035017527603423436,False,165.06903139202615,1.9662369568192974,0.033763043180702446,1.9343819961159647,,,,,,,,bmeleton_merged,,,1.5247803787093779,True,True,ok,ok,55.0,15.0,56.0,15.0,55.0,15.0,55.0,15.0,1.0089431443570043,0.7405127016650663,1.055407717964491,1.034955375673059,0.25078615412324845,0.0907887825881341,start,end,0.0,0.3533343177783867,,,,,,False
5326,2,bmeleton_final_refit_vertex,-1.5052592355910228,-78.8942330840525,110.66072166763331,1,2,16,15,16,15,0.2938494742649814,False,18.566479332428848,0.05204514632823465,0.05204514632823465,0.038076259243878044,,,,,,,,bmeleton_final_refit,,,,,,,,,,,,,,,,,,,,,,,,,,1.0,41.86481741286115,2.0,0.038076259243878044,,False
5335,0,bmeleton_merged_intersection,-1.2993031223725187,-71.98430070870666,50.032141465227696,0,1,33,61,33,61,1.372110676142334,False,4.467893470837677,0.0030388570860991893,0.0030388570860991893,0.005349200320188835,,,,,,,,bmeleton_merged,0.0030388570860991893,1.0,,,,,,,,,,,,,,,,,,,,,,,,,,,,,False
5335,1,bmeleton_final_refit_vertex,-1.5982606661138816,-72.51317816038525,74.15436735137631,3,0,54,15,54,15,1.1048581618109552,False,22.196689700327976,0.07410758674637308,0.07410758674637308,0.0863713307602774,,,,,,,,bmeleton_final_refit,,,,,,,,,,,,,,,,,,,,,,,,,,1.0,5.0,2.0,0.0863713307602774,,False
5336,0,bmeleton_merged_intersection,1.4192224361216104,-80.48275040203202,131.4698937865836,0,1,89,10,89,10,2.167167145371049,False,19.049338690204216,0.054762129025471507,0.054762129025471507,0.056985951403499824,,,,,,,,bmeleton_merged,0.05476212902547173,1.0,,,,,,,,,,,,,,,,,,,,,,,,,,,,,False
5336,1,bmeleton_merged_pivot_refit_both,1.6813713909101753,-80.27953307003526,132.45743217212765,0,1,89,10,89,10,2.0381302865598863,False,161.09697007247797,1.946068228035305,0.05393177196469501,1.3003748238508452,,,,,,,,bmeleton_merged,,,1.041754011964223,True,True,ok,ok,68.0,10.0,68.0,10.0,68.0,10.0,68.0,10.0,0.9582529102459132,0.4331240813553098,1.0616192036082188,0.5342777305466971,0.45260597315711315,0.6857521373450705,start,end,0.0,2.167167145371049,,,,,,False
5336,2,bmeleton_final_refit_vertex,1.7570770548170196,-80.2247554285796,132.4816459014142,1,2,18,10,18,10,1.9073471595113947,False,28.514292760779124,0.12130194466954225,0.12130194466954225,0.058902366093729404,,,,,,,,bmeleton_final_refit,,,,,,,,,,,,,,,,,,,,,,,,,,1.0,45.91394558047359,2.0,0.058902366093729404,,False
5341,0,bmeleton_merged_intersection,2.3617440051154572,-67.62810914825641,78.46847075046948,0,2,108,19,108,19,1.2821385988563505,False,36.69554030952575,0.19817784126535987,0.19817784126535987,0.3572533143168513,,,,,,,,bmeleton_merged,0.19817784126535998,1.0,,,,,,,,,,,,,,,,,,,,,,,,,,,,,False
5341,1,bmeleton_merged_intersection,-2.8234531371284564,-66.44631876747201,86.51202380589939,2,1,19,22,19,22,1.855230901020832,False,29.094574010171513,0.12618172424734508,0.12618172424734508,0.094081128852385,,,,,,,,bmeleton_merged,0.1261817242473453,3.0,,,,,,,,,,,,,,,,,,,,,,,,,,,,,False
5341,2,bmeleton_merged_intersection,0.012150349530998666,-68.45841126099776,42.81794492533812,0,1,108,22,108,22,0.13447593739965766,False,7.627583586076049,0.00884824606560397,0.00884824606560397,0.021000241814466733,,,,,,,,bmeleton_merged,0.00884824606560397,2.0,,,,,,,,,,,,,,,,,,,,,,,,,,,,,False
5341,3,bmeleton_merged_pivot_refit_both,1.9097240550294061,-67.33281614594267,79.32279291088967,0,2,108,19,108,19,0.9505314445704257,False,143.74154940549116,1.80635738282357,0.19364261717642994,1.7775303618149394,,,,,,,,bmeleton_merged,,,1.0106366044609163,True,True,ok,ok,59.0,19.0,59.0,19.0,59.0,19.0,59.0,19.0,1.1418294247158698,0.47319811016251156,1.7057828485790822,0.524159900165717,0.5180223719653833,0.21454679821808975,start,end,0.0,1.2821385988563505,,,,,,False
5341,4,bmeleton_merged_pivot_refit_both,-3.4670810829868857,-66.2782086705786,87.5889696642994,2,1,19,22,19,22,1.8743125887448902,False,151.30774977182585,1.8772111102483686,0.12278888975163149,0.9321770331638523,,,,,,,,bmeleton_merged,,,1.2658318684929615,True,True,ok,ok,19.0,18.0,19.0,19.0,19.0,18.0,19.0,18.0,0.47319811016251156,0.7922336188040568,0.524159900165717,1.6739659690044084,0.33041930827027144,0.8247600769270519,end,start,1.0,1.855230901020832,,,,,,False
5341,5,bmeleton_merged_pivot_refit_both,-1.6033497245293526,-68.30911641931043,22.725393778452826,0,1,108,22,108,22,0.7885383202810023,False,5.024350718977278,0.00384243308602783,0.00384243308602783,0.002581158803119627,,,,,,,,bmeleton_merged,,,20.15794486125123,True,True,ok,ok,58.0,11.0,71.0,11.0,65.0,11.0,58.0,11.0,1.4199616238614738,0.5965162738671133,2.1536503567422147,0.8371065582145344,0.36430908444090027,2.8224566382562175,end,end,2.0,0.13447593739965766,,,,,,False
5341,6,bmeleton_final_refit_vertex,0.3710143412780731,-67.14512094474443,81.58822687873858,0,3,41,19,41,19,1.4465197182287566,False,44.99891622956624,0.2928798437589264,0.2928798437589264,0.3170099592414597,,,,,,,,bmeleton_final_refit,,,,,,,,,,,,,,,,,,,,,,,,,,1.0,48.75582161128335,2.0,0.3170099592414597,,False
5343,0,bmeleton_merged_intersection,0.5063121535296593,-70.03167463790476,130.20699153112233,0,1,152,21,152,21,1.5460055772047403,False,13.094417478946168,0.026001953942720535,0.026001953942720535,0.05610493501969756,,,,,,,,bmeleton_merged,0.026001953942720535,1.0,,,,,,,,,,,,,,,,,,,,,,,,,,,,,False
5343,1,bmeleton_merged_pivot_refit_both,0.1935389922131938,-69.4930238586781,124.6671906584298,0,1,152,21,152,21,0.8853402080119133,False,168.6924643871155,1.980588878982432,0.019411121017568034,2.157581075305053,,,,,,,,bmeleton_merged,,,5.574707653454684,True,True,ok,ok,132.0,17.0,132.0,17.0,132.0,17.0,132.0,17.0,1.8629083371536383,1.1123434885690582,2.0467665122878924,1.5593582608406418,0.4984229666547131,1.8724259584666174,start,end,0.0,1.5460055772047403,,,,,,False
5343,2,bmeleton_final_refit_vertex,-0.11939301890980869,-70.3587573943321,133.57160028900154,2,1,17,14,17,14,0.3217526974774327,False,42.410590252946136,0.2616693065228304,0.2616693065228304,0.18963853064827177,,,,,,,,bmeleton_final_refit,,,,,,,,,,,,,,,,,,,,,,,,,,1.0,5.0,2.0,0.18963853064827177,,False
5349,0,bmeleton_merged_intersection,-0.5827517667589237,-75.58454543284019,99.61548025838462,0,1,69,28,69,28,1.099331488992807,False,20.270771751383325,0.061934205433021194,0.061934205433021194,0.11158142483229004,,,,,,,,bmeleton_merged,0.061934205433021194,1.0,,,,,,,,,,,,,,,,,,,,,,,,,,,,,False
5349,1,bmeleton_merged_pivot_refit_both,-1.2360607989434886,-75.28185637769974,99.23744775508032,0,1,69,28,69,28,1.1436932028794593,False,160.51331923653072,1.9427190638765013,0.05728093612349883,2.024383500433734,,,,,,,,bmeleton_merged,,,0.8132293214034177,True,True,ok,ok,50.0,24.0,50.0,24.0,50.0,24.0,50.0,24.0,0.6892146595510364,0.591218177409891,0.9485327873891793,0.8680854053036896,0.5048026129415679,0.48433526906078994,start,end,0.0,1.099331488992807,,,,,,False
5349,2,bmeleton_final_refit_vertex,-0.3795426187578379,-75.03435242520126,95.11113910384587,2,0,24,13,24,13,0.5405708058384492,False,31.387853661956218,0.14633877120257355,0.14633877120257355,0.1166332024284826,,,,,,,,bmeleton_final_refit,,,,,,,,,,,,,,,,,,,,,,,,,,1.0,5.0,2.0,0.1166332024284826,,False
5350,0,bmeleton_merged_intersection,0.6755631161651219,-73.65252183398182,45.5461902850851,1,0,45,88,45,88,0.00542579834410943,False,38.559289781755986,0.21803644137838063,0.21803644137838063,0.6534002805031429,,,,,,,,bmeleton_merged,0.21803644137838074,1.0,,,,,,,,,,,,,,,,,,,,,,,,,,,,,False
5350,1,bmeleton_merged_pivot_refit_both,1.8199151083080976,-73.96969089353314,47.42041548104922,1,0,45,88,45,88,0.20555351350032283,False,40.07166205575056,0.2347601152687,0.2347601152687,0.3076657928980443,,,,,,,,bmeleton_merged,,,2.2187514010012457,True,True,ok,ok,43.0,41.0,43.0,42.0,43.0,41.0,43.0,41.0,0.7252109750726194,1.1882899399340003,1.2800333380795537,1.7511208112660699,0.06012951089804745,1.5711409916198482,end,end,0.0,0.00542579834410943,,,,,,False
5350,2,bmeleton_final_refit_vertex,2.3166899406349932,-74.19334685847394,48.87715019036754,2,0,45,43,45,43,0.2746552671037191,False,42.225878230819426,0.25949886880855866,0.25949886880855866,0.5410306654112637,,,,,,,,bmeleton_final_refit,,,,,,,,,,,,,,,,,,,,,,,,,,1.0,3.1090031153853506,2.0,0.5410306654112637,,False
5358,0,bmeleton_merged_intersection,1.3411303512827368,-76.12290873842352,84.83901653471318,0,1,140,20,140,20,4.322792489362308,False,36.06787296393426,0.19167986745043297,0.19167986745043297,0.27198785191793906,,,,,,,,bmeleton_merged,0.19167986745043308,1.0,,,,,,,,,,,,,,,,,,,,,,,,,,,,,False
5358,1,bmeleton_merged_pivot_refit_both,1.0366563921594159,-76.77386965617929,86.49486825837957,0,1,140,20,140,20,3.12249817098481,False,144.10429189352152,1.810085561961929,0.18991443803807095,1.4180000111171998,,,,,,,,bmeleton_merged,,,1.8050760202824165,True,True,ok,ok,80.0,20.0,83.0,20.0,80.0,20.0,80.0,20.0,1.4507810662794731,0.530463050066524,1.9304330019481901,0.8778648786546941,1.6368207542781172,0.40308197846991245,start,end,0.0,4.322792489362308,,,,,,False
5358,2,bmeleton_final_refit_vertex,-0.18202111924892028,-75.59699679329344,86.65019359659999,1,2,38,20,38,20,2.7063345567841735,False,45.34337803826535,0.2971436376084061,0.2971436376084061,0.26574517087127864,,,,,,,,bmeleton_final_refit,,,,,,,,,,,,,,,,,,,,,,,,,,1.0,35.83703331186986,2.0,0.26574517087127864,,False
5362,0,bmeleton_merged_intersection,2.121258620079456,-73.05404691952253,92.17744697663184,0,1,115,28,115,28,0.47251441811128786,False,29.060206223374184,0.12589021204414053,0.12589021204414053,0.326342018276925,,,,,,,,bmeleton_merged,0.12589021204414064,1.0,,,,,,,,,,,,,,,,,,,,,,,,,,,,,False
5362,1,bmeleton_merged_pivot_refit_both,2.490091773741141,-73.24949696914216,94.92541660516036,0,1,115,28,115,28,0.5471606257888199,False,150.99682224921565,1.8745928171793147,0.12540718282068541,2.053085012697968,,,,,,,,bmeleton_merged,,,2.7794919853188147,True,True,ok,ok,68.0,25.0,68.0,26.0,68.0,25.0,68.0,25.0,1.1987963125065269,1.452046353610775,1.785326677123088,1.7194280272591655,0.45663271186037374,0.35998859302116526,start,end,0.0,0.47251441811128786,,,,,,False
5362,2,bmeleton_final_refit_vertex,4.4126522939368655,-74.0386213609668,97.39649097052455,1,2,42,28,42,28,0.8929941863246403,False,36.056818944034276,0.19156629683130322,0.19156629683130322,0.2786934493912374,,,,,,,,bmeleton_final_refit,,,,,,,,,,,,,,,,,,,,,,,,,,1.0,2.739271272395759,2.0,0.2786934493912374,,False
5373,0,bmeleton_merged_intersection,-3.6335419143296037,-78.74597221028264,67.93362936783153,1,0,83,49,83,49,1.0755046141901403,False,31.651768397681174,0.14874684990774223,0.14874684990774223,0.3672456676939831,,,,,,,,bmeleton_merged,0.14874684990774234,1.0,,,,,,,,,,,,,,,,,,,,,,,,,,,,,False
5373,1,bmeleton_merged_pivot_refit_both,-2.851205227536986,-78.67380601140876,69.32234520686991,1,0,83,49,83,49,0.8636091596848968,False,149.16236009673653,1.858623330040395,0.14137666995960507,1.3772306796211602,,,,,,,,bmeleton_merged,,,1.595553300067922,True,True,ok,ok,80.0,12.0,81.0,14.0,80.0,12.0,80.0,12.0,1.3144223292644952,1.6317493037442738,1.7891772877218866,2.206403933542497,0.19387452430585686,0.8709317913835217,end,start,0.0,1.0755046141901403,,,,,,False
5373,2,bmeleton_final_refit_vertex,-0.8624585854943194,-78.69742439891596,73.2096462364262,2,0,83,35,83,35,0.41713821137342466,False,37.883936202775224,0.2107437214028648,0.2107437214028648,0.5242009522957357,,,,,,,,bmeleton_final_refit,,,,,,,,,,,,,,,,,,,,,,,,,,1.0,3.0647928702238367,2.0,0.5242009522957357,,False
5380,0,bmeleton_merged_intersection,-0.42105192035771843,-76.03734679347015,78.33548536375574,1,2,11,14,11,14,0.4089829163680453,False,27.48331671802681,0.11285475329589967,0.11285475329589967,0.06472985214849362,,,,,,,,bmeleton_merged,0.11285475329589978,3.0,,,,,,,,,,,,,,,,,,,,,,,,,,,,,False
5380,1,bmeleton_merged_intersection,-3.8548716587535874,-76.36525193072815,86.87897116996346,0,2,52,14,52,14,1.781036940784948,False,22.578858370790034,0.07664804420942495,0.07664804420942495,0.07624487657227413,,,,,,,,bmeleton_merged,0.07664804420942517,2.0,,,,,,,,,,,,,,,,,,,,,,,,,,,,,False
5380,2,bmeleton_merged_intersection,-3.352523091447612,-77.15463822096459,55.59066143418728,0,1,52,11,52,11,3.0082526836150887,False,5.597971173586564,0.0047691452608108476,0.0047691452608108476,0.003560744447236749,,,,,,,,bmeleton_merged,0.00476914526081107,1.0,,,,,,,,,,,,,,,,,,,,,,,,,,,,,False
5380,3,bmeleton_merged_pivot_refit_both,-4.993839996162439,-76.64110228465661,90.11449568454634,0,2,52,14,52,14,2.1932848985600466,False,158.24556115493493,1.9287808420878403,0.07121915791215971,1.108850628064115,,,,,,,,bmeleton_merged,,,3.4412150725941424,True,True,ok,ok,43.0,14.0,43.0,14.0,43.0,14.0,43.0,14.0,1.1220450660901826,0.576214971568771,1.1819356445949185,1.0096316548954658,1.2082332009715047,0.44018851267233655,start,end,1.0,1.781036940784948,,,,,,False
5380,4,bmeleton_merged_pivot_refit_both,-0.36390179449174687,-76.08923518277135,78.53710625171338,1,2,11,14,11,14,0.5797904528909786,False,27.493394284940383,0.11293593703729266,0.11293593703729266,0.044924673547993885,,,,,,,,bmeleton_merged,,,0.21589239053657816,True,True,ok,ok,11.0,14.0,11.0,14.0,11.0,14.0,11.0,14.0,0.9501891521181242,0.576214971568771,0.9060792172201378,1.0096316548954658,0.31505548297181124,0.15250756273877444,end,end,0.0,0.4089829163680453,,,,,,False
5380,5,bmeleton_merged_pivot_refit_both,-3.9982239311101537,-77.53419717327074,47.51876806610317,0,1,52,11,52,11,3.6581099841077687,False,174.02964901062305,1.9945758528525932,0.00542414714740691,0.5790459644974655,,,,,,,,bmeleton_merged,,,8.106568763560631,True,True,ok,ok,26.0,11.0,26.0,11.0,26.0,11.0,26.0,11.0,1.1423072770799876,0.9501891521181242,1.2077232832393479,0.9060792172201378,2.7489232993224935,1.4246105562532674,start,end,2.0,3.0082526836150887,,,,,,False
5380,6,bmeleton_final_refit_vertex,-0.42105192035771843,-76.03734679347015,78.33548536375574,2,1,14,11,14,11,0.4089829163680337,False,27.48331671802681,0.11285475329589967,0.11285475329589967,0.06472985214849378,,,,,,,,bmeleton_final_refit,,,,,,,,,,,,,,,,,,,,,,,,,,1.0,3.0,2.0,0.06472985214849378,,False
5382,0,bmeleton_merged_intersection,3.7894300858333176,-73.05839824428315,29.527992169894937,1,0,25,77,25,77,1.5572583560687026,False,27.560861481043364,0.11348015187588267,0.11348015187588267,0.189824816507559,,,,,,,,bmeleton_merged,0.11348015187588267,1.0,,,,,,,,,,,,,,,,,,,,,,,,,,,,,False
5382,1,bmeleton_merged_pivot_refit_both,2.568623007202784,-73.19188141432684,37.69317735053812,1,0,25,77,25,77,1.3510621373606793,False,28.879203272428693,0.12436011300564709,0.12436011300564709,0.08824116908896797,,,,,,,,bmeleton_merged,,,8.25702347787109,True,True,ok,ok,16.0,54.0,16.0,56.0,16.0,56.0,16.0,54.0,0.9742153653368721,1.3307272980640459,1.1397190043992615,1.88909849975947,1.1139942731716423,0.26683731063735316,end,end,0.0,1.5572583560687026,,,,,,False
5382,2,bmeleton_final_refit_vertex,2.3385821555453035,-73.2125716814258,42.609192843445825,0,2,56,16,56,16,1.6374652911256726,False,32.29265367665254,0.15466966038770746,0.15466966038770746,0.17438008393753424,,,,,,,,bmeleton_final_refit,,,,,,,,,,,,,,,,,,,,,,,,,,1.0,5.0,2.0,0.17438008393753424,,False
5384,0,bmeleton_merged_intersection,-6.982129001178395,-70.10366583657243,79.02809112056063,1,0,49,95,49,95,0.4467784491762969,False,5.91981713389797,0.00533279566976852,0.00533279566976852,0.01468610037895424,,,,,,,,bmeleton_merged,0.005332795669768631,1.0,,,,,,,,,,,,,,,,,,,,,,,,,,,,,False
5384,1,bmeleton_merged_pivot_refit_both,-6.698747206485465,-71.47615514845461,53.238782316271475,1,0,49,95,49,95,0.8745890765847472,False,4.39095552823287,0.0029351496512003417,0.0029351496512003417,0.0016563819914784104,,,,,,,,bmeleton_merged,,,25.827359151794447,True,True,ok,ok,22.0,29.0,25.0,41.0,22.0,36.0,22.0,29.0,1.7275253872096825,1.566662679102822,2.328034755043563,1.7664417307719775,1.5097903278267004,0.2718638022418672,end,end,0.0,0.4467784491762969,,,,,,False
5384,2,bmeleton_final_refit_vertex,-5.9043131321631055,-69.46524306571465,98.00137555655459,0,2,44,25,44,25,3.4594322417194263,False,17.396141305005163,0.04573953416772114,0.04573953416772114,0.044831871863642285,,,,,,,,bmeleton_final_refit,,,,,,,,,,,,,,,,,,,,,,,,,,1.0,5.0,2.0,0.044831871863642285,,False
5388,0,bmeleton_merged_intersection,-4.236293061495852,-77.51545921380855,84.39024264391415,1,0,37,74,37,74,1.8693766400318912,False,33.19766050318773,0.1632133291796415,0.1632133291796415,0.3108100299308653,,,,,,,,bmeleton_merged,0.1632133291796416,1.0,,,,,,,,,,,,,,,,,,,,,,,,,,,,,False
5388,1,bmeleton_merged_pivot_refit_both,-3.065009092851872,-77.96953879004477,87.88923123814375,1,0,37,74,37,74,0.9850570893328525,False,147.55400081813073,1.8438974717721437,0.1561025282278563,2.0381158435694453,,,,,,,,bmeleton_merged,,,3.717662650013593,True,True,ok,ok,36.0,40.0,36.0,41.0,36.0,40.0,36.0,40.0,0.6827729644089429,0.8560987826135171,0.8829363829023925,1.2507908171743645,0.28384830712381004,1.1408672184934152,end,start,0.0,1.8693766400318912,,,,,,False
5388,2,bmeleton_final_refit_vertex,-2.8998106457148287,-77.74728512736257,86.68965866632024,2,0,37,30,37,30,1.7497983160813997,False,40.36711301054478,0.23808980602231544,0.23808980602231544,0.2937998048230854,,,,,,,,bmeleton_final_refit,,,,,,,,,,,,,,,,,,,,,,,,,,1.0,2.9001139175688135,2.0,0.2937998048230854,,False
5389,0,bmeleton_merged_intersection,-0.537646874840058,-68.38408554315782,117.27026950637685,0,1,109,11,109,11,2.1472434990181495,False,21.10368903936557,0.06706964582072128,0.06706964582072128,0.08123384965635341,,,,,,,,bmeleton_merged,0.06706964582072128,1.0,,,,,,,,,,,,,,,,,,,,,,,,,,,,,False
5389,1,bmeleton_merged_pivot_refit_both,0.0003674439612810776,-68.07782446935164,118.79160181103998,0,1,109,11,109,11,1.9970371526209236,False,159.20569798053242,1.9348609866354494,0.06513901336455052,1.4940973190112607,,,,,,,,bmeleton_merged,,,1.6424698577982568,True,True,ok,ok,81.0,11.0,82.0,11.0,81.0,11.0,81.0,11.0,1.1002366444740197,0.27244835387732946,1.648086924333034,0.36867186557786136,0.5846240021842422,0.5458927866910742,start,end,0.0,2.1472434990181495,,,,,,False
5389,2,bmeleton_final_refit_vertex,-1.6684813390493267,-68.71682326308385,114.27816729485689,0,2,20,11,20,11,1.8495622568294536,False,30.15118630428199,0.13529695903069094,0.13529695903069094,0.07324476114306507,,,,,,,,bmeleton_final_refit,,,,,,,,,,,,,,,,,,,,,,,,,,1.0,50.97160205194325,2.0,0.07324476114306507,,False
5404,0,bmeleton_merged_intersection,-6.312880755054833,-76.61736882641476,86.56457567549944,0,1,121,21,121,21,2.9888237768676804,False,32.85851360404333,0.15998705699173876,0.15998705699173876,0.2523738479189012,,,,,,,,bmeleton_merged,0.15998705699173887,1.0,,,,,,,,,,,,,,,,,,,,,,,,,,,,,False
5404,1,bmeleton_merged_pivot_refit_both,-6.796946249236051,-76.68643796532652,88.2447690069142,0,1,121,21,121,21,1.9234715439009011,False,147.27668782536648,1.8412909024468338,0.1587090975531662,1.6390209380998648,,,,,,,,bmeleton_merged,,,1.749897019695026,True,True,ok,ok,81.0,21.0,81.0,21.0,81.0,21.0,81.0,21.0,1.9550355956176027,0.5367264894220871,1.9916054488578248,0.7276193613158433,0.8939583451202056,0.3408088784119658,start,end,0.0,2.9888237768676804,,,,,,False
5404,2,bmeleton_final_refit_vertex,-7.3247924424459985,-75.98419498698078,88.14756924536971,1,2,33,21,33,21,2.2033912610151796,False,43.47917829037059,0.27437552375246665,0.27437552375246665,0.2506772882166732,,,,,,,,bmeleton_final_refit,,,,,,,,,,,,,,,,,,,,,,,,,,1.0,25.12718420545753,2.0,0.2506772882166732,,False
5408,0,bmeleton_merged_intersection,-1.5613760542236785,-69.78874514869213,89.31087161146928,0,1,134,22,134,22,0.41886045090116886,False,31.985124472457017,0.15181435111331942,0.15181435111331942,0.3802844864616543,,,,,,,,bmeleton_merged,0.15181435111331942,1.0,,,,,,,,,,,,,,,,,,,,,,,,,,,,,False
5408,1,bmeleton_merged_pivot_refit_both,-1.6201794501090585,-69.87424753396155,90.4621523452947,0,1,134,22,134,22,0.6509026667596663,False,147.80738200882533,1.8462618150749708,0.1537381849250291,2.220315900125613,,,,,,,,bmeleton_merged,,,1.1559480201687282,True,True,ok,ok,86.0,21.0,88.0,21.0,86.0,21.0,86.0,21.0,1.7975464231324092,0.37266763495458705,2.2295518099989193,0.6038982879558957,0.30114161808719797,0.23844585689718428,start,end,0.0,0.41886045090116886,,,,,,False
5408,2,bmeleton_final_refit_vertex,0.2905439728492345,-70.25650830895546,92.8007647660439,1,2,39,22,39,22,0.2735224196548398,False,42.322117994851055,0.2606287643800189,0.2606287643800189,0.3619138480288106,,,,,,,,bmeleton_final_refit,,,,,,,,,,,,,,,,,,,,,,,,,,1.0,3.717705824396967,2.0,0.3619138480288106,,False
5411,0,bmeleton_merged_intersection,5.532442087959673,-69.98384288537858,148.53264308911065,2,0,19,77,19,77,1.1248243000970892,False,26.416421370110427,0.1044157120914988,0.1044157120914988,0.16301756115563712,,,,,,,,bmeleton_merged,0.10441571209149869,1.0,,,,,,,,,,,,,,,,,,,,,,,,,,,,,False
5411,1,bmeleton_merged_intersection,-8.176210965656123,-64.18692745557507,178.55337050684,2,1,19,13,19,13,2.3055172487436044,False,14.55319632870003,0.032085242457089214,0.032085242457089214,0.01725610760534812,,,,,,,,bmeleton_merged,0.032085242457089325,2.0,,,,,,,,,,,,,,,,,,,,,,,,,,,,,False
5411,2,bmeleton_merged_intersection,4.621404210204015,-70.39839841860655,110.78561620327908,0,1,77,13,77,13,2.8846830943785178,False,12.63580142188603,0.024219735962209055,0.024219735962209055,0.024296415673059832,,,,,,,,bmeleton_merged,0.024219735962209055,3.0,,,,,,,,,,,,,,,,,,,,,,,,,,,,,False
5411,3,bmeleton_merged_pivot_refit_both,5.662846432786422,-69.20752398702334,137.13461571698875,2,0,19,77,19,77,0.32487771564654183,False,156.86321414487446,1.9195694138780066,0.08043058612199327,1.4795871779117429,,,,,,,,bmeleton_merged,,,11.425178523801424,True,True,ok,ok,9.0,71.0,9.0,74.0,9.0,71.0,9.0,71.0,0.7489863593040063,0.9089394899166846,0.9734924650440024,1.0627374157386822,3.3047732028094434,0.23706828660764445,end,start,0.0,1.1248243000970892,,,,,,False
5411,4,bmeleton_merged_pivot_refit_both,4.419271086536331,-70.1103985535855,112.25185628660425,0,1,77,13,77,13,3.1000624702426354,False,167.56885375110988,1.9765554029236045,0.023444597076395568,1.1128094776489668,,,,,,,,bmeleton_merged,,,1.5078666067942532,True,True,ok,ok,58.0,13.0,61.0,13.0,58.0,13.0,58.0,13.0,0.9112527497297618,0.6909737190350665,1.0669988082545716,1.455563400192553,0.9510143822948287,2.040704684966725,start,end,2.0,2.8846830943785178,,,,,,False
5411,5,bmeleton_merged_pivot_refit_both,-0.827383989697493,-69.21322869881828,160.55969731230752,2,1,19,13,19,13,11.018589527428551,False,10.693051520977352,0.017364694179410445,0.017364694179410445,0.0015555580076678543,,,,,,,,bmeleton_merged,,,20.07588695779198,True,True,ok,ok,9.0,13.0,10.0,13.0,9.0,13.0,9.0,13.0,0.8705625972920967,0.6908913671886562,1.2733652205267634,1.45556340803253,13.080526511085681,1.1346943021664815,start,start,1.0,2.3055172487436044,,,,,,False
5411,6,bmeleton_final_refit_vertex,13.147419387856763,-67.21332802937405,119.3944775160197,3,1,9,3,9,3,10.261065643706306,False,19.176398120005786,0.05548823968308603,0.05548823968308603,0.0047232178570029894,,,,,,,,bmeleton_final_refit,,,,,,,,,,,,,,,,,,,,,,,,,,1.0,5.0,2.0,0.0047232178570029894,,False
5434,0,bmeleton_merged_intersection,-4.09067369051474,-69.61235881452026,40.22703145483447,1,0,66,67,66,67,0.7083908112252392,False,32.776494096491135,0.15921122852437375,0.15921122852437375,0.4183610595072438,,,,,,,,bmeleton_merged,0.15921122852437375,1.0,,,,,,,,,,,,,,,,,,,,,,,,,,,,,False
5434,1,bmeleton_merged_pivot_refit_both,-3.3840512144082857,-69.45090808241035,41.77744468066503,1,0,66,67,66,67,0.5723883973710278,False,34.121124940630125,0.17214642912326994,0.17214642912326994,0.20277142968646783,,,,,,,,bmeleton_merged,,,1.71147972043725,True,True,ok,ok,66.0,27.0,66.0,27.0,66.0,27.0,66.0,27.0,0.9059662841987359,1.2913269708166601,1.2971073756730946,1.6874540462226757,0.11563265746306521,1.3952214874789062,end,end,0.0,0.7083908112252392,,,,,,False
5434,2,bmeleton_final_refit_vertex,-3.2030561980065393,-69.26010748429397,42.198199387084216,2,1,66,27,66,27,0.24108018776565238,False,35.12767937240748,0.18212816087754158,0.18212816087754158,0.3667331394173317,,,,,,,,bmeleton_final_refit,,,,,,,,,,,,,,,,,,,,,,,,,,1.0,6.177894173153249,2.0,0.3667331394173317,,False
5436,0,bmeleton_merged_intersection,-2.8378879966019483,-84.34718596130939,72.52187895767469,1,0,41,109,41,109,1.5304939655503778,False,35.753818699553385,0.18846495942355457,0.18846495942355457,0.4328882939431774,,,,,,,,bmeleton_merged,0.18846495942355468,1.0,,,,,,,,,,,,,,,,,,,,,,,,,,,,,False
5436,1,bmeleton_merged_pivot_refit_both,-1.731941218256889,-84.1377490067218,71.2046397742875,1,0,41,109,41,109,0.6580949692184163,False,143.14730835779923,1.8001801447737273,0.19981985522627277,2.328917466074035,,,,,,,,bmeleton_merged,,,1.7326572600284462,True,True,ok,ok,41.0,59.0,41.0,64.0,41.0,59.0,41.0,59.0,0.6240009464141164,1.8852891041964792,0.8492479134494063,2.549570593115336,0.2540150744016314,1.0351345385116328,end,start,0.0,1.5304939655503778,,,,,,False
5436,2,bmeleton_final_refit_vertex,-3.544808589232015,-83.76851541385864,73.84619909141081,2,1,41,36,41,36,0.6526216204833686,False,39.82971653553154,0.23204857350910946,0.23204857350910946,0.394286742963747,,,,,,,,bmeleton_final_refit,,,,,,,,,,,,,,,,,,,,,,,,,,1.0,26.09244555437034,2.0,0.394286742963747,,False
5441,0,bmeleton_merged_intersection,6.076968911305704,-76.76159712097385,89.95571507981103,0,1,72,28,72,28,1.9349183173519025,False,30.230491230758624,0.13599301373519646,0.13599301373519646,0.22012051524187878,,,,,,,,bmeleton_merged,0.13599301373519657,1.0,,,,,,,,,,,,,,,,,,,,,,,,,,,,,False
5441,1,bmeleton_merged_pivot_refit_both,5.740232894209878,-76.53580446305449,90.57887081243567,0,1,72,28,72,28,1.513237495128002,False,150.03643786124192,1.866343208958305,0.13365679104169514,1.797592923160184,,,,,,,,bmeleton_merged,,,0.7434356304904938,True,True,ok,ok,44.0,28.0,44.0,28.0,44.0,28.0,44.0,28.0,1.021071885676878,0.4580276946497132,1.0056258329200134,0.6006954957944588,0.4964365746288301,0.35049129250826255,start,end,0.0,1.9349183173519025,,,,,,False
5441,2,bmeleton_final_refit_vertex,6.17705638278738,-76.63665453877931,89.75382635926836,2,1,28,23,28,23,1.6537846103131526,False,34.728868257870495,0.17814289260792826,0.17814289260792826,0.16985670851383983,,,,,,,,bmeleton_final_refit,,,,,,,,,,,,,,,,,,,,,,,,,,1.0,53.701018237902716,2.0,0.16985670851383983,,False
5443,0,bmeleton_merged_intersection,4.108898016032935,-70.83611371483228,38.63397745152403,0,1,57,19,57,19,1.5367621463997778,False,29.30400438920477,0.1279649325277047,0.1279649325277047,0.16105808332403634,,,,,,,,bmeleton_merged,0.1279649325277048,1.0,,,,,,,,,,,,,,,,,,,,,,,,,,,,,False
5443,1,bmeleton_merged_pivot_refit_both,3.8887193209961444,-71.01005925440384,38.359538160608935,0,1,57,19,57,19,0.2965176831536878,False,29.312378871723073,0.12803648001185286,0.12803648001185286,0.10095916457968628,,,,,,,,bmeleton_merged,,,0.3924953921805038,True,True,ok,ok,34.0,17.0,34.0,17.0,34.0,17.0,34.0,17.0,1.2730598819673848,0.4066331670271382,1.8151983944158068,0.5963200806613914,0.4757345668411828,0.0654651324760026,end,end,0.0,1.5367621463997778,,,,,,False
5443,2,bmeleton_final_refit_vertex,4.171204009645191,-70.28670245709715,39.13437599311658,1,2,38,19,38,19,0.5282771792198264,False,30.125998033792172,0.13507622962889065,0.13507622962889065,0.16413368778140774,,,,,,,,bmeleton_final_refit,,,,,,,,,,,,,,,,,,,,,,,,,,1.0,3.1232582257228247,2.0,0.16413368778140774,,False
5444,0,bmeleton_merged_intersection,6.24245679808657,-66.4949967572606,65.93099182514166,0,2,13,14,13,14,0.296646076653788,False,17.270852688738312,0.04508804452632076,0.04508804452632076,0.028710195430322008,,,,,,,,bmeleton_merged,0.04508804452632087,1.0,,,,,,,,,,,,,,,,,,,,,,,,,,,,,False
5444,1,bmeleton_merged_intersection,3.835536056144721,-71.64193550572816,91.64518515700607,2,1,14,94,14,94,4.40498310061671,False,11.24167547748675,0.019186385212119128,0.019186385212119128,0.01850133613311228,,,,,,,,bmeleton_merged,0.019186385212119128,3.0,,,,,,,,,,,,,,,,,,,,,,,,,,,,,False
5444,2,bmeleton_merged_intersection,-0.03006570721509516,-68.68117824839408,16.326842860919733,0,1,13,94,13,94,3.937844670958972,False,6.031311837129913,0.0055353773852843124,0.0055353773852843124,0.005412401975194552,,,,,,,,bmeleton_merged,0.0055353773852844235,2.0,,,,,,,,,,,,,,,,,,,,,,,,,,,,,False
5444,3,bmeleton_merged_pivot_refit_both,5.636634488787262,-66.61160540837412,67.19941393615188,0,2,13,14,13,14,1.528488461656874,False,163.1289205206617,1.9569601965095065,0.04303980349049341,0.6867977381095637,,,,,,,,bmeleton_merged,,,1.4105009392619685,True,True,ok,ok,13.0,14.0,13.0,14.0,13.0,14.0,13.0,14.0,0.8873676960275595,0.7769708909864883,1.0873634331893745,0.8634070110191715,1.3977440948254138,0.18249431998941176,start,end,0.0,0.296646076653788,,,,,,False
5444,4,bmeleton_final_refit_vertex,6.24245679808657,-66.4949967572606,65.93099182514166,2,0,14,13,14,13,0.29664607665378967,False,17.270852688738312,0.04508804452632076,0.04508804452632076,0.028710195430322,,,,,,,,bmeleton_final_refit,,,,,,,,,,,,,,,,,,,,,,,,,,1.0,3.0,2.0,0.028710195430322,,False
5446,0,bmeleton_merged_intersection,1.4252412632512796,-75.79222330973958,55.09878748400574,1,0,24,98,24,98,0.22471222297557117,False,25.712052333837217,0.09901422006234695,0.09901422006234695,0.22977028542537334,,,,,,,,bmeleton_merged,0.09901422006234695,1.0,,,,,,,,,,,,,,,,,,,,,,,,,,,,,False
5446,1,bmeleton_merged_pivot_refit_both,1.9857151903611245,-75.73830630663328,54.37203398593543,1,0,24,98,24,98,0.1934117610623089,False,25.13963767847355,0.09472488222035658,0.09472488222035658,0.07862403991097323,,,,,,,,bmeleton_merged,,,0.9193523335214459,True,True,ok,ok,24.0,34.0,24.0,38.0,24.0,34.0,24.0,34.0,0.6169362665209879,1.8849862986924828,0.8753529724816627,2.153033815790451,0.10915808198227238,0.6588262427300251,end,end,0.0,0.22471222297557117,,,,,,False
5446,2,bmeleton_final_refit_vertex,0.4915375763376728,-76.20313599229144,57.81349094872103,1,2,40,24,40,24,0.013989384658790458,False,31.8073022161326,0.15017447322694744,0.15017447322694744,0.2320001855660169,,,,,,,,bmeleton_final_refit,,,,,,,,,,,,,,,,,,,,,,,,,,1.0,6.808981126255187,2.0,0.2320001855660169,,False
5450,0,bmeleton_merged_intersection,-8.9307888273847,-76.89127444699005,93.82838753235976,1,0,50,52,50,52,1.4537293949178494,False,20.849482459978507,0.06548135387276499,0.06548135387276499,0.1293402158435066,,,,,,,,bmeleton_merged,0.0654813538727651,1.0,,,,,,,,,,,,,,,,,,,,,,,,,,,,,False
5450,1,bmeleton_merged_pivot_refit_both,-9.082746900911506,-76.84947475836138,94.3370718312998,1,0,50,52,50,52,1.4264000521293916,False,159.23442980774408,1.9350388961715566,0.06496110382844344,2.4780407885385514,,,,,,,,bmeleton_merged,,,0.5325393751334747,True,True,ok,ok,47.0,47.0,47.0,47.0,47.0,47.0,47.0,47.0,0.7730476379085809,0.8269907831018564,1.059815562534916,1.1116147025135845,0.3088880902467763,0.4836129933047961,end,start,0.0,1.4537293949178494,,,,,,False
5450,2,bmeleton_final_refit_vertex,-8.98333190989662,-77.06220049965465,82.40080486280617,0,1,49,47,49,47,1.4781084815173196,False,20.54445535305467,0.06359981587063768,0.06359981587063768,0.11778625661006598,,,,,,,,bmeleton_final_refit,,,,,,,,,,,,,,,,,,,,,,,,,,1.0,5.0,2.0,0.11778625661006598,,False
5460,0,bmeleton_merged_intersection,0.623639837835666,-79.90188323870738,96.52670834134602,1,0,16,131,16,131,0.3618170077290401,False,25.254857880800486,0.09558102485992803,0.09558102485992803,0.20403061693792146,,,,,,,,bmeleton_merged,0.09558102485992803,1.0,,,,,,,,,,,,,,,,,,,,,,,,,,,,,False
5460,1,bmeleton_merged_pivot_refit_both,-0.07225284174623775,-79.25953980316271,100.49914612060172,1,0,16,131,16,131,0.9752293878892431,False,154.89142734380758,1.9055053197009792,0.09449468029902064,1.8768014421477146,,,,,,,,bmeleton_merged,,,4.08376463826467,True,True,ok,ok,14.0,95.0,14.0,96.0,14.0,95.0,14.0,95.0,0.5186333154718715,1.5164251646610265,0.6339120679613082,1.8832558585809434,0.5198052700070784,0.5517911311085006,end,start,0.0,0.3618170077290401,,,,,,False
5460,2,bmeleton_final_refit_vertex,0.004921476306743333,-79.51357729042738,98.03915537876065,1,2,29,16,29,16,0.07913273836597542,False,36.56836927503925,0.19685349508259808,0.19685349508259808,0.20871447321561373,,,,,,,,bmeleton_final_refit,,,,,,,,,,,,,,,,,,,,,,,,,,1.0,3.46834228135924,2.0,0.20871447321561373,,False
5469,0,bmeleton_merged_intersection,1.7893623455646774,-79.25006246429977,135.5910145600012,1,0,11,158,11,158,2.990183396310895,False,13.789071873265696,0.028820241840944227,0.028820241840944227,0.037592894670582244,,,,,,,,bmeleton_merged,0.02882024184094445,1.0,,,,,,,,,,,,,,,,,,,,,,,,,,,,,False
5469,1,bmeleton_merged_pivot_refit_both,1.7888211570645371,-79.04112708048552,135.57298785259667,1,0,11,158,11,158,2.7068384179731,False,165.38456216346145,1.9676412175163196,0.03235878248368029,1.1850123448962957,,,,,,,,bmeleton_merged,,,0.20971230215333034,True,True,ok,ok,8.0,139.0,8.0,140.0,8.0,139.0,8.0,139.0,0.6424692537566553,1.7880640451818959,0.7801002379434593,2.0512847981871984,4.053118505621385,0.6370689825233411,end,start,0.0,2.990183396310895,,,,,,False
5469,2,bmeleton_final_refit_vertex,1.3165786603830296,-79.3920139102152,132.83287313903796,1,2,11,10,11,10,2.706138018873784,False,27.892991220700832,0.11617713641237115,0.11617713641237115,0.039529401214310526,,,,,,,,bmeleton_final_refit,,,,,,,,,,,,,,,,,,,,,,,,,,1.0,5.0,2.0,0.039529401214310526,,False
5470,0,bmeleton_merged_intersection,6.080007413617799,-72.51610626117414,75.57389358198672,1,0,16,67,16,67,2.0417857022081627,False,26.293521264433533,0.10346347495470831,0.10346347495470831,0.12026566517673369,,,,,,,,bmeleton_merged,0.10346347495470842,1.0,,,,,,,,,,,,,,,,,,,,,,,,,,,,,False
5470,1,bmeleton_merged_pivot_refit_both,6.230805960504553,-72.78004464652953,73.25542789272947,1,0,16,67,16,67,1.7737726095326456,False,153.80761473941706,1.8973170388820568,0.10268296111794306,1.2119475179925663,,,,,,,,bmeleton_merged,,,2.3383085393656393,True,True,ok,ok,13.0,55.0,13.0,55.0,13.0,55.0,13.0,55.0,0.5079833134086025,1.5060625833785835,0.7099066526706899,2.0748787551195886,0.5541438870079325,0.5486888544326781,end,start,0.0,2.0417857022081627,,,,,,False
5470,2,bmeleton_final_refit_vertex,11.844772289430548,-72.70519084974151,57.32550661039703,3,0,13,7,13,7,1.7677530500859382,False,16.51057835716547,0.041232718420297854,0.041232718420297854,0.014529750934695104,,,,,,,,bmeleton_final_refit,,,,,,,,,,,,,,,,,,,,,,,,,,1.0,5.0,2.0,0.014529750934695104,,False
5474,0,bmeleton_merged_intersection,5.229776206514174,-76.72390098810547,104.31363998077876,1,0,53,83,53,83,0.03339884562456691,False,21.39955473276944,0.06894134856972567,0.06894134856972567,0.20545167594752103,,,,,,,,bmeleton_merged,0.06894134856972578,1.0,,,,,,,,,,,,,,,,,,,,,,,,,,,,,False
5474,1,bmeleton_merged_pivot_refit_both,3.7753231775459186,-76.85795941690354,103.95924684402523,1,0,53,83,53,83,0.03266200804534692,False,160.1389882879099,1.940519528726684,0.059480471273315905,3.1852703570535494,,,,,,,,bmeleton_merged,,,1.5029969298653758,True,True,ok,ok,51.0,62.0,51.0,62.0,51.0,62.0,51.0,62.0,1.4409728495169114,1.110266711123309,1.9444033622844357,1.4653759178560906,0.7008129494907281,0.8607046163923107,end,start,0.0,0.03339884562456691,,,,,,False
5474,2,bmeleton_final_refit_vertex,5.534637758051325,-76.55963272197957,103.34456039245501,2,1,53,15,53,15,0.2558163404365497,False,24.220954125773744,0.08802986125399326,0.08802986125399326,0.11806288990946315,,,,,,,,bmeleton_final_refit,,,,,,,,,,,,,,,,,,,,,,,,,,1.0,2.0778786512749803,2.0,0.11806288990946315,,False
5478,0,bmeleton_merged_intersection,-5.7820327292424585,-73.06481249439068,91.78159031679542,0,1,63,13,63,13,0.4271962827259307,False,8.743733830379428,0.011621858424598841,0.011621858424598841,0.015320820042702816,,,,,,,,bmeleton_merged,0.011621858424598952,1.0,,,,,,,,,,,,,,,,,,,,,,,,,,,,,False
5478,1,bmeleton_final_refit_vertex,-5.539182444210187,-73.62673199699029,96.66877297715419,2,1,13,12,13,12,0.8042706269384629,False,27.082583006018993,0.10964875820827902,0.10964875820827902,0.0589872801898243,,,,,,,,bmeleton_final_refit,,,,,,,,,,,,,,,,,,,,,,,,,,1.0,18.40465862657179,2.0,0.0589872801898243,,False
5485,0,bmeleton_merged_intersection,3.8615509386696756,-71.20023902005535,67.50212903405279,1,0,16,60,16,60,0.05182039732362555,False,26.692806963307433,0.10657221022876917,0.10657221022876917,0.16340739096869258,,,,,,,,bmeleton_merged,0.10657221022876917,1.0,,,,,,,,,,,,,,,,,,,,,,,,,,,,,False
5485,1,bmeleton_merged_pivot_refit_both,3.2130232945616917,-70.68887722882246,71.36055976567626,1,0,16,60,16,60,0.13764552304287853,False,154.1156137067574,1.8996767786658713,0.10032322133412885,1.2659626330269425,,,,,,,,bmeleton_merged,,,3.9458290253686354,True,True,ok,ok,15.0,25.0,15.0,25.0,15.0,25.0,15.0,25.0,0.4993523564931649,0.9763977392837986,0.7368624802696949,1.7894232186510828,0.25865388679481105,1.058147877242002,end,start,0.0,0.05182039732362555,,,,,,False
5485,2,bmeleton_final_refit_vertex,2.012955781867737,-69.71118115215354,73.41788727270668,1,2,32,16,32,16,0.7931357861802634,False,33.34804830937621,0.16465334366258455,0.16465334366258455,0.16077993010499717,,,,,,,,bmeleton_final_refit,,,,,,,,,,,,,,,,,,,,,,,,,,1.0,2.636892129169763,2.0,0.16077993010499717,,False
5486,0,bmeleton_merged_intersection,-5.515509590680239,-73.34619592869988,31.048728622379116,0,1,37,77,37,77,0.6790947151201734,False,38.11024020530489,0.21317527052756557,0.21317527052756557,0.5008918256506433,,,,,,,,bmeleton_merged,0.21317527052756569,1.0,,,,,,,,,,,,,,,,,,,,,,,,,,,,,False
5486,1,bmeleton_merged_pivot_refit_both,-6.422070007139304,-73.37611964395134,31.358737599235177,0,1,37,77,37,77,0.7755291194677744,False,38.93155622330781,0.22210282642255053,0.22210282642255053,0.2584759695520403,,,,,,,,bmeleton_merged,,,0.9585680899947723,True,True,ok,ok,23.0,69.0,23.0,72.0,23.0,71.0,23.0,69.0,0.7958679280792187,0.9448022770047309,1.4033848255655026,1.3606427157906422,1.0713344082246308,0.2265677704374159,end,end,0.0,0.6790947151201734,,,,,,False
5486,2,bmeleton_final_refit_vertex,-6.747618955996828,-73.46471624946801,33.59444528906954,2,0,77,23,77,23,0.5932036200018979,False,40.90319354021224,0.24418302581340756,0.24418302581340756,0.4593081273568041,,,,,,,,bmeleton_final_refit,,,,,,,,,,,,,,,,,,,,,,,,,,1.0,0.9992223803576196,2.0,0.4593081273568041,,False
5490,0,bmeleton_merged_intersection,-4.86326847681497,-71.11744814385682,102.317345452603,0,1,53,10,53,10,2.147415041806103,False,21.417287119650897,0.06905431610001111,0.06905431610001111,0.05560575862089451,,,,,,,,bmeleton_merged,0.06905431610001111,1.0,,,,,,,,,,,,,,,,,,,,,,,,,,,,,False
5490,1,bmeleton_merged_pivot_refit_both,-4.934635601352532,-71.08213745224235,102.54957420604015,0,1,53,10,53,10,2.111139811571354,False,158.62585206761483,1.931220354837075,0.0687796451629249,1.0533670558733386,,,,,,,,bmeleton_merged,,,0.2455001126884071,True,True,ok,ok,43.0,10.0,43.0,10.0,43.0,10.0,43.0,10.0,0.9238049698432053,0.2759653115096562,1.4572960976681548,0.38049773217801175,0.6589070404016518,0.467705799317403,start,end,0.0,2.147415041806103,,,,,,False
5490,2,bmeleton_final_refit_vertex,-4.630371810384517,-71.1140925603476,101.94273146938804,2,1,10,7,10,7,1.8627543965845208,False,40.85503846726294,0.24363297095844827,0.24363297095844827,0.07425515914139291,,,,,,,,bmeleton_final_refit,,,,,,,,,,,,,,,,,,,,,,,,,,1.0,40.608778979760245,2.0,0.07425515914139291,,False
5493,0,bmeleton_merged_intersection,-2.9620660735230855,-77.01925367544172,91.98590231723269,0,1,74,17,74,17,0.5092066388371639,False,22.858888522781342,0.07853562323834284,0.07853562323834284,0.1264031688572384,,,,,,,,bmeleton_merged,0.07853562323834284,1.0,,,,,,,,,,,,,,,,,,,,,,,,,,,,,False
5493,1,bmeleton_merged_pivot_refit_both,-3.707850287178438,-77.46745766659738,93.24201315322254,0,1,74,17,74,17,0.6264177060713654,False,157.9354603500834,1.9267612985544493,0.07323870144555067,1.758609784747055,,,,,,,,bmeleton_merged,,,1.5280364338969608,True,True,ok,ok,46.0,17.0,46.0,17.0,46.0,17.0,46.0,17.0,0.9614764009615195,0.36435446901998786,1.407758241747576,0.4419275769331209,0.6401969912210677,0.25783923593755137,start,end,0.0,0.5092066388371639,,,,,,False
5493,2,bmeleton_final_refit_vertex,-3.5827920588389324,-77.2273832331242,93.83455445718431,0,2,19,17,19,17,0.5489031375103458,False,33.421957611324366,0.16536316021002295,0.16536316021002295,0.13389762982104889,,,,,,,,bmeleton_final_refit,,,,,,,,,,,,,,,,,,,,,,,,,,1.0,43.617697558912376,2.0,0.13389762982104889,,False
5531,0,bmeleton_merged_intersection,4.306236818921975,-73.95699081627967,61.21512454659012,1,0,14,24,14,24,1.5173409992301385,False,34.11206217684465,0.1720577120833613,0.1720577120833613,0.12097993485626407,,,,,,,,bmeleton_merged,0.1720577120833613,1.0,,,,,,,,,,,,,,,,,,,,,,,,,,,,,False
5531,1,bmeleton_final_refit_vertex,4.108284744482667,-74.00115013159916,60.6471266328031,0,2,18,14,18,14,1.4318296804185142,False,33.32205189666566,0.16440400744676487,0.16440400744676487,0.10144207943755304,,,,,,,,bmeleton_final_refit,,,,,,,,,,,,,,,,,,,,,,,,,,1.0,39.27556558369988,2.0,0.10144207943755304,,False
5536,0,bmeleton_merged_intersection,-1.6963908076331535,-66.8478744265928,40.91627431825185,1,0,68,44,68,44,0.23228587984369803,False,8.79542419460304,0.01175940381698759,0.01175940381698759,0.030733685495673048,,,,,,,,bmeleton_merged,0.01175940381698759,1.0,,,,,,,,,,,,,,,,,,,,,,,,,,,,,False
5536,1,bmeleton_merged_pivot_refit_both,-1.1550083338227735,-66.64100618334689,41.196151306822394,1,0,68,44,68,44,0.4068103953942269,False,8.56934308620125,0.01116374950249932,0.01116374950249932,0.01381439901002003,,,,,,,,bmeleton_merged,,,0.6435997061404007,True,True,ok,ok,54.0,39.0,56.0,39.0,55.0,39.0,54.0,39.0,1.2936462788014924,1.458917184866531,1.8318927425787177,1.7273737423293178,0.22116171649923735,0.40983229784975184,end,end,0.0,0.23228587984369803,,,,,,False
5536,2,bmeleton_final_refit_vertex,-1.6641277889250583,-66.233783915092,61.051890902409674,2,0,56,39,56,39,0.41794162509581784,False,12.342368105666418,0.023112220753395585,0.023112220753395585,0.04983950050912719,,,,,,,,bmeleton_final_refit,,,,,,,,,,,,,,,,,,,,,,,,,,1.0,5.0,2.0,0.04983950050912719,,False
5541,0,bmeleton_merged_intersection,4.714660794121506,-78.68935406261105,124.47682767262947,1,0,22,121,22,121,1.3030750700220757,False,11.818208126044299,0.021197647824112376,0.021197647824112376,0.04337896913528305,,,,,,,,bmeleton_merged,0.021197647824112487,1.0,,,,,,,,,,,,,,,,,,,,,,,,,,,,,False
5541,1,bmeleton_merged_pivot_refit_both,4.783298915738234,-78.24660598291574,121.10675849452835,1,0,22,121,22,121,0.9007810037715214,False,168.65731649179477,1.9804684128917829,0.01953158710821712,2.180362144141282,,,,,,,,bmeleton_merged,,,3.3997210648816623,True,True,ok,ok,17.0,109.0,18.0,109.0,17.0,109.0,17.0,109.0,0.8944464622043996,1.5313333226428136,1.2721151471099907,1.8415654854200694,0.8809530076813794,0.36692897556613524,end,start,0.0,1.3030750700220757,,,,,,False
5541,2,bmeleton_final_refit_vertex,4.15932339805053,-80.64670516677975,130.88408051702837,3,1,18,5,18,5,2.2263768287119245,False,29.737531432314487,0.13169322064520528,0.13169322064520528,0.04322192222117227,,,,,,,,bmeleton_final_refit,,,,,,,,,,,,,,,,,,,,,,,,,,1.0,5.0,2.0,0.04322192222117227,,False
5549,0,bmeleton_merged_intersection,4.427761446981031,-74.05880558129418,80.4374464730088,0,1,69,36,69,36,3.260197983391609,False,35.94791894061444,0.19044905138166945,0.19044905138166945,0.2872791859331791,,,,,,,,bmeleton_merged,0.19044905138166957,1.0,,,,,,,,,,,,,,,,,,,,,,,,,,,,,False
5549,1,bmeleton_merged_pivot_refit_both,2.7327148068143106,-74.78396405246045,83.5262062142252,0,1,69,36,69,36,1.6825709463123955,False,145.50325718639095,1.8241583867071283,0.17584161329287185,1.5848002493074405,,,,,,,,bmeleton_merged,,,3.5971481286713565,True,True,ok,ok,37.0,34.0,39.0,34.0,37.0,34.0,37.0,34.0,0.8844210087113877,0.937567040521984,1.3215022914286807,1.4048254121178092,1.8473668735798545,0.12596425161930438,start,end,0.0,3.260197983391609,,,,,,False
5549,2,bmeleton_final_refit_vertex,1.548954933254353,-74.27938267580615,84.93563755524329,2,0,36,27,36,27,2.888007579368652,False,44.66535457999288,0.28877532974667186,0.28877532974667186,0.2853421375771248,,,,,,,,bmeleton_final_refit,,,,,,,,,,,,,,,,,,,,,,,,,,1.0,3.7603037356440434,2.0,0.2853421375771248,,False
5561,0,bmeleton_merged_intersection,-1.3078690590399369,-87.5722154930375,94.12415940647367,0,1,96,25,96,25,0.3776344313753486,False,22.308414773789174,0.0748460206139594,0.0748460206139594,0.1704602294201908,,,,,,,,bmeleton_merged,0.07484602061395962,1.0,,,,,,,,,,,,,,,,,,,,,,,,,,,,,False
5561,1,bmeleton_merged_pivot_refit_both,0.1697196151492686,-87.18674339697647,99.08817797665569,0,1,96,25,96,25,0.02797077474888408,False,158.5996205887364,1.9310533996368902,0.06894660036310984,2.4433876624654016,,,,,,,,bmeleton_merged,,,5.193586178359405,True,True,ok,ok,62.0,24.0,64.0,24.0,62.0,24.0,62.0,24.0,1.0780510573083806,0.8073875041170462,1.5983828836191774,0.9119092374561666,1.0616608183612495,0.14731194051586943,start,end,0.0,0.3776344313753486,,,,,,False
5561,2,bmeleton_final_refit_vertex,-0.8465829930964908,-86.97142303487456,96.50275923490844,2,1,25,24,25,24,1.3082552154082743,False,32.45074847582407,0.1561470024214604,0.1561470024214604,0.1515793463236383,,,,,,,,bmeleton_final_refit,,,,,,,,,,,,,,,,,,,,,,,,,,1.0,4.212147502312148,2.0,0.1515793463236383,,False
5572,0,bmeleton_merged_intersection,-8.39596426443045,-73.31112677347716,75.72936835375617,1,0,14,55,14,55,0.26129651683018235,False,11.666072317346295,0.02065728061297112,0.02065728061297112,0.027237405837177257,,,,,,,,bmeleton_merged,0.02065728061297112,1.0,,,,,,,,,,,,,,,,,,,,,,,,,,,,,False
5572,1,bmeleton_merged_pivot_refit_both,-8.372077935679346,-73.06557588982247,76.17983284984591,1,0,14,55,14,55,0.17605183860934262,False,168.4201180915234,1.979645793086326,0.020354206913674067,1.5405871225047711,,,,,,,,bmeleton_merged,,,0.5135991193549535,True,True,ok,ok,14.0,36.0,14.0,36.0,14.0,36.0,14.0,36.0,0.7071633375541659,0.8196778690254702,0.9482452721691724,0.9965314051768729,0.052946809084370564,0.28380133362181537,end,start,0.0,0.26129651683018235,,,,,,False
5572,2,bmeleton_final_refit_vertex,-8.232162099351257,-73.08248780745134,75.8698330438394,1,2,15,14,15,14,0.3155681920093849,False,11.691330995478381,0.020746518327190655,0.020746518327190655,0.014139862494050422,,,,,,,,bmeleton_final_refit,,,,,,,,,,,,,,,,,,,,,,,,,,1.0,13.48895926089691,2.0,0.014139862494050422,,False
5573,0,bmeleton_merged_intersection,0.2577253516740439,-77.47078951321988,93.06883208055149,0,1,79,114,79,114,0.373931814279581,False,32.84501719008771,0.15985927506920594,0.15985927506920594,0.44620758299657465,,,,,,,,bmeleton_merged,0.15985927506920605,1.0,,,,,,,,,,,,,,,,,,,,,,,,,,,,,False
5573,1,bmeleton_merged_pivot_refit_both,1.2699464639657436,-77.37032542871677,95.00430702852819,0,1,79,114,79,114,0.19705033734219826,False,147.79913529743143,1.8461851239120648,0.15381487608793531,3.361123550592402,,,,,,,,bmeleton_merged,,,2.1864921419226526,True,True,ok,ok,46.0,108.0,46.0,109.0,46.0,108.0,46.0,108.0,0.8111898140273648,1.4032273812565683,1.0455847419862914,1.9655919468282184,0.7088876853375446,0.1084508221970385,start,end,0.0,0.373931814279581,,,,,,False
5573,2,bmeleton_final_refit_vertex,1.1144619163183505,-77.5886779235532,94.66420847777528,2,0,110,33,110,33,0.8638519919235754,False,44.12703210823756,0.2822021133152115,0.2822021133152115,0.7218858364021515,,,,,,,,bmeleton_final_refit,,,,,,,,,,,,,,,,,,,,,,,,,,1.0,5.0,2.0,0.7218858364021515,,False
5574,0,bmeleton_merged_intersection,-4.160563893833891,-77.24127603138848,59.41123368763214,1,0,27,70,27,70,1.7674622662413777,False,29.22191186408894,0.12726456076621862,0.12726456076621862,0.20438666193618946,,,,,,,,bmeleton_merged,0.12726456076621873,1.0,,,,,,,,,,,,,,,,,,,,,,,,,,,,,False
5574,1,bmeleton_merged_pivot_refit_both,-4.315995936309309,-77.11211707613809,59.20101122564736,1,0,27,70,27,70,1.4277619186784503,False,150.63522997295638,1.8715154928292095,0.12848450717079063,1.6317979571524814,,,,,,,,bmeleton_merged,,,0.2916069942103472,True,True,ok,ok,27.0,39.0,27.0,39.0,27.0,39.0,27.0,39.0,0.3444351327484559,1.3171823419866064,0.48166501419917734,1.4958390232066685,0.28187996618142946,0.6254292021509528,end,start,0.0,1.7674622662413777,,,,,,False
5574,2,bmeleton_final_refit_vertex,-4.697043107809342,-77.40178143711698,58.16167104639089,2,1,27,22,27,22,1.686608450214234,False,38.06897740207526,0.2127310015052548,0.2127310015052548,0.19384657098061303,,,,,,,,bmeleton_final_refit,,,,,,,,,,,,,,,,,,,,,,,,,,1.0,46.843859582965095,2.0,0.19384657098061303,,False
5575,0,bmeleton_merged_intersection,-5.037789283816823,-75.45701196437261,51.96630457797633,0,1,99,43,99,43,1.7523271565671237,False,34.572975059606534,0.1765958858012474,0.1765958858012474,0.3923000508709694,,,,,,,,bmeleton_merged,0.1765958858012474,1.0,,,,,,,,,,,,,,,,,,,,,,,,,,,,,False
5575,1,bmeleton_merged_pivot_refit_both,-5.037935645859042,-75.692349002787,53.17782203200268,0,1,99,43,99,43,0.7080430729320117,False,34.82436113080909,0.17909352218563745,0.17909352218563745,0.20033295056474704,,,,,,,,bmeleton_merged,,,1.234162908404717,True,True,ok,ok,42.0,43.0,43.0,43.0,42.0,43.0,42.0,43.0,1.8397793314974917,0.6866051269965883,2.0156172232967577,0.9785203862851175,0.5936838891755268,0.19939254249133828,end,end,0.0,1.7523271565671237,,,,,,False
5575,2,bmeleton_final_refit_vertex,-5.962541704023091,-74.83245709114557,53.80149720242815,0,2,45,43,45,43,0.9982832413075927,False,37.789578007890825,0.20973351408242702,0.20973351408242702,0.38452214597252704,,,,,,,,bmeleton_final_refit,,,,,,,,,,,,,,,,,,,,,,,,,,1.0,7.271293551808524,2.0,0.38452214597252704,,False
5576,0,bmeleton_merged_intersection,4.257268667160156,-69.95273476244984,87.08428627223111,1,0,29,74,29,74,1.4050842417408345,False,19.26074720398522,0.05597283763967709,0.05597283763967709,0.10120625301518692,,,,,,,,bmeleton_merged,0.05597283763967709,1.0,,,,,,,,,,,,,,,,,,,,,,,,,,,,,False
5576,1,bmeleton_merged_pivot_refit_both,4.88313333249129,-69.75472243382909,88.63286375645296,1,0,29,74,29,74,0.8930613442769,False,161.27537518597475,1.9470723959086287,0.052927604091371316,2.1274610214518876,,,,,,,,bmeleton_merged,,,1.6819654236145114,True,True,ok,ok,29.0,43.0,29.0,43.0,29.0,43.0,29.0,43.0,0.4558785439159933,0.9239150182203921,0.6637735552997329,1.0583548594265528,0.20574866340285333,0.5704872405772149,end,start,0.0,1.4050842417408345,,,,,,False
5576,2,bmeleton_final_refit_vertex,3.114776133668783,-69.6029519449235,83.92545521272856,2,1,29,23,29,23,0.1727559489264514,False,23.45438273591851,0.08262274367956357,0.08262274367956357,0.10312893893164841,,,,,,,,bmeleton_final_refit,,,,,,,,,,,,,,,,,,,,,,,,,,1.0,22.664827741906247,2.0,0.10312893893164841,,False
5581,0,bmeleton_merged_intersection,-3.062000390121718,-80.39495944433719,66.25617368110309,0,1,69,13,69,13,2.162100785756448,False,23.674386662048054,0.08415781260014998,0.08415781260014998,0.08798127289534705,,,,,,,,bmeleton_merged,0.08415781260014998,1.0,,,,,,,,,,,,,,,,,,,,,,,,,,,,,False
5581,1,bmeleton_merged_pivot_refit_both,-2.8375710764984117,-79.89298052523614,67.46848790553727,0,1,69,13,69,13,1.6205752291877393,False,156.83054741481143,1.919345239909919,0.08065476009008099,1.083556463393986,,,,,,,,bmeleton_merged,,,1.331186362159985,True,True,ok,ok,31.0,13.0,31.0,13.0,31.0,13.0,31.0,13.0,0.9610174265307964,0.2674334738966619,1.183701279617334,0.32695566051926755,0.7087201526852853,0.3821472030615871,start,end,0.0,2.162100785756448,,,,,,False
5581,2,bmeleton_final_refit_vertex,-1.8637160158761938,-79.6436473668839,69.8253004122183,1,2,30,13,30,13,2.2174295432921136,False,29.94040704532689,0.13345501810481153,0.13345501810481153,0.09129030703724635,,,,,,,,bmeleton_final_refit,,,,,,,,,,,,,,,,,,,,,,,,,,1.0,60.42051460159566,2.0,0.09129030703724635,,False
5611,0,bmeleton_merged_intersection,-2.996480967208098,-66.30727233118353,61.53059073281566,0,1,66,29,66,29,2.065026282143632,False,12.026545943845308,0.021948832670040663,0.021948832670040663,0.03397884569359738,,,,,,,,bmeleton_merged,0.021948832670040663,1.0,,,,,,,,,,,,,,,,,,,,,,,,,,,,,False
5611,1,bmeleton_merged_pivot_refit_both,-2.2972488020465733,-67.04283426926872,70.22436068331588,0,1,66,29,66,29,0.29593154878068095,False,168.6940532731864,1.9805943160218988,0.01940568397810105,1.8246641669509767,,,,,,,,bmeleton_merged,,,8.75280600366401,True,True,ok,ok,27.0,29.0,28.0,29.0,27.0,29.0,27.0,29.0,0.4821694047353038,1.0024434547076166,0.9931296953502865,1.1540966226912248,1.3227207550227147,0.5050882853302792,start,end,0.0,2.065026282143632,,,,,,False
5611,2,bmeleton_final_refit_vertex,-3.410455940750885,-66.49409680742589,59.28376502792954,0,2,33,29,33,29,2.322266497799912,False,10.796979352291316,0.017702871847025903,0.017702871847025903,0.018697957651057574,,,,,,,,bmeleton_final_refit,,,,,,,,,,,,,,,,,,,,,,,,,,1.0,10.26770181151166,2.0,0.018697957651057574,,False
5618,0,bmeleton_merged_intersection,-3.6427064443894768,-73.71580586235581,35.56712558751626,1,0,52,54,52,54,1.9697172209439961,False,24.32967437464327,0.08880997527250412,0.08880997527250412,0.16880493984625639,,,,,,,,bmeleton_merged,0.08880997527250434,1.0,,,,,,,,,,,,,,,,,,,,,,,,,,,,,False
5618,1,bmeleton_merged_pivot_refit_both,-4.22601478174242,-74.1371596975818,33.411043052902144,1,0,52,54,52,54,0.9627153336569847,False,23.28254269821904,0.08143314356187192,0.08143314356187192,0.08551811040154554,,,,,,,,bmeleton_merged,,,2.2729891260085533,True,True,ok,ok,51.0,32.0,51.0,33.0,51.0,33.0,51.0,32.0,0.7712215425840352,1.446693308893404,1.0383258601193024,1.936367606142943,0.059273166928313935,1.443233296235083,end,end,0.0,1.9697172209439961,,,,,,False
5618,2,bmeleton_final_refit_vertex,-3.6075377277790572,-74.12105756682428,34.2042499261415,2,1,51,33,51,33,0.5597667085756564,False,24.693412005939514,0.09144378120882146,0.09144378120882146,0.16868624617383035,,,,,,,,bmeleton_final_refit,,,,,,,,,,,,,,,,,,,,,,,,,,1.0,5.0,2.0,0.16868624617383035,,False
5621,0,bmeleton_merged_intersection,-6.223455499600924,-83.07435809249439,84.645963161583,1,0,27,106,27,106,1.6342165088313334,False,27.405751467859023,0.11223081513483102,0.11223081513483102,0.22625453866572423,,,,,,,,bmeleton_merged,0.11223081513483102,1.0,,,,,,,,,,,,,,,,,,,,,,,,,,,,,False
5621,1,bmeleton_merged_pivot_refit_both,-7.268680303822604,-82.78165597022331,86.88911427028518,1,0,27,106,27,106,0.9952695473232368,False,153.4312886180372,1.8943986199957572,0.1056013800042428,2.0597932493469044,,,,,,,,bmeleton_merged,,,2.49196635615613,True,True,ok,ok,27.0,69.0,27.0,71.0,27.0,69.0,27.0,69.0,0.4152130069336047,2.028510868792956,0.6091961653423448,2.1864019954592178,0.19169319044648953,0.910833621614509,end,start,0.0,1.6342165088313334,,,,,,False
5621,2,bmeleton_final_refit_vertex,-7.258831053484135,-82.66960877975183,86.88656774586389,0,2,27,27,27,27,1.3875777174057795,False,34.41021232539873,0.17498721381334326,0.17498721381334326,0.18491574513785788,,,,,,,,bmeleton_final_refit,,,,,,,,,,,,,,,,,,,,,,,,,,1.0,22.998136127619354,2.0,0.18491574513785788,,False
5633,0,bmeleton_merged_intersection,-5.516779293493867,-75.01807346040448,49.992628963804485,0,1,74,20,74,20,2.91857800389688,False,4.757453741309358,0.003445278647598693,0.003445278647598693,0.0041845428531122105,,,,,,,,bmeleton_merged,0.003445278647598804,1.0,,,,,,,,,,,,,,,,,,,,,,,,,,,,,False
5633,1,bmeleton_merged_pivot_refit_both,-5.936422673607532,-74.98497326536778,64.2217482930933,0,1,74,20,74,20,2.68011001382838,False,6.449853757059163,0.006329447494036966,0.006329447494036966,0.002311913820014352,,,,,,,,bmeleton_merged,,,14.23534450150488,True,True,ok,ok,18.0,17.0,26.0,17.0,18.0,17.0,18.0,17.0,0.948094305831473,0.883683231438407,1.2004405666255937,1.263286532884307,0.393115276580058,2.377596245682099,end,end,0.0,2.91857800389688,,,,,,False
5633,2,bmeleton_final_refit_vertex,-6.429663153444212,-74.93066838170171,65.09850458400429,1,2,30,17,30,17,2.392911239979171,False,22.183320797007937,0.07401946232095757,0.07401946232095757,0.05652694709304133,,,,,,,,bmeleton_final_refit,,,,,,,,,,,,,,,,,,,,,,,,,,1.0,5.0,2.0,0.05652694709304133,,False
5649,0,bmeleton_merged_intersection,3.794901574672703,-74.48881575043916,81.94729884084155,1,0,55,68,55,68,0.4758106957428015,False,35.609223247754805,0.1869929573387632,0.1869929573387632,0.5122336245593969,,,,,,,,bmeleton_merged,0.1869929573387633,1.0,,,,,,,,,,,,,,,,,,,,,,,,,,,,,False
5649,1,bmeleton_merged_pivot_refit_both,2.5818698686024053,-74.64392849732089,85.34021108435894,1,0,55,68,55,68,0.27137153432097105,False,145.17520425920782,1.8209021460662722,0.1790978539337279,2.5477805835671363,,,,,,,,bmeleton_merged,,,3.6065716929498572,True,True,ok,ok,54.0,40.0,54.0,40.0,54.0,40.0,54.0,40.0,1.1397864011824113,0.9575192370555543,1.5436436653263648,1.265786345078429,0.27795378904638246,1.0600840746486808,end,start,0.0,0.4758106957428015,,,,,,False
5649,2,bmeleton_final_refit_vertex,3.091316950052848,-74.82293669458991,83.16368021262471,2,0,55,25,55,25,0.9753441797491138,False,43.48617480460009,0.2744595534653178,0.2744595534653178,0.42580110533145543,,,,,,,,bmeleton_final_refit,,,,,,,,,,,,,,,,,,,,,,,,,,1.0,3.2641024421339817,2.0,0.42580110533145543,,False
5652,0,bmeleton_merged_intersection,-5.907095735206514,-78.26412984894196,105.39640862738727,1,2,76,21,76,21,2.1415318928080818,False,26.12919779788884,0.1021967328263843,0.1021967328263843,0.14292298697424446,,,,,,,,bmeleton_merged,0.10219673282638442,3.0,,,,,,,,,,,,,,,,,,,,,,,,,,,,,False
5652,1,bmeleton_merged_intersection,-1.2318921751192002,-77.56598308912743,116.81238693272037,0,2,25,21,25,21,2.4558259228625787,False,22.30563013022279,0.07482757307859134,0.07482757307859134,0.05748910671502624,,,,,,,,bmeleton_merged,0.07482757307859145,2.0,,,,,,,,,,,,,,,,,,,,,,,,,,,,,False
5652,2,bmeleton_merged_intersection,-1.431366520736804,-77.75603937106644,35.41330494364244,0,1,25,76,25,76,0.40550074328463037,False,3.8241929102175227,0.002226604542244992,0.002226604542244992,0.004488735016331266,,,,,,,,bmeleton_merged,0.002226604542244992,1.0,,,,,,,,,,,,,,,,,,,,,,,,,,,,,False
5652,3,bmeleton_merged_pivot_refit_both,-5.3097104529868915,-77.92793463922504,107.05680166068969,1,2,76,21,76,21,1.740969133874662,False,154.2882139138609,1.9009877959786214,0.09901220402137856,1.6379550843911148,,,,,,,,bmeleton_merged,,,1.7963299862465159,True,True,ok,ok,48.0,21.0,48.0,21.0,48.0,21.0,48.0,21.0,0.7970645258738873,0.5222244634843933,1.2143760409787072,0.7395895571789433,0.6016531479647018,0.5030649002973001,start,end,0.0,2.1415318928080818,,,,,,False
5652,4,bmeleton_merged_pivot_refit_both,-1.0592567890857463,-77.47838753074444,117.32149598926952,0,2,25,21,25,21,2.3862431736043166,False,157.78142457369074,1.9257480392836692,0.07425196071633078,1.005354303438101,,,,,,,,bmeleton_merged,,,0.5446723692456892,True,True,ok,ok,20.0,21.0,20.0,21.0,20.0,21.0,20.0,21.0,0.6320895544112926,0.5222244634843933,0.7964319622170748,0.7395895571789433,0.6079518905859532,0.6369698900149219,start,end,1.0,2.4558259228625787,,,,,,False
5652,5,bmeleton_merged_pivot_refit_both,-0.9144454774596729,-77.4466447578319,37.45312438889631,0,1,25,76,25,76,0.7086803328776565,False,3.848163476609092,0.0022545948242252978,0.0022545948242252978,0.002432923182568536,,,,,,,,bmeleton_merged,,,2.1269216630889565,True,True,ok,ok,23.0,56.0,23.0,59.0,23.0,59.0,23.0,56.0,0.5590476922488696,1.1456220715045722,1.1677882931086618,1.4878129060841263,0.3761378616854036,0.4738374583319213,end,end,2.0,0.40550074328463037,,,,,,False
5652,6,bmeleton_final_refit_vertex,-5.434094055572102,-77.88259340131297,106.54709695294412,2,3,23,21,23,21,1.570383732228749,False,29.81642076250333,0.13237701320105177,0.13237701320105177,0.11069688943929949,,,,,,,,bmeleton_final_refit,,,,,,,,,,,,,,,,,,,,,,,,,,1.0,68.03506227802558,2.0,0.11069688943929949,,False
5658,0,bmeleton_merged_intersection,-3.917520134696195,-67.97056311584038,81.15130109937724,1,2,29,45,29,45,1.4078484857170155,False,44.02081878507795,0.28091265566935375,0.28091265566935375,0.39591716929193255,,,,,,,,bmeleton_merged,0.28091265566935386,3.0,,,,,,,,,,,,,,,,,,,,,,,,,,,,,False
5658,1,bmeleton_merged_intersection,-4.409741563481166,-67.5798860915649,81.67628452340395,0,2,52,45,52,45,0.4622634793917954,False,34.35881298933147,0.17448058900832153,0.17448058900832153,0.3862979566897422,,,,,,,,bmeleton_merged,0.17448058900832164,2.0,,,,,,,,,,,,,,,,,,,,,,,,,,,,,False
5658,2,bmeleton_merged_intersection,-4.166449507510783,-68.31717216121984,80.00843129434399,0,1,52,29,52,29,1.0228083390982383,False,9.89687938791871,0.014881311195565128,0.014881311195565128,0.023987381100985434,,,,,,,,bmeleton_merged,0.01488131119556535,1.0,,,,,,,,,,,,,,,,,,,,,,,,,,,,,False
5658,3,bmeleton_merged_pivot_refit_both,-4.054487840328665,-67.97055376366293,81.29772286152124,1,2,29,45,29,45,1.3734819098909934,False,44.16879406858296,0.2827097903418352,0.2827097903418352,0.28317231245180297,,,,,,,,bmeleton_merged,,,0.20049809201845467,True,True,ok,ok,29.0,45.0,29.0,45.0,29.0,45.0,29.0,45.0,0.8425891556414816,0.6900537181634373,1.5014860101148606,0.8655541567353037,0.6656934814904997,0.2458545603365501,end,end,0.0,1.4078484857170155,,,,,,False
5658,4,bmeleton_merged_pivot_refit_both,-4.691832123922898,-67.62895886073943,82.06152616445002,0,2,52,45,52,45,0.47533330526006073,False,145.8872167821034,1.8279352302733312,0.17206476972666895,2.555025767257555,,,,,,,,bmeleton_merged,,,0.4799941072145077,True,True,ok,ok,39.0,45.0,39.0,45.0,39.0,45.0,39.0,45.0,0.7323061154311447,0.6900537181634373,0.9828608880591626,0.8655541567353037,0.29664656307625564,0.0832474419659355,start,end,1.0,0.4622634793917954,,,,,,False
5658,5,bmeleton_merged_pivot_refit_both,-4.4651156497537166,-68.40143209228458,79.2513185417564,0,1,52,29,52,29,1.0096818151919256,False,169.72438981786786,1.9839610617848784,0.01603893821512148,1.9448833004536854,,,,,,,,bmeleton_merged,,,0.8182425805566859,True,True,ok,ok,39.0,29.0,39.0,29.0,39.0,29.0,39.0,29.0,0.7323061154311447,0.8425891556414816,0.9828608880591626,1.5014860101148606,0.5157479716393579,0.4426252194545948,start,end,2.0,1.0228083390982383,,,,,,False
5658,6,bmeleton_final_refit_vertex,-3.917520134696195,-67.97056311584038,81.15130109937724,2,1,45,29,45,29,1.4078484857170175,False,44.02081878507795,0.28091265566935375,0.28091265566935375,0.39591716929193244,,,,,,,,bmeleton_final_refit,,,,,,,,,,,,,,,,,,,,,,,,,,1.0,3.0,2.0,0.39591716929193244,,False
5662,0,bmeleton_merged_intersection,1.60512396948031,-75.91384669804603,80.2871648630703,1,2,32,27,32,27,0.23809601991935364,False,40.55607451116355,0.24023000342935386,0.24023000342935386,0.3370161183021019,,,,,,,,bmeleton_merged,0.24023000342935386,2.0,,,,,,,,,,,,,,,,,,,,,,,,,,,,,False
5662,1,bmeleton_merged_intersection,4.384050589731456,-75.45587931710148,85.41771154886956,0,2,91,27,91,27,0.8790525267283714,False,28.265046028909637,0.11923358720969524,0.11923358720969524,0.2513239383217177,,,,,,,,bmeleton_merged,0.11923358720969524,3.0,,,,,,,,,,,,,,,,,,,,,,,,,,,,,False
5662,2,bmeleton_merged_intersection,4.1292222016524445,-75.21393915123815,68.31620493668132,1,0,32,91,32,91,1.0541098376130928,False,12.39565652391413,0.023311445825431543,0.023311445825431543,0.051946298677393844,,,,,,,,bmeleton_merged,0.023311445825431543,1.0,,,,,,,,,,,,,,,,,,,,,,,,,,,,,False
5662,3,bmeleton_merged_pivot_refit_both,2.6290673979225954,-75.53700508972446,82.30226792630013,1,2,32,27,32,27,0.1784554135687174,False,42.098842911105855,0.2580106199027826,0.2580106199027826,0.24746913479115729,,,,,,,,bmeleton_merged,,,2.2915300778848122,True,True,ok,ok,28.0,27.0,28.0,27.0,28.0,27.0,28.0,27.0,1.0350754419174908,0.2871861050128745,1.5516905587100656,0.44055095222574725,1.542705106029727,0.061859087844977914,end,end,0.0,0.23809601991935364,,,,,,False
5662,4,bmeleton_merged_pivot_refit_both,3.6056371841620836,-75.47886807276309,84.05953306995488,0,2,91,27,91,27,0.5989197266764649,False,151.15678085793763,1.8759430361092284,0.12405696389077159,2.530708905673909,,,,,,,,bmeleton_merged,,,1.5656004258571132,True,True,ok,ok,80.0,27.0,80.0,27.0,80.0,27.0,80.0,27.0,1.7528604219141952,0.2871861050128745,1.968592161246937,0.44055095222574725,0.5673082610663169,0.1819581945000754,start,end,1.0,0.8790525267283714,,,,,,False
5662,5,bmeleton_merged_pivot_refit_both,3.2329368129152716,-75.36398168941164,77.73020112946247,1,0,32,91,32,91,0.45704075056901244,False,167.25268315375848,1.9753526546706508,0.024647345329349202,2.175966547079253,,,,,,,,bmeleton_merged,,,9.457756847108271,True,True,ok,ok,30.0,64.0,30.0,64.0,30.0,64.0,30.0,64.0,1.1519815104694817,1.8015533078626245,1.5792497539381318,1.9549568064574525,1.1986944233726367,0.7327865244246274,end,start,2.0,1.0541098376130928,,,,,,False
5662,6,bmeleton_final_refit_vertex,2.4944781999151022,-75.56515615521081,82.04738187905173,2,3,30,27,30,27,0.054017632680040555,False,42.433764922341055,0.2619421600889956,0.2619421600889956,0.36876625250305506,,,,,,,,bmeleton_final_refit,,,,,,,,,,,,,,,,,,,,,,,,,,1.0,28.263483525419023,2.0,0.36876625250305506,,False
5665,0,bmeleton_merged_intersection,7.121579593445352,-69.9769485170751,87.4259523100605,0,1,65,11,65,11,0.9018915298479014,False,20.885881472928702,0.0657076485257585,0.0657076485257585,0.07442480948317504,,,,,,,,bmeleton_merged,0.0657076485257585,1.0,,,,,,,,,,,,,,,,,,,,,,,,,,,,,False
5665,1,bmeleton_merged_pivot_refit_both,5.874269309333814,-70.57570737863003,91.71728494072988,0,1,65,11,65,11,0.8066295327634454,False,160.23671485089952,1.9410976373445967,0.058902362655403384,1.2252441890705585,,,,,,,,bmeleton_merged,,,4.508861371365148,True,True,ok,ok,43.0,10.0,43.0,10.0,43.0,10.0,43.0,10.0,0.9393914225278153,0.5339289554751381,1.1591389275797934,0.6372618445797191,1.1472030379112879,0.1997927583910727,start,end,0.0,0.9018915298479014,,,,,,False
5665,2,bmeleton_final_refit_vertex,7.346911888909178,-70.16178595419734,87.4312476724991,1,2,16,11,16,11,1.4643464840962592,False,23.75045577550643,0.08469172467212993,0.08469172467212993,0.043452292397475,,,,,,,,bmeleton_final_refit,,,,,,,,,,,,,,,,,,,,,,,,,,1.0,3.19393667553973,2.0,0.043452292397475,,False
5668,0,bmeleton_merged_intersection,-7.808220274483652,-79.891027965744,106.38529637697933,0,1,78,20,78,20,0.8347931566901402,False,18.645641238478447,0.05248597042920655,0.05248597042920655,0.08882190314148912,,,,,,,,bmeleton_merged,0.052485970429206774,1.0,,,,,,,,,,,,,,,,,,,,,,,,,,,,,False
5668,1,bmeleton_merged_pivot_refit_both,-8.34742873251383,-80.08067906380053,110.1358835134736,0,1,78,20,78,20,0.4964776859534765,False,161.36823181179307,1.9475914143213626,0.052408585678637265,2.0341163881144624,,,,,,,,bmeleton_merged,,,3.7938920871107618,True,True,ok,ok,53.0,20.0,53.0,20.0,53.0,20.0,53.0,20.0,1.011315500484933,0.5627722139844558,1.0233832947095962,1.011415930085395,0.3643422118066979,0.3339990231427127,start,end,0.0,0.8347931566901402,,,,,,False
5668,2,bmeleton_final_refit_vertex,-8.838815046249303,-80.22740281273735,109.65579384869561,2,0,20,18,20,18,0.887490158383826,False,25.652357861713984,0.09856269741842805,0.09856269741842805,0.07940971648038998,,,,,,,,bmeleton_final_refit,,,,,,,,,,,,,,,,,,,,,,,,,,1.0,35.39877295863322,2.0,0.07940971648038998,,False
5670,0,bmeleton_merged_intersection,4.671937014764313,-72.22066483417156,73.70190928026892,1,0,25,131,25,131,0.9967366985226752,False,29.86165151556467,0.13276980377073277,0.13276980377073277,0.3167597516048923,,,,,,,,bmeleton_merged,0.13276980377073277,1.0,,,,,,,,,,,,,,,,,,,,,,,,,,,,,False
5670,1,bmeleton_merged_pivot_refit_both,5.308706427198321,-72.43259635577849,75.13484013033269,1,0,25,131,25,131,1.0015339910769079,False,150.80640268315634,1.8729765891127468,0.12702341088725322,1.9925827861211838,,,,,,,,bmeleton_merged,,,1.5823024601910523,True,True,ok,ok,25.0,67.0,25.0,70.0,25.0,67.0,25.0,67.0,0.4750341981152673,1.783093310671747,0.8516686253482867,2.189795399440094,0.19068961634921103,0.780322647939108,end,start,0.0,0.9967366985226752,,,,,,False
5670,2,bmeleton_final_refit_vertex,6.7818556928081515,-73.30390585217839,78.80550106294086,0,2,50,25,50,25,1.448943105913371,False,37.44053812660895,0.20601531111785443,0.20601531111785443,0.28236181713658315,,,,,,,,bmeleton_final_refit,,,,,,,,,,,,,,,,,,,,,,,,,,1.0,7.274782424212086,2.0,0.28236181713658315,,False
5677,0,bmeleton_merged_intersection,-2.356737323885953,-68.98222869399893,95.3748716297211,0,1,130,60,130,60,0.7760665221147186,False,28.28346522957628,0.11938586784910699,0.11938586784910699,0.31003590607557024,,,,,,,,bmeleton_merged,0.1193858678491071,1.0,,,,,,,,,,,,,,,,,,,,,,,,,,,,,False
5677,1,bmeleton_merged_pivot_refit_both,-3.6781165130309033,-68.67184924206873,99.01930691492876,0,1,130,60,130,60,0.642593229110176,False,152.41515436359313,1.8863260870405298,0.11367391295947016,3.0596154644081035,,,,,,,,bmeleton_merged,,,3.8889956176052087,True,True,ok,ok,93.0,58.0,94.0,58.0,93.0,58.0,93.0,58.0,1.4719124416007003,0.8967391515237283,1.81773827185832,1.1916710643822355,0.8866178788068841,0.28850757601176036,start,end,0.0,0.7760665221147186,,,,,,False
5677,2,bmeleton_final_refit_vertex,-3.6703489385895947,-68.86842437541834,97.88088983198034,2,1,60,31,60,31,0.788335182291504,False,41.60518367434416,0.2522619794167402,0.2522619794167402,0.4698882749803624,,,,,,,,bmeleton_final_refit,,,,,,,,,,,,,,,,,,,,,,,,,,1.0,1.682629424466471,2.0,0.4698882749803624,,False
5684,0,bmeleton_merged_intersection,0.8186933671304387,-70.69823086054524,116.1950599433948,0,1,84,52,84,52,0.6407724702535958,False,32.81388315469173,0.1595646807402057,0.1595646807402057,0.42431603538787666,,,,,,,,bmeleton_merged,0.1595646807402058,1.0,,,,,,,,,,,,,,,,,,,,,,,,,,,,,False
5684,1,bmeleton_merged_pivot_refit_both,1.7176043794169664,-70.489281031144,117.18054963038094,0,1,84,52,84,52,0.7444047628760603,False,147.77952998841232,1.8460027318994243,0.15399726810057568,2.9661442773176914,,,,,,,,bmeleton_merged,,,1.3501447931139976,True,True,ok,ok,56.0,50.0,56.0,50.0,56.0,50.0,56.0,50.0,0.8536495372425892,0.772797354019588,1.068552742885583,1.0253657074382074,0.5076837167234244,0.2490917686345343,start,end,0.0,0.6407724702535958,,,,,,False
5684,2,bmeleton_final_refit_vertex,-1.6813092248484018,-71.02646046390328,111.49337464284318,2,0,50,26,50,26,1.0996328634495822,False,43.62525897967182,0.27613222932840065,0.27613222932840065,0.4080609988912815,,,,,,,,bmeleton_final_refit,,,,,,,,,,,,,,,,,,,,,,,,,,1.0,5.0,2.0,0.4080609988912815,,False
5687,0,bmeleton_merged_intersection,-6.947515501080197,-80.16627440725297,87.38044860710616,1,0,15,90,15,90,4.0716334379083134,False,7.165764940658408,0.007810587369117106,0.007810587369117106,0.00790869986785514,,,,,,,,bmeleton_merged,0.007810587369117106,1.0,,,,,,,,,,,,,,,,,,,,,,,,,,,,,False
5687,1,bmeleton_final_refit_vertex,-6.864861447355124,-80.77059164207343,84.98383334311853,1,2,17,9,17,9,0.8379021275019776,False,29.36699990951568,0.12850359235937825,0.12850359235937825,0.06806818695276913,,,,,,,,bmeleton_final_refit,,,,,,,,,,,,,,,,,,,,,,,,,,1.0,5.0,2.0,0.06806818695276913,,False
5689,0,bmeleton_merged_intersection,-6.391168386022853,-75.78052875230334,72.02794379179733,1,0,35,69,35,69,0.016077696602755962,False,37.294849025960374,0.2044720431198812,0.2044720431198812,0.5008045406994288,,,,,,,,bmeleton_merged,0.20447204311988143,1.0,,,,,,,,,,,,,,,,,,,,,,,,,,,,,False
5689,1,bmeleton_merged_pivot_refit_both,-6.239162996764154,-75.80734591105556,72.85611267185655,1,0,35,69,35,69,0.05288833490871338,False,142.79084290072836,1.7964332798948395,0.20356672010516053,2.361808117410362,,,,,,,,bmeleton_merged,,,0.8424301112055403,True,True,ok,ok,34.0,42.0,34.0,42.0,34.0,42.0,34.0,42.0,0.39692118818090627,1.250593857805551,0.7322955599669252,1.6317880835603178,0.10815448294463256,0.18149404184571907,end,start,0.0,0.016077696602755962,,,,,,False
5689,2,bmeleton_final_refit_vertex,-5.391996191878426,-76.13553660261108,73.59071339938748,2,0,35,24,35,24,0.33532698257760857,False,40.470544490523004,0.23926025650099958,0.23926025650099958,0.32492952434480626,,,,,,,,bmeleton_final_refit,,,,,,,,,,,,,,,,,,,,,,,,,,1.0,3.233806421562363,2.0,0.32492952434480626,,False
5695,0,bmeleton_merged_intersection,2.771781801566909,-78.009501471851,36.61942079462897,0,1,69,53,69,53,1.1867795029349004,False,39.75345072247047,0.23119668047392627,0.23119668047392627,0.5605420728932976,,,,,,,,bmeleton_merged,0.23119668047392639,1.0,,,,,,,,,,,,,,,,,,,,,,,,,,,,,False
5695,1,bmeleton_merged_pivot_refit_both,1.7072038565864491,-78.25114949705329,37.13302301724915,0,1,69,53,69,53,1.1581970918796025,False,41.13197982893985,0.24680364122888,0.24680364122888,0.25659324879825507,,,,,,,,bmeleton_merged,,,1.206444036042856,True,True,ok,ok,33.0,52.0,33.0,52.0,33.0,52.0,33.0,52.0,1.1265689665146095,1.0307017458974241,1.8192701302194632,1.3450231696219244,1.809027362198268,0.22327095048310266,end,end,0.0,1.1867795029349004,,,,,,False
5695,2,bmeleton_final_refit_vertex,1.4460812538883725,-78.23414076542748,38.882984628410824,2,1,53,35,53,35,1.3624416828613153,False,43.63746649432806,0.2762792450166913,0.2762792450166913,0.4675589896636645,,,,,,,,bmeleton_final_refit,,,,,,,,,,,,,,,,,,,,,,,,,,1.0,2.7157829455571934,2.0,0.4675589896636645,,False
5696,0,bmeleton_merged_intersection,7.291374864081245,-74.42938052263993,103.80395748365328,0,1,116,51,116,51,0.041024622475026806,False,33.44706783997799,0.16560463213293908,0.16560463213293908,0.49277074960496137,,,,,,,,bmeleton_merged,0.1656046321329392,1.0,,,,,,,,,,,,,,,,,,,,,,,,,,,,,False
5696,1,bmeleton_merged_pivot_refit_both,7.383012926242968,-74.40225154531453,102.30445195926595,0,1,116,51,116,51,0.05572062339240934,False,146.99414743933417,1.8386149306244683,0.16138506937553176,3.092464599397231,,,,,,,,bmeleton_merged,,,1.5025479471602903,True,True,ok,ok,99.0,46.0,99.0,46.0,99.0,46.0,99.0,46.0,1.9519464480556974,1.0287258437678237,2.1171114181729767,1.4663176286620636,0.05920810253418111,0.3720234094478036,start,end,0.0,0.041024622475026806,,,,,,False
5696,2,bmeleton_final_refit_vertex,10.88765971618393,-74.60307010081158,105.63611951263181,3,1,46,12,46,12,0.5013301614721162,False,54.602140499403326,0.42074928022706237,0.42074928022706237,0.44922634679963674,,,,,,,,bmeleton_final_refit,,,,,,,,,,,,,,,,,,,,,,,,,,1.0,5.0,2.0,0.44922634679963674,,False
5706,0,bmeleton_merged_intersection,-6.796694055817781,-72.28694460742243,102.02249157591515,1,0,31,121,31,121,0.07341038117849849,False,13.202100032670725,0.026429467407521168,0.026429467407521168,0.07814112822088096,,,,,,,,bmeleton_merged,0.026429467407521168,1.0,,,,,,,,,,,,,,,,,,,,,,,,,,,,,False
5706,1,bmeleton_merged_pivot_refit_both,-6.778684595776944,-72.27337423994635,105.17961385127424,1,0,31,121,31,121,0.2760821102307972,False,166.45028338190343,1.9721669894544198,0.027833010545580184,3.0809818182361615,,,,,,,,bmeleton_merged,,,3.157202805822415,True,True,ok,ok,29.0,97.0,29.0,97.0,29.0,97.0,29.0,97.0,0.7291024274240436,1.6282972735515944,1.0668761365348296,1.8869662748460148,0.3489879279501554,0.13733588510484163,end,start,0.0,0.07341038117849849,,,,,,False
5706,2,bmeleton_final_refit_vertex,-6.411992277088649,-72.48903062693394,106.81469765085012,3,1,29,13,29,13,0.1835236416300232,False,18.80689546073414,0.0533895309305783,0.0533895309305783,0.04999674206727004,,,,,,,,bmeleton_final_refit,,,,,,,,,,,,,,,,,,,,,,,,,,1.0,5.0,2.0,0.04999674206727004,,False
5717,0,bmeleton_merged_intersection,3.4919358051762073,-66.62911548092586,38.57605730634313,1,0,42,57,42,57,3.719151284572414,False,32.378511436898194,0.15547117409278566,0.15547117409278566,0.2181110893854281,,,,,,,,bmeleton_merged,0.15547117409278566,1.0,,,,,,,,,,,,,,,,,,,,,,,,,,,,,False
5717,1,bmeleton_merged_pivot_refit_both,2.588737840058821,-67.54912548969753,40.92879013195544,1,0,42,57,42,57,1.6266949159394133,False,33.928539678733536,0.17026563703788788,0.17026563703788788,0.15099172501277267,,,,,,,,bmeleton_merged,,,2.682822530311296,True,True,ok,ok,42.0,36.0,42.0,37.0,42.0,36.0,42.0,36.0,0.8437495358873144,1.3333500496083244,0.9318512307580101,1.7760201779726439,0.1124135356144983,2.7353509352138667,end,end,0.0,3.719151284572414,,,,,,False
5717,2,bmeleton_final_refit_vertex,2.4034739420013427,-66.37687804750058,40.85898548958005,2,1,42,37,42,37,3.471645947673247,False,35.19269079523473,0.18278157302296882,0.18278157302296882,0.2126327369241065,,,,,,,,bmeleton_final_refit,,,,,,,,,,,,,,,,,,,,,,,,,,1.0,46.575909249983994,2.0,0.2126327369241065,,False
5720,0,bmeleton_merged_intersection,-6.29447031165183,-75.78896310406829,99.48039956535871,1,0,17,80,17,80,1.4546126347523614,False,31.157570792433997,0.14425236019304177,0.14425236019304177,0.20604506004103532,,,,,,,,bmeleton_merged,0.14425236019304188,1.0,,,,,,,,,,,,,,,,,,,,,,,,,,,,,False
5720,1,bmeleton_merged_pivot_refit_both,-5.515101862721776,-75.38726721052379,100.99351392203707,1,0,17,80,17,80,1.3763175655096807,False,149.39839305049395,1.8607277498049073,0.13927225019509282,1.648343806309657,,,,,,,,bmeleton_merged,,,1.7487966795669279,True,True,ok,ok,17.0,60.0,17.0,60.0,17.0,60.0,17.0,60.0,0.45433007245147816,1.0626680711345458,0.7074894032884321,1.7471248171335028,0.3158524949589393,0.6783398806252817,end,start,0.0,1.4546126347523614,,,,,,False
5720,2,bmeleton_final_refit_vertex,-6.847140938512116,-75.75355894330772,98.50947278251058,2,1,17,14,17,14,0.98448000861563,False,39.033879238978194,0.22322629421560192,0.22322629421560192,0.14386243811276736,,,,,,,,bmeleton_final_refit,,,,,,,,,,,,,,,,,,,,,,,,,,1.0,7.5166458930760625,2.0,0.14386243811276736,,False
5731,0,bmeleton_merged_intersection,4.955580380150639,-79.91931538127429,30.12250017460029,1,0,10,58,10,58,4.821709914239457,False,33.38605287840654,0.16501816169288297,0.16501816169288297,0.10115763032068534,,,,,,,,bmeleton_merged,0.16501816169288308,1.0,,,,,,,,,,,,,,,,,,,,,,,,,,,,,False
5731,1,bmeleton_merged_pivot_refit_both,4.8471952261332625,-79.82951362937814,30.364592630759777,1,0,10,58,10,58,4.774848358118857,False,33.65866856344221,0.1676458464361147,0.1676458464361147,0.04419307951949571,,,,,,,,bmeleton_merged,,,0.2800365218758448,True,True,ok,ok,10.0,25.0,10.0,26.0,10.0,25.0,10.0,25.0,0.2908074596829743,1.2391137030847923,0.4128444585538484,1.854220208175001,0.669000188877243,3.7163406619592076,end,end,0.0,4.821709914239457,,,,,,False
5731,2,bmeleton_final_refit_vertex,5.234649399820889,-79.61514738925203,29.413861146004606,1,2,28,10,28,10,4.070175891004378,False,33.181462798495424,0.16305857436106896,0.16305857436106896,0.07520504166123378,,,,,,,,bmeleton_final_refit,,,,,,,,,,,,,,,,,,,,,,,,,,1.0,162.64819034960962,2.0,0.07520504166123378,,False
5733,0,bmeleton_merged_intersection,2.945181585096978,-77.91738688590877,75.58162906209301,0,1,62,14,62,14,2.469235009190334,False,9.882064542562265,0.014836902666194862,0.014836902666194862,0.014630763653628783,,,,,,,,bmeleton_merged,0.014836902666194973,1.0,,,,,,,,,,,,,,,,,,,,,,,,,,,,,False
5733,1,bmeleton_merged_pivot_refit_both,3.1715555696784716,-78.08806034916012,77.12639390107721,0,1,62,14,62,14,2.35630297812901,False,10.03085333404411,0.015285897967932227,0.015285897967932227,0.004247652269621424,,,,,,,,bmeleton_merged,,,1.5705645544565723,True,True,ok,ok,9.0,14.0,20.0,14.0,9.0,14.0,9.0,14.0,0.6694452923748457,0.5451530480177078,1.0932635611267387,1.2115204971081717,0.4763762633937664,1.6454113424430092,end,end,0.0,2.469235009190334,,,,,,False
5733,2,bmeleton_final_refit_vertex,4.36792432220232,-78.83560613430458,83.50643896723051,0,2,23,14,23,14,1.7867775010909577,False,43.24915463607233,0.27161892074398875,0.27161892074398875,0.17954129457871174,,,,,,,,bmeleton_final_refit,,,,,,,,,,,,,,,,,,,,,,,,,,1.0,21.19688368433689,2.0,0.17954129457871174,,False
5737,0,bmeleton_merged_intersection,6.923098825850011,-77.24142795682096,78.10838358590837,0,1,140,14,140,14,3.0160921350796017,False,23.927740247532086,0.08594230471866404,0.08594230471866404,0.11866218475716236,,,,,,,,bmeleton_merged,0.08594230471866404,1.0,,,,,,,,,,,,,,,,,,,,,,,,,,,,,False
5737,1,bmeleton_final_refit_vertex,-2.4970479960036407,-73.9088862551158,120.9214059091887,1,2,23,14,23,14,1.100104343737649,False,48.01588075730771,0.3310753979091865,0.3310753979091865,0.24347680292051133,,,,,,,,bmeleton_final_refit,,,,,,,,,,,,,,,,,,,,,,,,,,1.0,47.66953268609856,2.0,0.24347680292051133,,False
5746,0,bmeleton_merged_intersection,-6.314682185409886,-74.87658742225048,55.57081825841827,0,1,73,36,73,36,0.12481064844662718,False,22.737397363458047,0.07771399066172402,0.07771399066172402,0.1943453152201639,,,,,,,,bmeleton_merged,0.07771399066172413,1.0,,,,,,,,,,,,,,,,,,,,,,,,,,,,,False
5746,1,bmeleton_merged_pivot_refit_both,-6.733602846957644,-74.56498714068772,56.34967623466565,0,1,73,36,73,36,0.0345707143822711,False,22.769805208757077,0.07793275629215601,0.07793275629215601,0.08156879554563538,,,,,,,,bmeleton_merged,,,0.9376614545270417,True,True,ok,ok,41.0,35.0,43.0,36.0,43.0,35.0,41.0,35.0,1.4785830050545217,1.5714278338546006,1.8347960391828864,1.9238633298010308,0.5757818923433421,0.21196342667804488,end,end,0.0,0.12481064844662718,,,,,,False
5746,2,bmeleton_final_refit_vertex,-6.219358353165843,-74.12849241750958,57.146510756997976,0,2,41,36,41,36,1.104082050898299,False,24.63415071654792,0.0910121734703514,0.0910121734703514,0.14320636149468743,,,,,,,,bmeleton_final_refit,,,,,,,,,,,,,,,,,,,,,,,,,,1.0,10.132994165379932,2.0,0.14320636149468743,,False
5750,0,bmeleton_merged_intersection,4.8403717301209435,-72.66788614615999,49.99547254421381,0,1,28,55,28,55,2.4910626533533393,False,9.946849718905078,0.015031586457897705,0.015031586457897705,0.01968619391943467,,,,,,,,bmeleton_merged,0.015031586457897927,1.0,,,,,,,,,,,,,,,,,,,,,,,,,,,,,False
5750,1,bmeleton_final_refit_vertex,3.366204255399286,-72.20543263426723,46.087954141946526,2,0,30,7,30,7,1.1716610337428661,False,31.51158475410462,0.14746549815702992,0.14746549815702992,0.08656413885882328,,,,,,,,bmeleton_final_refit,,,,,,,,,,,,,,,,,,,,,,,,,,1.0,5.0,2.0,0.08656413885882328,,False
5759,0,bmeleton_merged_intersection,1.817474843219499,-74.50216607839398,51.566925983651615,0,1,88,45,88,45,0.8791847852163245,False,25.029505877291548,0.09390997084535746,0.09390997084535746,0.23959947069915588,,,,,,,,bmeleton_merged,0.09390997084535746,1.0,,,,,,,,,,,,,,,,,,,,,,,,,,,,,False
5759,1,bmeleton_merged_pivot_refit_both,2.3590016393944544,-74.80380222059263,49.95680537951566,0,1,88,45,88,45,1.3073767431280352,False,24.146514797368024,0.08749762106178072,0.08749762106178072,0.07770683578371501,,,,,,,,bmeleton_merged,,,1.7253185193230653,True,True,ok,ok,34.0,45.0,34.0,45.0,34.0,45.0,34.0,45.0,1.820520454099222,0.8997667812648744,2.2775873250071266,1.24229580044979,1.4243473877993285,0.13857908260158425,end,end,0.0,0.8791847852163245,,,,,,False
5759,2,bmeleton_final_refit_vertex,1.3747674545772157,-74.84791598326018,53.0440572915975,2,1,45,34,45,34,1.7071536207844975,False,28.98259687315921,0.12523307623118718,0.12523307623118718,0.18258559843790864,,,,,,,,bmeleton_final_refit,,,,,,,,,,,,,,,,,,,,,,,,,,1.0,56.58797882204496,2.0,0.18258559843790864,,False
5780,0,bmeleton_merged_intersection,-1.4069684387660883,-70.50200672906988,130.15858044001394,1,0,18,75,18,75,0.8207139041498908,False,17.859512816162987,0.048188644879672116,0.048188644879672116,0.07604582098633733,,,,,,,,bmeleton_merged,0.04818864487967223,1.0,,,,,,,,,,,,,,,,,,,,,,,,,,,,,False
5780,1,bmeleton_merged_pivot_refit_both,-1.5345994730571753,-70.35602068006156,128.97335916336252,1,0,18,75,18,75,0.5074755521735939,False,162.41308410616978,1.9532596923482464,0.04674030765175374,1.7009527804306694,,,,,,,,bmeleton_merged,,,1.2009792179910896,True,True,ok,ok,10.0,68.0,10.0,68.0,10.0,68.0,10.0,68.0,0.5265761693843409,0.8468026658708392,0.6199404690920272,1.016015837992789,0.26198582865898945,0.212574509567663,end,start,0.0,0.8207139041498908,,,,,,False
5780,2,bmeleton_final_refit_vertex,-1.8744213797019484,-69.7421579238192,129.16885473625757,3,0,10,7,10,7,1.2510526692512787,False,55.30832564178011,0.43083994821554805,0.43083994821554805,0.14416234415968182,,,,,,,,bmeleton_final_refit,,,,,,,,,,,,,,,,,,,,,,,,,,1.0,5.0,2.0,0.14416234415968182,,False
5795,0,bmeleton_merged_intersection,3.3763983219742952,-69.7630010132145,25.1220654163177,1,0,31,58,31,58,0.4230596139379402,False,30.484492614591357,0.13823350335707651,0.13823350335707651,0.27021147532268025,,,,,,,,bmeleton_merged,0.13823350335707651,1.0,,,,,,,,,,,,,,,,,,,,,,,,,,,,,False
5795,1,bmeleton_merged_pivot_refit_both,3.941841390251516,-69.47169715399428,26.720754193934983,1,0,31,58,31,58,0.24002101185445782,False,31.353319376536273,0.14602500358149428,0.14602500358149428,0.1807960619820994,,,,,,,,bmeleton_merged,,,1.72057827765516,True,True,ok,ok,31.0,42.0,31.0,43.0,31.0,43.0,31.0,42.0,0.5581431351298949,0.8792136554553237,0.7779958598919607,1.6525083464054569,0.04850589061998976,0.8665248937667388,end,end,0.0,0.4230596139379402,,,,,,False
5795,2,bmeleton_final_refit_vertex,3.610760877140663,-69.333097170587,26.138062335652172,1,2,45,31,45,31,0.19731337718208272,False,30.754391109176062,0.14063277617323322,0.14063277617323322,0.25265899174418344,,,,,,,,bmeleton_final_refit,,,,,,,,,,,,,,,,,,,,,,,,,,1.0,5.680264575513223,2.0,0.25265899174418344,,False
5809,0,bmeleton_merged_intersection,2.612887689940896,-71.81217472203716,55.21047694410653,1,0,14,66,14,66,0.5513850853897055,False,17.886845973392983,0.04833505793677506,0.04833505793677506,0.06616630514959244,,,,,,,,bmeleton_merged,0.048335057936775394,1.0,,,,,,,,,,,,,,,,,,,,,,,,,,,,,False
5809,1,bmeleton_merged_pivot_refit_both,2.5506193119451295,-72.04266562888724,59.125251427117234,1,0,14,66,14,66,0.7492316094396759,False,18.69241527068406,0.052747288286990046,0.052747288286990046,0.0296989820076638,,,,,,,,bmeleton_merged,,,3.922048273781254,True,True,ok,ok,13.0,33.0,13.0,37.0,13.0,34.0,13.0,33.0,0.7121413335537496,1.5184203880357168,0.830675617393854,2.070609945850231,0.2825672193346172,0.795519229821395,end,end,0.0,0.5513850853897055,,,,,,False
5809,2,bmeleton_final_refit_vertex,0.8049707142929114,-72.8630795620216,63.68441601479495,1,2,38,14,38,14,0.6430319895084564,False,25.742828425961157,0.09924738927183219,0.09924738927183219,0.10141504879496202,,,,,,,,bmeleton_final_refit,,,,,,,,,,,,,,,,,,,,,,,,,,1.0,3.5265185355804567,2.0,0.10141504879496202,,False
