event_id,Run,Subrun,OriginalEvent,elastic_gate,vertex_x_mm,vertex_y_mm,vertex_z_mm,NumPointsOriginal,NumPointsAfterVertexExclusion,NumBeamPoints,NumAlphaPoints,NumRecoilPoints,beam_alpha_centroid_deg,beam_beta_centroid_deg,alpha_alpha_centroid_deg,alpha_beta_centroid_deg,recoil_alpha_centroid_deg,recoil_beta_centroid_deg,SiChan,DetectorID,Quadrant,Si_x_mm,Si_y_mm,Si_z_mm,Si_alpha_deg,Si_beta_deg,AlphaSiMismatchDeg,beam_dir_x,beam_dir_y,beam_dir_z,alpha_dir_x,alpha_dir_y,alpha_dir_z,recoil_dir_x,recoil_dir_y,recoil_dir_z,BeamLineRMS_mm,AlphaLineRMS_mm,RecoilLineRMS_mm,theta_alpha_lab_deg,beam_path_from_entrance_mm,entrance_plane_z_mm,beam_entrance_x_mm,beam_entrance_y_mm,beam_entrance_z_mm,beam_entrance_line_t_mm,E_alpha_vertex_MeV,E_cm_elastic_equiv_MeV,projectile_mass_units,target_mass_units,exclude_radius_mm,beam_alpha_min_deg,detector_y_offset_mm,detector_z_offset_mm
5,226,1,101,True,4.16201482,-67.6669735,121.995696,112,106,63,24,19,271.86391509404956,-1.9479420649114823,73.89915118172281,4.315647122297034,95.20383569312588,-0.2509378523539631,54,9,bottom_right,74.0,-37.75,290.5,67.48803858196466,9.314454165186998,8.129602488364611,-0.0014046466174250552,0.032782575109751015,0.9994615198881114,0.33693355578351225,0.11590118503590165,0.9343675370507863,-0.013384585035164286,-0.010643241480189025,0.9998537764564531,1.0451625350954883,1.1557243159803052,1.221322314769392,20.415005910792615,202.1045252673792,-80.0,4.44590025778312,-74.29248027959842,-80.00000000000001,-202.1045252673792,6.48624443,2.373678413234457,14.0,4.0,5.0,180.0,0.0,0.0
25,226,1,435,True,-6.34381896,-69.466412,82.4069195,153,142,80,22,40,268.2319624518924,-2.893299608382034,120.14318983861003,-7.635410635697397,79.63637898201878,2.0161446833790535,57,1,top_left,-135.5,-74.25,290.5,121.82644453517709,-1.1189309701611123,6.730368014073448,-0.006205086682831441,0.02368030035203183,0.9997003252347657,-0.5074981905698948,-0.14597764421032258,0.8491973351106841,0.2186262391780025,0.0328332011797029,0.9752561450425093,2.0146404580740844,0.631075465683494,1.5833641860848608,31.936472747011862,162.45560334479336,-80.0,-5.335767859133876,-73.31340948107525,-80.00000000000001,-162.45560334479336,9.76437788,4.357998203040089,14.0,4.0,5.0,180.0,0.0,0.0
26,226,1,444,True,-7.77793152,-66.9849852,92.6319844,128,117,76,24,17,272.41231895876757,-2.0669215203201845,69.30991941226571,-5.746370148319246,92.32307142881326,-1.513228677825536,37,5,top_left,110.5,-74.25,290.5,59.13063232875263,-1.8050898983795083,10.91565735707847,-0.02276363214907502,0.02325297152213447,0.999470417954815,0.42575164785491326,-0.15434625253970755,0.8915788067668359,0.03833760202679032,0.05505326504096708,0.9977471454627995,1.886495151883123,1.9905085623836944,1.5776352253874357,28.618785545084894,172.72345564088974,-80.0,-3.8461183122737097,-71.00131879522226,-80.0,-172.72345564088974,6.27956644,2.6193725871992544,14.0,4.0,5.0,180.0,0.0,0.0
29,226,1,466,True,3.04243533,-75.2067013,116.867191,168,157,119,15,23,270.8439131588987,0.642906961715696,71.41489806307585,4.2946645088471715,98.28738776580377,-10.046569393548307,59,9,top_right,74.0,-12.75,290.5,67.77190846453202,18.41642760939655,14.584086062662157,0.001727878974867809,-0.010312679612960233,0.9999453300423222,0.36159235647865234,0.21602256501575196,0.9069648389768098,-0.13838769745991947,-0.18027716217624334,0.9738321159159942,1.8992346424689173,1.2198469890134918,1.5394702703799754,25.1346263206596,196.87795430942978,-80.0,2.702254052133751,-73.17636203435184,-79.99999999999999,-196.87795430942978,7.20602742,2.826074288173975,14.0,4.0,5.0,180.0,0.0,0.0
30,226,1,476,True,-5.20131728,-72.351059,125.305007,122,117,82,17,18,270.22375323175885,0.45002427203415263,59.60342505029168,-9.779358909056642,100.17058189550048,4.166687333001002,37,5,top_left,110.5,-74.25,290.5,54.99289349057113,-0.5394499879408735,10.32632161680499,-0.02497332390664315,0.0018679494296603987,0.9996863727479645,0.5100704523215611,-0.1880204209400571,0.8393309567613969,-0.1731514029090575,0.08309117399310062,0.9813839454948678,1.3775539784962931,0.7563436383618204,1.7520718528099875,34.31219305092565,205.369416445732,-80.0,-0.07256032258244716,-72.7346786843195,-79.99999999999999,-205.369416445732,5.68093499,2.6764982694242807,14.0,4.0,5.0,180.0,0.0,0.0
41,226,1,673,True,-6.51379476,-76.3853608,81.2356595,161,154,80,70,4,277.94346942909874,1.737290175749579,83.70981748743792,0.733563756574954,35.89947559765853,6.604641339370255,67,9,bottom_left,49.0,-37.75,290.5,75.14274534542545,10.118053371421022,12.70682377376816,0.010474402363552137,0.006006698345194406,0.9999271005778952,0.2255952743496708,0.10136367732278317,0.9689335256407943,0.026355838858859507,-0.0018742624188883286,0.9996508675024651,2.087204789954244,6.54593044971941,0.6093775584060561,13.630734154387255,161.2474143433215,-80.0,-8.202765057914357,-77.35392537690291,-80.0,-161.2474143433215,9.33773015,3.17790542933718,14.0,4.0,5.0,180.0,0.0,0.0
45,226,1,763,True,3.57899717,-66.5578873,41.7050118,264,254,34,167,53,268.9553743137878,-3.555042720895389,68.74330431393801,1.5703976234402022,101.72744820109467,-0.7142902069580537,18,10,bottom_left,110.5,-38.0,290.5,66.74412130254706,6.020082822641055,4.878158575222964,-0.028253591955947628,0.04739226008512987,0.9984766938820406,0.3681496115304718,0.022428041746404448,0.9294960174596685,-0.1989205658481022,-0.0009204583734037095,0.9800151841880073,1.69959399537974,2.906979168681406,2.03014233012063,23.257217520494574,121.89068863171497,-80.0,7.022846949829939,-72.33456251758982,-80.0,-121.89068863171497,17.17718938,6.541087146782755,14.0,4.0,5.0,180.0,0.0,0.0
47,226,1,803,True,-2.5681188,-65.0219849,124.518176,239,232,127,100,5,274.1622295329513,-0.8958227857110246,71.02986672082069,1.210770367469616,97.80347313695253,0.35810154216432577,67,9,bottom_left,49.0,-37.75,290.5,72.74074658439052,8.917493636635838,7.894345663516186,-0.0022345143208284254,0.017377185513752995,0.9998465084048505,0.23371014909711788,0.011645473825005028,0.9722365705672638,-0.30661605565686145,-0.0020153949544680083,0.9518311471036267,2.0442970697498173,3.469963350774007,0.7713029929561185,13.647074814999783,204.54957264019168,-80.0,-2.1110498506161575,-68.57648077052751,-79.99999999999999,-204.54957264019168,5.91082604,2.0119071573680722,14.0,4.0,5.0,180.0,0.0,0.0
48,226,1,810,True,-0.0512665634,-75.6658106,101.996625,199,189,101,58,30,269.4847343514696,-1.0169113861997567,125.06727603765226,-3.328576341495704,76.3281696413112,0.6026564826488962,57,1,top_left,-135.5,-74.25,290.5,125.69906137226056,0.3494693475704471,3.731912753519864,-0.007697390820278919,0.014436835576255752,0.9998661550193126,-0.5582910098347116,-0.06048715483587119,0.8274372800627243,0.2505411080406578,0.023263593598649716,0.9678264092256609,1.7985231485924695,1.7858798909262523,1.626924739848134,33.82407237009288,182.0209875955694,-80.0,1.3498201156162388,-78.29361766934493,-80.0,-182.0209875955694,6.51604137,3.034777865250628,14.0,4.0,5.0,180.0,0.0,0.0
65,226,1,1043,True,-0.446401367,-74.848833,124.510026,126,118,77,16,25,264.88704289658506,2.7733663470925816,113.29275700206955,9.553471336471667,90.31797880504021,-1.1390942278582543,10,7,top_right,-49.0,-12.75,290.5,106.30468489294358,19.751489945443847,12.362553755243578,-0.017996383604045024,-0.005848995429156068,0.9998209436842408,-0.298111333193053,0.22717219743169303,0.927104323005732,0.16600039618272283,-0.14101071343979402,0.975991724945647,1.4945341457791879,1.2887755946379087,2.0308847068184512,21.412762725181597,204.54665136979514,-80.0,3.234698635973695,-73.65244057108889,-79.99999999999999,-204.54665136979514,5.81494412,2.156524705413662,14.0,4.0,5.0,180.0,0.0,0.0
67,226,1,1051,True,-3.77755689,-82.4114961,70.3314116,107,96,41,20,35,272.3492648391773,3.7696148383760106,76.25571717566592,5.617494732844593,95.64044953377996,-2.3991550324246185,67,9,bottom_left,49.0,-37.75,290.5,76.51974613242623,11.159058770609526,5.547850329150701,-0.03959091143164469,-0.0013360589362930717,0.9992150792890039,0.23290237672396272,0.13373753670351174,0.9632604809670156,-0.12665395956097616,-0.1537461307044932,0.9799596429552206,1.4784830030795357,1.4236921766802553,1.4130191132328558,17.61624493615594,150.44950253049524,-80.0,2.178876039619841,-82.21048669768328,-80.0,-150.44950253049524,12.19000761,4.313274033775076,14.0,4.0,5.0,180.0,0.0,0.0
81,226,1,1265,True,-1.26999882,-75.4609325,32.1480557,139,128,23,71,34,275.8915553561954,-4.271331976201894,65.19760630265344,-3.2561990645743197,101.66687191477435,-1.0256455612865785,31,5,top_right,135.5,-74.25,290.5,62.10351886171962,0.23734472190995293,4.666714613111376,0.043157541913804054,0.016835226877687126,0.9989264245738698,0.4170704274394632,-0.06252139663837865,0.9067211994421714,-0.20692581463435003,0.010371809535352106,0.9783016573659031,2.0793502369746286,1.4379840933761283,2.110546731326219,22.676701186425163,112.26858449343858,-80.0,-6.115234960879027,-77.35099959118382,-80.0,-112.26858449343858,14.56440522,5.498711766836673,14.0,4.0,5.0,180.0,0.0,0.0
82,226,1,1269,True,-2.27334074,-63.4102789,83.4496813,164,154,81,23,50,267.55470965990867,-1.119921097953303,101.79739883769686,-1.3475278483758906,89.9958123132031,1.0992219101805216,46,2,top_right,-49.0,-74.25,290.5,102.71734160581087,-2.92348401027079,1.8248102698143098,0.0010611521361902354,0.025619313730784077,0.9996712083080654,-0.1605235161129822,-0.1268981700497606,0.9788406689613725,-0.01593643769744792,0.08036088422867331,0.9966384290400914,1.985731821890037,1.672220540651286,2.227543548908326,12.813416223786973,163.50343987263284,-80.0,-2.446842764495296,-67.59912482215937,-80.00000000000001,-163.50343987263284,6.51921495,2.203858652891517,14.0,4.0,5.0,180.0,0.0,0.0
89,226,1,1312,True,-3.3661559,-72.930823,96.0829176,121,113,69,20,24,273.20506616039887,-1.7527675957910478,61.40610622898157,-7.8065813375073265,100.60850200508203,3.496489475841129,37,5,top_left,110.5,-74.25,290.5,59.64335619105983,-0.3354632476493037,7.676255155269195,-0.0336835668919647,0.009937206708414692,0.9993831443666983,0.4814908002541189,-0.14884730172954866,0.8637193352232431,-0.21534573787987218,0.09073297548394388,0.9723136018470602,1.6285518912284769,0.8991539459009694,1.6605384464651638,32.2756241351149,176.19160238247008,-80.0,2.568605724652379,-74.68167537316143,-80.0,-176.19160238247008,8.43581991,3.79311282487504,14.0,4.0,5.0,180.0,0.0,0.0
97,226,1,1434,True,-3.60397565,-81.7431858,117.809914,211,201,120,61,20,269.9283168458845,1.5962132156356579,57.0230774103759,-2.136279903387332,104.14172931999528,2.199421210138034,37,5,top_left,110.5,-74.25,290.5,56.545496770499525,2.073322013069731,4.236606137301851,0.0003555893690013121,-0.014206632512667074,0.9998990174756903,0.5426697910261725,-0.046623518053238944,0.8386511464679159,-0.1518278697948847,0.08973141927653909,0.984325439246678,2.0424153315531934,1.3184750228643267,1.628886163283909,32.920887845608235,197.82989136181362,-80.0,-3.6743218562389455,-78.93268923340187,-79.99999999999999,-197.82989136181362,5.77824416,2.6358451440529382,14.0,4.0,5.0,180.0,0.0,0.0
101,226,1,1452,True,-1.5282762,-65.2017872,73.2525398,137,127,56,25,46,264.34038715125524,-2.172858713885209,121.72869451290173,-9.308969888567884,84.36987058523916,4.007686945305553,57,1,top_left,-135.5,-74.25,290.5,121.6612205011222,-2.0303151517576015,7.278967476226033,-0.037468225841310925,0.010786944605604922,0.9992395978334627,-0.5062108669929051,-0.16835382395028645,0.8458176801767668,0.152525594020187,0.11627061773375505,0.9814362366555456,1.89777663716996,0.8501041498019749,1.8930434182333717,30.421319311678566,153.36916204309756,-80.0,4.21819420052339,-66.85617185516693,-80.0,-153.36916204309756,10.44708812,4.515828719740424,14.0,4.0,5.0,180.0,0.0,0.0
102,226,1,1473,True,3.88035641,-70.309149,66.3921687,113,107,31,48,28,263.33228633577613,-1.1673783402654434,116.79014714001859,4.667693971638811,82.44065956613076,-3.6154327771282655,48,6,bottom_right,-110.5,-38.0,290.5,117.0388981058246,7.317310514266333,2.6612675299478714,-0.008555049722503767,0.030054301362156248,0.9995116558069136,-0.4579699001865798,0.08730547051639094,0.8846701788468999,0.12839630390363807,-0.056113925224704264,0.9901341406798178,1.0470938037074724,1.4080132246487156,1.392006206528017,27.02857250336848,146.46369339416705,-80.0,5.133360589528646,-74.71101297988275,-80.00000000000001,-146.46369339416705,13.22511664,5.357264128069343,14.0,4.0,5.0,180.0,0.0,0.0
103,226,1,1480,True,1.35010028,-67.7838438,95.2065904,165,156,84,43,29,266.93204568600976,-2.8434314196952215,123.25990672954283,3.6325196234469037,78.46251748014295,-4.069268882067686,41,6,bottom_left,-135.5,-38.0,290.5,125.02050458086411,7.119153704507464,3.905934204424099,-0.023163216595010402,0.029754479055660865,0.9992888152947069,-0.543154683767333,0.07871694655936921,0.8359345858534493,0.2156228104097712,-0.05511154823711106,0.9749202638584863,1.8232293868519849,1.2394335273324377,1.8442500281697154,31.75966224099033,175.33128332706158,-80.0,5.411336771585864,-73.0007347975572,-79.99999999999999,-175.33128332706158,7.02814173,3.1247691913021636,14.0,4.0,5.0,180.0,0.0,0.0
108,226,1,1563,True,4.44561998,-71.7095511,103.273453,114,105,63,19,23,266.11263981879995,-3.382364734152131,107.36464468294385,-6.3105642755101625,84.76051128365341,-0.6140683619710531,33,2,bottom_left,-74.0,-99.25,290.5,112.7330844341902,-7.726129343146247,5.551933881403271,0.02100332816388071,0.02025336790946064,0.9995742400113984,-0.3493712709799276,-0.16850706951002392,0.921707699077649,0.14360417170768291,0.09478385226020272,0.9850857136406286,1.4311417569747793,1.4883633669751608,1.6164793720856199,24.416524924583708,183.35151673967718,-80.0,0.594627904571293,-75.42303682528632,-80.00000000000001,-183.35151673967718,6.75338974,2.618091881543932,14.0,4.0,5.0,180.0,0.0,0.0
110,226,1,1614,True,-0.417736971,-73.3191837,110.237078,131,131,85,42,4,262.72233075872435,4.397975471521557,109.69740427378272,2.7463598685430175,153.05793277314572,15.89251165288761,48,6,bottom_right,-110.5,-38.0,290.5,121.41141609321527,9.493006852089263,13.51796280607396,-0.026577512879564436,0.001027333371455219,0.999646227620192,-0.5349890609011517,0.14682111861793393,0.8320037643207406,-0.2548756962651103,-0.2364911510781362,0.9376088283048073,1.7988853638742175,5.132670697970379,0.6415112496558288,32.21227999589198,190.30440244133962,-80.0,4.640080735922518,-73.51468976336282,-80.0,-190.30440244133962,7.07285828,3.1758330719801005,14.0,4.0,5.0,180.0,0.0,0.0
122,226,1,1777,True,2.34781778,-76.9023205,65.6919041,125,116,62,50,4,262.22989631550456,-1.0015010252656706,93.5016761524966,-1.2477413265571595,124.52138204449078,-4.267844284502563,46,2,top_right,-49.0,-74.25,290.5,102.86606611281029,0.6589835868213826,9.556536989104483,-0.023090563256030875,-0.0002762888435541289,0.999733339222512,-0.18083558569629846,-0.09846960365915727,0.9785715242643663,0.17741588331079022,-0.017216862240917123,0.9839853576164787,1.9796516964629245,4.837787899514911,0.5624983762329168,10.730636342053508,145.7307647790399,-80.0,5.712823222480177,-76.86205671552894,-79.99999999999999,-145.7307647790399,13.9972778,4.6606996234406335,14.0,4.0,5.0,180.0,0.0,0.0
123,226,1,1788,True,1.01543983,-72.6218062,22.9957535,92,82,13,22,47,263.62704477035896,-4.882441947267059,111.23640312166187,8.72585595108009,81.33025380552284,-5.867208297230852,29,6,top_right,-110.5,-13.0,290.5,112.6299633442414,11.624812024646154,3.2165130825820527,-0.20152709618703563,0.03197564538233898,0.9789608713349089,-0.3605593938901073,0.14784583136259444,0.9209443705383632,0.14400089597377222,-0.08521285610185636,0.9859018770210934,1.6459558899027587,0.5997376569146408,1.7623877264270913,11.774457223630153,105.20926475800327,-80.0,22.217957448653422,-75.98594034083852,-80.0,-105.20926475800327,17.68416064,5.931170442543876,14.0,4.0,5.0,180.0,0.0,0.0
127,226,1,1817,True,3.07542207,-72.7303009,142.261549,175,166,148,14,4,270.442891947803,-0.9386055304947558,76.91606083335175,1.7610760029250707,119.01013379164824,-18.167759589254636,67,9,bottom_left,49.0,-37.75,290.5,72.78691103239684,12.702421368283131,11.6945678194095,-0.0011528907651303679,0.002638216119496661,0.9999958553207061,0.23448109746638476,0.1043992840733643,0.9664985278912374,0.3297776067572932,-0.19941816688361458,0.9227562651091625,1.9992761132795438,1.801448293299645,0.7384124745194253,14.872447326958167,222.26247020665807,-80.0,3.3316664193363197,-73.31667733165835,-80.0,-222.26247020665807,5.48815212,1.8884576264727935,14.0,4.0,5.0,180.0,0.0,0.0
129,226,1,1845,True,-3.44045611,-76.0201637,135.540631,97,87,70,6,11,267.01904237408564,-0.46627991293528454,108.19127138070422,-4.9113317416885,82.81373060282897,11.137274852607222,39,2,bottom_right,-49.0,-99.25,290.5,106.38384302289496,-8.184267579437003,3.738837555528666,-0.003396697684051252,-0.003277820116183271,0.999988859108005,-0.28953715645049494,-0.2596837942955083,0.9212668245491367,0.030429201930273292,0.18118434709084205,0.9829782785184787,0.9468118683765367,0.8848828261226609,1.0532298520327719,22.61773389694408,215.5430323416436,-80.0,-2.708321591231755,-75.31365241268742,-80.0,-215.5430323416436,6.69058718,2.523826316070921,14.0,4.0,5.0,180.0,0.0,0.0
146,226,1,2008,True,0.663113062,-77.2440595,60.6485504,119,113,38,34,41,273.46244121052973,-1.1955734848277053,64.91586299973355,-4.982933514194545,99.19194703851144,2.149688626250368,37,5,top_left,110.5,-74.25,290.5,64.45871541104059,0.6733713980698914,5.674748380179916,-0.07502055761445826,0.024581852672578956,0.9968789537623911,0.44090432684209646,-0.10168410535722439,0.891775598056831,-0.21889713852030077,0.07718205467291536,0.9726905845046981,1.3012480989616013,0.8997016458965745,2.045995632339674,31.414836762422567,141.08889536605062,-80.0,11.247680665569074,-80.71228593962518,-80.0,-141.08889536605062,10.66525311,4.7068919912099965,14.0,4.0,5.0,180.0,0.0,0.0
147,226,1,2010,True,0.205968949,-65.5187397,60.9604757,149,141,29,61,51,264.71125044221463,-0.7610043672067364,82.05621254214057,0.9236690544071596,95.00315657283157,0.2078125913908803,67,9,bottom_left,49.0,-37.75,290.5,77.9990688374478,6.748532677751007,7.098552758913795,0.0011928227472046608,0.029135468478392552,0.9995747604108651,0.14760459933268524,0.021026047598109332,0.9888229303460957,-0.06439877672230034,-0.002577300334928867,0.9979209162451977,0.8940218644856528,1.606611496920378,1.6696658471697483,8.431795627571109,141.0204431753155,-80.0,0.03775655655960142,-69.62743637694335,-80.00000000000001,-141.0204431753155,12.85053942,4.2212922835719935,14.0,4.0,5.0,180.0,0.0,0.0
178,226,1,2502,True,-7.49570314,-81.1940281,91.0417451,117,112,54,25,33,267.98357975483106,0.27012032292533417,117.65272617698751,8.77621055128581,82.71726418812281,-7.720859859016382,48,6,bottom_right,-110.5,-38.0,290.5,117.31274973622466,10.891397285171918,2.1423349176731343,-0.022095173705255624,-0.0007281919260099247,0.9997556066536729,-0.463294870413891,0.1648591882299465,0.8707349258553598,0.1768963716716433,-0.1524293427698893,0.9723543434119826,1.4767544807905295,0.9087949431731749,1.9830528983700324,28.28049973090433,171.08355678294373,-80.0,-3.715582234767894,-81.0694464352776,-80.00000000000001,-171.08355678294373,8.19517892,3.396623641294093,14.0,4.0,5.0,180.0,0.0,0.0
185,226,1,2607,True,-5.54563219,-61.4367483,100.825948,236,231,88,112,31,272.2730313300475,-0.31313987905595153,121.6613749517229,2.054034761970614,75.36566790925951,1.1594892567744282,41,6,bottom_left,-135.5,-38.0,290.5,124.41682627511024,5.820241017424009,4.666564213012963,-0.020264600220455578,0.019850634154731095,0.9995975681750934,-0.5463784055357135,0.026146917841625046,0.8371302029264234,0.2882525145088993,0.02705638077967899,0.9571721058087735,1.913322049190652,3.0949178614925152,1.8016550738615966,31.963610246761682,180.89874741304473,-80.0,-1.879791393293476,-65.02770315394545,-79.99999999999999,-180.89874741304473,6.70444481,2.994069380100103,14.0,4.0,5.0,180.0,0.0,0.0
198,226,1,2792,True,-4.24467997,-69.9274337,25.7965883,112,106,8,53,45,265.5237847821827,-1.947593611641862,115.18485507276765,-3.6690265173349026,76.8971720648393,5.717476966671921,57,1,top_left,-135.5,-74.25,290.5,116.37488423574695,-0.8381784707885361,3.070809351193361,-0.06420836247823837,0.04574582878669931,0.9968874587116047,-0.4276806219698226,-0.08094607332338621,0.9002982943475072,0.21837324183823978,0.13624894983696814,0.9663070686471155,0.786816764581008,1.0042138334039783,2.096416541707691,22.889926429349956,106.12691269758115,-80.0,2.5695553091826486,-74.78229727792453,-80.0,-106.12691269758115,14.66852398,5.555361224261048,14.0,4.0,5.0,180.0,0.0,0.0
233,226,1,3238,True,4.23147669,-65.4170541,68.5347169,65,60,31,10,19,258.99832146382533,1.3888112030848208,108.34802389832807,5.709169106057421,87.76132738095937,-7.8931476716521685,10,7,top_right,-49.0,-12.75,290.5,103.48592335922653,12.992685726809118,8.757261901821689,0.06475580312325271,0.02854481945888409,0.9974927965874852,-0.2533709299176642,0.22431472506087602,0.9410026971234045,0.036893104417874106,-0.1313682466573078,0.9906469010785814,1.4264737168131492,2.4530555166929804,1.2070241229018002,21.77632531905738,148.90805969541933,-80.0,-5.411184307102137,-69.66760777997848,-80.0,-148.90805969541933,13.05522491,4.866030359391808,14.0,4.0,5.0,180.0,0.0,0.0
238,226,1,3351,True,3.12519874,-79.8281656,66.2097826,128,118,62,15,41,271.2150880431235,1.567864425692118,64.64058956427658,11.575910228798298,99.07527638628363,-7.402500818235425,12,10,top_left,110.5,-13.0,290.5,64.41809149447508,15.042546323535541,3.47376902001277,-0.002789492804059783,0.011449364192723249,0.9999305629839896,0.43181468342042845,0.2719108365259315,0.8600003349780064,-0.18636528580397616,-0.17405575605609747,0.9669397985557026,2.127460949681406,0.8096022845303628,1.739875832655841,30.47514149159272,146.21993567601456,-80.0,3.533078198378327,-81.50229089579126,-79.99999999999999,-146.21993567601456,10.37001802,4.487467760633372,14.0,4.0,5.0,180.0,0.0,0.0
244,226,1,3431,True,0.674753515,-80.8501748,124.830631,102,97,65,13,19,271.80800730095945,2.77700929745842,76.72926381587209,4.492059372192194,96.2888177621979,-6.461998946752602,67,9,bottom_left,49.0,-37.75,290.5,73.73819723732035,14.02273080914101,9.989002818920476,-0.0016010604653121023,-0.009967215903232128,0.9999490443080211,0.2728540456185061,0.2294712938676477,0.9342877474741503,-0.028447573885023923,-0.1673161293191333,0.9854927947020816,1.1313587663756288,1.7780725471977266,1.2073622644154065,21.327606771959402,204.8410688184073,-80.0,1.0027164519574276,-78.80847964123811,-79.99999999999999,-204.8410688184073,7.68261459,2.8458552001621364,14.0,4.0,5.0,180.0,0.0,0.0
245,226,2,50,True,-5.44817603,-80.3779395,68.2643983,128,119,50,23,46,265.17082086917264,0.1486636527773154,120.66602913193353,10.94669016675408,78.06115141438625,-6.089613504637805,35,6,top_left,-135.5,-13.0,290.5,120.33608435873222,14.66380560116314,3.731730256340204,-0.04458455416793242,0.008975545395802921,0.9989652932482163,-0.5086295420122231,0.1864477918181378,0.8405552985488681,0.20991662847340317,-0.11463420557000549,0.9709758019660907,1.7277856947295585,0.6552629560708143,1.6591442214659635,30.22718222771393,148.41796737292677,-80.0,1.1689728758326803,-81.7100717037085,-79.99999999999999,-148.41796737292677,9.515009,4.096660208040018,14.0,4.0,5.0,180.0,0.0,0.0
246,226,2,101,True,-3.58996449,-77.6486097,51.3790451,112,102,45,20,37,270.42568016822815,2.941497718347579,105.98901329088537,8.881928333718253,83.08253180837858,-5.918403962055938,17,7,top_left,-74.0,-12.75,290.5,106.4072569650606,14.593151217372045,5.726516794505917,-0.0005285038095734218,0.023263852586053346,0.9997292202624557,-0.30484207534426655,0.24942413867845492,0.9191620684864619,0.12294766784660106,-0.17911860359933704,0.9761149506158102,2.1186674849616427,1.617500732274827,1.7335448575431547,22.350206957556303,131.4146295188906,-80.0,-3.5205113576655864,-80.70582026877828,-79.99999999999999,-131.4146295188906,13.23636331,4.973765834789577,14.0,4.0,5.0,180.0,0.0,0.0
250,226,2,155,True,-1.12434182,-74.5222653,44.6299734,103,97,27,34,36,269.4374067975392,-4.455953880547396,65.40248130663805,6.465294500266093,100.0106085881577,-3.5649954627924,18,10,bottom_left,110.5,-38.0,290.5,65.5820770085264,7.702878260548419,1.2505471521903166,-0.07947462960838511,0.07964363313579781,0.993650177350933,0.4151670882642555,0.11006228304075782,0.9030628896561059,-0.20046006019796994,-0.04653783601009066,0.9785959299347838,1.6328087126291753,0.5968651002821329,1.678414744105995,29.179201963103885,125.42640885171778,-80.0,8.843875566600147,-84.51168019212679,-80.0,-125.42640885171778,12.81777777,5.404681734453126,14.0,4.0,5.0,180.0,0.0,0.0
258,226,2,291,True,-0.895869139,-72.3886974,123.844625,144,138,97,13,28,269.8552855660854,-0.9803147155441881,112.94323794966866,-5.401793486087318,79.39763297080673,2.7296419094404207,27,2,top_left,-74.0,-74.25,290.5,113.68487530326473,-0.5859909756260314,4.872574246126396,-0.02261666884102507,0.017664702908881343,0.9995881374654645,-0.43415978076540857,-0.13213787092658202,0.8910919525126025,0.17963020029007493,0.10146452059882595,0.9784875789724661,1.706302061638763,1.1156117033747297,1.5918062655699587,26.076229590534496,203.9286155564674,-80.0,3.7163168262493365,-75.99103580842447,-80.00000000000001,-203.9286155564674,6.42431658,2.559502889542802,14.0,4.0,5.0,180.0,0.0,0.0
270,226,2,506,True,-1.34243767,-74.6435437,90.8999517,146,138,86,36,16,272.1580817351961,-1.3929916885330684,60.901714286207415,5.871378666859431,105.98833998859007,-8.380962671697823,18,10,bottom_left,110.5,-38.0,290.5,60.73666341687072,9.099000619216786,3.2318392993476497,-0.006430666477529533,0.007494705448965799,0.9999512367705178,0.49387285217909144,0.11070290631815029,0.8624583888009927,-0.28205861972124663,-0.11939726203416667,0.9519386686439887,2.0950474069494898,0.9383558972734364,1.2661935461202578,30.675546876450692,170.90828573995796,-80.0,-0.2433834861600137,-75.92445096040866,-80.0,-170.90828573995796,7.41007925,3.219879689591487,14.0,4.0,5.0,180.0,0.0,0.0
271,226,2,520,True,3.50855072,-72.2205664,114.057646,147,137,101,18,18,269.3883009478929,-0.42079500191998237,118.1957972033637,-5.823527954460681,75.33250790826042,1.77956860048724,27,2,top_left,-74.0,-74.25,290.5,113.71518305594955,-0.6033419437427112,6.87940732363649,-0.005623972289399327,0.010302817804893505,0.9999311090675034,-0.4162492499932615,-0.09163941017466255,0.9046207936936267,0.22929641148148153,0.05751557391367691,0.9716558621441521,1.8989457014605502,0.9509791335087414,1.7974595209226578,25.047744707131237,194.07101573324442,-80.0,4.600000734659348,-74.22004471631023,-80.0,-194.07101573324442,7.68807077,3.010844366487141,14.0,4.0,5.0,180.0,0.0,0.0
281,226,2,610,True,-0.233419601,-74.0093013,62.9501159,203,192,58,96,38,271.04904504360763,-0.9121057461523838,109.05105664098024,-1.159595122143948,78.37433301773308,1.3829759381044502,27,2,top_left,-74.0,-74.25,290.5,107.96153399560785,-0.05765282135044948,1.5496246090770842,0.003579410466453395,0.024828155330668955,0.9996853257518533,-0.31952281430292956,-0.0236665273478781,0.9472829918367731,0.20637247186001775,0.031043165554893955,0.9779809429281932,1.99614985308836,2.298016969593506,1.5681501393987323,19.04657611186084,142.99511277960258,-80.0,-0.7452578043349931,-77.5596061716185,-80.00000000000001,-142.99511277960258,14.21675388,5.1143239885425515,14.0,4.0,5.0,180.0,0.0,0.0
286,226,2,748,True,-2.87622577,-70.5415936,95.7864214,168,159,96,32,31,268.27794658463955,-1.6110019741005093,119.08249028278533,6.594448229764106,80.06303396694004,-2.6239396197635796,48,6,bottom_right,-110.5,-38.0,290.5,118.93068641403252,8.321592233662873,1.733802418031473,-0.0008084438633978452,0.035065954675016386,0.9993846733071554,-0.49675463607938647,0.14019867207405676,0.856492360667804,0.20090835117221054,-0.05196129527297376,0.9782309840844434,2.0921561407438016,0.9953345493228926,1.779002823802734,30.53903990358664,175.8946540757815,-80.0,-2.7340248163079477,-76.70950756739904,-80.0,-175.8946540757815,6.63529732,2.8751001534587752,14.0,4.0,5.0,180.0,0.0,0.0
295,226,2,896,True,-3.28231087,-73.3817645,124.75239,99,93,64,19,10,272.38900640595205,-0.6089735774820801,76.15433866473772,3.789874890455819,95.76420333795744,-7.401878719338631,67,9,bottom_left,49.0,-37.75,290.5,72.49299172501182,11.586136995750628,8.613197096751943,0.0014396284430206168,0.000815316625957907,0.9999986313634361,0.2504566816809624,0.15866777961950462,0.9550371648852088,-0.05409992319806123,-0.06022718007325145,0.9967175553236675,1.0434733877147397,1.866140205780262,1.0963043767964733,17.151994528317886,204.752670231991,-80.0,-3.577078637850395,-73.54870275624943,-79.99999999999999,-204.752670231991,6.07672428,2.139287658963504,14.0,4.0,5.0,180.0,0.0,0.0
310,226,2,1140,True,2.98437718,-82.9311678,82.9042026,155,146,81,38,27,263.4042745209348,1.3023469222589,120.85009938610122,5.446079747173767,81.97018848689355,-4.690847255745784,48,6,bottom_right,-110.5,-38.0,290.5,118.66367547009044,10.753084650544734,5.739751787743735,-0.0014155774221210821,-0.01781906348931572,0.9998402257945646,-0.5030269220068291,0.10730037783944535,0.8575841326959402,0.23807853004388704,-0.08413151584642853,0.9675952157661406,1.9285857743650754,1.0636290711448289,1.7355338674531258,31.10220624817465,162.93023464878243,-80.0,3.2150175415497064,-80.02790360446423,-80.00000000000001,-162.93023464878243,8.10814149,3.5547369950787546,14.0,4.0,5.0,180.0,0.0,0.0
311,226,2,1154,True,-0.508604326,-67.0086996,62.4958876,151,143,59,50,34,272.30693334395073,-2.888236917603255,59.79161098980973,-4.722189027396312,102.28301265625858,4.273037037587978,31,5,top_right,135.5,-74.25,290.5,59.183154138686675,-1.5623761413231487,3.217862211884251,0.019008346527097934,0.040884346129294154,0.9989830594178691,0.49606130010292054,-0.09173011411991504,0.8634284988948115,-0.22203043449898896,0.09934060058029949,0.9699659433364326,2.1915214979241284,0.7052387885291316,1.8290492091518253,29.74646561549414,142.64094496560904,-80.0,-3.219972836859002,-72.84048136618355,-80.0,-142.64094496560904,11.24595382,4.795255757436957,14.0,4.0,5.0,180.0,0.0,0.0
313,226,2,1165,True,3.0409242,-68.1264992,39.4135962,115,103,30,29,44,270.1856057955651,-1.3631801436993023,65.32730492192715,8.790831339998734,102.14869608224902,-5.412475152469222,12,10,top_left,110.5,-13.0,290.5,66.83021410579317,11.411458633460061,3.0209970913894106,-0.036660215513570994,0.03640748492233482,0.998664369866137,0.41236038380984497,0.14973237362691957,0.8986318101159372,-0.22928754626615797,-0.10304106859886075,0.9678893321600612,1.8499867225412212,0.4800845492171032,1.8616453857359847,27.406181645129717,119.57330190523012,-80.0,7.424507217515026,-72.47986238622845,-80.0,-119.57330190523012,15.68399957,6.396531582219609,14.0,4.0,5.0,180.0,0.0,0.0
333,226,2,1448,True,-2.99402813,-66.5034391,121.558296,108,103,63,18,22,265.9143703952192,-0.0254580611723808,106.42858770205997,-5.022078551290846,85.75746907207534,1.6685713734085612,46,2,top_right,-49.0,-74.25,290.5,105.23332339679503,-2.5332474401304284,2.7609666892812172,0.002024647131618481,0.009120809689780797,0.9999563548648488,-0.2721380774266291,-0.12781588918688386,0.9537316002345232,0.1169385587709249,0.07649112738881059,0.9901891137067544,1.0202823188005203,0.9448241489547989,1.4380568828628015,17.82925037812217,201.56709342303446,-80.0,-3.402130367527621,-68.34189419883376,-79.99999999999999,-201.56709342303446,5.8853127,2.0873946712131,14.0,4.0,5.0,180.0,0.0,0.0
353,226,2,1712,True,-4.15354768,-72.163531,50.2348183,126,119,25,51,43,266.2856516298441,-1.9688522898879217,116.39729581726445,4.542512032077546,78.82576074186309,-5.090534472118469,41,6,bottom_left,-135.5,-38.0,290.5,118.66422999989864,7.111749525254196,3.4263642370215064,-0.06407147818312298,0.03238257953903058,0.9974197783410093,-0.4475654459930041,0.08358374522603708,0.8903364134343109,0.21132967350718906,-0.0872954312818738,0.973508745093056,1.2573762889553142,1.0094963012760263,1.8687507172591367,23.158274140485368,130.5717222858938,-80.0,4.212375575773437,-76.39178018247118,-80.0,-130.5717222858938,13.074306,4.971338720829466,14.0,4.0,5.0,180.0,0.0,0.0
361,226,0,182,True,9.20174714,-72.581755,79.533057,106,100,39,22,39,268.87227935776053,-0.5030831200528422,68.55353945351186,-7.183818757714774,99.08679097262498,1.3859020162742053,37,5,top_left,110.5,-74.25,290.5,64.3514632854263,-0.4084229451262214,7.972667843302834,0.005233033264211179,0.0003746194265452641,0.9999862374168661,0.3854885262997888,-0.1423864803384848,0.9116604007567924,-0.1749133924098544,0.03962719557392335,0.9837860491624297,1.1176550614957272,0.6918043909812064,1.7424186377224262,23.990654599485072,159.53525261717692,-80.0,8.36689385623998,-72.6415200048492,-79.99999999999999,-159.53525261717692,12.18515584,4.6923692218634345,14.0,4.0,5.0,180.0,0.0,0.0
362,226,0,188,True,-6.27600447,-75.449571,69.4315427,172,162,65,57,40,267.23374681810145,-0.7372067498692146,118.51430003858854,-3.3309740214011088,76.50664157060491,6.32330158028584,57,1,top_left,-135.5,-74.25,290.5,120.30811762003522,0.268406159391284,4.021606544826119,-0.013585187490369213,0.029938558628231585,0.9994594165788402,-0.48859620653062424,-0.06981579796168025,0.8697123095132422,0.2462672831614498,0.15424627626835044,0.9568492626854169,1.870221571394851,1.1687811976868125,1.782836214650244,29.097947528312634,149.5123666066459,-80.0,-4.244850937519899,-79.92575575329873,-80.0,-149.5123666066459,9.27450407,3.904463682885473,14.0,4.0,5.0,180.0,0.0,0.0
392,226,0,658,True,-2.9031758,-71.5101344,107.042598,146,136,82,33,21,269.04416084237306,-0.5851769921972715,114.45652361806782,-4.10717312590158,82.10637884082934,1.64666140396125,27,2,top_left,-74.0,-74.25,290.5,111.18327221518663,-0.7978192543506057,4.654674832210418,-0.03606950038100132,0.017021641289433398,0.9992043108744473,-0.412948896179967,-0.07528783777536496,0.9076370147954838,0.17728328280116776,0.04153216715181818,0.9832831315195611,1.9193828737627856,0.9740602937775159,1.3895662615180546,22.996582781002317,187.19154427617596,-80.0,3.848729677589754,-74.69644171908415,-80.0,-187.19154427617596,5.92759666,2.2484796929281305,14.0,4.0,5.0,180.0,0.0,0.0
403,226,0,825,True,-1.26628013,-77.0301834,71.3046496,157,148,70,34,44,272.57580352605953,0.5201383961492352,61.56170416377577,7.129295843467529,99.10308206835519,-7.23365563347684,18,10,bottom_left,110.5,-38.0,290.5,62.983261976442726,9.013727694130287,2.3604893591259257,-0.00955815261647182,-0.0029698812477638717,0.9999499095074385,0.45843682988655793,0.1354523332968573,0.8783440888444574,-0.1663622262078283,-0.1297147777759903,0.9774956194877299,2.0505301738317416,0.7672306431230268,1.9349593362112887,29.130171022652352,151.3122289040764,-80.0,0.17998524660368087,-76.58080404882043,-80.0,-151.3122289040764,10.15493317,4.27779347407752,14.0,4.0,5.0,180.0,0.0,0.0
442,226,0,1478,True,3.45946777,-70.9669908,101.267284,96,91,50,16,25,266.7961616120567,0.5620876254891061,120.30316117135837,9.791245915918655,82.92546292763498,-0.5173548181581973,29,6,top_right,-110.5,-13.0,290.5,121.05713444301821,14.703778780802407,4.970055818895842,-0.0023988715746053367,0.02183694231460243,0.9997586675620859,-0.5218040187264406,0.21071272340399608,0.826632151707522,0.2003415638860771,-0.03158208373823523,0.9792169472422503,1.0622587173060656,1.6833332834082189,1.7407896023113654,33.665742224967616,181.31104023536076,-80.0,3.894409670582731,-74.92626952662013,-80.00000000000001,-181.31104023536076,7.82484602,3.630909218807793,14.0,4.0,5.0,180.0,0.0,0.0
453,226,0,1577,True,5.55435891,-68.0546886,107.761741,249,238,109,93,36,272.4722588130375,-1.312513062196781,61.270653936279174,2.717499118753066,100.01072303079712,-0.9236802028808851,18,10,bottom_left,110.5,-38.0,290.5,60.1314706666773,8.116911275482545,5.518277825551999,-0.003024180521001771,0.02350757594038222,0.9997190846460737,0.4824120912529232,0.03765791761815606,0.8751345356307482,-0.1735920380474194,0.023025180927617624,0.9845484474467439,1.9668759992101168,1.9173178315669055,2.209853380944166,29.035985555204448,187.81450097701443,-80.0,6.122343865416355,-72.46975224442217,-80.0,-187.81450097701443,6.49591448,2.73142246111888,14.0,4.0,5.0,180.0,0.0,0.0
470,226,0,1830,True,-3.26976117,-69.1945387,58.2996526,124,113,52,27,34,268.5617110374967,-1.4576015305506984,107.93924710372585,-4.814663272653904,83.50346517993432,3.6209805014167378,27,2,top_left,-74.0,-74.25,290.5,106.94119030288138,-1.1931364829239868,3.7565374570797734,-0.016241550251276153,0.027375296469785204,0.9994932742087997,-0.2992778567067463,-0.0929360126336093,0.9496292234555452,0.12881155568368327,0.07251833100538908,0.989013991200601,2.0783462717058887,0.6907237124864238,1.487457624533615,17.92418019150969,138.36976813023398,-80.0,-1.0224216276553757,-72.98245212502059,-80.0,-138.36976813023398,14.22246421,5.049798531574957,14.0,4.0,5.0,180.0,0.0,0.0
506,226,0,2360,True,0.402849952,-80.3297021,95.5684337,54,51,23,11,17,273.5987947422046,0.7952218098952512,78.74061462823221,5.522119793447942,91.75974073972654,-7.369219840706556,63,9,top_left,49.0,-12.75,290.5,76.00131391772582,18.592330033974307,13.354181521686046,0.009487968376857305,0.008538857760996499,0.9999185298634171,0.21353555049443493,0.23268619344550273,0.948820164232865,-0.16855884692721324,-0.13881751501310863,0.9758676204527711,1.0228414321356472,1.332052108886007,1.4869471243931778,17.682224941975033,175.58273844968312,-80.0,-1.2630735179326007,-81.8289781289081,-80.00000000000001,-175.58273844968312,10.18447071,3.606282784443071,14.0,4.0,5.0,180.0,0.0,0.0
513,226,0,2501,True,-9.26862384,-72.5970092,76.0754286,100,95,39,20,36,271.4103636076578,-0.11575563331862856,116.3077461781526,10.209076534716356,79.00887627818128,-6.52559762835374,29,6,top_right,-110.5,-13.0,290.5,115.27233162811028,14.10833928862298,4.034393797640831,-0.02379051475411717,0.008034194472613889,0.9996846818506876,-0.4322103802503652,0.16619913529578667,0.886325016362941,0.18814509332592433,-0.11391528571574214,0.9755125481190285,1.2581948119471076,0.4949559590151554,2.0411803961421713,26.14739835526624,156.12465753807695,-80.0,-5.554337871358889,-73.85134506063116,-80.00000000000001,-156.12465753807695,9.4127061,3.7546720707379566,14.0,4.0,5.0,180.0,0.0,0.0
519,226,0,2589,True,-1.99199591,-81.5779495,95.100287,187,179,65,82,32,273.4684248436481,-0.5451700316374014,58.005322124272965,-1.8957547001311106,100.59152673987074,-0.6509221041098371,31,5,top_right,135.5,-74.25,290.5,54.86806341409187,1.7567404744441264,4.814884548449997,0.0007430276276160636,0.010078801903873003,0.9999489315270691,0.5140312534889723,-0.04004318307743394,0.8568362818681193,-0.19740876346262715,0.001768998067640415,0.9803196676360182,1.7929731722302495,1.4507873515221112,2.126967820968409,31.04407227067151,175.10922956094976,-80.0,-2.1221069054143493,-83.34284073628464,-79.99999999999999,-175.10922956094976,7.22081953,3.1618522926783963,14.0,4.0,5.0,180.0,0.0,0.0
523,226,0,2684,True,-6.68027214,-64.3174643,96.3585833,107,103,59,23,21,266.3145685616471,-0.5153300412472734,106.85667983868396,-4.746997044682177,85.627779375589,1.9879135346652828,27,2,top_left,-74.0,-74.25,290.5,109.12430255150765,-2.767395072002626,3.0101389898060624,-0.021332896916897943,0.012102168459396712,0.9996991772666984,-0.288458938727298,-0.13441199475659293,0.9480110001122745,0.02053627005570331,0.05830925122104466,0.9980873172394489,1.577754801241757,0.990726551346868,1.1858635176126686,17.77685454826155,176.41165193532146,-80.0,-2.916900554324107,-66.45242782992172,-80.00000000000001,-176.41165193532146,11.24002908,3.984257434171516,14.0,4.0,5.0,180.0,0.0,0.0
530,226,0,2719,True,4.93466086,-70.8503638,74.7820836,120,113,42,21,50,275.52316789706396,-0.28199032095965243,57.987892705060986,11.364652294681422,99.4411552713878,-5.933304089805217,5,10,top_right,135.5,-13.0,290.5,58.81517466399171,12.921467187404618,1.7629713695284437,0.03616633287466117,0.020671028806503736,0.999131975734177,0.47240832426698515,0.21871058757417272,0.8538126574642819,-0.20704203402489352,-0.13869762804639418,0.968450599731932,1.5570317271704548,0.8800399897561627,2.071766832509882,28.9931364540603,154.91655492885596,-80.0,-0.6681028333527363,-74.0526483695387,-80.00000000000001,-154.91655492885596,11.06522086,4.648880470050893,14.0,4.0,5.0,180.0,0.0,0.0
549,226,0,3016,True,-5.00503313,-65.4108057,100.669684,175,165,101,43,21,273.2470455253654,-2.125553968577385,60.72512912684005,4.25395420255274,100.22924534046153,-2.682761087260365,18,10,bottom_left,110.5,-38.0,290.5,58.68096624224774,7.032241993086099,3.449273103970094,0.004888125206737075,0.03249338483056531,0.9994599972856423,0.48534113834553005,0.07593690042402769,0.8710209908971519,-0.12947589178947924,-0.018222054499551173,0.9914151250486016,2.0076402318390203,0.8530183043906895,1.781451669017587,28.908775993323644,180.76729883203643,-80.0,-5.888646319974651,-71.28454710573115,-80.00000000000001,-180.76729883203643,7.4214194,3.112918872331095,14.0,4.0,5.0,180.0,0.0,0.0
560,226,0,3160,True,-7.60734102,-73.7275681,27.0276521,60,49,10,18,21,266.36454473001925,-8.570932199753116,100.40479508766923,-4.2844413820279295,82.73718150078197,1.0175794556525208,46,2,top_right,-49.0,-74.25,290.5,98.92843844987813,-0.11223342453110799,4.425714423971528,0.12403880320371562,0.039667523717629834,0.9914841717656925,-0.1669928560338534,-0.10741982163025182,0.980088959204511,0.026167786181712005,0.026136967865216243,0.9993158188866825,1.6793133229004238,0.8473378780893794,0.9854813983026147,18.778874598629322,107.94690943920865,-80.0,-20.996946476379314,-78.00955469042465,-80.0,-107.94690943920865,17.74129671,6.361839081444535,14.0,4.0,5.0,180.0,0.0,0.0
567,226,0,3265,True,4.07887767,-69.0965408,135.965476,111,107,71,14,22,265.97926960330574,-0.3179857289467301,109.7042326969597,-3.3507574498336714,83.49839250421768,2.6151376939598414,46,2,top_right,-49.0,-74.25,290.5,108.95635914765519,-1.8064911492866886,1.715830193449922,-0.004415734378427982,0.0002219439333935868,0.9999902259676291,-0.35197130193652454,-0.13096830062864,0.9268028414088695,0.14375222435860613,0.08516938954910147,0.9859419217559351,1.0466560897193418,1.2199979644689671,1.7614596651444296,21.825735386061055,215.96758687418517,-80.0,5.032533167986471,-69.14447349571638,-80.0,-215.96758687418517,6.09440584,2.2731151648354895,14.0,4.0,5.0,180.0,0.0,0.0
572,226,0,3316,True,0.639306452,-72.8977545,78.0841928,105,98,38,28,32,273.21460629551933,-1.8604662815925141,75.19202968067654,3.184762628203021,97.31576056415487,-5.484821802906003,67,9,bottom_left,49.0,-37.75,290.5,77.17409512698191,9.16502115880698,6.30016472215601,0.009705406735622752,0.01981835206758142,0.9997564893519929,0.2570376239742736,0.10239797996710012,0.9609611405048164,-0.11352690885303295,-0.09135324543059276,0.9893261471908913,0.8849644591689273,1.0121642685131815,1.1857399205665378,15.148636329276961,158.12269736049888,-80.0,-0.8953386400174237,-76.031485786166,-79.99999999999999,-158.12269736049888,13.87575513,4.7869671769505295,14.0,4.0,5.0,180.0,0.0,0.0
580,227,1,65,True,-6.62061715,-70.945774,117.925043,140,135,83,41,11,269.67963742881545,0.43703629660414883,100.57025785925684,1.0712476464951362,60.32413058289885,-2.976296908951096,4,7,bottom_right,-49.0,-37.75,290.5,103.79715306702774,10.581208781821301,10.042520275177386,-0.026029582760479647,0.008439680462820067,0.9996255461996761,-0.22146089699993254,0.03122488013583214,0.9746692146366829,0.09543121965395686,-0.04434544355630932,0.9944477683373584,1.9186231362236235,1.6095055684701107,0.7730846495204792,11.382265160516866,197.9991845471147,-80.0,-1.4667809893233947,-72.61682384947659,-80.00000000000001,-197.9991845471147,6.5535432,2.1918660649787043,14.0,4.0,5.0,180.0,0.0,0.0
590,227,1,169,True,-2.92503668,-72.0595564,97.2801795,132,121,81,13,27,269.67157835236287,-0.7106705712529323,69.69842052293555,5.62748955021319,102.69201135920864,-9.62488093763517,12,10,top_left,110.5,-13.0,290.5,59.58596282942637,14.767141334537229,13.630665256755098,-0.047617058802085006,0.01430637891575271,0.9987632067879542,0.47659590322991013,0.29564073500521026,0.827920830049616,-0.1209660829533603,-0.158973617020592,0.9798441691750331,1.8061604774997015,1.7007538354694998,1.7237860619219838,36.056953936688664,177.49970993638942,-80.0,5.526977445394088,-74.59893450778618,-80.0,-177.49970993638942,7.49149772,3.684391725362982,14.0,4.0,5.0,180.0,0.0,0.0
593,227,1,238,True,-0.695795478,-74.7259548,95.5496281,106,98,47,28,23,274.8649646845906,-1.1385059949499685,59.09044394985512,6.517462866182153,99.37449964374804,-6.287804756497817,18,10,bottom_left,110.5,-38.0,290.5,60.300428748132354,9.29344826827996,3.028226901129128,0.004599006049167694,0.004647897878726659,0.9999786228658434,0.5210756400913024,0.1356410783923306,0.8426634412124483,-0.22879575524650372,-0.0961422520144711,0.9687152160252093,1.022081958748576,0.8407014332810194,1.5298611432374885,32.25596067589289,175.55338092817576,-80.0,-1.5031665388405209,-75.54190898681935,-80.0,-175.55338092817576,8.24091497,3.7038696715063524,14.0,4.0,5.0,180.0,0.0,0.0
599,227,1,314,True,0.771182958,-61.9168922,34.7973007,95,85,25,36,24,266.67148740557803,-4.038259692969526,69.27969263363882,-6.34899801689669,108.01280307864761,-0.5142071539275919,37,5,top_left,110.5,-74.25,290.5,66.77454423010613,-2.5378877110612135,4.560737910357023,0.004227674336363064,0.054695765539591774,0.9984941161577988,0.3550440913399196,-0.11599440099492879,0.9276254589770802,-0.22706827641448507,0.01672086021524732,0.9737352877860682,1.7051721546235479,0.78672949209238,1.5794712061930039,22.870568037596165,114.97043281711015,-80.0,0.28512540973854966,-68.20528803735004,-80.0,-114.97043281711015,18.99415743,7.191542886243073,14.0,4.0,5.0,180.0,0.0,0.0
602,227,1,360,True,-3.43510339,-76.6731451,108.033177,54,46,26,12,8,272.644935170969,-0.8764413738884697,72.97733737957854,11.524645613007054,97.62659800761885,-10.494520967501158,63,9,top_left,49.0,-12.75,290.5,73.96704913093458,18.608421178683095,7.152580346674978,-0.019440390599892356,0.01634840436898666,0.9996773483919258,0.29593959184177315,0.19578828281575078,0.9349260432208446,-0.032587852113257244,-0.10735210916765321,0.9936868503466777,1.3042621478224878,0.5270383944889894,0.826552358940715,21.23985447603669,188.09386578826548,-80.0,0.22151483036761066,-79.74817967723247,-80.0,-188.09386578826548,6.69388255,2.476644159733243,14.0,4.0,5.0,180.0,0.0,0.0
603,227,1,369,True,-0.335901559,-73.4299524,87.4991521,92,88,41,14,33,267.3464772776634,-0.11663800042773473,109.28558597642655,-6.438911388999597,79.50726519488107,1.6801274833049933,27,2,top_left,-74.0,-74.25,290.5,109.94461017003273,-0.21757057208338176,6.256148531483728,0.010322066979926176,0.004772313180921528,0.9999353378894883,-0.3597118042954977,-0.14049407962331587,0.9224255153893322,0.20362119964853492,0.05530848226987484,0.9774862550658677,0.9967615333582992,1.2559629071982896,1.6606926909719981,23.367114974279254,167.50998364907454,-80.0,-2.064950830032086,-74.22936250290444,-80.0,-167.50998364907454,9.23864499,3.523903687858399,14.0,4.0,5.0,180.0,0.0,0.0
606,227,1,410,True,-7.64201763,-75.5834438,59.8962506,80,72,28,27,17,278.1443916380759,1.905743623529031,75.15969863164192,3.5280742030452528,94.03928672381922,-3.9458896787730064,67,9,bottom_left,49.0,-37.75,290.5,76.199928740761,9.052660731598571,5.621666567076947,0.01963114165805997,0.01220277977332962,0.9997328195288003,0.2628025275801038,0.09437155091419533,0.96022332916648,-0.01713144694372425,-0.08574241617032874,0.996170041506413,0.9526282030213936,1.0797453059702202,0.9228160292044543,14.921953504386813,139.93363813537368,-80.0,-10.389074702963223,-77.29102316904677,-80.0,-139.93363813537368,14.28423202,4.9174239635541355,14.0,4.0,5.0,180.0,0.0,0.0
614,227,1,495,True,4.1228685,-63.72353,98.6545834,142,131,80,25,26,268.1123523482975,-2.1493524821576555,108.65758935905778,-5.164088143839476,83.78838173727097,5.0231762387376175,27,2,top_left,-74.0,-74.25,290.5,112.15702798397572,-2.9091331756226664,4.163038865811038,0.01267333133977675,0.032031985562066,0.9994064931616684,-0.3387033371677686,-0.13652987632841376,0.9309348217040573,0.10926509073440287,0.15567173452648705,0.9817471420973517,1.8684368075530062,0.9227352092163307,1.6175981383384301,22.821675821387466,178.76067908546202,-80.0,1.85737518342644,-69.44958949153063,-80.0,-178.76067908546202,6.00416,2.271653179895837,14.0,4.0,5.0,180.0,0.0,0.0
618,227,1,564,True,0.392640101,-80.9996153,74.267544,117,109,69,16,24,263.75098594182623,3.237540438027806,113.10855216711963,11.780183234345893,74.30620532099992,-6.314922574280044,24,7,bottom_left,-74.0,-37.75,290.5,108.98527250221017,10.710076118772974,4.2598784529438944,0.02993702017734454,0.0021219778115285633,0.9995495345569766,-0.3116663553003796,0.14921413399498717,0.9384024857117035,0.2294398306183642,-0.10749026934272513,0.9673692191311676,2.1171950807140676,0.42676249353962625,1.5290844203995269,21.725791844510496,154.3370675154933,-80.0,-4.227751803323509,-81.32711513276426,-79.99999999999999,-154.3370675154933,12.93138157,4.816479695764268,14.0,4.0,5.0,180.0,0.0,0.0
627,227,1,735,True,-5.09020697,-62.149284,77.2074784,155,147,76,28,43,274.9248089744652,-1.5999900121751724,71.50981206756916,4.4945465480065865,90.39684997803352,0.5664720957508886,59,9,top_right,74.0,-12.75,290.5,69.65490315307038,12.251844969302784,7.975986827855944,0.00469651299317675,0.03560428508683989,0.9993549307674227,0.325409816892577,0.10961062762064334,0.9391985739887749,-0.0878534291416364,-0.04583767791189631,0.9950782292220551,2.154576973323423,2.046079277437643,2.065621828472767,19.261361548680267,157.30895356595434,-80.0,-5.829010514365542,-67.7501568294747,-80.00000000000001,-157.30895356595434,8.33364228,3.005755193900898,14.0,4.0,5.0,180.0,0.0,0.0
629,227,1,749,True,0.177421717,-68.0695748,88.2903583,97,87,53,11,23,262.74200760430745,4.23981612872427,113.2125319015599,11.093259041683389,82.06248903663635,-6.632658917143882,17,7,top_left,-74.0,-12.75,290.5,110.14476672937413,14.404469305221323,4.513900371190635,-0.028791911747434715,0.007080481625915902,0.9995603496527226,-0.39758087612131443,0.2635173870518807,0.8789129841252531,0.1966719333674564,-0.14565241121021505,0.9695903906981326,1.5728837479432667,1.8733218247973273,1.406961820463242,26.894682757200957,168.36437975802974,-80.0,5.024954080404775,-69.26167569733545,-79.99999999999999,-168.36437975802974,9.99802248,4.040407485198551,14.0,4.0,5.0,180.0,0.0,0.0
639,227,1,855,True,3.72462244,-70.3415051,41.9050623,129,121,17,54,50,277.6818420643575,-2.137305806347203,66.55093383925374,4.041779312283546,100.93366265010813,-2.4554577559602104,18,10,bottom_left,110.5,-38.0,290.5,66.75572755468608,6.816637340653505,2.782404992715797,3.7456077796593774e-05,0.03170949605191115,0.9994971267878543,0.4067041783263334,0.07364665839963692,0.9105865587842099,-0.20972758845138817,-0.040262358048278706,0.9769305406049896,0.7058407745987965,1.2777391687760133,1.6215529284844528,24.149763742502426,121.96639593329681,-80.0,3.720054057185352,-74.20899805031272,-80.0,-121.96639593329681,16.47425814,6.3598140213294805,14.0,4.0,5.0,180.0,0.0,0.0
643,227,1,943,True,-3.91562601,-79.2608972,103.634978,180,170,103,34,33,271.0588072387387,0.0024680337393806853,122.52526343694934,-5.73089443337345,76.3578023060804,0.15964753788654304,57,1,top_left,-135.5,-74.25,290.5,125.15198198961103,1.2560187752672793,7.464355735090296,-0.0010489811014460088,0.0003758681832531918,0.9999993791806862,-0.5535832124022918,-0.11220206083031023,0.8252007782908293,0.2038594588877638,0.03402220211127071,0.9784088157746167,1.949765866429415,1.1732882155249034,1.838452291545384,34.336534964320684,183.6350920042118,-80.0,-3.7229962689252827,-79.32991978841316,-79.99999999999999,-183.6350920042118,8.11759453,3.826717994137444,14.0,4.0,5.0,180.0,0.0,0.0
654,227,1,1130,True,2.98399855,-71.1076328,67.1970498,127,121,31,58,32,274.8264730984108,-0.7682145273363767,65.4637762216455,3.7654052251137964,100.96952803324736,-5.542761547350169,18,10,bottom_left,110.5,-38.0,290.5,64.29009492519522,7.608840731773316,4.018647070779958,-0.006653520205372359,0.009690681128959875,0.9999309082972351,0.42204064892939863,0.07103080892529734,0.9037899727451452,-0.18000000893377172,-0.08130941930268264,0.9803003494422017,0.9400057700411348,0.9413892163332559,1.559569600105609,25.62978196438349,147.20722059753038,-80.0,3.9634447666223744,-72.53417103469113,-80.0,-147.20722059753038,12.1149647,4.790394739390053,14.0,4.0,5.0,180.0,0.0,0.0
664,227,1,1236,True,-4.63033174,-71.6718298,100.243761,92,87,47,19,21,268.6708637965202,-1.0079855043983332,58.84846830026552,-9.842506909618185,98.0276251552287,4.92689151013789,43,5,bottom_left,110.5,-99.25,290.5,58.82048297682432,-7.069399844964046,2.773248270595838,-0.012463061489196023,0.012868675139901422,0.9998395217725994,0.5066732306823795,-0.1753894271487397,0.8441094633720897,-0.16791192574482205,0.11316356331750332,0.9792852460493577,1.0659359345922426,0.45306259164599094,1.8589519516988464,33.34225113249532,180.27269084187506,-80.0,-2.383582109214886,-73.99170049503996,-80.0,-180.27269084187506,6.48011444,2.984529312103579,14.0,4.0,5.0,180.0,0.0,0.0
668,227,1,1301,True,-2.24503012,-71.2002887,108.235919,172,165,92,49,24,272.4340728255703,-3.524331055490702,120.77699704581325,3.234491940993346,75.16586170765483,3.320159172694614,48,6,bottom_right,-110.5,-38.0,290.5,120.70801264124381,8.900975581857761,5.666903537228937,-0.025340763114499253,0.03674984360667911,0.9990031505053723,-0.5096436821561199,0.05611905097254144,0.8585534167169177,0.16669717954846253,0.061840193839760145,0.9840669899739797,1.8813969247068432,1.3696093826745304,1.5449716364006534,29.22904026498344,188.42374911908522,-80.0,2.529771471572576,-78.12483201191053,-80.0,-188.42374911908522,6.22172053,2.6259727336575374,14.0,4.0,5.0,180.0,0.0,0.0
674,227,1,1460,True,3.02306523,-62.4378489,119.813458,101,96,68,16,12,264.07537892323035,-1.9868134024211865,107.84319237311631,-1.6601708204729337,81.86610854892643,13.698520849441245,46,2,top_right,-49.0,-74.25,290.5,106.95054791110461,-3.787301803501242,2.3068377390963453,-0.017643124042690805,0.035498586552617735,0.9992139763467986,-0.2856972254333127,-0.19533909216918843,0.9382002635099952,0.018968400477761077,0.24971966743128848,0.9681323708467361,1.2490044243997827,2.2697563244755083,1.131597305718136,20.679710233307976,199.97063965271283,-80.0,6.551172030289036,-69.53652395969416,-80.0,-199.97063965271283,5.87382739,2.157018533471269,14.0,4.0,5.0,180.0,0.0,0.0
676,227,1,1465,True,4.74479796,-80.2024737,87.1990873,123,119,43,50,26,263.0118551147161,-0.8566510720439549,124.20794977494046,3.4731471957175843,86.37674594700454,-5.347463056701279,41,6,bottom_left,-135.5,-38.0,290.5,124.59940659824112,9.696653181419423,6.235805096262652,-0.00447777350912243,-0.00034554751095250413,0.9999899150198059,-0.5796152635020185,0.09731927930123453,0.8090581587202332,0.15013638370161775,-0.07942257962053047,0.985469999612074,1.0179929312563336,1.3533700359553151,1.4283716992130855,35.74629535585781,167.20077351648933,-80.0,5.4934851543569145,-80.14469788888205,-80.0,-167.20077351648933,8.29623181,4.048262798224857,14.0,4.0,5.0,180.0,0.0,0.0
677,227,1,1529,True,-3.75581001,-69.1141918,36.4298055,171,163,29,88,46,255.75366730102746,-3.3789592275487887,117.31080195717031,1.7937907738106509,85.43245997590432,1.4515980540533104,41,6,bottom_left,-135.5,-38.0,290.5,117.40830218546593,6.204619705300934,4.411906408502952,0.010001255210951689,0.046708193932270776,0.9988585082551936,-0.45806888529198864,0.030709539958023495,0.888386076254531,0.21734473709156613,0.04919116489268405,0.9748546017509991,1.6890330859140024,2.8329415439702608,1.9801730209966613,27.84368607912413,116.56286104363232,-80.0,-4.921584931416065,-74.55863251892632,-80.0,-116.56286104363232,13.01888015,5.352201007790388,14.0,4.0,5.0,180.0,0.0,0.0
678,227,1,1541,True,-1.92845605,-71.9240919,127.828508,124,113,82,15,16,271.6944463292989,-0.5164808181344306,116.14859779373623,-6.321284275105886,65.96355134354489,12.94552803785259,27,2,top_left,-74.0,-74.25,290.5,113.89571952685161,-0.7489627532900545,6.010509764395443,-0.009650367326615226,0.01320160223361145,0.9998662851146283,-0.4285400796457014,-0.10567916739405103,0.897321187600157,0.1748774583115189,0.17149888057798085,0.9695390701436444,1.6466669430057472,0.5210401861203501,1.3574170526887095,25.849603225738257,207.8563014815264,-80.0,0.07743361044840635,-74.66812811390872,-80.0,-207.8563014815264,5.85399809,2.323316427829037,14.0,4.0,5.0,180.0,0.0,0.0
685,227,1,1714,True,-1.61000271,-80.6277569,52.2978184,100,89,33,18,38,276.93873842991064,1.8910107771996425,71.02555379375576,9.010465089407358,93.6133764497831,-4.327308962576086,59,9,top_right,74.0,-12.75,290.5,72.38954994172698,15.195206224380792,6.33336469803475,-0.07093507511978953,0.024923652495339222,0.9971695074880906,0.2770744055939287,0.23363319226459517,0.9320114297781041,-0.16128119370830488,-0.15308622680651143,0.9749630678739424,2.101261798978468,0.9463632921332146,1.7782512670394592,23.717173161100398,132.67334932178522,-80.0,7.801191290534911,-83.93446135388892,-79.99999999999999,-132.67334932178522,13.64545511,5.232580106286986,14.0,4.0,5.0,180.0,0.0,0.0
689,227,1,1824,True,-0.828087691,-60.0820339,84.3195484,152,141,82,31,28,271.3877660047132,-2.3454592049141536,63.07249787428947,-7.820504728147162,102.08122859665058,6.886983740666359,37,5,top_left,110.5,-74.25,290.5,61.63296675222736,-3.4601780727325155,4.591807747859754,-0.0027612488615598105,0.03735863083850144,0.9992981077769522,0.439362089280956,-0.15099893598491876,0.8855282467736959,-0.2148571851172179,0.14826580811506707,0.9653256653313904,1.9897804393977412,0.39683584550398626,1.7129743458179294,28.591689323431524,164.43496402244452,-80.0,-0.3740418337923967,-66.22509901785676,-80.0,-164.43496402244452,8.8768007,3.700838036004752,14.0,4.0,5.0,180.0,0.0,0.0
722,227,0,233,True,5.91924671,-69.8107533,92.5357682,137,130,65,30,35,268.1016224751464,-2.637132090689572,72.47308466896108,0.7418926362432434,95.36241496985707,-3.706435677372866,54,9,bottom_right,74.0,-37.75,290.5,71.02168538330153,8.707127037352196,8.096389253921933,0.04470446220874025,0.012119035719268981,0.9989267440767929,0.3173572129237607,0.05895196258912215,0.9464719042381309,-0.14099881341198778,-0.009939245869321711,0.9899598709078873,1.8736982085088956,1.0690771410133773,1.5969688621452018,16.186823224053313,172.72114218891736,-80.0,-1.8021590636349067,-71.90396699166043,-80.0,-172.72114218891736,9.37457516,3.2671563436175557,14.0,4.0,5.0,180.0,0.0,0.0
723,227,0,270,True,6.07081442,-69.1656371,26.8827661,122,111,16,43,52,278.41369863711867,-5.526023329439356,64.9629342912257,-7.1361925663982815,102.58228808619685,3.2652912377789267,31,5,top_right,135.5,-74.25,290.5,63.8501659217558,-0.9918509366404153,6.244292394440561,0.08379867162658262,0.036816223140497824,0.9958023641000705,0.41450396330281275,-0.12670695024647693,0.9011835624141716,-0.21926557560483823,0.071425251965088,0.9730472962484418,2.1852839107883426,0.7085197246610428,1.5895162524689004,21.956080643751438,107.33331226482116,-80.0,-2.9235745690732013,-73.11724427475039,-80.0,-107.33331226482116,16.13362949,6.028595291274906,14.0,4.0,5.0,180.0,0.0,0.0
731,227,0,401,True,-1.28952108,-71.4127487,63.1902134,152,142,59,52,31,273.7486398643244,-1.9659763235944796,62.05816494284283,-3.9269627953561406,102.20875269232732,3.022247562416928,31,5,top_right,135.5,-74.25,290.5,58.96149036081566,-0.6127394134040438,4.5357987270657345,0.015210013570283924,0.034658904978484346,0.999283451175333,0.4673104228354833,-0.07431288857162001,0.8809645641576419,-0.2141928057437627,0.05663849712337986,0.9751479490883523,1.9715244417833955,0.8285491578534553,1.796092778219345,27.765025210610382,143.29288975173475,-80.0,-3.469007877649084,-76.3791233499978,-80.0,-143.29288975173475,11.21274888,4.603011331011447,14.0,4.0,5.0,180.0,0.0,0.0
746,227,0,644,True,-5.97026131,-77.6141309,109.257858,175,168,114,35,19,275.5975685575638,2.066890263668326,53.061702858889106,-6.966475271097009,95.00277886834442,0.3743390034998517,50,5,bottom_right,135.5,-99.25,290.5,52.025846386208755,-5.375834527844738,1.8981929844164727,-0.0007778629258587273,-0.016424867896532084,0.9998648001824297,0.5822438939926412,-0.13757889016294225,0.8012890220699516,-0.1298455890573553,0.0303782819772086,0.9910687579509616,2.087832564297451,1.2204645083031476,1.7169615724837863,36.583658164598674,189.28344908778573,-80.0,-5.823024732475943,-74.50517525373317,-80.0,-189.28344908778573,6.21703931,3.099206578168024,14.0,4.0,5.0,180.0,0.0,0.0
748,227,0,663,True,-2.22356639,-65.8776847,102.834451,165,155,104,19,32,274.3591858257419,-1.4905378353475762,66.24555926996698,-7.935955547192395,94.68603247161171,2.805409553956261,43,5,bottom_left,110.5,-99.25,290.5,59.00836151218644,-8.66756986451942,7.274083508906225,-0.003800933615296517,0.018253200557704626,0.9998261716783835,0.48142835664669326,-0.2239220212175848,0.8473993543957277,-0.2266599501757513,0.10654892323175777,0.9681283974476108,2.213493059598167,1.0707318829509933,1.676837735040735,32.71865057585496,182.86623833128945,-80.0,-1.5285039576237773,-69.21557882349404,-80.0,-182.86623833128945,6.87136833,3.120253772040217,14.0,4.0,5.0,180.0,0.0,0.0
763,227,0,916,True,1.64539086,-69.9675686,83.6343212,93,91,43,40,8,280.5748164765565,-2.0552864583722443,89.25727659217212,-3.2317932013808033,63.691247411609716,-4.387283602756429,39,2,bottom_right,-49.0,-99.25,290.5,103.75671093672918,-7.8286446458942,15.210675182747336,0.0086539765840563,0.0026300202420601604,0.9999590950047953,-0.35019475021160573,-0.2464687300131388,0.9036685244324612,0.11181770801854853,0.008466419003367198,0.9936926687476053,0.8966655924261698,4.718214753056801,0.6389066563955212,25.848140903926662,163.6410149349312,-80.0,0.22924534856189793,-70.39794778171014,-79.99999999999999,-163.6410149349312,8.01341181,3.180259134161264,14.0,4.0,5.0,180.0,0.0,0.0
767,227,0,1048,True,0.204959681,-71.742751,103.994457,151,139,92,25,22,269.8973000618501,0.3666406365622429,104.36601072160234,3.585089651206992,79.1290145502712,-1.5232592939637888,4,7,bottom_right,-49.0,-37.75,290.5,104.77934245759153,9.994683406975112,6.422907070630673,-0.013819664823263404,0.015211258325424472,0.9997887949383759,-0.2734159671205489,0.06732717153312595,0.9595367428592216,0.26512349916735006,0.00997032096619288,0.9641629130437923,1.8234830631648027,1.1706715731241637,1.6701632649865275,15.3910807248691,184.03332576991014,-80.0,2.7482385594506016,-74.5421294587731,-80.00000000000001,-184.03332576991014,7.35581631,2.5435372107924454,14.0,4.0,5.0,180.0,0.0,0.0
777,227,0,1167,True,1.8318593,-63.7303446,104.456564,115,109,52,28,29,269.9052847554429,-0.9096985782132901,64.10451777134996,-6.238509523890433,102.90808641350054,3.069847768749521,37,5,top_left,110.5,-74.25,290.5,59.71076042396813,-2.7952618779893053,5.582209059026315,0.0038085232892358313,0.020861650978833524,0.9997751180484504,0.4829970454463727,-0.1324561915476654,0.8655456148642674,-0.26561171621885377,0.06164642955820576,0.9621071322519132,0.9597298693315628,0.559914972066789,1.8059457280009723,30.182634522356288,184.49805428250417,-80.0,1.1291941634463862,-67.57927861471549,-80.00000000000001,-184.49805428250417,6.56908905,2.82574364412015,14.0,4.0,5.0,180.0,0.0,0.0
785,227,0,1357,True,-0.138175898,-71.970278,67.3659657,107,103,32,32,39,264.2599446952427,-0.7545374990478082,116.75540696266165,5.415535987806955,79.9459020132871,-4.915736095422163,41,6,bottom_left,-135.5,-38.0,290.5,121.24263671765935,7.416111883073653,4.912996518099607,-0.029556295297892377,0.007297959264875531,0.9995364751717829,-0.5022231075463778,0.1515422110290351,0.8513559235260486,0.21939261831652432,-0.07448521719589919,0.9727892019587284,0.8484596517976303,1.3529705769661036,1.9183215059452685,29.89835019765746,147.43430516097305,-80.0,4.219435962377298,-73.04624755331,-80.0,-147.43430516097305,11.22865981,4.802454653156369,14.0,4.0,5.0,180.0,0.0,0.0
787,227,0,1419,True,2.45744248,-77.828555,65.5175703,100,97,33,33,31,254.26071963377234,-1.2761797665249137,112.18350509681306,4.6644435606284995,81.83626602132672,-6.174617743093329,24,7,bottom_left,-74.0,-37.75,290.5,108.76968154529159,9.573811908582638,5.979639522313752,-0.010421539984973334,0.010668196418525228,0.9998887843602995,-0.37002247211006795,0.10578949184132158,0.9229799312820995,0.13143495123454788,-0.07332019507412771,0.988609631041628,0.9982561006567556,1.279487700496708,1.0320846497865659,21.896034192843103,145.53375592976374,-80.0,3.974128336585383,-79.38113769378442,-79.99999999999999,-145.53375592976374,12.87987665,4.808718341199643,14.0,4.0,5.0,180.0,0.0,0.0
792,227,0,1469,True,0.999529972,-79.2796042,65.5505942,134,124,61,26,37,266.9955548293433,0.5607342635766015,118.45221548634723,5.590074337486188,79.59005672286818,-4.524948808708557,48,6,bottom_right,-110.5,-38.0,290.5,116.36600153923368,9.33686520645885,4.288441494173379,-0.012246330504358251,0.009518582953992884,0.9998797047483893,-0.45460061184588535,0.10256361511271535,0.8847705852730171,0.18854106438411908,-0.07157464902562363,0.9794535908647037,2.241628772364954,1.0319055030566964,1.6742785967676077,26.97461207736298,145.5681053518598,-80.0,2.7822051010321163,-80.66520628624724,-80.0,-145.5681053518598,12.39900039,5.017800469371179,14.0,4.0,5.0,180.0,0.0,0.0
793,227,0,1475,True,-6.35841828,-72.2103385,112.981696,126,116,58,27,31,272.12250176982127,-0.23057245597232914,106.89351557171564,-2.847071483244593,82.14102816974744,1.6136879978612955,27,2,top_left,-74.0,-74.25,290.5,110.85884390889808,-0.6151511537718857,4.550307371900894,-0.002630135708416848,0.019570617657207363,0.9998050176462763,-0.29337729875756713,-0.06491814901144122,0.9537900159378068,0.18777439995433884,0.06890181858315692,0.979792485232318,1.1722113437109987,1.3715034482101007,1.6196880596452354,17.616192250938695,193.01933136354344,-80.0,-5.850751244166001,-75.98784603456573,-80.0,-193.01933136354344,7.27476352,2.5740779885557155,14.0,4.0,5.0,180.0,0.0,0.0
803,227,0,1651,True,-8.38434896,-70.3577038,46.4223559,86,80,19,23,38,267.88223143126504,-2.7124164818015433,105.92103395480241,-5.70252794844338,84.90065478190786,3.337433060619149,27,2,top_left,-74.0,-74.25,290.5,105.04713203818726,-0.882295525457965,4.898810587424613,-0.012723113585304525,0.014918377413522648,0.9998077637206281,-0.28719536380128735,-0.1133905212812285,0.9511369053373008,0.12376832578661008,0.10809506792258117,0.9864060309136355,0.9350945454218763,0.7787696290405965,1.7972611677257726,17.651881736237,126.44666353613718,-80.0,-6.775553697346943,-72.2440828493128,-80.0,-126.44666353613718,16.49917838,5.840326426716379,14.0,4.0,5.0,180.0,0.0,0.0
809,227,0,1762,True,0.493750213,-76.6040491,75.5508298,141,130,72,20,38,268.5151180148533,2.7422938815995996,101.05020066726844,6.522733809501839,85.11179028869672,-0.5678835029390111,10,7,top_right,-49.0,-12.75,290.5,102.96679933303544,16.14523861732727,9.811521249135803,0.0009879283544865503,0.01619817040114646,0.9998683129658735,-0.23826019568087933,0.22459498931087557,0.9448752139465596,0.07111204437417257,-0.1207169016160351,0.9901366101751569,1.957903085736745,2.381136202672107,1.416352384654504,18.530712999861404,155.57131652526837,-80.0,0.3400568982598854,-79.124019794607,-80.0,-155.57131652526837,12.14993367,4.344113304405045,14.0,4.0,5.0,180.0,0.0,0.0
815,227,0,1803,True,-3.71919854,-73.485062,93.4938058,110,102,46,34,22,273.99486118824115,-1.401305206974895,67.72560272648124,3.5119784021686073,100.0453133136851,-3.701121852188523,54,9,bottom_right,74.0,-37.75,290.5,68.47070153147001,9.57758381797578,6.111198024075558,0.010099889290221,0.014283601251618764,0.9998469737772926,0.376222719717278,0.07987296445541658,0.92308004783856,-0.1560384006671634,-0.05516790572288044,0.9862091663006308,0.9326727145045796,0.7439327810111952,1.4823061123745678,21.893359906684633,173.52035896509528,-80.0,-5.47173495514687,-75.96355761649517,-80.00000000000001,-173.52035896509528,8.01081539,2.990735918223065,14.0,4.0,5.0,180.0,0.0,0.0
828,227,0,1984,True,-6.67983979,-71.9177968,66.2655039,115,106,63,17,26,278.77726295499133,2.1558136940819863,66.42796110497748,10.340125840718782,91.21887165837767,-3.165926316419859,59,9,top_right,74.0,-12.75,290.5,70.211208078092,13.943651849305517,5.224782995889991,3.358813879272837e-05,0.019521188372557008,0.9998094428821725,0.3252253827084619,0.21256135658955574,0.9214369865199369,-0.08870079202665677,-0.11852430312659634,0.9889813744768902,2.0836513366472547,0.9480847340698603,1.5694435719025086,22.26795890867933,146.29338114506822,-80.0,-6.684753512390358,-74.77361745099117,-80.0,-146.29338114506822,13.25734265,4.975784143942311,14.0,4.0,5.0,180.0,0.0,0.0
829,227,0,1999,True,-4.65923758,-69.4929419,103.875565,158,149,89,38,22,273.30838988542786,-0.40671816906584307,70.52681576211441,3.6343807558573165,95.66341396930966,1.8814957747242866,54,9,bottom_right,74.0,-37.75,290.5,67.14534903480137,8.907879601171903,6.264511736716552,-0.015856776258605956,0.01755524358684358,0.9997201488763199,0.32673652179072393,0.06813135738556822,0.9426565458685894,-0.17744146996902382,0.0520847884890686,0.9827521048277034,1.879421141407142,1.2045998436168763,1.4778136418831016,20.214133560108323,183.92703718803222,-80.0,-1.742747703401076,-72.72182584004234,-80.0,-183.92703718803222,6.36909821,2.3247657039263667,14.0,4.0,5.0,180.0,0.0,0.0
835,227,0,2091,True,4.83746223,-65.9536232,69.1918674,61,56,19,7,30,270.36654112216183,-2.218137406690175,106.70102779659034,12.232141432881281,84.72044522189628,-9.504224072111437,10,7,top_right,-49.0,-12.75,290.5,103.67271366748149,13.14810599635888,3.1638074445368827,0.0052526136676044775,0.01900315138947406,0.999805626252887,-0.28519991947065015,0.2065739655452119,0.9359424141969741,0.11531553090797379,-0.13325557714648256,0.9843501813332337,0.9199580325832579,0.2922750812896249,1.8489463106039632,20.25055173576274,149.220872020042,-80.0,4.053662638135669,-68.78929002146619,-80.0,-149.220872020042,14.31744969,5.228419113334507,14.0,4.0,5.0,180.0,0.0,0.0
836,227,0,2098,True,10.6104481,-73.3070413,72.9297473,65,64,37,21,6,254.2076562812124,-1.1350942038509557,99.54164762473057,-4.615285582009273,130.49748804869196,-8.35230177082508,10,7,top_right,-49.0,-12.75,290.5,105.32203910466946,15.026242551709384,20.474436575618185,-0.0020735956533121398,0.002517581804369007,0.9999946809773166,-0.3367457695365882,0.2342282608151112,0.9119974827458348,-0.24389629757735204,-0.13620462221217158,0.9601889902077088,1.0295578101395368,3.8069728166914723,0.5244340177075449,24.03728314345143,152.93056074112158,-80.0,10.927564246011377,-73.6920564970538,-80.0,-152.93056074112158,13.50714609,5.205226294172771,14.0,4.0,5.0,180.0,0.0,0.0
838,227,0,2127,True,-1.1338266,-72.299947,90.2160942,75,70,45,15,10,268.3209189855514,0.5275353843800323,110.49190095179333,-6.339419097121373,90.76585527210666,3.444401415387644,27,2,top_left,-74.0,-74.25,290.5,109.9921165195153,-0.5242258560841397,5.836630612721057,-0.01105288514917373,0.0006007261956512134,0.999938734552231,-0.3470724612559376,-0.11226484222488839,0.9310946846792579,-0.05209877420567965,0.07035600558736531,0.9961605042381756,0.9710339562797464,0.5533741144700246,0.5437105870502545,20.803117669025756,170.22652320416626,-80.0,0.7476676103188067,-72.40220653168338,-79.99999999999999,-170.22652320416626,9.20441877,3.385614746267941,14.0,4.0,5.0,180.0,0.0,0.0
844,227,0,2242,True,1.16333288,-72.5023821,63.368619,136,133,24,69,40,277.9923924885763,-1.8676872604188839,62.810645899891526,3.6414624682792662,101.50458310728332,-2.922225382996891,18,10,bottom_left,110.5,-38.0,290.5,64.29473323982168,7.793759877977961,4.409545215907357,-0.010512684217151099,0.029420478137456747,0.9995118403184197,0.45552300285538855,0.06476673378493204,0.8878648906587316,-0.2109952244422678,-0.02390103509529662,0.9771948402360353,1.00762732388692,1.2025110991655263,1.7860107653434978,27.80402991261067,143.43863996080958,-80.0,2.6712580064456217,-76.72241547103353,-80.0,-143.43863996080958,11.4316297,4.696233150569227,14.0,4.0,5.0,180.0,0.0,0.0
845,227,0,2246,True,-2.45305839,-69.9919136,80.5682509,155,146,70,25,51,267.89356898750447,0.34252894358127856,104.6448554939108,5.399387777947295,88.99709891638302,0.8363152622982423,17,7,top_left,-74.0,-12.75,290.5,108.81964849521924,14.471765589172005,9.98683812592236,-0.015215566590910789,0.019426680529289194,0.9996954989480199,-0.2678027452982069,0.1702764136580016,0.9483077731214233,0.04892124055795631,-0.025808966777560505,0.9984691329511121,2.062283706296416,3.073861490949516,2.110121051946537,17.17608843619115,160.6171589938797,-80.0,-0.009177311685717449,-73.11217183529615,-80.00000000000001,-160.6171589938797,6.29402957,2.2163648205234305,14.0,4.0,5.0,180.0,0.0,0.0
865,227,0,2565,True,-3.47385209,-68.7527947,85.1154256,83,77,42,29,6,265.436445047377,-3.378738473420131,97.8782754848242,1.3837450786039647,140.5126042721408,-2.3186319370849833,10,7,top_right,-49.0,-12.75,290.5,102.49826737968972,14.907049946904072,14.290699761369718,-0.009435043401934998,0.02017022511825628,0.9997520402453213,-0.23144551962772697,0.21747691974043837,0.9482282219088729,-0.016349688924999613,0.07150026225061301,0.9973065728100611,0.9681973856627215,2.9682118008430907,0.1651407336699928,17.338001273581973,165.15637773490675,-80.0,-1.9155944979647836,-72.08403601862884,-79.99999999999999,-165.15637773490675,10.244518,3.6138197785032906,14.0,4.0,5.0,180.0,0.0,0.0
868,227,0,2621,True,-5.17687333,-73.9100481,105.458747,145,137,75,29,33,265.282922075119,0.5222104948591234,121.69774284846524,6.186492013608551,84.02630055710428,-4.591214660722817,48,6,bottom_right,-110.5,-38.0,290.5,119.64798132999292,9.573313300060432,3.9587978868557485,-0.03053753973845471,-0.002760692916817242,0.9995298080804502,-0.524957569716669,0.10947771316201882,0.8440581616914699,0.10439865058336668,-0.06492953917424084,0.9924137628524672,1.814644558756801,0.5751719275053183,1.7435422706821813,30.75184231943744,185.5459892248384,-80.0,0.4892446892643916,-73.39781260180314,-80.00000000000001,-185.5459892248384,7.67459919,3.3401011541748438,14.0,4.0,5.0,180.0,0.0,0.0
875,227,0,2680,True,-4.66609421,-73.074208,89.1926114,153,146,88,54,4,264.599928869304,2.338799694536863,96.71430203263914,2.450460112324389,150.35098493996304,10.28908049645515,10,7,top_right,-49.0,-12.75,290.5,102.41998204040765,16.312076204628685,14.989969481005577,-0.005066827679267823,0.006743503661169383,0.9999644255750504,-0.22442570613370363,0.17927906503428753,0.9578580893153329,0.03648912170159199,-0.012204492396991173,0.9992595230283163,1.9193130746176348,5.90461992061458,0.26150494864397955,16.22535925213982,169.19863054398388,-80.0,-3.8087939054655324,-74.2151995845382,-80.0,-169.19863054398388,6.88666576,2.4010274171378403,14.0,4.0,5.0,180.0,0.0,0.0
887,227,0,2859,True,-2.32164539,-74.5109753,24.6128942,115,107,16,58,33,289.44430735468046,-7.956161123595507,67.02048405307998,-4.0082048373489885,98.03250049732769,1.8343373641411613,37,5,top_left,110.5,-74.25,290.5,67.00743821838766,0.05176958142515896,4.059995378680042,0.1433575843575164,0.03776616025206881,0.9889501100394259,0.3791822113470443,-0.07698831323650435,0.9221136861705087,-0.1553835677329542,0.05551720702937245,0.9862929517147714,1.696468304597877,1.3368471466975946,1.824450439335176,15.554562965959883,105.78177113083031,-80.0,-17.486264568375496,-78.5059466202746,-80.0,-105.78177113083031,15.90968616,5.510041554005606,14.0,4.0,5.0,180.0,0.0,0.0
899,227,0,3107,True,-3.84928873,-64.6546781,118.566433,95,89,60,10,19,267.7373508318055,-0.4761330521761076,101.21663125917885,-1.8031407342573331,85.97311285914496,6.754444587880099,46,2,top_right,-49.0,-74.25,290.5,104.71396220133902,-3.0897203858327926,3.726474328214125,-0.004427805878708757,0.0190691836754231,0.9998083620219694,-0.22559203734536695,-0.20032682180931455,0.9534030612233977,0.09268166565363753,0.14678372748195412,0.9848170623004919,1.0544441327970706,1.3661277834402437,1.293129167612655,18.121485799204272,198.60449316349766,-80.0,-2.9699065876326918,-68.44190365889905,-80.00000000000001,-198.60449316349766,7.2480487,2.579250311213178,14.0,4.0,5.0,180.0,0.0,0.0
904,227,0,3171,True,-0.747618457,-71.4497467,103.849106,181,175,89,59,27,278.04937988497903,-2.2991446657495245,52.946314484703954,-2.871511058404318,99.09469346674084,-2.506324834635151,31,5,top_right,135.5,-74.25,290.5,53.872064623472085,-0.694256662618556,2.365893070998272,-0.0038457176066798477,0.015060786362986247,0.9998791842868908,0.6148267683773859,-0.05582363821084758,0.7866840320633975,-0.22093320621289167,-0.012584819390681012,0.9752077423366756,2.0704921513936414,1.9072367833982842,1.62046356218087,38.42855526659832,183.87132054471195,-80.0,-0.0405012822177272,-74.21899337700408,-80.0,-183.87132054471195,6.39990764,3.3520386908368005,14.0,4.0,5.0,180.0,0.0,0.0
931,233,1,303,True,3.18737901,-69.6575848,111.957704,206,196,114,45,37,270.6870669570503,0.5082595461805947,55.257257481912596,-4.454708902171303,109.5743267014748,2.646554329124451,31,5,top_right,135.5,-74.25,290.5,53.45890688326639,-1.183883359503305,3.7326082845941095,0.0005757458778796325,0.005690778560703768,0.9999836416442308,0.5776735470526148,-0.08652259083053726,0.8116693380383555,-0.25777438826578436,0.07066961394765768,0.9636172323172152,1.8411332342649467,0.9324579992966171,2.2062963089851038,35.757620030862405,191.96084416378258,-80.0,3.0768583452584077,-70.74999145646184,-80.0,-191.96084416378258,7.05833177,3.4451924544447263,14.0,4.0,5.0,180.0,0.0,0.0
941,233,1,472,True,-0.242683016,-70.0140571,77.2939163,113,107,37,29,41,275.11146508979107,-2.2306677113356392,61.067604205173254,-7.282460325848003,99.97386052862096,4.496964532039119,31,5,top_right,135.5,-74.25,290.5,57.516169172440506,-0.9601514180753765,7.251501962836565,0.007506934317793403,0.027123009686473964,0.9996039156999615,0.47943847694894737,-0.12990657909641787,0.8679072689684884,-0.1637192618857843,0.09550177737037491,0.9818734204604346,0.8734312173235425,0.5190297336094963,1.7882977315975384,29.81455701310617,157.35624263722164,-80.0,-1.4239459939723846,-74.28203199327652,-80.0,-157.35624263722164,9.81143864,4.1892750915233155,14.0,4.0,5.0,180.0,0.0,0.0
955,233,1,712,True,-0.508198565,-64.0981965,119.842173,102,95,70,9,16,273.021685558012,-1.7431036464347307,68.48771476269464,10.20551823744777,104.43252019125555,-12.190035985281142,63,9,top_left,49.0,-12.75,290.5,73.82244362805397,16.117696461154917,7.96323950511192,-0.017849457807475277,0.025949327515797267,0.9995038915669399,0.30792484871054293,0.16008305124994773,0.9378463116359183,-0.22678845257891095,-0.22645829167955722,0.9472505687020937,1.3779285027621788,0.48325707580497906,1.4670037002518872,20.60337741424471,199.94136559759053,-80.0,3.0606464042031813,-69.28654047984764,-80.0,-199.94136559759053,6.76371366,2.4813155362662327,14.0,4.0,5.0,180.0,0.0,0.0
966,233,1,881,True,8.23644655,-70.4582944,93.7007071,140,134,71,26,37,270.06262192744174,-0.5598690811741418,58.24698612292467,-7.730556834326685,102.63210509540117,2.645535792927983,31,5,top_right,135.5,-74.25,290.5,57.11059556940597,-0.9268948554110532,6.897912714254124,0.02636098855243349,0.009222381751850195,0.9996099469079736,0.5152030579977684,-0.13766610987835967,0.8459396262267818,-0.22688771559383353,0.06315467640432336,0.9718711084093801,1.7861478316853567,0.7510444839210907,1.9513622013045253,30.916016409103147,173.7684860352748,-80.0,3.6557374788504227,-72.06085371465835,-79.99999999999999,-173.7684860352748,9.25560611,4.041982453291917,14.0,4.0,5.0,180.0,0.0,0.0
969,233,1,981,True,-2.32060071,-75.0273367,84.3896611,167,160,64,67,29,266.06708201370594,-1.5180714208374808,124.71589605000965,3.8794887862280887,76.28600185001147,-2.780425974553724,41,6,bottom_left,-135.5,-38.0,290.5,122.868759548908,8.580592171071691,5.050968846537266,-0.020852162500118395,0.01654805225470402,0.9996456118473408,-0.5717772898994044,0.05969174666444588,0.8182344567026252,0.2287415165604326,0.01389991999403439,0.9733879549418067,1.8843223164255454,1.866225921372181,1.770296572273689,33.81332630077935,164.44793950148855,-80.0,1.108494447294678,-77.74862979604904,-80.00000000000001,-164.44793950148855,6.71160457,3.1250739722054406,14.0,4.0,5.0,180.0,0.0,0.0
971,233,1,1052,True,0.572772286,-77.559533,49.7254563,96,89,21,29,39,261.2880302433941,-0.25646541727120997,114.66327999283779,9.39070465782938,79.91035549766013,-7.220828057070912,29,6,top_right,-110.5,-13.0,290.5,114.76455791957048,13.683809179550563,4.294298971062232,0.0031764687270505365,0.023762066856626855,0.99971259581198,-0.3933529055919499,0.19857538618312198,0.8976866422447171,0.15991362441710355,-0.13082640701530676,0.9784232642130147,1.0264117015210192,1.384350264577582,1.9003819721993789,25.72367788034865,129.76275065798808,-80.0,0.16058496659884441,-80.64296415663492,-80.0,-129.76275065798808,15.11731211,5.9869836306894735,14.0,4.0,5.0,180.0,0.0,0.0
978,233,1,1306,True,-9.10844945,-74.1182177,56.2432909,107,102,25,41,36,271.0439025941265,-2.6074673126661065,106.68005333387778,3.6112045512179285,81.31204207452429,-6.4694205638806,24,7,bottom_left,-74.0,-37.75,290.5,105.48328628256506,8.509200059133574,5.042084030504607,0.0023511225272559635,0.00269654297649502,0.9999936004189416,-0.30050345969099856,0.06281333858278083,0.9517101214181897,0.1736358742172354,-0.05082623085553016,0.983497472005819,0.9793420824639169,1.1599325283168302,1.691563586590356,17.979524147744435,136.2441628055636,-80.0,-9.42877617037929,-74.4856059403018,-80.0,-136.2441628055636,14.5830076,5.181054164866565,14.0,4.0,5.0,180.0,0.0,0.0
982,233,1,1378,True,-3.62882324,-83.4087712,87.7982713,95,90,46,26,18,267.3049508165566,1.3496525921844416,114.06078798479862,5.57753959873346,83.10578100628186,-4.774201364288953,48,6,bottom_right,-110.5,-38.0,290.5,117.79970783730901,11.208654676433058,6.759362298456274,-0.01444493842307036,-0.004738059900598947,0.9998844405941779,-0.4313149334574129,0.1333081788890781,0.8922983568391825,0.0932976387542916,-0.05553987745534748,0.9940879602002625,1.4342500856635247,1.1710278647954961,1.5085149873342076,26.130411384943862,167.8176642095625,-80.0,-1.2047074141893712,-82.6136410545965,-80.00000000000001,-167.8176642095625,7.34744825,2.9300003740461,14.0,4.0,5.0,180.0,0.0,0.0
992,233,1,1575,True,0.332257005,-74.2728994,61.4424345,86,79,28,19,32,274.3762933788119,-1.9446853229981669,74.02131642051236,4.0006637689739915,99.74263164659682,-7.875111751831598,59,9,top_right,74.0,-12.75,290.5,72.17156763917944,14.342828479832653,10.506281048048011,0.00936460599673366,0.021557169071485197,0.9997237581532957,0.3145908314559381,0.17654579007857174,0.9326651021504957,-0.13143708295101553,-0.1024163669742523,0.9860198684616468,1.0691137467933745,1.0190000539615904,1.6603141102999475,20.089150972412302,141.48151761570068,-80.0,-0.9926616632909697,-77.32284039573197,-80.0,-141.48151761570068,13.55817237,4.940911728124285,14.0,4.0,5.0,180.0,0.0,0.0
1007,233,1,1720,True,-1.22219746,-68.8920733,93.9469077,139,131,94,25,12,264.6352372189596,-0.5409496750427928,107.641200481144,-3.4037884901932087,90.92596403479546,-0.9573363017423775,46,2,top_right,-49.0,-74.25,290.5,103.66238719866944,-1.5173023970620862,4.40338334878683,-0.007450652472685248,0.011358745430432695,0.9999077290830279,-0.2818618702817214,-0.06430756629740207,0.9572974579503465,-0.04101384699238019,-0.004848438937992029,0.999146814534656,1.9086191897343698,0.9310324317696795,0.8236631344008154,16.54854987555897,173.96295942178503,-80.0,0.07394009377156596,-70.86807427039676,-80.0,-173.96295942178503,9.07732319,3.1753141685369886,14.0,4.0,5.0,180.0,0.0,0.0
1014,233,1,1789,True,3.85829561,-80.3647788,44.4732483,197,189,35,126,28,258.3624460381353,-1.6707275607826066,121.78607977352436,-1.8932260885638046,81.10830572423527,5.450908968556009,57,1,top_left,-135.5,-74.25,290.5,119.52875738330242,1.23887286282579,3.860770417247458,0.0292741336777016,0.050144919393209315,0.9983128328116737,-0.4519395638055087,-0.03373815324588004,0.8914103250932447,0.1667551085245541,0.06776460270254749,0.9836669621378621,1.7712300169235218,3.1184652532884622,1.7689716807581493,28.956866944143712,124.68361039638283,-80.0,0.20829093183782366,-86.61702839298093,-80.0,-124.68361039638283,16.25303054,6.82367256336185,14.0,4.0,5.0,180.0,0.0,0.0
1021,233,1,1909,True,4.74854631,-69.8220512,45.183835,114,108,19,40,49,271.13553663780647,-2.7816286295372534,65.92784499531884,5.153381860516954,102.49151395509675,-5.318096612274855,18,10,bottom_left,110.5,-38.0,290.5,66.67998177008003,6.793152761458672,1.8040394495474288,-0.0174453817980761,0.035890603315108294,0.9992034443733653,0.41595230798572297,0.09277738910670173,0.9046413839482991,-0.21061085868534227,-0.08042644014290758,0.9742559488808689,1.001484573736477,0.9124548524942566,1.7919691101736994,25.842698237466056,125.28363038070498,-80.0,6.9341670750404445,-74.31855627987053,-80.0,-125.28363038070498,15.27341747,6.060958384903428,14.0,4.0,5.0,180.0,0.0,0.0
1022,233,1,1918,True,5.29874754,-74.1111869,40.1030741,111,104,32,49,23,277.48487912867097,-0.2837702113610244,75.10637859841424,3.82811054579996,95.95041771124846,-5.260417500100208,54,9,bottom_right,74.0,-37.75,290.5,74.65734500118879,7.971794051788561,4.167942438330839,0.0011453883507574762,0.015923239324201817,0.9998725611471445,0.2405853177571335,0.06270409212464435,0.9686004861192892,-0.13884142365288737,-0.0928661719193783,0.9859507762515733,2.103624538857782,1.1849103803643601,1.6094660460586887,14.128418300925269,120.11838184878967,-80.0,5.161165344718558,-76.02386064141415,-80.0,-120.11838184878967,18.89900152,6.459558086321173,14.0,4.0,5.0,180.0,0.0,0.0
1024,233,1,1955,True,-3.58459635,-68.4226866,106.682403,165,157,104,40,13,270.1494359093833,-1.3205397156121894,111.62532417374031,3.025839581819414,83.59017503734454,-3.6397823733165517,24,7,bottom_left,-74.0,-37.75,290.5,110.96044525427105,8.856772961035022,5.86871775180962,-0.0028373395777189607,0.017738720443079004,0.9998386306305449,-0.3675870369820836,0.05468139251944469,0.9283801568080108,0.03542747225087443,-0.041493680309675256,0.9985104750097877,1.9784584486911345,1.0923815319673051,0.9680910861446523,21.527228466421,186.7125326836685,-80.0,-3.0548294913604823,-71.73472802049486,-80.0,-186.7125326836685,6.68076214,2.4815177942550646,14.0,4.0,5.0,180.0,0.0,0.0
1040,233,1,2183,True,-3.04256806,-68.2131138,32.1147123,135,124,22,54,48,267.72500440729107,-3.2001069936730246,117.32414335685971,-4.227450775698838,77.06718144357453,2.55119983380214,57,1,top_left,-135.5,-74.25,290.5,117.14128100603898,-1.191074281034011,3.041877850391226,-0.021428774018947213,0.03121696037562393,0.9992828973964037,-0.4588498459381884,-0.07879696490237675,0.8850129135807424,0.21751224834435812,0.04228868202729641,0.9751410611765748,1.6110353014338925,1.2378147602451106,1.8602113774458842,26.905884708973733,112.19516774690223,-80.0,-0.6383631643337568,-71.71550590589153,-80.0,-112.19516774690223,14.08277602,5.692269914549822,14.0,4.0,5.0,180.0,0.0,0.0
1043,233,1,2245,True,1.98522829,-78.747119,90.9153228,158,149,90,22,37,265.3580719729443,-0.5539167278436651,120.82411434402368,9.168488829230668,81.52611619673158,-7.113669656487454,48,6,bottom_right,-110.5,-38.0,290.5,119.40545627845795,10.085002378218833,1.6889605656952444,-0.00854205832353286,0.003698565092476901,0.9999566759894422,-0.4950461043884408,0.16192405619428332,0.8536450987122339,0.1739328959980511,-0.06972744476915715,0.9822858194719577,2.0265654564465483,0.7807632470813252,1.8529159171197205,30.858603860404706,170.9227278580663,-80.0,3.445260200180937,-79.37928783476677,-80.00000000000001,-170.9227278580663,8.61563411,3.757994751922899,14.0,4.0,5.0,180.0,0.0,0.0
1048,233,1,2384,True,-0.685981525,-72.2748084,30.6771647,171,161,21,92,48,271.52419325823826,-3.3805554632038337,70.20321038556878,-2.0714976334136086,99.74975216592053,1.6839506492345186,37,5,top_left,110.5,-74.25,290.5,66.83246589834454,-0.400435275329676,3.7622291002486357,-0.06045924299329236,0.0303659619910559,0.997708669045747,0.34202498625526284,-0.040877841473606735,0.9388013159628324,-0.15247296749851738,0.04216176184627863,0.9874079096402933,2.3499764252038773,1.6351100433287795,1.8891412478731557,23.83253858980942,110.93134512488156,-80.0,6.020843625477992,-75.64334540967886,-80.0,-110.93134512488156,18.26101355,7.0149274550939165,14.0,4.0,5.0,180.0,0.0,0.0
1050,233,1,2493,True,2.95095692,-74.29172,100.969612,157,147,101,23,23,270.7164493405803,-0.6149962330013992,74.13491526334495,3.717963576240526,98.6857624662636,-3.227615671904646,67,9,bottom_left,49.0,-37.75,290.5,76.34380470220268,10.611400464456379,7.238692194375462,-0.00334891807134541,0.008144472538981429,0.9999612254056721,0.2530208619838597,0.08049482111299812,0.9641063360309023,-0.23276802222492649,0.010169819513754064,0.9724791116525608,1.8408271393555435,0.7757207715653527,1.5596344284282866,15.44701033051828,180.97662929538373,-80.0,3.5570328243384894,-75.76567918749367,-79.99999999999999,-180.97662929538373,9.31047415,3.2211642210913665,14.0,4.0,5.0,180.0,0.0,0.0
1056,233,1,2554,True,-4.18403386,-73.2139391,138.895422,118,109,73,21,15,268.89472351087073,0.10687992680193023,108.27088103269904,-2.0110915568277408,67.37425545035875,0.4165065475880504,46,2,top_right,-49.0,-74.25,290.5,106.46825382427198,-0.37548928923217123,2.434062371905306,0.0004499923296444259,8.538658136725275e-05,0.999999895108012,-0.3091863552236805,-0.03590406889387143,0.9503234689201148,0.40650629730122584,0.02103304414681229,0.9134058469860842,1.1260523769752513,1.0193372791813944,1.5707753849796167,18.16159908147918,218.89544496037837,-80.0,-4.2825351312262745,-73.23262983372203,-80.0,-218.89544496037837,5.35279801,1.9056910414737713,14.0,4.0,5.0,180.0,0.0,0.0
1057,233,1,2558,True,3.7376272,-71.4413905,103.514721,136,124,68,25,31,270.4514331504928,-0.5968103320183543,59.507096865872775,8.201616629454238,103.63930542142042,-11.19354791554856,18,10,bottom_left,110.5,-38.0,290.5,60.27507073794016,8.828181926216923,0.9911447620229279,-0.03261828381353128,-0.005206780409722889,0.9994543196158716,0.5036276123383855,0.14023025076786447,0.8524639023794022,-0.2271408168877428,-0.1915235641614145,0.9548433241503432,1.724703086275777,0.5326813438305663,2.062776209629733,33.40070257898416,183.6149160579262,-80.0,9.726830644375159,-70.48534795213668,-80.00000000000001,-183.6149160579262,7.828884,3.6105775667390154,14.0,4.0,5.0,180.0,0.0,0.0
1059,233,1,2578,True,5.41123811,-64.3131752,92.9214252,105,98,46,22,30,269.0830290476906,-2.2545294210896363,56.631245229546955,-9.106518988381158,101.23836175857417,4.13428367609422,31,5,top_right,135.5,-74.25,290.5,56.638480295894624,-2.4053301911042313,6.701192703014504,0.00014685956901337038,0.03511921087646065,0.99938311945904,0.5493946968534487,-0.16481155275152995,0.8191474953565671,-0.18087996476929621,0.07975349507607798,0.9802661977076472,0.9120747254811548,0.4479954392041259,2.085302780130672,35.6163304366507,173.02816290673522,-80.0,5.385827268568342,-70.38978774068822,-79.99999999999999,-173.02816290673522,7.71443698,3.75212476625281,14.0,4.0,5.0,180.0,0.0,0.0
1064,233,1,2632,True,0.759928156,-66.472674,45.6607449,80,75,19,21,35,273.3123561418595,-2.0926367953871856,105.04320763993496,-5.798321046354779,79.62140355591477,4.8908001618588575,27,2,top_left,-74.0,-74.25,290.5,106.97967879239165,-1.740130042874029,4.496535860529641,0.036488103780108146,0.040414295247583006,0.9985165512009169,-0.2846691116007266,-0.13085710643458132,0.949652523082007,0.1784224085186144,0.07501706226391425,0.9810901510603951,0.9711819969321772,0.7521504282181497,1.6091018926607688,21.161239169171893,125.8474331235348,-80.0,-3.8320060442717576,-71.558709318405,-80.0,-125.8474331235348,16.17944034,5.979801147972334,14.0,4.0,5.0,180.0,0.0,0.0
1069,233,1,2739,True,0.800157698,-72.4763488,92.5830563,167,163,86,75,2,275.8446994439695,-2.077510367165178,75.49411038791959,1.659911775320238,11.742218396442132,-1.8678043709252505,54,9,bottom_right,74.0,-37.75,290.5,69.70301975065925,9.345089682392446,9.622821323931726,0.011220654090478236,0.03188519605230111,0.9994285523210192,0.36120697321919926,0.05581717723631252,0.9308136039096093,0.2619184742916596,-0.0021607875593741403,-0.9650875834979189,2.112267186724862,3.7144586878761916,2.306602000029317e-15,20.591061674143134,172.6817348765976,-80.0,-1.1374443167939732,-77.98233977119179,-80.00000000000001,-172.6817348765976,8.55207016,3.1368797415654357,14.0,4.0,5.0,180.0,0.0,0.0
1100,233,2,291,True,5.20011655,-70.7275663,43.5297868,118,112,18,48,46,269.4996329147494,-1.8268178526360126,67.74074469315099,4.5659025561773126,100.32773465908349,-5.0246732045327525,18,10,bottom_left,110.5,-38.0,290.5,66.90821293142048,6.9499949953521085,2.5252734293182058,0.0040775958493934,0.017085554102686754,0.9998457166248667,0.3853577541318419,0.08222370973889136,0.9190966559003669,-0.18349935353723063,-0.07095968592827841,0.9804553586086306,0.9077197841735263,0.9490727377906495,1.7321155757839444,22.789962487105527,123.5488483333147,-80.0,4.696334278838741,-72.8384668325235,-80.0,-123.5488483333147,15.0231753,5.681321317204715,14.0,4.0,5.0,180.0,0.0,0.0
1110,233,2,445,True,-2.572245,-81.2908813,36.4271262,118,113,26,56,31,279.04265807912105,-3.420882161925039,66.63576946829724,4.46170893348142,99.30994245615591,-6.736597637628816,18,10,bottom_left,110.5,-38.0,290.5,66.00908828047238,8.848096981562344,4.430928731036052,-0.06905685200328421,0.023601664819592916,0.9973335011966359,0.40235272129193905,0.08032513466284473,0.9119540341543355,-0.13897489612772648,-0.10284093016571229,0.9849414811697895,1.8173701839073118,0.9569421695003957,1.7777974834264667,27.916247279671378,116.73840902797974,-80.0,5.489342035344054,-84.04610210145091,-80.0,-116.73840902797974,13.96885615,5.750446455823067,14.0,4.0,5.0,180.0,0.0,0.0
1118,233,2,627,True,5.55456371,-74.8668153,39.4657974,85,77,33,16,28,259.0629107184841,2.2308461671837634,110.77204221876819,9.167027585671674,85.68951873492445,-8.275965371350468,17,7,top_left,-74.0,-12.75,290.5,107.58378704650815,13.272438690549807,5.198016100734933,-0.03758164960405487,0.007724374794077726,0.9992637057589346,-0.30476315609663196,0.21887578361347287,0.9269373279966711,0.10719359323837786,-0.170760833136414,0.9794642777739283,2.132474450597448,0.8513071265489721,1.747246012309219,20.04912828259963,119.55382419225009,-80.0,10.047593639617922,-75.79029384612622,-80.0,-119.55382419225009,16.14591515,5.880942694301131,14.0,4.0,5.0,180.0,0.0,0.0
1132,233,2,892,True,-5.40201893,-69.3993541,98.7571024,157,148,99,33,16,273.65916358513766,-0.7118562050798353,57.6832098855664,-6.10323657371219,99.2115715234412,6.386107645490982,31,5,top_right,135.5,-74.25,290.5,53.68974230491794,-1.1678364909395826,6.348697291155257,-0.008277994627178018,0.031018043376713877,0.9994845450481128,0.532276566457383,-0.10281673374072776,0.8403037403601317,-0.15640145484824086,0.09499211251610626,0.9831149899584896,2.0293030886982257,0.6050042474897559,1.7634740757702834,33.66682495938015,178.84929115276623,-80.0,-3.9215054587628035,-74.94690917087102,-80.00000000000001,-178.84929115276623,6.22839905,2.890193720848982,14.0,4.0,5.0,180.0,0.0,0.0
1149,233,2,1119,True,-6.47666777,-69.526436,89.1810671,98,88,57,19,12,269.4991364877794,-2.1321122950908302,115.06165959987321,8.350755661390686,80.05904920123537,-9.513167120059261,48,6,bottom_right,-110.5,-38.0,290.5,117.32581196271475,7.920412321524259,2.3046868143694343,-0.03693233345789919,0.0015568804707931652,0.9993165558863489,-0.41064475345841506,0.15820823374734985,0.8979649443222277,0.232359543422957,-0.1607204091040152,0.9592590852724372,1.7408133645953314,0.5274742183420322,1.6228620361407045,24.109899077706096,169.29677198227142,-80.0,-0.22414293380482686,-69.79001083806753,-80.0,-169.29677198227142,8.15828693,3.1475077890507888,14.0,4.0,5.0,180.0,0.0,0.0
1151,233,2,1147,True,-1.79398053,-72.5958195,117.430405,205,197,115,50,32,273.1693201008819,-0.154488903019994,54.659155231224595,-3.6103395537705865,101.63539027593514,-0.21202848051795906,31,5,top_right,135.5,-74.25,290.5,51.5754648068358,-0.42901787829863053,4.430570418839413,0.0024412688704939785,0.004278340023647353,0.9999878679328785,0.5596173759110772,-0.06736692269713719,0.8260085291961083,-0.17749533798270606,0.02073512369215647,0.9839031759476519,1.9426314407769887,1.1344760028060057,1.9043556827803008,34.200418785282075,197.43280026798485,-80.0,-2.275967079308687,-73.44050415136729,-80.00000000000001,-197.43280026798485,6.46202951,3.0364217134290246,14.0,4.0,5.0,180.0,0.0,0.0
1152,233,2,1163,True,-6.78958082,-67.9167966,45.3359764,110,106,20,53,33,261.1328613582832,-2.936473679421229,116.37238218543791,2.3974775848511194,79.94578482999971,-1.3771920073060877,41,6,bottom_left,-135.5,-38.0,290.5,117.69934580674682,6.166497722354872,3.9957909416267072,0.025513464773430698,0.029230906612921714,0.9992470251213369,-0.4421105733624522,0.0560727496035225,0.8952061704842212,0.2222357824380836,-0.03129371453438347,0.9744906158782513,0.8747025238562247,1.7349556364254772,1.3778835731290702,27.76184162828749,125.43042235705495,-80.0,-9.989745482323256,-71.5832415623384,-80.0,-125.43042235705495,14.29686481,5.868746521947675,14.0,4.0,5.0,180.0,0.0,0.0
1153,233,2,1169,True,-0.720135294,-80.5698174,113.591994,125,116,68,18,30,269.27189086745875,1.6793202499261055,70.5711534257878,5.373674696132766,98.8051743611666,-3.4504478786384682,54,9,bottom_right,74.0,-37.75,290.5,67.10239994006801,12.56978709037634,7.988509519007858,-0.012644742413499962,-0.009132410429327107,0.999878347384844,0.34894141297580233,0.11096894039146821,0.9305513336613116,-0.20129588609006624,-0.08269347236612158,0.976033685828132,1.6796768919412286,0.7002299192301171,1.807323904516367,22.329768868258135,193.6155478377293,-80.0,1.728083435656767,-78.80164075164684,-80.0,-193.6155478377293,7.51024383,2.8212616610761674,14.0,4.0,5.0,180.0,0.0,0.0
1156,233,2,1215,True,3.9110725,-69.119593,58.1070413,103,97,26,23,48,272.61801038232255,-2.346785852399644,68.15553839990692,8.816730648572506,100.31468323588375,-8.236540263093906,12,10,top_left,110.5,-13.0,290.5,65.36105669875845,12.38004694650431,4.52839386727348,-0.026582163350380883,0.029291579131921923,0.9992173897523862,0.38274185530712446,0.2304570453490933,0.894649776418139,-0.17450680454165826,-0.14524533753057778,0.9738845758580881,0.8979869559091044,1.0361738226288064,2.0029958990417343,27.06058682574446,138.21520993967488,-80.0,7.5851317881236255,-73.16813475918319,-80.0,-138.21520993967488,14.41031282,5.840697576020866,14.0,4.0,5.0,180.0,0.0,0.0
1173,233,2,1498,True,7.75207402,-68.549319,104.338183,104,98,50,22,26,268.976010509049,-1.6874629478567655,55.453752848839144,9.68122663254198,99.0669772400092,-3.7260680135633892,5,10,top_right,135.5,-13.0,290.5,55.541314540925114,13.822230874352313,4.141929886008709,0.03917872860467498,0.008095760407803465,0.9991994224819892,0.5748442063791283,0.1765326508169696,0.7989933426430312,-0.16905939512690177,-0.04542224728065125,0.9845586525805873,1.5493493886593483,0.70550488513574,1.56226258753738,34.683845352165235,184.48587824651466,-80.0,0.5241518647846908,-70.04287246890698,-80.00000000000001,-184.48587824651466,7.31452339,3.477003745859642,14.0,4.0,5.0,180.0,0.0,0.0
1183,233,2,1610,True,8.2183091,-76.140857,73.5467313,137,132,60,38,34,268.95821155567137,-0.6514441314221578,64.88094320625703,5.233621791756888,100.37502474818457,-4.207756245475808,18,10,bottom_left,110.5,-38.0,290.5,64.7586666572118,9.035326086229622,3.8036702140247174,0.026766350750833588,0.005481619918405567,0.9996266874741558,0.435069880790505,0.10026976237547236,0.8947961631467259,-0.17786986905438568,-0.06690616379578465,0.9817768967177357,2.0841908809961165,0.9467127929795011,1.5622027546295598,24.95261422902667,153.6040736247048,-80.0,4.106888588604286,-76.98285614952941,-80.0,-153.6040736247048,11.59226303,4.532801163192192,14.0,4.0,5.0,180.0,0.0,0.0
1207,233,2,1905,True,0.309723256,-74.9706471,105.533591,124,120,96,15,9,274.4441207811221,0.10234946094279096,79.0217004703437,5.77316365411808,99.88982624906376,-0.4828907024429225,63,9,top_left,49.0,-12.75,290.5,75.25211898252967,18.020053386408485,12.813900760820275,-0.008147720728189435,0.015468861931411722,0.9998471527976076,0.23275848809380165,0.20850628913398983,0.9499203196120508,-0.09709435783174561,-0.029826248087488693,0.9948281663695819,1.8468400806371092,1.7174102056493774,0.4994045813226716,17.991188107838532,185.56195362548212,-80.0,1.8216302319176674,-77.8410793403556,-80.0,-185.56195362548212,6.69339713,2.3783459512173373,14.0,4.0,5.0,180.0,0.0,0.0
1213,233,2,1993,True,-1.16801188,-76.5638415,19.872296,117,110,4,67,39,269.68225488236504,-8.542438296907989,67.65570093708567,3.5919681143780395,98.06559783949349,-3.961517496142778,18,10,bottom_left,110.5,-38.0,290.5,67.57768603761073,7.504059646222264,3.9128693407865507,-0.0009357289288659532,0.05375439873927648,0.9985537486923529,0.37000447700657974,0.05665887813826531,0.9273006300672942,-0.1835128462149528,-0.05010651676956479,0.98173946251096,0.725579726517095,1.2141729080943189,1.6131426802812612,21.773272845268984,100.01694563841643,-80.0,-1.0744231305893202,-81.94019227653197,-80.0,-100.01694563841643,17.87124047,6.660804236312108,14.0,4.0,5.0,180.0,0.0,0.0
1228,233,2,2223,True,4.39507569,-62.4181246,96.6701651,165,155,96,15,44,268.27584067963505,-4.066698917926806,105.73258186241547,-9.82887929404741,87.38672427869282,0.17445644269281727,33,2,bottom_left,-74.0,-99.25,290.5,112.02102227953338,-9.990661240296804,6.2905211451655045,-0.0003688796561555352,0.03298340668173971,0.9994558313459712,-0.2906959518715072,-0.24369701978809935,0.9252608422017637,0.08851119528172947,0.17011996459515052,0.9814402508334088,2.098449087546989,1.8237933810802123,1.9721383536632293,23.533522494602916,176.76635580991868,-80.0,4.4602812025510294,-68.24848120132765,-80.00000000000001,-176.76635580991868,7.078036,2.7065921506716393,14.0,4.0,5.0,180.0,0.0,0.0
1232,233,2,2318,True,-3.54938474,-65.3206243,110.655622,166,156,70,57,29,271.1509292494125,-0.2605341977399241,119.1720720977964,2.3666875627554047,77.28320576348898,-1.1401969674966979,48,6,bottom_right,-110.5,-38.0,290.5,120.73928179523737,7.438979251145316,5.308887756193608,-0.029070087345531292,0.016014338540071175,0.9994490837370592,-0.5029638700902975,0.03874491194591412,0.8634385775387233,0.22649543440475894,-0.010516391154146263,0.9739554526316347,1.5007170603560396,1.688032398624696,1.7420314694442751,28.57346518844717,190.76071518032305,-80.0,1.9960459123880083,-68.3755309730438,-80.0,-190.76071518032305,6.9425323,2.89341679910125,14.0,4.0,5.0,180.0,0.0,0.0
1248,233,2,2697,True,-1.890034,-70.5736698,23.3749695,126,119,14,61,44,257.14835953003444,-5.1445613429004595,116.64880420353357,3.0021283223944235,77.56505106733978,0.06246921352318311,41,6,bottom_left,-135.5,-38.0,290.5,116.57319278634198,6.224089495847532,3.2228482573104578,-0.20842403717113303,0.04353433626391179,0.9770691798922669,-0.4469523130107842,0.04818658746754466,0.8932590232863828,0.23480952778336517,0.023753790228586917,0.9717511220018886,1.773367011335313,1.3328332835754426,1.8502602342052876,14.527069935410703,105.801074916106,-80.0,20.16145317106031,-75.17964937248108,-80.0,-105.801074916106,16.60068773,5.694211693942108,14.0,4.0,5.0,180.0,0.0,0.0
1262,233,2,2965,True,-0.690582268,-82.8852014,48.6757252,78,69,20,15,34,266.0294316354822,0.188905081975587,114.74618571854343,15.006820856908607,79.45259616802174,-7.461657373056171,29,6,top_right,-110.5,-13.0,290.5,114.42221245891356,14.742265866970781,0.41826787547719263,-0.024796795045381237,0.02098046342076843,0.9994723303374272,-0.473243047624491,-0.29240172217308946,0.8309887187834112,0.2096819138716702,-0.11692678895999832,0.9707531205299407,0.8050133531432992,50.764133565863524,1.6761654571919948,33.26418166561857,128.74365932327348,-80.0,2.5018478656315977,-85.58630303508781,-79.99999999999999,-128.74365932327348,12.29336894,5.651797210689847,14.0,4.0,5.0,180.0,0.0,0.0
1265,233,2,2975,True,-3.99951555,-75.1425579,25.7399456,84,76,8,40,28,285.7212827821569,-4.7114326473089365,71.18003663457645,3.6823300523819156,99.15321344836899,-3.142939078070423,54,9,bottom_right,74.0,-37.75,290.5,73.5847869310747,7.7151809376606995,4.695392449135886,-0.054506179025705245,0.041538609981440766,0.9976490466736424,0.3093162495025631,0.056384688132381386,0.9492861658835454,-0.11113750274065431,-0.04367003685098326,0.9928450953527468,0.8125963097323157,1.3540608615153347,1.722379239042913,21.166205695838435,105.98912107675311,-80.0,1.777546458186654,-79.54519866268295,-80.0,-105.98912107675311,18.22306504,6.735561737910087,14.0,4.0,5.0,180.0,0.0,0.0
1308,233,3,559,True,0.0838343719,-76.4146388,44.2067994,99,89,37,22,30,270.4491074822989,-2.4718346180511537,103.51471302833717,3.677491812589494,81.03833058452332,0.31693460038541843,4,7,bottom_right,-49.0,-37.75,290.5,101.2708257178708,8.75245770103315,5.548901605808005,0.006438342590309956,0.05542093970987996,0.9984423204103299,-0.21389370272847566,0.06805338196930721,0.9744835663753607,0.13928715033612907,0.026923406987886526,0.9898859630823165,2.0495428886706084,0.9710488198033076,1.5030089734407122,12.745384790180303,124.40057563761393,-80.0,-0.7170991524867248,-83.30903560228657,-80.0,-124.40057563761393,15.11465437,5.106845655559543,14.0,4.0,5.0,180.0,0.0,0.0
1309,233,3,565,True,5.75515428,-85.2505641,106.723616,120,112,75,27,10,268.2690551914419,0.4692711555932262,63.89248130969922,11.195716385646646,103.3929406207857,-18.54487402630804,18,10,bottom_left,110.5,-38.0,290.5,60.318670170335686,12.59170539320819,3.8367839878043113,0.0005922227304599598,-0.01630970836847212,0.9998668124731278,0.43983429531342544,0.18091147926738035,0.8796685906268512,-0.22873916316658827,-0.22615973823784274,0.9468527699880481,1.7839631679860515,0.1828687623397581,1.0371552227354432,28.73396934429341,186.74848856933966,-80.0,5.644557580190195,-82.20475071318113,-79.99999999999999,-186.74848856933966,6.5359666,2.732325907308639,14.0,4.0,5.0,180.0,0.0,0.0
1310,233,3,568,True,-0.842518681,-76.9027141,31.5344773,94,84,22,25,37,274.08785878899903,-0.5965514698467778,79.82552267497037,3.039370626459235,96.32642941932261,-3.0083269927390406,67,9,bottom_left,49.0,-37.75,290.5,79.10562809699242,8.444680519120501,5.453037982547325,-0.04729381067352924,0.014206263210960416,0.9987799945721567,0.14092503238435156,0.06395860605553018,0.9879521405204318,-0.07493254844374155,-0.050980427829635314,0.9958845862659155,1.918496802380308,1.230927334050934,1.62045296989128,11.1895500879134,111.67071617987058,-80.0,4.438815027788218,-78.4891376870077,-80.0,-111.67071617987058,18.47760136,6.171637524482729,14.0,4.0,5.0,180.0,0.0,0.0
1335,233,3,1016,True,2.6557757,-75.4260061,85.2164653,103,93,41,33,19,268.43124830559873,-1.3294982346502864,121.37288057494001,-5.8265979875888565,73.0487179088973,6.015952386836343,57,1,top_left,-135.5,-74.25,290.5,123.9405454018271,0.27230315054511717,6.6173633537810925,0.0016118013366164495,0.017429192123163073,0.9998468009442174,-0.5268735671164707,-0.11143292496178436,0.8426072320532428,0.19134041549915112,0.09789531944748883,0.9766295878309679,0.9869640925358173,1.2126402034838835,1.327956418226784,32.89294466386708,165.2417801847001,-80.0,2.3894387778334187,-78.30603683361261,-79.99999999999999,-165.2417801847001,9.41734273,4.293171721350627,14.0,4.0,5.0,180.0,0.0,0.0
1338,233,3,1065,True,-5.64663842,-70.805937,34.4222373,100,95,13,39,43,268.33621064792345,-1.9681955981870851,107.51797945350232,5.33097715164473,80.85005572228022,-4.566924032107705,24,7,bottom_left,-74.0,-37.75,290.5,104.94519425672186,7.1091611459948405,3.127484929865462,-0.04964159442445969,0.02486487840471297,0.9984575353638814,-0.3004496107905498,0.08977996918236673,0.9495628407374735,0.15459713942457468,-0.0697716037517723,0.9855108562525551,1.0332683491226013,0.5824138772624895,1.9470197837289205,15.149910297891566,114.59900220824069,-80.0,0.042238769069244064,-73.65542725520933,-80.0,-114.59900220824069,17.74876327,6.123181719558802,14.0,4.0,5.0,180.0,0.0,0.0
1362,233,3,1478,True,-0.206538328,-73.2140253,34.8214198,78,75,12,23,40,263.7440575614901,-4.1439712195297504,66.71498651904125,8.975459592846676,99.82010718912942,-6.844334033860202,12,10,top_left,110.5,-13.0,290.5,66.58781997684491,12.195065158125889,3.222115970202043,0.028421056434858892,-0.0013057725296179432,0.9995951873179599,0.39075971257775977,0.15517894571395854,0.9073182142078109,-0.18004104052639283,-0.11403372456734262,0.9770268846799833,0.9145556340030665,0.36865866798900004,1.59891785845451,23.38564548846191,114.86791979069083,-80.0,-3.471205958926069,-73.06403392580296,-80.0,-114.86791979069083,15.71249329,5.994904690862335,14.0,4.0,5.0,180.0,0.0,0.0
1363,233,3,1488,True,-1.91001403,-68.7944891,106.577149,123,116,77,16,23,270.5869862712692,-0.550811370290598,106.01966306549865,4.730767954294538,75.91824264350997,-0.9390658162402843,4,7,bottom_right,-49.0,-37.75,290.5,104.36101354529438,9.286618336890424,4.848390551458588,-0.03542699276518463,0.022534934942514243,0.9991181636276824,-0.3210165013813047,0.10132526550765408,0.9416377203631502,0.2634733155007776,0.008391159567692541,0.9646301884453634,1.593091293496075,0.8741517181032109,1.5751183495972316,17.35721699591243,186.74182473328278,-80.0,4.705687243783385,-73.00270397141094,-80.00000000000001,-186.74182473328278,8.22403277,2.9016885090342233,14.0,4.0,5.0,180.0,0.0,0.0
1374,233,3,1809,True,-3.52013867,-68.5501685,111.338497,114,105,69,14,22,267.95538993066833,-1.8003413298028157,113.41281047055791,-10.209738646637804,80.97250126794079,5.433845913394311,33,2,bottom_left,-74.0,-99.25,290.5,111.47404644257952,-9.060001854474551,2.2540409595739055,-0.020396358452673555,0.028242652982121808,0.9993929863243997,-0.41094240929486164,-0.2196465074894488,0.8848060510590001,0.22490279644279726,0.11615085348721557,0.9674335694952916,1.3616218212191327,1.1479372249998072,1.5919551361883255,27.56984509610241,191.45471262882384,-80.0,0.3848402762310972,-73.95735751056772,-80.00000000000001,-191.45471262882384,6.21848232,2.543683356813293,14.0,4.0,5.0,180.0,0.0,0.0
1376,233,3,1857,True,2.21198012,-70.4095951,88.1015822,164,155,77,60,18,264.87008121369047,-1.866771454320122,122.17983906030072,3.9920898263461457,79.54341214778127,-4.726705371310194,41,6,bottom_left,-135.5,-38.0,290.5,124.23138963168658,7.541486208220098,4.099643206745381,-0.017358860829231125,0.005837361933879515,0.9998322835137724,-0.5319071889068636,0.06509970872291436,0.8442966127572643,0.1987872092043089,-0.05530056291173256,0.9784812176012414,1.9001734418438936,1.3089874917503899,1.5511632885747866,31.376070282848314,168.12978033598816,-80.0,5.130521578101618,-71.39102947968483,-80.0,-168.12978033598816,9.5356197,4.204877275490765,14.0,4.0,5.0,180.0,0.0,0.0
1383,233,3,1916,True,-2.34965801,-77.4526427,104.576685,89,84,53,5,26,270.19401549468336,-0.21886371390973655,110.9092046630263,14.057055313718115,83.35859924284867,-9.159102512189527,17,7,top_left,-74.0,-12.75,290.5,111.07545429050855,17.990072162000764,3.936528987256816,0.0008013893518539644,0.011380770521070227,0.9999349158007503,-0.3515795214089058,0.24622329787235808,0.9031976127685152,0.18677660350046288,-0.18227646724020022,0.9653443892597413,1.0587058644283591,0.19803697055836808,1.796946540218131,25.08777509506928,184.58869880765243,-80.0,-2.4975854276970315,-79.55340432191284,-80.0,-184.58869880765243,7.09080864,2.778756892010331,14.0,4.0,5.0,180.0,0.0,0.0
1387,233,3,1995,True,0.654333982,-70.8676822,120.882668,162,155,93,37,25,270.0688444945966,-1.225108233610146,62.119251419252585,-4.1080581809418435,104.26499222563538,-1.08343897457413,37,5,top_left,110.5,-74.25,290.5,57.072553577584635,-0.9589021944597588,5.948642074649634,-0.0013772598000722101,0.012638260972813505,0.9999191854920209,0.48793566841972746,-0.07470616951145359,0.8696768202733243,-0.2588590883529516,-0.007972059609454242,0.9658821970834032,1.8568346520375214,0.8108568552985798,1.6301606801904895,29.77405955071163,200.8989035460436,-80.0,0.9310239657325503,-73.40669497216699,-80.0,-200.8989035460436,6.51993761,2.7816219628826544,14.0,4.0,5.0,180.0,0.0,0.0
1390,233,3,2024,True,-5.43542616,-65.846163,93.5143061,78,72,37,15,20,271.1671831546889,-1.787645324686594,65.69817538666116,9.99602717043857,95.19423788816479,-9.412350808900028,59,9,top_right,74.0,-12.75,290.5,68.03800721930158,14.03533047969859,4.668060007030367,-0.06467266901697892,0.011078754219789435,0.9978450315991746,0.4078210825719518,0.16949043153409796,0.8971928210971299,-0.14206993176913774,-0.1388880785977117,0.9800644040625843,1.1939801280422997,0.507503201549401,1.4373412121648057,29.452659351519088,173.88903146806382,-80.0,5.810441617817124,-67.77263684115191,-80.0,-173.88903146806382,9.00479235,3.8173236324129003,14.0,4.0,5.0,180.0,0.0,0.0
1403,233,3,2329,True,3.9628158,-77.3510387,69.2838415,110,101,33,48,20,264.35746131401174,-2.2443683197449684,109.30291088210288,-1.4042441454456185,78.26560736588218,3.1876532083521556,27,2,top_left,-74.0,-74.25,290.5,109.4138956446357,0.7574688687204536,2.16456018006648,0.021520323160407504,0.03257915636297092,0.9992374463868681,-0.3255679944461242,-0.029335325973332882,0.9450634474162922,0.20275303294614225,0.05564152241088284,0.9776478039738747,0.9042876570104065,1.5055456792580564,1.7364568829137865,20.54763014326517,149.39776530572772,-80.0,0.7477276111780231,-82.21829185617374,-80.0,-149.39776530572772,12.75789595,4.676905468671751,14.0,4.0,5.0,180.0,0.0,0.0
1404,233,3,2330,True,3.51776268,-72.8719284,19.3308115,197,192,4,130,58,276.92551323935186,-6.825807992374561,64.62113758137065,-2.1383677814086592,98.94880770746443,-0.4028896784677498,31,5,top_right,135.5,-74.25,290.5,64.04709678513164,-0.2618093610157001,1.9623950521988245,0.2925527017962139,0.031547521522476425,0.9557288687475777,0.4248262122279116,-0.04290653791811173,0.9042575509267076,-0.1828152047179738,0.009074172810758062,0.9831054166831377,1.0513676507286953,2.19194680178339,1.7777796328384272,9.193101644365255,103.93199865372567,-80.0,-26.88782432922791,-76.1507253644024,-80.0,-103.93199865372567,18.22061331,6.010025625483361,14.0,4.0,5.0,180.0,0.0,0.0
1415,233,3,2520,True,-0.197494999,-73.8120651,56.9200736,107,102,25,30,47,265.6707228828058,0.28681406612905397,116.66844264189659,6.261964201622446,83.06003788677518,-5.351169983166155,41,6,bottom_left,-135.5,-38.0,290.5,120.08181252628226,7.557179606199167,3.6508460542570003,-0.0001538049009905396,0.010043741090634441,0.9999495485318031,-0.46652800430899855,0.13362774242578482,0.8743541889015293,0.1848542505935062,-0.08625719576288461,0.9789732387642864,0.9053212754148684,0.7420961260858069,1.5931542281248166,28.86922863107547,136.92698176726591,-80.0,-0.17643495812635224,-75.18732425319244,-80.0,-136.92698176726591,12.09891484,5.0710330404984525,14.0,4.0,5.0,180.0,0.0,0.0
1446,233,3,2935,True,2.43403866,-73.6454564,37.206924,99,90,29,15,46,274.93643115436913,-1.9228603882944508,66.34398289151801,8.44584921223611,99.78291883684258,-6.061738562569865,12,10,top_left,110.5,-13.0,290.5,66.89477371504645,12.419575473744525,4.011716706434389,0.035501655381363934,0.03407229390191924,0.9987886219082815,0.3507976864064399,0.19638737597445488,0.9156270975510485,-0.23689252243313708,-0.09507781242532506,0.9668723506232249,2.115451522702799,1.0514229591757576,1.8070518075769502,20.986763183206683,117.34907810229647,-80.0,-1.7320478701084903,-77.64380867822072,-80.0,-117.34907810229647,14.63091822,5.3948029139469975,14.0,4.0,5.0,180.0,0.0,0.0
1450,233,3,3024,True,2.59798145,-67.2015356,24.1598127,80,74,7,30,37,262.5636454980321,-5.232580408919586,103.64784268751144,3.2499782439141978,80.76471160940662,-4.942459883408532,4,7,bottom_right,-49.0,-37.75,290.5,100.96407086215328,6.195778044464655,3.9850179015293525,-0.08926339658480188,0.02691494883097966,0.995644329848551,-0.24443436366351762,0.08460933740584442,0.9659674434908019,0.10468499504141769,-0.08263840995560658,0.991066064908484,0.9022513160542573,1.1501192644865947,1.6771251154621802,9.647888468668908,104.61548323771794,-80.0,11.936314819159112,-70.0172559782714,-80.0,-104.61548323771794,18.22954036,6.028828913261461,14.0,4.0,5.0,180.0,0.0,0.0
1454,233,3,3069,True,3.63778502,-71.8690351,111.806447,191,180,113,46,21,269.7558748558318,-0.7205243130488085,67.99572479984313,3.5223101571392648,103.12403715262582,-3.1076538481633937,54,9,bottom_right,74.0,-37.75,290.5,68.50750790275991,10.074022653204882,6.571670911992892,0.003545501797363534,0.013464807892797248,0.9999030594839756,0.40020888085799533,0.06479604148242045,0.9141303652601195,-0.25020869854042943,-0.05722186503142869,0.9664994906036057,1.8512054386978865,1.2085880533816715,1.3033279615391145,23.604231971479212,191.82504261861783,-80.0,2.957668986616354,-74.45192244788734,-79.99999999999999,-191.82504261861783,5.82968468,2.231632822908882,14.0,4.0,5.0,180.0,0.0,0.0
1467,233,4,114,True,-2.72186389,-80.95867,67.3125983,135,131,32,54,45,263.4298040990087,-0.6694538488319338,121.71388987739415,4.22741501677773,85.38343433159959,-4.980733496766528,41,6,bottom_left,-135.5,-38.0,290.5,120.74916296777148,9.392714332042969,5.254618447273756,-0.0016912429031331216,0.0051787537583816165,0.9999851599933635,-0.520695284684475,0.08946251139616979,0.8490423308422519,0.22416250718995567,-0.06527402387581373,0.9723633437030486,0.9168059096674886,1.1306813698130218,1.9116015439729261,31.747666278966253,147.31478445237892,-80.0,-2.4727188062683285,-81.72157699364793,-79.99999999999999,-147.31478445237892,9.7305399,4.325156427342728,14.0,4.0,5.0,180.0,0.0,0.0
1473,233,4,188,True,1.97707721,-67.2572586,57.0567636,132,121,51,37,33,274.2718716732947,-0.1822085675741501,62.79559982169628,-6.316740466421303,98.6170799337134,4.205992434463752,31,5,top_right,135.5,-74.25,290.5,60.23166563958922,-1.489466320718398,5.46592482274946,-0.0015938472791883211,0.02741091015915865,0.9996229797554163,0.4566114144493105,-0.12679296499715823,0.8805847830969086,-0.28471898359728814,0.07912761038440598,0.9553396891442231,1.9654977629565584,0.6066524706108011,1.7204861836007501,28.83057138435256,137.10845626371506,-80.0,2.195607149969633,-71.01552617670562,-80.00000000000001,-137.10845626371506,13.26316277,5.554874865654583,14.0,4.0,5.0,180.0,0.0,0.0
1483,233,4,337,True,1.98849114,-66.305511,124.081538,107,101,64,16,21,269.6321239385136,-1.550686533459524,60.19691557015001,9.80157654660256,96.63628710628919,-6.748878661071579,18,10,bottom_left,110.5,-38.0,290.5,56.89403783821325,8.10863628752729,3.7114751828513635,-0.004137948694784972,0.0206674328233577,0.9997778426235958,0.4936809646049125,0.16518327023802004,0.8538112159138204,-0.15682959381762618,-0.0901784375918371,0.9835000396016736,1.083443938867551,0.46648638572236173,1.4416232097346804,31.24108017551426,204.1268862935125,-80.0,2.8331577227087608,-70.52428970991234,-80.0,-204.1268862935125,6.0568467,2.663215590662178,14.0,4.0,5.0,180.0,0.0,0.0
1489,233,4,437,True,-2.57177336,-72.8901916,107.330955,144,133,81,34,18,267.79004996860226,-0.14151838125340893,57.008995975337115,-6.298734064413778,108.21752016761059,2.5472061244608444,31,5,top_right,135.5,-74.25,290.5,52.99122297987919,-0.33965785215247585,7.18700835859883,-0.0353873092494829,0.008576921361521881,0.99933686750967,0.5372910933840259,-0.11112770345849932,0.836043608009916,-0.22827042622044905,0.05710948917908154,0.9719213542045667,1.7012951336560087,0.7223891780021485,1.816485205354814,35.360913903981555,187.45526267516325,-80.0,4.061763990729051,-74.4979806467683,-80.00000000000001,-187.45526267516325,6.19719735,2.995074368315978,14.0,4.0,5.0,180.0,0.0,0.0
1490,233,4,465,True,-0.355825722,-69.2542509,37.0983505,93,87,16,19,52,278.37872644397356,-1.3679811297474957,68.797659053366,8.104805790982846,100.5821810677597,-5.049264096741672,12,10,top_left,110.5,-13.0,290.5,66.37202589409162,11.49634120193387,4.1696772857268165,-0.037549739066820936,0.048878507780839464,0.9980986467144077,0.3692353830837333,0.2053080723617614,0.9063739996834125,-0.1377449888360539,-0.12017690642551505,0.9831499525568561,1.76350596517558,1.08509561480051,2.1441564353432825,25.733789099633334,117.32141996732523,-80.0,4.0495629847219785,-74.98874683873204,-80.0,-117.32141996732523,14.51095724,5.747823432355222,14.0,4.0,5.0,180.0,0.0,0.0
1492,233,4,483,True,0.968741368,-80.5493628,55.6646837,118,109,48,23,38,267.5185275371701,2.094617077702026,105.40312309222426,5.42943194743236,87.21029911211345,-4.7725078467488675,17,7,top_left,-74.0,-12.75,290.5,107.7051441000325,15.37812902618123,10.211555918913469,0.005929558164326264,0.017121833396154144,0.9998358281043594,-0.2849748052171458,0.20687678130753046,0.9359440996914752,0.14482232341053247,-0.14149356504104302,0.9792885507826339,1.861679535979603,2.1052372591613158,1.957296695046003,20.340613221820796,135.68695968538526,-80.0,0.1641776484049151,-82.87257231776385,-80.00000000000001,-135.68695968538526,13.22438217,4.8348726873888594,14.0,4.0,5.0,180.0,0.0,0.0
1500,233,4,545,True,-3.06633048,-78.7950271,53.332532,121,111,47,30,34,267.4342551518607,-1.7099146338773104,109.0489084402777,-4.153865778957379,81.36511786551208,4.4428906114913165,27,2,top_left,-74.0,-74.25,290.5,106.65123219603963,1.0518430994870733,5.731339834567392,0.0034133694903830123,0.03854070957272749,0.9992512009571731,-0.3188034746020004,-0.08471861026091297,0.9440270661676767,0.14513728583698657,0.08324435963556785,0.985903415578188,2.1119424524133183,0.7259835515225918,1.736749157054842,20.121226675416384,133.4324460879127,-80.0,-3.5217847205036574,-83.93760825225286,-80.00000000000001,-133.4324460879127,13.65170665,4.977037204245707,14.0,4.0,5.0,180.0,0.0,0.0
1528,233,4,915,True,2.32383012,-73.7637002,66.5926062,125,117,47,43,27,270.84848657455274,-0.4793419127443229,113.26231118507741,4.369683415690087,76.98039193684961,-0.8698963593584843,48,6,bottom_right,-110.5,-38.0,290.5,116.74290121959278,8.117928179364263,5.1150606835871075,-0.036379847855780675,0.021194208283780155,0.9991132629513104,-0.42190799885000735,0.081051984473526,0.9030084253866546,0.1797566560327294,0.004856642692647518,0.9836991194637144,1.8414770861924779,0.9318412437263912,1.5569530032884142,23.17975532781493,146.72271066342944,-80.0,7.661580010923292,-76.87337188976154,-80.0,-146.72271066342944,11.116808,4.228381649306554,14.0,4.0,5.0,180.0,0.0,0.0
1533,233,4,964,True,-3.67071074,-67.8140793,21.7898297,120,111,12,47,52,271.48718105994703,-5.298442031040061,117.17625540963317,-6.116235694361922,77.69224434080353,4.2418776235505,57,1,top_left,-135.5,-74.25,290.5,116.13258266414567,-1.2318303103648034,4.994664028229872,-0.04823698308802375,0.03952374220483103,0.9980536394726948,-0.4562569590772339,-0.11569382106109807,0.8822950340231311,0.20254116145374307,0.09353260193030188,0.9747967635836285,2.2349002725261737,0.7303371848905498,1.7198179724948268,26.10182317587936,101.9883357709902,-80.0,1.2488988877609422,-71.84503999091237,-80.0,-101.9883357709902,15.05579584,6.000982913979548,14.0,4.0,5.0,180.0,0.0,0.0
1534,233,4,981,True,4.56678597,-73.5243899,90.6800052,130,119,63,30,26,266.1968601326713,-1.9924182746756087,121.63505080524415,-7.434522529106625,83.73143578173888,1.4879501806538902,57,1,top_left,-135.5,-74.25,290.5,125.02910399401664,-0.1703710089200923,8.017948263517606,0.026513301235039737,0.016930785371499613,0.9995050742063916,-0.5525747207847649,-0.1573746620817594,0.8184707653204792,0.1767459969301248,0.07857170766197254,0.9811153547490009,2.1169511395255385,1.6741270808683302,1.627594658588295,36.798158205631466,170.76452096605928,-80.0,0.0392547853696108,-76.4155673535433,-79.99999999999999,-170.76452096605928,8.72309065,4.372806799499545,14.0,4.0,5.0,180.0,0.0,0.0
1542,233,4,1153,True,0.340522989,-63.7262229,61.7338502,102,97,28,26,43,272.810800009877,-0.9470350049066332,61.19434673386973,6.29972523120928,95.8900964906558,-0.2566049321846999,5,10,top_right,135.5,-13.0,290.5,59.42458264635578,10.808165450078672,4.843356081538211,0.013879602646212566,0.039936120137154765,0.9991058317009135,0.5005970379255662,0.11544014289303474,0.8579488207515557,-0.240931988001833,0.00029416499196033286,0.9705419571684895,0.9668239728035362,0.8455785817457033,1.6910100072741578,29.687453329575344,141.86069753862535,-80.0,-1.6284471239506648,-69.39158875964313,-80.0,-141.86069753862535,11.81823725,5.033354927036565,14.0,4.0,5.0,180.0,0.0,0.0
1547,233,4,1220,True,0.575796194,-79.3366235,38.3998925,86,78,15,20,43,272.6431051502828,3.9510821136553016,65.8785081198743,11.01540652261918,100.96565438041895,-6.741546289769853,12,10,top_left,110.5,-13.0,290.5,66.4411642058572,13.560925260130404,2.6069613564673983,-0.03276365079153366,0.030968216871333887,0.9989832394643168,0.3980486527870659,0.22431551299551256,0.8895166219042575,-0.18292317964323646,-0.15002694761432303,0.9716125901503837,0.9721658057073587,1.4411996528962934,1.845129850005506,28.05246656487071,118.52039936474749,-80.0,4.458957170459695,-83.0069889312046,-80.0,-118.52039936474749,15.83023725,6.5331920665649506,14.0,4.0,5.0,180.0,0.0,0.0
1565,233,4,1446,True,-3.21667018,-78.715815,97.4483311,180,170,96,46,28,269.33561013401015,0.4382964630919388,123.93229056351984,4.643227688779691,78.7292468998708,-4.266573862587481,41,6,bottom_left,-135.5,-38.0,290.5,124.41981587011587,9.869554083389602,5.249015956116707,0.0014128964992074918,-0.006040074986087941,0.9999807604237418,-0.5682737801725313,0.08253619552028546,0.8186896159091422,0.2764707418563992,-0.033021336291113375,0.9604548507071645,2.029181642519891,0.999361740375738,1.6051064942881845,35.17737786607339,177.45174519638385,-80.0,-3.4673911295662307,-77.64399315260168,-80.00000000000001,-177.45174519638385,7.58464089,3.6490476438000425,14.0,4.0,5.0,180.0,0.0,0.0
1599,233,4,2031,True,0.481103046,-68.5479869,83.1522548,136,127,62,31,34,273.56899755415395,-2.118757217063091,60.261178645330695,9.50551334210697,103.18550272718635,-1.6979833816639938,12,10,top_left,110.5,-13.0,290.5,62.04953888796596,13.314016176246362,4.207484544842231,-0.03282290839435354,0.04915899607599629,0.9982514962620072,0.45192837511128964,0.17015235066638254,0.8756762651413899,-0.2299974435344516,-0.040771797458801114,0.9723367917031605,1.8662694021022863,1.777926482688896,1.5896896065562205,29.810304826659657,163.43802680079133,-80.0,5.845614427836273,-76.58243621816868,-79.99999999999999,-163.43802680079133,7.69531632,3.285456545826783,14.0,4.0,5.0,180.0,0.0,0.0
1601,233,4,2062,True,4.59561575,-79.6352383,74.4254066,116,107,71,16,20,267.12504455621,-0.30590675200335665,105.6271783396311,-4.647680250453908,75.68716774971779,0.8869378678741333,46,2,top_right,-49.0,-74.25,290.5,103.93061926556575,1.385715473004468,6.2673899390128325,0.003423213598119452,0.0027905135871112434,0.9999902472737331,-0.26406440195273884,-0.07628027962498264,0.9614839107138907,0.11095636891342912,0.013116278916163293,0.9937387219108152,2.0390825396493417,0.675939816163275,1.3877611529357676,16.186843472220993,154.42691268340764,-80.0,4.066979442586554,-80.06616869805869,-80.0,-154.42691268340764,12.29320833,4.284337277535996,14.0,4.0,5.0,180.0,0.0,0.0
1608,233,4,2206,True,5.1719583,-68.6234228,114.334928,93,87,58,16,13,270.04175052249155,-0.546095088357617,105.61059389984385,-3.541572266058313,72.99470812048052,2.1868081060073314,46,2,top_right,-49.0,-74.25,290.5,107.09301912238995,-1.7486076406615128,2.326436478471986,0.002679547123146428,0.020933151785141324,0.9997772867911909,-0.3004361268612242,-0.08350613416543508,0.9501393893705128,-0.015040291824022417,0.04804430148514738,0.9987319633999168,0.909610834799393,1.1254406765474325,1.2396946262160087,18.670594043516143,194.37821859678627,-80.0,4.651112703556654,-72.6923715536119,-79.99999999999999,-194.37821859678627,6.51971271,2.3349058362964192,14.0,4.0,5.0,180.0,0.0,0.0
1626,233,4,2518,True,2.2205409,-74.7245891,48.2933202,187,176,41,88,47,274.8915880232113,-1.0982217035101036,61.532501173854115,-2.579998308220148,101.28913715345176,0.17107497809244618,31,5,top_right,135.5,-74.25,290.5,61.177259851950744,0.09835924057110759,2.701813382888381,0.024304036840493183,0.020280029488898295,0.9994988915437503,0.4938835768406613,-0.053631941417504145,0.8678724718452959,-0.2079523587368601,0.019943670643474024,0.9779356146991687,2.2079175572476943,1.2209866344082752,2.2155847985162676,28.555645754572105,128.3576412994794,-80.0,-0.899067942901357,-77.32768585067888,-79.99999999999999,-128.3576412994794,12.39031323,5.162122518997564,14.0,4.0,5.0,180.0,0.0,0.0
1668,233,5,230,True,-0.0574314235,-76.4310066,118.351126,168,161,122,14,25,276.0318158942026,3.4807520855994083,55.91515530272734,10.243768921882765,99.65323116977714,-6.2089625258109,18,10,bottom_left,110.5,-38.0,290.5,57.290616233855346,10.638557030268016,1.4309963045311889,-0.0031958797538086028,-0.00854642750348467,0.9999583715983016,0.5507273314827348,0.20672227788834607,0.8086812141892251,-0.20918423481835494,-0.13344791481221413,0.9687278306809045,2.096124434996324,2.465612669591562,1.6534486953027396,36.378081118610744,198.35938338409215,-80.0,0.5765013138351788,-74.73574251027193,-80.0,-198.35938338409215,6.80255977,3.373143365370744,14.0,4.0,5.0,180.0,0.0,0.0
1671,233,5,278,True,2.12250565,-73.3893865,72.8009805,98,92,34,36,22,269.87892600914324,-1.6599302453144364,122.79788460001706,5.9741391619991795,79.79492375531451,-5.1002018795379565,41,6,bottom_left,-135.5,-38.0,290.5,122.29979286187199,7.823846009644819,1.9155967221300885,0.0015809832803694857,0.013239234271852252,0.9999111076329548,-0.5508830054438335,0.1100771394739175,0.8272913257604053,0.22188599095910158,-0.051835516009611324,0.9736938360162884,0.8641014742426666,0.9712922165869425,2.02172745207973,34.12616885693107,152.81456454836166,-80.0,1.8809083784520966,-75.41253432020684,-79.99999999999999,-152.81456454836166,8.89212093,4.170946333771136,14.0,4.0,5.0,180.0,0.0,0.0
1673,233,5,300,True,0.161952177,-68.4433229,62.6584014,143,133,62,43,28,268.4796927457221,0.0933435188956808,101.56417997006855,7.242535628242053,85.73211500510516,-0.8519582116553851,10,7,top_right,-49.0,-12.75,290.5,102.17617907220011,13.438283191194996,6.225899996373791,-0.000555000830069763,0.037821030502813165,0.999284374753145,-0.18851460480476795,0.1669346577657563,0.9677784166904798,0.008938763114444158,-0.05714386248729808,0.9983259375043887,2.3457884141999354,1.6449995744922186,1.2439930781747195,13.218751635689287,142.76056446418585,-80.0,0.24118440877885106,-73.8426745631988,-80.0,-142.76056446418585,13.13435248,4.454690753403527,14.0,4.0,5.0,180.0,0.0,0.0
1689,233,5,549,True,0.14923938,-56.5319196,122.766676,155,144,82,40,22,269.64321722290435,-2.217642151721132,113.0998722112092,-2.018332108267275,77.97130229089082,2.9493876506013703,24,7,bottom_left,-74.0,-37.75,290.5,113.84860344387738,5.847510379819366,7.901397123684004,0.02881868682769864,0.042577778511006185,0.9986774334421473,-0.4000539855457699,-0.041294339191072504,0.9155608042067538,0.24754697605041065,0.06096044027685479,0.966956213780929,1.615801664066862,1.6400669622206736,1.7331507739488348,25.701897066154725,203.0352035703089,-80.0,-5.7019685666907725,-65.17670752755367,-80.00000000000001,-203.0352035703089,6.47921405,2.565055803272228,14.0,4.0,5.0,180.0,0.0,0.0
1692,233,5,639,True,-1.70189298,-78.0687271,90.8546241,137,132,87,12,33,272.8952273101315,-1.4126641768475885,59.42065891865867,13.904157885739023,100.28567161482958,-9.620719188299088,12,10,top_left,110.5,-13.0,290.5,60.66375338546657,15.861183948495693,2.318455275332543,-0.003472914848017022,0.011482356216467872,0.9999280445902978,0.4963825103954012,0.23618728141376755,0.835356194369763,-0.21121414268795408,-0.1462764013048815,0.9664325120513517,2.102488120709196,0.27785950618906985,1.9306017460996752,33.25020665205651,170.86691889915394,-80.0,-1.108486720320208,-80.03068192841042,-80.0,-170.86691889915394,6.98919548,3.212209814110507,14.0,4.0,5.0,180.0,0.0,0.0
1704,233,5,879,True,0.534053238,-72.7215527,70.1493365,117,107,47,32,28,268.4304320726431,-0.752347429986896,79.32330829844726,2.4746132647938666,99.36153934299698,-1.9076410769889562,67,9,bottom_left,49.0,-37.75,290.5,77.59535909496088,8.810932268997604,6.56770484818423,-0.0492137428653245,0.02838652827507782,0.9983848018302732,0.19562354517654484,0.05839961756536716,0.9789386667410678,-0.08697572120773488,-0.048106402672095434,0.995048239002685,1.604063463018989,0.891122937370012,1.7571803417941236,14.213416332495612,150.3922497865964,-80.0,7.935418747935209,-76.99066655091978,-80.0,-150.3922497865964,12.95565646,4.431479334388348,14.0,4.0,5.0,180.0,0.0,0.0
1716,233,5,1056,True,-0.416756986,-73.8326493,52.4399624,92,85,23,22,40,265.36345320054994,-0.16013890147603063,118.75701183038998,11.923189028120383,79.40445995824102,-6.040359624918073,35,6,top_left,-135.5,-13.0,290.5,119.57202889821676,12.530209545760204,1.0162316319051807,-0.029080367399198042,0.028423637403241934,0.9991728724643683,-0.4745823697515457,0.21816504988860708,0.8527459090069613,0.20327331782556562,-0.09960607408623937,0.9740423955174196,0.9611157547841445,0.7387150736160808,1.7427789675279135,29.303116352602594,132.54959782219566,-80.0,3.4378340172853905,-77.60019100644364,-80.00000000000001,-132.54959782219566,12.09254268,5.111244446287141,14.0,4.0,5.0,180.0,0.0,0.0
1722,233,5,1134,True,-0.989749075,-81.4012054,133.229583,116,107,80,11,16,266.6208590335702,-1.3488680770002213,105.31473208062549,8.103689030851836,86.93893868744311,-11.50954039575835,4,7,bottom_right,-49.0,-37.75,290.5,106.97596162622081,14.866919376986722,6.964263659428657,-0.014453373513990158,-0.0016547743332163685,0.9998941752585476,-0.2686478907765248,0.19170687061139915,0.9439686364184505,-0.0014978691910867907,-0.18588522529118653,0.982570322880928,1.5580229473231222,1.321067834566909,2.0010038274280486,18.65991030207513,213.25215035367532,-80.0,2.0924639067232578,-81.04832121509153,-80.0,-213.25215035367532,5.53571122,1.9822554752214778,14.0,4.0,5.0,180.0,0.0,0.0
1733,233,5,1429,True,-1.42434476,-79.8671061,114.447198,97,93,59,9,25,269.5868587408142,3.432839991845766,114.52289314271752,15.201493667710972,77.2871647302775,-6.928785732499412,17,7,top_left,-74.0,-12.75,290.5,112.40331774017714,19.41545841902033,4.717001040102909,0.0025946878159352886,-0.0032116180775594305,0.999991476515906,-0.43231511799099925,0.3161952263159336,0.8444668244587492,0.19715829076666508,-0.14265961810041833,0.9699365142860692,0.9635723018737978,2.2405694906202807,1.5201206046081723,32.61382137956307,194.44885538172596,-80.0,-1.9288788358815274,-79.24261064089531,-80.00000000000001,-194.44885538172596,7.47051412,3.3843733228042003,14.0,4.0,5.0,180.0,0.0,0.0
1740,233,5,1499,True,1.83612397,-78.3876258,35.0172461,106,98,26,27,45,263.1361818006119,0.37965847973360867,118.82640340974098,10.084684924299482,82.72867117365173,-5.831208477748371,35,6,top_left,-135.5,-13.0,290.5,118.26049051614639,12.70387599752719,2.679630437432055,0.029349412250356484,0.02749630346020416,0.9991909553716862,-0.42648495461932145,0.19849975178641563,0.8824445773101486,0.16723595870004004,-0.10166665293640709,0.9806610147234297,1.958263955500279,0.989880738742612,1.8481922803544333,28.99387051432744,115.11037553098652,-80.0,-1.542297895752271,-81.55273561701806,-80.0,-115.11037553098652,14.22690658,5.9772984326216205,14.0,4.0,5.0,180.0,0.0,0.0
1749,233,5,1632,True,-1.40627466,-68.6748693,45.1546975,80,75,19,26,30,268.4277305843069,-3.2990186532979315,108.44147846175218,-7.396582260643886,76.0636547193465,7.1591977448208315,27,2,top_left,-74.0,-74.25,290.5,106.4826374303176,-1.248266010069319,6.452817284218655,-0.02637785292326238,0.04689410671091445,0.9985515267781349,-0.3234240739935194,-0.13998209760521588,0.9358428718067358,0.22391490849980628,0.1326787146947278,0.9655353294512213,0.9571822602170964,0.5986548855629767,1.6060533776524082,20.53563036017613,125.33624369271806,-80.0,1.899826342080689,-74.5524004864715,-80.0,-125.33624369271806,14.81084457,5.42864190736194,14.0,4.0,5.0,180.0,0.0,0.0
1755,233,5,1688,True,4.31971134,-74.5972524,47.0532904,95,85,40,20,25,267.6369507598759,-2.952631717366349,109.14857838109448,-6.5447685372375854,80.69051780000557,3.6840912882987977,33,2,bottom_left,-74.0,-99.25,290.5,107.83360277038257,-5.506279697950978,1.6755953945060873,0.028776092190875055,0.03575665980374688,0.9989461435922867,-0.3329117869850056,-0.12274598795540492,0.9349348450706615,0.11713754064209517,0.08713720959826343,0.9892855519392517,1.8882161994368019,0.7041763714643067,2.1561378327804226,23.07674364227756,127.18732758015028,-80.0,0.6597570760425695,-79.14504640363114,-80.0,-127.18732758015028,15.08704216,5.729690669872813,14.0,4.0,5.0,180.0,0.0,0.0
1760,233,5,1824,True,-2.38863395,-66.4266078,55.4694038,83,77,24,9,44,272.0549536673092,-5.918224561697603,101.10735584024421,8.874359916541339,85.2398743101798,-6.641802401658526,10,7,top_right,-49.0,-12.75,290.5,101.21737095790351,12.626841606054114,3.7540940526633375,-0.007823823037124911,0.037294823732879276,0.99927367818622,-0.24468686499383693,0.1845377062533012,0.9518792849254879,0.14604598883499953,-0.11449306657970551,0.9826300966540676,0.9040425940241654,0.2287143963164845,1.8613108572026158,16.263355230097247,135.56786970101155,-80.0,-1.3279749279392776,-71.48258760434118,-80.0,-135.56786970101155,12.57981798,4.387633068736835,14.0,4.0,5.0,180.0,0.0,0.0
1771,233,5,2008,True,1.10480786,-66.404669,136.657892,134,123,78,31,14,273.0249889389607,0.8957205908972838,110.68776029071495,-9.038384513507067,55.556556050479195,12.073594495805002,46,2,top_right,-49.0,-74.25,290.5,108.03990205342838,-2.776045593366231,6.799120678108092,0.007864734152015159,0.014098594620020052,0.9998696793014871,-0.2959264393419379,-0.1147294880164115,0.9482956749231194,0.22939440660090776,0.0025710592361372075,0.97333015769297,1.3432960011332935,1.5509397567232002,1.8791978701102054,19.225974423845884,216.68613068790933,-80.0,-0.5993709522892205,-69.45963891634952,-80.0,-216.68613068790933,7.58485604,2.73450562140371,14.0,4.0,5.0,180.0,0.0,0.0
1797,233,5,2371,True,-11.7910643,-79.9446605,53.9182633,113,113,53,48,12,297.2788084428628,7.614384685566732,75.99231995131568,4.0947616020527615,30.933913082872888,13.719439312256975,59,9,top_right,74.0,-12.75,290.5,70.06795844778672,14.949747598433802,12.366437652215144,0.0028293587515650642,0.019700555759777583,0.9998019217984184,0.29643785139634243,0.2155405391080471,0.9304122077125452,0.35351382819410154,-0.008947909373847153,0.9353865020372,2.0379566246479106,6.503189285059149,1.8337729454072182,20.721243214985908,133.94479484407393,-80.0,-12.170042177518669,-82.58344739955764,-80.0,-133.94479484407393,14.17106464,5.20682640538671,14.0,4.0,5.0,180.0,0.0,0.0
1828,233,0,460,True,-3.54084484,-79.4375376,66.4352173,88,83,31,17,35,274.8524056382836,-5.314367257342649,66.73679936710165,0.8816592815401809,95.28329331496455,-12.889394549983905,18,10,bottom_left,110.5,-38.0,290.5,63.02555712301356,9.359132426464347,9.254235242158828,-0.004877204407889816,-0.0007994481128267286,0.9999877868053583,0.4341133642303468,0.14691140061674965,0.8887984177334223,-0.11095796075470946,-0.13450219522718848,0.984681415699628,1.0307666391582748,1.222998940554725,1.625074159710768,27.55677390145541,146.43700576365416,-80.0,-2.8266416300113195,-79.32046881209425,-80.0,-146.43700576365416,12.38979246,5.066863962057973,14.0,4.0,5.0,180.0,0.0,0.0
1832,233,0,501,True,0.163275794,-64.2855179,98.4962824,122,117,49,41,27,273.6622894015705,0.7205111936311386,61.69022766617878,5.558233823904278,100.18552268000684,0.7586973182558645,18,10,bottom_left,110.5,-38.0,290.5,60.11577011902486,6.769215628144613,1.9863014620120263,0.00237553451092047,0.01806705358935534,0.999833955419792,0.48242691380169445,0.08494792699963506,0.8718073884398074,-0.264694679197808,-0.057116681718504814,0.9626392945822628,0.9660251037185603,0.7975320591282249,2.3180630974178,29.03263657703825,178.52592566238283,-80.0,-0.2608187035050128,-67.51095536603154,-79.99999999999999,-178.52592566238283,8.75983487,3.683123786183958,14.0,4.0,5.0,180.0,0.0,0.0
1833,233,0,522,True,1.97736132,-77.4709682,101.323342,115,110,80,9,21,270.64284968115373,-0.17759619235538948,102.6622564759566,8.824378775790958,79.55749285065687,-9.3286420024198,10,7,top_right,-49.0,-12.75,290.5,105.08124737576028,18.280242942382902,9.76037315425853,-0.02648937590940703,0.014683234280905124,0.9995412525728902,-0.28411260665243376,0.3217508524987423,0.9031923469878894,0.04854960816378273,-0.17137693086442154,0.9840085787810158,1.8249402712910818,1.3711863841447889,1.6998359971731125,23.790251013620097,181.4065617934836,-80.0,6.782707927780662,-80.13460324690722,-80.0,-181.4065617934836,6.29191329,2.4154504731736353,14.0,4.0,5.0,180.0,0.0,0.0
1853,233,0,740,True,2.73322974,-77.7028281,85.5914809,169,158,83,45,30,271.49049399442004,-0.9150061497748362,64.96307006555699,-3.1788441066646733,99.29188149929347,0.9870706576608312,37,5,top_left,110.5,-74.25,290.5,62.258939481446106,0.8544334205792058,4.855888160542248,0.0031413703714613765,0.01548354254714912,0.9998751880621801,0.43217202441863295,-0.06815147965590075,0.899212275900753,-0.20331439405118973,0.042809195523008214,0.9781771976233502,2.004698856642301,0.8885664900038924,1.563335268034766,25.920369901050744,165.61215127352696,-80.0,2.212980634835363,-80.26709089056855,-80.0,-165.61215127352696,10.42902117,4.144001599559153,14.0,4.0,5.0,180.0,0.0,0.0
1858,233,0,824,True,-0.940164188,-72.0797641,82.2335025,89,83,27,22,34,268.60533735973155,-1.5528409716855127,124.1008840866477,-7.393610276213375,78.23617048321684,4.3896946105947015,57,1,top_left,-135.5,-74.25,290.5,122.86627956888422,-0.5014723865460116,7.0018435433441715,0.009940255149649406,0.018732928582950063,0.9997751090691677,-0.5569732827975422,-0.12799702505471833,0.8206080208155847,0.22106495202625798,0.07599112409835837,0.9722940069978299,0.9173411515318305,1.0112463490883026,1.6827569353064664,35.66014346522028,162.26999555034547,-80.0,-2.5531693469029078,-75.11955633780025,-79.99999999999999,-162.26999555034547,7.40844182,3.6072487967146385,14.0,4.0,5.0,180.0,0.0,0.0
1880,233,0,1313,True,-0.525145864,-64.3377417,88.0398516,95,89,43,20,26,267.00552995338757,-2.6335944588574693,109.24361475925922,-5.552797831030272,79.68468225013385,5.153804535576236,27,2,top_left,-74.0,-74.25,290.5,109.94635124822204,-2.635014234900615,3.0012163678687207,-0.0077723870022596946,0.013964389020106221,0.9998722847642004,-0.3825669781121117,-0.16248510341418723,0.9095279536257519,0.19716200175579685,0.11532024502442208,0.9735647827192366,1.0856863536103822,1.22691675022182,1.5008084179397378,24.478579127821536,168.06131559054944,-80.0,0.781091720878651,-66.68461529013727,-80.00000000000001,-168.06131559054944,10.51134881,4.078957610757532,14.0,4.0,5.0,180.0,0.0,0.0
1894,233,0,1588,True,-3.68320984,-66.1105086,127.78907,183,172,131,22,19,270.71456234842935,-1.4065093000323878,113.74128523371795,-7.349059596063132,78.13653420690801,9.604559058721442,27,2,top_left,-74.0,-74.25,290.5,113.37196117222072,-2.6291580186476904,4.734329008728648,0.003689408002963501,0.02647059351348158,0.9996427841722421,-0.39585710496836174,-0.15325229736562698,0.9054340869429564,0.16765016414448988,0.17197297298992065,0.9707310230044848,1.9462104018996846,1.3838667002180824,1.5581435294297081,25.895314834054012,207.86332206865325,-80.0,-4.450102443962669,-71.61277410484122,-79.99999999999999,-207.86332206865325,6.15613601,2.44511940717341,14.0,4.0,5.0,180.0,0.0,0.0
1906,233,0,1813,True,-3.44846674,-70.2437787,95.7713781,178,167,100,46,21,270.84333321116765,-0.565307131658933,65.45548959910023,4.595882659539837,101.35041029551041,-3.088382515534407,54,9,bottom_right,74.0,-37.75,290.5,68.31104096551977,8.813723044594832,5.093559768969176,0.00022060432521153755,0.015150158663962413,0.9998852054241969,0.362725135243006,0.0777190441748381,0.9286496790692885,-0.2016679985276556,-0.027511088088297945,0.97906749430366,2.6545912642393388,1.216878055622402,1.7129720043294665,21.596254340799224,175.79155801733236,-80.0,-3.4872471180342988,-72.90704869574773,-79.99999999999999,-175.79155801733236,11.75597431,4.370825913520785,14.0,4.0,5.0,180.0,0.0,0.0
1913,233,0,1896,True,-4.25730457,-70.2224774,96.2015043,145,135,90,26,19,272.17521377416955,-1.455566626281808,71.26633136286809,10.851351150761072,104.40277716383638,-9.936611393686942,59,9,top_right,74.0,-12.75,290.5,68.06197921871434,15.34299810921978,5.5174962676175925,-0.004058677509064843,0.022012569459254675,0.9997494555750851,0.3066056745010147,0.20781121857543017,0.9288742960153288,-0.1211361760896188,-0.13602375645858716,0.9832718670445524,2.062225750319639,1.3901893754076378,1.7290182393981304,21.255730170918756,176.24566166794637,-80.0,-3.541980266918054,-74.10209726935797,-80.00000000000001,-176.24566166794637,7.9612354,2.9461819948932817,14.0,4.0,5.0,180.0,0.0,0.0
1922,233,0,2021,True,0.0160249293,-72.4429987,19.6101445,86,78,4,32,42,285.722086480032,-5.763831858235015,66.56452570219632,7.26234690379768,99.89759366626375,-3.0851971055755185,5,10,top_right,135.5,-13.0,290.5,63.42834210027173,11.103644010471092,4.958952615897659,0.10042985859950435,0.04941335516583266,0.9937163397232325,0.3999843175499991,0.15236955479998004,0.9037677049353542,-0.17433488012819626,-0.05051085615019481,0.9833900563772555,0.9884523205767003,0.8944467449653637,1.8450385439768466,18.952493256764825,100.24001872379716,-80.0,-10.051065977142617,-77.39619434702871,-80.0,-100.24001872379716,17.29832677,6.215853881768431,14.0,4.0,5.0,180.0,0.0,0.0
1929,233,0,2200,True,6.73183897,-66.8170508,86.2487746,103,93,48,12,33,268.47924394250174,-2.0249815791943813,66.49097085718105,14.64115006580304,103.00032383791185,-10.042247710526386,12,10,top_left,110.5,-13.0,290.5,63.06752662561903,13.219518086795018,3.7068865494311463,0.015598602399324315,0.020617579508720108,0.9996657436455394,0.38951726663212577,0.2476016187175648,0.8871131480278484,-0.2084563407938673,-0.15957701158879253,0.9649254537813899,1.4273489240493702,0.25943165790625156,1.4197329827730958,26.10391720429217,166.3043628900705,-80.0,4.137723336004845,-70.24584422453307,-79.99999999999999,-166.3043628900705,10.15337468,4.047106562231926,14.0,4.0,5.0,180.0,0.0,0.0
1937,233,0,2297,True,-6.61940261,-71.6879034,112.397563,81,76,57,8,11,265.98882177531,-0.3446753591212451,107.01386182161447,-6.810564009094935,96.57952889733855,8.246253670832887,39,2,bottom_right,-49.0,-99.25,290.5,103.38496416069462,-8.561612609082943,4.0292765396469745,0.000921535654981538,0.013237287901126438,0.9999119586148869,-0.22612213731725034,-0.21457728837721882,0.9501712300042338,-0.11679386153504982,0.15956507867373027,0.9802541403001458,1.004579704520909,0.3834497333247397,0.6200669251883419,18.730624620648452,192.41450343939863,-80.0,-6.796719435454974,-74.2349495783796,-79.99999999999999,-192.41450343939863,7.34073701,2.6308047780501957,14.0,4.0,5.0,180.0,0.0,0.0
1938,233,0,2305,True,3.12902761,-69.8832855,80.8376579,126,121,39,50,32,266.5710918077654,-1.229284889014506,120.704998964459,-4.026895846448908,85.0286679274806,0.37285259255451253,57,1,top_left,-135.5,-74.25,290.5,123.47273216106407,-0.995306022409629,4.104982814678799,-0.005261655149676296,0.01290519928668421,0.9999028806921485,-0.5097764922565994,-0.07129781823864578,0.8573473911180731,0.24923672494831306,0.02946826260568303,0.9679941510340037,0.9733180909420366,1.8916280198361728,1.7707638688210163,30.792570973558153,160.85327985920557,-80.0,3.9753820983135117,-71.95912913249984,-80.00000000000001,-160.85327985920557,8.84991019,3.8548762359467563,14.0,4.0,5.0,180.0,0.0,0.0
1952,233,0,2555,True,2.78051863,-72.2991854,142.149869,102,97,66,18,13,268.42620445355334,-0.30710359320692043,110.2474037478609,4.323396737875201,71.8197309797354,-2.5732935305956866,4,7,bottom_right,-49.0,-37.75,290.5,109.2411641600502,12.40087354058033,8.139910908991382,0.004269893181751791,0.0065572162465180606,0.9999693849950172,-0.35667350081370164,0.08048480587817465,0.9307557197460841,0.2323620422221252,0.07039332721488789,0.970078687951643,0.9809827753532778,1.1886864853113055,1.056411868939291,21.606919225883427,222.15667032756903,-80.0,1.8319333780876326,-73.75591472794429,-80.0,-222.15667032756903,5.43631429,2.0214986476866907,14.0,4.0,5.0,180.0,0.0,0.0
1974,234,1,50,True,-1.50085739,-64.932154,116.772358,92,83,69,7,7,262.9127140670263,-7.330552179889829,112.37696878774716,-11.947548003267942,90.07538868668786,8.517493974797647,46,2,top_right,-49.0,-74.25,290.5,105.29160389609912,-2.9616088361022657,11.443316755373015,-0.01374386115608533,0.04492213650875132,0.9988959444967286,-0.26657065741259245,-0.23290338987280107,0.9352518888472647,0.060158779437160304,0.1759129252043193,0.9825658064489577,1.4520339785676335,1.408791278462487,1.0174382736476377,21.963775229080664,196.98984572325935,-80.0,1.2065436987791462,-73.78135874041811,-80.0,-196.98984572325935,8.73199237,3.263205560656793,14.0,4.0,5.0,180.0,0.0,0.0
1985,234,1,216,True,1.4709441,-81.2058619,78.5642896,115,110,60,45,5,255.86393565451363,-1.3093404623071327,99.87230597741066,-4.06941035468565,153.2915623573152,-3.592652436407338,29,6,top_right,-110.5,-13.0,290.5,117.84861566950167,15.883775079715175,26.8566066197044,-0.03620359648066477,0.013282789543720088,0.9992561569006231,-0.46743814842842774,0.31069794966105707,0.8276281541067936,-0.3842908252195587,-0.0032858861627106384,0.9232062416406186,1.7346080321773183,8.614102802344258,0.6903597685764878,31.99845274034459,158.68232435196228,-80.0,7.215814939452407,-83.31360581867544,-80.0,-158.68232435196228,8.92305114,3.9878814249091294,14.0,4.0,5.0,180.0,0.0,0.0
1991,234,1,324,True,5.02700357,-64.2209437,135.34585,130,120,77,26,17,272.5537504654716,-1.8152688274697506,73.4751659523259,2.928478221746664,94.98937625726722,-4.022394594459628,67,9,bottom_left,49.0,-37.75,290.5,74.17648051650129,9.321717639255082,6.431590189642675,0.015254705494010314,0.01674977158886592,0.9997433366179602,0.2992351940428586,0.08363083474246212,0.9505073288125726,-0.04161518351890791,-0.04279919648972474,0.998216612404603,1.4090213264339284,1.144937973182229,1.9386585673447276,17.014857051418353,215.4011355839542,-80.0,1.741122683591393,-67.82886352101357,-80.0,-215.4011355839542,5.61061712,1.9722927156351677,14.0,4.0,5.0,180.0,0.0,0.0
2004,234,1,513,True,-3.99250726,-68.4458576,34.0271994,111,103,14,35,54,267.33430193287586,-3.24433673650083,118.21899966068015,7.43046535194699,78.3139277561971,-5.041525847075673,35,6,top_left,-135.5,-13.0,290.5,117.14667101963059,10.88904486674548,3.6210027581595354,-0.039067605667459815,0.027607895391507997,0.9988551077606118,-0.4719181150295527,0.12394017415373673,0.8728872355222611,0.23337812627548954,-0.06208377275796251,0.970402110125632,1.0346031446504713,0.6182659709407524,1.7402912220965996,26.652151167492693,114.15789789136069,-80.0,0.4673684786458221,-71.59751690309913,-80.0,-114.15789789136069,13.08634628,5.265921258792521,14.0,4.0,5.0,180.0,0.0,0.0
2011,234,1,683,True,-3.85420845,-75.695971,84.3896954,124,114,76,17,21,270.6794838354415,1.8068277323664268,77.84377329854463,7.198776010097577,95.82141416612926,2.4728533366942558,63,9,top_left,49.0,-12.75,290.5,75.61719366421227,16.47966754946181,9.54424458160342,-0.006601930143869952,0.01949762003407818,0.9997881062162033,0.2314324462240081,0.2404214691117211,0.9426752038878149,0.009241875058898417,-0.09457428878993003,0.9954749075919868,1.9613328564737456,2.355197450936211,1.0494059682338597,18.97946449065916,164.42453593706873,-80.0,-2.7686891498052377,-78.9018581259806,-80.0,-164.42453593706873,7.07626704,2.5435567385231903,14.0,4.0,5.0,180.0,0.0,0.0
2015,234,1,830,True,-0.412623176,-63.7176369,109.837549,120,111,56,27,28,266.9555783298503,-1.492958971625089,123.7364083479701,-5.545255517394214,75.70592122968156,5.228631828331643,57,1,top_left,-135.5,-74.25,290.5,126.78669825987559,-2.6731758678887303,4.1896431900313384,-0.0034751652326512695,0.0345975029683807,0.999395285167465,-0.5376195828527863,-0.09781367468162583,0.8374948771058085,0.29142646090339835,0.11819045980446014,0.9492637321084854,0.9489754384554434,0.9518946582432843,1.6347663690313874,33.33491523201826,189.95241604345733,-80.0,0.24749285609233218,-70.2895161779146,-80.0,-189.95241604345733,6.50458338,2.995294294874204,14.0,4.0,5.0,180.0,0.0,0.0
2019,234,1,896,True,-3.58499192,-75.2619012,101.558615,128,120,85,15,20,274.0752407682786,1.4168402711929873,69.52970439183498,9.678723842519132,100.61592921515768,-9.089837484858103,59,9,top_right,74.0,-12.75,290.5,67.67547825520684,17.01699367279229,7.568907362866331,-0.022257159414926533,-0.003986766378413554,0.9997443295906322,0.3544268363591323,0.2658682294996444,0.8964907708455124,-0.20688090846762583,-0.20942779902165334,0.9556883836840102,2.0271925212713446,1.3382686259632481,1.5484195463108967,27.4624728368658,181.6050460364634,-80.0,0.4570205401886378,-74.53788430831158,-80.0,-181.6050460364634,7.07822261,2.8897144683239757,14.0,4.0,5.0,180.0,0.0,0.0
2024,234,1,991,True,-3.1499006,-84.0718824,89.0884294,149,139,85,19,35,269.4531128593092,3.9532535862726585,101.25057060343184,7.814044361117453,85.58189839665884,-1.922305619990092,10,7,top_right,-49.0,-12.75,290.5,102.82448220605997,19.048602381249776,11.344271313778021,0.0011284347553941476,-0.012001228518653262,0.9999273459352165,-0.24224864341955973,0.26312350197116313,0.9338531027264484,0.07531687852539973,-0.1832777230366823,0.9801717421185329,2.0404374673652717,2.6671247278841945,1.987645718154613,21.509921843904714,169.10071525432102,-80.0,-3.3407197242549853,-82.04246607356518,-80.0,-169.10071525432102,6.90994922,2.5660362891003023,14.0,4.0,5.0,180.0,0.0,0.0
2032,234,1,1115,True,-5.8729574,-71.0684933,54.6691387,119,111,26,35,50,269.39372898989467,-1.2014183588164102,117.60645789225254,6.803561200246842,78.5610923706487,-6.975810684388798,41,6,bottom_left,-135.5,-38.0,290.5,118.79588221026839,7.005480370415557,1.2064416933980266,-0.028018939311439908,0.006062019612936953,0.9995890110230675,-0.46094824645674415,0.1164989383297883,0.8797469587651241,0.20639163468956842,-0.1074236733752553,0.972554701561169,1.4610429423927527,0.6690534046777753,1.8716449872764656,26.746442001814742,134.72450898811675,-80.0,-2.098119558898416,-71.88519591582927,-80.0,-134.72450898811675,13.24776918,5.339709238308777,14.0,4.0,5.0,180.0,0.0,0.0
2037,234,1,1174,True,2.36278813,-67.4317585,87.7326544,106,101,43,29,29,275.294207891773,-1.2319059978454643,61.0479741289813,-6.225359541791499,97.0390665653262,2.932488570219036,31,5,top_right,135.5,-74.25,290.5,56.711063223557026,-1.610066908444535,6.333223688850313,-0.0010939945170237212,0.019088670003255648,0.9998171962181406,0.5140506308489373,-0.15032652401497917,0.8444843900874566,-0.2706850037869109,0.08824525400909902,0.958614836036742,1.0038445238982945,0.9915898745738982,1.773099846912961,32.76491998328697,167.76332216974993,-80.0,2.5463202846113906,-70.63413719554822,-80.0,-167.76332216974993,9.02804069,4.1038476511528,14.0,4.0,5.0,180.0,0.0,0.0
2071,234,1,1680,True,-7.54200757,-72.246183,67.0697785,155,144,62,40,42,270.96784333997863,-1.6344071719316213,118.07477584695584,-5.671456428261018,77.89662952155994,2.786521898016229,57,1,top_left,-135.5,-74.25,290.5,119.79967135321225,-0.4458962175923084,5.502885063566887,-0.0028370236454224322,0.021099383112272888,0.9997733579812561,-0.4927120706467401,-0.11228694342076795,0.8629174107504282,0.23177250352448645,0.05960942949958836,0.9709419254130113,1.9741697243341447,0.8135030622768437,1.9300712372042923,30.486300609642743,147.10311824768317,-80.0,-7.124672545215951,-75.34996804891784,-79.99999999999999,-147.10311824768317,11.93702244,5.166749574561827,14.0,4.0,5.0,180.0,0.0,0.0
2073,234,1,1722,True,0.270176451,-76.3919028,34.5243198,88,80,12,29,39,276.64329376222884,-4.878508453305513,69.07486044721462,-5.593690100553074,100.28058520275845,0.023093297048618615,37,5,top_left,110.5,-74.25,290.5,66.70202426255673,0.44032723704377436,6.4838041911860005,-0.04792121242730324,0.026045809779792428,0.998511478748448,0.3617691011985688,-0.10473452046979694,0.9263659091525019,-0.19772064665168937,0.013468174825727264,0.9801658809377632,1.0116861411466591,0.7790446251702532,1.627866527988691,25.187128030108628,114.69504581314058,-80.0,5.766502105770787,-79.37922814593364,-80.0,-114.69504581314058,15.05743187,5.910339586173625,14.0,4.0,5.0,180.0,0.0,0.0
2080,234,1,1866,True,-1.565933,-70.7091783,60.2567774,137,128,39,43,46,264.2689652445275,-3.0082646205681796,118.86672476545166,4.78988920822943,80.00626227221359,-7.29911348769738,41,6,bottom_left,-135.5,-38.0,290.5,120.18685845649175,7.000779257515103,2.575031606068074,-0.056325170418138476,0.02109919492218038,0.9981895106396398,-0.48900493479436413,0.09929932624317818,0.8666105339507538,0.21712121702690731,-0.09210133709289771,0.9717899571524986,1.8653824173266988,1.1028859812330447,1.9222900997319419,26.53264789123275,140.5111713807967,-80.0,6.348382673675635,-73.67385089370732,-80.0,-140.5111713807967,12.5175513,5.026531771531978,14.0,4.0,5.0,180.0,0.0,0.0
2082,234,1,1883,True,0.0493635823,-67.3126453,110.852589,119,108,64,19,25,268.74905142411836,0.05009571398992271,77.08063825176518,2.645892937745296,97.23301191755763,-4.207184322872794,67,9,bottom_left,49.0,-37.75,290.5,74.75797697116329,9.02158897244548,6.78559174658326,0.019836409251965923,0.0028612144279209777,0.9997991449886252,0.26102987407764533,0.11698759766788147,0.958215689096618,-0.10853502890427523,-0.12837242972353594,0.985769073763031,1.548541582026797,1.115704798085987,1.5060103154897082,15.520270235510367,190.89093039999682,-80.0,-3.73722703560288,-67.85882518421973,-80.0,-190.89093039999682,6.94305176,2.403804402652244,14.0,4.0,5.0,180.0,0.0,0.0
2085,234,1,1931,True,3.53587891,-73.7501526,113.358166,159,152,116,20,16,270.2364793829172,0.1473002527631736,68.84469263401132,6.556389193446384,112.83045860907899,-15.836533300586202,54,9,bottom_right,74.0,-37.75,290.5,68.30814726720354,10.693600852780976,4.171858248404061,0.001674759487883981,-0.01220688030082373,0.9999240907458822,0.32522490458052467,0.09605082157161568,0.9407459811851479,-0.1711862140898087,-0.18064906714831477,0.9685355928638048,2.0366541091592594,0.5694278961146908,1.6777706244098156,19.940588960585224,193.3728447884145,-80.0,3.2120259034914866,-71.38967343023806,-79.99999999999999,-193.3728447884145,6.7508958,2.4555397380291417,14.0,4.0,5.0,180.0,0.0,0.0
2090,234,1,1994,True,1.33359633,-76.1423504,85.857059,94,88,51,12,25,271.05838104215593,-1.0134283509631412,77.63926558792325,4.653782844550293,92.43003772791117,-8.031382458949741,67,9,bottom_left,49.0,-37.75,290.5,76.88818164455846,10.354604219928387,5.75008621187093,-0.0273401751164041,0.005860478435423033,0.9996090083713294,0.20398183972290362,0.11424998596224967,0.9722851175302878,-0.1167412629121926,-0.11865745877448208,0.9860486220318189,1.7296486867676373,0.5709077215251817,1.2651972038014379,14.760869228746312,165.9219330868498,-80.0,5.869931036246757,-77.11473231081918,-79.99999999999999,-165.9219330868498,13.46776266,4.629447034740626,14.0,4.0,5.0,180.0,0.0,0.0
2098,234,1,2101,True,-2.47070561,-62.8059314,39.5091144,158,148,31,69,48,263.85835401900897,-2.3570901923527408,113.79322296292841,2.9716199680467206,76.30837568346949,0.17160937208875246,48,6,bottom_right,-110.5,-38.0,290.5,113.28758657837199,5.187113595479582,2.2724612574437684,-0.011873003707901234,0.05077123565310461,0.9986397315414649,-0.40829890738037616,0.05154578126652176,0.9113918118271719,0.21153271333255694,0.012446834565017162,0.9772916593829487,2.0540796681143503,1.3934730928357253,2.254735277378301,23.41986842746767,119.67190031136651,-80.0,-1.0498406938715585,-68.88182165176323,-80.0,-119.67190031136651,14.03962088,5.359411419075401,14.0,4.0,5.0,180.0,0.0,0.0
2099,234,1,2129,True,-0.685952528,-58.3305597,122.973365,116,111,87,12,12,269.4133660233266,-6.192926230001817,103.94398862505443,-4.629089216870554,75.9290743482863,7.763681059113003,46,2,top_right,-49.0,-74.25,290.5,106.08736104974122,-5.216933025437303,2.222522372030928,-0.02067196803256722,0.06660159034721537,0.9975654855200646,-0.2451524280083387,-0.27551565466409655,0.9295113829731353,-0.08300107887996078,0.12631351275274227,0.9885118701365329,1.7553997584921697,2.6854927563098303,0.8739745767352577,23.94062322212595,203.46871252686046,-80.0,3.520146192982869,-71.8818995401893,-80.0,-203.46871252686046,6.36606637,2.449599627305976,14.0,4.0,5.0,180.0,0.0,0.0
2104,234,1,2284,True,2.71362739,-72.0499673,116.799393,187,176,119,32,25,271.25228931870595,0.5153238121873551,78.88287858904674,0.4810625873281583,93.18709316774478,-3.4511032956843253,67,9,bottom_left,49.0,-37.75,290.5,75.07898888455699,10.802631606472145,11.000198357342292,0.000669723983464845,0.0011451655813746746,0.9999991200324014,0.2027316721575849,0.06226342242046069,0.9772528512788698,0.021246722881493367,-0.07836753396947625,0.9966981019277302,2.0455176097728427,1.302882847112524,1.282621339501247,12.188289051196001,196.79956617724164,-80.0,2.5818260005956244,-72.27533538961565,-80.00000000000001,-196.79956617724164,8.07389237,2.7162533458534903,14.0,4.0,5.0,180.0,0.0,0.0
2109,234,1,2368,True,1.29497421,-65.7975168,52.810937,94,88,23,36,29,270.9260840521672,-2.9375084607625963,80.71634035579201,1.88816438694998,97.17159741118854,-2.878368923374586,67,9,bottom_left,49.0,-37.75,290.5,78.65131573225004,6.599420427965118,5.143953749776168,0.018460736141662094,0.03635210055737303,0.9991685173213649,0.17067886330142462,0.045276599366858794,0.9842859112940238,-0.08680005102035354,-0.00588614238199703,0.9962083639835208,1.1049262738338366,1.250796693584874,1.3784080987638818,8.786555847306534,132.9214588906865,-80.0,-1.1588537701457486,-70.62949103982696,-80.0,-132.9214588906865,15.11035311,4.972936567472183,14.0,4.0,5.0,180.0,0.0,0.0
2114,234,1,2430,True,-5.12475468,-72.0738814,84.4083246,126,118,58,27,33,264.4049963631556,-1.5522474178374195,120.55891347413204,-7.657984999462322,81.36199280803393,4.186007083047926,57,1,top_left,-135.5,-74.25,290.5,122.317773185817,-0.5112570168590861,7.359980186298916,-0.03436402677210694,0.0151368097426261,0.9992947466362573,-0.5090197052895656,-0.1397992829090087,0.8493262624722321,0.21878968827338494,0.12163767890381143,0.9681608065688925,1.872244223426234,0.7919847574043865,1.8524599129956851,30.219549017352236,164.5243559554552,-80.0,0.5289646927169152,-74.56425527412583,-80.00000000000001,-164.5243559554552,6.79149141,2.923603569328308,14.0,4.0,5.0,180.0,0.0,0.0
2143,234,1,2955,True,0.518739996,-71.8427022,90.3996595,109,100,66,10,24,273.0142928519409,1.0635567606178982,74.40091669951244,10.780977316024936,100.01670196488561,-8.791418425103679,63,9,top_left,49.0,-12.75,290.5,76.3805543373399,16.01408354103594,5.595030468134381,-0.04135399332927231,0.015581583923886757,0.999023053526867,0.27705376520084446,0.26302292623641943,0.9241537488221678,-0.137069744145831,-0.2115413508420644,0.9677097406369903,1.7789735724428946,1.7999761421011453,1.568208021295722,23.66728723828672,170.56629363900598,-80.0,7.572337365346155,-74.50039521892249,-79.99999999999999,-170.56629363900598,11.18808985,4.2869849080089715,14.0,4.0,5.0,180.0,0.0,0.0
2153,234,1,3136,True,-5.95616603,-75.3265813,70.8440451,115,109,40,20,49,272.3460625330612,-0.4618023180399947,121.99226807292293,12.479185908885194,78.74125428020807,-7.13823456455052,35,6,top_left,-135.5,-13.0,290.5,120.53031409652014,13.734293800736278,1.9268121987642644,-0.032429727840111604,0.009078871492133931,0.9994327825545075,-0.5187869827559523,0.21438788945213014,0.8275855843229971,0.21077534985780197,-0.11261633969220297,0.9710259069286729,1.584046715316905,0.36303486667680585,1.9564278288264192,32.232938445383425,150.92965503337712,-80.0,-1.0615583942656501,-76.69685224240014,-80.00000000000001,-150.92965503337712,10.50243627,4.717915478391018,14.0,4.0,5.0,180.0,0.0,0.0
2158,234,2,36,True,2.1293543,-72.4098558,78.3875297,155,145,75,20,50,273.0737491544564,-1.0702504913659325,71.36266835413214,5.383435980349994,90.441241360772,0.34748435524739235,59,9,top_right,74.0,-12.75,290.5,71.28193798107219,14.916554924933934,9.533460767461081,0.0026249310244052184,0.026000478768030025,0.9996584841039216,0.3049650957502089,0.1761859545247261,0.9359245695045499,-0.06415292248776251,-0.050481148322954035,0.996662458508534,2.09099140881918,2.316789188746977,2.4171324768781064,19.782130740953196,158.44164003867397,-80.0,1.7134559235048408,-76.5294142977974,-80.00000000000001,-158.44164003867397,7.75889281,2.8165506562044103,14.0,4.0,5.0,180.0,0.0,0.0
2165,234,2,124,True,-0.367026256,-78.5195715,39.075436,113,101,30,25,46,269.08177370921385,0.2924591220395409,63.13707869126687,10.95614653591988,98.93238005819059,-9.863377209755384,5,10,top_right,135.5,-13.0,290.5,61.61370784064639,12.912501459041119,2.479512721028242,-0.03352556205837225,0.013910849320918791,0.9993410453693178,0.446391035063621,0.2014161328654901,0.871875326658772,-0.1726380163410796,-0.16493075742431593,0.9710787612594864,1.990782322516445,0.8160552517628641,2.03746714684639,30.780159184161004,119.1539530491258,-80.0,3.627676991448841,-80.17710418685822,-80.0,-119.1539530491258,13.65185991,5.944992266033938,14.0,4.0,5.0,180.0,0.0,0.0
2179,234,2,484,True,2.2697961,-70.5513724,29.763389,108,100,21,27,52,276.05233048172926,-5.7302463758942705,62.02905266393501,7.073978289846769,101.79175355171847,-3.78595251630378,5,10,top_right,135.5,-13.0,290.5,62.934048672582335,11.119899751838792,4.145901379950475,0.021380447496859422,0.05307333903582636,0.9983617065715323,0.4465138493996397,0.13626572762740397,0.884339885885789,-0.21094684915988435,-0.04837730249287354,0.9762996791114038,2.049362634304466,0.7511198359008076,2.072719729711188,25.885299470060314,109.94350872785152,-80.0,-0.08084531597633493,-76.38644151350161,-80.0,-109.94350872785152,13.67575622,5.430871460466893,14.0,4.0,5.0,180.0,0.0,0.0
2186,234,2,605,True,-2.70692852,-69.3139637,48.7438683,170,158,43,70,45,269.4649445262353,-1.3491023245280303,116.13047755725873,3.771468525359284,74.18006459337357,-2.538741436038212,48,6,bottom_right,-110.5,-38.0,290.5,114.03090857348681,6.74675834957924,3.641502362449303,0.025007857320060008,0.041921362350022855,0.9988078926655405,-0.4374059006792089,0.061605673159661575,0.8971515028608907,0.2383153295441823,-0.03800856125055264,0.9704437917653504,2.1835171658639734,1.0454567755792286,2.1602847625958446,27.411125126751898,128.8975279885088,-80.0,-5.9303795088450695,-74.71752367682849,-80.0,-128.8975279885088,11.7312388,4.784873522687533,14.0,4.0,5.0,180.0,0.0,0.0
2187,234,2,607,True,-4.9901132,-72.5184313,93.9629152,105,96,49,21,26,270.05327330793926,-0.5207345048172493,116.33009881789698,9.212353591126307,73.77659167131615,-8.946266423905264,29,6,top_right,-110.5,-13.0,290.5,118.22889033733976,14.939506172609624,6.033712449719397,-0.017556417536671757,0.010097322327128677,0.9997948871069007,-0.4339070099701526,0.18312166840804678,0.8821514389594427,0.16012237299572435,-0.13700471255955673,0.9775431112757592,1.145387688027246,0.5711030722744761,1.6939739909473455,26.945571987873816,173.99860455717595,-80.0,-1.9353210475959814,-74.27535129468441,-80.0,-173.99860455717595,7.08446356,2.865561657347246,14.0,4.0,5.0,180.0,0.0,0.0
2192,234,2,749,True,-8.96941224,-68.209009,41.090229,78,72,16,49,7,270.9069902579231,-5.0396491335749936,62.49692806760804,-5.366548270521537,90.62083633846395,-12.90691873824112,31,5,top_right,135.5,-74.25,290.5,59.918638237582,-1.2006813556824336,4.8991862181148775,0.018549626387131014,0.018353853655388323,0.9996594657266515,0.4648506651346865,-0.09404828614873215,0.8803799060611991,0.031691626363343425,-0.21233444245894736,0.9766830219493396,0.8964840798370878,0.8342752731849703,0.9410093602987568,27.50422712606373,121.13147841998337,-80.0,-11.216355908411515,-70.4322384279812,-80.0,-121.13147841998337,14.60115183,5.965503560091685,14.0,4.0,5.0,180.0,0.0,0.0
2193,234,2,771,True,-7.05933192,-81.9039469,76.8123441,85,77,52,15,10,270.9710416100722,-2.5056879128231966,105.61405963031352,7.943073972216564,79.98612356470825,-12.296396518620607,24,7,bottom_left,-74.0,-37.75,290.5,107.39389990544173,11.154476028789578,3.6716392216460805,-0.043384373312003476,-0.0023003501137203175,0.9990558065201759,-0.2737414773115093,0.13830827462127795,0.951806926204363,-0.03536776287914362,-0.13567027106539037,0.9901225676137113,1.8548302681092201,0.27851634043814655,1.048456622737044,15.747689591868241,156.96054522338957,-80.0,-0.24969703077286276,-81.54288269194576,-80.00000000000001,-156.96054522338957,12.13582363,4.210976109504114,14.0,4.0,5.0,180.0,0.0,0.0
2204,234,2,968,True,-0.839784344,-74.5205557,119.383774,126,121,61,44,16,274.4049960702955,1.6229089963944356,71.74032608048368,2.638263716352271,94.1881556747469,-2.4007923805421014,67,9,bottom_left,49.0,-37.75,290.5,73.76112538526793,11.65732280350604,9.242675838077815,0.006118961833411111,-0.003331740760929458,0.9999757286102414,0.3059187528488689,0.05898212550436056,0.9502288279811241,0.0030919632361045006,-0.050419599959281254,0.9987233369173331,0.9298092632641397,1.443984133174937,1.0868561789283329,17.84646764955111,199.3886134387502,-80.0,-2.059835659648474,-73.85624452934091,-80.00000000000001,-199.3886134387502,6.251836,2.217821533056713,14.0,4.0,5.0,180.0,0.0,0.0
2216,234,2,1189,True,2.81610915,-73.0259385,61.5939055,123,118,50,25,43,270.3549465056124,2.510312239536218,113.41462321084491,6.672370458792812,83.50065077571595,-6.748471491302447,48,6,bottom_right,-110.5,-38.0,290.5,116.33693637094085,7.808361486523489,3.135345247457529,-0.016962795317869643,-0.011324782656432891,0.9997919848012329,-0.42737399691078554,0.14813760070924759,0.8918557719836809,0.13472764070029333,-0.13837548865996066,0.9811731177368497,2.1391122552974613,1.137152629806657,1.8648857379959096,26.202113379494207,141.62336531248556,-80.0,5.218437308023573,-71.4220846687635,-80.0,-141.62336531248556,13.24808457,5.289544792268032,14.0,4.0,5.0,180.0,0.0,0.0
2225,234,2,1431,True,-2.13474315,-72.6345782,55.1268596,141,132,33,68,31,276.1619378609133,-0.8784017861049087,71.8942980804085,2.84823423683633,102.5153858947807,-2.448581628868189,54,9,bottom_right,74.0,-37.75,290.5,72.07547175470987,8.026695297685269,5.181629363336263,0.04097234163262208,0.026946161005336644,0.9987968620436362,0.3293857075638604,0.05341157243092998,0.9426835415891756,-0.14148297611887295,-0.013869200243761037,0.9898435294293463,1.8276201051935905,1.6622646096605525,1.564834409180976,16.964778783504343,135.2896316909899,-80.0,-7.677876158994852,-76.28011439789812,-79.99999999999999,-135.2896316909899,14.92043091,5.242158512682293,14.0,4.0,5.0,180.0,0.0,0.0
2230,234,2,1594,True,3.47113666,-75.245857,61.2247009,167,160,58,89,13,258.810382206547,-2.2726728142701584,100.47589928792536,-1.32700301894722,121.46059230448104,-3.3117232074824106,27,2,top_left,-74.0,-74.25,290.5,108.66988962808009,0.23576725131210097,8.341686197175926,-0.003347995048972319,0.02401833116034358,0.999705912104867,-0.3697413719697273,-0.060023732952881326,0.9271938682585995,-0.34896504764105885,-0.04501364052745416,0.9360540410101004,1.9766705347410327,4.683689122910673,0.9409887724367144,22.071232112780958,141.26624559281976,-80.0,3.944095350831668,-78.63883646842677,-80.00000000000001,-141.26624559281976,12.24057938,4.581332414777059,14.0,4.0,5.0,180.0,0.0,0.0
2232,234,2,1606,True,4.60234365,-69.8469648,61.6490527,144,138,31,83,24,274.5911670942403,-2.029574515426064,70.48793953676781,1.6333298097925726,98.40689778701919,-1.7709066513660423,54,9,bottom_right,74.0,-37.75,290.5,73.1303923877846,7.64440067145361,6.566241693218207,0.04203193523560807,0.030876905329866762,0.9986390404633699,0.32923453971254923,0.03119915271444829,0.9437326055245555,-0.1811999332801493,-0.026893012041125597,0.9830785065713853,1.3342772226556332,2.1823469276985676,1.6917485227790658,16.813786751727623,141.84209405059374,-80.0,-1.359554060817585,-74.22660970979024,-80.0,-141.84209405059374,16.73353866,5.869776841455106,14.0,4.0,5.0,180.0,0.0,0.0
2243,234,2,1911,True,4.80321108,-72.3492283,95.608796,155,143,94,29,20,267.41785595123605,-1.3524872525596798,121.96163160131937,6.225178008157545,81.73065873306552,-2.4067126296236876,48,6,bottom_right,-110.5,-38.0,290.5,120.60977306062159,8.625382202902728,2.7547235234284204,-0.004964160717360973,0.029065947586682694,0.9995651693607878,-0.5233574590397663,0.11271151186639047,0.8446260031281491,0.16218291128426937,-0.029219976989179546,0.9863279861344859,1.9559527377721717,0.6734313005630451,2.0042004958183166,31.77388021466407,175.6851893031648,-80.0,5.675340595360897,-77.4556848040422,-79.99999999999999,-175.6851893031648,6.52704169,2.902867998501117,14.0,4.0,5.0,180.0,0.0,0.0
2252,234,2,2126,True,-2.74173597,-71.1510921,82.2633417,130,120,80,15,25,267.9755610883699,-1.5413103679283153,109.95538886131436,8.041959947067646,82.33481515055821,-3.7219475732038,17,7,top_left,-74.0,-12.75,290.5,108.89086760994289,14.86092079334577,6.901552906244764,-0.007837547746850724,0.02019329519967317,0.9997653743125408,-0.29833370993650843,0.2152787619780613,0.9298666851526151,0.20087734599951063,-0.12596032541114857,0.9714845795412866,1.8328261755041286,1.533828022698456,1.5005368368140408,20.555273492353336,162.30142178266138,-80.0,-1.4696908273966334,-74.42849262138395,-80.00000000000001,-162.30142178266138,8.45255829,3.0989256131969123,14.0,4.0,5.0,180.0,0.0,0.0
2261,234,2,2295,True,-2.04301815,-73.1133683,77.3729436,79,73,27,25,21,269.5763789732472,-1.6981503875432447,102.81197378482128,-2.6064937439581404,84.8984605316165,-1.864093343624796,46,2,top_right,-49.0,-74.25,290.5,102.42511806278164,-0.298405511290771,2.3402838800992485,-0.0040422252910044835,0.008856658873382826,0.9999526088811896,-0.19074690380813078,-0.04139098105217943,0.9807662338065835,0.10186102694593943,-0.019708542772126525,0.9946033905689835,0.9248255229430264,1.0526220210726573,1.3950101670943507,11.150021598984097,157.38040203333117,-80.0,-1.4068511085924151,-74.50723283416507,-79.99999999999999,-157.38040203333117,9.79385508,3.27031936820391,14.0,4.0,5.0,180.0,0.0,0.0
2277,234,2,2517,True,-8.2452337,-74.9486197,114.366559,132,122,65,47,10,274.26581030960176,-0.23111730994315738,58.29992032425811,-3.300390525597713,94.5988156890554,1.0333789651251961,37,5,top_left,110.5,-74.25,290.5,56.01303042015639,0.18843470514597865,4.171542511368684,-0.017902236883288927,0.010550734185930223,0.9997840726490458,0.5385614225762284,-0.06891934275265023,0.8397628941000025,-0.060559749183342455,0.0457597942577509,0.9971151177313174,1.3945593407605965,1.0365328424934475,0.8870052900535166,33.98202509206787,194.4085371204233,-80.0,-4.764886016336513,-76.99977249863313,-80.0,-194.4085371204233,5.92110089,2.7679279061272037,14.0,4.0,5.0,180.0,0.0,0.0
2279,234,2,2583,True,3.06213512,-75.8152047,86.9303304,85,77,42,8,27,267.0675415897251,3.3153293295609294,119.21530961502081,14.417181834215864,80.83321767602187,-6.321265486737915,29,6,top_right,-110.5,-13.0,290.5,119.1551336758613,15.081488408462516,0.6670265123974104,0.007472091279381638,0.009718377519228107,0.9999248576719685,-0.5016294803976119,0.29869489687123485,0.8118800545518434,0.1769762994566598,-0.1355539640277206,0.9748356334618663,0.9553105859121274,2.217118431188227,1.6450409591432609,35.80883034532225,166.94287487626647,-80.0,1.8147227204821497,-77.43761858219281,-80.0,-166.94287487626647,9.23794579,4.514881890927704,14.0,4.0,5.0,180.0,0.0,0.0
2281,234,2,2624,True,7.11689465,-74.8866126,52.3906314,112,102,46,12,44,268.16715529463465,1.5537728111459683,70.7399316369634,6.560347585335784,98.6563334915151,-4.620299439164869,12,10,top_left,110.5,-13.0,290.5,66.5303206202611,13.409367310107996,8.039272112713954,-0.026193037169643718,0.01621849579787371,0.9995253299431106,0.3788928575644398,0.1967705823713505,0.9042795698233445,-0.16079981873923327,-0.1376564496269218,0.9773403297570098,2.266607670211116,1.081804031525252,1.662504323156813,26.218300711558452,132.4535031118573,-80.0,10.586254180258397,-77.03480918363331,-80.0,-132.4535031118573,12.30007488,4.912400496844653,14.0,4.0,5.0,180.0,0.0,0.0
2285,234,2,2683,True,0.410397641,-77.1436613,56.8283413,113,108,26,44,38,274.3612517195377,-0.9533809007541294,66.27751953648216,-4.138124243379857,100.77278245516358,1.1672134467534052,37,5,top_left,110.5,-74.25,290.5,64.77349395172442,0.6418256931814972,5.010989358962834,-0.014834945739934966,0.013897270032222301,0.9997933737880766,0.4212187554766707,-0.08273356826517256,0.9031776772688732,-0.20576319101630938,0.03645319808168414,0.9779226316904642,1.1078321889632297,0.9213637335368481,1.7605753624422038,26.415360018753226,136.85661946485666,-80.0,2.440658164912076,-79.04559469640022,-80.0,-136.85661946485666,12.30000271,4.929112848726137,14.0,4.0,5.0,180.0,0.0,0.0
2288,234,2,2702,True,-5.43252392,-79.4939021,84.8240582,144,136,84,48,4,274.5869115656893,1.3299067769977313,85.94863138175023,-1.4367177895984558,59.66192213355328,1.913841802482946,63,9,top_left,49.0,-12.75,290.5,75.17641176472453,17.417147904513342,21.71425723088494,0.002483525597959064,0.00672750502669117,0.9999742860577567,0.24352081858006405,0.25443857511829526,0.9359266116581296,-0.02424973450662743,-0.05646053508535542,0.9981102936821328,1.9838767054544544,6.61491154155381,1.0529479252468255,20.245408060535116,164.82829658529846,-80.0,-5.8418792138375775,-80.60278529381854,-80.0,-164.82829658529846,8.07122964,2.947241119415134,14.0,4.0,5.0,180.0,0.0,0.0
2291,234,2,2745,True,-2.51407445,-73.3557299,77.2526814,113,104,38,32,34,263.4787090020238,0.215714140212367,109.79930837102697,4.153894420041846,86.54165349016023,-1.9400522050040185,48,6,bottom_right,-110.5,-38.0,290.5,116.85711579491827,8.41380222112588,8.243752792658924,0.010761247958411648,0.008658549729201435,0.9999046079796636,-0.4149313281623589,0.11755962334604753,0.9022259849218245,0.11293294199430429,-0.09702745133909664,0.9888537931864095,1.1305585548395565,1.4192097069199963,1.6762246373866778,26.013251248174903,157.267683482061,-80.0,-4.206470987795458,-74.71743995822574,-80.0,-157.267683482061,7.02895993,2.797391035941403,14.0,4.0,5.0,180.0,0.0,0.0
2303,234,2,2892,True,0.87886701,-66.1014648,99.1744426,127,120,66,22,32,272.5698108898774,-0.50100694218779,59.65703243295453,-10.198443168796889,103.29678083738432,3.887518952272114,43,5,bottom_left,110.5,-99.25,290.5,60.189187545743465,-8.5492777190108,1.7328980768745628,-0.02198661567521445,0.010456808168950336,0.9997035780140372,0.5144876939241488,-0.1936617243588397,0.8353427735480641,-0.254050041484214,0.06876426045685112,0.9647435166435127,1.5405922834837824,0.7932899233415048,1.5394306581776052,34.73881111486169,179.2275695921178,-80.0,4.819474701024646,-67.97561311381197,-80.00000000000001,-179.2275695921178,6.04135307,2.8756138593629528,14.0,4.0,5.0,180.0,0.0,0.0
2307,234,2,2917,True,-4.3029977,-62.4833107,98.8702402,139,134,54,58,22,275.55089233321445,-1.1933097073864598,66.59094477390192,2.8833566346277872,97.55859265086009,0.8585523688037864,54,9,bottom_right,74.0,-37.75,290.5,67.77428654879135,6.813319628174732,4.104254729770914,-0.008490812576804407,0.026352998294904676,0.9996166393086173,0.4033809711067681,0.05368157208406264,0.9134561187969262,-0.12325625848743792,0.015177258187638602,0.9922588097757479,1.2820389468046436,1.0392162771254596,1.5066994847902018,24.342806531801067,178.93883831677235,-80.0,-2.783661561141179,-67.19888560105412,-80.00000000000001,-178.93883831677235,6.04976711,2.3425844764567807,14.0,4.0,5.0,180.0,0.0,0.0
2308,234,2,2927,True,-0.648964765,-81.5819163,74.8830411,117,112,65,17,30,269.7178175132861,-1.7993988920690842,101.17613890006734,-3.7234988943922964,83.00576753623665,1.1179994300305307,46,2,top_right,-49.0,-74.25,290.5,102.63920555742219,1.9003962220086883,5.811089426617209,-0.016544664990197383,0.01873210668031955,0.9996876423361846,-0.22068924133358686,-0.09071011563498255,0.9711168486238378,0.0665344159090781,0.08191433380285096,0.9944160162714965,1.853228418531693,1.1475271358651828,1.5822079734996746,13.402553031117076,154.93143512112601,-80.0,1.9143239255295308,-84.48410847082394,-80.00000000000001,-154.93143512112601,12.42101054,4.219150758957305,14.0,4.0,5.0,180.0,0.0,0.0
2312,234,2,3000,True,6.30082349,-67.6714143,62.3769774,147,137,57,36,44,271.6903959519353,-2.2314273437611067,66.05433888853081,-5.614589760665775,102.98060777791382,2.564613336656308,37,5,top_left,110.5,-74.25,290.5,65.45062136500985,-1.5025835030326795,4.156088342542783,0.001815604580830771,0.027343083426284557,0.9996244591689167,0.3994502438731258,-0.10407923485204937,0.9108276541378793,-0.22576146462688093,0.05956093011719468,0.9723601476269481,1.813640810425024,0.894808275129904,1.532999710238444,24.719624779349004,142.43046585551895,-80.0,6.042226083742859,-71.56590241033203,-79.99999999999999,-142.43046585551895,14.00827904,5.456931223144474,14.0,4.0,5.0,180.0,0.0,0.0
2324,234,2,3285,True,2.28106347,-65.7130189,61.5990848,146,135,57,33,45,274.5884183456118,-2.3098001650839217,65.126625118842,6.708419726392408,100.17403410313587,-2.7641271220313253,12,10,top_left,110.5,-13.0,290.5,64.69632365045918,11.760560297886602,5.070432299896144,-0.0037817625691891066,0.04187859310135533,0.9991155497297204,0.4190218016022018,0.12669228212602093,0.8990938746492192,-0.2706530201639445,-0.03839733230091779,0.9619109041633266,1.9253559851541306,0.5122693149116748,2.045100133686624,25.575165788523684,141.72443301308365,-80.0,2.8170316259084287,-71.64823876267522,-80.00000000000001,-141.72443301308365,12.67347383,5.006659794248712,14.0,4.0,5.0,180.0,0.0,0.0
2330,234,2,3346,True,4.0175272,-66.3642575,52.8303219,92,82,46,11,25,268.6514964684161,-5.377506846774222,106.5746772435675,-7.521851509017258,79.01397136007748,6.122023829304135,27,2,top_left,-74.0,-74.25,290.5,108.17295645856122,-1.8056177410356629,5.935471753727245,-0.006256965866223763,0.05707213624284413,0.9983504503143308,-0.28293479770853036,-0.14265490433425837,0.9484711268747282,0.12389748363132895,0.16221181459884074,0.9789467507246632,1.992062279277534,0.9123512196584298,1.621226328819645,19.858356860117574,133.04979414611208,-80.0,4.850015220480321,-73.95769347858926,-80.0,-133.04979414611208,15.46461834,5.619187348653351,14.0,4.0,5.0,180.0,0.0,0.0
2339,234,3,65,True,7.62064906,-65.9206729,103.267927,130,120,104,8,8,269.2669415016836,-0.9653265426497721,110.57152255012664,-7.606472158863198,83.48266041389041,5.9925800125586886,46,2,top_right,-49.0,-74.25,290.5,106.82578487595539,-2.4383040755818643,6.382829471382869,0.001656639829253442,0.020793222985567298,0.9997824250417431,-0.3492571653846452,-0.1299173136369861,0.927976790682198,-0.2119764621915588,0.056698220338573864,0.9756286646502291,2.0149550362768123,0.6092557228052833,0.870717552665576,22.40768796253699,183.30781018915005,-80.0,7.316974040627424,-69.73223307225904,-79.99999999999999,-183.30781018915005,10.14693427,3.816016924707112,14.0,4.0,5.0,180.0,0.0,0.0
2341,234,3,73,True,-0.0895248281,-70.7086162,96.5467729,190,180,96,47,37,270.31023053919256,0.18819067259779435,124.13768906330058,-4.284200014939707,77.82978417055018,0.9000078169784084,57,1,top_left,-135.5,-74.25,290.5,124.92122240192917,-0.8577252460067388,3.514918752244025,0.0036690909520918327,0.0002070111491864202,0.9999932474361862,-0.5664516322000687,-0.07926826451918056,0.8202737900347636,0.21955523497813503,0.030646822302071056,0.975118593339539,1.9023227576227149,0.8931384711776954,1.991341030497396,35.09763222279803,176.5479650514002,-80.0,-0.7372953692803176,-70.7451635971318,-80.00000000000001,-176.5479650514002,7.85653525,3.772460888033073,14.0,4.0,5.0,180.0,0.0,0.0
2345,234,3,162,True,-4.50126098,-67.8050936,86.4491894,110,104,55,24,25,269.6010641429623,-2.8618957467591244,98.81595228296553,0.5073203144482469,84.66126764466094,-4.460438769029452,4,7,bottom_right,-49.0,-37.75,290.5,102.30226965447682,8.189208761296904,8.435983577789152,-0.030471665945408156,0.021370009185919362,0.9993071601274081,-0.1838129198056438,0.06650877180873094,0.9807086181863695,0.08649508791940527,-0.073492374363354,0.9935378556835421,1.5654394278058237,1.0694847708906359,1.35277228265256,9.230319005435884,166.56459199069315,-80.0,0.5742396254736093,-71.36458046089002,-80.0,-166.56459199069315,12.51784178,4.1298501150154685,14.0,4.0,5.0,180.0,0.0,0.0
2353,234,3,247,True,-0.118754372,-79.2185832,53.2259369,112,103,48,18,37,270.9365491056018,0.42931833081288495,66.67511608548628,11.870360589106456,101.94205380631418,-6.661221480938717,12,10,top_left,110.5,-13.0,290.5,65.00475222705266,14.19481883419151,2.8623803997206823,0.0005686078946517403,0.019746920301666027,0.9998048488698492,0.4075072542744486,0.22882365555227657,0.8840687599804627,-0.20082981957113444,-0.13459612268718654,0.970335646737046,2.173163017332556,0.541778050079204,1.8916413146665434,27.29634270440886,133.2519411669135,-80.0,-0.19452247772517625,-81.84989866226533,-80.0,-133.2519411669135,11.87555567,4.83370721946871,14.0,4.0,5.0,180.0,0.0,0.0
2358,234,3,316,True,1.18429686,-70.9738813,68.9313156,110,104,58,14,32,266.1740895876262,-1.5886457009055204,107.3308474762714,-6.835269260609962,73.96183961455611,4.989597359551169,27,2,top_left,-74.0,-74.25,290.5,108.74347560990348,-0.8021955018687764,6.196248641100547,-0.038116955657077456,0.013889411064314735,0.999176752107315,-0.3084509117668655,-0.13749278268974696,0.9412511725030781,0.14155785946618302,0.1061246779616283,0.9842250378601903,2.0097032796143797,0.8331633535905214,1.6009175384182084,18.135362163033793,149.05402401116342,-80.0,6.865782483742475,-73.0441539102813,-80.0,-149.05402401116342,14.94576407,5.319360005401911,14.0,4.0,5.0,180.0,0.0,0.0
2361,234,3,439,True,-4.57520183,-67.2264976,21.2146916,114,106,6,48,52,271.515255759438,-5.730594347747676,116.6775551744166,-4.697932530043914,77.28577997370172,1.7177966122814274,57,1,top_left,-135.5,-74.25,290.5,115.92872508295788,-1.343715560477801,3.4367889060574184,-0.3030742874335126,0.0376773280061653,0.9522218204026751,-0.4547157516066053,-0.0901020817352468,0.8860672661304078,0.21509775100341788,0.05864015150596047,0.9748303904498618,1.5307861078623974,1.3823264491254061,1.7808690821114446,11.999219777824564,106.29318655730697,-80.0,27.63952994489323,-71.23134085474018,-80.0,-106.29318655730697,15.9322301,5.352414593207625,14.0,4.0,5.0,180.0,0.0,0.0
2363,234,3,466,True,-1.61350159,-68.3053984,40.516478,65,59,16,11,32,269.0257358592006,-3.1903289875237006,101.29048585706465,4.59489894479315,76.29475806352687,-10.096096815841028,10,7,top_right,-49.0,-12.75,290.5,100.73354972390028,12.317103071743425,7.742261583976089,-0.0346681169792962,0.028678135674018005,0.998987330349776,-0.22454768999467847,0.1601337785825106,0.9612156406732786,0.22043947861083935,-0.11607692569318528,0.9684691959951025,0.8285187336029279,1.2120891356982268,1.599483850532684,13.438673713580842,120.63864509453138,-80.0,2.5688130703610117,-71.76508983155068,-80.0,-120.63864509453138,18.74047877,6.367653977770789,14.0,4.0,5.0,180.0,0.0,0.0
2385,234,3,955,True,-5.28235888,-72.5207226,73.5941278,148,139,71,63,5,274.3193437719203,-1.3498068808968564,85.1419801911421,2.5565144779091518,62.223647877778774,1.5553762555498696,67,9,bottom_left,49.0,-37.75,290.5,75.94986223422187,8.83913131648344,11.134015756871932,-0.007200628098888212,0.03697322800608494,0.9992903138556841,0.29007852729311,0.13913514221356194,0.9468346530438524,0.10735162349803533,0.033209645100532044,0.9936663164285247,1.986942376002971,4.374686462075077,0.6508201870393393,18.337780704168278,153.70320883764896,-80.0,-4.175599235554342,-78.20362638562128,-80.0,-153.70320883764896,7.68791838,2.742591372763803,14.0,4.0,5.0,180.0,0.0,0.0
2387,234,3,968,True,-1.46715246,-76.4541233,108.16353,176,169,101,40,28,265.84179236705137,2.17730192809439,120.5382476966738,4.23626522873639,82.00483214289711,-2.9911294357406177,48,6,bottom_right,-110.5,-38.0,290.5,120.87841415416841,10.25966558145812,6.032998013257812,-0.008563381715192784,-0.012580149661155171,0.9998841974589372,-0.4954339964470654,0.07932387040942324,0.8650161147329907,0.1947352439193311,-0.0049670210163811354,0.9808432665201416,2.1625400984896226,1.169410109403081,1.7037563006735688,29.754408924680558,188.1853223385175,-80.0,0.14435028838132058,-74.08672378094873,-79.99999999999999,-188.1853223385175,7.39213321,3.15249270434479,14.0,4.0,5.0,180.0,0.0,0.0
2402,234,0,216,True,-3.57241869,-76.0377506,56.6365306,80,73,25,15,33,276.6667819622789,-2.105992930510196,77.32221293264311,-0.8172466534477889,93.04026192522389,-11.344593839631717,63,9,top_left,49.0,-12.75,290.5,77.33054477450165,14.790244113712157,15.60749299107873,-0.00466059713963346,0.024816337728398086,0.999681163279599,0.1950366430949788,0.2565701594664498,0.9466427315104694,-0.040081212455428825,-0.151570401981027,0.9876334895351679,1.0034419761722104,2.136167233527142,1.453378520313881,17.86181126762554,136.68010923777345,-80.0,-2.9354077638416443,-79.42965035159892,-80.00000000000001,-136.68010923777345,15.46145025,5.485853051484654,14.0,4.0,5.0,180.0,0.0,0.0
2426,234,0,643,True,-2.21781902,-66.1957237,50.4860838,61,60,22,34,4,284.43933067902447,-1.7266849564593842,86.330075390414,-2.787580718357025,56.00038410212243,-3.995946829232839,63,9,top_left,49.0,-12.75,290.5,77.9540341890744,12.285728655215385,17.2442083517326,0.014348037895086319,0.03985868981857819,0.9991023064003544,0.20296216805059006,0.21724157905526417,0.954783983249499,0.3920833246383921,-0.12292995992880251,0.9116791603916414,1.0206177308565563,4.7823685596569945,0.3998003226806059,15.094429526629174,130.60332556945616,-80.0,-4.091720484494853,-71.40140114314774,-80.00000000000001,-130.60332556945616,17.21893902,5.937288482773077,14.0,4.0,5.0,180.0,0.0,0.0
2436,234,0,828,True,-1.80830841,-68.6970764,91.9894192,158,150,93,21,36,274.00447165560786,2.7765154754579693,65.34225109032475,8.596217192105211,94.93848785885969,-1.8708270717540243,12,10,top_left,110.5,-13.0,290.5,60.500781515644796,13.723149120457451,7.051613903250044,-0.003501085015366665,0.00340967795445002,0.9999880581786775,0.4820882061732269,0.19733582573259562,0.8536097078589928,-0.21402883206730997,-0.14324328574212888,0.9662675717076,2.073379000468114,1.883941342889559,1.9721176450293592,31.506099741678465,171.99147309144064,-80.0,-1.2061516407887183,-69.28351193415327,-79.99999999999999,-171.99147309144064,7.60051079,3.3608749793493544,14.0,4.0,5.0,180.0,0.0,0.0
2468,234,0,1354,True,6.37538912,-66.9105677,106.354525,83,83,67,11,5,262.76921041293525,-2.5936137418826823,74.2272285468796,15.367364851463742,144.79373399845323,-19.645881574363074,63,9,top_left,49.0,-12.75,290.5,76.96713286670327,15.989238980461879,2.809591271716506,-0.03363911317608356,0.013743743981510795,0.9993395416804528,0.2138497393785784,0.17634582797139398,0.960817588267824,0.08339051931135567,-0.06942533271858452,0.9940956415083493,1.5714112360023977,0.36895539101800906,0.9201366429812583,17.173904374455,186.47768573895618,-80.0,12.648333095386892,-69.47346927106084,-80.0,-186.47768573895618,10.28829609,3.622811104916408,14.0,4.0,5.0,180.0,0.0,0.0
2470,234,0,1367,True,-2.5555792,-75.1023748,90.8443153,141,134,91,12,31,275.28667827663935,2.2470234986536375,72.24573155033406,8.61905633346108,97.28752387433381,-5.9750380964047745,59,9,top_right,74.0,-12.75,290.5,69.02127742974294,16.256592639604396,8.290299464039542,0.002314722846121754,-0.002011735417374538,0.9999952974783212,0.3516752632515164,0.23042613472141088,0.9073192964190319,-0.18382572776153192,-0.1506757563585278,0.9713418132968069,2.035812598172111,1.2820092057233143,1.9710453554345797,24.81529092752857,170.84511870287443,-80.0,-2.9510382994099262,-74.75867962381987,-80.0,-170.84511870287443,10.8244929,4.223187633717068,14.0,4.0,5.0,180.0,0.0,0.0
2472,234,0,1417,True,0.825378409,-69.3580381,105.487058,158,149,106,18,25,268.41105195670514,-0.15912000690240746,110.09686799036868,-4.3948754673451225,74.70503864880087,4.945207748912666,27,2,top_left,-74.0,-74.25,290.5,112.02004345926477,-1.4041744811652654,3.555685063795846,-0.0022784227113835727,0.015972196069230064,0.9998698404005766,-0.3952359867678003,-0.10745460542409291,0.9122729978119686,0.2441679398847702,0.08241378642666643,0.9662246037745298,2.014727373750502,0.9100941039414446,1.6537460405430155,24.30901941898805,185.51120406400952,-80.0,1.2480513495555519,-72.32105942434931,-79.99999999999999,-185.51120406400952,9.17682892,3.5515480284536407,14.0,4.0,5.0,180.0,0.0,0.0
2478,234,0,1622,True,-3.19373422,-74.2320361,116.138274,95,86,59,14,13,266.73282624842847,0.9144120216062565,112.09537258791124,7.397642952404929,80.69526777770604,-2.204422457732653,24,7,bottom_left,-74.0,-37.75,290.5,112.10149811212278,10.971121539788495,3.573483837452705,0.0031911358847755613,0.018223857241189467,0.9998288391914977,-0.3637732311061547,0.17163219169503985,0.9155388725251076,0.1521991603908659,-0.06268103309160723,0.9863602301729751,0.9745613857715589,0.9935770891170902,1.5401607413573661,23.45843285651916,196.17185093261102,-80.0,-3.819745253093897,-77.8070439061358,-80.0,-196.17185093261102,6.21759074,2.3748561787227174,14.0,4.0,5.0,180.0,0.0,0.0
2487,234,0,1868,True,2.25723703,-81.4733408,101.770953,117,115,75,34,6,254.9734077644929,6.737896079225187,101.80812711718328,4.055256145871497,144.7298306505865,17.29210573247927,17,7,top_left,-74.0,-12.75,290.5,112.00150129142142,18.655655512157686,17.80664310618583,-0.029953395889486596,0.0027845986909345033,0.9995474176270069,-0.44730414316074085,0.2993356830836493,0.8428031515983319,-0.8995345269558086,0.2748209812832399,-0.33957482689520263,1.6336138099263626,4.933396294205985,1.5399331579810154,31.057108368900728,181.8532565783988,-80.0,7.704359618085162,-81.9797291402104,-80.00000000000001,-181.8532565783988,7.16019605,3.13616557019813,14.0,4.0,5.0,180.0,0.0,0.0
2489,234,0,1901,True,-3.97045035,-65.3420739,108.84575,105,100,55,32,13,273.4999022230578,0.4035222255665251,70.40534754903054,4.1778430257268795,92.75026417653037,1.1179983674082563,67,9,bottom_left,49.0,-37.75,290.5,73.74329495370051,8.296409304195945,5.301365962323819,-0.0003996665314183956,0.02183045227053525,0.9997616073946466,0.3449559241201402,0.08175793884236215,0.9350513621457748,-0.05028391986275185,0.024727807491804137,0.9984287971307141,0.9691182317248705,1.2242893749664345,1.3522147095951391,20.532171890047312,188.89078016521083,-80.0,-3.894957027074456,-69.4656450607408,-80.00000000000001,-188.89078016521083,6.7070111,2.4582200568003687,14.0,4.0,5.0,180.0,0.0,0.0
2495,234,0,2034,True,-4.53484555,-71.3746963,111.187519,163,154,104,24,26,271.84185307722277,0.695520351504759,124.85901749418622,8.116482326994685,82.63612365102203,-3.8668084687401527,41,6,bottom_left,-135.5,-38.0,290.5,126.14341671893867,8.547838618054987,1.3548983793561753,0.00041989897743177645,0.012195454853304536,0.9999255445110751,-0.5402068342641142,0.1307445839356255,0.8313136772517604,0.21389850175534036,-0.04780954704335749,0.9756852351851646,1.9997160162435361,0.5321776098252137,1.9786057380664657,33.63123446272403,191.20175502015334,-80.0,-4.615130971416123,-73.70648867122087,-80.00000000000001,-191.20175502015334,7.02365448,3.2565258137627437,14.0,4.0,5.0,180.0,0.0,0.0
2501,234,0,2083,True,-3.96451779,-64.4017184,101.254276,159,153,96,23,34,263.7527475779301,-0.8708784672953168,123.27896461455748,-8.409112392588328,78.87067995076525,4.501633998288812,61,1,bottom_left,-135.5,-99.25,290.5,124.80128153409851,-8.59836292875016,1.5340353871271746,-0.02743799783225081,0.024080501301167005,0.9993334207020408,-0.5200030837553176,-0.2370032353926601,0.8206255292753034,0.2895527051681373,0.12983014184271624,0.948316068196102,2.156225350583771,1.356389177148599,1.8942349823308509,34.040795930819954,181.37517693811063,-80.0,1.0120539216519862,-68.76932358425756,-80.0,-181.37517693811063,7.27234396,3.4043008763249993,14.0,4.0,5.0,180.0,0.0,0.0
2511,234,0,2261,True,1.30774652,-64.8447089,134.624869,122,116,70,24,22,270.7268309635211,-2.9370624245169137,58.73083288475695,-5.4598290887488625,101.33770779967266,4.696967114250056,37,5,top_left,110.5,-74.25,290.5,54.988332393529184,-2.8292246943166544,4.574537070223184,-0.0022239075366930674,0.026104745723664072,0.9996567393290414,0.5107041098362399,-0.10566532443894872,0.8532386251263977,-0.19100518687592435,0.10816130092968537,0.9756116807253239,0.9788951460358667,1.2394921370962593,1.5967129297338374,31.891332657483474,214.69856657401604,-80.0,1.7852162803211526,-70.44936038764985,-80.0,-214.69856657401604,5.53214589,2.4666635487404807,14.0,4.0,5.0,180.0,0.0,0.0
2516,234,0,2315,True,6.78607885,-80.5902031,105.08136,198,187,106,58,23,270.49029463005115,0.3804618026602526,57.39592041407993,-3.366618926868701,102.34347694537703,-1.8557892520742185,31,5,top_right,135.5,-74.25,290.5,55.23238986374287,1.60898071734126,5.425629572842593,0.004950649670944774,-0.005528645685439982,0.9999724621931948,0.536450214508702,-0.06821724322600453,0.8411703603196036,-0.15751015464594167,0.014190879862435054,0.9874153989644588,7.2110227614394695,1.0973483181921515,1.6416014287810692,32.41580110540045,185.0864568750917,-80.0,5.869780643174993,-79.56692565876415,-80.00000000000001,-185.0864568750917,6.25730351,2.822288820725481,14.0,4.0,5.0,180.0,0.0,0.0
2519,234,0,2401,True,-2.16644016,-71.7455086,77.3224653,151,146,44,66,36,272.00076017297306,-0.4402929385429673,118.76517780651498,3.475076131234921,76.25127749435448,-1.5648726810398992,48,6,bottom_right,-110.5,-38.0,290.5,116.93898030524058,8.032578820594344,4.909768637846315,-0.026907868421323956,0.01589823712832694,0.9995114870141474,-0.48406760220687506,0.055048962367413086,0.8732972965926081,0.24924761405617427,-0.012593883712228027,0.9683578992192645,1.434128832762662,1.3646765045641769,1.5630066345437912,27.529733766109803,157.39935692982507,-80.0,2.0688410258687377,-74.24788090031652,-80.0,-157.39935692982507,9.04717343,3.698063321335219,14.0,4.0,5.0,180.0,0.0,0.0
2562,234,0,3132,True,-0.85628118,-82.358488,63.734048,77,71,29,9,33,267.95309011835195,-0.7525690486290495,105.7719838617775,8.05241379240439,87.4061622617358,-9.542536029243232,24,7,bottom_left,-74.0,-37.75,290.5,107.87718884940459,10.604039665603045,3.3079725870549126,0.007680652043891632,0.00785319715149213,0.9999396656192215,-0.2733699685583497,0.13490920838788692,0.9524013680075017,0.06979045976648728,-0.13410858594937547,0.988506033820857,0.9516901561855586,0.30752541020214835,1.78069172083709,17.954109671235205,143.7427206280405,-80.0,-1.9603190009863032,-83.48732792418384,-80.0,-143.7427206280405,14.79196398,5.2537806143338885,14.0,4.0,5.0,180.0,0.0,0.0
2564,235,1,24,True,-7.09177609,-76.1067028,34.4510915,92,82,14,27,41,276.65646887150314,-2.46646968257632,97.98234572833297,-2.917015311548068,84.04341355520467,0.8044884793689598,46,2,top_right,-49.0,-74.25,290.5,99.29533789769923,0.41000969787641095,3.5767364803900574,0.01568786247669798,0.032577426366564806,0.9993460873302318,-0.16048047173091792,-0.06985786559516317,0.9845638104295273,0.09112549904182134,0.030404027018555706,0.9953751747785525,1.0522240136012526,1.1139198325009065,1.6032111813909147,11.727150533888338,114.52598149031415,-80.0,-8.888443937628907,-79.83766452905927,-80.0,-114.52598149031415,14.29217403,4.791870464355401,14.0,4.0,5.0,180.0,0.0,0.0
2571,235,1,131,True,0.857449282,-65.4854752,32.932473,91,86,12,32,42,273.75973731679153,-2.416421467137356,64.52167029702369,7.844808816226168,99.85324257927279,-3.84548473053572,5,10,top_right,135.5,-13.0,290.5,62.40183411543127,10.236600794665705,3.195993476982711,-0.034625885143828666,0.0408920471440225,0.9985634123872041,0.4442049622274585,0.1499475807723896,0.8832879907216049,-0.20302955624075605,-0.0691148014216373,0.9767303330587872,1.0070784729635087,1.4124797590401754,1.5864491918945895,29.217885543890606,113.09494379532622,-80.0,4.7734618162047235,-70.11015897342905,-80.0,-113.09494379532622,15.81551869,6.673728788549337,14.0,4.0,5.0,180.0,0.0,0.0
2587,235,1,404,True,-7.29681912,-74.7306594,89.2240306,101,97,61,28,8,271.53267728638446,-6.27795798463153,84.82810964459156,-13.668974464222712,48.41483317632835,-34.13148065327034,10,7,top_right,-49.0,-12.75,290.5,101.70571325720044,16.779864001963183,34.81357878248414,-0.03250261364219045,0.003003614849538927,0.9994671372307656,-0.3025976307781712,0.36711814303968754,0.8795788440489739,0.4920372685833325,-0.14275306049175474,0.8587903644343543,1.7385683560299716,4.47794212928644,1.7063479713194005,27.120715232692838,169.31425186111755,-80.0,-1.7936634076415707,-75.23921420112862,-79.99999999999999,-169.31425186111755,8.39279916,3.4053708005123355,14.0,4.0,5.0,180.0,0.0,0.0
2588,235,1,447,True,5.17195363,-68.7879329,68.3398186,123,115,34,37,44,272.4824510814024,-1.9725253174931259,63.01709805321205,6.564718824802474,103.39652005165765,-3.621043172109918,18,10,bottom_left,110.5,-38.0,290.5,64.63396895008033,7.137618372098428,1.715367420826086,0.03478673519950096,0.03970186049472125,0.9986058508377655,0.44312093371392086,0.10938739305750422,0.8897630225765658,-0.2688867683213629,-0.038081244032908586,0.9624186847077523,1.2331048138794842,0.6736653055974137,1.743594260850948,24.731244175183335,148.5469151573191,-80.0,0.004491427719605312,-74.68552180249708,-80.0,-148.5469151573191,12.32128177,4.800657235772611,14.0,4.0,5.0,180.0,0.0,0.0
2595,235,1,548,True,0.562398944,-78.1019619,61.6466181,85,80,28,15,37,262.9883919553298,1.8195103627412854,115.13232510027777,8.552743111390889,87.18818306723368,-1.7226756765422966,29,6,top_right,-110.5,-13.0,290.5,115.88726920828123,14.355301590990113,5.851463536191437,-0.010223749941885628,0.03390972325117992,0.9993726059914562,-0.439150563909187,0.19330252899170675,0.8773715943109016,0.1517682542662714,-0.0573558948512144,0.9867505755370933,0.858726789231614,1.3338253405379537,1.7798432742334418,27.39373037682532,141.73554212993005,-80.0,2.0114676846140003,-82.90817490848188,-80.00000000000001,-141.73554212993005,10.77500797,4.3934681685924675,14.0,4.0,5.0,180.0,0.0,0.0
2612,235,1,962,True,6.95737917,-73.9536804,69.765278,86,82,33,33,16,265.96425614412993,-0.9763897418810774,107.00450724139064,2.8522941920547678,83.8908451285474,-3.748225723521032,4,7,bottom_right,-49.0,-37.75,290.5,104.22510142555257,9.033586043143957,6.777423229919771,-0.006900393276994152,0.011018332037553757,0.9999154868946342,-0.30859470078085366,0.061414775077700864,0.949208900112157,0.018680456507785735,-0.042723566447487094,0.9989122771368204,0.9085419572566507,1.6155518881738897,1.0188946789992976,17.83643736083998,149.77793619850343,-80.0,7.990905833986212,-75.60398343293465,-80.0,-149.77793619850343,13.31316917,4.722277757099697,14.0,4.0,5.0,180.0,0.0,0.0
2617,235,1,1072,True,-0.592253456,-77.0929361,41.0964858,110,99,32,30,37,271.8705764458732,-1.0602380657857544,69.27827534861001,6.257209194937531,100.66060898507209,-4.388021290500605,18,10,bottom_left,110.5,-38.0,290.5,65.9902889205415,8.148428817540132,3.793094569356244,-0.03293612193196854,0.025290433944892943,0.9991374308987536,0.3582443078305134,0.11851436366176771,0.9260752461397955,-0.17592825276286803,-0.08949609897713585,0.9803263222762506,2.074887413197382,0.9047641062454389,1.7918258150726327,23.58399264531249,121.20103006357208,-80.0,3.399638448453995,-80.15816274487575,-80.0,-121.20103006357208,15.01276836,5.745190703321351,14.0,4.0,5.0,180.0,0.0,0.0
2623,235,1,1161,True,1.96587243,-72.2441914,91.3119207,123,115,50,38,27,270.37616183875423,-1.4916669479387006,122.71365691372309,-5.5423672040777126,78.59445196763211,1.9295656756652397,57,1,top_left,-135.5,-74.25,290.5,124.61076088421078,-0.4748477064955659,5.410984876454136,-0.013364617735138327,0.01711691861428144,0.9997641712373702,-0.5384671462742859,-0.09570882630814112,0.8371934979142783,0.2131040665102361,0.03233974122041439,0.9764941361701039,1.3450354512161846,0.7969509867169483,2.22336003216396,32.58916882635698,171.35233050807747,-80.0,4.255930825265536,-75.17721529567422,-80.0,-171.35233050807747,6.74717061,3.0549945683880386,14.0,4.0,5.0,180.0,0.0,0.0
2638,235,1,1400,True,-0.80520064,-66.5330753,85.4363146,244,239,71,129,39,266.4767010940501,-0.7523713045534345,123.56662359065147,1.7519195367251572,79.09736094923414,-0.6430008228414031,41,6,bottom_left,-135.5,-38.0,290.5,123.29866008942295,6.633591446533912,4.8890208705840585,0.021396895926326886,0.015269322536962227,0.9996544506148013,-0.5512584519134127,0.030467424892316578,0.8337780611256563,0.24389572342308594,-0.008558739730508361,0.9697636949639614,1.8396496264116282,2.51906158793575,1.8657232094015577,34.69839910932189,165.49350077744802,-80.0,-4.346247852618553,-69.06004894114186,-80.0,-165.49350077744802,8.01253404,3.8101470279330067,14.0,4.0,5.0,180.0,0.0,0.0
2648,235,1,1497,True,5.40144448,-62.7121588,87.2712593,153,145,87,40,18,265.37705825030815,-3.5165010075185896,119.83952684708287,4.804179891035815,81.61195124776346,-7.9274193564239335,48,6,bottom_right,-110.5,-38.0,290.5,119.69613203777739,6.029663555065011,1.2338445129505486,0.00038126585575634647,0.021965936731903505,0.9997586470042844,-0.4841891418736047,0.08132582780433771,0.8711756336259879,0.1395354137619445,-0.043338786324414576,0.9892682234390275,1.992655830616235,0.9090925363188738,1.4767657636813287,29.241654813898233,167.31164046564447,-80.0,5.337654264219868,-66.38731570897933,-80.0,-167.31164046564447,9.52013047,4.019107706003553,14.0,4.0,5.0,180.0,0.0,0.0
2660,235,1,1638,True,-4.50235529,-72.9044252,22.186164,98,91,6,31,54,267.00508619811455,-6.359767405902221,115.09751693283225,7.821923231582799,77.01943428630896,-4.947358665297147,35,6,top_left,-135.5,-13.0,290.5,116.02280804434324,11.3445291153084,3.6421032183478084,0.003329622059856485,0.056502939664803686,0.99839688071737,-0.43754486092143946,0.15357489038031574,0.8859849026512316,0.21752024329113984,-0.0667678362782448,0.9737694798037598,0.9285138628157609,0.8407139749253197,1.882967506643453,26.90156935295991,102.35024364917588,-80.0,-4.843142919085982,-78.68751484158734,-80.0,-102.35024364917588,15.39315456,6.221450477475006,14.0,4.0,5.0,180.0,0.0,0.0
2661,235,1,1645,True,1.98469584,-54.1356499,73.6241078,156,148,71,34,43,274.3668466090682,-4.594789922377873,58.60918382735903,-8.3281986563499,101.58228102102287,7.013537178924618,31,5,top_right,135.5,-74.25,290.5,58.38230146513593,-4.515799079038231,3.8191446874102737,0.005502299036288989,0.06205515354660874,0.9980575547650656,0.5093562276565636,-0.15449683194936895,0.8465736602712628,-0.22977467808858007,0.13998202183452016,0.9631244109004866,1.9497878313809038,0.4711286321540519,1.849413680367699,33.05529651055199,153.9230949823949,-80.0,1.1377649428157501,-63.687371193501754,-79.99999999999999,-153.9230949823949,10.3350274,4.72887971147456,14.0,4.0,5.0,180.0,0.0,0.0
2662,235,1,1649,True,-3.18262771,-73.5303186,25.3227117,73,67,7,22,38,280.8079041149084,-5.14415360510165,74.87164063479418,4.798469494097559,97.47614277037283,-7.529225983643523,59,9,top_right,74.0,-12.75,290.5,73.77180967917343,12.411458368504512,7.692023643540475,-0.02189224103910325,0.031217699250752233,0.9992728281284222,0.28473517965240375,0.16331964408912267,0.9445912191646266,-0.10573657852192582,-0.11920550695522181,0.987223289369748,0.7880858626457851,1.2166059667126345,1.7727648035699424,19.4780486083816,105.39935514634486,-80.0,-0.8751996217701707,-76.82064397018182,-80.0,-105.39935514634486,18.73634062,6.77576565248047,14.0,4.0,5.0,180.0,0.0,0.0
2681,235,1,1821,True,-0.20565416,-80.1856596,43.0169622,100,93,17,32,44,265.6451995595077,-1.4942446823104154,114.56492654908058,5.352552234998991,79.28673415427825,-7.800918087296323,48,6,bottom_right,-110.5,-38.0,290.5,114.0208247148705,8.849707249504636,3.539228729747874,-0.003963913444288218,0.016891448111961974,0.9998494718560825,-0.4288250627400813,0.12371479399787512,0.8948763687303564,0.17684440363703094,-0.1347008901891159,0.974977808508749,0.9460417722952663,0.7670160813524581,1.6636651430105849,26.034331744062825,123.03548250281713,-80.0,0.2820478432174046,-82.26390706862654,-80.0,-123.03548250281713,13.5081059,5.377898476684021,14.0,4.0,5.0,180.0,0.0,0.0
2687,235,1,1948,True,5.01260734,-71.7356742,62.9408119,129,119,57,37,25,264.7280261657754,-1.4893259077031042,111.00247379031072,-3.489132112555443,83.94297947180105,0.45315283910168835,27,2,top_left,-74.0,-74.25,290.5,109.14791284450533,-0.5980210027391781,3.4348100021703694,-0.024842780677112826,0.013190131504162483,0.9996043500701324,-0.3137445288907452,-0.06416243620379025,0.9473370848708073,0.11822436824964151,0.017611343937439686,0.9928307203731613,2.0044230285621336,0.9781405196244152,1.7164217047368477,17.46313224415098,142.99738880685268,-80.0,8.56506010752847,-73.62182856311425,-80.0,-142.99738880685268,14.90442583,5.264834219557208,14.0,4.0,5.0,180.0,0.0,0.0
2697,235,1,2052,True,-2.71194046,-75.010405,52.4631407,83,78,29,24,25,266.8928953840568,-0.40676669949543887,105.07088505606265,5.189797477423586,89.41664536711589,-1.7716901923481712,24,7,bottom_left,-74.0,-37.75,290.5,106.67207905374637,8.528067542479413,3.7024139754309227,-0.0774506581653054,0.03941508280900264,0.9962167669723897,-0.2603804435458575,0.13621255116581035,0.9558494471012493,0.05181689727575403,-0.0645101338902303,0.9965708463436901,1.5282399528451547,1.0690753106248136,1.1937575787213002,12.103969567640487,132.96618275415076,-80.0,7.5863779080372575,-80.25127810405183,-80.0,-132.96618275415076,12.25482821,4.120210780252489,14.0,4.0,5.0,180.0,0.0,0.0
2702,235,1,2125,True,-0.610961223,-61.358055,95.2633648,107,97,54,19,24,273.9530810573644,-2.657681616538931,72.80277619634383,4.909265232304326,96.41451697892971,0.03239354146722103,63,9,top_left,49.0,-12.75,290.5,75.7425091583982,13.56621371753872,9.142471600403857,-0.017247886389771348,0.0372772066397754,0.9991561040599317,0.28150101396108534,0.11767808074722022,0.9523177245281805,-0.1403199665322036,0.009454572985857166,0.9900610678347352,1.4350921036824258,0.6358664237504785,1.32246011904383,18.002046143432093,175.41139376303835,-80.0,2.414514568096332,-67.8969017722758,-80.0,-175.41139376303835,7.37601684,2.621222009229629,14.0,4.0,5.0,180.0,0.0,0.0
2726,235,1,2477,True,-4.98973116,-65.8439695,88.4942255,101,94,44,23,27,268.1139152223952,-0.8897539069290819,98.86956789327861,2.0467750333656936,83.8539351560089,-1.291316143670163,4,7,bottom_right,-49.0,-37.75,290.5,102.29076320574346,7.738379884317185,6.640703512837024,-0.012045771787446941,0.018335136875878958,0.9997593321083768,-0.19838975414591836,0.06535575426100958,0.9779417829476849,0.053076233525982855,-0.03814461967156246,0.9978616644729905,1.158969874721239,1.1180617983228889,1.4167524830089002,11.09945710158603,168.53478641171088,-80.0,-2.9595995846384167,-68.93407787720574,-80.0,-168.53478641171088,12.68828941,4.235345415369143,14.0,4.0,5.0,180.0,0.0,0.0
2735,235,1,2591,True,-3.97950807,-77.4432827,56.1431216,126,116,47,42,27,272.0748994192952,-0.7332425795673524,66.40383152209604,-4.718031072622779,97.09436880462852,0.2626570496019522,37,5,top_left,110.5,-74.25,290.5,63.96524626173995,0.7014427055726633,5.942843940789121,-0.0014955368604169241,0.019915029614135053,0.999800557593847,0.4395827282462466,-0.09513911000599459,0.8931492455210684,-0.18501885973053198,0.0451090333144939,0.9816991375454324,1.9596608909370754,1.1381141033460138,1.7662033376465247,27.074054048860795,136.17027972823553,-80.0,-3.7758603973731404,-80.15511785335286,-80.0,-136.17027972823553,10.08025168,4.0866459452679935,14.0,4.0,5.0,180.0,0.0,0.0
2738,235,1,2606,True,3.03542005,-69.9930354,34.1578971,145,134,24,60,50,272.4496257147126,-4.627828435560638,66.24227517245787,-3.8855454974260084,102.31510308173718,3.355556789740479,31,5,top_right,135.5,-74.25,290.5,62.67237577944743,-0.8452356693641097,4.689100716216923,-0.0073171886857165145,0.04911289363433736,0.9987664303672806,0.41075106455262717,-0.07463208121548594,0.9086878536782192,-0.2185639738975675,0.07392135911709109,0.973018716151126,1.763534804904663,1.0461069564275995,1.7341379092163496,25.723908671697394,114.29889274314138,-80.0,3.8717666147700394,-75.60658476181644,-80.0,-114.29889274314138,16.30848132,6.458753312570198,14.0,4.0,5.0,180.0,0.0,0.0
2753,235,1,2790,True,-4.30078882,-69.8991601,34.7411215,91,83,18,16,49,268.0235227113717,-4.030714653257039,115.68943903376055,7.144914695196704,77.1934472925349,-5.612904149606552,35,6,top_left,-135.5,-13.0,290.5,117.15692027080836,11.196758639966408,4.30940141247648,-0.09077918725334908,0.049644287482876415,0.9946328890007302,-0.4446345830332737,0.16314414024066737,0.8807292870547456,0.22794329602339256,-0.09958440334100424,0.9685684283566175,1.80958979281951,0.5209673895244856,1.93457329671671,22.412172257563196,115.36027288950402,-80.0,6.171522994233734,-75.62613865142961,-80.0,-115.36027288950402,13.7705147,5.179092309090177,14.0,4.0,5.0,180.0,0.0,0.0
2755,235,1,2828,True,5.42941315,-68.5668212,61.2213526,171,161,46,77,38,274.32207162090174,-2.1709565086682217,70.88280593876058,2.38232480389441,98.54004302604773,-1.9370682136606945,54,9,bottom_right,74.0,-37.75,290.5,73.34960279011302,7.3377187756666755,5.535432785367304,0.061918673076654364,0.031074647378263837,0.9975973357095251,0.2981305822988606,0.03835147702363628,0.9537543290115374,-0.16100313218754728,-0.027704673803475414,0.9865649712387128,1.9782320825722635,1.4998288803260986,2.0218269849862476,13.804777654995851,141.56147730643102,-80.0,-3.3358856835851274,-72.96579418964345,-79.99999999999999,-141.56147730643102,15.01174075,5.116520964797481,14.0,4.0,5.0,180.0,0.0,0.0
2760,235,1,2957,True,-2.94116292,-78.0162424,82.1022616,146,135,80,20,35,268.43511387131804,0.4624520201101818,116.50564640000142,10.187380046703186,79.60240248039328,-5.932226005994614,29,6,top_right,-110.5,-13.0,290.5,117.29929302591194,15.49517817987934,5.36680500757829,0.005214317141037351,0.0033225588711084395,0.9999808855669696,-0.4569833641353348,0.19581299656732032,0.8676540066633005,0.18661471684613817,-0.13448002862485933,0.9731855266892807,1.9254480122085422,0.576292793334606,1.7975854642608406,30.013775370630604,162.1053601520505,-80.0,-3.7864316780948704,-78.55484700242742,-80.00000000000001,-162.1053601520505,8.50924093,3.647830390954197,14.0,4.0,5.0,180.0,0.0,0.0
2776,235,1,3140,True,4.08648413,-67.9071464,62.3366082,72,67,28,18,21,264.7758540215519,-4.51650363253315,120.44715624784011,-7.9669903692857655,80.66575012515645,1.7293080432452281,57,1,top_left,-135.5,-74.25,290.5,121.45758603790023,-1.3584466946505875,6.685343511009853,0.009295395668744749,0.025523478612452404,0.9996310057510627,-0.49469408129782005,-0.1564116432050242,0.8548761102047536,0.1555978882906643,0.0767178449731302,0.9848368745239817,0.9054750660490366,1.0346506215997227,1.4989620704296385,32.22397440741756,142.38914897708364,-80.0,2.762920651322166,-71.5414127985619,-80.0,-142.38914897708364,12.30010973,5.524378378454419,14.0,4.0,5.0,180.0,0.0,0.0
2778,235,1,3146,True,-4.20276243,-65.9335949,93.8559451,166,156,57,62,37,270.6465459692717,-2.631254527496989,122.09297059643986,3.1201292982063755,75.39413046578656,-0.9520325507927272,41,6,bottom_left,-135.5,-38.0,290.5,123.73063387528762,6.737592750425565,3.9708919455240776,0.014215902593348036,0.03006160448409168,0.9994469510931026,-0.5387517451544144,0.04331336599855495,0.8413504082241526,0.2924846331720112,0.0009282638255839749,0.9562697724410745,1.88205861900439,1.510324855974178,1.6455166416571205,33.43324369664986,173.9521491459376,-80.0,-6.675649238162199,-71.1628756067829,-79.99999999999999,-173.9521491459376,6.57440192,3.0343003201521968,14.0,4.0,5.0,180.0,0.0,0.0
2782,235,1,3222,True,0.46190666,-68.7295179,51.4653227,114,106,46,20,40,268.83174040781904,-3.4731186211723912,108.23993178025981,-6.6828284640342535,81.55222362580791,4.0405032121446265,27,2,top_left,-74.0,-74.25,290.5,107.30238060463299,-1.263156957618782,5.500167401486157,0.011414742678631571,0.03129309204840546,0.9994450690456333,-0.2932155474155121,-0.1324171076762061,0.946831744476541,0.18048207631772945,0.09671752812682419,0.9788114935374831,2.064371067152149,0.7368901202088561,1.7660578171597412,20.14640662564676,131.5383173840017,-80.0,-1.0395693853185493,-72.84575857378994,-80.0,-131.5383173840017,15.81816202,5.768725912391322,14.0,4.0,5.0,180.0,0.0,0.0
2787,235,1,3349,True,-1.96900156,-69.1386092,109.033006,164,156,103,25,28,274.0894767370814,-1.933277476683021,61.61830557732894,-5.363264472063945,97.35325216137434,0.7963624039458034,37,5,top_left,110.5,-74.25,290.5,58.210332752661394,-1.3714935256682723,5.248667836905008,-0.004895312556322913,0.004502953518738196,0.9999778794176319,0.4650380158704191,-0.10132061524321181,0.8794735793200618,-0.22887395149122897,0.07322295653311849,0.9706982605142236,1.9323179083957824,0.488257753645992,1.3173884777320788,28.750640781842424,189.03718761267922,-80.0,-1.043605441867681,-69.98983486913289,-80.0,-189.03718761267922,7.35992334,3.077758769532451,14.0,4.0,5.0,180.0,0.0,0.0
2800,235,2,109,True,-2.75788133,-63.0863153,123.827766,185,176,127,35,14,268.5893697519262,-0.968707900303059,122.66992654126292,4.839384518892557,74.91853645777006,-2.62589857796008,48,6,bottom_right,-110.5,-38.0,290.5,122.87988483764435,7.204111575060559,2.37402959888717,-0.00410121982754602,0.01933623310944055,0.9998046259570235,-0.48061844094798073,0.07538498996003164,0.873683591187026,0.30664086595561635,-0.04008092348480007,0.9509810192104757,2.003776996536433,0.937448762309758,1.585672293462759,28.724387639830283,203.86759643654773,-80.0,-1.9217755013002802,-67.02834666815843,-80.0,-203.86759643654773,6.28285477,2.6260323704911306,14.0,4.0,5.0,180.0,0.0,0.0
2834,235,2,628,True,7.3751308,-64.9025492,87.6533104,73,65,43,14,8,265.7970984891588,-1.956541544535385,109.02373919454098,4.651394501536587,82.85806180975486,-12.098261419791434,10,7,top_right,-49.0,-12.75,290.5,105.53167018036463,13.912932589769405,9.898011606355986,0.005041133420563228,0.007833330198611769,0.9999566120146592,-0.3166505522758671,0.17886479328778268,0.9315255302274367,-0.02921863026554147,-0.14728697402206595,0.9886621358830472,1.0209963771277415,0.8884133419605512,0.6812880733607706,21.36320546946425,167.66058485499792,-80.0,6.529931422376293,-66.21588992246156,-80.00000000000001,-167.66058485499792,10.1907636,3.776777321822654,14.0,4.0,5.0,180.0,0.0,0.0
2835,235,2,661,True,-2.34689557,-77.810941,36.3275905,83,78,14,27,37,269.99058348099334,-4.5590572205301205,68.6782625816037,7.462370910868806,99.70281242077101,-7.206380344140051,12,10,top_left,110.5,-13.0,290.5,66.05984365027206,13.118703065056927,6.232993754084661,-0.04605678240660595,0.03859090406886612,0.9981931250602251,0.38806218861364633,0.1865988114537018,0.9025456339335163,-0.1485060295819398,-0.11480299935394836,0.98222514247862,0.8367443599125798,1.2189888089880094,1.9002348465373247,27.09620599254227,116.53816038152084,-80.0,3.0204771247578517,-82.3082539676454,-80.0,-116.53816038152084,15.48119996,6.2787327007179,14.0,4.0,5.0,180.0,0.0,0.0
2842,235,2,802,True,3.2970805,-61.9652601,97.3484839,121,115,48,36,31,267.34159675969744,-2.361327358341027,119.16185061277412,1.893342997157143,84.89878773383302,-1.1468006418753862,48,6,bottom_right,-110.5,-38.0,290.5,120.50487607865611,6.101815265834076,4.4175735690795594,-0.005797812283129557,0.0318278585028191,0.9994765493976606,-0.49584040550202324,0.041271294830774526,0.8674324022623207,0.20532521788732364,-0.024911704278934736,0.9783766973356642,0.9253574020674503,1.4286680342353284,1.8283794027360911,29.40549684390886,177.44136568975023,-80.0,4.325852229531318,-67.61283877972035,-80.00000000000001,-177.44136568975023,7.35078244,3.1132608037921288,14.0,4.0,5.0,180.0,0.0,0.0
2868,235,2,1167,True,3.30570516,-75.2595631,112.095031,162,153,115,19,19,270.63129294306657,0.11536235064130596,73.0198008190036,4.580589644558598,100.12305066752263,-8.190056789220778,67,9,bottom_left,49.0,-37.75,290.5,75.63384509114645,11.512253046513187,7.408183648825095,0.0008727502747685396,-0.001920884267319955,0.9999977742528178,0.2722642634444716,0.09079064146996141,0.9579296583113567,-0.23268347446698234,-0.1120315913007883,0.9660783214939597,2.044830404360596,0.6783669790610174,1.7557747230055742,16.66642008754696,192.0954585559256,-80.0,3.1380537957635273,-74.8905699558363,-80.0,-192.0954585559256,6.79031466,2.3782184801086275,14.0,4.0,5.0,180.0,0.0,0.0
2878,235,2,1265,True,3.85031942,-62.6605425,104.311204,133,123,55,32,36,272.6122065462615,-2.652271018805134,55.32612285341521,-6.115678792895935,105.12098203298618,4.4039090048603935,31,5,top_right,135.5,-74.25,290.5,54.73677553164888,-2.9095062088743675,3.259888480332521,0.019460932720969864,0.03892788155679873,0.9990524971867744,0.5467044557525048,-0.11591058468571591,0.829264116200727,-0.2733623947223574,0.11441826271967305,0.9550819139256433,1.2454844274103058,0.8254837551230128,1.506225396245078,33.42520595068594,184.48600500874656,-80.0,0.260049688564274,-69.84219185186745,-80.0,-184.48600500874656,7.32408946,3.3796795040045495,14.0,4.0,5.0,180.0,0.0,0.0
2892,235,2,1490,True,11.4186381,-64.6111,126.539978,158,153,65,61,27,265.6762086564764,-0.0625428010327971,62.07210814736414,2.928795159232152,106.47488950181334,-2.4750718152099918,18,10,bottom_left,110.5,-38.0,290.5,58.8553492406832,7.908282025378506,5.928138604472333,-0.003210382242550259,0.009648438139993607,0.9999482992071718,0.46268681052384064,0.04752613968230457,0.8852469606918589,-0.3053977426312433,-0.030237863954351574,0.9517446560812511,0.9884172342951574,1.238564338146479,1.695203871329583,27.849913545663917,206.55065683271746,-80.0,12.08174466088285,-66.60399123522552,-80.00000000000001,-206.55065683271746,5.75428227,2.3659187280706035,14.0,4.0,5.0,180.0,0.0,0.0
2893,235,2,1497,True,0.735797117,-73.5907532,108.024706,188,178,110,40,28,268.5665661363682,0.6730045559000459,69.0113749609477,3.5258274621921446,108.11030600216853,-4.940571936105045,54,9,bottom_right,74.0,-37.75,290.5,68.1244388049618,10.329987641577953,6.8617236531016434,0.0023913022803553666,-0.004041177774150805,0.9999889752170279,0.37728303564421395,0.052372604832674904,0.9246159317674163,-0.2405435946902591,-0.032896197976291404,0.9700807281933772,2.0219789008327322,1.0305917997879626,1.7914910690590284,22.286924700655334,188.0267789544309,-80.0,0.28616825171839483,-72.83090355994418,-79.99999999999999,-188.0267789544309,8.57699194,3.2200145893948138,14.0,4.0,5.0,180.0,0.0,0.0
2894,235,2,1499,True,0.0890619757,-70.817995,49.1979521,135,128,21,69,38,278.4025577890684,-3.0516052719301503,121.16224601362931,-3.8317338087424897,79.03112628673934,5.835333617346551,57,1,top_left,-135.5,-74.25,290.5,119.33189231063926,-0.7103992903411227,3.6184145497459648,-0.012322211878493791,0.04837751050328398,0.9987531124216465,-0.5140623160131228,-0.06733875463201731,0.855105506577892,0.19601931023228863,0.10684924362477168,0.9747613395867073,0.8551286835988392,1.1814069116318564,1.6971926732979723,31.005707665977734,129.35924854014985,-80.0,1.683054044654465,-77.07607340494802,-80.0,-129.35924854014985,13.40911677,5.866856379665842,14.0,4.0,5.0,180.0,0.0,0.0
2918,235,2,1898,True,1.64105769,-69.1041351,68.6237677,133,124,65,51,8,275.46932900160493,-4.344300718527819,84.21416752258784,0.16651733283861017,66.99716876242212,-4.023393611246055,67,9,bottom_left,49.0,-37.75,290.5,77.95116471811058,7.8684633209196555,9.92699230040035,0.012152144566813027,0.047660637744359025,0.9987896620371219,0.23945770149297688,0.08099334740800958,0.9675226544486418,0.14998744442201042,0.008703073411420957,0.9886495956753079,1.8609546640935897,2.8569925288736067,0.6242781855634729,13.314220864897948,148.80387067369958,-80.0,-0.16722845852814672,-76.19622247513763,-80.0,-148.80387067369958,13.37613748,4.540261301056334,14.0,4.0,5.0,180.0,0.0,0.0
2935,235,2,2151,True,5.57672815,-69.8685907,110.616462,151,143,114,11,18,265.42021809710104,-0.002691889974746668,112.36675111405071,9.41345068415839,83.80022995875704,-4.67758692962477,17,7,top_left,-74.0,-12.75,290.5,113.86359980948825,16.19253609722098,6.942373877473832,-0.004994455471032041,0.02140470259416727,0.9997584178797413,-0.3732318319838363,0.21468369114442315,0.9025568748564246,0.22589654675546808,-0.1312235533829702,0.9652725673101363,2.1396885309113993,0.7779855139703946,1.3894665539960058,24.66020856268234,190.66252265647725,-80.0,6.528983629402413,-73.94966529331558,-80.00000000000001,-190.66252265647725,7.31601964,2.847242510304438,14.0,4.0,5.0,180.0,0.0,0.0
2938,235,2,2192,True,-4.20725421,-74.468847,77.8676196,160,151,74,41,36,271.79557148974357,-1.4479447227180935,114.56127745135903,4.438354940064382,75.99245415428489,-6.184528395569592,48,6,bottom_right,-110.5,-38.0,290.5,116.55999710211513,8.72181014104942,4.726824378075027,-0.0010314097903540986,0.017184584446027995,0.9998518021443287,-0.4152097043902355,0.07512739524969847,0.9066183187335058,0.2113351027823216,-0.1001985718147126,0.9722642236235362,2.0690901836002573,0.8537047662605399,1.5614323722198238,24.741777765698725,157.89101871040265,-80.0,-4.044403867493109,-77.1821385442983,-80.00000000000001,-157.89101871040265,11.66435875,4.54547473922678,14.0,4.0,5.0,180.0,0.0,0.0
2953,235,0,131,True,-0.989593087,-72.4450927,110.257927,135,130,56,36,38,274.92187409712585,-1.3528623083243505,57.322831315470346,-5.323524218238953,96.55187154291973,-1.4201125360181182,31,5,top_right,135.5,-74.25,290.5,52.864914515236784,-0.45739063635192095,6.59941499184385,0.0030287699993801066,0.007896748461574399,0.999964233318385,0.556103785462718,-0.09655618176032996,0.8254849989902309,-0.23993586513253506,0.015128117880854993,0.9706708611432018,1.0413321659496888,0.8819441175982488,1.7706280097097722,34.27162169476689,190.26473213809695,-80.0,-1.56586119963996,-73.94756543080338,-80.0,-190.26473213809695,6.91483964,3.2546914893140335,14.0,4.0,5.0,180.0,0.0,0.0
2964,235,0,359,True,7.68032846,-71.9877858,111.177909,95,90,56,14,20,265.7080943927841,0.13026031783907974,106.1579287956265,4.416686231774172,89.39434602712197,-0.8865939400220103,4,7,bottom_right,-49.0,-37.75,290.5,107.54076224850026,10.317776461815882,6.060948297212283,-0.009844378436539802,0.014427416785939506,0.999847457294403,-0.2775887728627114,0.13425143330789832,0.9512733707170347,0.07879359725082292,-0.04771147129612208,0.995748554876699,0.8853530795956067,1.291810156786687,1.2809500705859753,17.099057565651346,191.20707624473965,-80.0,9.562643278297537,-74.74640998140377,-80.0,-191.20707624473965,7.54155516,2.6534645528102296,14.0,4.0,5.0,180.0,0.0,0.0
2967,235,0,382,True,8.37601258,-77.8676955,101.600323,110,106,52,39,15,263.4746660664555,0.5184889406717539,113.63803749048951,2.602057687322057,91.11388128674109,-3.9375743250706665,24,7,bottom_left,-74.0,-37.75,290.5,113.56121654961953,11.016029169218642,8.414322168488985,0.00019404917561345256,0.0009900561972093769,0.9999994910666924,-0.4025354058744224,0.06431681016132085,0.9131421548412858,0.03407985822193134,-0.07045718214535157,0.9969324695021775,1.0662919230880339,1.2046777124906758,1.362160080121754,24.05884300540237,181.60041542250008,-80.0,8.340773169096202,-78.04749011670484,-80.0,-181.60041542250008,6.51184337,2.5103010730825708,14.0,4.0,5.0,180.0,0.0,0.0
2972,235,0,415,True,5.91528366,-70.2948416,109.018885,74,67,25,21,21,265.53273930658685,-1.0511674912040823,110.37104529600633,-2.84983983646434,87.50419257562523,1.565066766822707,46,2,top_right,-49.0,-74.25,290.5,106.83555426857147,-1.1949990023076216,3.9036130688715667,0.034549324492930356,0.017490443081931265,0.9992499329886793,-0.3182945868615956,-0.050388298943101026,0.9466517708768241,0.07779542682320782,0.06310227952786339,0.9949703381929444,1.736884152572007,0.8742227215001235,1.6460144672150554,20.922623483952712,189.160768252102,-80.0,-0.6200931036738702,-73.60334725044778,-80.00000000000001,-189.160768252102,9.7300346,3.584643909844154,14.0,4.0,5.0,180.0,0.0,0.0
2973,235,0,429,True,-5.50870927,-72.1535755,103.54033,97,92,56,18,18,270.09231755055487,-0.42962088010455624,116.49472453860608,11.682314153940426,79.94565076746817,-7.596588332682185,29,6,top_right,-110.5,-13.0,290.5,119.31734105136879,15.422779373294652,4.685962444932669,-0.019660743623291715,0.005060096693739525,0.999793904053045,-0.43820286960145627,0.1997278782875486,0.8764057392029124,0.2644090556425141,-0.15520841249188957,0.9518393771986855,1.272119964339861,0.10106073512949969,1.692033024588158,27.643552962538948,183.5781647156973,-80.0,-1.8994260386902577,-73.08249876432068,-79.99999999999999,-183.5781647156973,6.95536243,2.848936271268907,14.0,4.0,5.0,180.0,0.0,0.0
2974,235,0,445,True,2.40912906,-74.5257542,97.3945755,101,95,48,23,24,275.1210756630136,-0.9824475482354261,64.34385323418505,6.364858449827664,99.03269560796251,-5.19061719553963,18,10,bottom_left,110.5,-38.0,290.5,60.76205441293773,9.372254391260826,4.67693416079779,0.0026331196359087334,0.013061713690697533,0.9999112252177417,0.4484897057060402,0.1426405084148879,0.8823325162515839,-0.18041011310211566,-0.0822938445835193,0.9801428029803338,0.9456809908946585,0.5430842071322761,1.550309567584781,27.71175433648987,177.41032506297785,-80.0,1.9419864494637218,-76.8430370717462,-80.0,-177.41032506297785,7.41127513,3.0394724310719345,14.0,4.0,5.0,180.0,0.0,0.0
2983,235,0,607,True,0.715625739,-71.4903092,72.4701575,87,79,34,28,17,272.65960308564075,-3.715603101545753,120.03937910060517,5.4771255922747875,74.09606103269753,-6.671253411146084,41,6,bottom_left,-135.5,-38.0,290.5,121.9953617353432,7.422145548334636,2.7584362774709414,-0.0015112775989421317,0.02000809780626711,0.9997986757653733,-0.5135512204086966,0.09365667364966378,0.852932336998439,0.2686104284636155,-0.014164557362917655,0.9631447466685916,0.8138403802142018,0.8246352307376408,2.105033623854893,31.194870784532196,152.50085961884267,-80.0,0.9460968719613757,-74.54156131479361,-80.0,-152.50085961884267,7.91136058,3.475252544828961,14.0,4.0,5.0,180.0,0.0,0.0
2985,235,0,623,True,-5.28458332,-75.8390469,122.486246,136,127,101,8,18,274.27217397396157,0.4218084509322174,76.86706429613275,2.437916862293337,98.67593159878638,-19.98659968777111,67,9,bottom_left,49.0,-37.75,290.5,72.09455923999367,12.173397503125306,10.84234235849833,-0.014904049733620531,-0.004388492441745994,0.9998792979333188,0.266759810864339,0.20869956215475505,0.9408951567863636,-0.0953693909188516,-0.3746593283145081,0.922244580890931,1.805437918561878,1.4334686568517458,1.2804009693243354,20.62760493380962,202.51068945874272,-80.0,-2.2663539327171156,-74.95033026993754,-80.0,-202.51068945874272,7.4201583,2.723002986336906,14.0,4.0,5.0,180.0,0.0,0.0
2993,235,0,788,True,-2.85188791,-75.9850927,102.945247,114,105,51,31,23,272.2611290320684,0.010396380407616368,56.732158660698744,-6.176263999609971,102.80521484865115,0.4684277685315858,31,5,top_right,135.5,-74.25,290.5,53.58523891486029,0.42654542218595254,7.314382827505337,0.009336471238597021,-0.006958707191825784,0.9999322010511659,0.5443981355379778,-0.1136479102992781,0.8310925474984002,-0.2106361660047686,0.04931890817178319,0.9763196458473806,0.9049983120551195,0.6327802154526486,1.428254268095683,33.18477348681412,182.95765133644176,-80.0,-4.56006675958395,-74.71194397584554,-80.0,-182.95765133644176,7.12619723,3.270280532137212,14.0,4.0,5.0,180.0,0.0,0.0
3012,235,0,1167,True,2.24065663,-75.5309581,87.3309997,118,113,56,25,32,270.10819540621634,0.13110633888493536,112.40591477104205,-4.224550094120968,82.60056120180246,2.7301621455374057,27,2,top_left,-74.0,-74.25,290.5,110.56897031445345,0.33821033466681893,4.918653033819654,-0.03260475430877658,0.00705500336370124,0.999443423573342,-0.37910243342858674,-0.07667985154890743,0.9221721885499267,0.11956874598015914,0.06529348860919482,0.9906765745337746,1.5299828073080748,0.7056360955799165,1.6133323911527895,21.016290855444968,167.42418405409697,-80.0,7.699481016431221,-76.7121362816666,-80.0,-167.42418405409697,9.04705551,3.3372066401719827,14.0,4.0,5.0,180.0,0.0,0.0
3019,235,0,1240,True,5.71673685,-68.0131067,54.9013303,109,106,26,37,43,281.84287716814526,-4.34177213482043,67.84548934132367,-6.458385680925294,94.65197495182201,1.414891573518596,37,5,top_left,110.5,-74.25,290.5,66.02274015087693,-1.385607743500465,5.3903145189959325,0.03182723012832011,0.018453279306065332,0.9993230228035433,0.40395269036978454,-0.14001810605559128,0.904000638229652,-0.14812777005203245,0.05288736064313604,0.9875530825346126,1.001274917368518,1.3768788158241687,1.744296874466869,23.983640827290394,134.9927172912939,-80.0,1.420292571122732,-70.50416501646096,-79.99999999999999,-134.9927172912939,14.3159858,5.51232782025975,14.0,4.0,5.0,180.0,0.0,0.0
3021,235,0,1265,True,1.67552927,-71.2900721,127.54621,170,161,132,13,16,267.3582449705078,-0.6188932948731276,119.0518724992224,-7.6774049124350165,80.45279136164216,4.006218221339302,27,2,top_left,-74.0,-74.25,290.5,114.91009448694459,-0.9438279845474185,7.905402162241217,-0.0038825820553382334,0.003259768036844357,0.9999871496518992,-0.4176239879639944,-0.14796655765385866,0.896490994094819,0.2549273997353407,0.10641180095727977,0.9610871705944296,2.08834779578457,0.690747553535129,1.4276056097810284,26.153213245517424,207.54887707531836,-80.0,2.481354815738232,-71.96663329557306,-80.0,-207.54887707531836,6.43018877,2.565219410744872,14.0,4.0,5.0,180.0,0.0,0.0
3024,235,0,1303,True,4.62144514,-79.3430146,61.1468578,108,99,42,23,34,262.7884553930337,1.5996703986061225,99.70730720634168,2.335481024507192,86.74539737842161,-1.6019020652760512,4,7,bottom_right,-49.0,-37.75,290.5,103.15906459633484,10.014465975385697,8.419111530036346,-0.03292699023271817,0.010676923518920802,0.999400728746175,-0.1850543536128722,0.11525022791546839,0.9759468587860481,0.044110273435983234,-0.0774087222000768,0.9960231792005416,1.9805692739024412,1.4396057130680548,1.5291966431336064,10.677447192667666,141.23149377435374,-80.0,9.271773156060341,-80.85093245749172,-80.0,-141.23149377435374,13.80487973,4.595023557001344,14.0,4.0,5.0,180.0,0.0,0.0
3030,235,0,1465,True,4.3060141,-71.6309946,61.2457958,99,91,28,39,24,263.087413980071,-1.6231711390087882,115.15517997503088,4.186795385909366,83.4670473285385,-3.275071390189813,48,6,bottom_right,-110.5,-38.0,290.5,116.60081131417168,7.472777321015255,3.5899202284379905,0.015012140346673811,0.033399399290203864,0.9993293329875118,-0.4296226218894722,0.08827547755660793,0.8986833940954781,0.18149519755003687,-0.05618186690752258,0.981785664540412,0.9557989761235849,0.9663821485230397,1.8245371619158428,26.545535010498753,141.3405882700784,-80.0,2.1841893522081444,-76.35168534354464,-80.0,-141.3405882700784,12.38806197,4.975651946976604,14.0,4.0,5.0,180.0,0.0,0.0
3033,235,0,1498,True,4.18002048,-68.6262489,119.804779,130,130,93,18,19,259.06862990988975,-6.033604586713808,59.65889014447507,10.886320568958245,138.16899131467716,-26.631133101567748,12,10,top_left,110.5,-13.0,290.5,58.08269034299101,15.462045874250919,4.83959377259023,-0.027861488120456846,-0.011511079146848681,0.9995455129890728,0.5101523730204318,0.1865494212527753,0.8396093554337499,-0.257749966686864,-0.18256091081788425,0.9488079197151892,1.882715680604879,0.5120419744139724,1.4077129469838343,34.62719285377256,199.89562896690657,-80.0,9.749410171792716,-66.32523449385283,-80.0,-199.89562896690657,6.6725838,3.1675206961229763,14.0,4.0,5.0,180.0,0.0,0.0
3043,235,0,1599,True,3.34990874,-80.8957494,81.2613193,91,85,39,12,34,266.65589618390777,0.8712410500037464,116.44700623392552,11.481861969568468,82.2990531568106,-11.31379394637104,29,6,top_right,-110.5,-13.0,290.5,118.55127569611193,15.90904753320059,4.901828432771077,0.0020921025657366227,-0.010762843292258519,0.9999398903489753,-0.4662681580237671,0.2896217662053397,0.835890685049919,0.12381534010500767,-0.19868476606464863,0.9722109469083946,0.9718533339542967,0.968089491974843,1.9446556387437723,33.72129926977551,161.2710132443265,-80.0,3.0125132394125997,-79.16001475686757,-80.0,-161.2710132443265,9.80238276,4.554417163303257,14.0,4.0,5.0,180.0,0.0,0.0
3046,235,0,1641,True,-9.29773666,-65.0663164,119.87631,105,100,69,19,12,271.37482434633387,-2.3469401262567975,110.03300290644495,-4.9205482442857695,64.54351492634845,8.702996613640467,27,2,top_left,-74.0,-74.25,290.5,110.76724413993352,-2.881103229093546,2.167589942527699,-0.0068468558001285726,-0.0693563265621217,0.997568454057896,-0.3421960696361267,-0.08547285839821028,0.9357329963204389,-0.03993495193331575,0.21872701955227278,0.9749685587401593,12.783123735704095,0.4988617747011628,0.6705235015685088,19.65606278118108,200.36350306281813,-80.0,-7.925876646920265,-51.16983985044452,-79.99999999999999,-200.36350306281813,7.40962934,2.685525530150677,14.0,4.0,5.0,180.0,0.0,0.0
3048,235,0,1731,True,-1.99468656,-66.7924085,32.3441249,95,89,11,32,46,272.4325353540563,-4.869495191928323,118.92643454571419,8.102953357801356,78.3448462422468,-4.917287414442045,35,6,top_left,-135.5,-13.0,290.5,117.34574552347678,10.48600591989613,2.8596358682056566,0.030025447962810002,0.03922675033769685,0.9987791219947365,-0.48059215324918225,0.13811650521387,0.8659994302670306,0.22173384360244128,-0.06928476369204474,0.9726426497544849,0.9154812983365047,0.5932621239070528,1.9254067227829825,31.137368516297784,112.48145102956211,-80.0,-5.371992514669479,-71.20469029715849,-80.0,-112.48145102956211,14.95680045,6.562157695302092,14.0,4.0,5.0,180.0,0.0,0.0
3069,235,0,2134,True,-7.23784381,-68.8397465,76.4202223,121,114,62,42,10,276.2054940039071,-1.3325631129243873,57.22651252173649,-7.609405982439311,99.70153561230097,4.26932204911908,50,5,bottom_right,135.5,-99.25,290.5,56.3065989086027,-6.7404629848304864,1.2654260107656503,-0.01863506539958848,0.022538764954103337,0.9995722777327795,0.5459959294853307,-0.15254517419588812,0.8237829901223963,-0.024394319661273176,0.1116550996815693,0.9934475607113656,1.8654512794713998,1.3193417066749824,1.067563577499313,35.921867162100135,156.4871553408733,-80.0,-4.321695436027264,-72.36677371256421,-80.0,-156.4871553408733,6.72559775,3.296406341436981,14.0,4.0,5.0,180.0,0.0,0.0
3071,235,0,2154,True,-9.12598878,-73.6657913,56.3638262,116,109,52,17,40,278.37156681076954,3.757969260474004,116.14901633501279,13.62124696632496,68.42679883634982,-3.3790350579789523,35,6,top_left,-135.5,-13.0,290.5,118.35776771488449,12.84453016926967,2.3413397107026075,0.014112776469335746,0.026486156672788867,0.9995495550721991,-0.4371209056922494,0.21125001546494182,0.8742418113844989,0.15368365258150976,-0.12821979826632504,0.9797657976586797,1.8110954910372061,0.06267176596564897,1.7488472035013123,29.15861591607225,136.42527827462263,-80.0,-11.051328237056676,-77.27917259451047,-80.0,-136.42527827462263,10.47276048,4.4141223341806635,14.0,4.0,5.0,180.0,0.0,0.0
3081,235,0,2333,True,-1.12488391,-70.6382197,26.7734172,98,92,9,36,47,271.8012382601782,-4.699862211201143,113.44199882704272,6.345899427127056,77.45955305657985,-5.495864030571062,48,6,bottom_right,-110.5,-38.0,290.5,112.52521292069214,6.521539482402324,0.9334590655728613,0.004308491561842709,0.02717696832923533,0.9996213529596562,-0.41106491469242956,0.12481738804700229,0.9030206285296198,0.18804767961188776,-0.06757100634323654,0.9798327557774068,1.5661892221154843,0.8752557072768239,1.8689217611114315,25.270858830031106,106.81386195269609,-80.0,-1.5850905329110232,-73.54109664341173,-80.0,-106.81386195269609,16.21882566,6.374982878763143,14.0,4.0,5.0,180.0,0.0,0.0
3086,235,0,2435,True,-6.75050419,-70.1761361,122.552727,101,96,69,21,6,272.74141623266445,1.0485349861615412,109.08602773754576,-3.706520109774666,74.06252055392626,0.7972119236111803,27,2,top_left,-74.0,-74.25,290.5,111.82216583972543,-1.2900033546160559,3.650480097488773,-0.04809415724975213,-0.007011674112766595,0.998818195901823,-0.3336989509015847,-0.07191464441683404,0.939932600820709,0.3355517825447893,0.06115149492979134,0.9400348375985149,1.3945255026821128,1.0077907460680655,0.5659581077539865,17.181266430978557,202.79238787506986,-80.0,3.002624801516336,-68.75422196367025,-80.0,-202.79238787506986,7.72901302,2.721828611413053,14.0,4.0,5.0,180.0,0.0,0.0
3091,235,0,2499,True,0.460801741,-70.3940932,96.0601965,79,74,48,12,14,272.32526835178135,-0.7305421814199532,76.58433690794612,5.9954748069602095,97.50528680991931,-4.768197293060472,63,9,top_left,49.0,-12.75,290.5,75.98338056168632,16.047108405623483,10.069582242173023,-0.0066799216994834236,0.017559011468771268,0.9998235143075644,0.20777999800831323,0.1919386114052968,0.9591595497514852,-0.13563626307316273,-0.14837115148467817,0.9795860378479568,1.0644340137259591,1.0723087950947767,1.4555889969153617,16.05999009611795,176.09127409043973,-80.0,1.6370776638864115,-73.48608190130457,-80.00000000000001,-176.09127409043973,8.95189389,3.1158563062686158,14.0,4.0,5.0,180.0,0.0,0.0
3092,235,0,2521,True,-6.10674303,-73.5331096,111.337529,103,94,68,15,11,271.24894370933515,0.6701136048023435,59.29289966100537,10.738162097473653,101.58738073756219,-11.230053692200743,12,10,top_left,110.5,-13.0,290.5,56.94216785684819,15.810707541912924,5.590765359141599,-0.019756260044545573,-0.008236176684434554,0.9997709015482873,0.5280710014024942,0.2157035780496915,0.8213482719859632,-0.10268441973644536,-0.1313882621260029,0.9859984962051911,1.3913058243201124,1.0325835443627285,1.0964326915927798,36.00644985419571,191.38137417651052,-80.0,-2.3257628340863787,-71.95685878817238,-80.00000000000001,-191.38137417651052,6.37680827,3.132157530820514,14.0,4.0,5.0,180.0,0.0,0.0
3093,235,0,2524,True,-7.2674976,-77.5622465,103.70278,140,130,78,42,10,271.7081248303691,1.3686216177481683,67.10394186353271,3.3064918827528906,95.89745320132928,-5.277263226809394,54,9,bottom_right,74.0,-37.75,290.5,66.48819828988144,11.058287523586383,7.776212175972179,-0.024166045938956843,-0.01035990091699357,0.9996542775763362,0.38981966760067893,0.06325229850717273,0.9187163727099108,-0.1251221014724004,-0.05835289281533505,0.9904238484725681,1.8036152982011284,1.0289887819974464,0.9614751782137662,24.725369558539633,183.76631213481903,-80.0,-2.826592458917281,-75.65844571440196,-80.00000000000001,-183.76631213481903,8.49763555,3.3105632904073676,14.0,4.0,5.0,180.0,0.0,0.0
3103,235,0,2624,True,-4.74912441,-76.5275773,90.3666263,130,125,67,26,32,269.75836810523845,-0.3570050911203387,118.81498519028126,5.388014288653169,80.90923944341287,-7.107865942848753,48,6,bottom_right,-110.5,-38.0,290.5,117.8520626653347,9.6596608045296,4.37883360561334,-0.037763950307540886,-0.004969393909835309,0.9992743312931333,-0.5092161558888368,0.12116834997863869,0.8520663926861862,0.1709288864346811,-0.10343113894004308,0.9798394334174173,1.9476885302027087,0.8420839644336953,1.6500417130182166,29.53253282750287,170.49034580877634,-80.0,1.689264537038091,-75.68034361385216,-80.00000000000001,-170.49034580877634,7.90736262,3.357390054557918,14.0,4.0,5.0,180.0,0.0,0.0
3127,235,0,2996,True,7.8866545,-66.4348935,37.6879341,122,115,14,47,54,274.32360867569685,-4.817996948138932,64.72760445358938,-4.508093415772389,100.48919872399279,2.8303727999452284,31,5,top_right,135.5,-74.25,290.5,63.21647287705172,-1.5807476984244528,3.2943696803006923,0.006473768223772247,0.038440363527152514,0.999239925531844,0.42423354044482997,-0.08638790389364061,0.901422782728786,-0.17841390113930683,0.0757224659268917,0.9810375059263557,0.8940545239538404,1.5416251860488661,2.0430555395711605,25.820467098236616,117.77745373550879,-80.0,7.124190562530257,-70.96230163689535,-80.0,-117.77745373550879,16.75176073,6.645113307112529,14.0,4.0,5.0,180.0,0.0,0.0
3129,235,0,3022,True,0.58050465,-69.3255688,61.0828538,119,113,28,50,35,273.9300595681134,-2.7338910471646862,60.393236860205626,-5.730468589010942,102.43966493189845,3.3208798978495007,31,5,top_right,135.5,-74.25,290.5,59.54034960985945,-1.0599946700279947,4.747709267605063,0.01445148984024553,0.036111035215697904,0.9992432874816063,0.48846438035717243,-0.10273018947370606,0.8665154685826331,-0.2189949378149686,0.07595338744433414,0.9727652852292525,1.10596117474611,0.8333050943444876,1.8360623340715885,29.63313733901294,141.18969380877328,-80.0,-1.4598967756248644,-74.42407480522222,-80.0,-141.18969380877328,12.37492562,5.264759494845762,14.0,4.0,5.0,180.0,0.0,0.0
3139,241,1,20,True,0.103423953,-76.9102633,115.319563,157,146,83,44,19,270.1974545935381,-0.7569781534493424,110.47618237805428,-2.2860059501800287,62.43057872993321,-0.2690588708667122,27,2,top_left,-74.0,-74.25,290.5,112.9289444362591,0.8012861621990077,3.9430209613096134,-0.03258221068043658,0.002849587215555949,0.9994649965856116,-0.37789729377150294,-0.028055758016584546,0.9254223413135697,0.13382613492703102,0.059715171848208744,0.9892040557244147,1.848910202951567,1.3018031219983914,1.3998146405163827,20.42003919579886,195.4241155690833,-80.0,6.470773658509859,-77.46714136133699,-80.00000000000001,-195.4241155690833,7.09176665,2.595442488648189,14.0,4.0,5.0,180.0,0.0,0.0
3154,241,1,190,True,-5.59513565,-83.291736,91.7470617,115,105,63,24,18,267.7497397423751,0.11891350086298196,115.4910100452471,7.844792292353421,81.31935236722826,-11.354356796261264,48,6,bottom_right,-110.5,-38.0,290.5,117.82578294027662,11.39420373135077,4.248468669373684,-0.032540838688997306,-0.02276078625441047,0.999211209117721,-0.4345235802144282,0.14527401006688762,0.8888670993105332,0.14470649304339211,-0.19145582334636213,0.9707753079770053,1.4490081361657159,0.5994383388412394,1.806656055488085,25.973175825132586,171.8826411601692,-80.0,-0.0019303505681254052,-79.37955194370986,-80.00000000000001,-171.8826411601692,6.78921761,2.700135854884377,14.0,4.0,5.0,180.0,0.0,0.0
3165,241,1,376,True,-2.28219875,-81.8830391,83.0101466,95,88,40,20,28,272.0327726677778,0.5507859016266815,116.46934626204332,11.674151578565496,84.84239960857514,-7.190314432662122,48,6,bottom_right,-110.5,-38.0,290.5,117.544611898694,10.620880910572883,1.505182809301052,0.004061011482915649,0.005921971555838958,0.9999742188869809,-0.4386470342390477,0.19479193198497602,0.877294068478095,0.09201617502996312,-0.13964618074029125,0.9859168158305777,1.0703450766315392,0.2305040850228091,1.7390392099543224,28.759897764709017,163.0143492913628,-80.0,-2.944201894352247,-82.84840543969705,-79.99999999999999,-163.0143492913628,7.75230322,3.242418316928001,14.0,4.0,5.0,180.0,0.0,0.0
3176,241,1,485,True,-3.48103106,-71.2118848,78.9573713,82,72,43,13,16,266.61683852027824,-2.712029752164132,104.41352111570649,-4.2190095458693655,78.42349424355582,9.615831545043996,46,2,top_right,-49.0,-74.25,290.5,102.14353704584109,-0.80440015793234,4.100290837200498,-0.028761445745605817,0.023422420332165465,0.9993118479555849,-0.2245644535171394,-0.15059414520304404,0.9627524134724945,0.19533322954598423,0.24103968111409432,0.9506549329612463,1.486061461142607,1.1178977930367346,1.7722599020903174,15.19892525418918,159.06683346664872,-80.0,1.0939610406763332,-74.93761503436242,-80.0,-159.06683346664872,12.99268317,4.484452483608272,14.0,4.0,5.0,180.0,0.0,0.0
3185,241,1,693,True,-3.66802545,-71.3436144,36.4433641,131,124,14,66,44,262.2195002554232,-3.9035645884680927,114.86711912606013,2.8935719359031853,78.2386222249479,-1.1108852995998113,48,6,bottom_right,-110.5,-38.0,290.5,112.80697568786115,6.898320757827652,4.503576813229648,-0.020712625221401697,0.053466669096592354,0.9983547978810706,-0.40877310550762064,0.055249250966122654,0.9109621663281842,0.21137249109858808,0.036367166423786665,0.9767287746417026,1.0106821932116337,1.387390498683546,1.8068980546976539,22.944308827765028,116.63525266482603,-80.0,-1.2522031739499648,-77.5797128592277,-80.0,-116.63525266482603,16.19452672,6.138223373205414,14.0,4.0,5.0,180.0,0.0,0.0
3191,241,1,754,True,0.909432246,-68.487518,115.668607,101,95,59,18,18,264.77071616781257,-0.14042766276640778,112.29534701527727,6.2490952533361295,83.45318887314718,-3.7075176069886453,17,7,top_left,-74.0,-12.75,290.5,113.19352154686281,16.332759552670325,10.123586478657447,-0.003415220826469163,0.02789375959465245,0.999605059232086,-0.41438699374214377,0.17777156735613195,0.8925697111470302,0.12226165036071084,-0.10544577365644127,0.9868805792339163,0.9345411644979347,1.2433699323275118,1.120503911329914,26.026507666545896,195.74591504200274,-80.0,1.5779477717477113,-73.94760749581688,-80.00000000000001,-195.74591504200274,6.81526674,2.7129580128850694,14.0,4.0,5.0,180.0,0.0,0.0
3195,241,1,771,True,-3.22940222,-68.7545597,20.6752787,92,82,10,24,48,269.60610291938036,-3.032676978572081,81.53115017178254,3.549191708682488,96.64812412506535,-0.8592984551219791,67,9,bottom_left,49.0,-37.75,290.5,79.0448602243649,6.436454658836048,3.8102394998161837,-0.13508903833930158,0.036780018801406814,0.9901505854856275,0.15057220127279716,0.08905453016932273,0.9845797595218915,-0.06705490436278908,-0.062284763345291434,0.9958033179578778,1.8242392399933982,1.403450264457093,1.7919239275851107,16.70109580748256,101.67673500957734,-80.0,10.506010133923802,-72.49423192531792,-80.0,-101.67673500957734,18.17432579,6.367628329162109,14.0,4.0,5.0,180.0,0.0,0.0
3202,241,1,871,True,4.01213662,-78.9831472,104.831985,100,95,53,20,22,265.6793557042389,1.7257567250044121,103.32073653976055,2.895881786271299,87.72200849801644,-2.9666580910265226,4,7,bottom_right,-49.0,-37.75,290.5,105.93516224008403,12.054234780434228,9.524213946998723,0.0008551234300073,-0.0023976198219997085,0.9999967600863058,-0.2766492331765485,0.11824483722940739,0.9536683701640831,0.07804704845632443,-0.07898932746703698,0.9938155484663949,1.0328308726769913,1.6590186039526569,1.1949988500154112,17.608612668970544,184.83258384161954,-80.0,3.8540819469282424,-78.53998893322992,-80.0,-184.83258384161954,9.58292507,3.390505363222942,14.0,4.0,5.0,180.0,0.0,0.0
3208,241,1,928,True,-7.51160331,-80.0644047,96.1662377,114,103,78,16,9,272.0700271286958,0.8647302187576307,69.12932019158328,6.373454564541459,98.7513439007975,-7.640584335601094,54,9,bottom_right,74.0,-37.75,290.5,67.24481145579098,11.353626308459955,5.324798942138723,-0.020903829915143175,-0.007054847865996305,0.9997565998864257,0.3521583989481305,0.1316690659511646,0.9266324617246243,0.02984962542830306,-0.10206442223871183,0.9943298514954019,2.030158260363648,1.147378201789384,0.7035347179281726,23.34773006662567,176.20912702152987,-80.0,-3.8281576892460802,-78.82127611626308,-80.00000000000001,-176.20912702152987,8.11953197,3.0961346345156895,14.0,4.0,5.0,180.0,0.0,0.0
3222,241,1,1128,True,3.16505268,-74.7208664,57.8116707,81,75,26,21,28,266.9542411980604,-1.4681998577796647,117.55026770572097,10.816156670152502,80.29564833656404,-4.351819018048871,29,6,top_right,-110.5,-13.0,290.5,116.03487373201612,13.405519706920634,3.0002032983986346,-0.005301085687325703,0.04145605474192049,0.9991262653017238,-0.4611394022154205,0.1960637616626123,0.8653955471847027,0.17153969067159353,-0.06266769651093561,0.9831820250280755,0.8436258573940394,0.967130709987772,1.4268812582563106,28.92992542240281,137.93218683764917,-80.0,3.8962430214665966,-80.43899068821439,-80.0,-137.93218683764917,10.76562505,4.51749010666229,14.0,4.0,5.0,180.0,0.0,0.0
3229,241,1,1227,True,-4.59245562,-72.5076049,49.7463361,57,51,21,14,16,267.0363770697966,-1.2627294757254046,99.57143971448293,1.952115452374661,80.69823491409154,-4.545803704989899,4,7,bottom_right,-49.0,-37.75,290.5,100.4508675299194,8.080564795543365,6.191226424089842,-0.008051927388774157,0.023815397625337804,0.9996839467057942,-0.18140237098298692,0.08594821611950598,0.9796458972239029,0.1793043409554909,-0.038830126186965234,0.9830270467361626,0.7780012596822352,0.9056157007694964,1.0851478002124897,10.628475183183308,129.7873558213536,-80.0,-3.547417254945466,-75.59854238562674,-80.0,-129.7873558213536,17.78310598,5.917293135604956,14.0,4.0,5.0,180.0,0.0,0.0
3232,241,1,1256,True,6.95813063,-72.193943,93.7139813,123,114,65,14,35,269.46121626751165,1.2342411962998598,75.0268365295819,6.570372840339353,95.95625753261962,-7.738661971815916,63,9,top_left,49.0,-12.75,290.5,77.9404796250748,16.45753945410899,10.307539945901466,0.03758915428832804,-0.004649295859294524,0.9992824623337994,0.22135542882401327,0.29157079525546375,0.9305848942918822,-0.06764013493056767,-0.21245990587043076,0.9748259334589444,1.689550720735942,1.4404830819577332,1.6083510507564893,20.465625155720723,173.8387171273829,-80.0,0.4236802706137901,-71.38571537227459,-80.0,-173.8387171273829,9.003963,3.2972226154702335,14.0,4.0,5.0,180.0,0.0,0.0
3233,241,1,1258,True,-2.60290887,-73.8211167,59.3930306,101,94,32,33,29,284.8924690362174,-1.2224050967200828,65.61865286404515,-5.967633333694362,100.68475184714245,3.480253120464718,37,5,top_left,110.5,-74.25,290.5,63.92304249337806,-0.09550443009419296,6.112036680977159,0.023866378637304824,0.015855041680876703,0.9995894225250879,0.387515817797339,-0.11172514824683319,0.9150677473313562,-0.1489914494230815,0.05436821392256984,0.9873427192792174,1.405859191939776,0.9924760607299757,1.5370227063681323,22.754701926379262,139.45028574619747,-80.0,-5.931082190699101,-76.03210679291612,-80.0,-139.45028574619747,14.44505326,5.45987082949779,14.0,4.0,5.0,180.0,0.0,0.0
3249,241,1,1462,True,-6.35935593,-71.7684455,47.7295375,118,111,42,65,4,280.6881017492814,-3.05194863991903,78.28349103526946,2.4279473066107413,33.079028600307865,0.7953407601083167,18,10,bottom_left,110.5,-38.0,290.5,64.29581841057477,7.1437437020095444,14.761223563732438,0.009306883643677601,0.059700169065930016,0.9981729668400875,0.44878701043860814,0.12312988250939838,0.8851153886894061,0.021783603843071566,0.11732203428429186,0.9928549817949264,2.1345812904740415,4.441265335346604,0.31317782976400316,26.488238504604308,127.96333074853041,-80.0,-7.550295759934005,-79.40787797992678,-80.0,-127.96333074853041,11.8339006,4.748332836969814,14.0,4.0,5.0,180.0,0.0,0.0
3251,241,1,1481,True,8.28294495,-70.1088832,64.3516745,89,80,60,10,10,267.1233294645539,-1.9728611269800536,107.59862218477298,-9.741817509477752,88.15598961561706,10.121892237266,39,2,bottom_right,-49.0,-99.25,290.5,104.2139573808419,-7.120136229657134,4.281257825444719,0.010972401943998261,0.030378262848184345,0.9994782476582,-0.3016768871646917,-0.16279166549626,0.939409351345608,-0.026703993165948348,0.1168714841880627,0.992787969776363,1.823285803637377,0.5186453233100534,0.903004454817403,21.461478829128602,144.42702964093436,-80.0,6.698233529201916,-74.4963254688148,-80.0,-144.42702964093436,13.50395498,5.011409014693587,14.0,4.0,5.0,180.0,0.0,0.0
3255,241,1,1536,True,0.105025406,-82.3083195,53.0829607,78,71,23,14,34,273.8731741145341,0.2962300347156921,67.98463083718754,-0.9821131210715638,100.76085051254131,2.7498419240868457,37,5,top_left,110.5,-74.25,290.5,65.06235586723324,1.762844312363069,4.00929947888524,-0.010250482297905513,0.017985117954863458,0.9997857086120056,0.43247433649790074,-0.03573073233102175,0.9009379906729372,-0.20107960641915462,0.06591153367772819,0.9773549312356119,0.9089950774268214,1.0258554342553294,1.7186220410063369,26.405479224684917,133.11148534495257,-80.0,1.4694823301763453,-84.70234526507605,-80.0,-133.11148534495257,12.51798665,5.0156087066243735,14.0,4.0,5.0,180.0,0.0,0.0
3265,241,1,1676,True,-8.31671673,-68.0469814,77.5244004,94,87,38,34,15,269.3775193465933,-0.5908016831152679,96.3234542186559,-1.262986042121631,75.54690524314009,1.4870212110471857,46,2,top_right,-49.0,-74.25,290.5,100.81453957559474,-1.6386828097828108,4.506772209080632,0.0031530299514019875,0.010724059508653514,0.9999375245232976,-0.24197121409328165,-0.07819555400204592,0.9671273891709077,0.05273030995449855,0.048957498752986384,0.9974079795790457,1.142200137340399,2.7957867604853215,0.8367457458389278,15.10157903691628,157.53424242689255,-80.0,-8.813426914743413,-69.73638799043665,-79.99999999999999,-157.53424242689255,12.6739373,4.370413788815112,14.0,4.0,5.0,180.0,0.0,0.0
3268,241,1,1743,True,-1.96666328,-76.9597477,58.2878498,82,76,26,15,35,271.65572568409107,-1.1984287295620555,71.47211277823533,10.456260257843313,97.44702902684126,-10.904737034692761,59,9,top_right,74.0,-12.75,290.5,71.88483506004988,14.724785021250916,4.288431337649017,0.006400369465156958,0.013087717139913413,0.9998938678333692,0.31736265180647594,0.17497402404501164,0.9320220159137107,-0.15069196648439634,-0.1526677520871621,0.9767212953088094,0.9597192992630982,0.34177969874003694,1.9947621433619573,20.56988325873981,138.30252814696277,-80.0,-2.851850558105831,-78.76981206812236,-80.0,-138.30252814696277,13.27391174,4.867489088762202,14.0,4.0,5.0,180.0,0.0,0.0
3280,241,1,1949,True,-0.319750087,-74.3465009,22.728596,57,47,12,31,4,271.53341352801704,0.7229047621350481,85.81993523017616,-0.16902115568239293,106.83838762317632,-4.984118195477707,63,9,top_left,49.0,-12.75,290.5,79.56388249143909,12.747365398738175,14.351698070022097,-0.04291587882630755,0.022986071106633425,0.9988142309156626,0.24101506187298563,0.24016415570551686,0.9403365983862465,0.013648973632025007,-0.1265765064192156,0.9918629409053947,1.9057457999227616,5.1053340255628825,0.1387392140235726,20.868793791152413,102.85055300606159,-80.0,4.0941717830268605,-76.7106310247539,-80.0,-102.85055300606159,19.19764474,7.067536164541247,14.0,4.0,5.0,180.0,0.0,0.0
3284,241,1,2012,True,-0.000159024131,-70.7267664,62.083281,92,86,28,28,30,275.5332397468179,-0.5787658156982626,67.18026976841833,6.711077014003747,100.64895571533164,-6.692154327305219,18,10,bottom_left,110.5,-38.0,290.5,64.18389842415071,7.349268820371233,3.0635812400624713,0.01623177188990955,0.002281131333763842,0.9998656539861503,0.38436123648585874,0.1256608476606017,0.9145905046808004,-0.19578485149941166,-0.09565987205982907,0.9759700204416377,1.0840747836064772,0.7679933057146042,1.6703725560719282,22.928292354952443,142.10237188722164,-80.0,-2.3067323096194774,-71.05092057311411,-80.0,-142.10237188722164,13.44974501,5.096660820452922,14.0,4.0,5.0,180.0,0.0,0.0
3301,241,1,2336,True,4.34607849,-72.1732928,111.378586,116,107,66,18,23,274.58151087107575,2.305616736675028,46.80705535217049,13.4535908618461,106.9454207627234,-6.10195565631914,5,10,top_right,135.5,-13.0,290.5,53.78815724948697,14.924716740774095,7.134423245951105,0.01986654937793242,0.004151569696711489,0.9997940211287861,0.5611072591252423,0.1772320449630409,0.8085465020610608,-0.2547472194346125,-0.0509079284942644,0.9656667318525354,1.485968015865445,0.32088080447710665,1.5615229181209618,34.88886878361222,191.4180140664674,-80.0,0.543263061722763,-72.96797802660303,-79.99999999999999,-191.4180140664674,6.82006963,3.2581196333558093,14.0,4.0,5.0,180.0,0.0,0.0
3321,241,1,2551,True,-3.36919304,-65.9888746,50.9467097,135,125,44,40,41,270.3485997947724,-1.332857466015159,100.99233670655168,2.2023811774510405,86.21867906561786,-0.09165430493697123,4,7,bottom_right,-49.0,-37.75,290.5,100.78466918595343,6.605390586493096,4.4079039979591546,0.012562890461359085,0.03840622758758506,0.9991832341796707,-0.20611306381822078,0.04983231370043316,0.977258484452669,0.07622236503084379,-0.017366214065817953,0.9969395998144146,2.261033419274243,1.206718125394562,1.616514117298498,12.634616329980537,131.05374992356354,-80.0,-5.0156069448400755,-71.02215474577085,-79.99999999999999,-131.05374992356354,12.76581315,4.309480048196691,14.0,4.0,5.0,180.0,0.0,0.0
3325,241,1,2611,True,2.85756262,-69.5710274,117.57985,182,172,116,30,26,271.4048678314533,-0.7800696410270722,61.667749181781055,5.1954888983754035,100.72094900651001,-1.2763058789579904,18,10,bottom_left,110.5,-38.0,290.5,58.097821206963076,8.810619970951251,5.080704519777882,0.003659816462456578,0.02342723548809777,0.9997188456665436,0.48622705746518396,0.0985933079859468,0.8682526177381424,-0.22320178359658924,0.010592918947390673,0.9747147038326013,2.2138854722837396,0.8785811096306713,1.7865820956269645,29.29666278958281,197.63541605366794,-80.0,2.134253270762331,-74.20107883267747,-80.0,-197.63541605366794,6.83130581,2.887073552756739,14.0,4.0,5.0,180.0,0.0,0.0
3335,241,1,2733,True,-1.30490789,-72.133772,98.0800161,166,156,98,20,38,272.7770421458243,2.6780612049160384,72.66385427569092,7.949379783597823,92.40484571127678,0.7607456937048435,59,9,top_right,74.0,-12.75,290.5,68.62676154976494,16.03416071894685,9.03669189749809,-0.0018715513961306582,0.0032969789561680942,0.999992813586745,0.3181027726984662,0.21889218043821118,0.9224406969255822,-0.09217920998286548,-0.09606494906999864,0.9910976333374596,1.979864466467949,2.439469098958372,1.641489403488706,22.696686547990513,178.08129586578508,-80.0,-0.9716195920976332,-72.72090228495664,-80.0,-178.08129586578508,6.92987159,2.6170983432026564,14.0,4.0,5.0,180.0,0.0,0.0
3337,241,1,2766,True,-6.81996803,-72.3474048,69.1985826,93,85,32,39,14,273.35779798296994,-1.3962452357623205,64.38653145427884,-6.38078017325711,95.95277379789157,2.934090902184672,37,5,top_left,110.5,-74.25,290.5,62.070303012912476,-0.4352054549898024,6.380812873223428,-0.008948774159331312,0.01651753465395966,0.9998235296741123,0.450432903830838,-0.12937133820951344,0.8833873759548518,-0.05475578559937843,0.07768906880000569,0.9954728587622984,1.1016987942009437,0.9795272851862732,0.9922942774155145,28.70982933593291,149.22491636962232,-80.0,-5.484587954463148,-74.81223252736947,-80.00000000000001,-149.22491636962232,11.60847105,4.8506189763914875,14.0,4.0,5.0,180.0,0.0,0.0
3350,241,2,118,True,2.19753159,-81.9285971,37.859013,97,91,29,29,33,260.7080323568093,-3.78324196792441,111.86019910303284,5.418192476149604,77.36236086747158,-8.455868488089758,48,6,bottom_right,-110.5,-38.0,290.5,114.04058859137714,9.022941226946832,4.21287453851364,-0.0201321270146439,0.024757772501303735,0.9994907454112019,-0.398341039657511,0.13424960820630796,0.9073596083257321,0.15123598916701625,-0.115847777561793,0.9816857786556081,1.9978887444823323,1.1038766316737056,1.8393066709701757,23.32977479056732,117.91906382435934,-80.0,4.571493160359903,-84.8480104557302,-80.0,-117.91906382435934,15.60335544,5.948252532546476,14.0,4.0,5.0,180.0,0.0,0.0
3354,241,2,219,True,1.17427694,-68.1640277,96.3282934,115,112,51,34,27,278.5646849888574,-2.063090579033954,60.70868789568546,5.4261304286888,90.51693277242867,-4.544427863254715,18,10,bottom_left,110.5,-38.0,290.5,60.61890882190328,7.709028845307524,2.284663096101801,0.005618546437157845,0.029474435132557764,0.9995497434392898,0.4881710321051532,0.14565918579139023,0.8605070859719742,-0.1568966355456218,-0.09277229095297135,0.9832480601485069,1.0208520176718723,1.162476696827857,1.5347827855853944,29.8702262693424,176.4077221342509,-80.0,0.18312196131547354,-73.36354566292826,-80.0,-176.4077221342509,7.40467322,3.1651641506717403,14.0,4.0,5.0,180.0,0.0,0.0
3362,241,2,311,True,-5.80323126,-72.1078667,107.365348,153,144,101,19,24,267.5474947044623,0.7836612122552059,120.57446377731374,7.703801987388154,81.84155479121506,-6.570530121221779,48,6,bottom_right,-110.5,-38.0,290.5,119.75629420627529,9.18451487029477,1.6917186789117356,-0.0075993063073991445,-0.0009742961743309798,0.9999706502146005,-0.5284603528395924,0.16452447824568717,0.8328633450540599,0.14412396548136105,-0.13553784729506502,0.9802335306061242,2.0386170334255116,1.0644296239310078,1.706046844442057,33.20730051774954,187.37084729415818,-80.0,-4.379342798334782,-71.92531200030015,-79.99999999999999,-187.37084729415818,6.39023777,2.934050800215813,14.0,4.0,5.0,180.0,0.0,0.0
3372,241,2,464,True,0.452184978,-72.6570338,23.5841649,111,105,6,73,26,274.47982009430484,-6.359873423926068,65.21897772520103,-3.6340009669047646,103.10940818278017,3.1364947487551484,31,5,top_right,135.5,-74.25,290.5,63.162571718254135,-0.3051106075510041,3.9128399775617804,-0.15888612394930327,0.044978051652450286,0.9862718562779312,0.4237701731318192,-0.06689535094657661,0.9032961044893101,-0.16421546470113463,0.05004546172953296,0.9851541670790761,0.8096676265925322,1.0723875404059746,1.4895687296296618,34.85955955398986,105.02597660133374,-80.0,17.139355314176136,-77.38089760042382,-80.0,-105.02597660133374,15.34503468,7.3254857463689405,14.0,4.0,5.0,180.0,0.0,0.0
3392,241,2,793,True,-1.99863702,-61.5872709,123.796843,180,170,110,28,32,267.1968339095316,-1.700540321166527,119.78381224331777,5.983375544549525,82.26543816237424,-0.9186625598682661,48,6,bottom_right,-110.5,-38.0,290.5,123.05872166178774,6.762932129824173,3.3664135469113736,-0.0168401617822999,0.02444893624403744,0.9995592320956678,-0.5249249696603385,0.12578125449121047,0.8418033334726766,0.209764659986728,-0.007176922225289206,0.9777255643625283,1.932711206583995,0.7826320089874391,1.858069757451838,31.42236796553965,203.8867097177635,-80.0,1.4348481569079545,-66.57208406689617,-80.0,-203.8867097177635,5.98576099,2.6421178113787134,14.0,4.0,5.0,180.0,0.0,0.0
3395,241,2,801,True,0.543188193,-68.057065,87.7940057,142,131,79,20,32,267.8992134523733,-0.13700421764000206,102.30554416493435,4.387070983169331,85.4810052176974,-1.1843807917809763,10,7,top_right,-49.0,-12.75,290.5,103.73435700135063,14.844492434853725,10.554580500411035,-0.01986339128507341,0.021920224901181503,0.9995623789573805,-0.2518038692915957,0.18084366697372778,0.9507314970722683,0.09908006485025712,-0.0814273285759073,0.9917422704061072,1.806138271182536,1.8961142294548585,1.6006863546419772,16.40663959174852,167.867468036384,-80.0,3.8776053946412494,-71.73675765294944,-80.00000000000001,-167.867468036384,9.65022885,3.370778220929733,14.0,4.0,5.0,180.0,0.0,0.0
3412,241,2,1059,True,-2.05157778,-76.7508978,103.799857,173,165,106,45,14,274.59270163479476,-0.3685727519380826,58.68092993437894,-3.898447238512715,97.76388719343777,0.13241741206007063,37,5,top_left,110.5,-74.25,290.5,58.91646188269795,0.6572632840967669,4.561795004654825,0.0032245257339275565,0.009754621215195219,0.9999472235066905,0.5167418685456715,-0.07667831233414757,0.852700579165697,-0.2951390008789794,0.03491660816666841,0.9548161082817431,1.9742158723818017,1.104285065275415,1.5005233081580773,31.397464104814464,183.80955782389873,-80.0,-2.6442764293450067,-78.54389041230466,-80.0,-183.80955782389873,6.27828721,2.769768347230703,14.0,4.0,5.0,180.0,0.0,0.0
3445,241,2,1708,True,-5.06885366,-71.7968433,89.1373938,157,149,82,34,33,265.37033006845604,-1.1335152890018636,124.23066547993695,5.400724625650471,85.47681877406268,-6.459167235216515,41,6,bottom_left,-135.5,-38.0,290.5,122.93285133016782,8.018499341932968,2.921825804620949,-0.0013391095056120225,7.82222740107752e-05,0.9999991003330992,-0.568999239415168,0.13967775122321457,0.8103887902471172,0.21696582169106263,-0.12428987149398131,0.9682344034694965,1.8554569941315084,1.1276752035853566,1.655511990385664,35.7904861005296,169.13754596745176,-80.0,-4.842359964439095,-71.81007362346618,-79.99999999999999,-169.13754596745176,6.84732541,3.344963527840765,14.0,4.0,5.0,180.0,0.0,0.0
3470,241,2,2141,True,-2.04720943,-79.7556354,67.3975335,137,129,63,34,32,275.35798285770545,-1.1507703918674124,62.21367589953817,6.981023001433766,100.80880680720276,-5.607398692871385,18,10,bottom_left,110.5,-38.0,290.5,63.23069013458348,9.486513848734354,2.7040344561768856,0.0020722170155813425,0.01981895301946601,0.9998014377954518,0.43017726999976524,0.11936760078098918,0.8948177983586042,-0.1966609056589778,-0.08162960101249851,0.9770676007441507,1.9248649126148474,0.8412483870890297,1.8193063433468994,26.11696365498045,147.42680689178593,-80.0,-2.352709767793984,-82.67748035959819,-80.00000000000001,-147.42680689178593,11.59421713,4.622453943803794,14.0,4.0,5.0,180.0,0.0,0.0
3496,241,0,159,True,-5.78212171,-85.6807064,91.0136966,121,115,78,16,21,277.1580111540186,0.6518739900217825,56.37898629899894,11.221156142446457,95.68897606406495,-12.764704246380932,5,10,top_right,135.5,-13.0,290.5,54.692741272246735,16.558495441630075,5.597375553315716,-0.01984837842305911,-0.03437924083598343,0.9992117441631261,0.5311476999269452,0.2526875860024912,0.8087218957976529,-0.10242998267527334,-0.1642943927593435,0.9810787181245865,1.822437753821644,1.0435051078973758,1.8648786526205772,37.92138190218533,171.14860548724815,-80.0,-2.3850994217102484,-79.79674727321118,-80.0,-171.14860548724815,6.72649532,3.474394994116742,14.0,4.0,5.0,180.0,0.0,0.0
3501,241,0,232,True,4.74823637,-75.4508553,90.1717152,90,85,45,10,30,263.1093215979245,-3.84906879751729,62.50574233317495,15.696945302737518,103.12585398475397,-10.570186827011627,12,10,top_left,110.5,-13.0,290.5,62.17077072936912,15.412857823634031,0.4392171116197846,-0.007486544948762756,0.01717957066505183,0.9998243915790886,0.44894067219144873,0.2632535565927711,0.8539027097940062,-0.21975899992546646,-0.15454218594154193,0.9632355343923773,0.9271718189473398,0.13705043268531833,1.6473580306618065,31.249728838188382,170.20160403492113,-80.0,6.022458328958957,-78.3748457838231,-80.0,-170.20160403492113,8.64956208,3.80393781676677,14.0,4.0,5.0,180.0,0.0,0.0
3503,241,0,277,True,-5.01405435,-66.7598818,134.665492,98,95,75,15,5,271.0393601379557,-3.93186395786544,107.00017783619501,6.410188647703028,54.23610998796353,-25.635337594841793,4,7,bottom_right,-49.0,-37.75,290.5,105.76228365197055,10.15724675664528,3.9462420710248667,0.010594767718278499,0.018022181551358152,0.9997814520529603,-0.2922186501910305,0.10041844172418403,0.9510648753067369,0.26531120339834985,-0.11984197725805412,0.956685876261482,1.2493876122540528,0.8368330312770338,1.1990800387586276,18.273465052432858,214.7124169579301,-80.0,-7.2888825338994305,-70.62946795974673,-80.0,-214.7124169579301,5.49008718,1.957082002373249,14.0,4.0,5.0,180.0,0.0,0.0
3516,241,0,546,True,-3.70611184,-73.7975872,43.678671,93,82,33,21,28,273.38848692525505,-0.44280281735504123,71.57883081382523,6.807051785814363,99.07636505919514,-4.60175717678566,59,9,top_right,74.0,-12.75,290.5,72.52457083646102,13.274471919092417,6.536202825092368,-0.012633239163184701,0.025717987227926276,0.9995894089080726,0.3138268805579506,0.13478207994905678,0.9398651392427917,-0.15574878306847612,-0.05638053433473445,0.9861863677423343,2.392060179000094,0.7365266342151923,1.516700880371885,20.118887702199668,123.72947321951281,-80.0,-2.143007813283038,-76.97966021197747,-80.0,-123.72947321951281,15.45008273,5.632507244606232,14.0,4.0,5.0,180.0,0.0,0.0
3523,241,0,743,True,-0.321683312,-81.7827255,54.4327449,90,85,24,26,35,276.0108268101168,1.5668689404936729,104.65122922072773,11.234767040809897,83.08575277797301,-5.64905370699322,17,7,top_left,-74.0,-12.75,290.5,107.33352475784713,15.596972793804582,5.120893318544195,-0.008165870113680402,0.020574671301811124,0.9997549707133788,-0.29513271815493064,0.23468319625870931,0.9261859835196592,0.07023395719977181,-0.16529803570405802,0.983739676260158,1.1616054660415378,1.6608349282457162,1.7029874179669837,21.061123537803567,134.46569293281433,-80.0,0.7763460712353947,-84.54931293346291,-79.99999999999999,-134.46569293281433,11.14181871,4.112381081244369,14.0,4.0,5.0,180.0,0.0,0.0
3530,241,0,817,True,3.02280962,-75.6973847,54.6590358,115,105,49,25,31,271.34564326463266,-1.293284144353552,116.09835938203439,8.040068597904888,81.94494839850957,-6.77302624142345,48,6,bottom_right,-110.5,-38.0,290.5,115.70398807579689,8.195693823616812,0.4239669067997659,0.004233291078824419,0.017012256660896785,0.9998463193761059,-0.4441868784694219,0.1524997861178237,0.882860029806316,0.20376916815363172,-0.08173455158741592,0.975601142468981,2.125885763977131,0.6005088936139132,1.711345486826666,27.94004813480941,134.67973346546486,-80.0,2.452671105822197,-77.98859089273566,-80.0,-134.67973346546486,11.28068682,4.64587509729253,14.0,4.0,5.0,180.0,0.0,0.0
3535,241,0,887,True,-0.118879385,-72.0121438,97.1200545,124,119,42,45,32,274.3178989205606,-1.9547635033967288,62.1669363999816,3.719648545154261,99.33023666647966,-4.0071620862979795,18,10,bottom_left,110.5,-38.0,290.5,60.229204405183914,8.680279303601505,5.325660785791328,-0.0005604612234164372,0.013657236012836416,0.9999065785300679,0.4675698081486726,0.07414140296266125,0.8808413744111603,-0.18125428294574483,0.008149179417466625,0.9834024993809228,0.9647965100163447,0.9094969003522593,1.899628384217365,28.174995209933652,177.13660286181812,-80.0,-0.01960118784823385,-74.43134019179593,-79.99999999999999,-177.13660286181812,7.53306909,3.116035086965262,14.0,4.0,5.0,180.0,0.0,0.0
3537,241,0,937,True,-6.12407322,-69.2746695,75.769324,107,97,44,24,29,268.096326669374,-0.4415010421076033,99.84171274865193,3.2181587275417667,86.75092543417733,0.16728037443012567,10,7,top_right,-49.0,-12.75,290.5,101.29191841028133,14.474324993111814,11.349201533992561,-0.042262117264134855,0.022079336576312666,0.9988625612869382,-0.180145897052629,0.15006066004803553,0.9721261513204197,0.06854512069876059,-0.06813917637897549,0.9953183506149111,1.4937226621660096,1.691203261587766,1.5705600326964244,10.90354708109869,155.94670381809706,-80.0,0.466564663715725,-72.7178692615663,-79.99999999999999,-155.94670381809706,6.92597027,2.308814291662979,14.0,4.0,5.0,180.0,0.0,0.0
3538,241,0,938,True,-3.23710942,-71.972349,52.8210067,207,196,46,107,43,269.22890092638994,-2.8188621005784382,119.67708485533215,2.8326576153458074,77.37780202624329,-0.9938544751761612,41,6,bottom_left,-135.5,-38.0,290.5,119.09493109886816,7.119244350030841,4.325936757529268,0.01601374582211384,0.045035024051970234,0.9988570501094655,-0.5034029586716753,0.04251751474068399,0.86300505336926,0.23162114850075846,0.010014791359891142,0.9727545155491222,1.9230472692358274,1.9266351904952526,1.6139403240558579,31.143786290778102,132.9729881622641,-80.0,-5.36650505363745,-77.96079072014992,-80.0,-132.9729881622641,12.34298633,5.416104004562696,14.0,4.0,5.0,180.0,0.0,0.0
3543,241,0,961,True,-4.2717568,-79.3798165,92.176771,175,166,91,49,26,272.53806257122665,-0.7814695060730438,59.127938912203874,5.043122960808135,97.01379625004428,1.945307942890101,18,10,bottom_left,110.5,-38.0,290.5,59.94157809990541,10.236620293239671,5.25684537243936,0.0010865926488999656,0.01695445134902018,0.9998556725327258,0.5239099372512399,0.09226682161008469,0.8467616023884024,-0.13376491578569186,0.052877047996234064,0.9896014172888249,2.051214751011135,1.2555303592501788,1.8544567391436226,31.921535991199143,172.20162442431368,-80.0,-4.4588698192280924,-82.29940056352427,-80.0,-172.20162442431368,8.76687029,3.91152351770636,14.0,4.0,5.0,180.0,0.0,0.0
3546,241,0,1031,True,2.03787358,-77.6536387,51.2648476,122,114,45,33,36,276.1246909811142,-2.578783431935837,65.57986967733072,5.667834162798373,100.51840553799977,-6.540498599656119,18,10,bottom_left,110.5,-38.0,290.5,65.61186926033669,8.584639408468249,2.916980770330833,0.024731221272851822,0.02557778455541737,0.9993668713898765,0.41352787714477013,0.09294297605553424,0.9057352251216028,-0.20980114266867017,-0.08202632229996852,0.9742972662308266,2.152281562461562,1.1657861924649966,1.889832556921828,23.398344121346323,131.34800778160925,-80.0,-1.2105230641952418,-81.01322974482129,-80.0,-131.34800778160925,13.63604761,5.203660571097446,14.0,4.0,5.0,180.0,0.0,0.0
3548,241,0,1039,True,7.61754659,-65.2397023,72.4335623,144,138,34,77,27,272.0606290702156,-2.604070961995779,81.58682847136461,0.9651216988017538,92.87317140282771,-0.6292286561024405,67,9,bottom_left,49.0,-37.75,290.5,79.25475599601971,7.060173743557342,6.525965174481133,-0.005004625577059815,0.03622410563079524,0.9993311602737516,0.16470228354123026,0.025400899005667554,0.9860162027705266,-0.05895680702680803,-0.011875090014117459,0.9981899003407921,0.9501705049066949,1.636413824450373,1.4895532219204628,9.78495209537092,152.5355841583516,-80.0,8.380930075890646,-70.76516741300719,-80.0,-152.5355841583516,13.31967548,4.408660652373599,14.0,4.0,5.0,180.0,0.0,0.0
3552,241,0,1075,True,0.998352,-80.064192,106.326923,106,97,73,10,14,266.4797738247678,3.4680498918729703,109.69125742849096,10.554990690945393,87.18377263605647,-8.321717366261396,17,7,top_left,-74.0,-12.75,290.5,112.15697374813094,18.701162566304255,8.51116168286249,-0.028284891880051004,0.00022490571105160395,0.9995998771052121,-0.32994769772552607,0.3026232894378756,0.8941776453565726,-0.015527062030179025,-0.21350066590276962,0.9768195206914044,1.7042388721900499,1.6779149917058616,0.9146814871318357,25.415334541114245,186.40150651037774,-80.0,6.270698457924658,-80.10611476336281,-80.0,-186.40150651037774,8.39910022,3.309250985658066,14.0,4.0,5.0,180.0,0.0,0.0
3554,241,0,1115,True,-8.21846706,-81.9174272,31.2475882,104,97,17,41,39,273.0042999167159,-2.5951639215777247,109.57878374838579,5.701287371198616,80.95663064598526,-6.146569426793711,48,6,bottom_right,-110.5,-38.0,290.5,111.53046904582904,8.955028180264256,3.794193557639787,-0.10961466637160713,0.026590826003753287,0.9936184141252011,-0.3582709448100117,0.12372772933243517,0.9253828284008632,0.11708250421976142,-0.10561217724920081,0.9874906355111996,1.891152662895304,1.298125595191836,1.6234640622101217,15.83758175664296,111.96208385282826,-80.0,4.054219407797671,-84.8945914907482,-80.0,-111.96208385282826,16.53961307,5.744130454730113,14.0,4.0,5.0,180.0,0.0,0.0
3563,241,0,1286,True,-3.98506185,-67.4856104,31.5670048,85,74,19,22,33,273.1714196674055,-3.944535252783877,101.36652301548224,-3.2130491174317943,85.10180114131718,8.14293207907715,39,2,bottom_right,-49.0,-99.25,290.5,99.86217988660036,-6.891420270421235,3.9740989656221455,-0.02130879630508481,0.05746136911567212,0.9981202964870423,-0.20769035580283166,-0.17134878675683388,0.9630702515307252,0.02966672206395601,0.14939377697004097,0.9883326287260811,1.9718169892869466,1.7177802938797442,1.6251881699370336,17.09090840029016,111.7771126312813,-80.0,-1.6032261253695048,-73.90847632759011,-80.0,-111.7771126312813,17.26166298,6.0729124165258295,14.0,4.0,5.0,180.0,0.0,0.0
3564,241,0,1329,True,0.958333568,-72.6036605,75.3395278,96,92,37,20,35,262.0964478236643,-1.2651341286975915,110.55896797928288,-5.54852093442272,90.07665290641086,0.26475570862817693,27,2,top_left,-74.0,-74.25,290.5,109.20748775143869,-0.4139971264861056,5.3094099051139105,-0.014545639382284897,0.019749633234424354,0.999699142923543,-0.36013021902462256,-0.1221534857349501,0.9248701267032463,0.16857101525695553,0.03212572587901475,0.9851658492619331,0.9019587513432463,1.6096032645820348,1.5191202574558762,21.964204207338426,155.38627686097792,-80.0,3.218526316175665,-75.67248247766703,-79.99999999999999,-155.38627686097792,9.19232328,3.435255130901328,14.0,4.0,5.0,180.0,0.0,0.0
3583,241,0,1645,True,-1.18741897,-78.2219808,115.568761,156,150,106,31,13,270.50301109754946,-0.11999202904630424,78.42928202084715,11.164910028232146,106.82212179823858,-10.27151778466554,67,9,bottom_left,49.0,-37.75,290.5,73.99192162064107,12.537853552336806,4.644904868961049,-0.01171067420369583,0.015226775179251195,0.9998154856909026,0.2060775842910365,0.2387303211861419,0.9489677881778351,-0.13182225673103146,-0.1437987945738528,0.9807878462284516,1.938624118422535,1.7759699341331847,1.06552432297045,18.192215989630114,195.6048528942879,-80.0,1.1032457349068547,-81.20041191899182,-80.0,-195.6048528942879,6.78190363,2.4153253905529257,14.0,4.0,5.0,180.0,0.0,0.0
3600,241,0,1924,True,-0.811017783,-81.8453356,101.733833,131,122,53,47,22,269.2057811119615,0.6289907478663345,111.12464899856553,-2.6396569876964233,74.87199862774986,-1.6721453013821992,27,2,top_left,-74.0,-74.25,290.5,111.19245693492003,2.148477284624433,4.788614384767919,0.005842122863377129,-0.011356942851054042,0.9999184413988609,-0.37462581724571375,-0.048171774735675243,0.9259238506334074,0.19695721650072412,-0.02795647437613235,0.9800134133820534,1.230804005203642,1.2836571887984056,1.5937202734311078,22.450949320027917,181.74865616615583,-80.0,-1.8728157625763677,-79.78122649866509,-80.0,-181.74865616615583,9.9187597,3.7325318353543255,14.0,4.0,5.0,180.0,0.0,0.0
3628,241,0,2441,True,-8.92551466,-65.9905414,82.8413215,123,117,45,35,37,270.2079751080399,-1.744601143903308,118.82045364712566,-6.118587915498982,81.36733362685986,3.702732277771121,57,1,top_left,-135.5,-74.25,290.5,121.36361937084702,-1.9451576648606153,4.887249937874531,-0.02394970256364817,0.0274139469266238,0.9993372239944919,-0.4745145110980531,-0.1155163570595852,0.8726350611848336,0.16727587350884662,0.0938539128329137,0.9814327410412821,1.4522038092059837,0.788379231071119,1.7023924406983855,28.326930596294883,162.94932039967475,-80.0,-5.022926903479182,-70.4576254211661,-79.99999999999999,-162.94932039967475,10.45654243,4.337666431555215,14.0,4.0,5.0,180.0,0.0,0.0
3630,241,0,2475,True,-3.85793439,-69.2163741,88.8772883,138,133,44,57,32,266.5913130685768,-1.9660724858030363,124.35376008005763,-3.76037411571893,84.09758593830558,-1.8562511756928264,57,1,top_left,-135.5,-74.25,290.5,123.14103713066332,-1.1975568864712698,2.8352652614025864,0.0009222755281756132,0.009960077571265824,0.999949971879906,-0.5646965352164562,-0.06734755013123928,0.8225461267344525,0.11747805892321218,-0.012286258249403773,0.9929994730763272,0.9565198607851908,1.3664197156618128,1.8427212800459511,34.783514574228015,168.8857373359496,-80.0,-4.013693572602841,-70.89848914454647,-80.0,-168.8857373359496,6.42920914,3.0635447721999043,14.0,4.0,5.0,180.0,0.0,0.0
3636,241,0,2631,True,-2.27144034,-84.7576118,134.523899,99,94,70,17,7,270.71730023393116,0.17525387481565088,105.9329653015566,-2.479776748866154,79.47978872643621,3.274191035562395,46,2,top_right,-49.0,-74.25,290.5,106.67758216501805,3.6923492968592977,6.216879779895512,-0.0021573615329027788,-0.010824711142719656,0.9999390838545581,-0.2733780724013149,-0.04838688312051276,0.9606888877633712,0.3026136641767008,0.08057981468969488,0.9497009338302904,0.9531722624321488,0.691422109551796,0.5918212449882151,15.899454947376029,214.53696776513104,-80.0,-1.8086065383579026,-82.43531109450751,-80.0,-214.53696776513104,5.8503378,2.0330428216202705,14.0,4.0,5.0,180.0,0.0,0.0
3643,241,0,2753,True,-4.28110619,-75.2413994,105.687652,93,85,64,8,13,273.1740127386547,-0.6776518134551262,74.57706952285768,11.154429919648042,98.92292165581901,-10.829810858227193,67,9,bottom_left,49.0,-37.75,290.5,73.9178125806467,11.029961237727152,0.6709039936030378,-0.018996585353694365,0.008344723810636336,0.9997847244929401,0.23789181923118505,0.17322217360074255,0.955720440775393,-0.19787504827388303,-0.14297095347135094,0.9697446940994837,1.4596035442603514,0.3862782087245749,1.5900530491426925,17.741492511189357,185.72763461071588,-80.0,-0.7529153265777762,-76.79124521482922,-80.00000000000001,-185.72763461071588,6.56290612,2.325436333478479,14.0,4.0,5.0,180.0,0.0,0.0
3645,241,0,2813,True,0.415247734,-76.8107722,89.9632978,162,153,88,53,12,269.03990981840064,-0.6710180561366342,65.84272272778806,-3.2442051321942613,104.39646957498825,-0.10970710993697985,37,5,top_left,110.5,-74.25,290.5,61.23538681897855,0.641335153226766,6.02701978478877,0.0015589972316907628,0.010448964587197572,0.9999441927761205,0.4285432439455188,-0.05987770163018836,0.9015349959464346,-0.302003588657787,0.011397356232444535,0.9532386546446431,2.102802017304126,1.1937887523907098,1.4936008200313728,25.640467716980954,169.97278350918273,-80.0,0.15026063504641074,-78.58681179567485,-80.00000000000001,-169.97278350918273,7.00307021,2.7695892535591082,14.0,4.0,5.0,180.0,0.0,0.0
3656,242,1,204,True,3.34548108,-67.3314122,99.2773669,140,132,50,61,21,266.67393305963355,-0.8083071397866335,114.74235532488721,1.8411689351910814,78.11302419692201,-2.4549309381969047,24,7,bottom_left,-74.0,-37.75,290.5,112.02228306971213,8.161101171790817,6.880431421690488,0.004970035892011149,0.0032875937408051174,0.9999822450776952,-0.41847356443725536,0.036260648961165313,0.9075048436256931,0.1276580242670358,-0.020211853762030604,0.991612277963388,1.018556700967897,1.721111773538977,1.3378066201208532,25.10549487149359,179.28055001223623,-80.0,2.454450311699686,-67.92081381406832,-80.0,-179.28055001223623,10.20056622,3.9985716465246948,14.0,4.0,5.0,180.0,0.0,0.0
3658,242,1,246,True,3.11369415,-77.1192132,109.107829,108,102,55,29,18,267.3426438433977,-1.0485981221203573,114.1190410047913,-3.1904322308334527,79.90139143635871,3.8279247001391905,27,2,top_left,-74.0,-74.25,290.5,113.0313834225263,0.833990821970716,4.168810372780245,-0.007135195414544266,0.013409306901043024,0.9998846330826523,-0.41880425848542613,-0.06651709486072287,0.9056370515641253,0.13274982719080902,0.07381659288191623,0.9883969819845242,0.9559712640460293,1.2658607607084684,1.3794561798201332,24.820291240046124,189.12964830450392,-80.0,4.463171149336667,-79.65531069820143,-79.99999999999999,-189.12964830450392,8.54345932,3.333508968714887,14.0,4.0,5.0,180.0,0.0,0.0
3660,242,1,265,True,1.79962985,-76.614505,75.8218645,79,75,36,16,23,262.8810437910641,1.1222028436709142,123.44692420449796,12.448469656138538,85.45927098396375,-4.037973982158358,29,6,top_right,-110.5,-13.0,290.5,117.61437970613245,14.712047363371472,6.256385487012102,0.014884986640770472,0.015948570088820665,0.999762011823227,-0.474967253722458,0.2781106687278878,0.8349015294219272,0.2093013713365124,-0.09658978726422429,0.973069036067281,1.07778879834313,1.9352313755945905,1.297225774275198,33.68819535820824,155.85895708903138,-80.0,-0.5203286441146502,-79.1002325011049,-80.0,-155.85895708903138,9.57401014,4.444882487437093,14.0,4.0,5.0,180.0,0.0,0.0
3665,242,1,311,True,-5.88827501,-68.620501,124.315681,104,98,74,12,12,270.32766446574624,-0.18925394557766984,104.72334889412072,-5.036170590174191,83.76302096924135,3.3173345374327554,46,2,top_right,-49.0,-74.25,290.5,104.54314549866434,-1.8780348472712647,3.1632727726731096,-0.0265437479599615,-0.0009111680382631883,0.9996472373877918,-0.2612734621033522,-0.10533589789900545,0.9595001441450327,0.19156829653044224,0.06786083680405341,0.9791304788396071,1.4410704493963735,0.35209320546954653,1.135516945317425,14.94077944793634,204.38778136765868,-80.0,-0.4630572552811536,-68.43426938620627,-79.99999999999999,-204.38778136765868,6.99651543,2.409010312417498,14.0,4.0,5.0,180.0,0.0,0.0
3672,242,1,394,True,1.14086881,-81.215271,29.0784637,96,87,19,28,40,261.4970204113972,-5.157702578348484,111.2183219706986,7.41307751877437,80.2870209813866,-7.076735657182056,48,6,bottom_right,-110.5,-38.0,290.5,113.12505374284677,8.644268714353325,2.2696823149926657,0.0006626672629218358,0.027427185302880908,0.9996235843448574,-0.3622039942148131,0.12000109028212248,0.9243419307301479,0.18967814758973262,-0.07203490428586645,0.9792002721054839,2.084546689318632,0.7386692496888325,1.9152094086621725,22.021187411973333,109.11953800238602,-80.0,1.0685588644206636,-84.2081127889562,-80.0,-109.11953800238602,17.1190203,6.402675693336481,14.0,4.0,5.0,180.0,0.0,0.0
3677,242,1,476,True,1.26320157,-75.0890797,106.038484,124,118,84,23,11,268.1780687865505,-0.7797777821824577,108.59449859016785,-2.6258788874801833,72.66766068115432,5.4717893108483455,27,2,top_left,-74.0,-74.25,290.5,112.19623255885482,0.24131229194174522,4.603615192492582,-0.024117150862133438,0.01395798822898486,0.9996116934084418,-0.35366333712730524,-0.06674539186926964,0.9329883689715515,0.15942696130457165,0.029054280599193683,0.9867820898192539,1.820710486332053,1.0321369462931245,1.016635936013337,19.910824592307733,186.11075203177379,-80.0,5.751662653815396,-77.68681138614701,-79.99999999999999,-186.11075203177379,8.55444631,3.1103832072721254,14.0,4.0,5.0,180.0,0.0,0.0
3680,242,1,530,True,4.91018563,-68.8577617,111.343968,88,85,58,11,16,262.923553367458,0.737704789881846,110.43283549106413,7.823819777463847,88.1437804892174,1.0969022061944154,10,7,top_right,-49.0,-12.75,290.5,106.74716722856888,16.693720914497582,9.605170311968292,-0.000418616205991219,0.029619412480160423,0.9995611612926957,-0.24393756129154584,0.1877090564671986,0.9514514051234185,0.02565905504880005,-0.0416678266149142,0.9988019849395535,0.990155760841297,0.9918788324449057,1.0243402709866118,16.923195263407592,191.42797400465412,-80.0,4.990320482198414,-74.52774582228527,-80.00000000000001,-191.42797400465412,7.75971451,2.725100157657686,14.0,4.0,5.0,180.0,0.0,0.0
3719,242,1,1216,True,1.39454415,-77.5358548,24.5313648,87,80,8,35,37,246.4560288867367,-6.726764179075143,115.54328598080511,7.098317031560844,81.93212082880736,-4.436589131964905,41,6,bottom_left,-135.5,-38.0,290.5,117.23496329561534,7.529085935487671,1.7456614752104391,-0.12032077771614455,0.04101176579743849,0.9918875669731717,-0.43034686547644857,0.11632206320650296,0.8951372816423065,0.15291118003921084,-0.039087940839733666,0.9874666090050466,0.6105918085588452,0.6348125731976851,1.8440481870825725,19.191389329285652,105.38630413423394,-80.0,14.074706224061167,-81.85793322341083,-80.0,-105.38630413423394,15.6900359,5.6542205601617015,14.0,4.0,5.0,180.0,0.0,0.0
3727,242,1,1309,True,-0.546873619,-59.893446,68.9528499,189,179,65,88,26,272.0351569014754,-2.2545447800035903,70.68109426935612,-0.8472064762837583,96.51075997676973,3.1187782562371567,54,9,bottom_right,74.0,-37.75,290.5,71.40278303195768,5.411490898499001,6.300168846878469,0.010143003584429254,0.037050036557037966,0.9992619347645584,0.3434783612020369,-0.01994540149391477,0.9389487719493591,-0.21429312328187122,0.07438145242712112,0.9739331891094648,2.138378232599669,1.9348935393921893,1.9564004728682227,19.779705835819787,149.06286802078134,-80.0,-2.05881882364009,-65.41623070946687,-79.99999999999999,-149.06286802078134,13.54844064,4.918060946758975,14.0,4.0,5.0,180.0,0.0,0.0
3732,242,1,1441,True,0.723797742,-75.045236,43.5149103,130,124,17,57,50,272.48760151263434,-1.2419542182341379,65.38812610942335,5.238787982824772,98.53740025753666,-5.140404062778685,18,10,bottom_left,110.5,-38.0,290.5,66.03653251975214,7.804408083893026,2.6462874703933705,-0.018431959043095598,0.023372729373398297,0.9995568910309566,0.4173385019369138,0.08833720678991674,0.9044474073696094,-0.1681857071686903,-0.0661514664389461,0.9835331979105456,0.9533072434117476,1.0440280169552167,1.9729634973552934,26.04898220670487,123.56966512691943,-80.0,3.0014287485884172,-77.93339634177295,-80.0,-123.56966512691943,14.41579032,5.740703589429198,14.0,4.0,5.0,180.0,0.0,0.0
3761,242,1,2014,True,2.22591486,-68.4662015,83.0320916,146,136,81,16,39,273.21134589589684,-1.2448285264949916,74.47859363279588,6.548753153684157,92.43153413072976,0.03750005795788697,59,9,top_right,74.0,-12.75,290.5,70.91679978396758,14.240704359659086,8.476584735413804,0.0025587295671559186,0.030537559547896942,0.9995303448919702,0.2781873420977145,0.2308893566469126,0.9323636134490578,-0.10893760026842846,-0.08611194122893666,0.9903117351751116,1.94066935665321,1.8888267078903052,1.7583500331298585,20.000719160638216,163.10869643244357,-80.0,1.8085638157780477,-73.44714303008558,-80.0,-163.10869643244357,8.31533531,3.026889591190145,14.0,4.0,5.0,180.0,0.0,0.0
3770,242,1,2131,True,5.20587549,-76.9889082,119.769492,165,157,84,44,29,274.24476154403607,2.0391374410903347,56.510886675704356,-3.780305430426868,98.15911943175355,-1.4534910991424697,37,5,top_left,110.5,-74.25,290.5,58.336741961162275,0.782288635989734,4.9143679286694235,0.024570973548276805,-0.024654164854898474,0.9993940361109813,0.5374099132919254,-0.07831171603884847,0.839677235743959,-0.22859619320500985,0.016584053650770203,0.9733800643205542,1.6270651942839518,1.0112425433736232,1.9337833696637943,31.317091682215867,199.89061849656255,-80.0,0.2943683903722718,-72.06077193863813,-80.00000000000001,-199.89061849656255,6.11191268,2.691763662563884,14.0,4.0,5.0,180.0,0.0,0.0
3773,242,1,2151,True,-6.20950246,-72.2270353,27.4816793,104,97,12,30,55,281.48212230324066,-4.564291517279884,110.43727332050024,6.393406049839525,79.92048445915823,-3.9815859014293795,48,6,bottom_right,-110.5,-38.0,290.5,111.62902870887697,6.897507538129941,1.2939857867154463,0.04081732025245948,0.03113178699896956,0.9986815098947506,-0.4058355335136423,0.12084930397532301,0.9059210591803115,0.19965586125229892,-0.068539091981365,0.9774660761059552,1.6201114878012162,0.6340805006298037,2.0924380906342406,26.884011576087477,107.62357992522293,-80.0,-10.602408588523993,-75.57754966629861,-80.0,-107.62357992522293,15.13601143,6.115619702731278,14.0,4.0,5.0,180.0,0.0,0.0
3783,242,1,2342,True,-8.24352142,-75.0687637,65.6772874,71,65,30,10,25,269.11316843643846,0.6286309782145731,99.44615513777131,8.533827490890847,89.44777210190495,-6.268330307592969,10,7,top_right,-49.0,-12.75,290.5,100.27514713245945,15.25607736041515,6.773172892786403,0.00535988588489635,0.013885272928172095,0.9998892292744288,-0.16427228396446056,0.1843071586732642,0.9690435944697678,0.08458175205477891,-0.12877680495740412,0.9880599484466045,0.9046000187665056,0.5727066675813434,1.8614904467077402,13.924200628962039,145.6934259665053,-80.0,-9.024421557360064,-77.09175668338537,-80.00000000000001,-145.6934259665053,12.79097857,4.364096217355717,14.0,4.0,5.0,180.0,0.0,0.0
3784,242,1,2355,True,-3.53852619,-77.1213116,55.6276876,87,82,25,28,29,275.3259524817929,-2.2877856755877484,63.85236139418674,-5.2536645213152395,97.58551381817088,-1.091671916747182,31,5,top_right,135.5,-74.25,290.5,59.375529938084895,0.6027238497198019,7.371519832350545,-0.020801777680227687,0.00849126508372311,0.9997475603684264,0.471151776734714,-0.09791734254174811,0.8766003635119508,-0.12278429434326507,0.027435302161761155,0.9920540919012025,1.040511590058255,0.9953410804924077,1.5388105040773776,30.031905877812402,135.6619340486498,-80.0,-0.7165167982502756,-78.27325304377764,-80.0,-135.6619340486498,13.8236902,5.9282518045228105,14.0,4.0,5.0,180.0,0.0,0.0
3812,242,1,2725,True,-8.09169547,-68.3854573,22.552845,118,113,6,62,45,263.76718424314447,-5.249877784171721,116.7437796324605,4.9053675295094825,75.19229346569115,-1.173491519192327,41,6,bottom_left,-135.5,-38.0,290.5,115.43098868361795,5.847431395539064,1.6158293236111037,0.1962930485258714,0.05073463857294902,0.9792318599541644,-0.448939058080516,0.07928875962917936,0.8900376479263367,0.24707793236153114,0.005067060691558934,0.9689823632223131,0.22280812193275285,0.9847314095953416,1.7203699565932982,38.05194244713454,104.72784760577568,-80.0,-28.649043942090593,-73.69878679680191,-80.0,-104.72784760577568,15.35676161,7.960413328892549,14.0,4.0,5.0,180.0,0.0,0.0
3817,242,1,2763,True,2.94636827,-75.2984195,108.677513,135,126,55,51,20,268.1705040761957,-0.18159586027395733,115.26178037346368,-1.8761518303604514,77.466113025106,1.8522871781190713,27,2,top_left,-74.0,-74.25,290.5,112.93783863537679,0.3042508705309718,3.186669286273195,0.006569380624823313,0.0032500435009084074,0.9999731398669909,-0.43545968276515423,-0.031376215016882245,0.8996612683767629,0.18495726792931907,0.016699224446515837,0.9826046737844305,1.0070529059466509,1.3212833245472708,1.6213031824445823,26.27567851571533,188.6825810392232,-80.0,1.7068405778792721,-75.91164609624114,-80.0,-188.6825810392232,7.88475778,3.152123789976533,14.0,4.0,5.0,180.0,0.0,0.0
3839,242,2,192,True,-1.98428311,-69.9431922,22.8668845,84,77,14,25,38,293.23130566644966,-8.09548943309343,68.01815560239382,10.088819748859308,98.25848123349144,-7.521316871052543,12,10,top_left,110.5,-13.0,290.5,67.20333301628779,11.097440537863697,1.296630920054107,0.13804990058635389,0.029601086053747436,0.9899828284634721,0.3680608382994517,0.17076279183277623,0.913986481429447,-0.1684139835464412,-0.10177138601835778,0.98044852752907,1.7230178903763542,0.5364573822840532,1.8208536846003542,16.117078979380295,103.9077462178381,-80.0,-16.328737145524638,-73.01897433744517,-80.0,-103.9077462178381,17.37672214,6.05173586552454,14.0,4.0,5.0,180.0,0.0,0.0
3842,242,2,249,True,-6.04675617,-75.3809991,77.2807428,136,127,75,25,27,266.9958503695615,-0.5585685242928756,109.89887293276718,-5.39297106821899,81.83477529615699,6.530465730101635,27,2,top_left,-74.0,-74.25,290.5,107.67714539743102,0.28956670360416853,6.101418586645878,-0.009777697033606536,0.01974431934512522,0.9997572497833245,-0.34147224724881514,-0.0989471563117379,0.934669013403496,0.12159409430713718,0.12192931725980928,0.9850624943739275,2.0281772831640974,0.6386819924597165,1.4598250685311291,20.637786956611215,157.3189320048313,-80.0,-4.508539315206212,-78.48715433253743,-79.99999999999999,-157.3189320048313,9.79043654,3.5933136179799123,14.0,4.0,5.0,180.0,0.0,0.0
3852,242,2,454,True,-3.29600465,-80.3260906,129.777394,131,125,99,15,11,268.403592454564,-0.7782837426444379,102.07209921845079,-3.1491485770537335,82.93664373388374,-0.38854139676431015,46,2,top_right,-49.0,-74.25,290.5,105.87393344533707,2.0825388031794745,6.467186121739148,-0.021302098849483076,-0.008515475660396123,0.999736818997322,-0.25396384014764134,-0.08842749801647641,0.9631629900966966,-0.056560862936110685,0.05312453716450326,0.9969847803928502,1.737020305446842,0.7481050232204611,0.9235441541938304,14.28683279469526,209.83261795878892,-80.0,1.173870519603939,-78.53926604901474,-80.0,-209.83261795878892,6.27371195,2.1473188754675543,14.0,4.0,5.0,180.0,0.0,0.0
3862,242,2,550,True,-5.04416078,-70.02669,99.9317074,138,128,82,28,18,272.9005298184193,-2.459743137477429,59.600531638491894,-5.48012317278325,97.95748641715956,6.854013561953299,37,5,top_left,110.5,-74.25,290.5,58.77099404590097,-1.0856525119106655,4.472080612734018,-0.037095278502246885,0.04930220450117304,0.9980948015815758,0.4830366383666128,-0.08957373842324724,0.8710064014577424,-0.2084490904870737,0.11339261092819043,0.971437642086202,1.9238605891601799,0.9677482175905895,1.6394966005484515,32.11180673095292,180.27516736374255,-80.0,1.6431967603971982,-78.91465316785043,-80.0,-180.27516736374255,6.45580107,2.892378209032938,14.0,4.0,5.0,180.0,0.0,0.0
3866,242,2,649,True,-1.12546053,-66.0980552,109.610345,112,103,55,17,31,268.71718004912054,-1.1465333554987291,123.63840589497687,-11.605943225205957,76.92681692446263,8.956427964709581,61,1,bottom_left,-135.5,-99.25,290.5,126.60694564879478,-8.369341311436212,4.39179009268604,-0.008549720167980765,0.03229036941433817,0.9994419614605616,-0.542076564419543,-0.19893618328846013,0.816441910539706,0.2604217028665527,0.16452873262950804,0.9513731301731266,0.9771118401462985,0.47871923119008675,1.7315047747913075,35.49194150637294,189.71621395894542,-80.0,0.49656001067774946,-72.22406183262397,-80.0,-189.71621395894542,6.59745521,3.1989078965968787,14.0,4.0,5.0,180.0,0.0,0.0
3868,242,2,692,True,-0.124677908,-76.2582197,108.408075,69,63,43,5,15,272.3005395122667,-1.8825442381749926,108.19597560222859,14.412900984023029,81.05850015908254,-15.725385878929746,10,7,top_right,-49.0,-12.75,290.5,105.02463923492343,18.61595424806662,5.265266479009372,-0.0190457507984924,0.013121821904062525,0.9997325028058455,-0.31387926750153555,0.23483142928298772,0.9199641325908356,0.21114318267531934,-0.18995662960740456,0.9588196051802091,1.5622671301382436,0.2101084155697514,1.6880423623612038,21.75495127881883,188.45848711651828,-80.0,3.4646554734820976,-78.73113840425201,-80.0,-188.45848711651828,6.51920493,2.4291577226863152,14.0,4.0,5.0,180.0,0.0,0.0
3873,242,2,757,True,-5.45523324,-62.9948419,127.801636,124,119,94,8,17,270.8502673104975,-1.7635412662533205,102.06318205974975,-8.257832564421197,86.0537185998475,5.96218818747869,46,2,top_right,-49.0,-74.25,290.5,104.98352805012165,-3.8231648868388675,5.3098679940347555,-0.024368019892148245,0.02174474081685496,0.999466540637226,-0.22004302678165047,-0.18730853328175787,0.9573382786270518,0.18681238050809326,0.16548060223830433,0.968358045751543,1.7008214822652614,0.8858151437359071,1.1708665416196167,16.64125607383234,207.9125488958467,-80.0,-0.3888161126787635,-67.51584638831187,-80.0,-207.9125488958467,6.40617147,2.2430879081901076,14.0,4.0,5.0,180.0,0.0,0.0
3889,242,2,918,True,-5.44426469,-80.7397207,90.3242507,87,81,44,23,14,270.848861174489,-1.6059056128637572,68.53867766998907,4.106822736378054,104.78711655200526,-7.066480690512064,54,9,bottom_right,74.0,-37.75,290.5,68.35322963262159,11.288670230534557,7.184241393764932,-0.0037904068238207495,0.01435409169794643,0.9998897903607361,0.39171662237417004,0.09803636841986164,0.9148480519861302,-0.08492083566439032,-0.012629596316976025,0.9963076557805485,1.077316946832874,0.8449719966939921,0.9368876157966024,23.841138643863047,170.34302414324193,-80.0,-4.798595328897193,-83.18484008865761,-80.0,-170.34302414324193,8.65781848,3.3263227317899546,14.0,4.0,5.0,180.0,0.0,0.0
3893,242,2,954,True,-2.55503975,-73.1723205,91.1195301,97,92,47,18,27,280.602159026669,-0.6216106068028278,58.32813275098998,11.584893761113214,98.89411520120514,-5.6020417641013145,5,10,top_right,135.5,-13.0,290.5,55.30049393057156,13.934907630020412,3.8326442583366385,0.003500867889983818,0.01874381259344416,0.9998181901793339,0.5067241183270436,0.26346615087232406,0.8208631160249571,-0.15615886919705627,-0.11749161316040663,0.9807191893748495,0.9992970030762742,1.3624003350307508,1.3644761216255283,34.16475184387952,171.15064696843223,-80.0,-3.1542155543217407,-76.38033615202302,-80.00000000000001,-171.15064696843223,7.25621633,3.406717748798963,14.0,4.0,5.0,180.0,0.0,0.0
3902,242,2,1057,True,3.07668245,-74.1186825,69.9543014,141,133,68,60,5,272.22658269686997,0.9550845519399099,81.22259575297151,3.388715125457098,32.06095572446827,17.56014311571733,5,10,top_right,135.5,-13.0,290.5,59.01792820620777,13.36493507037992,24.342806437462773,0.019481914803513332,0.01948935222268589,0.9996202379631621,0.5500387383100136,0.25973609027013983,0.7937219599894603,0.06867417886466545,-0.008512695489053979,0.9976028223560591,2.2589525155628083,11.460406115923716,0.6196216806663765,35.98231031819439,150.01126998543833,-80.0,0.15417566857685383,-77.04230497811864,-80.00000000000001,-150.01126998543833,10.18380622,4.999016168882228,14.0,4.0,5.0,180.0,0.0,0.0
3907,242,2,1163,True,-0.809206014,-62.6027785,84.2358785,176,164,82,43,39,272.036549000831,-0.7503407319131573,77.51751255625352,6.17999716568261,92.62927395495673,-1.5286763755281296,63,9,top_left,49.0,-12.75,290.5,76.4239709736938,13.221336459998302,7.125748539659636,0.005664788842379614,0.026801623070071827,0.9996247211669893,0.2066943759752802,0.2081369633210578,0.9560106900237456,-0.05863838335255541,-0.14052493437570476,0.9883391537405076,1.9658137877263937,2.7375090144323964,1.9438335963142632,15.761400355558216,164.29753588753442,-80.0,-1.7399168621261691,-67.00621912819929,-80.00000000000001,-164.29753588753442,7.8329876,2.7183138527304647,14.0,4.0,5.0,180.0,0.0,0.0
3914,242,2,1215,True,-3.16715688,-77.0429561,67.9170641,127,119,66,19,34,258.55638902716447,6.1265456744726325,116.18522245123475,12.160745670166579,85.54270784068643,-7.445236235094365,29,6,top_right,-110.5,-13.0,290.5,115.74406475226377,14.529527865014733,2.4095122332104926,-0.0007436967365538896,0.0011660848022537753,0.9999990435802417,-0.3910249317086608,0.2902144296977308,0.8734272079443473,0.1298798194879859,-0.17086412079104848,0.9766968233367354,2.040052466473235,3.551240234652005,1.9464479760401345,29.0665985501764,147.917205570938,-80.0,-3.0571513369367223,-77.21544010540812,-80.0,-147.917205570938,12.72886975,5.355452973500007,14.0,4.0,5.0,180.0,0.0,0.0
3922,242,2,1332,True,-2.78152596,-76.2568897,48.4017297,123,113,42,33,38,267.09527579104673,-1.8793040308216693,113.0868335167078,5.702334058295023,81.65563378584804,-8.117458170808812,48,6,bottom_right,-110.5,-38.0,290.5,113.98605015116613,8.215371357627221,2.669072315153981,0.002190854564190992,0.006889609855764257,0.9999738663746738,-0.394705560201918,0.12751084249559008,0.9099167576167366,0.16936943519371803,-0.12216955616649572,0.9779512226937714,2.1343066584952526,0.818505438289851,1.6093236308836354,24.50753372861692,128.40508539039158,-80.0,-3.0628428273928736,-77.14155064183589,-80.0,-128.40508539039158,13.23137837,5.136837260119944,14.0,4.0,5.0,180.0,0.0,0.0
3927,242,2,1372,True,-6.15686141,-69.0354737,34.3877334,89,79,26,36,17,266.63632970606074,-2.263987068030687,98.83204030000772,-2.2548695137926043,85.30917528035066,3.4426341448252664,46,2,top_right,-49.0,-74.25,290.5,99.49665813387774,-1.1504180279192653,1.28900347158024,-0.022315274388243992,0.03172959132241349,0.9992473475388814,-0.14568883153726045,-0.04459404621941975,0.9883249138856554,-0.018964621531998637,0.0008707609802166562,0.9998197762124249,2.011757700821889,0.7886013580157062,0.9726478729808065,8.342995340881767,114.4738924568915,-80.0,-3.6023450895341322,-72.66768352474308,-80.0,-114.4738924568915,19.02296067,6.246024599718172,14.0,4.0,5.0,180.0,0.0,0.0
3929,242,2,1385,True,-2.9858684,-77.1236548,59.5363258,101,95,28,29,38,272.9711833701067,-2.7781995559463835,67.34480977862795,6.34128450764583,96.70026925703873,-7.7928363278618304,18,10,bottom_left,110.5,-38.0,290.5,63.832432733869936,8.644577534577422,4.2002322879163145,-0.02956069861426019,0.024964723959431504,0.9992511834644312,0.38975748512626424,0.13698012247023061,0.910673129523481,-0.14548999980531915,-0.10373169598754109,0.9839067004570081,0.9848288326297607,0.737925074683,2.01653788249942,25.59246136890024,139.64089120837838,-80.0,1.1420138992375684,-80.60975110246616,-79.99999999999999,-139.64089120837838,12.60272898,4.980151319404089,14.0,4.0,5.0,180.0,0.0,0.0
3939,242,2,1527,True,4.35153255,-79.4158173,20.5345552,83,76,5,43,28,252.31186159073533,-4.699874485978521,116.49014409254113,8.086317411405123,84.23558194533112,-5.142234968088192,35,6,top_left,-135.5,-13.0,290.5,117.38573492997583,12.322407155128028,4.329727389221101,0.02745134667367433,0.046263114484338626,0.9985520255870551,-0.4476365620267534,0.17125041528323617,0.8776644026062512,0.12410762048641025,-0.07241020178324345,0.9896231915304488,1.0477158054480793,1.2822948187074006,1.5578767216027896,29.30484130299931,100.68033775295292,-80.0,1.5877216951210675,-84.07360329178674,-80.0,-100.68033775295292,15.10269993,6.383785609282554,14.0,4.0,5.0,180.0,0.0,0.0
3943,242,2,1546,True,7.03477274,-68.5117436,120.569632,133,123,65,45,13,268.17528836336555,-0.53947246092871,54.86523652509474,-4.327544387468771,103.21364690167226,0.26246181721095524,31,5,top_right,135.5,-74.25,290.5,52.911176655143166,-1.5430039163324292,3.401766542658587,0.016868297485136026,0.011696518562876236,0.9997893038002864,0.5875733791476481,-0.08801534082187668,0.8043698303001072,-0.3000254988955119,0.02585604056095703,0.9535807072183294,1.2522782637578969,1.0099058937046632,1.1773542272831785,35.60182269529713,200.6119001649821,-80.0,3.650791528958673,-70.85820441421359,-80.00000000000001,-200.6119001649821,5.9296014,2.882975993879353,14.0,4.0,5.0,180.0,0.0,0.0
3950,242,2,1677,True,-4.40495693,-72.0880016,40.8335117,146,138,16,81,41,267.3210630414765,-1.4929626210972946,114.18406506476408,3.3326143258394048,77.62735654593368,0.06069769168281938,48,6,bottom_right,-110.5,-38.0,290.5,113.02292334027956,7.162189969115863,4.001737086805577,0.026868864888776496,0.03766513938061688,0.9989291273033475,-0.41396175556514647,0.05197490477705947,0.9088092617281349,0.2273493818129256,0.025892567220798357,0.9734689689723022,0.8390795472892429,1.3295542312937068,1.9490051484936204,26.016077419951518,120.9630477251127,-80.0,-7.655096715860676,-76.64409165247058,-80.0,-120.9630477251127,14.83233237,5.903267593634644,14.0,4.0,5.0,180.0,0.0,0.0
3957,242,2,1733,True,1.52952464,-75.5447949,41.1634222,59,55,17,20,18,271.26230143308993,-1.5938598555717258,75.92414027650571,5.372676773991129,90.16515944549509,-4.586043221201305,54,9,bottom_right,74.0,-37.75,290.5,73.79332449734738,8.281684058396761,3.6059255768020413,0.008061659099551779,0.038025500110085445,0.999244249917877,0.24227772835566624,0.12634337237983007,0.9619453490705747,0.013160426773118974,-0.07713965457303242,0.9969334365239751,0.9083710676031501,0.6348187994371508,1.0881504620195666,14.53927357737604,121.25506072209856,-80.0,0.5520076763629906,-80.15557922483657,-80.0,-121.25506072209856,17.62473761,6.046139291968657,14.0,4.0,5.0,180.0,0.0,0.0
3962,242,2,1797,True,-4.98390861,-71.6492533,62.4308919,91,83,30,33,20,279.0177332817849,-2.688110379109614,62.81673308070498,-5.985119802995406,96.39546929100527,6.5641137390131945,37,5,top_left,110.5,-74.25,290.5,63.14440307985979,-0.5828758938112227,5.412172103939759,0.008544739288075393,0.041439775436454156,0.9991044652298754,0.4437875884404177,-0.11769891318808742,0.8883690349064297,-0.18798873435338417,0.12707721705736846,0.9739156106466141,1.096127574236986,0.4964259256394738,1.5330119253074286,27.564792368665618,142.5585580455086,-80.0,-6.202034321782834,-77.55684793195059,-80.0,-142.5585580455086,10.54117452,4.311492741011552,14.0,4.0,5.0,180.0,0.0,0.0
3978,242,2,1937,True,5.02685422,-78.2907542,26.019863,85,76,12,34,30,257.7359572861793,0.39254624907282293,116.18138742119751,10.365533587142632,85.09301377800476,-6.882244494907774,17,7,top_left,-74.0,-12.75,290.5,106.6361831418764,13.356796749848984,10.002928573299625,0.05287809360304223,0.03525071064884954,0.9979786042875163,-0.30438524763217484,0.1915035272701533,0.9331002197336518,0.1324642429454288,-0.13202755750691256,0.9823553065971871,1.5910288389451641,1.8782184227972667,2.017868478543478,22.799079269010115,106.23460517541899,-80.0,-0.59062917634804,-82.03559952793347,-80.0,-106.23460517541899,17.68635773,6.68935283986767,14.0,4.0,5.0,180.0,0.0,0.0
3989,242,2,2134,True,-0.981847463,-74.9572718,75.7748205,62,57,37,10,10,267.76247903743865,1.287129697517371,103.52756889509658,-6.497699873327305,94.60953586257914,8.97859650669576,39,2,bottom_right,-49.0,-99.25,290.5,102.60543542828029,-6.300341993615673,0.9430165763691022,-0.0009817573471516234,0.01007470029943436,0.9999487669707824,-0.22112504937106447,-0.15706559038832324,0.9625144741023959,0.057318026827192926,0.11919385305891551,0.9912151477825624,0.9874775152974207,0.6442025796027161,0.9566028345401363,16.033605084160207,155.78280172483238,-80.0,-0.8289065528467813,-76.5267368391839,-80.0,-155.78280172483238,13.06408265,4.545967911353515,14.0,4.0,5.0,180.0,0.0,0.0
3998,242,2,2275,True,0.0747523463,-68.5128024,35.6460886,72,67,13,24,30,277.6264872711396,-3.041245795034569,75.05165054439975,3.775059200616527,95.72512693013563,-6.356926415588751,59,9,top_right,74.0,-12.75,290.5,73.82418843679264,11.867510844758044,8.185012940636076,-0.04560961229802594,0.026387976716028543,0.9986107539731675,0.26308454521392555,0.14864950173831526,0.9532522476776715,-0.1096737523971721,-0.1279482927379476,0.9856981801852778,0.6598665224025152,1.1015387504663767,1.567052283808031,19.291266346304116,115.80697297708792,-80.0,5.356663485192947,-71.56871410647314,-80.0,-115.80697297708792,17.93305,6.47040494133962,14.0,4.0,5.0,180.0,0.0,0.0
4009,242,2,2387,True,-0.470038518,-65.5087073,29.8826005,70,64,10,24,30,264.345472243455,-0.40887224580035253,100.49828140021346,3.276714012613109,86.16561849516201,0.7220790416226599,4,7,bottom_right,-49.0,-37.75,290.5,100.54832131360887,5.977736439304474,2.7014859137930607,-0.011700722899036342,0.04143676592693257,0.9990726137339351,-0.16989744591132266,0.07039491976049826,0.9829442573944477,0.06161559247058306,0.046394719153623254,0.9970210874395563,0.7131042705824276,0.7599102592707115,1.306893686233505,9.270941639068393,109.98459870631889,-80.0,0.8168607946243482,-70.06611337216134,-80.0,-109.98459870631889,19.32580074,6.377384919828053,14.0,4.0,5.0,180.0,0.0,0.0
4027,242,2,2752,True,-3.64398592,-80.7342332,74.0948879,103,99,51,18,30,268.00530264258026,1.464263480810222,113.66196328684514,7.315004190701988,84.71247643985427,-3.4933344646764968,48,6,bottom_right,-110.5,-38.0,290.5,116.27913174789401,10.040949366483282,3.7789347513385647,-0.03923860577091532,0.010869914397099613,0.9991707445567821,-0.43850563201521764,0.16174462695627315,0.8840540064621113,0.15052867592456198,-0.13739850369235218,0.9790111178671572,1.7413354279141615,1.339093904103436,1.4697171070038408,25.53988188922341,154.22277797810654,-80.0,2.407500865978323,-82.41062159470492,-80.0,-154.22277797810654,7.83961765,3.095219838274077,14.0,4.0,5.0,180.0,0.0,0.0
4035,242,2,2915,True,-4.44567368,-77.8085154,89.7893035,94,88,44,16,28,269.2363927582411,0.41545020273462524,118.48135111633198,12.441588947928558,81.1927849087962,-11.1573732760356,29,6,top_right,-110.5,-13.0,290.5,117.85170387347819,15.933562945551976,3.5482866359006935,0.004815698042587445,0.003056332872260147,0.9999837338085737,-0.483312843201615,0.24133772746733972,0.8415252800108095,0.19465156692191107,-0.20716187284576576,0.9587464346394617,0.9710554317337453,1.0537363773852115,1.8474791476440497,32.868146546827006,169.792065370238,-80.0,-5.263340996850334,-78.32745647084,-80.00000000000001,-169.792065370238,7.08437505,3.2278133079797464,14.0,4.0,5.0,180.0,0.0,0.0
4050,242,3,166,True,5.71567157,-73.8644079,100.267643,109,103,50,28,25,269.56813139988515,-1.2942666283614814,63.474202809112995,-6.079944684082199,105.03545547728486,0.6615642123166191,37,5,top_left,110.5,-74.25,290.5,61.15302256014726,-0.10172462292346966,6.413033045901863,0.008063386666878123,0.015089750532031099,0.9998536299000677,0.4427185521385923,-0.11057060791206552,0.8898170734809852,-0.26627200453201993,0.03859299746746748,0.9631250179228946,0.9236536983471246,0.47615426212471124,1.5718395013086388,26.92650237648471,180.294032655577,-80.0,4.261891070967331,-76.58499987518653,-80.00000000000001,-180.294032655577,8.36738944,3.3833418188364273,14.0,4.0,5.0,180.0,0.0,0.0
4054,242,3,231,True,3.59213268,-69.7300721,80.5532092,123,114,73,17,24,270.0628423144208,0.4395837592684923,64.34135101928817,14.622354284048289,104.07496334697328,-7.2823163780366835,12,10,top_left,110.5,-13.0,290.5,63.01416378470516,13.538560650752688,1.713486094257018,0.005657573577257344,0.006516962187411822,0.9999627598391181,0.39890398151903755,0.23988492774418735,0.8850597917482329,-0.24051353938429434,-0.12420221898216362,0.962666632938291,1.8369746687531927,0.5530539577745223,1.585163626228691,27.27128517879397,160.55918845000895,-80.0,2.683757257839347,-70.77643025997024,-80.0,-160.55918845000895,10.90827976,4.437994316937137,14.0,4.0,5.0,180.0,0.0,0.0
4056,242,3,233,True,-5.9605613,-71.0624717,63.5293106,147,141,29,53,59,271.459471529509,-2.6189058344170415,118.2245190590721,2.5479945804817654,79.40434146010217,-4.045182680148511,41,6,bottom_left,-135.5,-38.0,290.5,119.71478642347152,7.210388429364941,4.894774072365107,-0.012319205665621566,0.009606419116852002,0.9998779694960378,-0.5032872639593899,0.04326548487394533,0.8630353571870006,0.19006604900922744,-0.03076000364708187,0.9812893147230605,1.0602143116289147,1.4958247348845544,2.065201552535777,29.594102556258367,143.5468276917254,-80.0,-4.192178407018094,-72.44144268970125,-80.0,-143.5468276917254,11.84414681,5.035045160893328,14.0,4.0,5.0,180.0,0.0,0.0
4075,242,3,627,True,1.41999752,-79.8048942,72.2021876,145,136,49,40,47,265.6027776578451,-1.8752396912248004,123.98310311675995,5.74580638617052,83.09998378661959,-4.767103396090791,41,6,bottom_left,-135.5,-38.0,290.5,122.09661672669813,9.21499272348057,3.948934633906618,-0.052449639700417675,0.013127401350831899,0.9985372835448212,-0.5485115341979957,0.12227389776086574,0.8271542726590526,0.1473722032722698,-0.057695314450764715,0.9873969234269997,1.8061380544152192,0.8617777754438702,2.1818745478882633,31.094268456985453,152.42514236391867,-80.0,9.414641318272405,-81.80584021976885,-80.0,-152.42514236391867,10.41298487,4.5644537108326215,14.0,4.0,5.0,180.0,0.0,0.0
4092,242,3,868,True,5.86351809,-73.9066908,110.711873,112,106,56,26,24,268.90472846694485,-0.7957532735776464,61.12217377850996,-8.552387899140491,106.0807865032916,1.5156075605465311,37,5,top_left,110.5,-74.25,290.5,59.80064433976733,-0.09455867230752263,8.560450647467889,0.0020769548886810578,0.014195188187906323,0.9998970861497198,0.4741787450419996,-0.15140843187925035,0.8673119418676656,-0.29406333163262155,0.05572228575765613,0.954160250617822,1.0047584597078865,0.5049073321309221,1.7196290065079436,29.996234725250368,190.7315019132316,-80.0,5.4673773646758335,-76.61416036302035,-80.0,-190.7315019132316,6.49893312,2.78504572235076,14.0,4.0,5.0,180.0,0.0,0.0
4094,242,3,881,True,-7.6165336,-74.6077044,69.1689051,89,84,32,30,22,267.63511577252945,-0.41209813093173764,101.43196892861343,2.4850017709676973,83.81617887519572,-3.474525605258888,4,7,bottom_right,-49.0,-37.75,290.5,100.5906150687499,9.296342835891204,6.8631074172141995,-0.012235844523597727,0.00890017031599422,0.999885528986764,-0.2195638058037168,0.08833091247922709,0.9715911614879867,0.03916683048189492,-0.034988489417001625,0.9986199302028369,0.8361290151263466,1.1149037413052238,1.53693624352741,12.850771376495535,149.18598257058548,-80.0,-5.791117112166156,-75.93548505363717,-80.00000000000001,-149.18598257058548,12.28651332,4.1547613670966514,14.0,4.0,5.0,180.0,0.0,0.0
4095,242,3,921,True,0.216285869,-67.1317066,26.183894,81,72,16,16,40,264.9484073334552,-7.8788929392973746,116.45231561095899,8.88504954197236,79.1803998029212,-7.377846947753122,35,6,top_left,-135.5,-13.0,290.5,117.17877704324866,10.325264921373059,1.6130612361800316,-0.1662755314611646,0.043309570944506375,0.985127772779709,-0.4284426189476753,0.17697329397639408,0.8860684936777754,0.20597730889159044,-0.10111725785687509,0.9733183694892873,2.352073258579007,0.8784552322647243,1.9112218109385886,17.862597352752793,107.78692564963802,-80.0,18.138614215958597,-71.79991210331323,-80.0,-107.78692564963802,16.25733686,5.768291345733126,14.0,4.0,5.0,180.0,0.0,0.0
4100,242,3,1022,True,-0.024501318,-78.1943675,104.405121,82,71,55,7,9,272.94016065030576,3.32560197853648,70.84084098785948,13.65031279874342,97.5379414081372,-18.877063429276575,63,9,top_left,49.0,-12.75,290.5,75.2414176738709,18.781608321287926,6.759827579839041,0.0022012294491605164,-0.019744026782051005,0.9998026445230789,0.261328275187695,0.1687910905981261,0.9503773462799497,0.011865159726903293,-0.44705722208184584,0.8944266645002922,1.29937031055984,0.2326817984628978,1.0517834635935954,18.660262381546104,184.44152154444848,-80.0,-0.43049942687161386,-74.55274915890416,-80.00000000000001,-184.44152154444848,11.54669905,4.134717563593174,14.0,4.0,5.0,180.0,0.0,0.0
4106,242,3,1172,True,-4.55963795,-75.5720916,51.2458033,164,157,23,105,29,281.1284821978652,-1.3884451311558068,63.346575369580336,-1.5415599218837508,94.13941381957773,-4.700425530745891,37,5,top_left,110.5,-74.25,290.5,64.3166524607261,0.28532752106590153,2.0684697947934736,0.0189796578740727,0.03374508133767295,0.9992502399661943,0.44095067340448446,-0.02975106857134701,0.897038113762729,-0.1263346916681337,-0.06708526890707489,0.9897166828829264,1.0274222708950345,1.66467879504444,1.333183274239924,25.347132593770915,131.34427999180684,-80.0,-7.052507447960906,-80.0043150115616,-80.0,-131.34427999180684,16.83128144,6.62404992953782,14.0,4.0,5.0,180.0,0.0,0.0
4107,242,3,1186,True,-3.29363238,-65.8938365,108.533353,90,84,55,11,18,273.14404155409153,-0.16303537761488984,109.65249623316464,7.756664125019006,83.84411798773804,-4.732512384052703,17,7,top_left,-74.0,-12.75,290.5,111.23452020081058,15.228272477904705,7.6372594045978,0.004344059493611997,0.013342886131862627,0.9999015434215452,-0.34008586876559316,0.1380803321678307,0.9302018188191062,0.12955389420706256,-0.09361862726242796,0.9871430195900105,0.9204800567444653,0.43778394324120057,1.4096957229793494,21.49097734602308,188.5519171766263,-80.0,-4.112713125849867,-68.40966326083212,-80.0,-188.5519171766263,8.68132507,3.2230038587611016,14.0,4.0,5.0,180.0,0.0,0.0
4129,242,3,1621,True,1.8125372,-80.4331878,86.1529741,87,82,43,15,24,262.0507431943607,0.4244404718238959,118.44743955918781,10.260620215919188,81.10847514158178,-8.315056231288404,29,6,top_right,-110.5,-13.0,290.5,118.79392982007835,16.129464085421557,5.879063179239319,0.0018803640891998964,0.005130934312765901,0.9999850687605142,-0.4787303603295188,0.20395514851288646,0.853943522426311,0.21838666114637653,-0.15715764374582408,0.9631244682000342,1.0223448914278532,0.8496957268016769,1.5947248142158792,31.342078001212442,166.15545500689058,-80.0,1.5001044491803737,-81.28572052534808,-80.0,-166.15545500689058,10.27169447,4.526186568882439,14.0,4.0,5.0,180.0,0.0,0.0
4134,242,3,1744,True,-0.323277675,-75.2079973,108.92153,65,58,22,17,19,267.7621264792937,-1.0507415173219365,108.99347073431473,10.765052928750649,79.16701221675909,-6.063093851067133,17,7,top_left,-74.0,-12.75,290.5,112.08519529026105,17.678837466640427,7.573584182288152,0.023745354244635232,0.021102613469006104,0.9994952915629841,-0.32514828286710207,0.18689956150618312,0.9270097885445285,0.17505057196083224,-0.10392999940912884,0.9790586563015538,1.2349520815636665,1.1212193511095425,1.5144032726097805,22.666252956817477,189.01692843852177,-80.0,-4.811551599005567,-79.19674847993691,-80.00000000000001,-189.01692843852177,6.92855123,2.6154382435646686,14.0,4.0,5.0,180.0,0.0,0.0
4145,242,3,1906,True,0.713097703,-72.0133374,108.892034,102,92,55,17,20,271.64659282754764,-1.192325448084258,67.55390058437636,7.522796958864235,106.9831162459889,-6.770111323304934,54,9,bottom_right,74.0,-37.75,290.5,68.02372984246968,9.923898300672393,2.446635891462694,-0.003917564920426799,0.02664319193262299,0.9996373307398717,0.37341196000546145,0.11823022970889516,0.9201006036884561,-0.24989585486313878,-0.03961275456876523,0.9674620878348134,1.0873794455142793,0.6701368972576995,1.3788493640946402,22.86040768416051,188.96056418800748,-80.0,1.4533629806069945,-77.0478499793578,-80.0,-188.96056418800748,8.19093363,3.1007767111326223,14.0,4.0,5.0,180.0,0.0,0.0
4157,242,4,111,True,3.86251579,-66.931606,48.7797134,91,87,21,30,36,261.88410969557805,-3.237412535033194,110.17756406514445,-3.9575450968290684,84.74529659114252,4.377669727201844,27,2,top_left,-74.0,-74.25,290.5,107.85469709246807,-1.6506985841409476,3.2737214001579416,-0.0017246028191678095,0.0460650178073824,0.9989369549073264,-0.3318027169937634,-0.09429257522219717,0.9386244548558933,0.12054331641247312,0.09663445272421191,0.9879934672936732,0.8988215762451383,1.597025370434529,1.4948884485944982,20.95601033846645,128.9167577266647,-80.0,4.08484599381338,-72.87015874034881,-80.0,-128.9167577266647,16.16955849,5.959687254911048,14.0,4.0,5.0,180.0,0.0,0.0
4170,242,4,314,True,3.90003225,-73.2121582,48.7522709,69,65,20,19,26,264.61888599923924,1.1875619918814944,107.97707350517966,-2.559181329790413,83.74991100208914,10.809295340713305,33,2,bottom_left,-74.0,-99.25,290.5,107.8608545312428,-5.85326655472677,3.2961347543823125,0.018962060722759435,0.035589552552626524,0.9991865811760335,-0.28130525906416554,-0.14755821336432565,0.9482056342859237,0.11866842977941644,0.15498033550007229,0.9807644464304225,0.8665024168007511,0.807306730818544,1.7031647227653397,20.471104417273153,128.85708567909282,-80.0,1.4566363667952271,-77.79812422255438,-79.99999999999999,-128.85708567909282,14.66822723,5.371841643056073,14.0,4.0,5.0,180.0,0.0,0.0
4172,242,4,352,True,2.32012081,-65.4646522,112.315527,132,127,57,57,13,268.97887771704325,-1.9074797381212536,122.52388816567475,3.051147263406973,74.55594058443812,-4.535841562039299,48,6,bottom_right,-110.5,-38.0,290.5,122.34054758877329,7.419702123686433,4.372400408746876,0.0014572194222328106,0.01562352426911629,0.9998768834216379,-0.5344224511722273,0.05228636328513948,0.8435987078566934,0.17623445501311233,-0.03953174557680795,0.9835540950846994,0.8667717968113289,1.3523359159030863,1.9347836176042548,32.48490486835207,192.33920714506857,-80.0,2.0398403816913464,-68.46966847073357,-80.0,-192.33920714506857,6.9289285,3.1300150851656494,14.0,4.0,5.0,180.0,0.0,0.0
4187,242,4,699,True,0.891195677,-72.523011,114.355133,117,108,58,27,23,265.7104357836937,0.2793684412593212,110.98751536322933,9.29107333295393,82.67572750599459,-7.26506133860881,17,7,top_left,-74.0,-12.75,290.5,113.03365416668906,17.342866275841686,8.307710490752592,0.0029178435952690947,0.006374594492971954,0.9999754250649382,-0.3408732667537428,0.2126257717124984,0.9157487085528957,0.16929330083282645,-0.17453605449680668,0.9699881153776132,0.9066181274262587,1.4618502298645857,1.7949851720374044,23.63943096877888,194.35990938215167,-80.0,0.32408386023220714,-73.76197660800199,-80.0,-194.35990938215167,7.95084883,3.04526114487675,14.0,4.0,5.0,180.0,0.0,0.0
4204,242,4,1007,True,2.98323729,-78.0544087,22.4602728,154,149,6,91,52,256.93544043680055,-6.862932839059614,66.00524271598103,-2.243927395588026,102.95945147417078,1.3531034644914794,31,5,top_right,135.5,-74.25,290.5,63.69256546693485,0.7289589325133217,3.766500919695586,-0.1144962070282757,0.036725796791211004,0.9927445967751166,0.40650784700950815,-0.04556311034275407,0.9125104784579673,-0.17768799753434641,0.03937404451198789,0.983298866139386,0.7365987927681132,1.4235547342533523,2.0155096510230672,30.94370834145652,103.2090964109372,-80.0,14.800287359867934,-81.84484500179258,-80.0,-103.2090964109372,18.38630254,8.034068043087242,14.0,4.0,5.0,180.0,0.0,0.0
4239,242,4,1579,True,0.422459811,-77.725224,24.7846446,67,60,7,17,36,279.07436410157453,-3.5749454272020253,74.86552185646347,3.8354144820506133,97.08281818365765,-8.64912253081697,59,9,top_right,74.0,-12.75,290.5,74.52239796150963,13.260465219851827,9.431294471991398,0.08228169750291564,0.017806730578866503,0.9964500201225,0.2620954545350297,0.1804910642319771,0.9480131583709608,-0.13150108608196734,-0.11962000445598986,0.9840724154721603,0.8875683178371738,1.4310458075576746,1.6000689509710522,14.204204652527576,105.15795321788258,-80.0,-8.23011508569957,-79.59774334117589,-80.0,-105.15795321788258,18.37318214,6.284031109641583,14.0,4.0,5.0,180.0,0.0,0.0
4241,242,4,1623,True,-3.02381746,-75.7450769,101.766814,132,127,69,28,30,266.89105444172867,-0.10122132970117396,120.57732096477164,6.920542132119267,80.73219794442687,-1.1488670824027116,41,6,bottom_left,-135.5,-38.0,290.5,125.06590332391093,9.29639000594333,5.078584912584481,-0.031056127173861744,0.01415847269908099,0.9994173575717956,-0.5351301305190251,0.13656677918984514,0.8336577584551127,0.20390131876470097,0.012515310790930267,0.9789114460469968,1.648098302321289,0.9562415543443665,1.6429563444280102,31.600246428560304,181.8727807986288,-80.0,2.624446749946096,-78.32011770164333,-80.00000000000001,-181.8727807986288,7.29209187,3.231008835196414,14.0,4.0,5.0,180.0,0.0,0.0
4242,242,4,1626,True,2.56580119,-62.1017944,117.876379,118,113,61,18,34,275.70438430063285,-2.012218050675325,54.02323601458712,-8.097246617613374,91.28594977024069,3.568168672052516,31,5,top_right,135.5,-74.25,290.5,52.40080957896518,-3.191345320703033,5.167217343409456,0.0088782578046033,0.02449928124726087,0.9996604232221673,0.5703960146971075,-0.15691118540965457,0.8062426845007613,-0.16897003544825037,0.09805679101995825,0.9807313561090444,1.073331536167171,0.3856113707962916,1.646335871152327,36.17782665832962,197.94359604853875,-80.0,0.8084069135108183,-66.95127023068736,-79.99999999999999,-197.94359604853875,6.39545312,3.1550447781690565,14.0,4.0,5.0,180.0,0.0,0.0
4248,242,4,1721,True,-3.06444533,-64.5972615,88.0571763,192,181,86,60,35,269.65524217866175,-2.4827714942307963,124.70027882190487,4.376131675772189,75.23132355956399,-1.848577142739348,41,6,bottom_left,-135.5,-38.0,290.5,123.1922080429846,6.274197012323664,2.4242379206776414,0.0034826797354380558,0.032503707773757544,0.9994655471414804,-0.5689457912046211,0.0704527563524807,0.8193516313481568,0.2806460146105707,-0.006931681289068182,0.9597863128205727,1.9991958749609187,1.105604167498309,1.4179037800343046,34.99298675231465,168.1470429677657,-80.0,-3.65004762911767,-70.06266384764571,-79.99999999999999,-168.1470429677657,7.68606266,3.6811619495388297,14.0,4.0,5.0,180.0,0.0,0.0
4262,242,4,1860,True,-7.81192197,-80.1378505,44.0726125,119,113,18,64,31,266.5476096161396,-3.762581356486019,115.80703748565637,4.365091801903928,77.21330462362222,-6.915238656459028,41,6,bottom_left,-135.5,-38.0,290.5,117.39124896468374,8.632946361735383,4.552395913599371,-0.023032876592215454,0.008517245881973669,0.999698426085824,-0.4375092143236479,0.08012602305177963,0.8956369285663751,0.16935998659560245,-0.0849776078800898,0.9818839040840394,0.889372185967305,1.4507423386523486,1.6203856338186766,25.02458311248643,124.1100408508079,-80.0,-4.953310715228524,-81.19492623434813,-80.0,-124.1100408508079,12.94861077,5.069091252329601,14.0,4.0,5.0,180.0,0.0,0.0
4265,242,4,1871,True,2.50408931,-83.1435966,85.8705262,148,139,84,27,28,264.51322054575223,-0.15314279692200788,117.1251819355999,7.069352240192145,80.36147773414936,-7.484849507917483,48,6,bottom_right,-110.5,-38.0,290.5,118.90913066102733,10.930428215449483,4.253278822469035,-0.005795679014587311,-0.007375705373869335,0.999956003569656,-0.4650525801552591,0.13497062820782935,0.8749337273257445,0.189408274292311,-0.09556162131704705,0.9772371678159125,1.9883537614198177,0.7528556101557802,1.8789092385871036,28.765687925544984,165.87782423213946,-80.0,3.4654639348876133,-81.92013064040525,-80.0,-165.87782423213946,8.47544258,3.545266285668544,14.0,4.0,5.0,180.0,0.0,0.0
4276,242,4,2017,True,0.614299061,-77.8286583,37.6927258,49,43,14,12,17,274.8573401206296,-0.03354157115680356,78.44038866094306,7.935566299119941,88.899073057746,-6.588036108826905,63,9,top_left,49.0,-12.75,290.5,79.1649858600058,14.189008102585658,6.295282002438187,0.04426204353165074,0.0344735820329788,0.9984249814804405,0.1703921468607326,0.18452322878811644,0.9679450884868414,-0.19846970882959672,-0.16157020880382947,0.966697906434157,0.8206695381982303,0.7945247457703539,1.943682279213162,11.38478209639092,117.87838644170148,-80.0,-4.60323921112334,-81.89234852491317,-80.0,-117.87838644170148,17.75942984,5.9398372730143905,14.0,4.0,5.0,180.0,0.0,0.0
4281,242,4,2181,True,-1.0400957,-75.1026013,110.002226,166,154,111,24,19,271.5803665459581,-0.5417140766446953,113.25685118379133,-7.179388484739526,75.08944399760885,4.364773570597372,27,2,top_left,-74.0,-74.25,290.5,112.00929661563377,0.2509177470667003,7.534311056689206,-0.003015709809545673,0.015049313834523128,0.9998822048858829,-0.42108094794953377,-0.11760644727030023,0.8993661984055106,0.22747135534380694,0.043235956217678166,0.9728244623712926,1.8345643160661953,1.0097434212090706,1.6608072106928795,26.004420920524606,190.02460997061655,-80.0,-0.4670366196565211,-77.96234129173067,-80.00000000000001,-190.02460997061655,5.93310788,2.360907872273656,14.0,4.0,5.0,180.0,0.0,0.0
4282,242,4,2184,True,-1.50981144,-70.9073958,30.1509953,82,78,11,29,38,289.08126413962594,-4.298340310270633,66.11773168936276,-4.856906372360149,98.85245568380176,2.8072766127350115,37,5,top_left,110.5,-74.25,290.5,66.72120063621104,-0.6757009201960054,4.224530009719109,0.010355133978128928,0.023983294996935967,0.9996587281474538,0.3993656802019464,-0.09554986023012213,0.911798923933803,-0.1498289467179611,0.0702314367039163,0.9862143945531774,1.2620826260311704,1.228098173241087,2.0046335183044866,24.030102479977337,110.18859956750387,-80.0,-2.6508291513839017,-73.5500814887267,-80.0,-110.18859956750387,15.94668458,6.144660307647816,14.0,4.0,5.0,180.0,0.0,0.0
4284,242,4,2232,True,2.83727684,-71.7170074,124.186344,120,110,66,17,27,268.97125757806486,-0.7688818941129201,57.846268550078435,-10.329504585111103,103.57118903771834,5.5820112582897154,43,5,bottom_left,110.5,-99.25,290.5,57.08310149051334,-7.911798721676819,2.535295959624782,0.007668106925480393,0.015669463018778695,0.9998478224534385,0.5094403467562713,-0.1864900242436134,0.8400547624735347,-0.21444520153292188,0.11635226185696702,0.9697811127776579,1.2778991965210864,0.7226588222544506,1.8028505631716873,32.7635376908315,204.2174213061395,-80.0,1.2713158173786445,-74.91698473094691,-80.00000000000001,-204.2174213061395,5.67941286,2.581592415072145,14.0,4.0,5.0,180.0,0.0,0.0
4286,242,4,2299,True,-5.74917168,-74.8902185,95.1179627,151,141,88,31,22,267.65500860337363,-0.5937262567641782,117.12276258395006,6.78900005819789,73.58343671353443,-6.395671024308101,48,6,bottom_right,-110.5,-38.0,290.5,118.19724375560455,9.44766806626133,2.8675817974976785,-0.013571187976891962,-0.004642794636908309,0.9998971283661412,-0.43594772299789,0.10511263904419489,0.8938125731528506,0.21933048710190425,-0.062331265735938626,0.9736575120335679,2.118643654614945,0.6318345708601205,1.7693230266116529,25.95357663893513,175.1359792243303,-80.0,-3.372368384429568,-74.0770981149276,-80.00000000000001,-175.1359792243303,7.15334963,2.844006991955126,14.0,4.0,5.0,180.0,0.0,0.0
4297,242,4,2457,True,4.17885847,-79.2231495,76.6187823,97,89,37,22,30,263.10938649488565,-2.636845238910081,104.17657303073388,0.8288771228950602,84.09833566804456,-6.668611840120813,4,7,bottom_right,-49.0,-37.75,290.5,103.96273826054755,10.657176967143071,9.830625775472592,-0.022323235350061987,0.007986693271144762,0.999718903439411,-0.23149566852138334,0.08433631642704122,0.9691734319446421,0.09826022511880274,-0.0729566074560124,0.9924828772266611,0.9224192174557265,0.848285419004007,1.6741423878891428,12.904847873303172,156.66281967978418,-80.0,7.676079464316144,-80.4743673877751,-80.00000000000001,-156.66281967978418,14.2084637,4.806754845667413,14.0,4.0,5.0,180.0,0.0,0.0
4302,242,4,2542,True,-9.25501563,-77.8211016,92.1020182,95,90,46,35,9,271.00788822984174,-0.703308352205086,115.93873314885514,5.8666529000888135,89.17731700571326,-5.9658731575888755,48,6,bottom_right,-110.5,-38.0,290.5,117.03579220154198,10.136243754115538,4.408281368727593,-0.0014409560905942066,0.012426889827749312,0.9999217449654518,-0.43488209503980185,0.09802145705003254,0.8951365020886934,0.012840471876550796,-0.07512110533228622,0.9970917419253071,0.9970698014915547,0.7324366389430255,0.9048888122635963,26.245017372981096,172.11548710338954,-80.0,-9.007004770572783,-79.95996179588323,-80.0,-172.11548710338954,7.69829133,3.0759546271277665,14.0,4.0,5.0,180.0,0.0,0.0
4309,242,4,2611,True,0.326975623,-77.4776313,101.067369,156,144,100,17,27,269.3814728817964,0.3385152228489202,62.59351077685226,11.324391759890455,103.04119854561473,-11.469568739309468,18,10,bottom_left,110.5,-38.0,290.5,59.81794193297242,10.212137112274556,2.9901325736929576,-0.0008350927245422344,-0.010433381008644884,0.9999452220901253,0.4890791417685981,0.19606649071805515,0.8499173632209184,-0.24901273450630926,-0.2154621929886071,0.9442291572739272,2.0853219435961843,0.5156832216505758,1.4081496503599609,32.068197974041006,181.07728803536435,-80.0,0.47819194881817134,-75.5883829619149,-79.99999999999999,-181.07728803536435,6.54787292,2.9308300698640437,14.0,4.0,5.0,180.0,0.0,0.0
4319,242,4,2797,True,-1.32267611,-66.8172406,31.8095254,92,85,20,27,38,257.91919593691887,-3.2762484325512715,104.31774288772014,-5.174845389592481,82.16802057575644,6.217186434986464,27,2,top_left,-74.0,-74.25,290.5,105.69234552836022,-1.5844739101162797,3.844515545590992,-0.10059319495590144,0.042957737401260195,0.9939998198822415,-0.2767269555390252,-0.1361292386403341,0.9512576004770241,0.1163792907281357,0.11342254581098166,0.9867072447242758,1.8995664111577506,1.3088011510590465,1.3371547212232908,14.63864635361268,112.48445237469559,-80.0,9.992494337235565,-71.64931816683674,-80.0,-112.48445237469559,18.05101665,6.197966862279489,14.0,4.0,5.0,180.0,0.0,0.0
4329,242,4,2918,True,-2.88128375,-75.6932907,108.191246,109,103,54,26,23,272.09598055130766,-0.7780224394497663,74.99582686096895,9.330667632299352,100.0816009244183,-6.345282046049968,63,9,top_left,49.0,-12.75,290.5,74.11474810817951,18.369872689130887,9.082044253804634,0.0017388733892841621,0.007918470315280366,0.9999671365335975,0.3216539348314732,0.20560011107218848,0.9242658386711771,-0.19826579218482512,-0.1733153608750817,0.9647033022303095,1.0455810103264134,1.7833194044626772,1.5705719748382179,22.116108840317622,188.1974308199448,-80.0,-3.208535254384449,-77.18352646935976,-80.0,-188.1974308199448,5.96065375,2.2323376617735784,14.0,4.0,5.0,180.0,0.0,0.0
4331,242,5,13,True,-1.59742658,-82.1616872,46.8753256,95,89,19,28,42,269.69868082179664,-2.729588854960413,114.56167282373362,8.321293324941546,82.61777672855798,-8.225670805147608,48,6,bottom_right,-110.5,-38.0,290.5,114.08510275667707,9.396607863050251,1.1761889238902967,-0.010208615656446913,0.024980504777484487,0.9996358129576196,-0.41575471298330063,0.13711859308972543,0.8990809252015458,0.14511531176466133,-0.10608222679723409,0.9837113943882043,0.710855636359003,0.6187305589797151,1.6736529448681958,24.984367032598534,126.92154878346578,-80.0,-0.3017332699486206,-85.3322515557511,-80.0,-126.92154878346578,14.05258729,5.497672627178588,14.0,4.0,5.0,180.0,0.0,0.0
4335,242,5,62,True,-7.10174223,-72.0858418,69.9575827,77,68,38,23,7,268.36448304595484,-0.6698473367625223,100.37232368786213,-2.5680589749624176,81.09790483507986,5.231407172937457,46,2,top_right,-49.0,-74.25,290.5,100.75676313677691,-0.5523405776121414,2.0520512535748865,0.032162329993937616,0.019512213026938726,0.9992921785304598,-0.16898616036741448,-0.037148828014042186,0.9849180890721124,0.24959219950029843,0.08126496808747607,0.9649350956983298,1.2778106886424336,0.8363537519826768,0.5777905670871104,12.023814810421307,150.06380108020537,-80.0,-11.928143720486176,-75.01391865430912,-79.99999999999999,-150.06380108020537,13.27623101,4.460949508376374,14.0,4.0,5.0,180.0,0.0,0.0
4337,242,5,77,True,-1.28548586,-78.8389217,107.046209,97,87,54,9,24,268.59103972109597,4.1903048440554,125.03055415069058,20.479933576424358,70.63375981537267,-10.387561203475725,29,6,top_right,-110.5,-13.0,290.5,120.76636972832188,17.13851404241707,5.417412047298725,-0.0006765884952794893,-0.008389521260642406,0.9999645784531697,-0.49386677079518226,0.2806013863946996,0.8230179066446316,0.2806139366638293,-0.16009652276399278,0.9463746203004954,0.9887036406103102,0.2983934343158549,1.84123533491961,34.818109008122434,187.0528347007441,-80.0,-1.1589280640320605,-77.26963796641468,-80.0,-187.0528347007441,6.39723947,3.050870646773522,14.0,4.0,5.0,180.0,0.0,0.0
4344,242,5,157,True,4.46980151,-76.3831469,106.181834,96,88,54,9,25,264.72145412359316,0.37784283687170056,111.90844027054966,8.849721512345335,83.25520994348949,-6.513685455360786,17,7,top_left,-74.0,-12.75,290.5,113.06091717893604,17.622305470378873,8.847962043607058,0.0005974780371998872,0.013405345075029333,0.9999099658186303,-0.35562167660754,0.22951876034039165,0.9060101333752577,0.13250446762548462,-0.10821889503749726,0.9852569394914964,0.9587578895048419,0.8606314354602378,1.7610400354780962,24.6609363661966,186.19859823836455,-80.0,4.3585519369951715,-78.87920336187203,-79.99999999999999,-186.19859823836455,7.2036117,2.8035283804409814,14.0,4.0,5.0,180.0,0.0,0.0
4347,242,5,227,True,-1.4731273,-68.3855815,78.5921647,115,110,38,41,31,269.7216450283966,-2.3429747543211894,65.94450765155074,-4.577609973579893,99.45610699415471,1.745943882652619,37,5,top_left,110.5,-74.25,290.5,62.147809963224816,-1.4016601133565156,4.9499061456953175,-0.015802698491237978,0.021787077367042548,0.9996377333715437,0.41773025647658474,-0.08168696481736415,0.9048915253238554,-0.188022015518709,0.018903510625047363,0.9819828811982066,1.0148242770688,0.7437140608328211,1.7222398627055087,26.339246125038926,158.6496381695255,-80.0,1.0339650977370118,-71.84209344105275,-80.00000000000001,-158.6496381695255,10.39335769,4.159558274588097,14.0,4.0,5.0,180.0,0.0,0.0
4356,242,5,315,True,3.86000464,-68.6529793,116.052914,101,94,59,16,19,271.98310533533237,0.8575085717168147,76.39276250910632,6.13265115856105,97.20648858537007,-0.22133986700322938,67,9,bottom_left,49.0,-37.75,290.5,75.49233124506365,9.7315335948329,3.7098155279436043,-0.0029858666141734896,0.017326631219391046,0.999845424278748,0.22626663683971054,0.13639812604366666,0.9644682266746907,-0.04084297610713175,-0.012041050277264875,0.9990930208999225,0.9092496186200817,0.9769875476468652,1.1942550861599461,14.982050463089639,196.08322370572972,-80.0,4.44548299126245,-72.05044100545854,-79.99999999999999,-196.08322370572972,9.04082827,3.1140980012110333,14.0,4.0,5.0,180.0,0.0,0.0
4359,242,5,366,True,0.897623232,-75.4074724,51.8751293,157,148,41,68,39,267.37323638868736,0.22907768533372166,108.24343195956666,-1.7521419116128751,80.69391184159917,-0.24059676433879723,27,2,top_left,-74.0,-74.25,290.5,107.42560347009362,0.2651620518485223,2.1767771404511818,-0.028932538291085663,0.01211119866808441,0.9995079925117443,-0.32482423792425763,-0.029501234181826493,0.9453141761545071,0.14798911124924857,-0.0034376998723600893,0.9889830156131324,2.0816235992343177,1.452640846569306,1.9029188913481603,17.467041568111846,131.9400447900375,-80.0,4.714983630015317,-77.0054244947281,-80.0,-131.9400447900375,16.64505778,5.879946894831781,14.0,4.0,5.0,180.0,0.0,0.0
4385,242,5,791,True,-5.46725169,-76.9334497,89.1739918,135,125,89,21,15,274.7456037001989,-1.0190875339011414,76.21966656206118,8.618159162547434,106.28510635016481,-12.055411984947003,63,9,top_left,49.0,-12.75,290.5,74.86145517582642,17.10523455553585,8.59506759112267,-0.0001333797311274254,0.017743032207117593,0.9998425711170458,0.20249651720130285,0.2000114794258891,0.958639957762668,-3.2809157649103594e-05,-0.15204171198354544,0.9883740773313876,1.9429067992054203,1.9952518348542834,1.2301981521079928,15.84353248121669,169.20062886599754,-80.0,-5.444683755615262,-79.93558190743394,-80.00000000000001,-169.20062886599754,9.86685124,3.4269133703516057,14.0,4.0,5.0,180.0,0.0,0.0
4419,242,5,1448,True,1.38827872,-57.8218601,87.6343966,124,119,43,20,56,269.8188474835838,-5.636036424916597,73.37762486792867,-4.051565623108665,89.77981124677054,2.3412930719690483,37,5,top_left,110.5,-74.25,290.5,61.726314098500325,-4.0793730361107015,11.651343952438058,-0.011812129397715612,0.06914438191471627,0.997536730175247,0.3910668733334167,-0.15743203644683235,0.9067975818678768,-0.08392627099943785,0.13434590305902938,0.9873740726631336,0.9178746903061179,2.721624025539279,2.6116103784076237,27.24475891862203,168.048345017381,-80.0,3.3732875164172618,-69.4414590480178,-80.0,-168.048345017381,6.36140359,2.58687975138495,14.0,4.0,5.0,180.0,0.0,0.0
4428,242,0,68,True,5.69759071,-78.7773935,93.512511,165,156,93,42,21,265.0444088094197,-1.5685978253564477,125.29657948043082,5.316739320332008,84.19729434712535,-7.416380767554493,48,6,bottom_right,-110.5,-38.0,290.5,120.5352046638681,10.10943038721948,6.755781065607488,-0.005087414265802718,0.008151828979652496,0.99995383188444,-0.5195142864694657,0.13491825426034182,0.8437428345304413,0.0997923059232833,-0.07189040699316984,0.9924078118701356,2.0594204905091535,1.1454712605810065,1.4589937041839331,32.06496554858255,173.52052211551708,-80.0,6.580361489620017,-80.1919031207457,-80.00000000000001,-173.52052211551708,8.16344344,3.6537016822444492,14.0,4.0,5.0,180.0,0.0,0.0
4431,242,0,124,True,-3.41964664,-79.0603367,38.2146436,147,141,14,111,16,275.2179393994517,-2.685400609219506,67.59783002051871,-1.0529377369635082,103.31039285005367,0.7343241688431925,37,5,top_left,110.5,-74.25,290.5,65.69840775946838,0.995560119077872,2.793590591332182,-0.03003067537391207,0.03824713885860598,0.9988169576582675,0.37305180217314915,-0.024743159425044903,0.9274805275352321,-0.19574518820909292,0.019332249069599183,0.980464219356779,1.1062932626441087,1.7166122770894663,1.2645200773590188,23.902832383744848,118.35466217669648,-80.0,0.1346237988174015,-83.58706389883551,-80.0,-118.35466217669648,13.92504551,5.355085811176777,14.0,4.0,5.0,180.0,0.0,0.0
4449,242,0,347,True,-6.31490612,-74.2553985,105.620676,86,80,49,20,11,272.62874119945354,1.5641580393778562,56.34533158651949,-7.80650715792992,100.35307240970423,-1.6447285193972425,31,5,top_right,135.5,-74.25,290.5,52.50936183680963,0.0013274815373144396,8.699249719254734,-0.03332284273033781,-0.01890594247623389,0.9992658072262127,0.5716776956784834,-0.14282021789344668,0.8079523486101194,0.056299646155255935,0.017973224044847802,0.9982521290036034,1.4857368221903726,0.8951075404121491,0.9444890136801183,37.720060015879625,185.75705748928863,-80.0,-0.12495290723411578,-70.74348625655304,-80.0,-185.75705748928863,6.33760001,3.255712418158317,14.0,4.0,5.0,180.0,0.0,0.0
4460,242,0,518,True,0.81321653,-73.1022915,57.4498748,99,95,27,33,35,260.46172671934335,0.06618049273972035,108.44459973006795,-2.7519463158980066,86.22876522345504,4.034127144476255,27,2,top_left,-74.0,-74.25,290.5,107.79754990008185,-0.2686603903512387,2.566200005943362,-0.011209411448854215,0.027371221646481987,0.9995624869514409,-0.3406964826003087,-0.08493660577767283,0.9363288309898109,0.150709028092611,0.09417700282546607,0.9840820499278466,0.8871189577870676,1.1754327752801959,1.8417369247767692,20.378394759724262,137.51003723559842,-80.0,2.354623115721086,-76.86610920779157,-80.0,-137.51003723559842,15.73305729,5.754867402923122,14.0,4.0,5.0,180.0,0.0,0.0
4472,242,0,657,True,-2.82755294,-70.7842497,28.0091519,73,68,9,15,44,275.04981648951855,-2.5154108910776967,74.44140369219446,7.079068307111883,95.00714887437354,-5.6283132866608945,59,9,top_right,74.0,-12.75,290.5,73.68595390795971,11.979831290709223,4.958647214502985,-0.014302907270583084,0.026187182345938968,0.9995547300295217,0.27008660668912365,0.1635106772224482,0.9488506116989182,-0.13619870294829367,-0.09897885570910103,0.9857246570101204,0.8971062059358491,0.9094450668193556,1.7598042742664168,18.40526951917176,108.05726655588931,-80.0,-1.2820198765384363,-73.61396504310281,-80.0,-108.05726655588931,19.04822271,6.80058982711062,14.0,4.0,5.0,180.0,0.0,0.0
4474,242,0,677,True,-0.858560099,-74.3406289,117.543765,143,138,60,48,30,274.41180181683876,0.10447147691529654,54.914939692519056,-3.992682889982152,97.26852598573855,-2.48531867120053,31,5,top_right,135.5,-74.25,290.5,51.7477816436859,0.023576796681404374,5.114805174882764,-1.282890732247355e-05,-0.006364415812824321,0.9999797468182947,0.5896255832613403,-0.07242413372270495,0.8044230332469602,-0.19314885245831648,-0.011878989455898162,0.9810975539687897,1.0461362890025583,1.1435856148709398,1.7543920509898863,36.40325205364012,197.5477659707997,-80.0,-0.8560257770185988,-73.08335277446733,-80.00000000000001,-197.5477659707997,6.04008309,2.9969988703122548,14.0,4.0,5.0,180.0,0.0,0.0
4493,242,0,1034,True,3.61845974,-76.7073578,132.705957,113,105,69,18,18,266.68856436881003,0.42859224308118476,114.85225827819112,-3.5548132007526134,79.54804071168819,3.8525822236133425,27,2,top_left,-74.0,-74.25,290.5,116.19244720703287,0.8006041582758452,4.5569470850906795,-0.003756677687748639,0.002265724579130435,0.9999903768861388,-0.4253590356321857,-0.08553259644141498,0.9009738429899322,0.2018746853410415,0.08547523098853105,0.9756744315118199,0.955572699103655,0.8219525227578668,1.345034805606024,25.528727616020223,212.70800391334086,-80.0,4.417535152306797,-77.18929555264423,-80.0,-212.70800391334086,5.55490772,2.1927680167441443,14.0,4.0,5.0,180.0,0.0,0.0
4498,242,0,1117,True,2.00063168,-68.9507437,68.5699207,106,100,32,32,36,268.65613514596413,-1.6788172491754096,115.40154974516525,5.376266625924455,84.09169597601665,-4.0571341847975555,48,6,bottom_right,-110.5,-38.0,290.5,116.88132813353873,7.090722104635239,2.2647520100838023,0.008602688417310642,0.01825077516494733,0.9997964307587187,-0.42407454541569367,0.09193502308700296,0.9009487951379175,0.18110484221056286,-0.06436732344465403,0.9813551262414939,0.7921619222875068,0.821472411227712,1.6224197089215258,25.999863072518636,148.60017112409002,-80.0,0.7222707090604117,-71.66281201265846,-80.00000000000001,-148.60017112409002,12.04286541,4.791736462002074,14.0,4.0,5.0,180.0,0.0,0.0
4502,242,0,1191,True,7.01306457,-69.7278159,128.046165,201,190,122,49,19,270.10264787438246,-0.5508225134886772,72.70472533713277,2.356616798137362,104.34365624413662,1.7077208907502968,67,9,bottom_left,49.0,-37.75,290.5,75.5087550638537,10.7900435663869,8.887365738156753,0.002512199861766566,0.01108206716351434,0.9999354362353791,0.30590670885374566,0.028679387519323085,0.9516294332405795,-0.3218509254619959,0.1129409627680638,0.94002995734619,1.9605562574398174,1.3999990455991067,1.6065670781224393,17.70134985427592,208.05959811091955,-80.0,6.490377276386541,-72.033546340279,-80.0,-208.05959811091955,6.66212045,2.35953420670473,14.0,4.0,5.0,180.0,0.0,0.0
4507,242,0,1237,True,4.11109748,-75.6378368,57.187306,116,106,48,25,33,268.0255205507637,2.9031679168128943,108.67318095647796,9.152029354568828,83.10541722141586,-3.9144075966067353,17,7,top_left,-74.0,-12.75,290.5,108.51010596104742,14.33777461230023,5.188308715970782,6.554164480875034e-05,0.017174429636360063,0.9998525064583068,-0.2919974820382383,0.21206123841081492,0.9326132647818175,0.11732292758898603,-0.14695231667323497,0.9821610597485114,1.9617067515387272,1.8224019398786444,1.6309103934548665,20.593637110063263,137.2075432264975,-80.0,4.102104671936767,-77.99429809672131,-80.0,-137.2075432264975,14.30796599,5.2483064160035084,14.0,4.0,5.0,180.0,0.0,0.0
4520,242,0,1466,True,0.976861125,-64.5977227,114.969331,113,108,59,23,26,271.4941355984269,-0.06984030163296351,59.38995271843402,-6.490461934339938,102.34951079741931,3.86154947258439,37,5,top_left,110.5,-74.25,290.5,58.03771596428179,-2.6710599006461577,4.051712740837427,0.003180689934788426,0.012852166357239181,0.999912348674355,0.5051319262170856,-0.1167916192813302,0.8551031837046695,-0.19253156852810188,0.08234029826221546,0.9778300825819373,0.9894341919701124,0.5064948807451176,1.7992360863071166,31.22547208217914,194.98642181835518,-80.0,0.35666977570194736,-67.10372063061232,-80.00000000000001,-194.98642181835518,6.34847983,2.7905255300451914,14.0,4.0,5.0,180.0,0.0,0.0
4528,242,0,1593,True,6.8747217,-68.5870998,117.533721,120,115,75,37,3,263.0322394527931,-2.8043405628715203,100.91210724279486,-3.8022826685449838,155.0656354036159,-11.603192849255985,33,2,bottom_left,-74.0,-99.25,290.5,115.05961893706849,-9.123193039539222,15.11503140306904,-0.01217249769929485,0.01654822886290719,0.9997889709439997,-0.4946828546749252,-0.2793424449891832,0.8229560569788231,0.059289517906676636,-0.011806874206461648,0.9981710027785152,1.8063684151121817,5.226411652286174,0.14203700288796287,34.494425475669075,197.5754151533487,-80.0,9.279707986391362,-71.85662298764152,-80.00000000000001,-197.5754151533487,6.46726111,3.0602673476950106,14.0,4.0,5.0,180.0,0.0,0.0
4566,245,1,377,True,-3.52768765,-70.2847339,79.4641646,165,156,66,63,27,268.91113134217017,-1.1318381862163385,122.71870437921012,3.924178357882629,78.92888444555513,-3.753485685762089,41,6,bottom_left,-135.5,-38.0,290.5,122.02000690530465,7.390457943344197,3.5359966522367503,-0.020489233323572584,0.012609152801729698,0.9997105584034985,-0.5396068310260324,0.06467521666026511,0.8394293205863081,0.21567289981803298,-0.06755831145190218,0.9741258003142348,1.9678952099239648,1.221104792852558,1.462848134433322,31.673071239190907,159.51033352559412,-80.0,-0.2594432088732197,-72.29602406887909,-80.0,-159.51033352559412,9.61909444,4.2687465040171,14.0,4.0,5.0,180.0,0.0,0.0
4571,245,1,456,True,-4.60925039,-70.0781247,103.948836,81,75,52,14,9,268.73267694524515,-1.3773913288579107,111.3557912727426,10.149657704236452,78.761929116101,-5.71687164999591,17,7,top_left,-74.0,-12.75,290.5,110.40350578529073,16.06772234772463,5.994191920026942,-0.0021356734068704994,0.044004103191640734,0.999029067545784,-0.38846689700747816,0.21723990628890624,0.8954888570188735,0.2671554313055294,-0.10775230537028987,0.957610263213247,1.0066802091545124,1.1928979526483467,1.1177326944099977,25.175574331636568,184.12761147369707,-80.0,-4.216013946705042,-78.1804951157189,-80.0,-184.12761147369707,7.10905003,2.789913562657528,14.0,4.0,5.0,180.0,0.0,0.0
4580,245,1,617,True,-6.405772,-75.8435002,86.5071495,57,55,25,15,15,272.8055005997103,-2.69663183586618,69.59849927969942,6.98489259117534,95.83558226538197,-6.9348909676850194,59,9,top_right,74.0,-12.75,290.5,68.48763687972946,16.05300868513514,9.13590415696223,0.01930019471387959,0.027866583371830803,0.9994253128749477,0.3702519325496833,0.20412488129581452,0.9062265386089696,-0.016820195036312567,-0.0745596932274202,0.9970746878668485,0.8703583848456411,0.8583927103431339,1.3981789842067922,23.2864441666746,166.6028940382002,-80.0,-9.621240294833113,-80.48615363670379,-80.0,-166.6028940382002,10.15311909,3.868012499642623,14.0,4.0,5.0,180.0,0.0,0.0
4592,245,1,845,True,-3.49865158,-74.2538572,73.3082516,138,129,35,50,44,265.33903321954165,-1.2747764110090172,122.25758918758531,-2.8702277106809864,76.21905926791523,-0.7857601354815688,57,1,top_left,-135.5,-74.25,290.5,121.28973231173858,0.000869540714370189,3.0298426294271086,-0.00476473509254362,0.011475233097892114,0.9999228051829036,-0.5441634890138293,-0.05162513235403989,0.8373893616076836,0.24263520580332024,-0.009030517080595215,0.9700755675028815,0.834443480135716,1.6960775667657992,1.7578447576226468,32.931079263482275,153.32008711608214,-80.0,-2.7681219805261588,-76.01324093824617,-80.0,-153.32008711608214,11.80466361,5.386140376661595,14.0,4.0,5.0,180.0,0.0,0.0
4596,245,1,902,True,5.37202311,-63.7933277,97.1864437,91,85,48,16,21,269.3724072271013,-0.7772834567443905,120.77621191496955,6.595255723888352,85.61460064824894,-1.7457339594644077,48,6,bottom_right,-110.5,-38.0,290.5,120.9384455723076,6.528718554868471,0.17534809504086393,-0.005094015628345497,0.023112299097641894,0.9997198970887793,-0.530280828619866,0.11824495006258406,0.8395358089938304,0.16392745751128776,-0.04788864168840901,0.9853093253750946,0.9319590528969818,0.5070031366901709,1.66939825708073,32.356464407527035,177.23608804423455,-80.0,6.274866512404149,-67.88966117777434,-79.99999999999999,-177.23608804423455,7.77121969,3.500522456414237,14.0,4.0,5.0,180.0,0.0,0.0
4597,245,1,903,True,1.13146112,-72.4352749,55.3041103,109,101,24,51,26,272.0660671815099,-1.3774969461540767,67.31581729408175,-4.027712597177044,103.70472189871026,0.5536712486547106,37,5,top_left,110.5,-74.25,290.5,65.06108157977378,-0.4008556155257533,4.270588332622166,-0.0042268442519522815,0.01680803750716964,0.9998498005514765,0.3850657845864095,-0.07333199361626852,0.9199710648999329,-0.2076799391686794,0.025861547663993505,0.9778549090838153,0.9126314390732615,1.0050261845361028,1.6252443609072182,23.512550733095534,135.3244359556523,-80.0,1.7034564342678336,-74.70981309517917,-80.0,-135.3244359556523,14.54671739,5.5607921445654185,14.0,4.0,5.0,180.0,0.0,0.0
4612,245,1,1192,True,-4.56856033,-79.4128239,68.1217181,86,80,32,20,28,267.61046116259485,-0.4208549295567092,80.28172825654993,8.425283053689666,98.36712704292243,-4.620203479650104,59,9,top_right,74.0,-12.75,290.5,70.54115558215469,15.782918600846322,12.207110914133551,0.012627879707800195,0.011893393283213151,0.9998495306046287,0.289958994304796,0.21741967834055886,0.9320152708470174,-0.08848804104109699,-0.14567317773565003,0.9853675415199685,0.9080106967742891,1.2710704815626,1.7045435499477368,20.2613992024907,148.14400923949816,-80.0,-6.439305058107624,-81.17475886443732,-80.00000000000001,-148.14400923949816,8.36624591,3.0555967536552906,14.0,4.0,5.0,180.0,0.0,0.0
4626,245,1,1400,True,-3.42042624,-67.1354816,115.830955,174,164,118,23,23,268.9897138545974,-1.138666330840998,69.19654306090854,12.429049462152369,101.15109791447827,-5.148755384798943,59,9,top_right,74.0,-12.75,290.5,66.09513078397708,15.889223264829933,4.646672019438996,-0.009398942223341719,0.032716558457300815,0.9994204754195265,0.37006294850748306,0.26078412799218986,0.8916529889644856,-0.16555665162349342,-0.12427603050337477,0.9783386240691623,2.022594731962567,1.5946022780892315,1.6926251606801905,26.338305323031427,195.94450965975668,-80.0,-1.5787551147269234,-73.54611160467059,-80.00000000000001,-195.94450965975668,6.63953682,2.657186650586112,14.0,4.0,5.0,180.0,0.0,0.0
4632,245,1,1462,True,-1.19040165,-79.8719923,61.3580509,96,91,23,50,18,268.09925301982724,-1.6834464911233251,60.80731358520637,-5.255773991013907,115.84528504163448,4.175802920507293,31,5,top_right,135.5,-74.25,290.5,59.18259036259507,1.207085995723731,6.6639541383676155,0.02419703679146271,0.02720833043596638,0.9993368852220956,0.4790495344548338,-0.09058001623065547,0.8731018292262714,-0.10616052630945758,0.06622136532981328,0.9921414583755456,0.8317416105957585,0.8312109024028818,1.6517196909643703,28.157963861888508,141.45184971190588,-80.0,-4.613117261699441,-83.72066096774019,-80.0,-141.45184971190588,11.92986568,4.933188339516389,14.0,4.0,5.0,180.0,0.0,0.0
4642,245,1,1585,True,-5.31767656,-82.7044762,98.4287058,144,134,98,12,24,273.632770937455,2.1994036078290686,70.20387087996616,10.604699360588825,95.92783540442076,-7.294767321211821,67,9,bottom_left,49.0,-37.75,290.5,74.20912054392275,12.692283208046259,4.516639369131608,0.006823351156072663,-0.00930001018483251,0.9999334736319027,0.2654323270379606,0.18707434419850485,0.9458059364932705,-0.1204697806553059,-0.17923659162195396,0.9764022102456587,2.0848996283260632,0.7873795969181981,1.5986564867281488,18.947876890572786,178.44057680349593,-80.0,-6.5352392760224065,-81.0449770183401,-79.99999999999999,-178.44057680349593,8.53881429,3.0681051469851592,14.0,4.0,5.0,180.0,0.0,0.0
4648,245,1,1678,True,6.38687778,-71.5511178,113.53843,157,147,116,14,17,271.34972817443133,-1.6690370788855162,77.80412063481394,1.9643504080387675,95.06404634023731,-6.9310397542295625,67,9,bottom_left,49.0,-37.75,290.5,76.46069683819846,10.519995015616816,8.66047586155011,-0.0006946567224620087,0.01755637505412988,0.9998456336590147,0.1712722342923345,0.1396679448841447,0.9752736472049018,0.021063066663830014,-0.07866023468524097,0.9966789426399947,1.947262097999571,0.7177455518924123,1.131212599402651,12.189071240861304,193.56831043181208,-80.0,6.521341308097071,-74.94947565653513,-80.0,-193.56831043181208,8.55641573,2.878602891735346,14.0,4.0,5.0,180.0,0.0,0.0
4650,245,1,1719,True,-9.38015801,-75.4882444,98.9469152,117,114,50,63,1,277.74614747536026,-0.42522722534439367,64.04266629342978,-3.123665898126479,20.932446681976316,-5.48902125654288,37,5,top_left,110.5,-74.25,290.5,57.96032681636642,0.3139553857088126,6.986565222290618,-0.005895642009827934,-0.0005623318961890388,0.9999824624402822,0.5686907414119798,-0.05605598499775955,0.8206391211599797,,,,0.9528067023534771,3.187217306109684,,35.18423691158679,178.9500535472506,-80.0,-8.325132556645872,-75.38761507706565,-80.0,-178.9500535472506,6.84460542,3.2935649036180483,14.0,4.0,5.0,180.0,0.0,0.0
4654,245,1,1755,True,-0.137261053,-81.6621506,52.9261081,89,81,23,18,40,276.09799441771844,1.1321705481770261,64.99237326376416,9.800115246131035,99.48207927045041,-5.73237568634628,12,10,top_left,110.5,-13.0,290.5,65.028782955085,14.68133058224623,4.881351126803752,-0.007191648855280645,0.02862686128198899,0.9995642965812075,0.4151294872407566,0.20669303766782443,0.8859714989788746,-0.18811720076001978,-0.11570079117680143,0.9753077697318302,0.8824574631948251,1.310212700237937,1.4989903174541692,27.31252049295408,132.98404970510137,-80.0,0.8191135358322766,-85.46906654362508,-80.0,-132.98404970510137,12.93730826,5.267407712879457,14.0,4.0,5.0,180.0,0.0,0.0
4659,245,1,1886,True,-2.10934842,-70.5784718,100.042023,101,96,50,12,34,270.55150094119176,1.251094714182987,123.86447820898888,11.748499580769822,77.86110610106346,-5.952385185974513,35,6,top_left,-135.5,-13.0,290.5,125.00616444684995,13.908046098332186,2.442762499146629,-0.0010176321928653748,-0.0072792666936410955,0.9999729879857371,-0.5623409564091985,0.19816207742504455,0.802810338632593,0.25942882667722,-0.09867092183490267,0.9607084537325211,1.0930216892899631,0.3662956099218949,1.586605379956906,36.68630813034551,180.04688642906422,-80.0,-1.9261269121446083,-69.26786249632313,-80.0,-180.04688642906422,6.70013847,3.3489438171899795,14.0,4.0,5.0,180.0,0.0,0.0
4661,245,1,1952,True,5.97406879,-66.0428042,135.373,226,215,139,56,20,271.46828657558154,-1.0449169318572071,70.14077765371641,2.49687339437462,97.32873887030077,3.711146981596162,54,9,bottom_right,74.0,-37.75,290.5,66.32169972310786,9.482613510921711,7.961527567998286,0.0005973588718997323,0.02192210874447376,0.9997595032359401,0.3633321992899162,0.030028868276047005,0.9311755903314974,-0.19721027103490238,0.10387664674576327,0.9748424238097131,2.031028097942324,1.5732977106391033,1.7237466250185858,21.278577210333886,215.42480896945537,-80.0,5.845382869134791,-70.7653702884859,-80.0,-215.42480896945537,5.84734769,2.1645759728704506,14.0,4.0,5.0,180.0,0.0,0.0
4667,245,1,2043,True,-0.540400216,-69.9514412,117.541637,130,119,84,16,19,270.620374183406,-0.24625879307072102,108.10691032682081,-4.011885123943449,76.55948929436069,6.46559454360172,46,2,top_right,-49.0,-74.25,290.5,105.6518480656662,-1.3709156199924961,3.6058356350428014,0.02495099062592889,0.02190851865442345,0.999448580406793,-0.3090545638801867,-0.07165485781439684,0.9483411084079538,0.15156294603849776,0.1320576869387895,0.9795863620470163,1.6652839868341045,0.7104019616517272,1.9035193585661445,20.192684069757565,197.65062542747032,-80.0,-5.471979118249794,-74.2816736142362,-79.99999999999999,-197.65062542747032,7.58999956,2.7696400740894944,14.0,4.0,5.0,180.0,0.0,0.0
4680,245,1,2241,True,4.93685813,-76.0650283,68.0365733,114,107,33,50,24,260.5447412381778,-2.6158292049680654,118.7113040041627,4.069149322359283,84.46687950526649,-3.610572058194059,48,6,bottom_right,-110.5,-38.0,290.5,117.4249175622647,8.635918864553432,4.744488816449161,0.006095554061607551,0.026254681308846894,0.999636701972298,-0.47336092467491964,0.07632378809209452,0.8775557613976324,0.15520247426836942,-0.020217358063792875,0.9876757820326955,0.9993925191301297,1.0244636982947297,1.5850222755152792,28.79420431767593,148.09037424088334,-80.0,4.034165247811002,-79.95309388060225,-79.99999999999999,-148.09037424088334,11.45639614,4.794816150906395,14.0,4.0,5.0,180.0,0.0,0.0
4686,245,1,2326,True,-1.10000188,-72.453487,106.01383,154,145,103,18,24,265.3566532059979,-1.2241503579125772,114.7148950558779,-5.708804718357268,87.75315324769691,6.04068423328948,27,2,top_left,-74.0,-74.25,290.5,111.56153132813283,-0.5188851020508025,6.07280564674854,-0.01056225307940601,0.011125319040035556,0.999882326119501,-0.3600928389998832,-0.1203039089704444,0.9251270814258089,0.09217200775061907,0.1606240426901077,0.9827025174981014,2.085228204025784,0.9084189356169701,1.6216401119916204,21.954171445145068,186.03572154526566,-80.0,0.8649544927710013,-74.5231937550343,-79.99999999999999,-186.03572154526566,6.70487051,2.505317536470276,14.0,4.0,5.0,180.0,0.0,0.0
4690,245,1,2351,True,3.05856317,-72.3830468,113.810395,101,92,58,16,18,267.3244451097765,-1.1417663245014245,111.39493872998891,-4.622796064857453,77.10720065799762,6.447289924964083,27,2,top_left,-74.0,-74.25,290.5,113.56316740355733,-0.5549077223670132,4.609656293895879,-0.0009074055834112989,0.018228327032578817,0.9998334384829809,-0.384967830599221,-0.11548196021182122,0.9156766275653021,0.1731563372586016,0.12259972601533577,0.9772339484730103,1.0871250550724336,0.7743023104083032,1.8541473184712365,23.96857681353894,193.8426817311322,-80.0,3.234457101706249,-75.91647459546716,-80.0,-193.8426817311322,9.10527035,3.5051375255954595,14.0,4.0,5.0,180.0,0.0,0.0
4709,245,1,2772,True,2.72020917,-78.5335876,30.5511297,83,77,10,45,22,265.18888885980823,-5.202190104405099,69.69593203240817,4.442958075666821,105.73747570030568,-6.790215774351814,18,10,bottom_left,110.5,-38.0,290.5,67.4801654757758,8.196453466421605,4.358709566133976,-0.03102051381803115,0.028188446334468265,0.9991211834485916,0.35693303252427877,0.07848118319056215,0.9308273277993246,-0.057115558144234586,-0.0763787100738939,0.9954416636173717,0.8878179464075681,0.9827427572556214,1.7664800545928128,22.905313074592158,110.64836931834331,-80.0,6.152578439382283,-81.65259322052655,-80.0,-110.64836931834331,17.75375365,6.72534546237484,14.0,4.0,5.0,180.0,0.0,0.0
4721,245,1,2889,True,-4.73130592,-76.1776053,85.7393121,152,146,43,81,22,277.2079571131112,-2.6823061282051217,56.07224108033872,-2.3859321329887226,97.86358762468102,1.151664365476172,31,5,top_right,135.5,-74.25,290.5,55.59452588835603,0.44501096220454167,2.8709668428725323,0.001433077115257467,0.03044806116838262,0.9995353229681622,0.5558730773752206,-0.04556994186706841,0.8300171698511025,-0.12944964529207473,0.028960427171363372,0.9911629951687101,1.0254697476550563,1.467880914070575,1.6660690639652274,33.99969261511343,165.81636315546123,-80.0,-4.9689335553733125,-81.22639206807622,-80.0,-165.81636315546123,7.02967619,3.287518673845885,14.0,4.0,5.0,180.0,0.0,0.0
4735,245,2,188,True,-5.56184636,-74.5558558,105.68721,107,102,63,20,19,273.75528668584707,-2.0420129071860065,69.06504920033261,4.29796563021146,98.26973931904752,-9.759647529359961,54,9,bottom_right,74.0,-37.75,290.5,66.70813772646092,10.36603905303389,6.509727088014669,-0.020319006477711097,0.016731958973560387,0.9996535297415129,0.3668263633691282,0.11860924883427934,0.9226972771328352,-0.07096455259097713,-0.11557295240170555,0.9907607808894716,1.8848498159459277,0.7962039475456646,1.3566941108716268,23.521754555623904,185.75156739356922,-80.0,-1.7875590588850772,-77.66384340490374,-80.0,-185.75156739356922,7.85027763,3.001355191813498,14.0,4.0,5.0,180.0,0.0,0.0
4740,245,2,219,True,-2.46555246,-73.1044842,66.5948317,64,59,14,16,29,271.6954498922687,-1.35498818425948,108.44897992532538,7.70597256376778,80.94948875512857,-5.313290906108637,24,7,bottom_left,-74.0,-37.75,290.5,107.71792552674754,8.553717146278293,1.11942458917782,-0.006305506643963225,0.032357487887873966,0.999456469068838,-0.3170003952555757,0.12521233818544558,0.9401237257797201,0.17671531977965468,-0.042014585008652953,0.9833648714499238,0.7852140027728952,0.4536376701274714,1.2535601102481864,18.97454135850295,146.67455385683556,-80.0,-1.5406950861553814,-77.85050429988188,-79.99999999999999,-146.67455385683556,14.15974953,5.08940629323763,14.0,4.0,5.0,180.0,0.0,0.0
4743,245,2,258,True,-4.44006883,-78.5856691,71.1082199,104,100,51,20,29,277.6908879845057,1.9447756796391316,66.66147552794499,7.65692002299695,93.4446988127189,-2.711930359515491,12,10,top_left,110.5,-13.0,290.5,62.34981042928972,14.831683305586298,8.37064418573351,-0.027202196358283706,0.010270030536479012,0.9995771941106226,0.42214741686100754,0.19259153849252258,0.8858329739508808,-0.18345600928111183,-0.11591222578686201,0.9761701944700956,1.7686828405272081,1.6429400006064134,1.4480304143562608,28.84203303562651,151.1721363695668,-80.0,-0.3278546925738022,-80.13821155678022,-80.0,-151.1721363695668,8.56471051,3.58786038744013,14.0,4.0,5.0,180.0,0.0,0.0
4749,245,2,360,True,-4.89719325,-69.8336297,95.8768542,74,68,47,11,10,268.38435130095087,0.09116092720559374,104.3081156597119,-11.217645029487379,82.34626486883809,11.988283938797382,39,2,bottom_right,-49.0,-99.25,290.5,102.76794600588633,-8.385464326618818,3.2238750125068805,-0.01264963780205654,0.013235395539340167,0.999832391437882,-0.250826507752113,-0.1835199652809815,0.9504769778127962,0.17435169064911246,0.12257092596817165,0.977025002789131,0.8620285069616156,0.31081436085211955,1.092138306521659,17.999062049239843,175.90633760831395,-80.0,-2.6720417921685518,-72.16181965612274,-80.0,-175.90633760831395,8.81509885,3.132523904370388,14.0,4.0,5.0,180.0,0.0,0.0
4758,245,2,547,True,-2.74339452,-74.5886602,98.3778487,89,84,49,11,24,264.819909029585,2.3933170829920627,119.06338466179518,15.902732925622017,88.41113720340064,-7.1560670909570945,17,7,top_left,-74.0,-12.75,290.5,110.34942391093924,16.792940020512603,8.759313936562124,-0.0073252502151979655,0.01425176244492754,0.9998716057457068,-0.38249514104508275,0.26196206983188436,0.8860436451136576,0.09905582876042762,-0.1842465025853407,0.9778758454290887,0.966767243164322,1.289706799909494,1.684302509780842,26.815326719163647,178.4007543318178,-80.0,-1.4365643559393722,-77.13118537073295,-80.00000000000001,-178.4007543318178,7.27839072,2.93722547309133,14.0,4.0,5.0,180.0,0.0,0.0
4771,245,2,709,True,3.43111345,-70.9727501,129.059271,117,112,67,25,20,266.48734175485004,0.05834867577619297,106.22674201075273,-3.5913383634646165,82.87819814287145,4.843361307418863,46,2,top_right,-49.0,-74.25,290.5,107.99224425726518,-1.1060902091006253,3.0485171102045907,-0.011283372328505958,0.0023320773226892526,0.99993362125906,-0.29873283904663656,-0.09145367108619262,0.9499446915057713,0.1584699562159931,0.12131690486574366,0.9798823814982579,0.7917345982218351,1.4462991192209709,1.1240535067451256,17.628703041561998,209.0731490123958,-80.0,5.790163634200069,-71.46032484959504,-80.0,-209.0731490123958,6.00740782,2.1259359778229747,14.0,4.0,5.0,180.0,0.0,0.0
4786,245,2,858,True,-3.28964028,-63.3418296,74.1524045,104,96,35,31,30,272.830624226291,-1.044005757529164,67.79669896520421,4.125000768703358,97.83304508368573,-1.238474686179648,54,9,bottom_right,74.0,-37.75,290.5,70.34085813482451,6.35627398821239,3.3839808008411127,-0.0045501381554933175,0.021248286724209975,0.9997638753996124,0.3679590501725174,0.06691890537787061,0.9274308586084283,-0.16845155565980255,-0.007703154602831887,0.9856798338228074,0.9854861790864402,0.9032250276709651,1.3027330416299827,22.03428687085924,154.18881227168188,-80.0,-2.588059882132424,-66.61807769281408,-79.99999999999999,-154.18881227168188,13.12995555,4.911636280237396,14.0,4.0,5.0,180.0,0.0,0.0
4796,245,2,967,True,-0.308483447,-73.9613475,110.173027,100,95,56,11,28,267.258731472097,0.8462236557433052,121.47424153780682,12.691467457348098,83.6824641043023,-3.847782413159528,29,6,top_right,-110.5,-13.0,290.5,121.4276454054272,16.091074369602527,3.3999262282291993,-0.0034452977757421844,0.016128225977346644,0.9998639958764693,-0.5100417492091489,0.20640131434574066,0.8350185096750984,0.19093107514999708,-0.09054488941043859,0.9774185119710583,0.967971681775505,0.36701156008672736,1.723287528566994,32.86082267077592,190.1988948339884,-80.0,0.3468083823201618,-77.02891825652415,-79.99999999999999,-190.1988948339884,6.83483025,3.113600341072875,14.0,4.0,5.0,180.0,0.0,0.0
4799,245,2,1000,True,-9.17628957,-71.414109,112.500162,128,122,57,40,25,270.36920921809934,0.5694702413180244,121.68661722083306,5.963442707537996,76.35180658165358,-5.906480456807482,48,6,bottom_right,-110.5,-38.0,290.5,119.6500399394257,9.265633360516212,3.879704902664801,-0.0019150053119426898,-0.013192769846826824,0.9999111378409704,-0.5295149847006624,0.0922547121336521,0.8432692032006116,0.2877416323494427,-0.04933759155926888,0.9564363831808204,0.9447389800671717,0.92888955043322,1.5334853377780726,32.542656202049464,192.51726950021825,-80.0,-8.80761797626638,-68.87427297194408,-79.99999999999999,-192.51726950021825,6.18456462,2.7973546532973064,14.0,4.0,5.0,180.0,0.0,0.0
4801,245,2,1022,True,-7.23821151,-75.5311726,71.9894207,97,91,34,44,13,276.14108526224265,-1.8809055569478335,64.48720097944879,-3.9164221787682236,98.17042084700381,2.7201728773819696,37,5,top_left,110.5,-74.25,290.5,61.68325536730203,0.29573571422545675,5.06007757958176,0.008541149250933827,0.01855600859684259,0.9997913398876924,0.43867147377683424,-0.08427047822073143,0.8946875569688614,-0.035796643304121245,0.058662488568439815,0.9976358618068595,1.067796311568215,1.072162143771794,1.0819911124673378,26.274451879742575,152.02114144844774,-80.0,-8.536646768408515,-78.35207820761923,-79.99999999999999,-152.02114144844774,12.68907276,5.0726583810761765,14.0,4.0,5.0,180.0,0.0,0.0
4805,245,2,1052,True,-0.099417614,-64.8891112,66.9896182,129,118,62,35,21,270.2173937383477,-1.1237851474879914,120.58596843991064,-6.131869094591243,70.9927275286786,7.831386206367853,57,1,top_left,-135.5,-74.25,290.5,121.20710471176103,-2.0515157157747907,4.127359199806462,-0.0028502077028962065,0.03528416869162986,0.9993732554735447,-0.5309077696588586,-0.13553613359067776,0.8365207090127216,0.30438590450902775,0.08874220754876683,0.9484060531943018,1.9865256341140618,1.2697627282733954,1.9568141771055445,33.620070163131864,147.0818009136638,-80.0,0.3197960679199709,-70.07877027490643,-80.0,-147.0818009136638,11.26697958,5.222594850491813,14.0,4.0,5.0,180.0,0.0,0.0
4836,245,2,1499,True,-8.37849733,-72.1453873,27.0382397,148,142,8,92,42,266.8073479573996,-6.095500867255865,117.37712113441924,-3.6174214811707794,77.1887360020131,2.7154878541886216,57,1,top_left,-135.5,-74.25,290.5,115.75752148368916,-0.4122128696458451,3.591164890678037,0.011004968464986704,0.05239785504512383,0.9985656490465485,-0.4533232334355528,-0.05918725315551577,0.8893789490939396,0.2386183546332001,0.048000089350402786,0.9699264262069045,0.696560273734965,1.2515094620623397,1.7179506809576512,28.35604729766414,107.19199063396819,-80.0,-9.55814180662597,-77.76201768723693,-80.0,-107.19199063396819,13.1983984,5.478067304771275,14.0,4.0,5.0,180.0,0.0,0.0
4837,245,2,1551,True,-2.80905136,-72.9290025,119.216961,107,102,70,28,4,273.4059395638935,0.4332733215002241,108.91215304909115,-3.22639542917261,141.91267047725023,-6.821388038975569,46,2,top_right,-49.0,-74.25,290.5,105.09227865647648,-0.4266364883241353,4.736041649121577,0.004177729938435677,0.01761714569903772,0.9998360779397693,-0.31028902374038236,-0.0329818412394568,0.9500699552636616,-0.28678130849402267,-0.17011959787517072,0.9427702814139012,1.9770190996891062,1.2248734586007726,0.40259013906862645,18.55171545444382,199.2496224086054,-80.0,-3.6414624727584353,-76.43921212845065,-80.0,-199.2496224086054,9.28098287,3.3191585268527337,14.0,4.0,5.0,180.0,0.0,0.0
4838,245,2,1588,True,2.64208914,-74.2972829,55.6491306,159,153,49,64,40,272.0838547312233,-0.019727940519697562,67.40002082857909,-2.3923144243310994,103.75235913924291,0.7170987457727793,37,5,top_left,110.5,-74.25,290.5,65.33251316477747,0.010482784766386146,3.1698615692053655,0.0022333276844250793,0.007616028566256761,0.999968503682157,0.3911781149119805,-0.046498512068709356,0.9191395817770583,-0.23536843472236724,0.049109006922354995,0.9706647234629694,1.9596238457467714,1.1882770063235601,1.968660304069247,23.12793118230001,135.65340318270313,-80.0,2.339130639185592,-75.33042309374942,-80.0,-135.65340318270313,14.65430842,5.569592549623359,14.0,4.0,5.0,180.0,0.0,0.0
4845,245,2,1732,True,0.875693114,-77.0237506,65.3086032,106,96,41,28,27,268.33428130261177,0.007449640989341806,105.99649343216161,4.053693095091835,83.39789558168587,-5.042388318745747,24,7,bottom_left,-74.0,-37.75,290.5,108.39186399705304,9.39690090037382,5.855567418583325,-0.05108610694476327,0.005609539200102543,0.9986784981900786,-0.27396717701162415,0.0795432403666969,0.9584439779310251,0.1454210841264276,-0.09833896773915385,0.9844704950964718,1.649446166872899,0.9280741336628181,1.6028999020222137,13.682960910340114,145.50088288007117,-80.0,8.30876677736879,-77.83994350616528,-80.0,-145.50088288007117,11.79191343,4.014914551688317,14.0,4.0,5.0,180.0,0.0,0.0
4852,245,2,1843,True,-2.25334005,-72.6420196,72.7535274,146,141,62,42,37,266.09613643905936,-0.4343000777864514,115.70668835400919,3.7886214706789643,84.37313320705759,-4.127839962013761,48,6,bottom_right,-110.5,-38.0,290.5,116.43300224595242,8.10785951921849,4.379880042830084,-0.03061944689999082,0.011601256650647705,0.9994637863953173,-0.43964546679750954,0.08568961028987354,0.8940744679347296,0.2088079283632209,-0.07283942232831109,0.9752403127473445,2.074304473290927,1.0095613007499946,1.4238833939965858,24.762630443062484,152.83547986358107,-80.0,2.4263978101175367,-74.4151032272223,-80.0,-152.83547986358107,11.79737795,4.598853995649466,14.0,4.0,5.0,180.0,0.0,0.0
4868,245,2,2064,True,3.45788962,-73.0953669,106.207051,116,108,53,32,23,266.94334808142844,-0.9628335183412626,123.87121916819093,5.398139497384251,81.46657956986354,-0.7264849452880986,48,6,bottom_right,-110.5,-38.0,290.5,121.73065176740049,9.200216154554782,4.363234546105424,0.0041105413767956135,0.02734029632498348,0.9996177327591041,-0.5374181808227425,0.09602489763714774,0.8378310796067125,0.2204977358746336,-0.023627854941599136,0.9751012629183797,0.9243174179468423,0.965719717580053,1.6767574346503207,33.07813324426423,186.27825907613592,-80.0,2.6921851284700904,-78.1882697020436,-80.0,-186.27825907613592,6.815493,3.120105711369365,14.0,4.0,5.0,180.0,0.0,0.0
4878,245,2,2213,True,0.705169945,-72.3110759,57.8909356,172,163,53,73,37,268.44390532092,0.172618598453414,121.91768696415105,4.116004584805871,80.43141872404618,-3.068450085660567,41,6,bottom_left,-135.5,-38.0,290.5,120.35127743742757,7.254100147082818,3.5073184291410344,-0.009894068239664135,0.008988853668543628,0.9999106499699834,-0.5340554882105736,0.06307322381517698,0.8430934135371516,0.18426710007102387,-0.03322207814733958,0.9823145775946661,1.9963821924416905,1.1633770024593273,1.9661233423644384,31.911129914079854,137.9032572601756,-80.0,2.0695941828041358,-73.55066809992725,-80.0,-137.9032572601756,12.34974706,5.508852854787166,14.0,4.0,5.0,180.0,0.0,0.0
4895,245,2,2530,True,-3.69157124,-77.828391,67.5030783,79,72,31,18,23,265.5115581976879,1.142053133174632,102.76073062276343,2.0690049345035706,85.10864935224187,-5.284671242008466,4,7,bottom_right,-49.0,-37.75,290.5,101.48499655277601,9.988916387465002,8.022000675646712,0.008205326658368579,0.0051240963867020825,0.9999532070305337,-0.21093590464449338,0.13025435185771075,0.9687826629094561,0.0495832212684065,-0.09026243431806524,0.9946829631192168,0.8943617480534282,1.1010657424837553,1.1297861801860718,14.607999314626168,147.50998073002427,-80.0,-4.901938817259504,-78.5842463592612,-80.0,-147.50998073002427,12.95377566,4.446545422559945,14.0,4.0,5.0,180.0,0.0,0.0
4897,245,2,2562,True,2.37398686,-71.5562101,95.7937404,168,161,97,61,3,264.7579857841292,-0.8846970947622492,95.40585505771044,-1.3795856744903925,144.48587983207202,-2.1510759360783873,39,2,bottom_right,-49.0,-99.25,290.5,104.78084657327297,-7.83059460986781,11.380069516535857,-0.0011776525734993033,0.005387639181404638,0.999984793123609,-0.2769818207803403,-0.1803376819737845,0.9438005040354289,0.08930323255028218,0.021489784897188887,0.9957726255532147,2.7481641008232733,6.440749693509464,0.2574086330879349,19.414124409873544,175.7964137143333,-80.0,2.581013959022633,-72.50333774647777,-79.99999999999999,-175.7964137143333,6.5321926,2.3604262945499284,14.0,4.0,5.0,180.0,0.0,0.0
4917,245,3,55,True,0.694987831,-74.3283331,61.5908837,162,156,59,63,34,279.99085136207685,-2.207821867811369,72.0059443929036,1.2676757915198191,97.5517329248166,-5.537605853645045,54,9,bottom_right,74.0,-37.75,290.5,72.24304699152609,8.65295799408576,7.389087281512567,0.009808513087279149,0.01785316741120369,0.9997925072155743,0.30033152508303057,0.054711181785206515,0.952264491425028,-0.13833201105707343,-0.06426117873151527,0.9882989201779703,1.9461855155376342,1.5757235300914005,1.6031516910215644,17.061676324949765,141.62026888392185,-80.0,-0.6940964297719396,-76.85670346920433,-80.0,-141.62026888392185,14.47488024,5.090884378214594,14.0,4.0,5.0,180.0,0.0,0.0
4921,245,3,91,True,3.00467157,-69.6830356,108.150237,111,101,56,18,27,273.86937824859876,1.7248103797076226,76.64911670976782,5.4194548979150206,96.94041027421801,-4.2774671053720015,59,9,top_right,74.0,-12.75,290.5,68.72724528592406,16.22211557349833,13.396026445469063,-0.0007542733917183181,-9.545035632574361e-05,0.9999997109803984,0.30818950646002,0.24187633299358324,0.9200625346385466,-0.1137212327468063,-0.15395512265311254,0.9815117428902274,1.181139488522528,1.558796908378877,1.6695856477407023,23.10215759225459,188.15029137912225,-80.0,3.1465883284313207,-69.66507658764506,-80.0,-188.15029137912225,7.19409209,2.733174198980165,14.0,4.0,5.0,180.0,0.0,0.0
4924,245,3,136,True,1.62665127,-72.430447,57.1211786,137,126,50,42,34,266.2743415720184,-0.25120189559242073,122.37720730462276,7.382555051080161,80.6276457775028,-0.8818771617444623,41,6,bottom_left,-135.5,-38.0,290.5,120.43726418761742,7.2489991358243735,1.9445350291820953,0.015186783769021966,0.039227722753107264,0.9991148819662125,-0.5205038630034711,0.12042780135806894,0.8453241231968512,0.19459304453464044,-0.010600757741423661,0.980826779280647,1.859346999662719,0.669452176722009,1.7144924857577175,32.71225184958179,137.2426545485458,-80.0,-0.4576232485153442,-77.81416380253083,-80.0,-137.2426545485458,10.80663419,4.9065341601568395,14.0,4.0,5.0,180.0,0.0,0.0
4942,245,3,424,True,1.54091411,-71.8341487,17.8777258,95,87,7,46,34,254.48494309418282,-7.789038635071362,109.77922004462015,3.625286411111749,78.83711800943301,-2.440417341654949,48,6,bottom_right,-110.5,-38.0,290.5,112.34143243355916,6.548337679739555,3.8870504299608992,-0.3224527083530581,0.030921528400004727,0.9460803929673129,-0.3489388868061445,0.06750009828160054,0.9347113939641813,0.20448460919652897,-0.0056375455174714215,0.9788535450629381,1.331666074253734,1.0422701605060471,1.853328158587002,2.668504805708757,103.45603452684774,-80.0,34.90059263864955,-75.0331674097738,-80.0,-103.45603452684774,19.0827551,6.1470670174378474,14.0,4.0,5.0,180.0,0.0,0.0
4949,245,3,535,True,5.85955306,-74.5651595,104.339397,85,78,49,12,17,261.88066605038136,1.6163809210707805,122.80749394981493,13.066972281374822,84.31568243305412,-4.170674272421508,29,6,top_right,-110.5,-13.0,290.5,122.00741405581512,15.66536855093495,2.718784840778456,0.010192219067690689,0.0233854990643514,0.9996745655982188,-0.5262555950902651,0.239689721691909,0.8158455037269289,0.13746344383966086,-0.06139081777975287,0.9886025334279058,1.376056431339823,1.232620569114928,1.6049629576143356,35.331323838816814,184.39940691067682,-80.0,3.980113908814145,-78.87743165777658,-80.00000000000001,-184.39940691067682,6.89990373,3.3322468206845466,14.0,4.0,5.0,180.0,0.0,0.0
4952,245,3,595,True,0.0702903847,-77.3247416,86.1989976,137,132,42,79,11,273.60537258107826,-0.9076680472243857,62.095600319627515,-1.923938691195015,96.39562357741,-6.5594432367127125,37,5,top_left,110.5,-74.25,290.5,61.60768912444007,0.7585358221638064,2.7264861725688037,-0.002892443054069331,-0.00541498738710644,0.9999811556648338,0.46786474150038165,-0.03777822724331681,0.8829922928356361,-0.1823590898629405,-0.07974089875354251,0.9799931384506411,0.9044503762648691,1.521803735532989,1.169991084446879,28.136461273396264,166.20212956863492,-80.0,0.551020579942329,-76.4247591646756,-79.99999999999999,-166.20212956863492,10.62053871,4.389997668102767,14.0,4.0,5.0,180.0,0.0,0.0
4953,245,3,602,True,11.3613038,-65.1263103,125.580692,103,103,67,32,4,258.60407621222475,0.2915748417638964,109.92956623752958,5.147334554008742,153.92782623042422,7.313305013154327,24,7,bottom_left,-74.0,-37.75,290.5,117.36582908748589,8.386213831050766,8.11100142675937,-0.003770797198152895,0.025719146509015085,0.9996620962061822,-0.46624876126465203,0.12565577401758457,0.8756841434416974,-0.002483548671489366,0.02553911061912939,0.9996707387008885,0.9993847026570987,3.120124313085757,0.3853837767889817,28.311988663986536,205.65018197668925,-80.0,12.136768929997332,-70.41545745986409,-80.0,-205.65018197668925,5.82805162,2.4169594922137363,14.0,4.0,5.0,180.0,0.0,0.0
4958,245,3,687,True,6.59637223,-71.0715335,125.182075,68,64,38,15,11,274.08353107550363,2.2548806308549887,75.8532689326208,9.278069092896326,96.67133812271372,-1.791583062663536,59,9,top_right,74.0,-12.75,290.5,67.8182347517207,18.090911282078146,11.925936514155017,0.03280119612942521,0.010008872964443525,0.9994117789952551,0.3190805080578159,0.20856685392453467,0.9244931026360274,-0.20251226840148467,-0.11466585641828628,0.9725433268079866,1.5460902715445861,1.472485246620965,0.9255369729417127,20.52765621270674,205.30283844190527,-80.0,-0.13780643966063266,-73.1263835292047,-80.0,-205.30283844190527,6.03645147,2.2123193128155028,14.0,4.0,5.0,180.0,0.0,0.0
4960,245,3,710,True,-0.530433936,-75.2958199,69.3707464,68,62,27,14,21,267.5286364885904,2.0649236401836695,100.51856600276777,6.666013204012937,83.23803950031588,-1.6077107860375008,10,7,top_right,-49.0,-12.75,290.5,102.36320451748921,15.444842351706997,8.970536910040366,0.001791725964446189,0.017477318913927346,0.9998456546095749,-0.23483901721964925,0.1771815519164226,0.9557496187034538,0.1158615885819724,-0.0834866581035735,0.9897505090728466,0.9979397003552731,0.8168597970490351,1.201809280063732,16.608938329992192,149.39380464510504,-80.0,-0.7981066947100364,-77.90682306754746,-80.0,-149.39380464510504,12.19278726,4.267803780590352,14.0,4.0,5.0,180.0,0.0,0.0
4974,245,3,1006,True,-9.33166279,-73.5843637,93.1378916,67,61,47,7,7,271.0465184526621,-0.9652989306476264,67.791479656709,13.817604401852122,85.29087566663283,-15.234267050562325,59,9,top_right,74.0,-12.75,290.5,67.10920324113276,15.852582884069543,2.146308116356894,-0.011223129492621279,-0.00583712181826368,0.9999199814851539,0.37651319297546315,0.22896707714740983,0.8976702585571128,-0.06386860363718593,-0.17249367620846215,0.9829378073599195,1.1079201648979313,0.2601581315787973,0.6233427049092102,26.869751319317313,173.1517469456336,-80.0,-7.388358312155562,-72.57365586003317,-79.99999999999999,-173.1517469456336,7.35789013,2.972163914770274,14.0,4.0,5.0,180.0,0.0,0.0
4976,245,3,1024,True,0.388908742,-70.1791311,134.114996,184,173,138,12,23,269.575882327501,-1.5020131808030208,59.957429900413935,-10.115615843561029,101.03312552060763,6.646619751428372,37,5,top_left,110.5,-74.25,290.5,54.850523352944194,-1.2193209724282092,10.257902169485407,0.0022263030539714755,0.012436477325158068,0.9999201856180586,0.4867111508978246,-0.18683559215713283,0.8533491179435345,-0.19616567075855829,0.173822188175937,0.9650413859071403,1.9612739941528479,0.3436046581093562,1.6556501324375752,31.56564158031012,214.13208682016335,-80.0,-0.08781417684101483,-72.84217994232775,-80.0,-214.13208682016335,5.6984192,2.523003701146112,14.0,4.0,5.0,180.0,0.0,0.0
4985,245,3,1136,True,4.67004791,-72.6818394,86.4394843,116,108,47,23,38,268.2211729756692,0.0006286538659276692,104.82227328683254,4.62405938781645,87.16149472155863,0.5727786338591901,17,7,top_left,-74.0,-12.75,290.5,111.08280470420287,15.324932277523516,12.39769874733003,-0.024850174696426145,0.024929479335616515,0.9993803029265748,-0.3055671342697104,0.21031008981364713,0.9286540758413612,0.06336484285816901,-0.05161049749087042,0.9966550322144089,1.3920787833417905,3.027381150023501,1.6393559942487306,19.79422452147813,166.54269031779032,-80.0,8.808662858809889,-76.83366195677533,-80.0,-166.54269031779032,6.7357799,2.445522513221207,14.0,4.0,5.0,180.0,0.0,0.0
4989,245,3,1166,True,-9.09449453,-61.401958,122.037442,78,72,51,5,16,271.30852405538695,-1.3096993947956281,106.85423301974251,-19.207302667458855,90.18812499230154,15.04952911383684,39,2,bottom_right,-49.0,-99.25,290.5,103.32661763681206,-12.331842936389071,7.727613913974333,0.007411964813773771,0.01713018841627023,0.9998257945374398,-0.278286379811005,-0.3326666299856878,0.901049168528361,0.02543965937293951,0.25473139489493024,0.9666771644069555,0.9935497607496392,0.24330011588171863,0.9027412606781114,26.730648769426768,202.0726441584464,-80.0,-10.592249858328632,-64.86350046820812,-80.0,-202.0726441584464,6.64655682,2.6782490532569985,14.0,4.0,5.0,180.0,0.0,0.0
5003,245,3,1363,True,4.6548211,-70.5589986,89.1824345,49,44,7,14,23,274.4157339694373,-3.5818271436566076,104.87714638189088,4.160696317083301,83.12253992898121,-2.4564882594474797,4,7,bottom_right,-49.0,-37.75,290.5,104.92348200525065,8.949129723595979,4.788657586276007,-0.0931405827543519,0.025761209394175588,0.9953196430969948,-0.2808239067730754,0.08858694809187197,0.9556622238073843,0.13167526554435763,-0.030939218672942918,0.9908099662355697,0.7727194942405722,0.6306015509722078,1.3776712153021518,11.585075702289094,169.97799216900717,-80.0,20.486670346035993,-74.93783724866732,-80.0,-169.97799216900717,12.61954543,4.226746201908911,14.0,4.0,5.0,180.0,0.0,0.0
5009,245,3,1459,True,-1.23218907,-76.529109,83.3318199,121,114,82,11,21,272.6121192202277,-1.7703664694336574,62.31302724393744,11.05334820086695,102.51784678958788,-8.288417576882514,12,10,top_left,110.5,-13.0,290.5,61.66064605581936,15.104376436993274,4.103222024763358,0.0005588213262169018,0.011554841653159677,0.9999330844377017,0.4590068733500791,0.18592682458827361,0.8687599818798664,-0.2428209910573452,-0.11669540522793445,0.9630265565915702,2.059001788189157,0.33186771849230656,1.6141395693965868,29.41249832444456,163.34275007196842,-80.0,-1.3234684822231333,-78.41650861227323,-80.0,-163.34275007196842,8.74470586,3.704136392806767,14.0,4.0,5.0,180.0,0.0,0.0
5014,245,3,1555,True,0.514050484,-72.0223219,93.0698567,188,181,92,72,17,268.75560701287026,-0.9697814105502609,59.318705990875266,3.738496993623804,108.83475688860396,-5.315477938197854,18,10,bottom_left,110.5,-38.0,290.5,60.87834824855532,8.561127445920821,5.068554868141793,-0.0067019151549249,0.005534105573744673,0.9999622282910264,0.5101431135749366,0.05334492417890334,0.8584336449233664,-0.32651608780048774,-0.02296685592018922,0.9449125715835331,2.133284258510087,1.3244594546656867,1.680545654502456,31.20959457086546,173.0763940911878,-80.0,1.673993792519486,-72.98014493722367,-80.0,-173.0763940911878,9.58964609,4.21379072194047,14.0,4.0,5.0,180.0,0.0,0.0
5033,245,3,1877,True,-5.12781731,-82.4837309,28.9483632,79,71,21,28,22,280.58792143031064,-2.6368666396557208,66.67426154858222,9.424014774083291,97.61920115430395,-8.142181804611598,18,10,bottom_left,110.5,-38.0,290.5,66.15054089144546,8.84170727636245,0.783176447943674,0.0310568799155021,0.016208194030043366,0.9993861939491654,0.3967083314103662,0.15204248534583029,0.9052654762220119,-0.16074654386798726,-0.11197837699384394,0.9806229610407469,2.0405368696159747,0.5382450794097958,1.3064271941515653,23.14768154598936,109.0152774369242,-80.0,-8.5134916903137,-84.25067166893668,-80.0,-109.0152774369242,14.27425162,5.426744669145318,14.0,4.0,5.0,180.0,0.0,0.0
5038,245,3,1931,True,2.2273386,-71.1488882,59.0976455,104,100,27,35,38,278.83748616425294,-2.9683175094639997,63.896151828142436,7.1033159782243045,95.54087123441992,-7.0593651969321,12,10,top_left,110.5,-13.0,290.5,64.92520791480975,12.82244598099471,5.810972760054521,-0.0048930352410986935,0.036264959693566905,0.9993302311571252,0.4428590407330166,0.19227178220372942,0.8757325115634534,-0.18023657059707002,-0.11711775894859913,0.9766259310290021,0.9698939915829038,0.8995721749525317,1.6871721331572562,28.363453169782765,139.19087120874823,-80.0,2.9084044380636347,-76.19663953409771,-80.0,-139.19087120874823,12.09658644,5.0214548972408455,14.0,4.0,5.0,180.0,0.0,0.0
5041,245,3,1956,True,-5.92309892,-73.893622,63.6094644,158,147,49,67,31,266.7757557708407,-0.75624926382962,109.0108986130342,2.430280568477546,81.7869039607808,-1.5796806454572712,24,7,bottom_left,-74.0,-37.75,290.5,106.70150081752608,8.675267116967154,6.658316241266549,-0.05692778898948935,0.028591330122519475,0.9979688184921377,-0.30617132528535396,0.03713838064975683,0.9512517333785647,0.0770485455437594,-0.022547265104806202,0.9967723624107386,2.0450961112558974,1.3274238125967452,1.9926538696746214,14.576822176167022,143.90175498367176,-80.0,2.2689098229276636,-78.00796458194806,-80.0,-143.90175498367176,12.55660864,4.308991865617763,14.0,4.0,5.0,180.0,0.0,0.0
5043,245,3,2002,True,-7.8658244,-73.9989802,51.6623808,81,75,22,21,32,267.98191030065107,-0.7461927534205928,104.34196912957218,-4.862384014551152,87.0742105239313,2.805112681864114,27,2,top_left,-74.0,-74.25,290.5,105.47741877627494,-0.058034423872709975,4.936701417915565,0.03705556647925518,0.006442358737525413,0.9992924401829519,-0.24403715872843484,-0.10843699524450394,0.9636842238109412,0.04127054954674037,0.053089954047172414,0.9977365376287365,1.1969432941594085,0.6227791802898532,1.596065184101678,17.586699331219528,131.7556057723153,-80.0,-12.748103008710569,-74.84779707806524,-80.0,-131.7556057723153,14.53577959,5.141612078412919,14.0,4.0,5.0,180.0,0.0,0.0
5050,245,3,2169,True,-6.88858542,-71.5482205,86.6843357,85,77,43,25,9,273.6450602979582,-0.43691435980385274,62.77043087978138,-6.362005601945919,96.21392171308837,2.427101947958944,37,5,top_left,110.5,-74.25,290.5,60.06000733021616,-0.6581256171101137,6.315112247573136,-0.005108363592091764,0.0027977843927669,0.9999830383681029,0.48709203577602767,-0.13206782612355505,0.8633072674236928,0.027534751617840254,0.07359971845398369,0.9969076782214281,1.0511657593036925,0.5560596084070252,0.833245142455386,30.63455326382432,166.68716298630056,-80.0,-6.0370867853317165,-72.01457524307766,-80.00000000000001,-166.68716298630056,9.40025516,4.081202103253509,14.0,4.0,5.0,180.0,0.0,0.0
5052,245,3,2195,True,6.61416823,-78.5322053,96.6808624,160,159,50,94,15,259.1600242566958,0.2002314008905677,126.67878740398356,-1.2687054994977807,87.19088843340742,0.057664120634469664,57,1,top_left,-135.5,-74.25,290.5,126.25001860893343,1.0207560118243169,2.3292652685844963,-0.00045947042091801053,-0.002390216361412567,0.9999970378719519,-0.5618507378100436,-0.03262832248043256,0.8265949074331528,0.1257814678100986,-0.028109338996479043,0.9916596630985441,0.96851441607911,1.9632161084966988,1.2303831518937014,34.21548821352988,176.6813857528883,-80.0,6.695348100680257,-78.10989856101641,-80.0,-176.6813857528883,7.81797728,3.6748774033297398,14.0,4.0,5.0,180.0,0.0,0.0
5053,245,3,2254,True,-1.42678141,-79.776602,64.6576012,107,101,30,40,31,269.63262775188605,-1.6033272729453134,59.868834911875865,-5.679054285953092,101.62716935420363,2.296448500268832,31,5,top_right,135.5,-74.25,290.5,58.771838492711254,1.1987640756447662,6.964753158496907,0.012881238403961512,0.01961819898881567,0.9997245620497756,0.4887718603982,-0.10005696381606419,0.8666548750654975,-0.21641309018848656,0.04418609444920463,0.9753014731109536,0.7912171416729477,0.9269308912406725,1.9695000691146127,29.454179849489837,144.69745637078546,-80.0,-3.290663841958907,-82.61530549225753,-79.99999999999999,-144.69745637078546,12.74933608,5.404877616020267,14.0,4.0,5.0,180.0,0.0,0.0
5055,245,3,2301,True,-6.24563017,-74.608981,103.7665,83,78,52,13,13,272.0304199311907,-0.585100181397464,112.52199876544802,9.741508663977923,78.53743828801353,-10.09888711464173,24,7,bottom_left,-74.0,-37.75,290.5,109.94279318420487,10.511768402514251,2.6917654977961654,0.006225828249606793,-0.0007763879244232498,0.9999803179485071,-0.380865862465337,0.1630956627382302,0.9101324077322556,0.2758298291422297,-0.14582068078526325,0.950081172537742,0.8184098087031814,0.3873024296335641,1.4999561011724216,24.821957699663994,183.77011697290513,-80.0,-7.389751355683457,-74.46630410031239,-80.00000000000001,-183.77011697290513,8.7261862,3.4048974194786052,14.0,4.0,5.0,180.0,0.0,0.0
5058,245,3,2337,True,-2.24435793,-75.2768005,99.33883,152,146,100,16,30,275.1580841762413,2.1192064611705375,62.878864224571736,10.707719992699595,90.8857592259267,-1.6424662326026997,12,10,top_left,110.5,-13.0,290.5,59.46845208054629,15.674750730947,6.025139446254401,0.0050282908416575635,0.010365105430910735,0.9999336382383673,0.47602851352885406,0.24583748028355196,0.8443700537059233,-0.12244069244949658,-0.11913190012222655,0.9852998869409028,2.0745979246331423,1.5301382572577478,1.8449471958920247,31.869186106193666,179.35073203052767,-80.0,-3.146185573313682,-77.13578974660743,-80.0,-179.35073203052767,7.27265375,3.2411593704470074,14.0,4.0,5.0,180.0,0.0,0.0
5070,245,3,2549,True,-3.77500273,-79.8343645,45.9971829,64,59,19,18,22,277.2528942588423,-2.5788461009468855,71.88130247260156,6.219636675722498,97.67566284940325,-8.303411888499312,59,9,top_right,74.0,-12.75,290.5,72.35441863044578,14.652614915778106,8.446239452920137,-0.0009819657662335295,0.029351451451995362,0.9995686709980937,0.3089882866719549,0.1994830740038054,0.9299100719346588,-0.1543719099295718,-0.11111767448303271,0.9817444554680098,0.7505910025433566,0.9233151190217536,1.4964089414740522,20.762050111982973,126.05155259036755,-80.0,-3.651224420575674,-83.53416052630482,-80.0,-126.05155259036755,14.09759827,5.18262781933566,14.0,4.0,5.0,180.0,0.0,0.0
5077,245,3,2577,True,0.743759892,-71.9477644,76.0958723,113,106,36,35,35,272.3620443236992,-1.5004320335584964,60.45083279242939,-6.270641470541898,101.79281920635579,2.938071595633528,31,5,top_right,135.5,-74.25,290.5,57.85001669020189,-0.5208771644657523,6.310628651175185,-0.01827249549143917,0.018550044784086728,0.9996609483955167,0.4991621576212957,-0.12093938690992609,0.8580272752615175,-0.20702465918414983,0.06022761498206442,0.9764801200655643,0.9509631260299034,0.8242404826051288,1.776067027371857,32.18076737642311,156.1488148061982,-80.0,3.5969884065398268,-74.84433190763704,-80.0,-156.1488148061982,10.68359923,4.793795475651539,14.0,4.0,5.0,180.0,0.0,0.0
5080,245,3,2698,True,-6.60587348,-74.3983349,131.273476,95,92,71,17,4,279.5699112378606,0.1394395061559124,87.6290939823702,-4.576146964411196,47.306146337025545,4.077295097851337,67,9,bottom_left,49.0,-37.75,290.5,70.74952467254352,12.259526376507205,23.840296913573734,0.00876141060145629,0.0006705965110793689,0.9999613932470554,0.3542973990843672,0.27747968758993347,0.893016447764007,-0.3029293833764532,0.3969492046557111,0.8664093245172054,0.981760536203981,3.4017536263756245,0.26862842850548396,26.32769055772838,211.281632897803,-80.0,-8.456998618363807,-74.54001962587641,-80.0,-211.281632897803,5.56165957,2.225404873939445,14.0,4.0,5.0,180.0,0.0,0.0
5083,245,3,2764,True,-1.50970392,-76.2517265,84.642692,208,200,81,90,29,273.26780007126627,-1.1424533818126892,58.26759670546117,-2.1497721806699985,103.14666163915626,1.6174377861922773,31,5,top_right,135.5,-74.25,290.5,56.35398459818118,0.46379236561657416,3.239233078173709,-0.0017622690090670075,0.022477749551243372,0.9997457902802348,0.5276260635931376,-0.03982021725382067,0.8485429201372602,-0.2296714468754495,0.035966005057487926,0.9726034510376479,2.027640743929102,1.420149819917034,1.5748191342917233,32.16674344454295,164.6845564149359,-80.0,-1.2194854299580111,-79.95346471405254,-80.00000000000001,-164.6845564149359,7.9062375,3.546484159795668,14.0,4.0,5.0,180.0,0.0,0.0
5084,245,3,2769,True,-0.729063804,-65.1736789,71.9016012,105,99,34,31,34,266.8705114581554,-3.4652403942880246,121.10260431411103,5.141844823659672,78.30433968010404,-3.7858282974096618,41,6,bottom_left,-135.5,-38.0,290.5,121.65478622295244,6.040260094540877,1.0545401174940132,0.010744416458136482,0.03562057200298307,0.99930762649204,-0.5473180855352198,0.11526921212352167,0.8289486847703447,0.22081751919681394,-0.018623004184104897,0.9751373272164918,0.8363941277225941,1.121217600737369,1.8381592746972892,34.24894780522112,152.0068467136931,-80.0,-2.3622886695800336,-70.58824972831151,-80.00000000000001,-152.0068467136931,8.53905458,4.017014292229468,14.0,4.0,5.0,180.0,0.0,0.0
5098,245,4,54,True,5.21183159,-73.4722917,70.865919,91,85,33,13,39,270.48234391984954,-1.7554474604455637,67.89123888451594,12.258697908344393,101.07386875298276,-11.00073451814228,12,10,top_left,110.5,-13.0,290.5,64.38787624664984,13.943355908262543,3.887367020115848,0.01377734717699242,0.0075917713333975055,0.9998762672014904,0.38102067408392387,0.25680043486834775,0.8881873578091842,-0.19398841345887743,-0.17304358927302738,0.9656212568368695,0.842762078510392,0.8583518100715745,1.6066123516345345,26.45603457099804,150.8845883723713,-80.0,3.1330422323362472,-74.61777299265685,-80.00000000000001,-150.8845883723713,12.75016103,5.113117740723752,14.0,4.0,5.0,180.0,0.0,0.0
5101,245,4,77,True,-3.15149315,-68.6763819,101.580963,160,153,100,27,26,276.40782364389776,-0.6836880004681359,52.80222217839526,6.922949903578614,95.01018892938848,-4.42441904768845,5,10,top_right,135.5,-13.0,290.5,53.724303265594834,13.365063455541478,6.507769245121921,0.0005568705811680729,0.013268817873735236,0.9999118102949828,0.5954869876078289,0.16353292375816164,0.7865444872585788,-0.24883488685797647,-0.06556975556319246,0.966323861983011,1.9657087553141792,1.2834513034174042,1.7670109909513583,37.91002237333716,181.59697798392043,-80.0,-3.252619164668271,-71.08595912728934,-80.0,-181.59697798392043,6.67067091,3.4444963298362574,14.0,4.0,5.0,180.0,0.0,0.0
5119,245,4,344,True,6.06687786,-74.525794,106.946994,146,136,82,27,27,271.8900145908378,-0.9932351800109728,56.640819006769796,-7.425026981909233,101.99598183248942,1.393090298922098,31,5,top_right,135.5,-74.25,290.5,54.81027272110935,0.07035576961664423,7.715676399112192,0.02816524044400107,0.007388418163126854,0.9995759753554396,0.5563596085311756,-0.13974765800625766,0.8191059626671041,-0.1917336967329507,0.06337042626186662,0.9793989884681863,1.865911242473562,0.763170516867748,1.7250642880631268,33.550800251589045,187.0262977594309,-80.0,0.7992372142542905,-75.90762249534815,-80.00000000000001,-187.0262977594309,6.95914102,3.2206027308497958,14.0,4.0,5.0,180.0,0.0,0.0
5120,245,4,352,True,0.151324139,-68.1362326,114.220375,163,153,116,14,23,269.55687506280526,-0.21519024405737022,108.51255781639911,-5.12562444868712,78.6085388273733,7.1038919638461095,46,2,top_right,-49.0,-74.25,290.5,105.57984681716243,-1.9134193063253748,4.349604083322874,0.0001497757862190807,0.007240329674569666,0.9999737772528926,-0.3301475722220278,-0.14587807691349797,0.9325889594199155,0.20879639339790523,0.13456086623228555,0.9686575449470489,1.9743973812065776,0.6892371845064512,1.7004945246855667,21.33662286183529,194.22546812533247,-80.0,0.12223386680775933,-69.54248902042502,-79.99999999999999,-194.22546812533247,8.74448587,3.239600153020035,14.0,4.0,5.0,180.0,0.0,0.0
5123,245,4,398,True,0.207785463,-67.8379641,68.9096979,122,116,33,47,36,275.3898600071043,-1.7459284773372477,62.687682043404536,-4.712018124240281,101.17377554917432,2.4704504625877073,37,5,top_left,110.5,-74.25,290.5,63.53907718065514,-1.4839164393676916,3.338489803430771,0.016856670960359497,0.022288984360135714,0.9996094506457649,0.457199097258118,-0.08117047845465077,0.8856524933029913,-0.20673569129021793,0.05113678638127151,0.9770595596100332,1.005901220980168,0.7848671073981042,1.8761405398161568,26.975035440198532,148.96787720824545,-80.0,-2.3033170267626306,-71.1583067852572,-80.0,-148.96787720824545,11.05915578,4.475607122906091,14.0,4.0,5.0,180.0,0.0,0.0
5126,245,4,509,True,0.900484595,-72.4855497,35.0366147,101,94,13,51,30,257.4353099810993,-2.012445659818934,112.99173580388813,3.2118762090194757,80.24582096646812,-2.7632004748181385,48,6,bottom_right,-110.5,-38.0,290.5,113.56067836136495,7.053857250214757,3.8838787255284166,0.001999478648566172,0.03215338694566494,0.9994809461880985,-0.3756923568692251,0.05296179001225709,0.9252298642979184,0.18666076792076408,-0.04085138220193485,0.9815747155929712,0.7473840373880178,1.1999096452893878,1.5380703462079564,22.225651383386005,115.09635590226705,-80.0,0.6703518888456439,-76.18628736736157,-80.0,-115.09635590226705,17.64857483,6.6199139043052995,14.0,4.0,5.0,180.0,0.0,0.0
5134,245,4,626,True,-2.64373458,-79.3812334,106.995717,84,79,54,10,15,271.58857168189934,-2.4290045967302203,76.10823286053227,2.524526670532325,95.30687926320793,-11.002009629867132,67,9,bottom_left,49.0,-37.75,290.5,74.28176943474547,12.319090697229685,9.963405698796514,0.005159133404848659,0.005853025489173548,0.9999695622543389,0.2140718413982346,0.10775010709817065,0.9708569210448581,-0.1819099251255652,-0.0844624611431305,0.9796810051228189,0.990840042203175,0.739436103079122,1.418509215713897,13.452662572319747,187.00140890132243,-80.0,-3.608499795416576,-80.47575741281081,-80.00000000000001,-187.00140890132243,6.85112794,2.3281531831209157,14.0,4.0,5.0,180.0,0.0,0.0
5135,245,4,634,True,-6.17193911,-68.1135418,87.7866606,80,75,43,17,15,271.65695253743985,-0.37955910838774437,65.09810756466445,9.72170553671575,98.71173421205377,-5.239756243626951,12,10,top_left,110.5,-13.0,290.5,60.077362445846866,13.259168038556297,6.141784960421403,-0.004867755775907828,0.020398492838317964,0.9997800790392011,0.4918852909857029,0.2511736220724464,0.8336430123781513,0.0014568991468347228,-0.11908790380821567,0.9928826459413224,0.9028506722311513,1.1068891334068676,1.162022629485089,33.2601656084438,167.82356852043372,-80.0,-5.355014965001196,-71.53688966056502,-80.0,-167.82356852043372,7.21873917,3.31846369338942,14.0,4.0,5.0,180.0,0.0,0.0
5138,245,4,660,True,0.967464571,-74.7907667,68.2112725,140,133,32,62,39,262.43925082452347,-1.4296593112598823,122.50078559608043,-2.741044664328328,80.82257229821408,2.352928680623976,57,1,top_left,-135.5,-74.25,290.5,121.54659033187463,0.11878557109272479,3.014816342277125,-0.0036207620460510215,0.023038255946379316,0.9997280274380403,-0.5361497007756503,-0.06333596026885246,0.8417434612130961,0.16348139938245676,0.06157470965676916,0.9846229670217115,0.9044501597227829,1.6446495432732156,1.6835543398279444,32.648434525361665,148.25159286552625,-80.0,1.504248311714106,-78.20622484089442,-80.0,-148.25159286552625,10.48783523,4.75498997975453,14.0,4.0,5.0,180.0,0.0,0.0
5142,245,4,773,True,5.49520121,-80.6749939,111.214838,146,139,95,22,22,265.798012544016,0.7441103963298044,125.65783315654168,8.663190853995015,84.48110196587076,-3.258905311662258,48,6,bottom_right,-110.5,-38.0,290.5,122.90234935647251,11.301570842675956,3.8149364263530896,-0.012662486941915303,0.016453204245545413,0.9997844535171071,-0.5705918950882527,0.1921728057810827,0.7984325281311018,0.10904634177976376,-0.07117424733724266,0.9914853109655372,1.9187876999816769,1.4765794577809217,1.9341199263287525,36.036011559313486,191.25606257161925,-80.0,7.916978604875265,-83.82176896068967,-79.99999999999999,-191.25606257161925,6.57239573,3.230649136976735,14.0,4.0,5.0,180.0,0.0,0.0
5151,245,4,867,True,3.63003075,-75.9346863,22.7649974,86,76,12,24,40,267.2862151746931,-7.125195949488301,75.31746664908738,8.219033716642086,99.8843076674687,-9.453858826093096,59,9,top_right,74.0,-12.75,290.5,75.27377288392704,12.857223514476656,4.638395600404366,0.0015266218665750746,0.035416380288132106,0.9993714771960239,0.2593661141510484,0.17197939017061034,0.9503432580845356,-0.17879945528587718,-0.15826766572601192,0.9710726547355316,1.6723243448197,0.7935610846370345,1.5128135171788333,17.014097982464143,102.82962816622685,-80.0,3.4730487911096537,-79.57653951602231,-80.0,-102.82962816622685,18.5867252,6.533713619297516,14.0,4.0,5.0,180.0,0.0,0.0
5154,245,4,901,True,4.51732974,-69.2844682,93.768815,151,141,93,19,29,268.44033555945845,-1.7174740120592211,104.95049443949424,-4.414691012694391,85.9347381690559,0.13894747828275117,46,2,top_right,-49.0,-74.25,290.5,105.2180750845371,-1.3951690491664885,3.0313548604261027,0.007821189984237645,0.015833136803239393,0.9998440582241815,-0.2833241664561398,-0.10237996642907343,0.9535437898575584,0.12148287222082713,0.062495100979411806,0.9906241840933177,2.086379557811948,1.3388867084269034,1.7381601815143315,18.275772492426785,173.79591704393385,-80.0,3.158038854314588,-72.03620273040106,-80.00000000000001,-173.79591704393385,8.64382199,3.0813934006280363,14.0,4.0,5.0,180.0,0.0,0.0
5156,245,4,939,True,1.69951784,-68.7697911,125.116562,192,184,128,52,4,273.54228318550685,-1.8508978714387156,76.57461907502245,0.7474339073834487,46.208768589302565,-2.941734025382062,67,9,bottom_left,49.0,-37.75,290.5,74.03920825990713,10.222416297173083,9.808343350853265,0.002208924180045907,0.02671564409128747,0.9996406329350336,0.3400893241689758,0.025463080992713105,0.9400483408275597,-0.05643594305891025,0.01397002402966041,0.9983084807611634,1.98540410841185,2.0428554759900033,0.1637079495003117,19.75576455156073,205.19030063609915,-80.0,1.2462680234140313,-74.2515821427783,-79.99999999999999,-205.19030063609915,7.99604924,2.9016806689852648,14.0,4.0,5.0,180.0,0.0,0.0
5172,245,4,1201,True,1.45540659,-76.6239156,124.093786,90,85,64,17,4,270.3461988665398,0.7247760714669551,112.1831689531197,-10.579103353523164,63.78133947729853,11.580578187787975,33,2,bottom_left,-74.0,-99.25,290.5,114.39148995657023,-7.059175742284838,4.155306492021818,-0.0010480437719021824,0.0067580263473601115,0.9999766150686428,-0.3898386355019168,-0.1553670495136491,0.9076821680497129,-0.4219480320389232,0.12464674995483904,0.8980106046056338,0.9992408332938518,0.8837507694451585,0.8031205533407771,24.90333096325448,204.09855883078836,-80.0,1.6693108134368189,-78.0032190380367,-80.0,-204.09855883078836,7.30631405,2.8546280696085318,14.0,4.0,5.0,180.0,0.0,0.0
5175,245,4,1239,True,-1.66699857,-81.5807825,127.688513,126,116,87,15,14,274.79428539659835,1.0305691532663976,71.2256833882352,5.139260754966669,90.80818686931403,-8.457861848145752,67,9,bottom_left,49.0,-37.75,290.5,72.71383775843248,14.415903792134518,9.395249303162316,-0.016168728808684942,-0.004988715432985068,0.9998568322150128,0.2609369709171477,0.15901552447101505,0.9521690817211992,0.00866725596892754,-0.19329762391497407,0.9811018842417919,1.752233442960688,1.1392704586071905,0.8567416577336875,18.733892239133183,207.71825156197755,-80.0,1.6915415081198124,-80.54453525272008,-80.0,-207.71825156197755,5.62362376,2.0154963316080954,14.0,4.0,5.0,180.0,0.0,0.0
5177,245,4,1264,True,1.88294342,-79.3496981,40.0574752,110,101,33,44,24,277.7531959450481,-3.0411867953796285,66.83421723481767,5.240655218878028,95.41048544131277,-7.083232698279779,18,10,bottom_left,110.5,-38.0,290.5,66.55359664558013,8.613350714700662,3.384349689770002,0.040517526065287864,0.02179651494991153,0.9989410603321836,0.3748240402945418,0.10269302868426744,0.9213908403478558,-0.12958232878198417,-0.12217527907755876,0.9840130188415998,2.0145461264761333,0.8671259518550768,1.7231451705769085,20.30800794384523,120.1847435924564,-80.0,-2.986645061157291,-81.96930666046426,-80.0,-120.1847435924564,14.69470511,5.3701627220139025,14.0,4.0,5.0,180.0,0.0,0.0
5179,245,4,1277,True,1.43586466,-78.4407661,58.9489195,113,103,53,21,29,266.0516416906387,-1.4869537881914718,107.80217115160936,8.198374348227512,83.77238253283052,-10.285562529922958,24,7,bottom_left,-74.0,-37.75,290.5,108.04483162420212,9.485799317719174,1.310094331347765,0.00898706768369145,0.021954479481679053,0.9997185771231509,-0.30632289858989126,0.13158328874866132,0.9427895416908133,0.10741303182419913,-0.1528964922024081,0.9823874506866079,2.2816052932794597,0.7730353342493586,1.756095953900948,19.496802708621036,138.9880339123512,-80.0,0.18676979200649724,-81.49217603872764,-79.99999999999999,-138.9880339123512,13.16369804,4.761591383953165,14.0,4.0,5.0,180.0,0.0,0.0
5180,245,4,1293,True,0.555399614,-68.1078142,132.105866,98,91,69,7,15,266.07521070499644,0.2337374632907695,105.84113100300542,9.31477853227739,80.97782345941094,-1.1938151615148778,10,7,top_right,-49.0,-12.75,290.5,107.37288356525113,18.446161183290453,9.25896403660629,-0.007203293058391218,0.01457079455974497,0.9998678935314469,-0.28733165167078234,0.1974015877398007,0.9372689769249518,0.25576709290752897,-0.09175924462492956,0.9623738541811564,0.9761704144018385,0.8192377555837475,1.5971814269931015,19.59423685529769,212.13389025910254,-80.0,2.0834621931529176,-71.19877353412488,-80.0,-212.13389025910254,5.66978043,2.0533587535039852,14.0,4.0,5.0,180.0,0.0,0.0
5181,245,4,1315,True,1.7372479,-70.6809656,28.5726861,126,117,21,54,42,273.18943931355943,-5.6980963573176115,69.09217740903642,-3.398983312499968,100.43607618807756,0.759527032416283,37,5,top_left,110.5,-74.25,290.5,67.4498101572247,-0.720986650560477,3.141502237971929,0.1309285606290882,0.034908259290620455,0.9907770311451987,0.3488084863974301,-0.0622506918401573,0.9351243185708281,-0.16102863200390155,0.030622272408815546,0.9864745592804066,3.432539611190657,0.961323265529082,1.8777069107744375,14.070898619512052,109.58337010952431,-80.0,-12.610345017324665,-74.5063302977233,-80.0,-109.58337010952431,17.27878613,5.902801181532336,14.0,4.0,5.0,180.0,0.0,0.0
5182,245,4,1317,True,3.23372547,-70.1740448,91.3702423,164,154,90,28,36,270.3506079843828,1.1326228848532354,81.67858948699252,5.206462867814385,93.57644063383208,2.1325819749354995,63,9,top_left,49.0,-12.75,290.5,77.05640958349979,15.69789612072461,11.46449819052376,-0.0019915606547384335,0.0220684388784822,0.9997544787054595,0.17275410859582102,0.1836216823919391,0.9676978328583862,0.014456369795101537,-0.04636929345341934,0.9988197545087792,1.9895713362641487,2.725184817934995,1.1089032781361612,13.791793302602468,171.41232767659136,-80.0,3.575103517537831,-73.95684727634922,-80.0,-171.41232767659136,7.66343337,2.6116726796251473,14.0,4.0,5.0,180.0,0.0,0.0
5184,245,4,1334,True,-4.2773576,-74.9316751,42.2570242,116,108,17,47,44,265.86138875250526,-3.0823125552074275,117.45583064968727,-4.6262450860266515,77.49209803486876,3.827569846061117,57,1,top_left,-135.5,-74.25,290.5,117.86118374602283,0.13909611615262168,4.782550355813959,-0.011188128611056385,0.04690151928794428,0.9988368601862193,-0.47020968822363457,-0.09447537926089658,0.8774834766616076,0.240497907935313,0.09738860385365164,0.9657516327287126,1.0938088217342614,0.9763051437932417,1.7117206548764008,28.68252750122132,122.39939180579185,-80.0,-2.90793746256172,-80.672392535612,-80.0,-122.39939180579185,13.57698925,5.670208796776313,14.0,4.0,5.0,180.0,0.0,0.0
5188,245,4,1414,True,-4.8539076,-73.7299213,107.73201,77,71,54,13,4,269.9240211119807,0.26656019454753327,117.81007602500745,12.179549907366944,96.71498349907017,-8.792550953490665,29,6,top_right,-110.5,-13.0,290.5,120.02936778511553,16.04929162629702,4.460959189200402,0.0024387013575163387,-0.0016407202162498353,0.9999956803771008,-0.45671123911323946,0.20951874152814043,0.8645905048149175,-0.22848284480015515,-0.16565260930734274,0.9593512405066755,0.9806517222751607,0.3258671402225359,0.08338278541157872,30.330231014227785,187.73282093499225,-80.0,-5.311731885264537,-73.42190426543834,-80.0,-187.73282093499225,7.17993846,3.097801282479974,14.0,4.0,5.0,180.0,0.0,0.0
5209,245,4,1824,True,0.87750244,-79.4748738,117.516498,99,95,60,14,21,265.33379542131485,1.3442950255051904,113.65825004628516,5.428617345291228,85.89232660021256,-7.6979492894686885,17,7,top_left,-74.0,-12.75,290.5,113.40581830719387,19.49343637089264,14.06708413303269,-0.003079572668196932,-0.007756401829842052,0.9999651766250841,-0.3849305435402509,0.27428680035721464,0.8812464058364201,0.14341664585890426,-0.09461019377148484,0.9851297259372005,0.9396211910210588,1.6391236943492258,1.5979440454078797,28.32460740403359,197.5233764305921,-80.0,1.4857900313856254,-77.94280312161717,-80.00000000000001,-197.5233764305921,6.8198971,2.82896051293133,14.0,4.0,5.0,180.0,0.0,0.0
5213,245,4,1858,True,4.53377641,-79.5916126,125.140172,100,100,63,21,16,267.19141800698293,2.1383533262325414,105.80708528348961,9.252042526580983,87.5055290658578,-2.259330594269435,4,7,bottom_right,-49.0,-37.75,290.5,107.93889986643636,13.535416355377533,4.784550634415277,0.021395484670471514,0.002923470250780769,0.9997668160913366,-0.2655660145929569,0.1628383297112488,0.9502412168865673,0.22140546916405993,-0.11549326542533356,0.9683186065885733,2.006531289583037,1.485033126364554,1.159938191601779,19.12364833241793,205.18801854417504,-80.0,0.14367930467367795,-80.19147366803055,-80.0,-205.18801854417504,5.99092113,2.1571763335324845,14.0,4.0,5.0,180.0,0.0,0.0
5219,245,4,1973,True,4.31692543,-73.1059059,111.171268,99,93,56,22,15,271.6290038328857,-1.4559879941512617,61.639309257983314,8.522573979364148,101.8143462552588,-6.906838020706946,18,10,bottom_left,110.5,-38.0,290.5,59.36962572974507,9.56162410325061,2.496214830158752,0.0008596090955718021,0.01556737760951632,0.9998784515262671,0.47949610841195894,0.16124003205173854,0.8626036946835675,-0.2064099025924335,-0.08085621802362286,0.975119082019575,1.0296179254913167,0.6743982864187811,1.5517277391335371,30.069174633339927,191.19450740056064,-80.0,4.152572892415108,-76.08230299356998,-80.0,-191.19450740056064,8.42761276,3.6168798382266782,14.0,4.0,5.0,180.0,0.0,0.0
5220,245,4,1989,True,1.93861485,-78.6582998,26.8993422,118,113,9,59,45,264.3099561248798,-6.831931446830973,69.12951091722958,4.190331037396968,101.67379272814463,-7.663372181644645,18,10,bottom_left,110.5,-38.0,290.5,67.61615964781033,8.116810301005989,4.208024652043341,-0.16212530113476395,0.007714060298322336,0.9867400265549564,0.3643532513005384,0.07353906864782013,0.9283526881789798,-0.22501310530792235,-0.09604436999431112,0.9696105307968153,1.0418236161834011,1.0939141816412887,1.701338474406148,30.958607312899563,108.33587299911387,-80.0,19.50260088367888,-79.49400925678655,-80.0,-108.33587299911387,16.15854585,7.062831245660993,14.0,4.0,5.0,180.0,0.0,0.0
5224,245,4,2027,True,3.29321846,-66.6150295,39.0465461,73,66,15,17,34,262.8348466069609,-1.8728333806395197,105.35868209206085,-0.6009912739663867,82.86129738441964,11.973147004167112,33,2,bottom_left,-74.0,-99.25,290.5,107.08668428339581,-7.071799158302656,6.697562709616601,-0.033190194743332846,0.05313746513884743,0.9980354807177536,-0.263774078311256,-0.185694573118648,0.9465414735368601,0.11990954359821414,0.13515050254866934,0.9835425984749772,0.9340459491309573,1.4401296705671125,1.531424163542203,19.340109054886263,119.28087568027713,-80.0,7.252173952983673,-72.95331287319192,-80.0,-119.28087568027713,17.68790184,6.385768177054799,14.0,4.0,5.0,180.0,0.0,0.0
5236,245,4,2248,True,-3.17546041,-80.7055235,54.9997374,100,93,50,39,4,256.5095567632419,6.683332727127639,97.48001648752629,0.555091898228071,134.1712248630338,9.395654500034786,24,7,bottom_left,-74.0,-37.75,290.5,106.73817688852296,9.908064425673466,13.160229067525046,-0.030364168807616568,0.0010851774024901455,0.9995383132439836,-0.3193442222300742,0.184360310780894,0.9295324327515643,-0.8571757969762714,0.1720941562240383,-0.4854206984375824,1.9273890591583007,5.147341643448964,1.3824096083002708,20.115713809979944,135.06209377993807,-80.0,0.9255878050441795,-80.85208983210299,-80.00000000000001,-135.06209377993807,14.96138447,5.454125273921783,14.0,4.0,5.0,180.0,0.0,0.0
5242,245,4,2333,True,-7.76417195,-69.4618248,94.2106713,70,64,46,5,13,268.05499225144433,-1.566070897308899,102.59911993255714,9.812486889713469,94.1611759514573,-10.814165613431687,10,7,top_right,-49.0,-12.75,290.5,101.86399183747123,15.788131679820436,6.0206929811872305,0.0019103004657400333,0.027908969596278636,0.9996086435041489,-0.16952803267511737,0.28031677139348665,0.9448189000082694,0.04116586975614621,-0.14680601948716507,0.9883083343823192,1.0011457889898168,0.8804673873623958,0.9263597452166861,17.83384661121277,174.2788764703963,-80.0,-8.097096968890048,-74.3257686646859,-80.0,-174.2788764703963,8.29619326,2.9426343575379375,14.0,4.0,5.0,180.0,0.0,0.0
5244,245,4,2351,True,-1.71481498,-67.5963122,76.3520845,151,142,74,30,38,274.63834490508583,-0.5415402899116099,58.79395284821102,7.364613294121413,95.67165084276131,-3.441611473841416,5,10,top_right,135.5,-13.0,290.5,57.3503697902172,12.115337219664614,4.965209951457782,0.0013790851610883251,0.013799081664432996,0.9999038371110177,0.5120197932009948,0.15728311356122104,0.8444511552238523,-0.19148851485982893,-0.07195024509269254,0.97885408049815,1.9295262804388176,0.6284646866841169,1.595851265026377,32.0865726895845,156.3671212141178,-80.0,-1.9304585565484893,-69.7540348752659,-79.99999999999999,-156.3671212141178,9.58998873,4.294208012696626,14.0,4.0,5.0,180.0,0.0,0.0
5263,245,4,2717,True,-3.22103197,-79.9864706,88.6125435,74,65,44,16,5,273.9903577274904,-2.7082155765773193,74.83115206054697,6.534217655680577,111.15480581767355,-14.319997630246473,67,9,bottom_left,49.0,-37.75,290.5,75.49750335773055,11.449904955670808,4.960645692099314,0.0005662357105266367,0.009614641426287207,0.9999536179480347,0.2824454370254069,0.12281716904685404,0.9513887313242907,-0.22759881057443138,-0.11086127188856695,0.9674236713148762,1.0399699039531323,0.5822903003049327,0.4630126009801751,17.6954961017055,168.62036445850674,-80.0,-3.316510841878423,-81.60769494143841,-80.00000000000001,-168.62036445850674,9.57492352,3.3909453677430257,14.0,4.0,5.0,180.0,0.0,0.0
5266,245,4,2770,True,0.914091319,-78.099568,141.44035,90,86,74,7,5,270.76226052618483,-1.6874624246624206,75.82841207765352,-1.2479966523033446,100.78310484565321,-24.90195396808108,67,9,bottom_left,49.0,-37.75,290.5,72.12055466304948,14.446457106678837,16.126502578050335,-0.00599953407645924,-0.009728594087562435,0.9999346778904835,0.24738010754156614,0.19575628059769487,0.9489375959457397,-0.2159526847230416,-0.13701496582038183,0.9667426426418513,0.9205630940602766,0.8488921876984783,0.6395799874791429,19.00555425615057,221.45481589573689,-80.0,2.2427170333624806,-75.94512398741452,-80.0,-221.45481589573689,5.48264991,1.97135055693681,14.0,4.0,5.0,180.0,0.0,0.0
5267,245,4,2799,True,-0.000702016749,-71.9278284,84.6196529,87,82,41,19,22,273.09206159596346,0.8419863178641678,75.91142135226951,3.775089549362962,92.94485711555457,-5.293981556147634,67,9,bottom_left,49.0,-37.75,290.5,76.61235572522436,9.173892485062087,5.444114448990129,-0.0047804215461253316,0.0006900576941660798,0.9999883356270812,0.2657768519505106,0.12674083918680465,0.9556670051066434,-0.08418012540101764,-0.14015549646153158,0.9865445470423982,1.1043357810231478,1.3732084564720202,1.4269377747296461,17.355405153093116,164.6215731074192,-80.0,0.7862584982907533,-72.0414267831485,-80.0,-164.6215731074192,12.91296931,4.555997655287499,14.0,4.0,5.0,180.0,0.0,0.0
5269,245,4,2810,True,6.87458237,-73.9353756,104.66401,92,86,53,18,15,266.66405038253293,-0.7719775665796169,124.90381698890971,9.670356807187822,85.12240368270366,-9.805683963623983,41,6,bottom_left,-135.5,-38.0,290.5,127.45681940283588,8.726818137296208,2.7217800328266177,0.006760172792167531,-0.006357895264329728,0.9999569376886326,-0.566778145552088,0.15896265060359394,0.808389392209977,0.12391849669814539,-0.0882619535393999,0.9883592634935338,0.8773313633470478,0.5924479647277668,1.7585830004528533,36.53316737339348,184.67196240154578,-80.0,5.6261679942968845,-72.76125060479274,-80.00000000000001,-184.67196240154578,6.72642986,3.348759316424362,14.0,4.0,5.0,180.0,0.0,0.0
5274,245,5,30,True,1.48091811,-69.4259449,27.6282831,86,81,7,33,41,269.2453320762275,-4.404428968929516,70.50910219854798,6.87462364170038,101.47849118689945,-6.445517992315254,18,10,bottom_left,110.5,-38.0,290.5,67.4750653603139,6.301559700129146,3.0876822726586632,0.013695111388644621,0.029653808034081908,0.9994664054349854,0.3321187379467256,0.1105934263850396,0.9367316787346796,-0.20616398149835827,-0.09629164335393212,0.9737681100513323,1.1383635264488812,0.7636589212282687,1.712120552874356,19.25508386791804,107.6857436275292,-80.0,0.006149856051959723,-72.61923726953812,-80.0,-107.6857436275292,17.82831849,6.42977663386286,14.0,4.0,5.0,180.0,0.0,0.0
5284,245,5,349,True,-5.73109958,-75.3073884,39.5376728,103,95,32,45,18,279.9622435067906,-4.036330952301676,67.27361019094366,-4.849777385960728,101.36740001263425,4.99805074726434,37,5,top_left,110.5,-74.25,290.5,65.14918176878503,0.21905225908218737,5.496019476979797,-0.0007533811381116308,0.06165061405899986,0.9980975073623864,0.3984704148760993,-0.09069582490843774,0.9126859239698218,-0.07343266013457862,0.09736526926179559,0.9925359685004557,1.8774627617709285,0.8595978168272467,1.4512596417978838,25.168918689432637,119.76552583113364,-80.0,-5.640870491842803,-82.69100661058839,-80.0,-119.76552583113364,14.46332556,5.6754450129163425,14.0,4.0,5.0,180.0,0.0,0.0
5285,245,5,365,True,2.07155394,-76.1797742,127.946422,107,98,78,7,13,272.5541019652797,-2.675121153190703,72.10301292407351,8.775151154058824,91.1480416388533,-12.20924715343099,63,9,top_left,49.0,-12.75,290.5,73.89682231001258,20.55092691282111,11.911618145060586,0.02080061135815516,0.007136822064107931,0.9997581709283262,0.23092633417909747,0.3131883189045318,0.9211873344137755,-0.028328216483499764,-0.1671984165493375,0.9855162107516335,1.558383709863999,0.4393453319123834,1.1057894930376728,21.874349412752434,207.9967216541088,-80.0,-2.254905030897493,-77.66420979236315,-79.99999999999999,-207.9967216541088,6.10845552,2.2799063066143406,14.0,4.0,5.0,180.0,0.0,0.0
5300,245,5,563,True,4.34065071,-75.1687483,62.4274445,95,88,29,27,32,262.2877556783594,-0.44180680594290017,109.07330489533767,-3.544903028055347,84.5418233707821,6.200638521474126,27,2,top_left,-74.0,-74.25,290.5,108.95708603617818,0.21828605079326727,3.7649832491512916,0.018552299995026396,0.024044699616348145,0.9995387259057321,-0.3417522056318107,-0.11844742507779868,0.9322958958604461,0.11127087875248855,0.07465323102282585,0.9909821828062811,1.109752766532341,0.8195946318556298,1.7018289723077935,22.679288243140586,142.49317290927308,-80.0,1.697074618943998,-78.59495383998383,-80.0,-142.49317290927308,14.56391458,5.49873401801799,14.0,4.0,5.0,180.0,0.0,0.0
5308,245,5,637,True,-3.34062933,-66.2982635,68.4947169,131,120,63,33,24,270.26364957300484,-1.6020682913110416,80.31058254847945,0.17761674081015172,95.0745048100675,1.0059176766285673,67,9,bottom_left,49.0,-37.75,290.5,76.73402762289464,7.1341139063777455,7.82205842155854,0.0052309641331398935,0.033901876322580356,0.9994114767181965,0.18172598479104524,-0.0011359417051981513,0.9833485526954149,0.0012344438514843641,0.021973480699886475,0.9997577918147521,2.087729326378182,1.1958521405423463,1.0394276406220955,10.364885175170533,148.58216096098622,-80.0,-4.117857284811337,-71.33547754464108,-80.00000000000001,-148.58216096098622,12.06859376,4.008960414257626,14.0,4.0,5.0,180.0,0.0,0.0
5311,245,5,672,True,2.42688462,-80.0175863,80.5931686,75,70,39,6,25,268.4441967710121,0.38640464197260255,104.32402921359869,14.477425434872481,92.27771418255482,-5.989657442171174,10,7,top_right,-49.0,-12.75,290.5,103.76622624867919,17.289202655820468,2.8665720447801357,-0.001177206346139225,0.016370246053570403,0.9998653055433838,-0.21860472655216548,0.22411443132788125,0.9497287482221614,0.006521565076347025,0.1351233184095212,0.9908073263813475,0.9955012710256621,0.6802167679073762,2.0815542631043655,17.536161101302813,160.61480252355042,-80.0,2.615961384814622,-82.64689013715615,-80.00000000000001,-160.61480252355042,11.75684573,4.15632337081934,14.0,4.0,5.0,180.0,0.0,0.0
5317,245,5,739,True,7.41571183,-85.2604438,93.3546859,153,144,93,33,18,269.31264884396626,3.564813497587526,101.88688581742664,6.9339227136520725,85.45841401599876,-0.6569134248155177,4,7,bottom_right,-49.0,-37.75,290.5,105.9691668329567,13.044809234856437,7.349010298318699,0.0026454134502015736,-0.022830273633696056,0.9997358553105355,-0.2541830390598837,0.1939780829457355,0.9475038184572023,-0.006769202077809617,-0.14069126631935377,0.9900303760414053,2.1128473754784793,1.957655462729786,0.9188191110725357,19.583751011711104,173.40048871824547,-80.0,6.956995844873227,-81.30166319434583,-79.99999999999999,-173.40048871824547,7.58066552,2.7450443061013825,14.0,4.0,5.0,180.0,0.0,0.0
5321,245,5,771,True,0.0582037846,-68.2766864,131.750435,102,97,68,16,13,267.1401308118201,-0.13378383025271812,105.65466795046412,3.9612191625606172,82.97398639845193,-0.6462896358573358,4,7,bottom_right,-49.0,-37.75,290.5,107.17266064080133,10.410400940561242,6.625424319514374,1.8691497574208765e-05,0.013885983619346565,0.9999035849068405,-0.2979417003512976,0.10567289460580798,0.948717019209315,0.06715908431454953,-0.03914722084369438,0.996973997902777,0.9832919301897888,0.7873747983286794,1.7387278369229355,18.17883706012926,211.77085290651146,-80.0,0.054245470216609824,-71.21733299451488,-80.0,-211.77085290651146,5.61301088,1.9987261256205902,14.0,4.0,5.0,180.0,0.0,0.0
5326,245,5,864,True,-1.50525924,-78.8942331,110.660722,93,88,57,15,16,269.9462635675058,0.7809213737517396,76.71130141763267,6.532303931887402,91.3999596626044,-5.371999219654627,67,9,bottom_left,49.0,-37.75,290.5,74.31337108579132,12.42175194183886,6.3589046020746345,0.009403524770970081,-0.0054034082730412,0.9999411867209574,0.22871981264732089,0.11175519663976087,0.9670563702941949,-0.023252489740022787,-0.08706229550543476,0.9959314627132807,1.469559959201175,1.0349553723972698,1.0735581626827075,14.408465133211086,190.67193604178004,-80.0,-3.2982475136977016,-77.86395478335506,-80.00000000000001,-190.67193604178004,8.93922379,3.0629747612766494,14.0,4.0,5.0,180.0,0.0,0.0
5335,245,5,987,True,-1.59826067,-72.5131782,74.1543674,94,88,35,9,44,269.8662940921905,0.15890556777263307,75.59842559698131,9.02830947618497,92.3999158847551,-1.822055796979923,59,9,top_right,74.0,-12.75,290.5,70.73891037649162,14.615903417256735,7.405139717012295,0.001033613042390547,0.011884072756699228,0.999928847698071,0.31430650551695033,0.215384641017974,0.9245652367482143,-0.0535293810958106,-0.09776788010454038,0.9937686083688515,1.0202959009397459,2.3566246026651405,1.5985328305708957,21.969372264164395,154.1653366185781,-80.0,-1.7576079726134912,-74.34529027693621,-80.00000000000001,-154.1653366185781,8.30872311,3.1052716255767123,14.0,4.0,5.0,180.0,0.0,0.0
5336,245,5,993,True,1.75707705,-80.2247554,132.481646,99,93,68,10,15,270.1580796922502,-0.6123021601516575,72.58992833159105,6.641278811212475,95.66551150442534,-9.68305427224622,67,9,bottom_left,49.0,-37.75,290.5,73.35485452137496,14.4417390730909,7.837875501241505,0.004092700993839069,-0.013842482860160654,0.9998958123058829,0.3034193076490442,0.1025254830144631,0.9473253132258347,-0.19741638827879987,-0.11944537674291056,0.9730157098493829,1.0518511813249773,0.5342776057276895,1.652352415468458,18.728762451809956,212.50378627948362,-80.0,0.8873625926993922,-77.28317538070701,-80.0,-212.50378627948362,5.90152421,2.1149669157337794,14.0,4.0,5.0,180.0,0.0,0.0
5341,245,5,1023,True,0.371014341,-67.1451209,81.5882269,149,139,81,20,38,269.31301279272185,-1.980270729806008,122.3770124360724,8.395838343822472,79.19996747939352,-3.458804026598547,35,6,top_left,-135.5,-13.0,290.5,123.03897314080722,12.258029274997003,3.9185087422972273,-0.016214048519045576,0.028773873654354902,0.9994544355925112,-0.528073280238963,0.1562099929128936,0.8347077625204018,0.2183715110702718,-0.02445821876537258,0.9755591620643576,2.118677896305166,0.6469067966036194,1.9807463035154287,32.079785834933716,161.6764318067235,-80.0,2.9924438507003783,-71.79717812169358,-80.0,-161.6764318067235,9.89519009,4.43021317156416,14.0,4.0,5.0,180.0,0.0,0.0
5343,245,5,1032,True,-0.119393019,-70.3587574,133.5716,173,163,139,7,17,270.4263108698606,1.723884844270988,66.01580968892281,14.947287883151834,102.45978367697433,-9.177540442849118,59,9,top_right,74.0,-12.75,290.5,64.71800429903061,18.363067577385955,3.65401830175704,-0.00024623359161844027,-0.0014474830411224107,0.999998922080351,0.3489231809209878,0.2098046996060926,0.913364440866392,-0.21868419024625585,-0.15284214260456364,0.9637512668631807,2.0970225794630752,0.4292002932313616,1.4887641195180839,24.080393873880997,213.57183021327225,-80.0,-0.06680446017806227,-70.04961579770482,-80.0,-213.57183021327225,6.07316055,2.341976660601388,14.0,4.0,5.0,180.0,0.0,0.0
5349,245,5,1107,True,-0.379542619,-75.0343524,95.1111391,97,88,47,25,16,267.23347679680217,-2.412502545971735,107.76265946692554,3.7353971280446934,75.78372956491661,-9.246362577452775,24,7,bottom_left,-74.0,-37.75,290.5,110.64587875682315,10.124384690953658,7.009430472773312,-0.0005703156947802326,0.01687368708003623,0.9998574665542751,-0.3136882145962831,0.08085499923451311,0.9460772553666974,0.13341097401032948,-0.1213222616021479,0.9836068426222722,0.9045873755142092,0.8879428616015914,1.4304169620300489,18.65072986179728,175.1361018520678,-80.0,-0.2796597513911364,-77.98954417906914,-80.0,-175.1361018520678,8.7196569,3.122041056265539,14.0,4.0,5.0,180.0,0.0,0.0
5350,245,5,1120,True,2.31668994,-74.1933469,48.8771502,133,124,43,40,41,273.77801167195014,-2.7578046678250807,63.332415789849534,-6.136943268842901,103.01710360459867,6.847904694079835,31,5,top_right,135.5,-74.25,290.5,61.136301474091425,-0.011765181723131643,6.506975079621092,0.00037759021797767467,0.05161613328710901,0.9986669275639976,0.4462983828480145,-0.10816240395609086,0.8883235040443805,-0.22938847358479797,0.13064242012088792,0.9645275974545228,2.311023899170249,0.9810230552832847,1.754963311800098,28.14885808207332,129.04918210755625,-80.0,2.267962231198167,-80.85436668425602,-80.00000000000001,-129.04918210755625,13.08851755,5.411388687788612,14.0,4.0,5.0,180.0,0.0,0.0
5358,245,5,1299,True,1.03665639,-76.7738697,86.4948683,160,150,85,32,33,268.4154134383689,-3.4361653401066223,121.2830675142254,-6.039762651822633,80.71713358160385,-3.72930617994105,57,1,top_left,-135.5,-74.25,290.5,123.7936235746152,0.589058499970809,7.088311618067035,0.008611692230189434,0.0002563216608997277,0.9999628858393389,-0.5575663169836517,-0.08979597471921862,0.8252614646822616,0.2168550057041561,-0.08096519794381295,0.9728404510622333,1.892883957816522,1.6908763167511902,2.4231727118794018,34.87452040822136,166.50104784664003,-80.0,-0.39719939005930915,-76.8165475251256,-80.00000000000001,-166.50104784664003,7.92580242,3.7850343129851693,14.0,4.0,5.0,180.0,0.0,0.0
5362,245,5,1361,True,4.41265229,-74.0386214,97.396491,143,133,73,22,38,268.4346493434855,-0.41707064436906255,66.66884818529047,-6.64674364376171,99.06343568493035,3.571915536789595,37,5,top_left,110.5,-74.25,290.5,61.21645427810154,-0.05496902270870541,8.554536338920391,-0.022968026338345944,0.013737314302536448,0.9996418138322718,0.4576551662233746,-0.1560853514898267,0.8753222902904694,-0.18800982826906248,0.09943388055772931,0.9771208767964529,1.633531543156663,0.994213347101458,1.7085888221733363,30.418171889862222,177.46005473693106,-80.0,8.488559501202145,-76.47644594806654,-80.0,-177.46005473693106,7.95279245,3.437429786956909,14.0,4.0,5.0,180.0,0.0,0.0
5373,245,5,1609,True,-0.862458585,-78.6974244,73.2096462,132,127,14,77,36,270.8863980217475,-0.3793937908289418,62.26249267994577,-2.4940994572288395,100.3625197941859,-2.589273302531729,37,5,top_left,110.5,-74.25,290.5,62.86461974915599,1.0435162959084803,3.5884930297160973,0.021493522978862818,-0.0030459453299845896,0.9997643475774698,0.454666282718799,-0.0494304335603991,0.8892891563471917,-0.18824701111066736,-0.03130740921159269,0.9816225898665731,2.302940512539995,1.711027330827419,1.5102439137852597,25.97273680368028,153.24575893433536,-80.0,-4.156249826068409,-78.23064619623402,-80.00000000000001,-153.24575893433536,12.1199596,4.820186219755156,14.0,4.0,5.0,180.0,0.0,0.0
5380,245,5,1698,True,-0.42105192,-76.0373468,78.3354854,77,74,39,31,4,258.91491866171623,-0.6874994408675059,99.02972440782577,0.14942247393846397,137.60182130150378,0.9959541777850384,27,2,top_left,-74.0,-74.25,290.5,109.12661686449894,0.4560242677758378,10.101546512371655,-0.01970198505534084,0.01966728199860623,0.9996124398003792,-0.4123794983236136,-0.15450207540879415,0.8978152694495345,-0.18290110795613837,0.07025157332391374,0.9806181219791585,1.153199774004986,5.0182507362534325,0.1306420156996538,25.50424697301696,158.39687372399976,-80.0,2.6996809189229536,-79.15258278322752,-79.99999999999999,-158.39687372399976,8.67617247,3.4234727049098455,14.0,4.0,5.0,180.0,0.0,0.0
5382,245,5,1701,True,2.33858216,-73.2125717,42.6091928,102,93,36,16,41,274.04612070511746,-1.9757380305966175,72.72581239937585,10.940478775204532,98.55294722220073,-8.20815426548093,59,9,top_right,74.0,-12.75,290.5,73.87623199741662,13.187282581563766,2.5242013778275747,-0.011226058439784142,0.033238557371520164,0.9993843974746488,0.2957950239036591,0.1833696942692341,0.937486458066164,-0.1812413788899325,-0.10606296553017958,0.9777025160656078,2.270699449578364,0.35711205576169036,1.7648013883373757,20.00149924348405,122.6847178221133,-80.0,3.7158479719394713,-77.29043473193907,-80.0,-122.6847178221133,16.76127845,6.101382595246381,14.0,4.0,5.0,180.0,0.0,0.0
5384,245,5,1718,True,-5.90431313,-69.4652431,98.0013756,144,133,89,23,21,267.25010189938826,-1.8016980161991583,99.90472714350484,3.2806790892336783,86.83964274691321,-3.7553518781382604,10,7,top_right,-49.0,-12.75,290.5,102.61903316421605,16.040462610465738,13.045287757760436,-0.015818626495867072,0.02482551828507108,0.9995666384477134,-0.16755052217503114,0.22067622010629961,0.9608479736141772,-0.022862886100390566,-0.16743716882244075,0.9856176149683438,2.0624578693223232,1.769055492573745,1.1509891784014146,14.405243079198764,178.0785479959885,-80.0,-3.0873550923251205,-73.88613534945331,-80.00000000000001,-178.0785479959885,6.47302925,2.217882991052064,14.0,4.0,5.0,180.0,0.0,0.0
5388,245,5,1736,True,-2.89981065,-77.7472851,86.6896587,111,103,42,35,26,272.62684935046656,-0.9492104445816436,60.64903108676421,-5.726372310009369,100.51873321575049,-3.3524127448753154,37,5,top_left,110.5,-74.25,290.5,60.908493672651105,0.8590708244826735,6.590552489063682,0.0036578906402806536,-0.014070298707213099,0.9998943176808006,0.4995526808565614,-0.103150988155398,0.8601203361690661,-0.1843909961276271,-0.0042091847778181765,0.9828439567452036,0.9852608357015108,0.8604880109905673,1.7456998341132444,30.309928456801472,166.7072767116303,-80.0,-3.5096076371501495,-75.40166392000133,-80.0,-166.7072767116303,9.92031994,4.278371715725204,14.0,4.0,5.0,180.0,0.0,0.0
5389,245,5,1761,True,-1.66848134,-68.7168233,114.278167,120,110,78,13,19,273.29047247664624,-0.311026532951622,66.36911991988087,6.95034699683362,94.59697702642563,-8.139067022386278,59,9,top_right,74.0,-12.75,290.5,66.7616366916539,16.268677249409002,9.32659359638795,0.030000417167161987,0.0020249447487853405,0.9995478350577128,0.3155258732750736,0.16963039536744343,0.9336321289788002,-0.12872749014131804,-0.0907652813119868,0.9875175426240653,1.617355124760448,0.7735492228608792,1.5044792033677812,19.435034959365755,194.36605251491798,-80.0,-7.499543998582054,-69.11040381738222,-80.0,-194.36605251491798,7.8805751,2.8484012020719085,14.0,4.0,5.0,180.0,0.0,0.0
5404,245,5,1912,True,-7.32479244,-75.984195,88.1475692,142,136,82,21,33,270.3925531684444,-2.8715472003960034,121.52144626744365,7.031787054637162,81.50896292158654,-10.490407488065832,41,6,bottom_left,-135.5,-38.0,290.5,122.35121594126944,9.010760578026165,2.1458923360401028,-0.0063155676657357055,0.005342437088915019,0.9999657854001859,-0.5270862251011352,0.12543664339067243,0.8405032776875512,0.16647623806894898,-0.11598141345198865,0.9792006811129624,1.964815000946107,0.7009210140301785,1.824951493604609,32.3844297601539,168.15332249863673,-80.0,-6.262808753541582,-76.882543546741,-80.00000000000001,-168.15332249863673,6.89534759,3.107911072327471,14.0,4.0,5.0,180.0,0.0,0.0
5408,245,5,1967,True,0.290543973,-70.2565083,92.8007648,156,145,91,20,34,269.1636846631187,-0.9290595042974454,62.497487233455786,-7.658876433904226,102.49808015899451,3.067319649225825,37,5,top_left,110.5,-74.25,290.5,60.86207281697809,-1.010795895357708,6.8462803886945816,-0.00609243568242901,0.009890758181519417,0.9999325252886068,0.4706801304488735,-0.13691264340853807,0.8716163966307185,-0.2539587850966475,0.05731082393710317,0.9655156160994421,1.96378764837188,0.5209248592271551,1.5623610253767042,29.849494083175,172.81242526852014,-80.0,1.343392559073029,-71.96575420909282,-80.0,-172.81242526852014,8.68085273,3.709132049717969,14.0,4.0,5.0,180.0,0.0,0.0
5411,245,5,2037,True,13.1474194,-67.213328,119.394478,109,109,67,34,8,257.38777219586495,-2.6380139444580366,110.80877402100357,-4.876486760327083,153.9546807434351,-13.072743342724593,4,7,bottom_right,-49.0,-37.75,290.5,109.96158179821208,9.19353111729339,14.095500620372379,0.011342420112712852,0.00011141469932096637,0.9999356664769747,-0.3686312605159146,0.14264190588563463,0.9185664268063372,-0.3035596672854966,-0.049362203873305574,0.951532921777428,1.674689482692636,5.389031842151354,1.8562811799876537,23.887537875091773,199.4073065745489,-80.0,10.88565795528694,-67.2355449051044,-79.99999999999999,-199.4073065745489,7.01786161,2.6981860204489307,14.0,4.0,5.0,180.0,0.0,0.0
5434,245,5,2332,True,-3.2030562,-69.2601075,42.1981994,133,128,36,65,27,283.54164706132406,-1.7286521797571237,65.80191507633697,3.0301741118622645,100.4282176058476,-2.0906051083596022,18,10,bottom_left,110.5,-38.0,290.5,65.39587656636384,6.529945139337818,3.523246303672012,0.03465378291776233,0.036249378832232344,0.998741757344593,0.4168238759813397,0.05420872497436203,0.9073694234150426,-0.17632903241110542,-0.02980328053873994,0.9838799910548505,1.9604992952684013,1.302997957142169,1.6592915397921542,22.685267202770824,122.35214809170965,-80.0,-7.443020979492015,-73.69529686711378,-80.0,-122.35214809170965,15.12031821,5.70930708744824,14.0,4.0,5.0,180.0,0.0,0.0
5436,245,5,2345,True,-3.54480859,-83.7685154,73.8461991,150,141,65,42,34,269.09747504756626,0.6297372418335551,120.50782450288331,5.3268099847919315,84.91455631354606,-7.569606131397884,41,6,bottom_left,-135.5,-38.0,290.5,121.34392767919485,10.227381425251362,4.971385014710173,-0.008964588758844289,-0.0035207934899486037,0.9999536190051946,-0.5144026624300378,0.09716163861281969,0.8520267113576666,0.16235358473676215,-0.11526003029200427,0.9799777747174726,2.1624199121860377,1.0208845022342417,1.6858497633044152,31.101172313528465,153.85333497073006,-80.0,-2.1655767128106884,-83.22682957982818,-80.0,-153.85333497073006,8.07541769,3.5403132813853055,14.0,4.0,5.0,180.0,0.0,0.0
5441,245,5,2398,True,6.17705638,-76.6366545,89.7538264,100,95,45,28,22,267.79834883180166,-1.5420503599820643,118.91474633532623,5.740400338122586,85.75388135501524,-5.446211099384051,48,6,bottom_right,-110.5,-38.0,290.5,120.16587539611717,9.447481444602426,3.912515080709009,-0.0007292833122766991,0.008987568054713457,0.9999593450567441,-0.4826069751178487,0.09242056601843984,0.870947154851792,0.08473594272812682,-0.041075889146016786,0.9955564229820627,0.9618117761671601,0.6006954469506458,1.6340249273508496,29.297065025957195,169.76072801276442,-80.0,6.300860046019652,-78.16239059603242,-79.99999999999999,-169.76072801276442,9.87403758,4.1730377962998295,14.0,4.0,5.0,180.0,0.0,0.0
5443,245,5,2421,True,4.17120401,-70.2867025,39.134376,76,66,15,18,33,258.97510748690485,-1.6124802802807017,108.54019019164406,8.883174024969012,83.46022494987143,-6.600469145696358,17,7,top_left,-74.0,-12.75,290.5,107.27496531983168,12.329304327917217,3.6710499916441535,-0.0019497234957787,0.035199743781693556,0.999378395111678,-0.31010664477310573,0.19346754388170742,0.9308083467244729,0.10875570052365768,-0.10328439267929014,0.988688288507798,0.6550201299324842,0.7291334456154916,1.7277375343931705,20.34034902400286,119.20847657176643,-80.0,4.403627577667958,-74.4828103319322,-80.0,-119.20847657176643,16.53740268,6.04610197697473,14.0,4.0,5.0,180.0,0.0,0.0
5444,245,5,2429,True,6.2424568,-66.4949968,65.9309918,121,119,55,59,5,253.50099569045767,-4.727646245635012,107.61060240366729,-7.063514519697949,156.45959731712318,-17.127678799371612,17,7,top_left,-74.0,-12.75,290.5,109.66270250458692,12.700559083479826,19.870322599696838,-0.013385892286698996,0.03282187328377362,0.9993715738011728,-0.3783595320206455,0.2672531095817698,0.8862391550524004,-0.5383522865512526,-0.12054475624855178,0.8340538215882806,1.9358935067542895,8.73403364578513,1.0867866299761102,25.905132536800348,146.02275632570004,-80.0,8.197101687582716,-71.28773720466947,-80.00000000000001,-146.02275632570004,13.06717779,5.190939138655653,14.0,4.0,5.0,180.0,0.0,0.0
5446,245,5,2445,True,0.491537576,-76.203136,57.8134909,122,112,52,23,37,269.15066212069695,-0.9645641328208959,109.87627057118638,-5.698680810908235,80.25576561131211,4.715209547534498,27,2,top_left,-74.0,-74.25,290.5,107.75178651181452,0.45802353941743984,6.5129441096822145,0.01407723812792044,0.029767632979988634,0.9994577126589491,-0.34214289828516214,-0.10168275224359213,0.9341299990093442,0.19115138264704776,0.08083840615220908,0.9782260991217177,1.8656477048253668,0.7785419771156241,1.7346443964534306,22.213709480758542,137.88826596111016,-80.0,-1.4495483789805743,-80.30774329337738,-80.0,-137.88826596111016,14.43106022,5.412114642609254,14.0,4.0,5.0,180.0,0.0,0.0
5450,245,5,2535,True,-8.98333191,-77.0622005,82.4008049,102,96,41,48,7,270.209213211601,-0.7033271501180157,107.73098068960617,3.2794937548101175,69.06835556117379,-5.812314428871076,24,7,bottom_left,-74.0,-37.75,290.5,107.35043002392668,10.22146451845708,6.952393608857189,-0.010851029324569954,-0.0009581997769292363,0.999940666747675,-0.3520232424426312,0.060070903823084575,0.9340616271392665,0.12495972818757407,-0.08955385452755617,0.9881119235544853,1.1388692605638708,1.1158314475388993,0.9451152365094115,20.319886693031815,162.41044123969027,-80.0,-7.221011449491776,-76.90657885143315,-80.0,-162.41044123969027,10.09201911,3.688682688583597,14.0,4.0,5.0,180.0,0.0,0.0
5460,245,5,2687,True,0.00492147631,-79.5135773,98.0391554,147,137,98,16,23,270.3541011248793,-1.0361028927277163,112.0221599675114,7.617439361315039,79.54431096907922,-6.326425247649036,24,7,bottom_left,-74.0,-37.75,290.5,111.03271823937979,11.44982235673169,3.9580493120888187,0.004699695175109239,0.014166798878577525,0.9998886011325436,-0.411624300733429,0.15711876256642338,0.8977077082744203,0.16223950791156908,-0.10481293210018065,0.9811689922419965,1.8900988369285359,0.7267968233292568,1.8231858480938792,26.116731593512654,178.05899096993448,-80.0,-0.8319015044362207,-82.0361032135935,-80.0,-178.05899096993448,7.88946512,3.14540808753634,14.0,4.0,5.0,180.0,0.0,0.0
5469,245,5,2812,True,1.78936235,-79.2500625,135.591015,169,160,141,10,9,272.4433816669824,0.8498479380957642,68.7548947835865,10.14853971472637,92.8418064357756,-14.948650623901367,67,9,bottom_left,49.0,-37.75,290.5,73.0506808976163,14.373471735173794,6.02526587918685,-0.002864956315397209,-0.003733322183468223,0.9999889271040882,0.2652667176237002,0.1651224205035177,0.9499306052381973,-0.02100379150771787,-0.27449281262153835,0.9613597331703765,2.069601731351883,0.5461995015919654,0.8960813718155916,18.460233516249577,215.5934022433023,-80.0,2.4070280293149198,-78.44518286879568,-80.0,-215.5934022433023,5.82199785,2.079897213749707,14.0,4.0,5.0,180.0,0.0,0.0
5470,245,5,2853,True,11.8447723,-72.7051908,57.3255066,83,83,47,32,4,242.7205419101848,-0.6952121999971731,108.19863829431942,-0.6741754591126536,161.32776774113063,-0.6918330842178486,27,2,top_left,-74.0,-74.25,290.5,110.21152655361848,-0.3562129750633193,2.0378467277218926,0.03441568946858096,0.02782395562437756,0.9990202139155218,-0.34022233774554983,-0.1515499323183144,0.9280524656037865,-0.1686604128373787,0.02088012251942972,0.9854530357277806,2.1012985845383345,2.9985477714383566,0.2911511290398744,24.325857530171234,137.46018817954806,-80.0,7.113985149319972,-76.52987697602633,-79.99999999999999,-137.46018817954806,14.26470302,5.522085664454092,14.0,4.0,5.0,180.0,0.0,0.0
5474,245,5,2876,True,5.53463776,-76.5596327,103.34456,136,127,62,52,13,263.1377373307235,-2.725067350546496,109.11394533901687,-1.2059573368641565,83.46926254293504,1.6231402114119917,46,2,top_right,-49.0,-74.25,290.5,106.24542924319802,0.6788075432416669,3.4323058204728962,0.018770294720868747,0.03354819384046638,0.9992608241726153,-0.2877177086014248,-0.019085161738861437,0.9575250789188485,0.017000719665673562,0.009585448826781359,0.9998095292112585,1.4245906024514114,1.9158573665032528,1.92767643938036,18.051850064126914,183.4801841169033,-80.0,2.090660628686464,-82.71506148263833,-80.0,-183.4801841169033,12.19538982,4.336339782869886,14.0,4.0,5.0,180.0,0.0,0.0
5478,245,6,56,True,-5.53918244,-73.626732,96.668773,76,71,48,5,18,270.2433610580032,1.5272857291933084,101.94823889597238,15.39856896524152,90.47836631272793,-7.439338991771793,10,7,top_right,-49.0,-12.75,290.5,102.6378334602286,17.038294490840226,1.7788312068185914,-0.004258241959455257,0.01411990087162829,0.999891241973241,-0.2093380735777637,0.2524699989400236,0.9446885574547705,0.027676105812578625,-0.1781561759933723,0.9836129371467568,0.9522404716891536,0.22595921312266015,0.9399059249245647,18.369832103372993,176.68798923706143,-80.0,-4.786802230498966,-76.12154889323463,-79.99999999999999,-176.68798923706143,8.97589866,3.2032547708363714,14.0,4.0,5.0,180.0,0.0,0.0
5485,245,6,188,True,2.01295578,-69.7111812,73.4178873,76,69,28,11,30,269.28889715027174,-0.3846883700424845,109.07516363260133,10.494737972580344,80.31415619499222,-5.780743906025714,17,7,top_left,-74.0,-12.75,290.5,109.29809118839556,13.909513187363777,3.422044193553267,-0.0022387391382112476,0.014282409685605572,0.999895494949669,-0.34240582073153397,0.1821677075340138,0.9217229411601768,0.16682008522859254,-0.13138322147043474,0.9771947135962084,0.8925219535264476,0.34931702660300346,1.3187721011706992,22.332403839685558,153.4339219197327,-80.0,2.356454306130954,-71.90258733252683,-80.00000000000001,-153.4339219197327,11.56948133,4.346299278006366,14.0,4.0,5.0,180.0,0.0,0.0
5486,245,6,189,True,-6.74761896,-73.4647162,33.5944453,114,107,12,68,27,260.8934878853357,-2.8533025450475957,116.38702728614835,-3.0797968302960363,75.99204590792246,1.6420125997093704,57,1,top_left,-135.5,-74.25,290.5,116.61848098516093,-0.15657303033214579,2.932372452377414,-0.05438421042070342,0.01609709868267373,0.9983903250086696,-0.425276854431172,-0.05747041621417724,0.9032368174212658,0.27344172748422435,0.03473860153075948,0.9612610734000053,0.7534377556946111,1.2797915762667753,1.3580499057387474,22.484033437087618,113.7775902415857,-80.0,-0.5599145511410306,-75.29620529799561,-80.0,-113.7775902415857,13.96616265,5.258122034906299,14.0,4.0,5.0,180.0,0.0,0.0
5490,245,6,308,True,-4.63037181,-71.1140926,101.942731,63,58,43,10,5,268.61341462513326,-1.9424886332387397,107.40916784521177,13.516269348992456,74.84826706176545,-12.266096132370187,17,7,top_left,-74.0,-12.75,290.5,110.19841060865994,16.19829125895121,3.869511173125979,-0.03229033593668411,0.007965229282856146,0.9994467916440413,-0.29786278370269603,0.22439074180474078,0.9278612811607126,-0.11880139647499313,-0.11735615565796353,0.9859582957330272,1.3123426763060917,0.3804975306973483,0.7649996339136061,20.156751960408652,182.04343895157547,-80.0,1.247871988815617,-72.56411033068893,-79.99999999999999,-182.04343895157547,7.55466268,2.755475257773791,14.0,4.0,5.0,180.0,0.0,0.0
5493,245,6,375,True,-3.58279206,-77.2273832,93.8345545,91,80,47,17,16,266.96037766182377,-1.1400910510055395,108.461479786941,-6.973863205819651,77.59972483759695,5.893998663092999,27,2,top_left,-74.0,-74.25,290.5,109.70020240792897,0.8165938154573245,7.888323924136928,0.007707265794108933,0.01099767235288441,0.9999098205622333,-0.3111259324426207,-0.11210396989980964,0.9437337305058099,0.24890887713828236,0.08464038522721196,0.9648214218550233,1.0700653039871948,0.4374210565409188,1.1673262896958696,19.945452057750582,173.85023221619687,-80.0,-4.922702008057789,-79.13933109238661,-80.0,-173.85023221619687,9.30460327,3.3846219957725046,14.0,4.0,5.0,180.0,0.0,0.0
5531,245,6,938,True,4.10828474,-74.0011501,60.6471266,38,36,5,14,17,271.58912135059353,-1.0256666706301132,71.98547097297805,8.616164158884024,101.44188567897208,-6.7571372160951135,59,9,top_right,74.0,-12.75,290.5,73.08697652540256,14.30307107816674,5.792600865812149,0.19093043998380863,0.034838795025120335,0.9809851300854601,0.30875345098599566,0.14185032099882897,0.9405050733179314,-0.21733793417220676,-0.07317222351937148,0.9733499103996408,0.22257092682311055,0.38902548617795873,1.4340934608345164,9.420445203236117,143.37335224209497,-80.0,-23.26605248553677,-78.99610493082673,-80.0,-143.37335224209497,14.10900117,4.659876447456736,14.0,4.0,5.0,180.0,0.0,0.0
5536,245,6,990,True,-1.66412779,-66.2337839,61.0518909,112,106,20,57,29,271.1908515514368,-1.3894709723091911,99.33517176949532,0.53699110932692,87.8664628587687,-0.05402237858002462,4,7,bottom_right,-49.0,-37.75,290.5,101.65676265630084,6.932004015280578,6.80337962434938,0.007413587012497622,0.033388885632781085,0.9994149393739367,-0.1761942264763023,0.009818204421588981,0.9843064550323509,0.08879958985306734,0.003692444244377646,0.9960426691148474,0.7740701437361174,1.7658802793789292,1.3056988944708265,10.656906209965438,141.13446311735055,-80.0,-2.7104404127826145,-70.94610634786919,-80.0,-141.13446311735055,14.13954067,4.705781544299057,14.0,4.0,5.0,180.0,0.0,0.0
5541,245,6,1099,True,4.78329892,-78.246606,121.106758,143,136,109,9,18,269.05056305309137,1.3151170517213155,82.04112519639637,0.2721102732894766,100.14989780829893,-9.977357793396246,67,9,bottom_left,49.0,-37.75,290.5,75.37052515779901,13.02445741886077,14.39163863484959,0.013762921758508925,-0.01499531574795854,0.9997928397874674,0.20293949620635798,0.2506641064391556,0.9465638206811886,-0.03672158695576325,-0.16481061114377182,0.9856414091878785,1.859942269194674,1.783880232370827,0.9957320979205486,19.020508075449516,201.14842795108495,-80.0,2.014908844262148,-75.23032181066799,-80.00000000000001,-201.14842795108495,6.89013097,2.477872393879336,14.0,4.0,5.0,180.0,0.0,0.0
5549,245,6,1264,True,1.54895493,-74.2793827,84.9356376,105,100,41,31,28,270.0483683180646,-3.7619088052797993,122.15030626728799,-3.512977523303475,77.51125907690532,-5.095454544125295,57,1,top_left,-135.5,-74.25,290.5,123.6912342922254,0.006814126446059557,3.842316024962558,-0.006797833622473851,0.009066170805614341,0.9999357949413376,-0.5256684931185948,-0.074839596125862,0.8473910963623253,0.22691269368922157,0.014655425751272433,0.9738048305172605,0.9411170106615011,1.1920251800810853,1.8650736896537685,31.763132896563967,164.94622798224376,-80.0,2.670231944477934,-75.77481337662883,-80.0,-164.94622798224376,9.18960056,4.086077887725239,14.0,4.0,5.0,180.0,0.0,0.0
5561,245,6,1384,True,-0.846582993,-86.971423,96.5027592,121,112,67,25,20,271.52888164760213,4.137582911014919,69.74904109385099,4.796658111752032,96.78957003601055,-13.31348283630509,54,9,bottom_right,74.0,-37.75,290.5,68.90275637570166,13.317662164784718,8.562926362872249,0.034655942804186615,-0.0628231082727908,0.9974227903428406,0.33419637013112846,0.11985713693952828,0.9348513533796895,-0.07511347008765372,-0.2693200355773039,0.9601170163308381,1.612822358937677,0.9063045710185066,1.5634075208867906,20.529110373990875,176.9588191777043,-80.0,-6.979257709118922,-75.85431994297387,-80.00000000000001,-176.9588191777043,6.58092353,2.411910543993975,14.0,4.0,5.0,180.0,0.0,0.0
5572,245,6,1509,True,-8.2321621,-73.0824878,75.869833,69,63,36,18,9,268.6160719007852,0.24971523446527324,98.50940668726649,3.2769470331422332,89.04868943290036,-3.0328025154845184,4,7,bottom_right,-49.0,-37.75,290.5,100.75490261161028,9.186824324804832,6.3220962938533125,0.010021718042555578,0.016136413469422625,0.9998195743872089,-0.1615479964106088,0.10476390947880254,0.9812883205900472,-0.027444029200900832,-0.06818645423993697,0.9972950580041021,0.9001755016305757,1.0786623342332518,0.7873750213162277,11.132649909544037,155.8979609851436,-80.0,-9.794527508402439,-75.59812175749619,-80.0,-155.8979609851436,13.34213115,4.454611498290417,14.0,4.0,5.0,180.0,0.0,0.0
5573,245,6,1514,True,1.11446192,-77.5886779,94.6642085,193,185,46,107,32,271.3314237142639,-0.350297826653506,58.74861626571333,-1.022847839449209,102.45194137096676,-0.17027399253177095,31,5,top_right,135.5,-74.25,290.5,55.541485760924246,0.8053527609539988,3.6916125893792455,0.0017192514133074989,0.011806467131931899,0.9999288232211533,0.519342759657079,-0.02503367719746629,0.854199281782502,-0.2350012690406883,0.0200981984502916,0.9717872534502183,0.9437223986026421,2.0438553481707107,1.6574425783767242,31.26944019125307,174.67664142067608,-80.0,0.8141488573656955,-79.65099192564946,-80.0,-174.67664142067608,8.08463312,3.556976545200378,14.0,4.0,5.0,180.0,0.0,0.0
5574,245,6,1541,True,-4.69704311,-77.4017814,58.161671,97,87,38,28,21,275.30192379686275,-2.471504338347698,64.53382431404789,9.047244377339968,99.27667082249334,-7.8041984248738245,18,10,bottom_left,110.5,-38.0,290.5,63.6270535657308,8.639303003551117,0.9943084805291953,-0.05231777255342713,0.028712132796133605,0.9982176436556034,0.4223255053331409,0.16478041804096985,0.8913408895452684,-0.15761020669614859,-0.08080439276442399,0.984189856102556,1.4895267041391498,0.6361077614005648,1.6256798473843508,29.262630778507866,138.40836402573885,-80.0,2.544174198590551,-81.37578072800262,-80.00000000000001,-138.40836402573885,10.65375002,4.499532006387815,14.0,4.0,5.0,180.0,0.0,0.0
5575,245,6,1545,True,-5.9625417,-74.8324571,53.8014972,142,132,47,44,41,266.2455879374605,-1.8471311075238515,118.61083866320907,5.648492513019786,82.88793289743836,-5.742404189622371,41,6,bottom_left,-135.5,-38.0,290.5,118.69046615551427,7.773084769298031,2.126083910142848,-0.00960074265988853,0.014997039257930726,0.999841444707047,-0.4793188637224517,0.12921024962397742,0.8680772651509354,0.1297943419561471,-0.07736237390383029,0.9885183315953906,2.009946910743707,0.9610654143211883,1.8265926632124228,29.016599288728923,133.82271549985987,-80.0,-4.677744246438369,-76.8394016179543,-80.0,-133.82271549985987,10.58068469,4.447329092233316,14.0,4.0,5.0,180.0,0.0,0.0
5576,245,6,1559,True,3.11477613,-69.6029519,83.9254552,103,99,41,36,22,274.76931569022264,-2.2234277041903843,71.49990643634052,2.7404929662963404,95.37987759982883,-4.102153724084104,54,9,bottom_right,74.0,-37.75,290.5,71.06054867609146,8.297972083494688,5.574819223937832,0.009309458617478282,0.022710399183269447,0.9996987404959486,0.30725634543103864,0.08676647788018245,0.9476629762255303,-0.05664871210598711,-0.06629252172923095,0.9961908577072531,0.974111840511278,0.92889964262302,1.5065874232203917,17.785190511133088,163.9748541832481,-80.0,1.5882590106740162,-73.32688629451995,-79.99999999999999,-163.9748541832481,12.47506511,4.422453802630906,14.0,4.0,5.0,180.0,0.0,0.0
5581,245,6,1626,True,-2.83757108,-79.8929805,67.4684879,82,77,31,17,29,272.1562298062533,-0.867354934563304,71.35510911709162,7.822857155883793,92.20637316547547,-6.1666308242159875,59,9,top_right,74.0,-12.75,290.5,70.99043201850898,15.88790149243488,8.073284928501247,-0.0015441157360808395,0.015543969313121192,0.9998779929194294,0.30589173555598753,0.2212324133392098,0.9260056508502822,-0.10176213668897657,-0.08627696048339596,0.9910604187567177,0.9790857324241266,0.9183202956622799,1.8689975058766282,21.742327009386845,147.48648229512847,-80.0,-2.609834881828884,-82.18550585489567,-80.00000000000001,-147.48648229512847,11.51395322,4.289524903822513,14.0,4.0,5.0,180.0,0.0,0.0
5611,245,6,2066,True,-2.2972488,-67.0428343,70.2243607,95,87,32,32,23,271.66538209247034,-1.1378287161090044,81.95109263395854,1.6122032729277227,99.53119277907733,-0.06625234620414015,67,9,bottom_left,49.0,-37.75,290.5,76.89074686912846,7.379697540313784,7.672749792868574,-0.0029831984020216203,0.020549205378454168,0.9997843920994207,0.177315471324371,0.04373976090488696,0.983181599169248,0.01879259113873615,0.02964573581117125,0.9993837945786926,0.8479880109272778,0.9927292411935831,1.0664560872923334,10.473380544305211,150.25675724397723,-80.0,-1.8490030818968168,-70.13049126410701,-80.0,-150.25675724397723,13.46603128,4.476279087397471,14.0,4.0,5.0,180.0,0.0,0.0
5618,245,6,2198,True,-3.60753773,-74.1210576,34.2042499,106,98,13,52,33,279.36470296356487,-3.918603014930968,72.81590938624906,3.5048608069449156,97.02540785159941,-0.7458937462519835,54,9,bottom_right,74.0,-37.75,290.5,73.15344502789584,7.73460204476135,4.24318762821853,0.011355749535027394,0.04759538558193609,0.9988021456844216,0.2964845106071777,0.06651601607388069,0.9527185075223855,-0.11833687105122914,0.001326370963841472,0.9929726208158365,0.9537646997375435,1.0066444017554934,1.8995936279654624,16.642589706300186,114.34121401665834,-80.0,-4.905967917904136,-79.56317176902952,-80.0,-114.34121401665834,15.88160771,5.560940429640555,14.0,4.0,5.0,180.0,0.0,0.0
5621,245,6,2241,True,-7.25883105,-82.6696088,86.8865677,133,128,73,30,25,268.6418957067838,0.4131577777078312,114.00789300894031,5.242337100248835,81.69523715586995,-7.2301550174384515,48,6,bottom_right,-110.5,-38.0,290.5,116.8870585140036,11.071124037240926,6.5011038418407034,-0.03519627113278666,-0.010991664490943468,0.9993199716857789,-0.42765031654977986,0.1259802052332081,0.8951224467324411,0.10660533451585748,-0.08586557804468054,0.9905868993479648,2.01184889390246,0.9940271783132143,1.831348452149394,24.744863509229265,167.00013251859133,-80.0,-1.3810491066643582,-80.83399937341255,-80.0,-167.00013251859133,7.60124947,2.9622719428900535,14.0,4.0,5.0,180.0,0.0,0.0
5633,245,6,2404,True,-6.42966315,-74.9306684,65.0985046,94,89,54,17,18,275.4740147556325,-0.5759085805008545,79.1079896737809,3.3239352184314432,93.6242081877805,-4.9171709637632155,67,9,bottom_left,49.0,-37.75,290.5,76.1842397592469,9.10037438388243,6.474222964564447,-0.0126537329110889,0.037577355098592495,0.99921360350388,0.2311897586780822,0.15995736887726944,0.9596691803034164,-0.04530420598848313,-0.21485581186757996,0.9755944388046072,1.986011464004931,1.475732441584388,1.2820106609638149,15.845836671811618,145.21269935796724,-80.0,-4.592180437026032,-80.38737756859949,-80.00000000000001,-145.21269935796724,12.10431614,4.204116259427194,14.0,4.0,5.0,180.0,0.0,0.0
5649,245,6,2674,True,3.09131695,-74.8229367,83.1636802,123,115,40,54,21,266.6442611995012,-1.6055627553361944,121.33448271886627,-3.1934671602158056,78.51644693240213,2.1283626870976518,57,1,top_left,-135.5,-74.25,290.5,123.76024217560224,0.13162780014361977,4.115891815554882,0.0019397862091107946,0.01949265118420718,0.9998081184803781,-0.5407583897451113,-0.06299141617858728,0.8388160974898435,0.16941236808178015,0.0734041372027,0.982807856186778,0.9674357408425074,1.512049662795622,1.7668441147366338,33.240367880312036,163.19499430350163,-80.0,2.774753550654153,-78.00403979896683,-79.99999999999999,-163.19499430350163,7.29997177,3.3542862840835657,14.0,4.0,5.0,180.0,0.0,0.0
5652,245,6,2755,True,-5.43409406,-77.8825934,106.547097,122,115,66,25,24,277.7556330764607,-1.174989998992211,66.53520071841996,2.1991653378832416,94.82603486525642,-7.09817766981848,54,9,bottom_right,74.0,-37.75,290.5,66.64446508193996,11.325999481722853,9.127488164346858,-0.015475750276712521,-0.009293862837882803,0.9998370493570057,0.3651112883258874,0.0907214495678814,0.9265329814557671,-0.12493313433301889,-0.0765115459229071,0.989210642525754,1.5425814509560198,0.8470392292006061,1.8132636252470131,23.09021630655929,186.57749992358083,-80.0,-2.5466672639293133,-76.14856770707516,-80.00000000000001,-186.57749992358083,8.14352581,3.0933324428103246,14.0,4.0,5.0,180.0,0.0,0.0
5658,245,6,2794,True,-3.91752013,-67.9705631,81.1513011,126,121,39,45,37,267.6359741394436,-1.651310612648843,122.76779069148255,-4.8131385375015405,82.0769386685627,4.561752640867698,57,1,top_left,-135.5,-74.25,290.5,122.15070003047758,-1.4547365250674302,3.414625156736977,0.008022729260231422,0.028198045567633834,0.9995701606397536,-0.5372495370468053,-0.0931040614545432,0.838268792621831,0.19306646527801932,0.10324936859833392,0.9757381348851222,0.972084335817174,0.864424271832618,1.465577114046225,33.80119037148355,161.22060005958818,-80.0,-5.210949355450126,-72.51666892692154,-80.00000000000001,-161.22060005958818,10.19303634,4.744760737545731,14.0,4.0,5.0,180.0,0.0,0.0
5662,245,6,2841,True,2.6290674,-75.5370051,82.3022679,150,140,80,29,31,272.1318780832817,-0.04013547889049081,62.467429537019655,6.8674728508563785,100.94727955560997,-6.869743600013545,18,10,bottom_left,110.5,-38.0,290.5,62.61052605215852,9.094963643561002,2.232082400859959,0.002183136908187,-0.007713607524822974,0.999967866569818,0.46053179416107576,0.13406600366382007,0.8774604112029176,-0.25089866913270703,-0.12057850262234515,0.960474196703269,1.999743265380475,0.5104672176608314,1.7404770756682921,28.669283571415,162.30748339618575,-80.0,2.274727942522838,-74.2850288747401,-80.0,-162.30748339618575,10.41262805,4.34756537606628,14.0,4.0,5.0,180.0,0.0,0.0
5665,245,6,2904,True,7.34691189,-70.161786,87.4312477,76,66,43,10,13,265.7804297478855,-3.9806342117536033,106.22597196082923,-7.286388472587047,84.188659578442,3.53106347726765,46,2,top_right,-49.0,-74.25,290.5,105.50811190720735,-1.1113532977438143,6.21662146725512,0.00583563101681184,0.021118267447391988,0.9997599532841152,-0.2646960876813431,-0.14722399045002219,0.9530273226944558,0.040283269431115674,0.10601893191520359,0.993547806740823,1.0241397692095762,0.6372618183353623,1.111566868402458,18.53227466513389,167.471448671258,-80.0,6.369610309703595,-73.69849284284182,-80.0,-167.471448671258,13.28763041,4.750974646673132,14.0,4.0,5.0,180.0,0.0,0.0
5668,245,7,44,True,-8.83881505,-80.2274028,109.655794,98,93,56,21,16,270.95239313368165,0.6208900326406342,106.81560232765842,-4.65993292085911,83.17994083980616,-1.3536133779235144,27,2,top_left,-74.0,-74.25,290.5,109.81493772805452,1.7810841783749838,7.1051188671756345,0.0017926908865142077,-0.01848376418180953,0.9998275534916292,-0.3146169306374337,-0.09075675132027074,0.9448700434695085,0.18816265068757096,0.006837543855816366,0.9821140793615816,0.993550696219215,1.036717988563412,1.5839732590857354,18.94677238777029,189.6885051203861,-80.0,-9.178867904405818,-76.72124520335481,-80.00000000000001,-189.6885051203861,6.67781513,2.3993925971939656,14.0,4.0,5.0,180.0,0.0,0.0
5670,245,7,94,True,6.78185569,-73.3039059,78.8055011,156,146,76,25,45,270.3532761565515,-1.4090981850471855,67.98870733715238,-7.4934803534778345,102.25254205467101,4.418160371572099,43,5,bottom_left,110.5,-99.25,290.5,63.8978000169258,-6.280901860192115,4.266833639253171,-0.0049152844362214,0.014777377993705381,0.9998787271857235,0.4048698139457599,-0.1598709487103324,0.9002897941851746,-0.17004763625969108,0.10953424042800843,0.9793293887024688,2.0110136711239734,0.557798918117618,2.0722254266143816,26.385005800034314,158.82476222589196,-80.0,7.562524571855492,-75.6509194461724,-80.00000000000001,-158.82476222589196,11.78457014,4.720074695161187,14.0,4.0,5.0,180.0,0.0,0.0
5677,245,7,177,True,-3.67034894,-68.8684244,97.8808898,190,180,97,58,25,269.9411220413451,-0.8339277812782925,117.37401120137258,2.6290706152562584,76.81656528687066,-3.4230338757974685,48,6,bottom_right,-110.5,-38.0,290.5,119.01345390391468,7.977762000249351,5.594307098007568,-0.00438146414388113,0.01410648734445841,0.9998908989418579,-0.46463507560018946,0.040492139559345046,0.8845759623434907,0.26021145092111675,-0.025882173581160302,0.9652047005170675,1.8283155470972936,1.1884998919993635,1.3188175141336638,27.490617154918155,177.90029891085499,-80.0,-2.8908851591363534,-71.37797271516133,-80.0,-177.90029891085499,7.03200437,2.872312780987234,14.0,4.0,5.0,180.0,0.0,0.0
5684,245,7,301,True,-1.68130922,-71.0264605,111.493375,136,134,56,51,27,276.0390075457609,-0.17933818215237,58.61222944365462,3.908353138993981,100.67039008586013,-1.908726992841042,18,10,bottom_left,110.5,-38.0,290.5,57.925120241468996,8.885453725832965,5.024305853273776,0.007777876320076281,0.008192178377456229,0.9999361943911129,0.5280604400146351,0.0660182041934634,0.846636739343752,-0.2142972436199079,-0.00583674118712185,0.9767510551973949,1.0102191274991086,1.063935806662186,1.756561262225833,31.654215080206857,191.50559413103883,-80.0,-3.170816045753946,-72.5953084874022,-80.00000000000001,-191.50559413103883,7.32514503,3.249421933143184,14.0,4.0,5.0,180.0,0.0,0.0
5687,245,7,354,True,-6.86486145,-80.7705916,84.9838333,105,94,69,14,11,274.50260529752813,2.435110984162157,70.57136268073346,8.432898928120178,97.31529138742576,-4.935531049629634,54,9,bottom_right,74.0,-37.75,290.5,68.52175043990542,11.022779069464177,3.302785110218367,-0.021998235840623458,0.009052260894003239,0.9997170270594612,0.3183759516036274,0.15580367030362,0.9350732429924437,-0.07278988198279823,-0.131586227574896,0.9886286956150616,1.868221997139017,0.9409680435229301,0.8800528806333254,21.687175471036536,165.03053247505318,-80.0,-3.234480875710112,-82.26449103544046,-80.00000000000001,-165.03053247505318,11.53668609,4.2947000920527945,14.0,4.0,5.0,180.0,0.0,0.0
5689,245,7,368,True,-5.39199619,-76.1355366,73.5907134,104,99,43,33,23,271.2988854933524,-0.2882995945177116,56.449901151142846,-5.990582905280284,94.65747576991687,1.936997234207334,31,5,top_right,135.5,-74.25,290.5,56.99452719406529,0.4176728255441646,6.431357480211604,-0.03070300862051208,0.009767375298277092,0.99948082705044,0.55076318354584,-0.10815022032424537,0.8276251841831958,-0.15600874924898347,0.043962449467786296,0.9867768608933634,1.563284631403088,0.6354167026230534,1.652226506349002,35.97932198913332,153.67049496413088,-80.0,-0.6738496583979314,-77.63649399658667,-80.0,-153.67049496413088,9.89218644,4.855498415295333,14.0,4.0,5.0,180.0,0.0,0.0
5695,245,7,498,True,1.70720386,-78.2511495,37.133023,122,114,29,52,33,262.59892743057225,-4.7410723042427705,120.77819848262173,-2.703938301001959,79.83513078447307,1.813422212267499,57,1,top_left,-135.5,-74.25,290.5,118.43711629740696,0.7955847588334808,4.210383289470209,-0.006487354602675908,0.03833889966799885,0.9992437355332813,-0.5064847394758054,-0.05197993525800915,0.8606807160664742,0.2157149427869367,0.07881658015848136,0.9732702657281534,2.054850883105337,1.3192948968520612,1.7366263650005005,30.534577748426383,117.22167358646276,-80.0,2.467662423674512,-82.7452994825463,-80.0,-117.22167358646276,14.84552829,6.432034161128564,14.0,4.0,5.0,180.0,0.0,0.0
5696,245,7,534,True,7.38301293,-74.4022515,102.304452,167,159,99,49,11,270.08829567240616,0.214123604599982,56.88606608073231,-4.225931629971587,102.44050973289124,0.14885248230200124,31,5,top_right,135.5,-74.25,290.5,55.75432705121748,0.038316616058351564,4.4118756028130015,0.00876788681764917,-0.006718205485716666,0.99993899307698,0.5254281801522953,-0.0839268652530022,0.8466885547771693,0.05448559406006655,0.038604463966785414,0.9977680168264359,2.115872520336933,1.043779463180912,0.8546654009497944,31.591174723808848,182.31557451221963,-80.0,5.784490607582175,-73.17741800718042,-80.0,-182.31557451221963,7.52914834,3.335395022236857,14.0,4.0,5.0,180.0,0.0,0.0
5706,245,7,713,True,-6.41199228,-72.4890306,106.814698,152,142,105,29,8,268.8143863127035,1.7232593900146147,103.7061816569813,-2.424150658490049,85.2330438161671,-3.6606108207995485,46,2,top_right,-49.0,-74.25,290.5,103.05356426404924,-0.5350783847356948,1.998625406879659,0.003349262882882501,-0.021909849297311986,0.9997543402966104,-0.23651801680889278,-0.04342206241385615,0.9706563512492541,0.10235231826382678,-0.046811562540036156,0.9936461546036298,1.8850668366729584,1.0342025154478478,0.9059959110375415,13.933202075095187,186.86060212009204,-80.0,-7.037837558953899,-68.39494296794382,-80.00000000000001,-186.86060212009204,6.78338737,2.314573663338302,14.0,4.0,5.0,180.0,0.0,0.0
5717,245,7,852,True,2.58873784,-67.5491255,40.9287901,99,93,16,43,34,265.9709528119924,-2.3874999466232207,114.64573218390426,3.6359637437770513,81.42335804283798,-3.846093616763415,48,6,bottom_right,-110.5,-38.0,290.5,114.37680828994894,6.155236953898237,2.5335859109125143,0.019246114013773165,0.027771739575080834,0.9994289957652533,-0.4210518867020087,0.06612397947875683,0.9046230861759895,0.18148063705548897,-0.03454754841597419,0.9827874873401573,0.8324745120485542,0.9122895676515116,1.781936353512818,26.124508496992377,120.99788040210497,-80.0,0.2599988383561982,-70.90944712366404,-80.0,-120.99788040210497,14.94897715,5.960720058013161,14.0,4.0,5.0,180.0,0.0,0.0
5720,245,7,873,True,-6.84714094,-75.7535589,98.5094728,97,91,60,19,12,273.77465939465327,0.0728195296057644,61.59971596138934,8.815127690397096,95.01084502513217,-10.06370166309536,18,10,bottom_left,110.5,-38.0,290.5,58.56617656313133,9.524606205070844,3.1154006232854328,-0.02712932713929516,-0.0018085731509400733,0.999630295995538,0.4627734597322658,0.1956802556525457,0.8646097168752983,-0.10963445976865635,-0.13753038135415485,0.984411336503098,1.5839709513947982,0.9390721781884078,0.8608593525697247,31.63775900530213,178.57549287481459,-80.0,-2.0025079747382835,-75.43059205817072,-80.0,-178.57549287481459,6.92800593,3.0721638862969147,14.0,4.0,5.0,180.0,0.0,0.0
5731,245,7,1095,True,4.84719523,-79.8295136,30.3645926,68,57,20,12,25,262.1216164018819,-9.215838883198895,113.78889096886661,4.246587167150519,83.8467699693131,-10.792232161802994,48,6,bottom_right,-110.5,-38.0,290.5,113.91307907188721,8.362376649905718,4.1176626563246,0.06094473125075725,0.029653672766508432,0.997700555990739,-0.3732362060488274,0.16541444463134689,0.9128706348665074,0.15906353702217585,-0.08980434313356765,0.9831754528792627,1.4980646908653419,0.8352197371588729,1.8320722244477832,26.756241661330943,110.6189546926788,-80.0,-1.8944472349850026,-83.10977188422991,-80.0,-110.6189546926788,14.74928259,5.945941581834097,14.0,4.0,5.0,180.0,0.0,0.0
5733,245,7,1133,True,4.36792432,-78.8356061,83.506439,76,72,42,13,17,262.80551264011206,0.013556799226756662,118.67140240196878,13.772404416926653,84.07797637831366,-4.213679025965906,29,6,top_right,-110.5,-13.0,290.5,119.02741734853953,15.541487805623841,1.8045505474621937,0.0015895769156500043,0.012938160993116395,0.9999150350081479,-0.4958257334619214,0.28199759922707685,0.8213611849041278,0.20209596618362324,-0.12893462371571238,0.9708414305434208,1.0422131765665819,0.8880731607736099,1.3476759229054263,34.49741166586245,163.52033250371883,-80.0,4.107996174212675,-80.95125848758104,-80.0,-163.52033250371883,6.56854821,3.1084184143741123,14.0,4.0,5.0,180.0,0.0,0.0
5737,245,7,1233,True,-2.497048,-73.9088863,120.921406,154,152,115,20,17,278.03334059316603,-1.1919507458088525,50.79748894288817,-8.447335684930623,98.7643946667097,3.169721592336012,37,5,top_left,110.5,-74.25,290.5,56.32288093376899,-0.09591032288270127,10.013803584589981,-0.010868321586786392,0.0020147663170244634,0.9999389082851882,0.5033874501945911,-0.13718457672416248,0.8531010883216598,-0.2876030210733289,0.09529025509817124,0.9529975181252153,1.9563115287581836,0.5364337337228505,1.1713953026270412,32.08062176629494,200.93368138315915,-80.0,-0.31323613311095233,-74.31372071320652,-79.99999999999999,-200.93368138315915,5.91560131,2.6485447925808194,14.0,4.0,5.0,180.0,0.0,0.0
5746,245,7,1427,True,-6.21935835,-74.1284924,57.1465108,109,103,25,38,40,273.4447495135894,1.0955947846868197,72.88379150950657,7.980375177243362,93.95042306869406,-4.586618057233283,59,9,top_right,74.0,-12.75,290.5,71.02869267986298,13.96831373441287,6.268715963591127,0.02268084250170971,0.01576513719532446,0.9996184471250145,0.30554674980764235,0.15819535717005442,0.9389437750216063,-0.0369578063211187,-0.10357871325734358,0.9939343895408206,0.8932084457990858,1.8842032293551358,1.6813541150319105,18.55663485119466,137.19885941925614,-80.0,-9.331144071902362,-76.2914512417866,-79.99999999999999,-137.19885941925614,13.86986991,4.9605684115155775,14.0,4.0,5.0,180.0,0.0,0.0
5750,245,7,1445,True,3.36620426,-72.2054326,46.0879541,83,74,32,10,32,269.20369455029083,-1.3152345109943488,104.36254301605679,6.5350614731148795,81.5975483166919,-8.10335553234616,17,7,top_left,-74.0,-12.75,290.5,107.56466575726662,13.057067482947726,7.265683205457623,-0.015030297865580786,0.035191053392749416,0.9992675717280035,-0.2832033113545132,0.2294552197279114,0.9312068441422962,0.12366556590544288,-0.12636404546701263,0.9842453737877042,1.9338646142569902,0.8044476693922091,1.6997431074097964,19.463112571950255,126.18037217194977,-80.0,5.262732838534246,-76.64585281422008,-80.0,-126.18037217194977,15.72126632,5.684353494439574,14.0,4.0,5.0,180.0,0.0,0.0
5759,245,7,1545,True,1.37476745,-74.847916,53.0440573,133,125,47,46,32,264.38431853222494,-0.4984308596654593,107.87805806894251,2.9135879740506057,79.69291904100741,-0.0878551001167859,24,7,bottom_left,-74.0,-37.75,290.5,107.61080856002361,8.469608366385566,5.56244414803954,-0.01577070266907173,0.033884059291072625,0.9993013336643171,-0.3154976790816837,0.04771085166892719,0.9477261677969522,0.19903033430725858,0.053968591376936444,0.9785061661381241,1.8111753562758988,1.3197928895860573,1.8312830279479975,17.511556205406155,133.13707569281783,-80.0,3.474432684981127,-79.35914056661547,-80.0,-133.13707569281783,16.44828028,5.813279833397188,14.0,4.0,5.0,180.0,0.0,0.0
5780,245,7,1874,True,-1.87442138,-69.7421579,129.168855,93,88,72,10,6,272.22213259827316,-1.1520616196460558,106.48680825363758,-5.331377863116403,51.87547117395027,-4.492153870536074,46,2,top_right,-49.0,-74.25,290.5,106.2833294840116,-1.5363461546004404,3.8004827691136933,0.010839878070990358,0.010495254681405329,0.999886166857297,-0.28170582489702267,-0.08433461516008443,0.9557873722250617,0.6906087344913152,-0.15739774430862188,0.7058934239181307,1.4317244250825192,0.6047276009567576,1.0171241277796799,17.87287580100463,209.19266805883555,-80.0,-4.142044395102936,-71.93768822876017,-80.0,-209.19266805883555,6.91033973,2.4521521474616153,14.0,4.0,5.0,180.0,0.0,0.0
5795,245,7,2057,True,3.94184139,-69.4716972,26.7207542,89,80,8,30,42,274.0604926485438,-2.8316793715578594,70.86875262146478,7.226472060809455,99.81239159042528,-4.862904139803894,12,10,top_left,110.5,-13.0,290.5,68.0029082880957,11.227383248282957,4.921417892554371,-0.05078433254651097,0.03917597795956939,0.9979409773722677,0.33224578505035735,0.13429215657451843,0.9335836090028772,-0.14989906335755546,-0.09452854699210636,0.9841720503083233,0.8253391391350426,0.7594407791720447,1.6171400271473295,23.0666825727895,106.94094803182868,-80.0,9.372766057687535,-73.66121342307036,-80.0,-106.94094803182868,18.69129554,7.097436392838703,14.0,4.0,5.0,180.0,0.0,0.0
5809,245,7,2315,True,0.804970714,-72.8630796,63.684416,80,74,29,11,34,271.92388348730805,-0.08057080133556234,102.16984755437349,-6.50480998594386,80.3127470563371,6.213731872624874,46,2,top_right,-49.0,-74.25,290.5,102.38465716093536,-0.3421925328338898,6.166360112776976,-0.0031924074178607525,0.03269115655766308,0.9994604028263455,-0.25128823398000477,-0.12272872713001359,0.9600999338611877,0.1776396714216621,0.1410118090782043,0.9739403558933658,1.0852293511215927,0.3851306905255492,1.4373270740607285,16.986829642860318,143.76198956324728,-80.0,1.2639175558881308,-77.56282530785325,-80.0,-143.76198956324728,12.49070069,4.389526058981225,14.0,4.0,5.0,180.0,0.0,0.0
