event_id,Run,Subrun,OriginalEvent,elastic_gate,hough_vertex_x_mm,hough_vertex_y_mm,hough_vertex_z_mm,hough_vertex_support_lines,hough_vertex_support_n,hough_vertex_mean_line_distance_mm,hough_vertex_seed_pair_distance_mm,SiChan,DetectorID,Quadrant,Si_x_mm,Si_y_mm,Si_z_mm,hough_alpha_line_num,hough_alpha_si_angle_deg,hough_alpha_dir_x,hough_alpha_dir_y,hough_alpha_dir_z,hough_beam_line_num,hough_beam_fallback_plus_z,hough_beam_angle_to_plus_z_deg,hough_beam_vertex_miss_mm,hough_beam_dir_x,hough_beam_dir_y,hough_beam_dir_z,hough_theta_alpha_lab_deg,E_alpha_vertex_MeV,hough_E_cm_elastic_equiv_MeV,hough_beam_path_from_entrance_mm,entrance_plane_z_mm,hough_beam_entrance_x_mm,hough_beam_entrance_y_mm,hough_beam_entrance_z_mm,hough_file
5,226,1,101,True,4.185002024519612,-67.93299116168308,121.86586628695764,2,112,0.16589788842432812,0.3317957768486593,54,9,bottom_right,74.0,-37.75,290.5,2,5.133588704273481,0.3159461357753841,0.10598193162085669,0.9428392596081873,1,0,1.700133783958172,0.16589788842432046,-0.015992956653549644,0.02498899477117132,0.9995597908468528,19.94513795549331,6.48624443,2.3594126027981077,201.95476862462795,-80.0,7.414855885110935,-72.97963781885701,-80.0,lines.txt
25,226,1,435,True,-6.359016360876909,-69.4413218823363,82.36467406467611,3,153,0.4518486547688414,0.09187782965872807,57,1,top_left,-135.5,-74.25,290.5,3,7.187223395637379,-0.5050820825081533,-0.14302324316567508,0.8511383212167098,1,0,1.4332409257192775,1.2636681346478038,0.0009996871468768813,0.024992178671922032,0.9996871468768812,32.135484395643964,9.76437788,4.376983336769031,162.4154862567944,-80.0,-6.5213810349415855,-73.5004387339532,-80.0,lines.txt
26,226,1,444,True,-6.896609099325831,-67.98655647735603,62.8820778243786,2,128,0.044027409358414885,0.08805481871682964,37,5,top_left,110.5,-74.25,290.5,2,23.606016104086006,0.0659807034659417,0.014995614424077661,0.9977082130153003,1,0,2.4885112974056045,0.044027409358405274,-0.0380021661852106,0.021001197102353226,0.9990569478690892,5.970909797064219,6.27956644,2.040512230246107,143.01695026408152,-80.0,-1.4616551880882058,-70.99008363882946,-80.0,lines.txt
29,226,1,466,True,3.0424353336207357,-75.20670133306166,116.86719096067615,2,168,0.6800773592634028,1.3601547185268017,59,9,top_right,74.0,-12.75,290.5,2,41.21897384004639,-0.12002658883446646,-0.19104232056152579,0.9742158127064194,1,0,0.9756176640496873,0.6800773592633984,0.0009998550315298805,-0.01699753553600797,0.9998550315298804,12.257905485645152,7.20602742,2.425559054340615,196.89573463409914,-80.0,2.8455681426600594,-71.85995908673016,-80.00000000000001,lines.txt
30,226,1,476,True,-5.559895679954588,-71.97374789836059,124.5726959158678,2,122,0.09861529821751583,0.1972305964350268,37,5,top_left,110.5,-74.25,290.5,2,10.745927588355832,0.5069396777673051,-0.1849779889288983,0.8418998198817965,1,0,1.032802477270299,0.09861529821750237,-0.01799707571277571,0.0009998375395986506,0.9998375395986506,33.64827665553476,5.68093499,2.635015140451208,204.60593627839404,-80.0,-1.8775871534689674,-72.17832059427646,-80.0,lines.txt
41,226,1,673,True,-3.5441050321440355,-75.7407527556037,63.87762152477866,2,161,0.11643190457688844,0.2328638091537794,67,9,bottom_left,49.0,-37.75,290.5,1,16.342302950100418,-0.0029999130037843174,-0.006999797008830073,0.999971001261439,2,0,4.342957561089942,0.11643190457689583,-0.06300812857291269,-0.04200541904860846,0.9971286378919674,3.984593972694221,9.33773015,3.0159762523072913,144.29193592207997,-80.0,5.547459818468859,-69.67970952186177,-79.99999999999999,lines.txt
45,226,1,763,True,1.771525568912533,-67.22028585312174,33.01357424048043,3,264,4.507475068506056,0.689816996454906,18,10,bottom_left,110.5,-38.0,290.5,1,5.2537435687011556,0.34120717565252673,0.02801701149053005,0.9395704924859898,2,0,8.032223847674484,0.34490849822745256,-0.13902662614860536,0.014002681770363129,0.9901896394756784,27.955934329289562,17.17718938,7.0763916746285105,114.13326269533881,-80.0,17.639088012777968,-68.81845761005782,-80.0,lines.txt
47,226,1,803,True,-0.2742964141968005,-64.89187171039015,130.9043043691687,4,239,2.684212789703137,0.08805373333939234,67,9,bottom_left,49.0,-37.75,290.5,3,8.48778080647975,0.3379788769802625,0.019998750117175296,0.9409411930130976,4,0,2.5225583420344972,0.04402686666968345,-0.04100127105910455,0.01600049602306519,0.9990309704401329,22.105605377216026,5.91082604,2.213346855231049,211.1088751095001,-80.0,8.381435797150463,-68.26971842701347,-80.0,lines.txt
48,226,1,810,True,0.12217252811571194,-75.60105495658192,101.7448293981366,2,199,0.1537688153921113,0.30753763078421764,57,1,top_left,-135.5,-74.25,290.5,2,4.021464553990305,-0.5649223285193758,-0.06099161422952554,0.8228868608344183,1,0,0.8202946683440523,0.15376881539211476,0.00299969254727005,0.013998565220593567,0.9998975157566833,34.88975781213659,6.51604137,3.1129450137919203,181.76345728851945,-80.0,-0.42306196007869784,-78.14548256815583,-80.0,lines.txt
65,226,1,1043,True,-2.767203199091714,-73.67319722261173,112.55506173519277,2,126,0.2320087831198171,0.46401756623962837,10,7,top_right,-49.0,-12.75,290.5,1,23.37567694686411,-0.012997965977474336,-0.011998122440745542,0.9998435367287951,2,0,7.975145328357246,0.23200878311981968,0.11403780980196312,-0.07902620152943059,0.9903283482802061,8.254822906113931,5.81494412,1.9084296387808046,194.43557489753968,-80.0,-24.9402103079927,-58.307692296268065,-80.0,lines.txt
67,226,1,1051,True,-1.7137966533853692,-80.78459834565041,46.67579237146171,2,107,0.7268632452830068,1.4537264905660219,67,9,bottom_left,49.0,-37.75,290.5,2,14.966109471369904,0.014997705526568227,-0.008998623315940936,0.9998470351045485,1,0,6.865145514164866,0.7268632452830113,-0.08698512681486328,-0.08198598159561828,0.9928302405420603,7.201437722438,12.19000761,3.9807732313188557,127.59058618349489,-80.0,9.384686666168678,-70.32395889503624,-80.0,lines.txt
81,226,1,1265,True,-1.2149483155791088,-75.59505030047156,31.86152768400588,2,139,0.5308304163949076,1.0616608327898116,31,5,top_right,135.5,-74.25,290.5,1,5.000125049648151,0.4149149511516275,-0.06098749884397417,0.9078139172185008,2,0,10.350188843962053,0.5308304163949126,-0.17895052701797398,0.01599557783400885,0.9837280367915441,35.13311742312097,14.56440522,6.999463074532102,113.71184260321105,-80.0,19.133845846450416,-77.41393692947977,-80.0,lines.txt
82,226,1,1269,True,-3.5394253698082316,-63.9958152524902,59.59064291808761,2,164,0.06254164971780518,0.12508329943561258,46,2,top_right,-49.0,-74.25,290.5,1,9.60552629480271,-0.038005055008496554,0.017002261451169513,0.9991328935128436,2,0,2.845171357942037,0.06254164971780293,0.04398975158168314,0.02299464287224346,0.9987673143204877,4.711859870576189,6.51921495,2.109697700804379,139.76292667632825,-80.0,-9.687561794628907,-67.20961383819191,-80.0,lines.txt
89,226,1,1312,True,-4.683113250724526,-72.38611886294541,93.6162641625971,2,121,0.3032893649186843,0.6065787298373642,37,5,top_left,110.5,-74.25,290.5,2,8.191746878772861,0.48098605160675223,-0.14899567918795445,0.8639749450898834,1,0,4.303534714936181,0.3032893649186909,-0.07001267344094304,0.027004888327220884,0.9971805060088601,34.52891481050655,8.43581991,3.995082700116262,174.10715824909488,-80.0,7.506594363499946,-77.08786322843198,-80.0,lines.txt
97,226,1,1434,True,-3.6848738115163684,-81.20829432640963,116.41360862481031,2,211,0.10423010124523513,0.20846020249046618,37,5,top_left,110.5,-74.25,290.5,2,4.666626496230096,0.5371230152573542,-0.04701076669850213,0.8421928842582721,1,0,0.9448605421947177,0.10423010124522973,-0.003999456110950852,-0.015997824443803408,0.999864027737713,32.78776730735766,5.77824416,2.6279471211250764,196.44031905939718,-80.0,-2.8992193770171273,-78.06567658841266,-80.0,lines.txt
101,226,1,1452,True,-2.324911734012981,-65.36909635908967,72.4966539712236,3,137,0.5181276031675494,0.1095623865962925,57,1,top_left,-135.5,-74.25,290.5,1,31.65797207787541,0.0009996871468768813,0.024992178671922032,0.9996871468768812,3,0,7.76897954015352,1.4448204229063593,0.11797870676496998,0.06598809022447474,0.9908211729159767,7.12481187498739,10.44708812,3.410458201811763,153.90936138599812,-80.0,-20.48293914935545,-75.5252811846202,-80.0,lines.txt
102,226,1,1473,True,4.198361316943519,-69.85150179212289,65.90418179592092,3,113,0.6809771005035158,0.7865600558422692,48,6,bottom_right,-110.5,-38.0,290.5,2,1.881463131134513,-0.4611658189232139,0.09403381123380067,0.8823172500873637,3,0,3.904613353921253,0.3932800279211323,0.05198326408301423,0.04398583883947358,0.9976787991316962,30.634825119920727,13.22511664,5.741831073539659,146.24364266626176,-80.0,-3.4038605802387334,-76.28415108973864,-80.0,lines.txt
103,226,1,1480,True,2.259502083958583,-68.17542333522229,93.77216336101782,3,165,1.9221027536303021,1.2057193619650155,41,6,bottom_left,-135.5,-38.0,290.5,3,3.670394651843038,-0.5397310111197325,0.07396313856085224,0.8385820709804733,2,0,1.168447184428322,0.6028596809825025,0.01999584129747022,0.003999168259494044,0.999792064873511,34.115246771092906,7.02814173,3.2957750516983477,173.80830421273913,-80.0,-1.2159411832617733,-68.87051198866637,-80.0,lines.txt
108,226,1,1563,True,2.100458678689779,-73.65788014709457,54.1679744566796,2,114,0.07790589185101632,0.1558117837020376,33,2,bottom_left,-74.0,-99.25,290.5,2,18.129951820167065,-0.01899314471191523,0.01899314471191523,0.9996391953639596,1,0,3.2320000356836673,0.07790589185101617,0.05002051261612132,0.026010666560383082,0.9984094318177814,3.976003041500512,6.75338974,2.181219392169904,134.3817177411906,-80.0,-4.621383728959499,-77.15323819907219,-79.99999999999999,lines.txt
110,226,1,1614,True,-1.6962922739148723,-74.44905781156609,119.634668065257,3,131,2.241531439608719,1.0147025980009223,48,6,bottom_right,-110.5,-38.0,290.5,3,1.8002507029017296,-0.5180549167319147,0.1500159025285467,0.8420892661935756,1,0,0.9806499982084527,5.70989172082523,-0.01699751004715378,-0.001999707064371033,0.9998535321855165,31.737001551835057,7.07285828,3.1431117357701863,199.66391240213778,-80.0,1.6974970831944973,-74.04978847543558,-80.00000000000001,lines.txt
122,226,1,1777,True,0.03462568822699253,-77.46315502980974,52.05477099675934,2,125,0.23710872493566004,0.4742174498713117,46,2,top_right,-49.0,-74.25,290.5,1,11.981039164908195,0.00599988000359988,0.00199996000119996,0.99998000059998,2,0,4.927344405363802,0.23710872493565088,0.08302536812553563,0.022006724081467272,0.9963044175064274,4.565746016116742,13.9972778,4.527816130607721,132.54460050199208,-80.0,-10.969938561502955,-80.38002748154538,-80.0,lines.txt
123,226,1,1788,True,1.2750567468377791,-72.52061259804961,21.723754198310168,2,92,0.9816549782282122,1.9633099564564178,29,6,top_right,-110.5,-13.0,290.5,2,3.5029157191321554,-0.35992442380566814,0.14396976952226725,0.9218064409689614,1,0,10.025387713769733,0.9816549782282062,0.15895653133220833,-0.07098058946281,0.9847307129699696,32.82821748341313,17.68416064,8.050085537813917,103.30108816400076,-80.0,-15.145325910554424,-65.18824046801913,-80.0,lines.txt
127,226,1,1817,True,3.5127363426679405,-73.48466584344385,165.32234263206465,2,175,0.2509453566007658,0.50189071320153,67,9,bottom_left,49.0,-37.75,290.5,2,6.9374467300216285,0.3289213971779895,0.1409663130762812,0.9337768539946572,1,0,0.08102841443538451,0.2509453566007675,-0.0009999990000015002,0.0009999990000015002,0.9999990000015,20.998794661350423,5.48815212,2.0239516307168106,245.32258795428461,-80.0,3.7580586853000053,-73.72998818607591,-80.0,lines.txt
129,226,1,1845,True,-3.3796613283826513,-75.79422490031607,136.3078631777053,2,97,1.9361464871483953,3.872292974296791,39,2,bottom_right,-49.0,-99.25,290.5,2,23.833645674030347,-0.019990996083939647,0.17392166593027492,0.9845565571340277,1,0,0.057295760416576934,1.9361464871483953,-0.0,0.000999999500000375,0.999999500000375,10.02562683261328,6.69058718,2.2177591826318346,216.30797133160985,-80.0,-3.3796613283826513,-76.01053276349377,-80.0,lines.txt
146,226,1,2008,True,-0.9254418357540344,-76.788542900587,54.29818061107146,2,119,0.23071853291665648,0.4614370658333211,37,5,top_left,110.5,-74.25,290.5,2,5.9497959641590565,0.4239124711111404,-0.09398059501048867,0.9008140011111734,1,0,7.97821400096217,0.2307185329166608,-0.1340434371115766,0.03601166967176684,0.9903209159735881,33.706841516535235,10.66525311,4.953658547088335,135.61076863558156,-80.0,17.252291701502106,-81.67211310462596,-80.00000000000001,lines.txt
147,226,1,2010,True,-1.0117735163524266,-65.7818285751388,52.23062591250977,2,149,0.0032116285428331836,0.006423257085669917,67,9,bottom_left,49.0,-37.75,290.5,2,6.650705454650663,0.1390124421703863,0.02000179024034335,0.9900886168969959,1,0,0.6705992824359063,0.0032116285428323973,0.003999726028150287,0.010999246577413288,0.9999315070375716,7.779295115662111,12.85053942,4.2076211456133965,132.23968340017643,-80.0,-1.5406960200024657,-67.23636546017642,-80.0,lines.txt
178,226,1,2502,True,-10.33848085240228,-80.58762276117207,96.07156210029622,3,117,1.672573508553026,2.0638205047074507,48,6,bottom_right,-110.5,-38.0,290.5,2,2.103192234889626,-0.46313849911995175,0.15704696406443286,0.8722608449948118,1,0,0.925561128078847,2.9539000209516266,0.005999217153238922,-0.014998042883097303,0.9998695255398202,29.886615742211674,8.19517892,3.504221315964632,176.09453794007453,-80.0,-11.394910225004057,-77.94654932966763,-79.99999999999999,lines.txt
185,226,1,2607,True,-4.736589960866869,-60.73298514851693,99.3990111814889,3,236,0.9305345352571663,0.6364677400337433,41,6,bottom_left,-135.5,-38.0,290.5,2,5.239370720625007,-0.5180067341313158,0.02500032500633764,0.8550111152167472,1,0,1.5843190403363392,0.31823387001687115,-0.02099197210571083,0.017993118947752136,0.9996177193195632,30.001985361058637,6.70444481,2.87344846365439,179.4676181846849,-80.0,-0.9692107260556018,-63.96216734978373,-80.0,lines.txt
198,226,1,2792,True,-3.1275263704776854,-70.4791174821677,21.435866480396985,2,112,1.34130353973315,2.68260707946631,57,1,top_left,-135.5,-74.25,290.5,1,3.790662253373933,-0.4161621267286927,-0.07302845012306386,0.9063530933081625,2,0,12.537214309312185,1.3413035397331543,0.1650262412587061,0.14102242434834883,0.9761552210211948,36.31580129113123,14.66852398,7.261964357160086,103.91366485166252,-80.0,-20.276007896364472,-85.13327442247095,-80.0,lines.txt
233,226,1,3238,True,3.145428543579186,-65.88897117908407,75.76474934174516,2,65,1.7544038293314226,3.508807658662848,10,7,top_right,-49.0,-12.75,290.5,1,22.093379097520696,0.0679785221799507,-0.0019993682994103147,0.9976847814057471,2,0,7.634469371187733,1.7544038293314226,0.02200301461951846,-0.13101795068895086,0.9911357949064906,7.862677538657821,13.05522491,4.276350114959631,157.1578285662066,-80.0,-0.3125174559348336,-45.29847454561421,-80.0,lines.txt
238,226,1,3351,True,3.143912923384464,-79.5448935720238,66.42589055436224,3,128,0.8157412342455782,1.933262999457945,12,10,top_left,110.5,-13.0,290.5,3,1.1436843659906142,0.43295952017720674,0.246976908738499,0.8669189468675248,1,0,0.8763885393098965,0.5139607032787973,-0.0029996490615884904,-0.014998245307942451,0.9998830205294968,30.47906063928111,10.37001802,4.487829061754578,146.44302138146233,-80.0,3.5831905950475504,-77.34850521370836,-80.0,lines.txt
244,226,1,3431,True,1.129447766916828,-79.30378379189881,114.15109988684031,2,102,0.9269499245794373,1.8538998491588767,67,9,bottom_left,49.0,-37.75,290.5,1,20.17967679981149,0.00299969254727005,-0.013998565220593567,0.9998975157566833,2,0,8.531773345406808,0.9269499245794351,-0.04299711928950817,-0.1419904869560502,0.9889337436586879,7.823927043949624,7.68261459,2.516036984375379,196.32366792193102,-80.0,9.570799935909884,-51.42769058266593,-80.0,lines.txt
245,226,2,50,True,-4.898056634792726,-81.01734699838894,67.10009775890151,3,128,0.577710162324438,0.464243310856215,35,6,top_left,-135.5,-13.0,290.5,3,3.5150528793447697,-0.5071557207130587,0.19606019972339153,0.8392576916730892,2,0,2.8908947497366198,1.2688871761170963,0.038989357357963675,-0.031991267575765064,0.9987273846309156,35.69408653796093,9.515009,4.636901485926168,147.2875381436177,-80.0,-10.640703093848941,-76.30543195506077,-80.0,lines.txt
246,226,2,101,True,-3.620267403073011,-77.25328188472719,35.76074926492025,3,112,1.4375427490970794,0.13432847353085484,17,7,top_left,-74.0,-12.75,290.5,3,17.384501656831333,-0.10404641505398032,-0.016007140777535435,0.9944436208043889,1,0,4.425177321599495,0.06716423676542112,0.0520009880281589,-0.057001083030866484,0.9970189435398926,9.255462820777177,13.23636331,4.367526419346548,116.10687040099198,-80.0,-9.657939380781992,-70.6350645245462,-80.0,lines.txt
250,226,2,155,True,-2.3260780390769806,-75.22989966116826,41.89606211972368,2,103,0.6899961328094586,1.3799922656189234,18,10,bottom_left,110.5,-38.0,290.5,2,1.465339781524456,0.4138526946563879,0.10996086089904028,0.9036783477521129,1,0,4.582269295875161,0.6899961328094573,-0.07898444159735707,0.011997636698332719,0.99680364901981,29.608548837920413,12.81777777,5.450505008640529,122.286934081339,-80.0,7.332687163990393,-76.69705386922912,-80.0,lines.txt
258,226,2,291,True,-2.42010959750717,-73.05754864008776,114.62061609296384,3,144,1.8826080355083594,1.1440790209440694,27,2,top_left,-74.0,-74.25,290.5,2,31.675962212527484,0.1579513584712331,0.08597352423117749,0.9836970679474263,1,0,2.575965693953098,0.5720395104720337,-0.04199955900694564,0.01599983200264596,0.9989895106652068,12.192180189410943,6.42431658,2.1613594337348405,194.81747707578023,-80.0,5.762138526521341,-76.17459554447957,-80.0,lines.txt
270,226,2,506,True,-0.1092469798688615,-74.75211979966612,91.69124501106852,2,146,0.48340365137807484,0.9668073027561479,18,10,bottom_left,110.5,-38.0,290.5,2,2.922288998575882,0.4848715260661338,0.10897112647671874,0.8677700713925859,1,0,0.6405595999810885,0.4834036513780758,-0.009999375058587648,0.004999687529293824,0.9999375058587648,30.29810348848627,7.41007925,3.195000411823957,171.7019753785682,-80.0,1.6076654702418236,-75.61057602472147,-80.00000000000001,lines.txt
271,226,2,520,True,3.6624295801546762,-72.03346001824696,113.67914860853128,2,147,0.059428239414381925,0.11885647882876392,27,2,top_left,-74.0,-74.25,290.5,2,5.349091592053075,-0.4338739779114671,-0.09697183377283942,0.8957398253656095,1,0,0.6405595999810885,0.05942823941437686,0.004999687529293824,0.009999375058587648,0.9999375058587648,26.805192326839766,7.68807077,3.1019989868388143,193.69125317706334,-80.0,2.69403383711202,-73.97025150433227,-80.0,lines.txt
281,226,2,610,True,2.338768198573617,-73.92182861339005,57.47403669306538,2,203,0.03410835759314626,0.06821671518628669,27,2,top_left,-74.0,-74.25,290.5,1,1.5210858262991334,-0.32813768264286297,-0.021008815047256473,0.944396257362386,2,0,6.557079387649723,0.03410835759314835,0.11205172380856182,0.022010160033824642,0.9934585869812668,25.711789382089005,14.21675388,5.62920584949113,138.37923240544467,-80.0,-13.166863331762055,-76.9675776639917,-80.0,lines.txt
286,226,2,748,True,-1.0202156034358527,-71.10681098952958,92.53542691458549,3,168,1.4848830550536967,0.09410471458466704,48,6,bottom_right,-110.5,-38.0,290.5,3,1.078238432153544,-0.4938980205870362,0.13597192469602618,0.8588226714256358,2,0,1.271963761141099,0.04705235729232762,0.017995564639907036,-0.012996796684377303,0.9997535911059464,32.00996954143287,6.63529732,2.966185839460543,172.57795165679127,-80.0,-4.125853287898392,-68.86385043963996,-80.0,lines.txt
295,226,2,896,True,-2.8556167605121967,-73.35301440596604,126.47543001085373,2,99,1.0530899017459752,2.1061798034919583,67,9,bottom_left,49.0,-37.75,290.5,2,5.505925379266158,0.25203213614616865,0.12101543045113651,0.9601224234139756,1,0,0.6090395508797664,1.053089901745968,-0.007999548038303394,-0.006999604533515469,0.9999435047879242,16.82268677751517,6.07672428,2.131788488735179,206.48709554310736,-80.0,-1.2038133204253667,-71.90768639589005,-80.0,lines.txt
310,226,2,1140,True,2.2849435410231047,-83.19777880652835,89.1305335382518,3,155,0.578430606876589,0.8396155963768567,48,6,bottom_right,-110.5,-38.0,290.5,3,5.56784418461241,-0.5316895838980535,0.11193464924169548,0.839509869312716,1,0,1.6382527610412185,0.8956762242529079,0.01699305126275982,-0.022990598767263285,0.9995912507505775,34.15127807139962,8.10814149,3.80547308354545,169.19969378608937,-80.0,-0.590275529127176,-79.30777653514856,-80.0,lines.txt
311,226,2,1154,True,-2.495485459281579,-66.51449350198982,58.974653489212,2,151,0.33026170695328705,0.6605234139065811,31,5,top_right,135.5,-74.25,290.5,2,3.6227900358407426,0.4970303197742876,-0.09000549050238607,0.8630526478173243,1,0,5.437663672972047,0.3302617069532855,-0.0749623408831832,0.05797087694966168,0.995499886928673,35.244936221184524,11.24595382,5.419554345790099,139.60288224439495,-80.0,7.969473387797638,-74.60739501039775,-80.00000000000001,lines.txt
313,226,2,1165,True,1.4193522980459898,-69.02047388163095,35.635725823640485,2,115,0.11492996527681944,0.22985993055363252,12,10,top_left,110.5,-13.0,290.5,2,2.8096380135869903,0.4091008557929619,0.15503822163302958,0.8992216854715716,1,0,9.462933830219125,0.11492996527682268,-0.15306085378647497,-0.06002386422999018,0.986392168846172,35.40651621357278,15.68399957,7.5885728019253,117.23098527729076,-80.0,19.36282699481779,-61.98381713779887,-80.0,lines.txt
333,226,2,1448,True,-4.4199610522402555,-67.31917943397684,109.37495258631917,2,108,1.0783502455191205,2.1567004910382446,46,2,top_right,-49.0,-74.25,290.5,1,14.315946290757914,0.004999875004687305,0.004999875004687305,0.999975000937461,2,0,6.994234602482212,1.0783502455191272,0.09595730849446739,0.07496664726130264,0.992558409739647,6.592303967654408,5.8853127,1.916973156164767,190.79476908164344,-80.0,-22.728113568138184,-81.6224235870221,-80.00000000000001,lines.txt
353,226,2,1712,True,-2.9342321700900467,-73.43083561194123,48.850010290813756,3,126,0.8377958005903792,0.08580695533613143,41,6,bottom_left,-135.5,-38.0,290.5,3,1.547644102485156,-0.4608702832703201,0.10896932945003229,0.8807521031695271,1,0,7.836886890412178,0.04290347766805913,0.13095509010482062,-0.037986972702161705,0.9906602617853224,36.095769598233595,13.074306,6.4364220575365065,130.06478129909664,-80.0,-19.966877324577034,-68.49006831521982,-80.00000000000001,lines.txt
361,226,0,182,True,7.818304466069147,-72.06478589916405,76.23212006681244,2,106,0.42396528641249165,0.8479305728249815,37,5,top_left,110.5,-74.25,290.5,2,8.159016466032226,0.3800613848708853,-0.1410227770178811,0.9141476467683926,1,0,1.5760174475884354,0.4239652864124894,-0.025990164583705476,0.008996595432821126,0.999621714757903,25.490686120501948,12.18515584,4.806973588580505,156.29124273740902,-80.0,11.88033958780627,-73.47087497976537,-80.00000000000001,lines.txt
362,226,0,188,True,-4.079965987098636,-74.5385713519444,65.11713477071027,2,172,0.08228878624332514,0.16457757248664856,57,1,top_left,-135.5,-74.25,290.5,2,4.190831027455626,-0.4818015386407015,-0.0679720013020077,0.8736401343816871,1,0,5.188603483504682,0.08228878624332729,0.0739927490658699,0.05199490474898966,0.9959024063460329,33.81113991358366,9.27450407,4.318196866311843,145.71421240274458,-80.0,-14.861761140745784,-82.11496794639915,-80.0,lines.txt
392,226,0,658,True,-0.6956823114947686,-71.33012636714159,101.26735236682177,3,146,1.6349679237099668,0.2108808800717208,27,2,top_left,-74.0,-74.25,290.5,2,4.43595610546307,-0.4089137283040318,-0.07098502373981969,0.9098080507498018,3,0,1.7838902697901682,0.10544044003585552,0.022988853108708227,0.020989822403603167,0.9995153525525317,26.04144770710087,5.92759666,2.3602037190901717,181.35524572374678,-80.0,-4.864831415931668,-75.13674076684485,-80.0,lines.txt
403,226,0,825,True,-2.902693131327439,-77.9962236136486,67.88083014848979,2,157,0.4805811051705755,0.9611622103411563,18,10,bottom_left,110.5,-38.0,290.5,2,1.4884572714001116,0.45983701666127164,0.13495216793319928,0.8776889144099924,1,0,4.797931135396722,0.4805811051705839,-0.06703335739502111,-0.05002489357837396,0.9964958800812093,33.171351082082644,10.15493317,4.658769227912889,148.4008445036805,-80.0,7.04511371601073,-70.57248716041116,-80.0,lines.txt
442,226,0,1478,True,1.8819520544486257,-70.45466169795519,89.5265978036594,2,96,0.08080016196522094,0.1616003239304457,29,6,top_right,-110.5,-13.0,290.5,1,31.823581741922606,0.0009999015145509865,0.013998621203713809,0.9999015145509863,2,0,8.150719631327938,0.08080016196521961,0.138985754690179,-0.027997130441187134,0.9898985405991165,8.291139637868783,7.82484602,2.5685407424852005,171.25653877725367,-80.0,-21.920267233135878,-65.65997004290219,-80.0,lines.txt
453,226,0,1577,True,4.170872386294198,-68.11969561670534,103.20532862022878,3,249,1.8772720609172031,0.702093262466448,18,10,bottom_left,110.5,-38.0,290.5,2,5.9017223536934775,0.4651484060160554,0.04101308526163069,0.8842821310068666,1,0,2.4970668021475304,4.9297229202851724,0.037001868641550785,0.02300116158799103,0.9990504533218713,25.631190846196517,6.49591448,2.5686190227339947,183.37945597348545,-80.0,-2.614510155195756,-72.33763611546937,-80.0,lines.txt
470,226,0,1830,True,-3.6939055866428814,-69.78010059691618,43.95345751672178,2,124,0.35071805781278353,0.7014361156255645,27,2,top_left,-74.0,-74.25,290.5,2,3.317070074847106,-0.2678701144840785,-0.07496365144143988,0.9605342538029829,1,0,4.969718920222266,0.3507180578127931,0.07401787747637656,0.0450108714383371,0.9962406211685276,20.977371997173712,14.22246421,5.243535967607244,124.42120395706428,-80.0,-12.903299016600123,-75.38040741243073,-80.0,lines.txt
506,226,0,2360,True,4.450554513204369,-78.24062443590395,59.82493364461891,2,54,0.8083888890372722,1.6167777780745498,63,9,top_left,49.0,-12.75,290.5,2,14.759605026710748,0.08099914951339514,0.03799960100628414,0.9959895421647106,1,0,7.071838771637986,0.8083888890372735,-0.077030471578456,-0.0960379905393737,0.9923925689068616,11.895879406869671,10.18447071,3.418850767306611,140.89679631382026,-80.0,15.303901177151605,-64.70917924448922,-80.0,lines.txt
513,226,0,2501,True,-6.806360059626505,-73.78688209911996,70.95725107647124,2,100,0.19798907194600002,0.3959781438920086,29,6,top_right,-110.5,-13.0,290.5,2,4.056464097588272,-0.4370286263125659,0.17601152913274964,0.8820577766766204,1,0,4.006045394966416,0.19798907194599522,0.057974236176757114,-0.0389826760498884,0.9975566845586827,32.03709530282323,9.4127061,4.210267224865639,151.32699064941303,-80.0,-15.579426755453493,-67.8877510450294,-80.0,lines.txt
519,226,0,2589,True,-4.6311283573058795,-81.47734462193647,90.77802574604607,2,187,0.3695998137960474,0.7391996275920892,31,5,top_right,135.5,-74.25,290.5,1,5.40291569176448,0.5189686033492174,-0.03799770120861322,0.8539483376883076,2,0,3.6234028135283687,0.3695998137960471,-0.0630000630000945,0.0050000050000075,0.998000998001497,34.97959627970298,7.22081953,3.457207348080308,171.12009515825144,-80.0,6.149448418246127,-82.33294595332949,-80.0,lines.txt
523,226,0,2684,True,-7.554940940738643,-64.03937962455248,98.26647966954081,3,107,1.085754027248809,0.11605222426003564,27,2,top_left,-74.0,-74.25,290.5,3,4.990604844457919,-0.284137555873624,-0.12606102831012897,0.9504601340843056,1,0,2.772800492016895,0.05802611213001014,0.045992136017054146,0.014997435657735049,0.9988292148051542,20.870397197111597,11.24002908,4.138060071052812,178.47543606773257,-80.0,-15.76340747206885,-66.7160534934645,-80.0,lines.txt
530,226,0,2719,True,5.767738927163766,-70.77920642805994,76.0082324592354,3,120,0.7683142933582507,1.0982764312509723,5,10,top_right,135.5,-13.0,290.5,3,1.8379141028490167,0.47903185667773884,0.21501429892633372,0.8510565971456279,1,0,0.8726358337270335,1.2066664488237788,-0.01399837628252138,-0.005999304121080591,0.9998840201800986,32.54573532677607,11.06522086,5.00527880751458,156.026328364699,-80.0,7.9518541815930615,-69.84315703330452,-79.99999999999999,lines.txt
549,226,0,3016,True,-5.709885014820626,-65.64219255172713,99.42195529306488,2,175,0.4606330301501883,0.9212660603003874,18,10,bottom_left,110.5,-38.0,290.5,2,3.569665695579424,0.4859596670213864,0.07299394175424116,0.8709277159992337,1,0,3.3437831425981064,0.4606330301501819,-0.05401609919669845,0.022006558931988256,0.9982975370056492,32.34930477941164,7.4214194,3.342426774067168,179.72793545222336,-80.0,3.998316974984487,-69.59738595498106,-80.0,lines.txt
560,226,0,3160,True,-8.052399393543507,-73.9472751394412,28.427490631084105,2,60,0.5383347659868063,1.0766695319736062,46,2,top_right,-49.0,-74.25,290.5,2,6.044187963453504,-0.16298647268412755,-0.10599120309519951,0.9809185871357614,1,0,5.767530109699836,0.5383347659868065,0.08599462550385376,0.05199675030465577,0.9949378183294709,16.976255145624872,17.74129671,6.234006273553185,108.97916295225059,-80.0,-17.42402169934575,-79.61383746387978,-80.0,lines.txt
567,226,0,3265,True,2.338941708297946,-69.92783510823162,125.08789961102087,2,111,0.9788186570548442,1.9576373141096892,46,2,top_right,-49.0,-74.25,290.5,2,26.05923433647778,0.13905138898409913,0.08803253403309871,0.9863645290526744,1,0,0.12811704428779072,0.978818657054847,-0.000999997500009375,0.00199999500001875,0.9999975000093749,9.460526166085671,6.09440584,2.013309465670849,205.08841233012902,-80.0,2.544029607908967,-70.33801090745366,-80.0,lines.txt
572,226,0,3316,True,0.8081724605359752,-73.2675541613288,78.39315756504533,2,105,0.6936381949414967,1.3872763898829883,67,9,bottom_left,49.0,-37.75,290.5,2,4.706498396695981,0.2559169684134397,0.0879714578921199,0.9626876585239937,1,0,1.032802477270299,0.6936381949414937,-0.01799707571277571,0.0009998375395986506,0.9998375395986506,16.661881876745003,13.87575513,4.859570459011119,158.41889436220472,-80.0,3.6592492967067907,-73.42594731889385,-80.0,lines.txt
580,227,1,65,True,-7.205668640650677,-70.52983553531908,115.63956494144176,2,140,0.1502821753121444,0.3005643506242843,4,7,bottom_right,-49.0,-37.75,290.5,2,9.366923109125764,-0.20107622233513575,0.020007584311953805,0.9793712520701386,1,0,1.0702489997159397,0.15028217531213503,-0.01799685982191771,0.004999127728310476,0.9998255456620952,10.605042047775825,6.5535432,2.1803441309998766,195.67370106740685,-80.0,-3.6841564717047257,-71.50803336002629,-80.0,lines.txt
590,227,1,169,True,-4.654839512251359,-72.96824924789031,105.6340618204801,2,132,1.411019360020083,2.822038720040159,12,10,top_left,110.5,-13.0,290.5,1,37.79007931219411,-0.0580148246818013,0.011002811577583005,0.9982550867661673,2,0,13.085668217426482,1.4110193600200829,-0.18100606380470788,-0.1360045562289518,0.9740326306396988,11.086609622951855,7.49149772,2.500438770283673,190.58300100127485,-80.0,29.841839327078105,-47.04809277193005,-80.0,lines.txt
593,227,1,238,True,-1.0373217473227685,-74.60941258202796,95.47121480301986,3,106,1.0439116609884602,0.7817707142880489,18,10,bottom_left,110.5,-38.0,290.5,2,2.7707223769614058,0.5210904170317131,0.12602186669097093,0.8441464721204718,1,0,0.6328268353616998,2.3499642686773417,-0.01099932906139026,-0.0009999390055809327,0.9999390055809327,33.045549112785864,8.24091497,3.769866066268458,175.48191822067852,-80.0,0.8928616155104496,-74.43394136722493,-79.99999999999999,lines.txt
599,227,1,314,True,-0.21026012307415665,-61.85806508755893,32.50501557793774,2,95,0.6373769744873948,1.2747539489747897,37,5,top_left,110.5,-74.25,290.5,2,4.748856907786938,0.3540077882570134,-0.11600255208421908,0.9280204166737527,1,0,11.682412108698271,0.6373769744873918,-0.2010585165437105,0.024006987049995283,0.9792850134143909,33.4013040968909,18.99415743,8.759975015867836,114.88485378294102,-80.0,22.888318151865054,-64.61610428456659,-80.0,lines.txt
602,227,1,360,True,-3.4351033852675252,-76.67314506633033,108.03317666260837,3,54,1.1848508563231184,0.8225915343998254,63,9,top_left,49.0,-12.75,290.5,2,7.4653318729901885,0.2920898314368744,0.19505999017188533,0.9362879528250496,1,0,2.8289924195613065,0.4112957671999154,-0.04898927252384733,0.00599868643149151,0.9987812908433362,22.77861465759039,6.69388255,2.5310075815876814,188.26261403418928,-80.0,5.787745119705257,-77.80247345469435,-79.99999999999999,lines.txt
603,227,1,369,True,1.6668258727516392,-72.59512606165742,81.98632832654314,2,92,0.37589633809411693,0.7517926761882429,27,2,top_left,-74.0,-74.25,290.5,2,7.2730591096266215,-0.33994612280896386,-0.1339787660482387,0.9308524715739569,1,0,4.657039534640953,0.37589633809411593,0.0799758109752168,0.013995766920662943,0.9966985442786395,26.010107332313208,9.23864499,3.676606345974202,162.52289045308152,-80.0,-11.331074093269876,-74.86975855571119,-80.0,lines.txt
606,227,1,410,True,-7.271333315997941,-75.72674085560048,62.56543839726676,2,80,0.35958069986557745,0.7191613997311564,67,9,bottom_left,49.0,-37.75,290.5,2,4.346076654414137,0.2641034167354422,0.08903486397520588,0.9603760608561533,1,0,3.471340668944243,0.35958069986558416,-0.05200860813702897,-0.03100513177399804,0.9981652100145176,19.589692762903667,14.28423202,5.17286292780995,142.8274968581536,-80.0,0.15692599929050655,-71.29835549456314,-79.99999999999999,lines.txt
614,227,1,495,True,5.179127241547123,-62.82884584565153,94.72686909104745,2,142,0.3513646229598155,0.7027292459196286,27,2,top_left,-74.0,-74.25,290.5,2,5.266567575731209,-0.3240251129194146,-0.13001007617137006,0.937072625942875,1,0,4.0974521126808225,0.351364622959811,0.0510227101601567,0.05002226486289873,0.9974439613662006,24.266825247890353,6.00416,2.3221414021482625,175.17462219303403,-80.0,-3.758756734023006,-71.59147719424969,-79.99999999999999,lines.txt
618,227,1,564,True,0.39264010137286043,-80.9996153175048,74.26754399108322,2,117,0.15496760915561136,0.3099352183112203,24,7,bottom_left,-74.0,-37.75,290.5,1,26.501160917438252,0.07803418646214598,-0.032014025215239376,0.9964365348243255,2,0,17.227354986175992,0.1549676091556012,0.27803990158902253,-0.10201464015136796,0.955137072005455,12.393671359654604,12.93138157,4.3572310979772135,161.51351309940796,-80.0,-44.51456118608383,-64.52287239908544,-80.0,lines.txt
627,227,1,735,True,-3.380470089410408,-62.819801067929596,58.58797796862177,2,155,0.11559166200387011,0.23118332400773464,59,9,top_right,74.0,-12.75,290.5,1,18.961786379262126,0.03699500601125997,0.029995950819940515,0.9988651623040192,2,0,3.6446028019397003,0.11559166200387036,-0.059998650045560785,0.02099952751594628,0.9979775457578278,5.583621882801826,8.33364228,2.704272022528785,138.86883383070818,-80.0,4.951472473833385,-65.73598096506493,-80.0,lines.txt
629,227,1,749,True,-2.266500684162902,-66.92473220616951,79.22742604447978,2,97,0.2939792926811703,0.5879585853623494,17,7,top_left,-74.0,-12.75,290.5,1,22.825474101833915,-0.007999680019198721,-0.0039998400095993605,0.9999600023998401,2,0,13.535975422222519,0.29397929268116935,0.20604729328133498,-0.11102548327295235,0.9722231508226097,13.837000780512238,9.99802248,3.4086152743819973,163.77662464605532,-80.0,-36.012230895235774,-48.7413533060283,-80.0,lines.txt
639,227,1,855,True,2.6781359556937487,-70.85117479446787,38.260378396999585,2,129,0.28530723263356267,0.570614465267125,18,10,bottom_left,110.5,-38.0,290.5,1,2.6202930461292184,0.4030447404494227,0.07500832638636898,0.9121012488582468,2,0,9.964125600116539,0.2853072326335567,-0.17198538186378595,-0.018998385205883334,0.9849162856734255,34.14696200133312,16.47425814,7.731234049396836,120.07150264160813,-80.0,23.328679188469305,-68.57001013503336,-80.0,lines.txt
643,227,1,943,True,-2.645730146012607,-78.90421999505497,101.70910744797118,2,180,0.3887213573591018,0.7774427147182085,57,1,top_left,-135.5,-74.25,290.5,2,7.737885411205697,-0.5498273812991546,-0.11196484855546421,0.8277401303921819,1,0,0.29214976583651825,0.3887213573590997,0.004999935001267473,-0.0009999870002534946,0.9999870002534945,34.40215662641036,8.11759453,3.8327177309065226,181.71146965101377,-80.0,-3.5542756832524627,-78.722510887607,-80.0,lines.txt
654,227,1,1130,True,3.574106687615325,-71.55864976046632,69.83051544069215,3,127,0.6906124502892798,0.4958348606611992,18,10,bottom_left,110.5,-38.0,290.5,3,3.2075115628738082,0.4337484987849181,0.07995364032901717,0.8974796126932177,1,0,2.1700638138282184,0.24791743033058614,-0.03701047544703707,-0.008002264961521528,0.9992828370700009,28.34039078888266,12.1149647,5.026899774455076,149.93804544868448,-80.0,9.123385037270591,-70.3588057929733,-80.0,lines.txt
664,227,1,1236,True,-5.752068420005325,-71.07183016266404,98.22334325207021,2,92,0.15107699506420164,0.30215399012839966,43,5,bottom_left,110.5,-99.25,290.5,2,2.9349325725508346,0.5069974650190123,-0.17499912500656245,0.8439957800316498,1,0,1.61405370058823,0.15107699506421,-0.012994842071343361,0.024990080906429544,0.9996032362571817,33.6229699073915,6.48011444,3.0039364105092745,178.29408388011285,-80.0,-3.4351649577284125,-75.5274137439658,-80.0,lines.txt
668,227,1,1301,True,-2.0506153218018457,-71.2833790921569,110.85591448519526,2,172,0.3601648746003554,0.7203297492007121,48,6,bottom_right,-110.5,-38.0,290.5,2,5.873287252609169,-0.5220757064665545,0.05500797673498179,0.8511234218449001,1,0,3.377464527199767,0.3601648746003543,-0.03801001695937711,0.045011862188736054,0.9982630769857463,29.31218179720878,6.22172053,2.630247813682634,191.18799331082582,-80.0,5.216443546371922,-79.88910669920479,-80.0,lines.txt
674,227,1,1460,True,3.0201288701341635,-62.196296473131355,120.7453328040435,2,101,1.5960133113505948,3.1920266227011886,46,2,top_right,-49.0,-74.25,290.5,2,25.71585452634599,0.019001092594237157,0.2500143762399626,0.9680556648011351,1,0,2.3043241859939245,1.5960133113505943,-0.004000766220103751,0.04000766220103751,0.9991913634709119,12.258577476743952,5.87382739,1.9771487105280754,200.90779418540035,-80.0,3.8239139864666702,-70.23414763645641,-80.0,lines.txt
676,227,1,1465,True,4.703078252527617,-79.74784000880372,85.92001746681137,3,123,1.5735833616628039,1.3871408512735106,41,6,bottom_left,-135.5,-38.0,290.5,2,5.04397863005766,-0.5699244900072796,0.07898953457995632,0.8178916365367628,1,0,0.5435391849439736,3.333609233714898,-0.0029998650091118168,-0.008999595027335449,0.9999550030372722,35.0297955218283,8.29623181,3.9769741772645135,165.92748369961092,-80.0,5.200838304928051,-78.25455985160242,-80.0,lines.txt
677,227,1,1529,True,-5.753992865998313,-68.57554060001945,40.128233020479044,3,171,1.480596462364624,1.469143241317167,41,6,bottom_left,-135.5,-38.0,290.5,2,4.702473749241413,-0.4629905087918537,0.02599946701638919,0.8859818375584932,1,0,5.347607456057636,0.7345716206585786,0.0859695721562321,0.03598726276307391,0.9956476031117115,32.51420113609651,13.01888015,5.884870534273308,120.65336434802894,-80.0,-16.12651097820835,-72.91752492606086,-80.0,lines.txt
678,227,1,1541,True,-1.7879483483085874,-71.83275358200441,129.54914926109922,2,124,0.20483767003519604,0.40967534007039536,27,2,top_left,-74.0,-74.25,290.5,2,6.041242734076347,-0.44899236719463603,-0.10799816404681668,0.8869849213845037,1,0,0.960362333944243,0.20483767003520148,-0.004999297648017215,0.015997752473655088,0.9998595296034429,27.45449933258421,5.85399809,2.38957397013351,209.57858884858464,-80.0,-0.7402026020030912,-75.185539970182,-80.0,lines.txt
685,227,1,1714,True,0.37451043633783077,-79.72761168121247,38.807996663211796,2,100,2.0887319763587273,4.177463952717455,59,9,top_right,74.0,-12.75,290.5,2,27.514985679174224,-0.14306446506554032,0.023010368507044947,0.9894458458029327,1,0,8.7306805352737,2.0887319763587255,-0.12505222020518006,-0.08603592750116386,0.988412748501743,6.336058470820627,13.64545511,4.440116617438661,120.20079348764317,-80.0,15.405886532391957,-69.38602492712722,-80.0,lines.txt
689,227,1,1824,True,0.32359411300356944,-59.99152127171853,86.25359200332326,3,152,1.5767655300149628,0.16917457279237175,37,5,top_left,110.5,-74.25,290.5,3,5.199118453078613,0.4420209964960122,-0.14600693549415786,0.885042040495409,2,0,3.841173562327891,0.08458728639618797,-0.05298691384821969,0.04098987675050957,0.9977535852928916,31.38933814629996,8.8768007,3.9154669585536173,166.6279073850878,-80.0,9.152692686326347,-66.82157865862861,-80.0,lines.txt
722,227,0,233,True,4.041065203374515,-70.0822126912939,86.84739132498092,2,137,1.2459176798210017,2.491835359641993,54,9,bottom_right,74.0,-37.75,290.5,2,6.5761201674550644,0.3121295606570898,0.03501453404807098,0.9493940803319814,1,0,0.33408514785405286,1.2459176798210023,-0.0029999490013004632,0.004999915002167439,0.9999830004334878,18.447022823241667,9.37457516,3.3485331159277103,166.8502277065244,-80.0,4.541607377349458,-70.91644964791881,-80.0,lines.txt
723,227,0,270,True,6.202854546152827,-68.91184246876637,28.40105784718981,2,122,0.545608313887752,1.0912166277755064,31,5,top_right,135.5,-74.25,290.5,2,6.557420876139652,0.41803657980116893,-0.1300113764931865,0.899078672825959,1,0,13.833264295173075,0.5456083138877479,-0.22799897400692548,0.07199967600218699,0.970995630529494,39.795949447001554,16.13362949,8.784607480976193,111.63907894011591,-80.0,31.65645000357742,-76.94981998163729,-80.0,lines.txt
731,227,0,401,True,-2.972867497192335,-71.17829006653042,60.0225523059954,2,152,0.13578933820853745,0.27157867641708017,31,5,top_right,135.5,-74.25,290.5,2,4.50859476656974,0.4672311029347368,-0.0690341458297577,0.8814359779132829,1,0,5.080526074078921,0.13578933820854355,-0.07900564910587383,0.04000286030677156,0.9960712216386118,33.039220498015844,11.21274888,5.128615949350378,140.57483969434213,-80.0,8.133338960813324,-76.80168574147,-80.0,lines.txt
746,227,0,644,True,-3.8013312432924375,-77.73438589665726,114.26849819835718,2,175,0.5776070571588254,1.1552141143176449,50,5,bottom_right,135.5,-99.25,290.5,2,2.191531422365056,0.6008909481884578,-0.1289765928723978,0.7888568354753631,1,0,1.1123430357474933,0.5776070571588265,-0.003999246213126544,-0.018996419512351082,0.999811553281636,37.93066896912085,6.21703931,3.2120601102040234,194.3051143595196,-80.0,-3.0242572504990086,-74.04328443088848,-80.0,lines.txt
748,227,0,663,True,-0.376419716080103,-67.08162023403708,88.09850389480067,2,165,0.8416210680700973,1.6832421361401932,43,5,bottom_left,110.5,-99.25,290.5,1,30.22050521437368,-0.003999320173350885,0.01799694078007898,0.9998300433377212,2,0,8.365079817941293,0.8416210680701004,-0.11804309359517917,0.08503104199652738,0.989361182759595,7.608709322741988,6.87136833,2.248066372771714,169.90610388203086,-80.0,19.6798224068587,-81.52891328869639,-80.0,lines.txt
763,227,0,916,True,2.056691826569559,-68.96398039056461,80.23243107609238,2,93,3.7790388297647226,7.558077659529446,39,2,bottom_right,-49.0,-99.25,290.5,2,10.084713869458758,-0.0700059507587325,-0.20101708717864616,0.9770830555897377,1,0,0.925561128078847,3.779038829764719,0.005999217153238922,0.014998042883097303,0.9998695255398202,13.214588953369327,8.01341181,2.7177627049269457,160.25334004412665,-80.0,1.0952972401130046,-71.367466856706,-80.0,lines.txt
767,227,0,1048,True,1.105130874279259,-71.84102054435346,100.78056697702799,2,151,0.1943604183063712,0.3887208366127336,4,7,bottom_right,-49.0,-37.75,290.5,2,6.02127903789584,-0.2600704886549328,0.06701816438415577,0.9632610791334626,1,0,0.33408514785405286,0.19436041830636308,0.0029999490013004632,0.004999915002167439,0.9999830004334878,15.677149232833974,7.35581631,2.550607070800896,180.78364022054424,-80.0,0.562789173348175,-72.7449233792386,-80.00000000000001,lines.txt
777,227,0,1167,True,-1.4398739649309913,-63.00162028487395,98.43722608968969,2,115,0.3010163132814303,0.6020326265628582,37,5,top_left,110.5,-74.25,290.5,2,4.860606195481363,0.4682273796026011,-0.1270617034391674,0.874424636266396,1,0,3.5387091683512963,0.30101631328142625,-0.055005143221348037,0.028002618367231728,0.998093326089188,32.49435066757208,6.56908905,2.9680874276754023,178.77809762425446,-80.0,8.393840899731266,-68.00787512506565,-80.0,lines.txt
785,227,0,1357,True,-0.22253637560175754,-71.81369477324158,66.74760221646649,3,107,0.8918349942306576,0.7292550217093136,41,6,bottom_left,-135.5,-38.0,290.5,3,1.6386025824349628,-0.4888384655762809,0.1359550742707039,0.8617152501569615,1,0,0.6681475799778612,1.9462499609826651,-0.0059995920416112845,-0.009999320069352141,0.9999320069352141,30.31879148845399,11.22865981,4.843500173323335,146.7575807141598,-80.0,0.6579492376970413,-70.34621875107692,-79.99999999999999,lines.txt
787,227,0,1419,True,2.82497878207547,-78.380963049482,64.44496358476889,2,100,1.1127399854336928,2.225479970867378,24,7,bottom_left,-74.0,-37.75,290.5,2,5.213624954959655,-0.37091803617000907,0.09497901195727995,0.9237958636687019,1,0,7.908762675194595,1.1127399854336886,0.13306561752815113,-0.03501726777056609,0.9904884312245834,30.421154734962105,12.87987665,5.56740021825578,145.83205520753572,-80.0,-16.5802536995147,-73.27432292274776,-80.0,lines.txt
792,227,0,1469,True,2.0346612599615708,-79.66557196017595,63.492116918815626,3,134,1.04305812306415,0.5763851638344372,48,6,bottom_right,-110.5,-38.0,290.5,2,3.580069154661996,-0.4579858026601729,0.10299680714846682,0.8829726282727788,3,0,3.2572871383827557,2.55278920535802,0.0510196463464934,0.02500963056200657,0.9983844520353022,30.598451748282255,12.39900039,5.379120265974264,143.7243104360181,-80.0,-5.298102229877703,-83.26006386695991,-79.99999999999999,lines.txt
793,227,0,1475,True,-4.561323754054475,-71.71280634189276,106.65884361774363,2,126,0.2715108127166346,0.5430216254332785,27,2,top_left,-74.0,-74.25,290.5,2,5.314618972384438,-0.27699861501038753,-0.05999970000224999,0.9589952050359623,1,0,1.2179415002836274,0.27151081271662864,0.01399683707219215,0.015996385225362456,0.9997740765851535,17.457133034499154,7.27476352,2.5695656913553657,186.7010237505847,-80.0,-7.174547564702886,-74.69934783977666,-80.0,lines.txt
803,227,0,1651,True,-8.365057844119452,-70.26292005175756,46.34404839662024,3,86,1.1760063642813583,0.21651826573133645,27,2,top_left,-74.0,-74.25,290.5,3,5.64894444354349,-0.2850528822149313,-0.11002041067944718,0.9521766451530338,1,0,3.0839810138465777,0.10825913286565851,0.0309860903674368,0.04398025729571675,0.9985517508732052,20.425583029800265,16.49917838,6.0387991372235215,126.52729143595806,-80.0,-12.285643930501061,-75.82762288404113,-80.0,lines.txt
809,227,0,1762,True,0.03943119945260187,-75.69959181149905,49.50791979169239,2,141,0.0010684424841079527,0.002136884968210869,10,7,top_right,-49.0,-12.75,290.5,2,16.158426430289015,-0.057019903420046675,0.007002444279654855,0.9983484844422207,1,0,3.658517816163879,0.0010684424841100946,0.053997948116956594,-0.03399870807363934,0.9979620781615312,6.784794248398795,12.14993367,3.9606147712314423,129.77238577068468,-80.0,-6.968011354406506,-71.28749835166184,-80.0,lines.txt
815,227,0,1803,True,-2.8021752663666524,-73.60343071560743,95.65137934295112,2,110,0.44548147638054647,0.8909629527610939,54,9,bottom_right,74.0,-37.75,290.5,2,5.570700610065957,0.3771156036514946,0.07302238479193396,0.9232830296295214,1,0,0.9237866286906578,0.4454814763805447,-0.013998180354823123,0.007998960202756072,0.9998700253445088,23.296839721929192,8.01081539,3.052340333852133,175.67421253820447,-80.0,-0.34305595556533675,-75.00864175035105,-80.0,lines.txt
828,227,0,1984,True,-5.380853109900928,-71.05245307839273,53.77769790891525,2,115,1.589949917330691,3.1798998346613803,59,9,top_right,74.0,-12.75,290.5,1,23.447851134171263,-0.01699751004715378,-0.001999707064371033,0.9998535321855165,2,0,5.161087327862406,1.589949917330692,-0.03699798366483391,-0.08199553136530759,0.9959457224371505,4.731152034192269,13.25734265,4.290476874850834,134.32227770560795,-80.0,-0.4111996735255605,-60.038626543723,-80.0,lines.txt
829,227,0,1999,True,-5.751883290355623,-69.5108425645465,100.77733408824943,2,158,0.2726112264281403,0.5452224528562865,54,9,bottom_right,74.0,-37.75,290.5,2,6.201016399825557,0.32388083377572285,0.06797498980478134,0.9436527996428468,1,0,3.2828776094965115,0.2726112264281393,-0.05401942347473655,0.019006834185555453,0.9983589745886496,22.195482199535885,6.36909821,2.387997698522098,181.0744819144181,-80.0,4.0296558286478525,-72.9524952175292,-80.0,lines.txt
835,227,0,2091,True,6.1359081942121385,-67.01512847177844,64.8008182994582,2,61,0.8516024468718266,1.7032048937436455,10,7,top_right,-49.0,-12.75,290.5,2,3.3527389256489517,-0.28497577808825003,0.20698240724304473,0.9359204501424633,1,0,5.282982992714682,0.8516024468718213,0.06098481667073819,-0.06898282541444156,0.9957520885910696,25.80414060278075,14.31744969,5.677901847571728,145.41854338899034,-80.0,-2.7324150148912256,-56.983746481153325,-80.0,lines.txt
836,227,0,2098,True,7.838925602611708,-75.0273246602646,86.16418004639138,2,65,1.799462202020739,3.5989244040414743,10,7,top_right,-49.0,-12.75,290.5,1,23.714228319364754,0.016995632683528408,-0.01499614648546624,0.9997430990310827,2,0,8.667529982310132,1.7994622020207396,-0.022990219741807302,-0.148936640936056,0.988579448897714,8.041000325374792,13.50714609,4.428229338029998,168.08378955446403,-80.0,11.703208859504532,-49.99348964821979,-80.0,lines.txt
838,227,0,2127,True,-1.5946897756114597,-72.01286556766459,90.99712513436609,2,75,0.24508616556895407,0.4901723311379158,27,2,top_left,-74.0,-74.25,290.5,2,5.8484272142378195,-0.34704963164624186,-0.11201601943625097,0.9311331615638363,1,0,0.36686698070895757,0.24508616556894897,-0.003999918002521414,0.004999897503151768,0.9999795006303535,21.260382759331286,9.20441877,3.4064570285872557,171.00063053950132,-80.0,-0.9107012750739952,-72.86785119333642,-80.0,lines.txt
844,227,0,2242,True,0.5576464083380114,-72.83113683783722,62.17438705784225,2,136,0.7873636845615217,1.5747273691230566,18,10,bottom_left,110.5,-38.0,290.5,2,4.5152472273828765,0.4559261459460507,0.0619899584400332,0.8878561789475724,1,0,8.219407469096868,0.7873636845615223,-0.14296069121413119,-0.0009997251133855329,0.9897278622516775,35.56122689881857,11.4316297,5.552433623385352,143.64997943413334,-80.0,21.093946761137445,-72.68752634585961,-79.99999999999999,lines.txt
845,227,0,2246,True,-3.575876750663604,-69.83604058162595,58.90992380762768,3,155,1.336586962178769,0.008623544917661286,17,7,top_left,-74.0,-12.75,290.5,1,18.452143126961946,-0.049977490209849124,0.019990996083939647,0.9985502543927854,3,0,5.21659873678789,0.004311772458831943,0.08998717774069284,0.012998147895877854,0.9958581003303342,8.037457388494941,6.29402957,2.063420309272005,139.48766773253152,-80.0,-16.127978299545624,-71.64912191646447,-80.0,lines.txt
865,227,0,2565,True,-6.31665991193159,-69.22088462621863,97.38263710371551,2,83,1.746917253013104,3.493834506026207,10,7,top_right,-49.0,-12.75,290.5,1,17.29703340661517,-0.04597929099306119,0.02798739451751551,0.9985502543927854,2,0,4.380898501899571,1.7469172530131045,-0.05500431800845215,-0.05300416098996298,0.9970782737168508,4.671251111919592,10.244518,3.3148656933603133,177.90241927795577,-80.0,3.4687413325060783,-59.791316154305974,-80.00000000000001,lines.txt
868,227,0,2621,True,-4.14185165895379,-74.30653210597802,103.73664527656692,3,145,1.3047632852406779,0.8175230293671537,48,6,bottom_right,-110.5,-38.0,290.5,2,3.9917105178418844,-0.5250414799154347,0.10900861202053788,0.8440666839021465,3,0,2.6189052796423087,3.096766826354879,0.0419981311247465,0.017999199053462783,0.9989555474671845,34.60403233066102,7.67459919,3.6411517060819283,183.92875012549308,-80.0,-11.866515424334983,-77.61710229114139,-80.0,lines.txt
875,227,0,2680,True,-6.834988140128537,-72.00451315348852,69.108344992969,2,153,0.3418322696476347,0.6836645392952697,10,7,top_right,-49.0,-12.75,290.5,1,18.67260818262498,0.001999915005418366,-0.008999617524382646,0.999957502709183,2,0,4.829258397159475,0.3418322696476384,0.06002710836051931,-0.059026656554510656,0.9964499987846206,4.395392228767599,6.88666576,2.226649390007838,149.6395656328344,-80.0,-15.81741856139173,-63.171789905913045,-80.0,lines.txt
887,227,0,2859,True,-1.8850798651215757,-74.8298186535543,26.81827068683059,2,115,0.20644796043131247,0.41289592086262383,37,5,top_left,110.5,-74.25,290.5,1,4.369762969259933,0.38583181398566396,-0.07396775708533454,0.9195991421419971,2,0,9.809076183575922,0.2064479604313101,-0.15906148915063234,0.06102359017728661,0.9853809233545462,32.83128505157328,15.90968616,7.242819465596799,108.40302278553115,-80.0,15.35766636757494,-81.44496028999761,-80.0,lines.txt
899,227,0,3107,True,-3.8492887307936208,-64.65467805045807,118.56643305934787,2,95,1.389084949356564,2.7781698987131294,46,2,top_right,-49.0,-74.25,290.5,2,21.370974029158297,0.056013837126866604,0.1490368166411272,0.9872438793610239,1,0,1.2043973555622407,1.3890849493565653,-0.000999779073234526,0.020995360537925046,0.9997790732345259,8.069366018215145,7.2480487,2.376558273889818,198.61031139303375,-80.0,-3.650722297734273,-68.82457314470437,-80.0,lines.txt
904,227,0,3171,True,1.0147422155566734,-71.63583836323738,105.29927529227204,3,181,0.6648703089364352,1.265576953423607,31,5,top_right,135.5,-74.25,290.5,2,2.8415574416645453,0.6022201517055278,-0.05702084492892871,0.796291097603987,1,0,1.665055466605605,0.7290339733856993,-0.025989021956845142,0.012994510978422571,0.9995777675709671,38.779436169934215,6.39990764,3.3849788794833846,185.3775477045275,-80.0,5.832523373155746,-74.04472894203693,-80.00000000000001,lines.txt
931,233,1,303,True,3.490537073067396,-69.40956368939598,117.38210537080795,2,206,0.18388010590374554,0.36776021180748236,31,5,top_right,135.5,-74.25,290.5,2,3.6611399516010246,0.6041583102186334,-0.0860225408589445,0.7922075855846982,1,0,0.2562328074205221,0.18388010590373985,-0.001999980000299995,0.00399996000059999,0.9999900001499975,37.753958696156616,7.05833177,3.6292843181431356,197.38407918199266,-80.0,3.885301283809012,-70.1990921108792,-80.0,lines.txt
941,233,1,472,True,-0.5978838460067077,-69.56201960659999,76.43513823490119,2,113,0.015461257677804471,0.030922515355603288,31,5,top_right,135.5,-74.25,290.5,2,7.325881148740368,0.47905629242173364,-0.13001527769274612,0.8681020079792585,1,0,4.4967776719402845,0.015461257677794578,-0.06199513357301428,0.047996232443623964,0.9969217447144394,33.95357818369589,9.81143864,4.583470890618816,156.91817242857996,-80.0,9.130279213736394,-77.09350068511078,-80.0,lines.txt
955,233,1,712,True,-0.9316513702452636,-65.02248702670008,116.70314722774185,2,102,0.6942850534571102,1.3885701069142273,63,9,top_left,49.0,-12.75,290.5,2,32.40613968060684,-0.16707704027744696,-0.07003229233186399,0.9834534766031756,1,0,2.7945924709903465,0.6942850534571156,-0.042991853815479826,0.022995642738512467,0.9988107432945198,8.938231811914658,6.76371366,2.227829987133644,196.9373562992803,-80.0,7.535050662580461,-69.55118811402546,-80.0,lines.txt
966,233,1,881,True,7.595000148762666,-70.1153490054912,92.57734391996496,2,140,0.15278978727443313,0.3055795745488686,31,5,top_right,135.5,-74.25,290.5,2,7.095178001572714,0.5150038625434536,-0.1380010350116439,0.8460063450713822,1,0,0.7686574296579267,0.15278978727442236,-0.005999460072889067,0.011998920145778134,0.9999100121481779,32.73457666995204,9.25560611,4.204425963009657,172.5928751820424,-80.0,8.630464212282456,-72.18627713253078,-80.0,lines.txt
969,233,1,981,True,-2.4894607292574467,-74.97751028838712,84.6292817148317,3,167,1.9090291046595984,2.240553243426592,41,6,bottom_left,-135.5,-38.0,290.5,1,5.579745916573256,-0.5691351856617988,0.05801377990928706,0.8201948194071618,2,0,2.664227814121849,3.4865340705521968,-0.04399643643296756,0.014998785147602575,0.9989190908303315,32.304665441322555,6.71160457,3.019764227719499,164.80742357019818,-80.0,4.761478605529937,-77.44942142524646,-80.0,lines.txt
971,233,1,1052,True,0.41536621735858303,-77.30364908299532,51.60903148424093,3,96,1.6738106773702432,1.887380767343324,29,6,top_right,-110.5,-13.0,290.5,3,2.8631810007492287,-0.4018955207451442,0.1899506192576552,0.8957671308150477,2,0,8.026738456836622,3.134051264767412,0.1190244025040264,-0.07301496960331032,0.9902030124284551,34.38243107735136,15.11731211,7.134267131608556,132.9111604714998,-80.0,-15.404305243878454,-67.59914474122806,-79.99999999999999,lines.txt
978,233,1,1306,True,-7.643259279145483,-74.42069698933638,51.42449519398624,2,107,1.1252993912035985,2.250598782407203,24,7,bottom_left,-74.0,-37.75,290.5,2,5.404661978723516,-0.29193796977143527,0.05598810379178211,0.9547971271634269,1,0,3.717620275506227,1.1252993912035947,0.05799393994989632,-0.02899696997494816,0.9978957253447677,20.89528092344581,14.5830076,5.370569970621246,131.70163159941364,-80.0,-15.281155793425246,-70.6017487321965,-80.0,lines.txt
982,233,1,1378,True,-2.6689020165324813,-83.57391101722993,85.87335685091469,3,95,1.2113913406013,0.6759321920376192,48,6,bottom_right,-110.5,-38.0,290.5,3,4.6071328049360565,-0.42727140353924764,0.12407881507931313,0.895568866903107,1,0,3.187003287843567,0.3379660960188036,0.04802180685159013,-0.028012720663427578,0.9984534007893114,29.519314373490964,7.34744825,3.118840651053938,166.13029383222707,-80.0,-10.646778899141605,-78.92014950237461,-80.0,lines.txt
992,233,1,1575,True,-0.7113716531215897,-75.09189949939798,58.000541233196,2,86,1.0708949692386107,2.1417899384772245,59,9,top_right,74.0,-12.75,290.5,2,5.5364877736600535,0.31010033368954876,0.15304951953064827,0.9383035903251508,1,0,4.876200861350289,1.0708949692386132,-0.07602904864593425,-0.038014524322967126,0.9963806901493488,25.107557093260613,13.55817237,5.314915967428907,138.50182224277242,-80.0,9.818790127724693,-69.82681860897485,-80.0,lines.txt
1007,233,1,1720,True,-1.5987107327120769,-68.7833193154068,89.36959423980596,3,139,1.3397789617232967,0.30735641410382764,46,2,top_right,-49.0,-74.25,290.5,2,3.0889870819083023,-0.2681087401456655,-0.062025156302355444,0.9613899226865094,1,0,2.2385716726394667,0.1536782070519091,0.03800900920289817,0.009002133758581145,0.9992368472025072,18.211869189588633,9.07732319,3.2335516289850887,169.4989478360191,-80.0,-8.041197800892883,-70.30917151576541,-80.0,lines.txt
1014,233,1,1789,True,3.5354673718574796,-80.29936426306429,44.95225046624962,3,197,2.667680114468792,0.9956227217497339,57,1,top_left,-135.5,-74.25,290.5,3,4.620230839548354,-0.4452712528146121,-0.03902377271858398,0.8945449438567713,1,0,10.793803427650763,0.4978113608748629,0.17705542702434587,0.06101910196884237,0.9823075103836592,37.10803494581579,16.25303054,8.2140657805185,127.20278440856785,-80.0,-18.986475940287306,-88.06116393561136,-80.0,lines.txt
1021,233,1,1909,True,5.821944274339996,-69.86950421067368,44.69072601421776,2,114,0.12333733143712128,0.24667466287423964,18,10,bottom_left,110.5,-38.0,290.5,1,1.7409129255060025,0.40521177849585793,0.09304863061756737,0.909475325068481,2,0,14.111062112182768,0.1233373314371262,-0.22995849623680592,-0.08098538345730992,0.9698249623900075,38.61892109666542,15.27341747,8.042092062217648,128.5703408859818,-80.0,35.3877865251339,-59.45718585278539,-79.99999999999999,lines.txt
1022,233,1,1918,True,4.279217182355033,-74.77651296014601,38.53871434366031,2,111,0.34872906057677855,0.6974581211535584,54,9,bottom_right,74.0,-37.75,290.5,1,4.026507916241194,0.2569504133548721,0.07098630096574288,0.9638140018447343,2,0,5.1949079834651295,0.3487290605767785,-0.07799157736444241,-0.04599503280467116,0.9958924494228799,20.51996484890761,18.89900152,6.9256622362518865,119.02762633892198,-80.0,13.56236951047301,-69.30183338202515,-80.0,lines.txt
1024,233,1,1955,True,-2.7220025026553083,-68.64082671026549,104.54852814926686,2,165,0.2814773816799161,0.5629547633598398,24,7,bottom_left,-74.0,-37.75,290.5,2,5.716959302648248,-0.3701380872646294,0.055020526485282745,0.92734596457922,1,0,0.753564865487768,0.2814773816799201,0.0019998270224435145,0.012998875645882844,0.9999135112217572,21.991295886533734,6.68076214,2.497614840458722,184.5644909065924,-80.0,-3.091099558953842,-71.03995757620595,-80.00000000000001,lines.txt
1040,233,1,2183,True,-2.7648457891654834,-68.24528686873344,31.604894422740173,2,135,0.06585480860073754,0.1317096172014731,57,1,top_left,-135.5,-74.25,290.5,2,2.960611635041422,-0.459208987644889,-0.07203278237566885,0.8854029500342631,1,0,11.717288997177674,0.06585480860074974,0.19803267808804925,0.04500742683819301,0.9791615749909102,39.39651753919395,14.08277602,7.58001080239954,113.98005934186729,-80.0,-25.33662218927024,-73.37523605057544,-80.0,lines.txt
1043,233,1,2245,True,0.7867908211141001,-79.64570028163382,89.57303400752153,3,158,1.0637326126293283,0.37208746269967347,48,6,bottom_right,-110.5,-38.0,290.5,2,1.9170750311157208,-0.49994001079784045,0.15598128336892625,0.8518977783995202,1,0,0.6482000920395217,0.18604373134983676,0.007999488049146759,-0.007999488049146759,0.9999360061433448,32.15663606802252,8.61563411,3.8638394041539876,169.58388633443465,-80.0,-0.5697934509460723,-78.28911600957365,-80.0,lines.txt
1048,233,1,2384,True,-0.2351708721698853,-72.52535835952916,28.406074945222787,2,171,0.0569365449838522,0.1138730899676943,37,5,top_left,110.5,-74.25,290.5,1,3.839534488766435,0.33307511690924974,-0.03600812074694591,0.9422124928784181,2,0,10.119128788593773,0.05693654498385207,-0.17107725882748007,0.04001807224034622,0.9844445771125168,29.64190640535088,18.26101355,7.770276116843455,110.1190229146161,-80.0,18.6036897128231,-76.93210937356261,-80.0,lines.txt
1050,233,1,2493,True,2.792172720230589,-74.12860920787331,100.32519678389403,2,157,0.5739551754064138,1.1479103508128243,67,9,bottom_left,49.0,-37.75,290.5,2,6.6043901877319025,0.25906594067392036,0.07101807640095885,0.9632451771003292,1,0,0.5282260203710876,0.5739551754064144,-0.008999617524382646,0.001999915005418366,0.999957502709183,16.05124615583579,9.31047415,3.2403815073139435,180.33286044190808,-80.0,4.415099491285635,-74.4892596014411,-80.0,lines.txt
1056,233,1,2554,True,-4.280007506292682,-73.09441703315719,139.16010212570006,2,118,0.008513825654877462,0.01702765130975897,46,2,top_right,-49.0,-74.25,290.5,2,2.3386586694873706,-0.3109196376591556,-0.03599069760684759,0.9497545201807002,1,0,0.5188211694786597,0.008513825654881176,0.00899963102269195,-0.000999959002521328,0.9999590025213277,18.74584989308559,5.35279801,1.9187045660659352,219.1690875056907,-80.0,-6.2524484254239825,-72.87525693103149,-80.0,lines.txt
1057,233,1,2558,True,3.057798494853211,-71.92651176104373,102.36723485349512,2,136,0.5282284046724386,1.0564568093448798,18,10,bottom_left,110.5,-38.0,290.5,2,1.2137378851196454,0.5041210035630256,0.14003361210084045,0.8522045536422574,1,0,2.1280507799422317,0.5282284046724338,-0.03301025127477839,-0.017005280959734324,0.9993103340455639,33.633830317877994,7.828884,3.6300902495197853,182.49309412743452,-80.0,9.081941387911609,-68.82316542219546,-80.0,lines.txt
1059,233,1,2578,True,2.9792954365687088,-63.71814072183976,89.31468479787807,2,105,0.3095857298633736,0.6191714597267521,31,5,top_right,135.5,-74.25,290.5,2,6.761881450269273,0.5449250779523183,-0.1609778670648133,0.8228868608344182,1,0,3.7701419910273564,0.30958572986336946,-0.046992270407224736,0.04599243486664548,0.9978358694980912,37.992159435767626,7.71443698,3.9923772688016173,169.6818985701956,-80.0,10.953033097390621,-71.52222438987823,-80.0,lines.txt
1064,233,1,2632,True,2.0988560358868114,-66.19944625077613,41.46857700455113,2,80,0.08128866915541372,0.1625773383108363,27,2,top_left,-74.0,-74.25,290.5,2,5.239239296369463,-0.2770583269173704,-0.12102547854513292,0.9532006698637329,1,0,4.786651863437444,0.08128866915541448,0.056972118969976976,0.060970162406466584,0.9965123265450357,22.07195485845605,16.17944034,6.055608190207174,121.8937024348605,-80.0,-4.845686480923034,-73.63132508455509,-80.0,lines.txt
1069,233,1,2739,True,1.8756175103042183,-72.62314740897688,95.30808661266775,3,167,1.284137175482006,0.6962960308473696,54,9,bottom_right,74.0,-37.75,290.5,2,6.977934872822398,0.32186982997534,0.04698100002745647,0.9456175750207194,3,0,3.181333570562893,0.3481480154236849,-0.04902253103070276,0.026011955240781055,0.9984588973192113,21.626911834871756,8.55207016,3.1809750008339637,175.57867137381123,-80.0,10.482928376056442,-77.19029194998826,-80.0,lines.txt
1100,233,2,291,True,3.9063570516922868,-71.1294096911814,40.3672528367517,2,118,0.5189389221994987,1.0378778443989976,18,10,bottom_left,110.5,-38.0,290.5,2,2.3967416120850253,0.38395085743517116,0.07998976196566067,0.9198822626050976,1,0,8.187627820548528,0.5189389221995018,-0.1329740725835229,-0.05099005790796742,0.9898070064487795,31.199175251141128,15.0231753,6.5998861038204035,121.60679006365517,-80.0,20.076907180265998,-64.92867242383358,-80.0,lines.txt
1110,233,2,445,True,-2.4665695435559356,-82.08711230741196,34.45510406931925,2,118,0.75666574849789,1.5133314969957747,18,10,bottom_left,110.5,-38.0,290.5,1,4.16367884620224,0.3940951854823292,0.08402029335156258,0.9152210525795208,2,0,8.593211644830834,0.7566657484978911,-0.14396710727355275,-0.03999086313154243,0.9887740909273866,32.34412364145283,13.96885615,6.2905124728991675,115.75455416916319,-80.0,14.198278773918252,-77.45798777478024,-80.0,lines.txt
1118,233,2,627,True,5.483847532939108,-74.85110681009395,39.64090475228014,3,85,2.1018675773583886,1.7238714336174625,17,7,top_left,-74.0,-12.75,290.5,3,1.733891844510529,-0.31387855249573077,0.2069199374733002,0.9266414591195618,1,0,10.211852416621714,0.8619357168087283,0.15502503856575583,-0.08601389236551614,0.9841589545077661,32.273867150990895,16.14591515,7.2596269659696135,121.56664754640103,-80.0,-13.362026691251359,-64.39468627280118,-80.0,lines.txt
1132,233,2,892,True,-3.5718737228950292,-69.31395484324722,100.98486933592193,2,157,0.5947554677685634,1.1895109355371323,31,5,top_right,135.5,-74.25,290.5,2,6.2605026519523115,0.5291550651544644,-0.10303019227015092,0.8422468144802628,1,0,1.7838902697901682,0.5947554677685537,-0.002998546057657595,0.03098497592912848,0.9995153525525317,33.1690956481215,6.22839905,2.8572497885490753,181.0726257217844,-80.0,-3.0289191148872634,-74.92448579266079,-80.0,lines.txt
1149,233,2,1119,True,-4.7174053799956415,-70.16928762580729,85.35152843697492,3,98,1.5459897941681247,0.5253260891319913,48,6,bottom_right,-110.5,-38.0,290.5,3,2.692975994719729,-0.4132285786234532,0.15408523270705035,0.8974964528456114,2,0,3.936777200426092,0.26266304456599715,-0.01899315420164312,-0.06597621985833926,0.9976404154336755,26.739516079737612,8.15828693,3.287917609922852,165.7426121465783,-80.0,-1.5694303897125517,-59.23421660692918,-80.0,lines.txt
1151,233,2,1147,True,-0.05906057144394379,-72.51114471709485,119.91340823994474,2,205,0.12634907488905714,0.2526981497781229,31,5,top_right,135.5,-74.25,290.5,2,5.34948417449227,0.5639475553159201,-0.0689935838950328,0.8229234716755359,1,0,0.12811704428779072,0.12634907488906508,-0.000999997500009375,0.00199999500001875,0.9999975000093749,34.69240649161954,6.46202951,3.0724009439058686,199.91390802284062,-80.0,0.14085283679600097,-72.91097153357474,-80.0,lines.txt
1152,233,2,1163,True,-7.2989814187588635,-68.27234482703071,46.24844205602632,3,110,0.4081778662076696,0.2955140286847979,41,6,bottom_left,-135.5,-38.0,290.5,2,3.191592338464372,-0.4529243679453025,0.05499081730020229,0.8898514072214553,1,0,4.562215718599646,0.1477570143424033,0.07698699029786661,0.01999662085658873,0.9968315497009482,31.431711438812595,14.29686481,6.31190087323167,126.64972541639673,-80.0,-17.04936260061847,-70.80491136777346,-80.0,lines.txt
1153,233,2,1169,True,-2.079258394185961,-80.914621315197,109.89709417076273,2,125,0.3770668395564887,0.7541336791129858,54,9,bottom_right,74.0,-37.75,290.5,2,6.881332147616542,0.3358534319584468,0.10895245262937707,0.935591703312816,1,0,1.2873458319204958,0.3770668395564912,-0.007997980764753174,-0.020994699507477083,0.9997475955941467,21.505562447125115,7.51024383,2.7887907704086974,189.94503713500558,-80.0,-0.560081640819859,-76.92678233761097,-80.0,lines.txt
1156,233,2,1215,True,2.093514888700243,-70.8667291953661,53.07984382510459,3,103,1.9409041353498049,1.1134597058071338,12,10,top_left,110.5,-13.0,290.5,3,1.5957554043615312,0.3798932649867017,0.2189384869265465,0.8987474874290653,1,0,7.882299645937707,0.5567298529035777,-0.11794664121454548,-0.06996834648320496,0.9905518766408015,33.887894053787846,14.41031282,6.721489919079159,134.34919156017372,-80.0,17.939550783112296,-61.4665384105454,-80.00000000000001,lines.txt
1173,233,2,1498,True,4.404830718798671,-69.53664600574677,99.65123013830757,3,104,1.8394924505267782,0.8326462810482252,5,10,top_right,135.5,-13.0,290.5,3,3.8893818143217076,0.571909359549198,0.17297258601750218,0.8018729132140854,1,0,0.9326253395227724,0.4163231405241167,-0.015997880421256976,-0.002999602578985683,0.9998675263285609,37.61794573549915,7.31452339,3.7472453539689417,179.67503234950885,-80.0,7.279250401011592,-68.99769231533185,-80.0,lines.txt
1183,233,2,1610,True,7.208671136697397,-76.33603928723696,61.10490723551855,3,137,0.5282210884836249,1.135010285218767,18,10,bottom_left,110.5,-38.0,290.5,2,3.638983731107081,0.40214701160402355,0.08803218164466187,0.9113331531623519,1,0,3.68040405259922,0.567505142609392,-0.06099618785738465,-0.019998750117175296,0.9979376308470472,27.9736166831941,11.59226303,4.777165689577597,141.396519054752,-80.0,15.833319775341318,-73.50828563522256,-80.00000000000001,lines.txt
1207,233,2,1905,True,2.651362640256069,-74.72641425814516,93.50930656441912,2,124,0.14674247810855284,0.29348495621710613,63,9,top_left,49.0,-12.75,290.5,1,21.350876733704602,-0.01499684349663098,0.013997053930188916,0.9997895664420654,2,0,10.151046138862197,0.14674247810855695,-0.17606198472985807,-0.008002817487720823,0.9843465509896612,9.366400598932731,6.69339713,2.2099842960050977,176.26851680434396,-80.0,33.68554755421721,-73.31576948932874,-80.0,lines.txt
1213,233,2,1993,True,-1.1607829990318814,-77.2069435099465,24.52667101302904,2,117,0.323845348693531,0.6476906973870598,18,10,bottom_left,110.5,-38.0,290.5,1,3.9598037420694654,0.388953717261305,0.06599214740166101,0.9188906585170676,2,0,10.424521376629217,0.3238453486935324,-0.17690900372036,-0.03798046407555752,0.9834941223775946,33.65312912842497,17.87124047,8.29023731199008,106.28093105461177,-80.0,17.64127062831176,-73.17034442611,-80.0,lines.txt
1228,233,2,2223,True,3.5527104215983467,-64.69346608476803,60.935150336079964,2,165,0.10897759572519089,0.21795519145039005,33,2,bottom_left,-74.0,-99.25,290.5,2,18.602816515035855,-0.05001338036911254,0.031008295828849772,0.9982670721674862,1,0,3.689299489231831,0.1089775957251929,0.04499673785475401,0.04599666536263743,0.9979276528676556,5.513161338077524,7.078036,2.296278316050816,141.22782341093287,-80.0,-2.802080926220891,-71.18947501809437,-80.0,lines.txt
1232,233,2,2318,True,-2.0920840297846577,-65.41180655856814,108.71902738259396,3,166,1.6684670458658408,0.05641071993052599,48,6,bottom_right,-110.5,-38.0,290.5,2,5.378754324316437,-0.48285637159100053,0.0409878079404369,0.874739803606885,1,0,0.589875312834097,0.02820535996526349,-0.00499973502106564,0.00899952303791815,0.9999470042131279,28.66056606495769,6.9425323,2.8982205228750457,188.7290292260034,-80.0,-1.1484888928716879,-67.11027780501149,-80.0,lines.txt
1248,233,2,2697,True,-1.6483608258388802,-70.62256607654183,22.753033315616566,2,126,0.5173737223738872,1.0347474447477758,41,6,bottom_left,-135.5,-38.0,290.5,2,3.428348604305111,-0.4518676221772129,0.04898564930682175,0.8907390516811873,1,0,12.510765011196506,0.517373722373896,0.21505624456289157,0.02600680166807061,0.976255324155266,39.31397057717982,16.60068773,8.914179292862888,105.25221299512675,-80.0,-24.283506484504414,-73.35983950503162,-80.0,lines.txt
1262,233,2,2965,True,0.6910989468490543,-83.68602055866364,45.79133633597469,2,78,0.4314624877192239,0.8629249754384555,29,6,top_right,-110.5,-13.0,290.5,2,3.83878865629351,-0.43897871004883143,0.199990300705618,0.8759575170906068,1,0,9.152107712042291,0.43146248771923174,0.13803768943452588,-0.07902157583570685,0.9872695613904133,37.963105059779195,12.29336894,6.35703215955196,127.41336434885874,-80.0,-16.8967474709468,-73.61761572528775,-80.0,lines.txt
1265,233,2,2975,True,-3.871808434353796,-75.29335174768674,27.092620147027997,3,84,4.871359656330026,1.3570561560659231,54,9,bottom_right,74.0,-37.75,290.5,3,5.131736169003855,0.3300024750278442,0.061000457505146946,0.9420070650794823,1,0,10.688135994381511,0.6785280780329661,-0.18493435995125862,-0.013995032644960112,0.982651220713985,30.256096980256466,18.22306504,7.850507122338035,108.98334820081486,-80.0,16.282957310509055,-73.76812623185928,-80.0,lines.txt
1308,233,3,559,True,0.2227537454238157,-76.81893046996225,35.90315794693838,2,99,0.1635576972379416,0.3271153944758763,4,7,bottom_right,-49.0,-37.75,290.5,2,4.858958899643298,-0.20394891719356337,0.06598347320968227,0.9767553534221147,1,0,5.242881076896277,0.1635576972379513,0.08698395294088707,0.027994835429251016,0.9958162888405003,16.907444526800845,15.11465437,5.307161825951493,116.3901005092944,-80.0,-9.901317280061765,-80.07725217931393,-80.0,lines.txt
1309,233,3,565,True,5.339572998331436,-85.53178288015899,108.46148482040373,2,120,0.6966851974803233,1.3933703949606473,18,10,bottom_left,110.5,-38.0,290.5,2,3.299626913840594,0.449123301271622,0.1890519018715736,0.8732397372163162,1,0,2.6370039121924798,0.69668519748032,0.03399799417751355,-0.030998171161850586,0.9989410642157657,28.148959703095937,6.5359666,2.7022711102074983,188.66126498499523,-80.0,-1.074531590150773,-79.68362869654285,-79.99999999999999,lines.txt
1310,233,3,568,True,-1.079739157790096,-77.20245340111478,29.390051816781344,2,94,0.08417896887939123,0.16835793775879146,67,9,bottom_left,49.0,-37.75,290.5,2,5.46180673612316,0.14393891089573624,0.06297327351688461,0.9875808608679681,1,0,5.400251391203469,0.08417896887939098,-0.08696170180367618,-0.0359841524704867,0.9955615516834654,14.438847696946246,18.47760136,6.332973406484327,109.87773848016326,-80.0,8.475415970784178,-73.24859610653232,-80.0,lines.txt
1335,233,3,1016,True,2.841703319943318,-75.43101065434611,89.37383943745357,2,103,0.4253082914142793,0.8506165828285613,57,1,top_left,-135.5,-74.25,290.5,2,6.4044623573580095,-0.553187839162508,-0.10603600533675558,0.826280569888303,1,0,1.7193118073010458,0.425308291414275,0.014993247062954735,0.02598829490912154,0.9995498041969824,35.42659676750163,9.41734273,4.558774695703808,169.4501251726271,-80.0,0.3010957283815143,-79.83473047971991,-80.0,lines.txt
1338,233,3,1065,True,-7.276739245635397,-70.64883778961456,27.16555411641979,2,100,0.12168556910776931,0.2433711382155272,24,7,bottom_left,-74.0,-37.75,290.5,2,2.7089885619745218,-0.2760799367141935,0.08602490781674145,0.9572771718676927,1,0,10.301149845341449,0.12168556910776943,0.1669798801365923,-0.06399228939366411,0.9838814494275857,27.096261600936856,17.74876327,7.198398787237204,108.92120608511102,-80.0,-25.4643891820603,-63.67872044870921,-80.0,lines.txt
1362,233,3,1478,True,-2.3437951826952483,-74.18923307389471,29.757336560178693,2,78,0.2718265861579792,0.5436531723159572,12,10,top_left,110.5,-13.0,290.5,2,3.236280466629003,0.3910870265461871,0.15503449901447314,0.9072018748782397,1,0,7.495250174513423,0.2718265861579731,-0.11005057986484293,-0.07003218718671823,0.9914556786005395,32.26869205923005,15.71249329,7.063943283417298,110.70322045570758,-80.0,9.839158421360914,-66.43644441676807,-80.0,lines.txt
1363,233,3,1488,True,-2.9486958743980525,-68.63828371143123,102.22549985685761,2,123,0.22026498792955435,0.4405299758591078,4,7,bottom_right,-49.0,-37.75,290.5,1,13.886105353287991,-0.03900072152002224,0.021000388510781207,0.9990184820128775,2,0,13.48311634416787,0.22026498792956625,0.2331051541421267,-0.005002256526655079,0.9724386687817473,15.78528626768586,8.22403277,2.854692109836473,187.390223884398,-80.0,-46.630322897698285,-67.70090974097414,-79.99999999999999,lines.txt
1374,233,3,1809,True,-4.757601060476137,-69.30262793009706,104.53319005571188,2,114,0.5436647511786306,1.0873295023572576,33,2,bottom_left,-74.0,-99.25,290.5,1,22.355171070332837,-0.007996610155788631,0.027988135545260206,0.9995762694735788,2,0,12.299775050915455,0.5436647511786199,0.17600836059569716,0.12000570040615716,0.9770464108067962,11.87922967986117,6.21848232,2.0872427045250554,188.8683976673468,-80.0,-38.00001810224204,-91.96791227675564,-80.0,lines.txt
1376,233,3,1857,True,-0.9747551230557067,-70.75461146977341,89.68963847129035,2,164,0.3151047451308639,0.6302094902617233,41,6,bottom_left,-135.5,-38.0,290.5,1,4.422922958127244,-0.518189432862896,0.07102596473603401,0.8523115768324081,2,0,2.197126652525756,0.3151047451308648,-0.03801007400459373,0.005001325526920228,0.9992648402786616,29.33892095257876,9.5356197,4.033321166130756,169.8144792365251,-80.0,5.479905799776158,-71.6039089596197,-80.0,lines.txt
1383,233,3,1916,True,-1.416521537098307,-77.50468895536953,83.01752519560198,2,89,0.965539744643773,1.9310794892875405,17,7,top_left,-74.0,-12.75,290.5,1,25.070674806643737,-0.00199999500001875,-0.000999997500009375,0.9999975000093749,2,0,6.122388898145546,0.9655397446437736,0.04201252159743213,-0.09802921706067497,0.9942963444725603,6.116197875754005,7.09080864,2.305358631714702,163.9526546605953,-80.0,-8.304585981982898,-61.432538583972146,-80.00000000000001,lines.txt
1387,233,3,1995,True,0.5386400809585923,-70.91844061827852,120.7430725524967,2,162,0.3667227899219418,0.733445579843895,37,5,top_left,110.5,-74.25,290.5,2,5.317690985607166,0.48117662423759233,-0.07602790736394391,0.8733205674831978,1,0,0.6705992824359063,0.36672278992194074,-0.003999726028150287,0.010999246577413288,0.9999315070375716,29.483213719489317,6.51993761,2.765606836935473,200.75682298203046,-80.0,1.3416123711685792,-73.12661441635599,-80.0,lines.txt
1390,233,3,2024,True,-6.388301585285647,-66.80488640919086,91.15237830714219,2,78,0.9989154844939057,1.997830968987822,59,9,top_right,74.0,-12.75,290.5,2,5.018664637593292,0.408074684501521,0.16903093549205161,0.8971641960731971,1,0,4.0600339264728005,0.9989154844938983,-0.06696578922033047,-0.022988256001008966,0.9974904125655195,30.265417611860652,9.00479235,3.8800062708253926,171.5829807997279,-80.0,5.101888140744943,-62.86049292115051,-80.0,lines.txt
1403,233,3,2329,True,4.011932758131568,-77.22419999486831,65.7546440673814,3,110,0.5774753222958037,0.3021719551215587,27,2,top_left,-74.0,-74.25,290.5,2,2.46611252702564,-0.3169946111374156,-0.028999507012571146,0.9479838844109464,1,0,4.769531685862883,0.15108597756077236,0.07396565093086199,0.03798236128882103,0.9965372159198569,23.05153463569382,12.75789595,4.843322686422889,146.26111472700205,-80.0,-6.806365798524624,-82.77954249693501,-80.0,lines.txt
1404,233,3,2330,True,3.2685972336983014,-73.13406592072195,23.14543271501457,3,197,2.3625961846539654,0.6011865515367347,31,5,top_right,135.5,-74.25,290.5,1,1.9785167344640793,0.44689074856633093,-0.0379907124060863,0.8937814971326619,2,0,9.237790257722558,0.300593275768378,-0.16000496023065194,0.013000403018740468,0.987030598422834,35.885397797563435,18.22061331,8.922212887895261,104.50074483995694,-80.0,19.989234755889118,-74.49261771939996,-80.0,lines.txt
1415,233,3,2520,True,-0.19749499914853885,-73.8120650511622,56.92007363132328,3,107,0.596431276556893,0.42497148721226535,41,6,bottom_left,-135.5,-38.0,290.5,2,2.240775124192956,-0.4630273194177923,0.12800755266841773,0.8770517475797058,1,0,1.6211491542117706,1.364322342458415,0.0149939961065983,-0.023990393770557283,0.9995997404398868,29.924086028818188,12.09891484,5.177334383183447,136.9748991442013,-80.0,-2.2512961036183876,-70.52598328401044,-80.0,lines.txt
1446,233,3,2935,True,1.3970563248866346,-74.36915972625519,34.39285673795181,3,99,1.6401140534438223,0.8256664083575106,12,10,top_left,110.5,-13.0,290.5,3,2.1773560091780904,0.3579926612256665,0.1909960846203975,0.9139812635761431,2,0,6.067080773896957,4.094675751973961,-0.10104052537764445,-0.0310124384822473,0.9943988339146393,29.914923441605836,14.63091822,6.25967006182279,115.03719919664694,-80.0,13.02047536968858,-70.80157566299916,-80.0,lines.txt
1450,233,3,3024,True,3.212035340098428,-67.82155893102855,28.76261764048332,2,80,0.5009366624773983,1.001873324954783,4,7,bottom_right,-49.0,-37.75,290.5,2,3.8954906197973553,-0.2539526422479194,0.08098489772473022,0.9638202642795052,1,0,7.147223520186629,0.5009366624773979,0.11302616858739267,-0.052012042181809014,0.9922297277760489,22.56935401309919,18.22954036,6.871724664661238,109.61435098730641,-80.0,-9.177254774190498,-62.12029268374515,-80.0,lines.txt
1454,233,3,3069,True,2.1036487106620108,-72.1525556433603,108.19172756686055,2,191,0.1321602585111311,0.26432051702226267,54,9,bottom_right,74.0,-37.75,290.5,2,6.45618677294218,0.3898524687555821,0.06397578974450578,0.9186523558625127,1,0,0.6993493862001279,0.13216025851113367,-0.009999255083243414,0.00699947855827039,0.9999255083243415,23.775308942334224,5.82968468,2.237487656649001,188.2057473283476,-80.0,3.985565986330616,-73.46989773632832,-80.0,lines.txt
1467,233,4,114,True,-2.721863892905879,-80.95866996693807,67.31259833758415,3,135,0.9812678836807794,1.0079378231082048,41,6,bottom_left,-135.5,-38.0,290.5,2,4.64953226298584,-0.5219110217555396,0.08398568166181096,0.8488552825104464,1,0,1.6611120451898433,1.9358658279341259,0.02099117506593722,-0.01999159530089259,0.9995797650446294,33.29408557346867,9.7305399,4.476619090503264,147.37453026673356,-80.0,-5.8154284579951465,-78.01241800018639,-80.0,lines.txt
1473,233,4,188,True,-0.9981272141762275,-66.26568485669557,50.56774219837027,3,132,1.934284436011107,0.7198628575574473,31,5,top_right,135.5,-74.25,290.5,1,5.864250256658095,0.45424444928827373,-0.12206568901579161,0.8824748992781001,2,0,1.7269232421997276,5.082990450475868,-0.0029986374288625385,0.029986374288625384,0.9995458096208462,28.711272578798383,13.26316277,5.542187596203082,130.62707175761963,-80.0,-0.6064239875811166,-70.18271712264668,-80.0,lines.txt
1483,233,4,337,True,0.9799485684556614,-66.82193115409736,122.31664777230972,2,107,0.5732995024332909,1.146599004866584,18,10,bottom_left,110.5,-38.0,290.5,2,3.2680133286894555,0.4938575426454568,0.16495241809008174,0.8537537275692715,1,0,0.6482000920395217,0.5732995024332928,-0.007999488049146759,0.007999488049146759,0.9999360061433448,31.67197618366011,6.0568467,2.687834453662292,202.32959562344917,-80.0,2.5984817506341393,-68.44046433627584,-80.0,lines.txt
1489,233,4,437,True,-3.879405606558505,-72.656578022046,106.73644671396906,2,144,0.0327458398385988,0.06549167967720687,31,5,top_right,135.5,-74.25,290.5,2,7.186340391455103,0.5438692151787337,-0.11097331412654307,0.8317999761557102,1,0,1.6302264060901175,0.032745839838598446,-0.026989071638531644,0.008996357212843881,0.9995952458715424,35.3348042238215,6.19719735,2.993138826250427,186.8120596663647,-80.0,1.1624784547186593,-74.33720604247172,-80.0,lines.txt
1490,233,4,465,True,-0.19665981449321923,-69.33317187975236,35.89910858878354,2,93,0.8767146672543777,1.753429334508757,12,10,top_left,110.5,-13.0,290.5,2,1.7725611723411596,0.3649428909060102,0.18797058490501348,0.9118573054966611,1,0,9.45071245218466,0.8767146672543741,-0.1470636923711818,-0.07303162954487259,0.9864272154964983,33.686666887299864,14.51095724,6.736697042002428,117.49382698291436,-80.0,17.082416212434957,-60.7524062337268,-80.0,lines.txt
1492,233,4,483,True,0.8642209459783928,-79.41735797201184,38.69947104727026,2,118,1.6522139281154027,3.3044278562308076,17,7,top_left,-74.0,-12.75,290.5,1,21.51012237173535,-0.021991117382503905,-0.01799273240386683,0.9995962446592684,2,0,5.9530542680529495,1.6522139281154045,0.018992499443787107,-0.10195973385612024,0.9946072077141141,5.363019522093293,13.22438217,4.288154913340492,119.34306339894206,-80.0,-1.4024021192458638,-67.24917099028163,-80.0,lines.txt
1500,233,4,545,True,-1.8026894253323493,-78.44165369854372,49.501840591226326,2,121,0.007722768248616002,0.015445536497233452,27,2,top_left,-74.0,-74.25,290.5,2,5.753627201989832,-0.31493985223178717,-0.07898491532162281,0.9458193657500655,1,0,5.572726483808564,0.0077227682486044735,0.08002200907916139,0.05501513124192345,0.9952737379220696,24.244468633959826,13.65170665,5.278015236991546,130.11680672053095,-80.0,-12.214897714074166,-85.60004689705372,-79.99999999999999,lines.txt
1528,233,4,915,True,3.8699089003705476,-73.93978700993443,63.16528252401216,2,125,0.04541784166169432,0.09083568332338976,48,6,bottom_right,-110.5,-38.0,290.5,2,4.362263429603046,-0.4070020350152626,0.07900039500296252,0.9100045500341253,1,0,0.8459005814061368,0.04541784166169952,0.012998583231637419,0.006999237124727842,0.9998910178182631,25.154098390515657,11.116808,4.361203229877565,143.1808866894266,-80.0,2.0087602275583896,-74.94194398760251,-80.0,lines.txt
1533,233,4,964,True,-3.1517794492663724,-67.6631286490442,20.79380478565999,2,120,0.5604807113322654,1.120961422664525,57,1,top_left,-135.5,-74.25,290.5,2,5.527326303930335,-0.455753731644093,-0.11593735278665523,0.8825231250915222,1,0,11.982968846903278,0.5604807113322691,0.1880402449190799,0.08801883804722888,0.9782093592067028,39.880120363033505,15.05579584,8.21785673009406,103.03909264106879,-80.0,-22.52727566573271,-76.73250985675185,-80.0,lines.txt
1534,233,4,981,True,5.278263464743166,-73.37361851830069,85.15312987044918,2,130,0.2750147321805212,0.5500294643610366,57,1,top_left,-135.5,-74.25,290.5,2,8.674065103300354,-0.5261457625671436,-0.14904129015685244,0.8372319453777549,1,0,4.012579202109433,0.27501473218052125,0.0649706074486903,0.02598824297947612,0.9975487112891219,37.143824086134195,8.72309065,4.412705329500161,165.55896268666768,-80.0,-5.478202909584686,-77.67620506803183,-79.99999999999999,lines.txt
1542,233,4,1153,True,0.7803280819727916,-64.0565543732355,59.531700257636274,3,102,1.1341265010696435,0.17003429367776982,5,10,top_right,135.5,-13.0,290.5,3,5.332352364750611,0.4822827005180392,0.098057478528564,0.8705102685699048,1,0,1.4604451139730077,0.08501714683888992,-0.018993828008682843,0.016994477691979388,0.9996751583517285,30.37509681513615,11.81823725,5.103684583446809,139.57704069359602,-80.0,3.4314303868678806,-66.42859327761532,-79.99999999999999,lines.txt
1547,233,4,1220,True,0.18018612793258337,-79.93632960526335,37.094696849785905,2,86,0.4480849250097244,0.8961698500194496,12,10,top_left,110.5,-13.0,290.5,2,0.7528288419705906,0.3989628981756243,0.2289787059704711,0.8879174275186826,1,0,10.688742692544581,0.44808492500972613,-0.14394861951261448,-0.11695825335399929,0.9826492568118059,37.973046318691615,15.83023725,8.188201596586902,119.16225045516066,-80.0,17.333427578969378,-65.99932092629595,-80.0,lines.txt
1565,233,4,1446,True,-2.376706971309016,-78.59694703155171,96.26328421312549,3,180,1.5996592910573526,1.0099695070128596,41,6,bottom_left,-135.5,-38.0,290.5,3,5.2507030235328545,-0.5651393240171723,0.07901948070328604,0.8212024513594662,1,0,0.925561128078847,0.5049847535064174,0.005999217153238922,-0.014998042883097303,0.9998695255398202,35.26208792303873,7.58464089,3.6566726832992473,176.2862850710072,-80.0,-3.4342866765877686,-75.95299776835482,-79.99999999999999,lines.txt
1599,233,4,2031,True,-0.275717268621846,-69.05975685858569,81.57019611115334,2,136,0.023323623953222263,0.046647247906448794,12,10,top_left,110.5,-13.0,290.5,2,3.4951225994257222,0.4517146065245345,0.17189139894296443,0.875446892290912,1,0,4.4734064593612235,0.02332362395321908,-0.0719966522335049,0.02999860509729371,0.9969536427333943,32.28362331603371,7.69531632,3.46076044276449,162.06390065256073,-80.0,11.392341026265857,-73.92144781478889,-80.0,lines.txt
1601,233,4,2062,True,6.249047982184899,-79.32372165526485,68.6773761710514,3,116,1.8455100993141864,0.45579597693857266,46,2,top_right,-49.0,-74.25,290.5,2,6.132792925444726,-0.26800201002261287,-0.08100060750683448,0.960007200081001,3,0,0.7448031783149925,5.08073432100398,0.01299890163921527,-0.0,0.9999155107088669,16.973013485941284,12.29320833,4.3194864571582166,148.68993887858588,-80.0,4.3162420919612305,-79.32372165526485,-80.0,lines.txt
1608,233,4,2206,True,5.692003862105588,-68.57247834361075,120.97352456965805,2,93,0.3263511514288962,0.6527023028577896,46,2,top_right,-49.0,-74.25,290.5,2,2.968240364343383,-0.3211845735715137,-0.08104657463954083,0.9435422208035432,1,0,1.0563622626684648,0.3263511514288927,0.003999320173350885,0.01799694078007898,0.9998300433377212,19.840895867921738,6.51971271,2.3684662824045293,201.00768716526105,-80.0,4.888109763826956,-72.1900017858646,-80.0,lines.txt
1626,233,4,2518,True,0.5660718931792774,-74.65846616782079,41.12312612452463,2,187,0.33895137751703924,0.677902755034078,31,5,top_right,135.5,-74.25,290.5,1,2.8958902043473644,0.47329092668915684,-0.04903013828280906,0.8795406438895748,2,0,7.919283049550596,0.33895137751703586,-0.137064092448333,0.014006549593260307,0.9904631498091216,36.332275799716314,12.39031323,6.136681786626592,122.28938163713312,-80.0,17.327555003340766,-76.37131845645044,-80.0,lines.txt
1668,233,5,230,True,2.422511868777206,-74.55949420110244,105.34881747476784,3,168,1.6353867535439124,0.7035162048011137,18,10,bottom_left,110.5,-38.0,290.5,2,31.645605399297594,0.00199996000119996,-0.00599988000359988,0.99998000059998,1,0,0.9184425456775641,0.3517581024005613,-0.0009998715247630716,-0.015997944396209145,0.9998715247630716,0.5981115105824113,6.80255977,2.18677535982565,185.37263326774695,-80.0,2.6078606862519735,-71.59391312150615,-79.99999999999999,lines.txt
1671,233,5,278,True,4.196033221515992,-73.85860578256364,69.64933442587045,2,98,0.8527267035535616,1.705453407107116,41,6,bottom_left,-135.5,-38.0,290.5,2,2.027806484316351,-0.547179230551816,0.10603473206305758,0.8302719586069603,1,0,3.5883973390569444,0.8527267035535605,0.06100240964277227,-0.014000553032767407,0.998039423335848,37.45979202013678,8.89212093,4.5361682087696185,149.94330977997078,-80.0,-4.950869984874887,-71.7593165220805,-80.0,lines.txt
1673,233,5,300,True,-0.080261467555242,-69.5433235092591,54.6307531372239,2,143,1.2131819155507615,2.42636383110152,10,7,top_right,-49.0,-12.75,290.5,2,5.62321504607399,-0.128998645521333,0.16399827802712102,0.9779897311617339,1,0,2.140358131565276,1.2131819155507544,0.037011197581158686,0.005001513186643066,0.9993023346912846,13.256495849849745,13.13435248,4.456071631139051,134.72474591867686,-80.0,-5.0665856578227935,-70.2171511025385,-80.0,lines.txt
1689,233,5,549,True,1.9593667911815018,-56.328737252799584,118.45945892475913,2,155,0.2281801570699618,0.4563603141399207,24,7,bottom_left,-74.0,-37.75,290.5,2,8.058085249302408,-0.3870598053602492,-0.0410063359683985,0.9211423274852443,1,0,4.012171154967677,0.22818015706996603,0.05597470514861787,0.041981028861463404,0.9975492096128684,26.427563523357875,6.47921405,2.5970350075692745,198.94703640913897,-80.0,-9.176634912011396,-64.68073853019426,-80.0,lines.txt
1692,233,5,639,True,-2.334413780017968,-78.87745304593261,89.53601830316713,3,137,2.2202915133462766,1.8383499836170722,12,10,top_left,110.5,-13.0,290.5,3,2.662389207664098,0.4962638343605867,0.2361255340909243,0.8354441566352618,1,0,3.7892154747215847,0.9191749918085398,-0.06298825378590128,-0.019996271043143263,0.9978139250528488,37.09492163236075,6.98919548,3.5310239019508027,169.9074487201486,-80.0,8.36775972008176,-75.47993764907555,-79.99999999999999,lines.txt
1704,233,5,879,True,-0.5629844020555449,-73.012940779432,65.9308558341916,2,117,0.10808794759911797,0.21617589519824437,67,9,bottom_left,49.0,-37.75,290.5,2,5.714892592938053,0.19293499185976978,0.0549814743641831,0.979669906852717,1,0,2.942592589005041,0.10808794759910907,-0.05098373878057994,0.005998086915362346,0.9986814714078306,14.333437184681701,12.95565646,4.436205038773398,146.12352387841386,-80.0,6.886939169059343,-73.88940237603376,-80.00000000000001,lines.txt
1716,233,5,1056,True,-0.20831674897863306,-73.66985815867835,51.526524400033885,2,92,0.6390227404769264,1.278045480953859,35,6,top_left,-135.5,-13.0,290.5,2,0.5478332359992465,-0.4738472089087189,0.21193166305622027,0.8547243958163601,1,0,11.845831305596649,0.6390227404769189,0.18594366760178244,-0.08697365097502727,0.9787034977534678,43.11524927566455,12.09254268,7.29423433151759,134.38853003176348,-80.0,-25.197012906697015,-61.98159705264879,-80.0,lines.txt
1722,233,5,1134,True,-2.2504383497334164,-81.93233681020969,133.55632169490707,2,116,0.970060608351409,1.9401212167028117,4,7,bottom_right,-49.0,-37.75,290.5,2,5.333745925123039,-0.2569513123390306,0.17296722581576768,0.9508198367097982,1,0,0.7337038816140793,0.9700606083514108,-0.007999344080676974,-0.009999180100846218,0.9999180100846218,17.997909481603696,5.53571122,1.9671385833512625,213.57383259536857,-80.0,-0.5419877761741598,-79.79677359326062,-80.0,lines.txt
1733,233,5,1429,True,-1.7285969807722317,-78.95242677586457,111.57187197872798,2,97,0.39665555461434854,0.7933111092286967,17,7,top_left,-74.0,-12.75,290.5,1,29.347505437543006,0.003999680038394881,-0.011999040115184644,0.9999200095987203,2,0,14.629075936298912,0.3966555546143472,0.21090869629747702,-0.1389398520632669,0.9675811280377146,14.066463370413821,7.47051412,2.551987645554517,197.99050066968738,-80.0,-43.48651535630075,-51.44365590288606,-80.0,lines.txt
1740,233,5,1499,True,1.9169204495931118,-78.25342939885745,35.55387024480741,2,106,1.0200157939661039,2.0400315879322073,35,6,top_left,-135.5,-13.0,290.5,2,2.4906033417325664,-0.43914801782721563,0.18906372521490603,0.8782960356544313,1,0,9.534202893945892,1.020015793966103,0.145027485312947,-0.08001516431059147,0.9861869001280397,38.061678024654384,14.22690658,7.37669793760826,117.17238408845697,-80.0,-15.076295762878567,-68.87786183335584,-80.0,lines.txt
1749,233,5,1632,True,-0.5931871427937261,-68.29300083817019,42.74849231770794,2,80,0.11878046027105818,0.23756092054211392,27,2,top_left,-74.0,-74.25,290.5,2,7.139163280181015,-0.3209021397687806,-0.1399573195253249,0.9367143456802102,1,0,12.552538924095337,0.11878046027105943,0.18801870879233357,0.10901084711895935,0.97609712649637,32.99356740786558,14.81084457,6.767342823421034,125.7543834375425,-80.0,-24.237363941696486,-82.00159270561913,-80.0,lines.txt
1755,233,5,1688,True,4.779675344198203,-74.28976376923592,45.56543914364781,2,95,0.27574719196926034,0.551494383938523,33,2,bottom_left,-74.0,-99.25,290.5,2,1.907625869824599,-0.3240479626479706,-0.122018060009421,0.938138854826532,1,0,5.152517301127105,0.2757471919692531,0.07099708917901426,0.054997745138673025,0.9959591665112424,25.22639458941173,15.08704216,5.925784186081258,126.07488676819204,-80.0,-4.171274634917252,-81.2235982601,-80.0,lines.txt
1760,233,5,1824,True,-1.442270984340197,-67.93391855101507,54.57544749183697,2,83,1.6463070282522703,3.2926140565045383,10,7,top_right,-49.0,-12.75,290.5,1,21.045523526029207,0.05997083128414531,-0.03698201262522294,0.9975148270262836,2,0,4.995033221492485,1.646307028252267,-0.0030006091855032634,-0.08701766637959463,0.9962022495870834,4.610151007243553,12.57981798,4.069804774075927,135.08847982186072,-80.0,-1.0369232509310495,-56.17883428214979,-80.0,lines.txt
1771,233,5,2008,True,0.37513721924930754,-66.69203811898674,141.93917574409167,2,134,0.4358877601320437,0.8717755202640924,46,2,top_right,-49.0,-74.25,290.5,2,4.775896848846539,-0.33092935412353713,-0.12897246731702805,0.9348004414063661,1,0,0.960362333944243,0.4358877601320394,-0.015997752473655088,0.004999297648017215,0.9998595296034429,20.062582161740398,7.58485604,2.763160319911218,221.97035600802403,-80.0,3.9261640311547743,-67.8017339977072,-80.0,lines.txt
1797,233,5,2371,True,-6.371326353856474,-79.27374392751709,97.23663070744799,2,113,2.542879809027686,5.085759618055376,59,9,top_right,74.0,-12.75,290.5,1,28.963237259112056,-0.006999604533515469,-0.007999548038303394,0.9999435047879242,2,0,4.118212539514736,2.5428798090276854,0.02300964306108731,-0.0680285099197364,0.9974180057349585,3.8486840871923764,14.17106464,4.575599618903378,177.69543931267737,-80.0,-10.460034986024281,-67.1853879715427,-80.00000000000001,lines.txt
1828,233,0,460,True,-4.400119775843026,-80.41555472116175,64.5603570568519,2,88,2.7386188561886833,5.477237712377352,18,10,bottom_left,110.5,-38.0,290.5,2,3.7063618049885174,0.430270940862768,0.10506615997811777,0.896564565146605,1,0,5.117450822573925,2.7386188561886886,-0.06600092401940445,-0.06000084001764041,0.9960139442928309,30.875047715750057,12.38979246,5.406073570222461,145.13888875269677,-80.0,5.1791809929845085,-71.70709947677308,-80.0,lines.txt
1832,233,0,501,True,-0.08046196485312462,-63.89020700997203,98.11855424745222,3,122,0.536213084387177,0.3901075098871071,18,10,bottom_left,110.5,-38.0,290.5,2,2.2280809730602344,0.47285769124917865,0.08797352395333556,0.8767361421258556,1,0,2.2326982463399134,1.2185317432744192,-0.02600626826606922,0.02900699152753875,0.999240846069352,29.96563402066636,8.75983487,3.751617516443764,178.2538763783581,-80.0,4.5552561637091955,-69.06081569183,-79.99999999999999,lines.txt
1833,233,0,522,True,1.0802576237841743,-76.99782921644072,98.23660174318178,2,115,0.13012766702558806,0.26025533405118123,10,7,top_right,-49.0,-12.75,290.5,1,20.94131355197872,-0.04200138606861077,0.013000429021236668,0.9990329686319562,2,0,12.530898017647068,0.13012766702559392,0.1360249628712405,-0.1690310200385268,0.9761791453112553,14.687195934345015,6.29191329,2.161338993241588,182.58595525143178,-80.0,-23.755990160101813,-46.1351389555824,-80.0,lines.txt
1853,233,0,740,True,3.6885565068220973,-77.58804164309491,87.53218621469532,3,169,1.5395035942986774,0.287940512748542,37,5,top_left,110.5,-74.25,290.5,2,5.11300165378544,0.4238228790471039,-0.06197410023801991,0.9036223647608065,3,0,3.1014621365322173,0.1439702563742687,-0.052975345713520576,0.010994883072617477,0.9985352899586236,28.458167573655903,10.42902117,4.336975723893036,167.77793223676386,-80.0,12.57665047016429,-79.43274039020366,-80.0,lines.txt
1858,233,0,824,True,0.3042408525877619,-71.69975444731415,80.36295185143351,2,89,0.09820753646214257,0.19641507292428886,57,1,top_left,-135.5,-74.25,290.5,2,6.887094028715616,-0.5568123858336361,-0.12795688579300793,0.8207234627817149,1,0,3.4064795131600225,0.09820753646213365,0.04801121192713034,0.03500817536353254,0.9982331146515849,37.9953642202407,7.40844182,3.8343536167086953,160.64679632212489,-80.0,-7.408606531048319,-77.3237056645488,-80.0,lines.txt
1880,233,0,1313,True,-1.81016928876492,-65.34641532777464,80.30019958462698,2,95,0.45045749692773657,0.9009149938554735,27,2,top_left,-74.0,-74.25,290.5,1,18.830637042018797,-0.007997808900500782,0.021993974476377146,0.9997261125625977,2,0,11.68726304771477,0.45045749692773807,0.16604541963425457,0.11603173902152729,0.9792678663972001,11.413765992378186,10.51134881,3.516353812212935,163.6939238845684,-80.0,-28.990795571755807,-84.34010598335863,-79.99999999999999,lines.txt
1894,233,0,1588,True,-3.3761128521272488,-66.07884386983613,127.33368650742383,2,183,0.1244122770628501,0.24882455412569088,27,2,top_left,-74.0,-74.25,290.5,2,5.82845673102214,-0.3961464031489443,-0.14705434662347172,0.9063349526589483,1,0,1.5508455235142737,0.12441227706285675,0.001999267402720763,0.026990109936730296,0.9996337013603812,25.678201011290263,6.15613601,2.43618289367135,207.40966038386625,-80.0,-3.790780225142097,-71.67685340553658,-80.0,lines.txt
1906,233,0,1813,True,-3.771450703354693,-70.21400502707246,95.03104854560738,2,178,0.22201360054490193,0.4440272010898017,54,9,bottom_right,74.0,-37.75,290.5,2,4.395206031007166,0.37785983999422207,0.0769714488877119,0.9226577574462089,1,0,0.7707893750048517,0.22201360054490515,-0.009999095122835224,0.008999185610551701,0.9999095122835223,23.14855368364104,11.75597431,4.469411284139289,175.0468881387916,-80.0,-2.021140217898619,-71.78928446398292,-80.0,lines.txt
1913,233,0,1896,True,-4.133384193189103,-70.3069941509797,96.98339346293052,2,145,0.37213931973131986,0.7442786394626458,59,9,top_right,74.0,-12.75,290.5,2,5.047136603736088,0.30897868120646976,0.20398592545669847,0.9289359056336908,1,0,1.1371394218290145,0.37213931973132586,-0.012997439756527111,0.014997045872915898,0.9998030581943932,21.906149858623987,7.9612354,2.9727593363839278,177.01825575784483,-80.0,-1.8326000781710068,-72.96174505292366,-79.99999999999999,lines.txt
1922,233,0,2021,True,0.28486829848413064,-72.58991597924543,20.06488990202442,2,86,0.350173989597489,0.7003479791949714,5,10,top_right,135.5,-13.0,290.5,2,3.7199970848444854,0.3988552418160642,0.1499455796300993,0.9046716637682659,1,0,10.556963904445068,0.35017398959747686,-0.17901333699042718,-0.03900290582472995,0.98307324168486,35.697421827168874,17.29832677,8.43061174842849,101.78782786369628,-80.0,18.506247029371586,-68.61989491497387,-80.0,lines.txt
1929,233,0,2200,True,4.78147114532924,-67.35509034665364,80.23188434066782,2,103,0.7334924713630733,1.4669849427261454,12,10,top_left,110.5,-13.0,290.5,2,30.1105802365122,-0.025008066402331938,0.02700871171451849,0.9993223334371841,1,0,10.265943400076537,0.7334924713630656,-0.14099873101713123,-0.10899901901324331,0.9839911441195542,10.29311756302402,10.15337468,3.371221002047539,162.83874636294465,-80.0,27.74152774292493,-49.605826735746334,-80.0,lines.txt
1937,233,0,2297,True,-8.15266128168082,-70.62481294950067,123.26168893400944,2,81,0.7106343007303069,1.4212686014606077,39,2,bottom_right,-49.0,-99.25,290.5,2,19.26365488098849,-0.13495338165856474,0.15494647523761135,0.9786619306943324,1,0,0.8763885393098965,0.7106343007303009,0.0029996490615884904,0.014998245307942451,0.9998830205294968,11.343223337604082,7.34073701,2.454474764607861,203.28546916055282,-80.0,-8.762446348482847,-73.6737382835108,-80.0,lines.txt
1938,233,0,2305,True,3.47927482110008,-69.85492019224684,82.9006012015686,3,126,0.5629335124660468,0.32727900330171306,57,1,top_left,-135.5,-74.25,290.5,2,4.012089091607931,-0.5188459256367322,-0.07297832865410683,0.8517470686753291,1,0,0.8593722436444866,1.3615215340964384,0.008998987670827343,0.011998650227769792,0.9998875189808161,32.2093136590651,8.84991019,3.9735002441078846,162.9189264884644,-80.0,2.013169410285963,-71.80972740666566,-80.0,lines.txt
1952,233,0,2555,True,2.54535557917014,-71.75160874291552,142.43326112815208,2,102,0.7029166856074922,1.4058333712149829,4,7,bottom_right,-49.0,-37.75,290.5,2,8.677875225607838,-0.35106091435341896,0.0640111068906519,0.9341620911854511,1,0,0.5435391849439736,0.7029166856074875,0.008999595027335449,0.0029998650091118168,0.9999550030372722,21.384785218043085,5.43631429,2.015334984662672,222.4432703996993,-80.0,0.5434562290167717,-72.41890852629997,-80.0,lines.txt
1974,234,1,50,True,-2.488776943230172,-66.72355445227025,111.41356535492045,2,92,1.9371095439353399,3.87421908787068,46,2,top_right,-49.0,-74.25,290.5,1,15.856013502951246,0.0030002145230078672,0.06200443347549592,0.9980713646539504,2,0,11.591992834700397,1.9371095439353399,0.0029987857376146273,0.20091864442018004,0.9796033409541115,8.035811952221318,8.73199237,2.862653262003158,195.39905322136607,-80.0,-3.074736837173806,-105.98286734649373,-80.0,lines.txt
1985,234,1,216,True,0.3420410125795962,-81.0560862705464,77.80702361324217,3,115,1.6971745994786895,1.4430014435220455,29,6,top_right,-110.5,-13.0,290.5,2,32.13705802128294,0.02498768410685501,0.018990639921209806,0.9995073642742004,1,0,4.5424326011460945,3.6485223549140247,0.05499221915144617,-0.056991936211498756,0.9968589544362151,4.684384861941155,8.92305114,2.8873809109408466,158.30426452104422,-80.0,-8.363461794570172,-72.03401972495482,-80.0,lines.txt
1991,234,1,324,True,6.482284368694744,-64.1388376105044,140.06297853039231,2,130,0.672991634956682,1.3459832699133631,67,9,bottom_left,49.0,-37.75,290.5,2,5.950809290124928,0.29386661482843174,0.06597005639005611,0.9535671787289929,1,0,1.0135600772297833,0.6729916349566833,0.012997965977474336,0.011998122440745542,0.9998435367287951,16.658743155313488,5.61061712,1.9648873171533594,220.09741569203524,-80.0,3.621465647799644,-66.7795933528691,-80.0,lines.txt
2004,234,1,513,True,-3.2268550260540683,-68.74263167069955,32.57105089084102,2,111,0.7379924775217883,1.4759849550435833,35,6,top_left,-135.5,-13.0,290.5,2,3.9218449298503777,-0.4699642840715642,0.12399057707419993,0.873933583571377,1,0,11.444991947636671,0.7379924775217919,0.19202266001090085,-0.050005901044505426,0.9801156604723064,40.52593282231703,13.08634628,7.28027489567184,114.85486400308545,-80.0,-25.2815915271168,-62.99921070688113,-80.0,lines.txt
2011,234,1,683,True,-3.7003361274931628,-74.9697282716314,60.845085712660364,2,124,0.03106342510588817,0.062126850211781874,63,9,top_left,49.0,-12.75,290.5,2,16.786049693425518,0.06797526150639838,0.009996361986235054,0.9976369262262584,1,0,2.4486350578223166,0.03106342510588359,-0.04100356746556102,0.01200104413626176,0.9990869243437914,6.248732258868987,7.07626704,2.3017841207790086,140.97380546259134,-80.0,2.080092815669076,-76.66156113304473,-80.0,lines.txt
2015,234,1,830,True,0.4305290199227577,-63.235260489318605,108.41601823370034,2,120,0.036382272098498966,0.07276454419699925,57,1,top_left,-135.5,-74.25,290.5,2,4.494374572960049,-0.5470629158531928,-0.10001150198413031,0.8310955814881228,1,0,3.465666924794626,0.0363822720985029,0.0470080625741565,0.038006518676977595,0.9981712010427274,36.86433788080842,6.50458338,3.266335433594455,188.76122456435715,-80.0,-8.44277043597295,-70.40941749621301,-80.00000000000001,lines.txt
2019,234,1,896,True,-2.410449326212204,-74.00700237960847,96.21105198023713,2,128,1.2759210470762195,2.551842094152438,59,9,top_right,74.0,-12.75,290.5,1,28.04937189521107,-0.02099432180382426,-0.00999729609705917,0.9997296097059171,2,0,15.086867870837676,1.2759210470762201,-0.15792350458855334,-0.20689978132804135,0.965532312864193,13.91461383503367,7.07822261,2.4147865280177694,182.50145503418494,-80.0,26.41082004529656,-36.24749124098623,-80.0,lines.txt
2024,234,1,991,True,-3.4374852993390985,-82.40322698982087,60.18427529820666,2,149,0.03763125641480462,0.07526251282960825,10,7,top_right,-49.0,-12.75,290.5,2,19.206076785902045,-0.05302468874025096,-0.016007453204604064,0.9984648936371784,1,0,2.846899326575181,0.03763125641480998,0.03799109213321971,-0.03199249863850081,0.9987658168706971,5.296550415351412,6.90994922,2.2401439417308784,140.35750215944296,-80.0,-8.76982009546708,-77.91283979308152,-80.00000000000001,lines.txt
2032,234,1,1115,True,-3.8312733844377656,-71.84097273992577,50.63509790028616,2,119,0.580192432516748,1.160384865033494,41,6,bottom_left,-135.5,-38.0,290.5,2,1.1740171320342843,-0.4609131260628342,0.11597814018066978,0.8798341668878397,1,0,5.037802218562453,0.5801924325167525,0.07000962698561129,-0.053007289003391404,0.9961369782524121,33.06844956465207,13.24776918,6.063441383079342,131.1417011438204,-80.0,-13.012454963775145,-64.8895066869989,-80.0,lines.txt
2037,234,1,1174,True,4.207239887355048,-67.02175680576968,90.28956063352449,3,106,1.1354410303016533,0.49292582548270375,31,5,top_right,135.5,-74.25,290.5,3,7.265432443524882,0.50396951076687,-0.1479910468124936,0.8509485191718381,1,0,1.5582294232048943,0.2464629127413398,-0.015994083283575194,0.021991864514915888,0.9996302052234495,32.93175277869685,9.02804069,4.119307128082678,170.3525561189493,-80.0,6.93187285749144,-70.76812713970722,-80.00000000000001,lines.txt
2071,234,1,1680,True,-5.261178416917637,-71.77861251924318,60.73316506581946,2,155,0.38188956374133687,0.7637791274826762,57,1,top_left,-135.5,-74.25,290.5,2,5.7688118743926635,-0.47900886174591417,-0.10900201655595959,0.8710161139471634,1,0,4.234809524941347,0.38188956374134453,0.06501758963731719,0.0350094713431708,0.9972697979754652,33.52157178687299,11.93702244,5.520569079710561,141.11844693534152,-80.0,-14.436359690015193,-76.71909474321879,-80.0,lines.txt
2073,234,1,1722,True,0.42146668190409686,-76.94662600692604,32.596836501761416,3,88,1.7558053664880193,0.30389741048776775,37,5,top_left,110.5,-74.25,290.5,2,6.355013076818129,0.3500721222865518,-0.09201895785817935,0.9321920513459038,1,0,8.992370560212121,0.15194870524387163,-0.15395466702485913,0.026992052010851926,0.9877091624711741,30.190794085813874,15.05743187,6.47814212672204,113.99796699268497,-80.0,17.971985731773792,-80.02366506112398,-80.0,lines.txt
2080,234,1,1866,True,-0.43015954122461575,-71.19194472722072,58.19234980722522,3,137,2.2970908154330583,2.2306404809333884,41,6,bottom_left,-135.5,-38.0,290.5,3,1.8961904258420124,-0.4899380267591746,0.09198836420784502,0.8668903453065395,1,0,10.797110790432113,1.1153202404666978,0.17605317608998158,-0.06401933675999331,0.9822966984111473,40.58872601190056,12.5175513,6.976914845540581,140.68290164341346,-80.0,-25.197831197102044,-62.185518670538016,-80.0,lines.txt
2082,234,1,1883,True,-0.24831177895917914,-67.09771935632898,110.95615941453892,3,119,1.170451316604518,1.4710259201927665,67,9,bottom_left,49.0,-37.75,290.5,2,16.796499088882037,0.011998410315942731,0.01099854278961417,0.9998675263285609,3,0,0.6090395508797664,2.040328029620784,0.007999548038303394,-0.006999604533515469,0.9999435047879242,1.0563881423999595,6.94305176,2.232454022129624,190.96694813277315,-80.0,-1.7759610542754907,-65.76102624042721,-80.0,lines.txt
2085,234,1,1931,True,3.4924690157843257,-74.80760149120937,129.16326778080884,2,159,0.41562716985832976,0.831254339716665,54,9,bottom_right,74.0,-37.75,290.5,2,3.7778024983756326,0.3981750364012038,0.141062010383341,0.9063984496972125,1,0,0.8593722436444866,0.41562716985832726,0.0,-0.01499831278471224,0.9998875189808161,25.286823732371168,6.7508958,2.6542102176744953,209.18679732497176,-80.0,3.4924690157843257,-71.67015247449723,-80.0,lines.txt
2090,234,1,1994,True,0.5583678327583925,-76.91205208096159,81.79000777564553,2,94,1.0744267754471495,2.1488535508942874,67,9,bottom_left,49.0,-37.75,290.5,2,4.7042127359025585,0.20991300908286778,0.09995857575374657,0.9725969420839541,1,0,1.6699716191682807,1.0744267754471502,-0.010995327978203014,-0.02698853231013467,0.9995752707457286,14.720239363509151,13.46776266,4.627719906455177,161.85875392349675,-80.0,2.3380579182904935,-72.54372187101916,-80.0,lines.txt
2098,234,1,2101,True,-1.6952740892858225,-62.96693267672544,37.764116691034815,2,158,0.2138638538050574,0.42772770761011436,48,6,bottom_right,-110.5,-38.0,290.5,2,2.3669453513467147,-0.40616635919311145,0.05102089733706571,0.91237369355694,1,0,11.356291996571077,0.2138638538050556,0.19608433439958778,0.01800774499588051,0.9804216719979388,35.3347613932331,14.03962088,6.780886172808557,120.11578288661329,-80.0,-25.248097427492784,-65.12994706492812,-80.0,lines.txt
2099,234,1,2129,True,-1.7421850967732628,-61.838285439128896,104.78607444274905,3,116,1.4307600652448624,1.708342292626826,46,2,top_right,-49.0,-74.25,290.5,1,14.023706530518007,-0.04199729126206758,0.06599574341182049,0.9969356997209852,3,0,5.166159008353487,2.583937903107761,-0.0029998125175762945,0.08999437552728883,0.9959377558353297,2.6244346620080177,6.36606637,2.0505348388873785,185.53978234087748,-80.0,-1.1856005351987173,-78.53582228636526,-80.0,lines.txt
2104,234,1,2284,True,3.4510475290224965,-72.347297269373,119.35917538511401,2,187,0.11957456999161711,0.23914913998323245,67,9,bottom_left,49.0,-37.75,290.5,2,9.08043935710837,0.19396702840751795,0.04799184208021062,0.9798334424709668,1,0,0.6328268353616998,0.11957456999161183,0.0009999390055809327,-0.01099932906139026,0.9999390055809327,11.638545034244776,8.07389237,2.705278480567068,199.37133592392735,-80.0,3.2516883536373826,-70.15434634013675,-80.0,lines.txt
2109,234,1,2368,True,0.3965310628700156,-66.15128650397848,67.04937587027658,2,94,0.5526429425818924,1.105285885163796,67,9,bottom_left,49.0,-37.75,290.5,2,4.707807773573377,0.19207684611074155,0.04401761056704493,0.9803922353569099,1,0,1.5284793948519424,0.5526429425818932,-0.025990748939773156,0.005997865139947651,0.9996441899912752,12.7570408296033,15.11035311,5.105862472689346,147.10171613317735,-80.0,4.219814835497207,-67.03358275920014,-80.0,lines.txt
2114,234,1,2430,True,-6.48226679804773,-71.99333287021054,86.39175293845429,3,126,0.9116461769377922,0.25296204220102897,57,1,top_left,-135.5,-74.25,290.5,2,7.715289602879782,-0.5071445568009687,-0.14104020218725163,0.8502423536110915,1,0,1.1528996956825173,0.12648102110051085,-0.008998178053397607,0.017996356106795213,0.999797561488623,31.559686759532795,6.79149141,3.0065829695570097,166.42544385756406,-80.0,-4.984741021601642,-74.98838442310272,-80.0,lines.txt
2143,234,1,2955,True,0.9707264795339829,-70.92340324794272,87.25467402490524,2,109,0.8335053188153894,1.6670106376307816,63,9,top_left,49.0,-12.75,290.5,1,21.290097438448385,-0.028987581481433006,0.003998287100887311,0.9995717752218277,2,0,13.668447395607952,0.8335053188153885,-0.1259584405707864,-0.19993403265204188,0.9716793986889235,13.064772028581581,11.18808985,3.789830951405943,172.12948453016514,-80.0,22.651887927206886,-36.50886126750954,-79.99999999999999,lines.txt
2153,234,1,3136,True,-3.201850035307718,-76.58381044909731,66.37843739963024,2,115,0.3611513427032234,0.7223026854064524,35,6,top_left,-135.5,-13.0,290.5,2,2.026838692263122,-0.5188078172989434,0.21392075703655852,0.8276933963844414,1,0,4.4737725888784565,0.3611513427032232,0.06299703920873416,-0.045997838152409064,0.9969531443033008,38.49630646029823,10.50243627,5.511137629926039,146.82579440774384,-80.0,-12.451440362465897,-69.83014132133103,-79.99999999999999,lines.txt
2158,234,2,36,True,3.5103026624632943,-72.81337546378785,59.38952728968556,2,155,0.07561447203818465,0.15122894407638135,59,9,top_right,74.0,-12.75,290.5,1,18.987976099056876,0.045985149194827886,0.022992574597413943,0.9986774792528926,2,0,3.336907370479803,0.0756144720381775,-0.05501678267846582,0.01900579765256092,0.9983045293292525,5.7939987664295325,7.75889281,2.519607974995568,139.62625951756377,-80.0,11.19209023854817,-75.46708389916263,-80.0,lines.txt
2165,234,2,124,True,-1.481301446060905,-79.36422521747869,36.57993193783389,2,113,0.49946659120616943,0.9989331824123401,5,10,top_right,135.5,-13.0,290.5,2,1.8301817540417595,0.44606669195604387,0.20103005624027986,0.8721303932414132,1,0,7.802906294018133,0.4994665912061817,-0.08097882680482395,-0.10897150767562729,0.9907409551059324,36.2904649188454,13.65185991,6.754253311515511,117.66943855204703,-80.0,8.047431638666184,-66.54160909111755,-80.0,lines.txt
2179,234,2,484,True,1.6075325551733255,-71.00446607766563,28.373151485589453,2,108,0.639515417200019,1.2790308344000425,5,10,top_right,135.5,-13.0,290.5,2,3.4459320098926978,0.4491693687840677,0.13405054658589102,0.8833330793682223,1,0,11.350722768728177,0.6395154172000278,-0.1950877116440085,-0.0260116948858678,0.9804408072365556,39.20027173572366,13.67575622,7.31977953134001,110.53512938843004,-80.0,23.171578003836533,-68.12926001784386,-80.0,lines.txt
2186,234,2,605,True,-1.083232805870605,-69.22281093739198,48.182247801477544,2,170,0.9444409014275313,1.8888818028550605,48,6,bottom_right,-110.5,-38.0,290.5,2,4.119755270458136,-0.4468867285696421,0.05698555599210201,0.8927737105429315,1,0,7.721810749897477,0.9444409014275218,0.1339908219430346,-0.009999315070375716,0.9909321234742334,34.48953662664613,11.7312388,5.550497694919434,129.35522500982944,-80.0,-18.415645727563838,-67.92934728651936,-80.00000000000001,lines.txt
2187,234,2,607,True,-2.3411651818340014,-73.60438866315423,89.78328227791545,3,105,0.9138751116549795,1.3833189410626405,29,6,top_right,-110.5,-13.0,290.5,3,5.165842002947136,-0.43999186022587805,0.17399678108932448,0.8809837019522695,1,0,0.9856566198223529,1.3583063939022881,0.013997928459870568,-0.009998520328478977,0.9998520328478977,29.196173109379707,7.08446356,2.9881890720488418,169.8084083445012,-80.0,-4.7181311337248175,-71.90655584037508,-80.0,lines.txt
2192,234,2,749,True,-8.621062004540477,-69.03737293352253,42.27871347452061,2,78,1.213586158649711,2.427172317299419,31,5,top_right,135.5,-74.25,290.5,2,5.001921791489107,0.46388821640814576,-0.09497711327321949,0.880787755723225,1,0,1.8928332584117975,1.2135861586497145,0.0010004548100902774,-0.033015008732979155,0.999454355280187,27.882693811694466,14.60115183,6.007012274534705,122.34547063456539,-80.0,-8.743463119129586,-64.99813615208191,-80.0,lines.txt
2193,234,2,771,True,-5.143290258888099,-84.76038938091568,113.97544184485126,2,85,0.7525206935999695,1.505041387199937,24,7,bottom_left,-74.0,-37.75,290.5,1,26.015368234894357,0.002999500624715517,-0.017997003748293102,0.999833541571839,2,0,4.692749838715069,0.7525206935999659,0.06697632805131154,-0.04698339430465137,0.9966477472710089,4.0292551046924485,12.13582363,3.9201553779543166,194.62788369911942,-80.0,-18.17875124545283,-75.61611077840013,-80.00000000000001,lines.txt
2204,234,2,968,True,-0.02965753232897328,-74.57242299070018,121.6807767454382,2,126,0.010419488108141521,0.020838976216280326,67,9,bottom_left,49.0,-37.75,290.5,2,8.697526446141898,0.30908562858031813,0.05801607267850632,0.9492629822741809,1,0,2.958146146685688,0.010419488108137863,-0.043985355314614505,-0.026991013488513446,0.9986674990749975,21.11854987298725,6.251836,2.309301239667954,201.94987514086756,-80.0,8.853179481484121,-69.12159118676941,-80.00000000000001,lines.txt
2216,234,2,1189,True,3.7439195594445933,-73.35133845887887,59.77311311967311,4,123,2.719238349159181,0.7419055300933031,48,6,bottom_right,-110.5,-38.0,290.5,4,1.5130606888197022,-0.41582185849228037,0.13994004853105593,0.8986150259244232,1,0,8.011887789530533,0.3709527650466415,0.1010244003393788,-0.09602319240178579,0.9902391716434159,33.446778127863844,13.24808457,6.116329867764617,141.15086246053417,-80.0,-10.515761678017006,-59.797582035153,-79.99999999999999,lines.txt
2225,234,2,1431,True,-2.3010822042401613,-72.64916792972076,56.96811794201592,3,141,0.7922118469476688,0.8402619591489701,54,9,bottom_right,74.0,-37.75,290.5,2,5.172976847668853,0.3289508255271008,0.05299207827640225,0.9428590531065534,3,0,2.3522533403004506,1.53637358169404,0.028004411042136065,0.030004726116574353,0.999157379681926,17.661291107838636,14.92043091,5.282038637473733,137.08362739173148,-80.0,-6.1400284528652325,-76.7623246246762,-79.99999999999999,lines.txt
2230,234,2,1594,True,3.9047693308831697,-75.2575729763509,59.970564078244166,3,167,1.7953260449408208,0.3120683943564301,27,2,top_left,-74.0,-74.25,290.5,1,3.1162671550737353,-0.3149324542320741,-0.049989278449535574,0.9477967194031943,2,0,2.897690615294106,5.073909740466027,-0.0459871713685327,0.020994143450851883,0.9987213955905252,16.256473313751385,12.24057938,4.269013124228984,140.14976017959663,-80.0,10.34986036952104,-78.19989714616383,-80.0,lines.txt
2232,234,2,1606,True,4.06697908155436,-70.32949013631568,60.61524111387257,3,144,1.4696386506917174,0.27872943085648816,54,9,bottom_right,74.0,-37.75,290.5,3,6.21183013800337,0.32385170986754813,0.031985354060992406,0.9455670294280879,2,0,3.228443900533629,0.139364715428238,-0.05502275661576408,0.012004965079803073,0.9984129291369555,22.084387020237624,16.73353866,6.264097510520658,140.83876220976293,-80.0,11.816316016687617,-72.02025455852657,-80.0,lines.txt
2243,234,2,1911,True,6.154638301937123,-72.68357752813102,93.42462164870945,3,155,1.3809844832006792,0.35813625895397755,48,6,bottom_right,-110.5,-38.0,290.5,3,2.504214793704373,-0.5230326905647724,0.11100693815045838,0.8450528174516877,1,0,2.9537106895153933,0.17906812947699863,0.04898388695135363,0.015994738596360372,0.9986714911102506,34.90664544850646,6.52704169,3.119482745407156,173.65532429078206,-80.0,-2.3516744716232,-75.46114904602827,-79.99999999999999,lines.txt
2252,234,2,2126,True,-3.388164562108271,-70.86447022869655,70.764268443386,2,130,1.0468779773520303,2.093755954704055,17,7,top_left,-74.0,-12.75,290.5,1,22.01458059226217,-0.0009998870191498933,0.0149983052872484,0.9998870191498934,2,0,8.907085712151924,1.0468779773520331,0.12599244068033197,-0.0899946004859514,0.9879407253346666,9.47644814451821,8.45255829,2.7925926706221724,152.60456885438583,-80.0,-22.615186651042116,-57.13088302231523,-80.00000000000001,lines.txt
2261,234,2,2295,True,-2.090125100147301,-73.30797179362096,77.98134758222014,2,79,0.48684717774925274,0.9736943554985098,46,2,top_right,-49.0,-74.25,290.5,2,2.4769841045880594,-0.2011096346344592,-0.04502454506741623,0.9785334461318461,1,0,0.5282260203710876,0.4868471777492439,0.008999617524382646,0.001999915005418366,0.999957502709183,12.421426746640043,9.79385508,3.300744516398885,157.98806164682156,-80.0,-3.511957228387282,-73.62393448878541,-80.0,lines.txt
2277,234,2,2517,True,-7.526911508908768,-74.85457521656477,114.32517371433876,3,132,1.2213627806099214,0.1595214365385137,37,5,top_left,110.5,-74.25,290.5,1,4.343169147484294,0.52716792973269,-0.06502071239587258,0.8472698984508319,2,0,1.0135600772297833,3.504566905291243,0.011998122440745542,0.012997965977474336,0.9998435367287951,31.502515904717903,5.92110089,2.618054841396889,194.35558322466701,-80.0,-9.858813593480832,-77.38080247485117,-79.99999999999999,lines.txt
2279,234,2,2583,True,2.04666862600494,-74.57455106462727,79.8848256436294,2,85,0.19442634820054594,0.3888526964010893,29,6,top_right,-110.5,-13.0,290.5,1,31.96889195382786,0.007999488049146759,-0.007999488049146759,0.9999360061433448,2,0,12.112091305030406,0.19442634820054308,0.15895756399486397,-0.13696343564337338,0.9777389785344462,11.465773348950316,9.23794579,3.0914987184603064,163.52506052615817,-80.0,-23.94687664734585,-52.177596961174075,-80.0,lines.txt
2281,234,2,2624,True,7.3480408979548795,-74.49896529980185,40.20496754621726,2,112,0.07863874448741973,0.15727748897483956,12,10,top_left,110.5,-13.0,290.5,2,20.410107944115616,0.10603669504582741,0.006002077078065703,0.9943441025995514,1,0,8.643083652976296,0.07863874448742944,-0.1259546015477386,-0.08197045497551242,0.9886436581802657,14.256218441376694,12.30007488,4.208832756970632,121.585736732961,-80.0,22.662323922043228,-64.53252714126816,-80.0,lines.txt
2285,234,2,2683,True,-1.3387138234449765,-76.78414439570902,52.98955035688505,2,113,0.315053531254847,0.6301070625096935,37,5,top_left,110.5,-74.25,290.5,2,5.243108476667469,0.41425007540354297,-0.08104892779634537,0.9065472664628259,1,0,7.347051222669115,0.3150535312548414,-0.12597329649141575,0.02199533748262815,0.9917897628530511,32.313366407175806,12.30000271,5.535225236991575,134.090464872634,-80.0,15.553104064627114,-79.7335094237851,-80.0,lines.txt
2288,234,2,2702,True,-5.099822851191812,-79.37801980823014,66.3845690559707,2,144,1.6286971039583062,3.2573942079166134,63,9,top_left,49.0,-12.75,290.5,1,21.447309600334393,-0.0,-0.010999334560388036,0.9999395054898215,2,0,5.461421958936083,1.6286971039583058,0.005002314105534524,-0.09504396800515594,0.99546050700137,4.83217807382113,8.07122964,2.61286457443268,147.05211108467333,-80.0,-5.835423700719303,-65.40160366720781,-80.0,lines.txt
2291,234,2,2745,True,-4.420541744919844,-72.40351077508264,60.83794826202056,2,113,1.3523319454494234,2.704663890898852,48,6,bottom_right,-110.5,-38.0,290.5,1,25.991661879612497,0.00199999500001875,0.000999997500009375,0.9999975000093749,2,0,5.883458104027308,1.3523319454494214,0.07198063981148593,-0.0729803709199788,0.9947324529503959,5.845048216630648,7.02895993,2.282985566030176,141.58374731244814,-80.0,-14.611830463377615,-62.070676379979616,-80.00000000000001,lines.txt
2303,234,2,2892,True,-1.4207851245472363,-65.26116502122392,95.38859735276522,2,127,0.08039697579782888,0.16079395159565943,43,5,bottom_left,110.5,-99.25,290.5,2,2.6686232091130915,0.5088977218358337,-0.1889620224498479,0.8398312108882128,1,0,4.154684918411727,0.0803969757978342,-0.06902575140880927,0.022008210594113096,0.9973720891968526,37.028272740657194,6.04135307,3.0468046330800482,175.85071735263742,-80.0,10.717442776496696,-69.13132464184662,-79.99999999999999,lines.txt
2307,234,2,2917,True,-4.963762281387323,-62.5671460234782,97.36321817775354,2,139,0.019785577619818365,0.03957115523963586,54,9,bottom_right,74.0,-37.75,290.5,1,4.007098565511622,0.40083268727230786,0.05297788634771151,0.9146182265689817,2,0,3.610259199055874,0.01978557761981269,-0.05900091452126267,0.022000341007928453,0.9980154693596636,27.086618284308805,6.04976711,2.4531927952281394,177.71590082822215,-80.0,5.521638392447805,-66.47695644423028,-80.0,lines.txt
2308,234,2,2927,True,-0.45377982869987976,-82.24361846517574,53.735871891234666,2,117,0.0879519607655521,0.17590392153110576,46,2,top_right,-49.0,-74.25,290.5,2,7.962357892597988,-0.06398643631310007,0.017996185213059394,0.9977884912574042,1,0,3.0674678995136335,0.08795196076555581,0.04498050517559409,0.028987436668716195,0.9985672148981889,6.278325530009655,12.42101054,4.040792468779851,133.9277615927637,-80.0,-6.477918202178918,-86.1258409725289,-80.0,lines.txt
2312,234,2,3000,True,4.675468504814821,-67.28615462625714,58.672329746736715,2,147,0.4153124377104481,0.8306248754209065,37,5,top_left,110.5,-74.25,290.5,2,4.462443648824609,0.39700754321498233,-0.10300195705577625,0.9120173284938636,1,0,8.144517760687183,0.4153124377104398,-0.1349882565325003,0.04299625948812972,0.9899138812383355,32.3496404972536,14.00827904,6.309034961051361,140.0852461764292,-80.0,23.5853316520971,-73.30929622131742,-80.0,lines.txt
2324,234,2,3285,True,1.6836109902931042,-65.84782658845045,60.33357211677102,3,146,0.8965319917063264,0.36407342195357545,12,10,top_left,110.5,-13.0,290.5,3,4.675927434990987,0.4188555197642243,0.12295758694749306,0.8996896605914126,1,0,1.9901048953339129,2.325522553165402,0.023009136441110824,0.026010328150820928,0.9993968393334657,24.219203389780386,12.67347383,4.897866856531035,140.41826689222333,-80.0,-1.5472920714543772,-69.50015178868672,-80.0,lines.txt
2330,234,2,3346,True,4.975270408102237,-66.2726635886741,51.24320273514704,2,92,0.0632426561344932,0.12648531226898693,27,2,top_left,-74.0,-74.25,290.5,2,18.591189054728005,-0.015006529260651585,0.08303612857560544,0.9964335429072653,1,0,8.594916881311189,0.06324265613449744,0.11197391311701164,0.09897694105878707,0.9887696435064688,7.350725031352455,15.46461834,5.053492491555117,132.7338512029151,-80.0,-9.88745831417933,-79.41025415569085,-80.0,lines.txt
2339,234,3,65,True,7.549219484033479,-65.85398038937774,103.30832965778495,2,130,0.3208259408493507,0.6416518816987052,46,2,top_right,-49.0,-74.25,290.5,2,6.280504558162892,-0.3490200692309877,-0.13000747564478055,0.9280533646027411,1,0,1.4320961841645452,0.3208259408493438,0.0069978135248568605,0.02399250351379495,0.9996876464081228,22.74986221608584,10.14693427,3.8350170433982953,183.36560456299694,-80.0,6.266061176428984,-70.25338030116458,-80.0,lines.txt
2341,234,3,73,True,0.6609047168990063,-70.51078551237444,95.41947273468207,2,190,0.11843942786315961,0.23687885572631245,57,1,top_left,-135.5,-74.25,290.5,2,3.6652069589503267,-0.5587650886599479,-0.0779672216734811,0.8256528859268639,1,0,0.4051355901008439,0.11843942786315807,0.006999825006562227,-0.000999975000937461,0.999975000937461,34.734716605579464,7.85653525,3.7392488990345996,175.42385816668323,-80.0,-0.5670315922437683,-70.33536603963975,-80.0,lines.txt
2345,234,3,162,True,-4.541710239386973,-68.34358529763469,86.39230086425798,2,110,0.7528789259550482,1.505757851910094,4,7,bottom_right,-49.0,-37.75,290.5,2,6.165536970367407,-0.17200378412487657,0.04600101203339722,0.9840216487144102,1,0,0.7086735116291049,0.7528789259550486,0.002999770526331768,0.011999082105327071,0.9999235087772559,10.268761356326753,12.51784178,4.155653174422584,166.40502938842667,-80.0,-5.040887141979747,-70.34029290800578,-80.0,lines.txt
2353,234,3,247,True,-1.822861491058708,-80.40407526808409,49.21793903707892,2,112,0.16411765597343841,0.3282353119468713,12,10,top_left,110.5,-13.0,290.5,2,1.246861284591795,0.39989444179920874,0.227939831825549,0.8877656607942435,1,0,5.067618281495015,0.16411765597342895,-0.07600695495458207,-0.04500411806521307,0.9960911465100493,32.47321595626342,11.87555567,5.363169123288549,129.72501511514565,-80.0,8.037141889280646,-74.56591537183053,-79.99999999999999,lines.txt
2358,234,3,316,True,1.566015470530167,-70.7485723199214,70.77331332741761,3,110,1.4345962756101847,0.020338252721518214,27,2,top_left,-74.0,-74.25,290.5,3,18.860886629903487,-0.002999836513364911,0.009999455044549703,0.9999455044549703,1,0,1.5423634113666918,0.010169126360758582,0.006997463878932546,0.025990580121749454,0.9996376969903636,1.0807013669103918,14.94576407,4.805705104343102,150.82795875081032,-80.0,0.5106022772382437,-74.66867846643424,-80.0,lines.txt
2361,234,3,439,True,-4.991860307901944,-67.28000399040997,16.80459469464386,3,114,3.34248865879676,1.6261993228990173,57,1,top_left,-135.5,-74.25,290.5,2,3.6625955528035874,-0.4379419765319097,-0.08598860726425624,0.894881436064062,1,0,12.09740492950811,0.8130996614495024,0.20195718961322212,0.055988131773962564,0.9777927299095605,38.57903617221786,15.9322301,8.379666291096749,99.00318516747171,-80.0,-24.986265347081968,-72.82300736760838,-80.0,lines.txt
2363,234,3,466,True,-1.2019344205962788,-69.22180961917314,39.40599782563192,2,65,0.6273437880560604,1.2546875761121232,10,7,top_right,-49.0,-12.75,290.5,2,16.04716109161368,0.021007532550871344,0.029010402094060427,0.9993583342057367,1,0,13.870435404208932,0.6273437880560606,0.21196513460280092,-0.11198158054487597,0.9708403099024514,13.730818323885018,18.74047877,6.383364706075904,122.99241863744786,-80.0,-27.27203899220695,-55.44892418511467,-80.0,lines.txt
2385,234,3,955,True,-3.595763326073545,-73.16270398332969,54.9871179059891,2,148,0.26618723851345816,0.532374477026921,67,9,bottom_left,49.0,-37.75,290.5,1,12.217430931079697,0.035989330744916774,0.035989330744916774,0.9987039281714406,2,0,3.8112025481395975,0.2661872385134524,-0.06398643631310007,0.017996185213059394,0.9977884912574042,5.8229631384931055,7.68791838,2.49681665817999,135.28630475170095,-80.0,5.060725196955815,-75.5973413804317,-80.0,lines.txt
2387,234,3,968,True,-1.9919550285692453,-76.09777306248918,109.03248742296788,3,176,0.5182431138564928,0.8638921184787163,48,6,bottom_right,-110.5,-38.0,290.5,2,6.078986677340538,-0.49997550180060296,0.07299642326288804,0.8629577161078408,1,0,1.101970427767807,0.6908372230907655,-0.0029994451539650285,-0.018996485975111846,0.9998150513216761,30.354972148973623,7.39213321,3.1909659120330014,189.06745519892098,-80.0,-1.4248575663003415,-72.50615580145279,-80.0,lines.txt
2402,234,0,216,True,-1.6243669892571417,-76.2690613681068,49.95295599975995,2,80,0.08172910551331085,0.1634582110266242,63,9,top_left,49.0,-12.75,290.5,2,17.92985749594699,-0.0160062596715367,0.03101212811360235,0.9993908382415725,1,0,9.391608512789436,0.08172910551330761,-0.07496930635228688,-0.14494065894775465,0.9865960715960954,10.673014190678078,15.46145025,5.14627125969838,131.71850136147881,-80.0,8.25047769157568,-57.17769498516334,-80.0,lines.txt
2426,234,0,643,True,-0.7746298681032501,-66.94184220892527,52.16059521451277,2,61,1.27790022442616,2.5558004488523265,63,9,top_left,49.0,-12.75,290.5,2,2.786152811735176,0.1790277514523794,0.17502713130819214,0.9681500748933143,1,0,4.060054560525238,1.2779002244261595,-0.052025576858084045,-0.0480236094074622,0.997490387067496,18.55818514156236,17.21893902,6.158477138062391,132.49310161579533,-80.0,6.1184001731752495,-60.579045247745114,-80.0,lines.txt
2436,234,0,828,True,-0.00581466421129332,-67.61421125082106,59.50140630316543,2,158,0.06959404172330413,0.13918808344660796,12,10,top_left,110.5,-13.0,290.5,2,25.10912876058316,0.05702104464892981,0.0030011076131015693,0.9983684659584553,1,0,3.388616577689119,0.06959404172330362,-0.054013613145985365,-0.02400605028710461,0.9982515911054332,6.5508722404074975,7.60051079,2.4752376999703696,139.7457389962042,-80.0,7.542357620729522,-64.25946801306958,-80.0,lines.txt
2468,234,0,1354,True,2.936419549380889,-67.95027157585632,104.80881879447588,2,83,1.0007827532767708,2.001565506553539,63,9,top_left,49.0,-12.75,290.5,1,22.417232608469533,-0.046990461904251914,0.013997158865096315,0.9987972647308013,2,0,6.887941305800895,1.000782753276774,-0.10497701255110141,-0.05798730217108459,0.9927826044118447,5.309226495242232,10.28829609,3.3355108689782895,186.15235397276362,-80.0,22.47813754879677,-57.155798776178976,-80.0,lines.txt
2470,234,0,1367,True,-1.1629283857713986,-73.69551909561324,82.20937696471114,2,141,1.0740500988472248,2.148100197694452,59,9,top_right,74.0,-12.75,290.5,1,25.627913115248102,-0.006999405075851756,-0.010999065119195614,0.999915010835965,2,0,11.964182820600417,1.0740500988472197,-0.1430405577479975,-0.15004254309230508,0.978277380961829,11.23222265450386,10.8244929,3.6165177079191975,165.81123117170418,-80.0,22.55480260191132,-48.81678029734465,-80.0,lines.txt
2472,234,0,1417,True,4.329505771971861,-68.45148846563717,96.8458611766581,3,158,1.1422765900990666,0.38814273720470777,27,2,top_left,-74.0,-74.25,290.5,3,3.8065879112403147,-0.37508534162393364,-0.09402139230039937,0.9222098266060449,2,0,2.75143078333107,0.19407136860236268,0.03899403436907739,0.027995716982927358,0.998847188069444,25.3260164227976,9.17682892,3.6103348428868354,177.0499664903327,-80.0,-2.574386706396173,-73.4081292193373,-80.0,lines.txt
2478,234,0,1622,True,-4.774533551475042,-73.43858857729913,106.64721645160955,2,95,0.3155662545461981,0.6311325090924016,24,7,bottom_left,-74.0,-37.75,290.5,1,23.035483573409618,0.005999649030797248,0.00899947354619587,0.9999415051328746,2,0,10.498829257342447,0.31556625454619747,0.16904446454203095,-0.06801789105833198,0.9832586310344166,10.38992523587722,6.21759074,2.0656976064326,189.825149315243,-80.0,-36.863424274081375,-60.527082251043325,-80.0,lines.txt
2487,234,0,1868,True,-2.333939946086107,-80.04295885917954,98.67655053609425,2,117,0.44835757378284835,0.8967151475657029,17,7,top_left,-74.0,-12.75,290.5,1,27.48512417776286,-0.004999447591560013,-0.013998453256368037,0.9998895183120026,2,0,9.60354966025843,0.4483575737828462,0.1479978540466744,-0.0769988835242833,0.9859857033109523,9.524572152259966,7.16019605,2.3662815861722737,181.2161676747403,-80.0,-29.153543880509996,-66.08951627167522,-80.0,lines.txt
2489,234,0,1901,True,-3.230352654631141,-64.95359147619948,110.96554506962028,3,105,0.9457991988978728,0.2093582024001259,67,9,bottom_left,49.0,-37.75,290.5,3,5.353963526897527,0.3421195916996019,0.07902762498324137,0.9363273035989104,1,0,1.5728930313539184,2.6280393942934945,0.014994348195894477,0.022991333900371533,0.9996232130596319,19.451912452543983,6.7070111,2.4247255768548412,191.03752551435434,-80.0,-6.0948358306754455,-69.34579901280074,-80.0,lines.txt
2495,234,0,2034,True,-3.3694050968635407,-71.57229093683743,109.48067511027907,3,163,0.8732675954342947,0.32274723513189113,41,6,bottom_left,-135.5,-38.0,290.5,3,2.3786400262064373,-0.5519288057757863,0.13498258836907817,0.8228938535388987,1,0,2.356435373990624,2.297055551170987,0.0390060268967693,0.013002008965589765,0.9991543812787828,36.637747801966356,7.02365448,3.5062208078848274,189.6410391232728,-80.0,-10.766548569637198,-74.03800542776199,-80.0,lines.txt
2501,234,0,2083,True,-5.914691343799024,-65.48005093092594,92.68219985411041,2,159,1.1089874330965241,2.2179748661930545,61,1,bottom_left,-135.5,-99.25,290.5,1,34.16476416273612,-0.003999246213126544,0.018996419512351082,0.999811553281636,2,0,14.540817174991346,1.1089874330965273,0.21599308833175832,0.12799590419659754,0.9679690254867687,14.221257874089632,7.27234396,2.487676106374364,178.39641073976787,-80.0,-44.44708304678234,-88.31406082899014,-80.00000000000001,lines.txt
2511,234,0,2261,True,1.0326493581994405,-64.70000528386424,134.12560919465568,3,122,1.3518657862519001,0.6397473032933386,37,5,top_left,110.5,-74.25,290.5,3,5.093216517078207,0.5139843237171863,-0.10799670615069283,0.8509740456874038,1,0,3.6495465264352394,3.4158500554623643,-0.04599871205409348,0.04399876805174159,0.9979720571735933,34.829627981822064,5.53214589,2.639041903020348,214.56072607993812,-80.0,10.90216641526774,-74.1404129036687,-80.0,lines.txt
2516,234,0,2315,True,7.012994405965026,-80.40837180586328,104.23007124425432,2,198,0.2456849426885685,0.4913698853771359,31,5,top_right,135.5,-74.25,290.5,2,5.929834914684078,0.5308739324098017,-0.06698409316658516,0.8447993839666336,1,0,0.5282260203710876,0.24568494268857438,-0.001999915005418366,-0.008999617524382646,0.999957502709183,32.40249295242498,6.25730351,2.8214566180978,184.23790085590647,-80.0,7.381454548453535,-78.75030116466499,-79.99999999999999,lines.txt
2519,234,0,2401,True,1.154787891514026,-72.0192743627592,68.55306498740528,2,151,0.06524259962853862,0.13048519925707136,48,6,bottom_right,-110.5,-38.0,290.5,1,4.753055011083953,-0.4711201509596957,0.0570145405620014,0.8802244858694953,2,0,6.039773045047164,0.06524259962854105,0.10504743963090879,-0.006002710836051931,0.9944490951726033,34.36015049410003,9.04717343,4.267334402252003,149.38227176085005,-80.0,-14.53743728321188,-71.1225757813463,-79.99999999999999,lines.txt
2562,234,0,3132,True,-0.06996070590455411,-83.25515771121135,60.416683315680245,2,77,1.2057189649964193,2.4114379299928363,24,7,bottom_left,-74.0,-37.75,290.5,2,3.408358367573829,-0.2731286739152608,0.135063629958096,0.9524487090378325,1,0,4.216187124835802,1.205718964996424,0.04101207983652979,-0.06101797243971505,0.9972937462687853,21.498328852902066,14.79196398,5.492177132922854,140.7977176644562,-80.0,-5.844367943560413,-74.66396645518678,-80.0,lines.txt
2564,235,1,24,True,-6.517639151548373,-75.97810451265624,28.1728954410043,2,92,0.6589163647689937,1.3178327295379848,46,2,top_right,-49.0,-74.25,290.5,2,4.278797384958627,-0.14195287946472854,-0.06597809890614144,0.9876721472616324,1,0,3.719823654962005,0.6589163647690048,0.05899368801305584,0.026997111463601824,0.9978932311360971,12.725706638014355,14.29217403,4.828201479497734,108.40127186537775,-80.0,-12.912629964192917,-78.90462573200205,-80.0,lines.txt
2571,235,1,131,True,0.4595676535255615,-65.56284022951446,30.734105998588152,2,91,0.5611334408869109,1.1222668817738102,5,10,top_right,135.5,-13.0,290.5,2,2.297155660861738,0.4378168119882567,0.14294019204182812,0.8876286051268767,1,0,10.08270666638799,0.5611334408869095,-0.16892383252342655,-0.04597926802412793,0.9845560652992611,37.496535602740785,15.81551869,8.075962833637501,112.47110235914288,-80.0,19.458617312166577,-60.391501269174306,-80.0,lines.txt
2587,235,1,404,True,-4.230491510434562,-80.01584718983378,104.94950886989574,2,101,2.3573577362003744,4.7147154724007425,10,7,top_right,-49.0,-12.75,290.5,1,24.184064602055717,-0.006998694865100142,-0.017996643938828934,0.9998135521571632,2,0,18.76976735070994,2.3573577362003686,-0.22195761014430715,-0.2329555097460521,0.9468191748047696,17.751376839804077,8.39279916,2.974151228222565,195.33773057356132,-80.0,39.12620433868567,-34.510846591432816,-80.0,lines.txt
2588,235,1,447,True,4.958965423165697,-68.84937443603468,67.91464268272847,3,123,0.5721684103168628,0.9563868065548142,18,10,bottom_left,110.5,-38.0,290.5,3,1.6054326091506823,0.4469477101766851,0.10898724923771516,0.8878961222301932,2,0,1.7164487964998638,0.760118424395786,0.012994166928279947,0.026987885158735275,0.9995513021753806,26.33097428168994,12.32128177,4.930434082406857,147.98104145411384,-80.0,3.036075068290227,-72.84306978846834,-80.0,lines.txt
2595,235,1,548,True,-1.305798850419063,-77.19093769008622,41.82872151739143,2,85,0.6862419473352899,1.372483894670585,29,6,top_right,-110.5,-13.0,290.5,1,27.339124364475843,0.0069998285063023686,-0.0,0.9999755009003383,2,0,5.718823931971388,0.6862419473352873,0.08500195506745009,-0.05200119604126358,0.9950228857895628,5.380761489017756,10.77500797,3.494121209145612,122.43810997444432,-80.0,-11.713277573010291,-70.82400953038335,-80.0,lines.txt
2612,235,1,962,True,4.964214913187796,-74.34013605952643,25.995025721758786,2,86,0.033118773172079584,0.06623754634415793,4,7,bottom_right,-49.0,-37.75,290.5,2,5.092441100149701,-0.20493596751366516,0.045985631734773644,0.977694518187144,1,0,2.5631987585190834,0.03311877317206816,0.0439999780000165,-0.007999996000003002,0.9989995005003747,14.685651116700292,13.31316917,4.573150273554329,106.10117989915756,-80.0,0.2957653318490703,-73.49132704473757,-80.0,lines.txt
2617,235,1,1072,True,-1.5488642365037908,-77.82812061906316,36.18930232633387,2,110,0.0608574280335271,0.12171485606705494,18,10,bottom_left,110.5,-38.0,290.5,2,3.851400202602633,0.34208347855439375,0.11802880254215922,0.9322274912651899,1,0,6.497986304745199,0.06085742803352348,-0.10695434024299398,-0.036984211112063334,0.9935758336592151,27.713239234780204,15.01276836,6.157123728768398,116.94054785775461,-80.0,10.958434907276617,-73.50316670953161,-80.0,lines.txt
2623,235,1,1161,True,1.961518050323662,-72.28058342951829,91.33111236182322,2,123,0.04210626911176304,0.08421253822351749,57,1,top_left,-135.5,-74.25,290.5,2,5.382809983489291,-0.5382075190055778,-0.0960370294136347,0.8373228502001275,1,0,1.1514758667287366,0.04210626911175734,-0.0019995961223708025,0.019995961223708024,0.9997980611854013,33.24754929398649,6.74717061,3.1007874556663433,171.36571775172885,-80.0,2.304180275047308,-75.70720567675475,-80.0,lines.txt
2638,235,1,1400,True,-0.34803133306068457,-66.57605555305457,87.42079407319639,3,244,0.677147853140225,0.06831718906879412,41,6,bottom_left,-135.5,-38.0,290.5,1,4.9335089702813715,-0.5670447983086695,0.03200252829960745,0.8230650247055291,2,0,1.3664584000253002,1.963126370351879,0.019994312427056703,0.012996303077586854,0.999715621352835,35.71711234728457,8.01253404,3.906964218559606,167.4684185154967,-80.0,-3.696447214524613,-68.75252587600613,-80.0,lines.txt
2648,235,1,1497,True,5.3865599277026845,-62.81030162806681,87.43147186470134,2,153,1.285819810185361,2.5716396203707266,48,6,bottom_right,-110.5,-38.0,290.5,2,1.65616302664724,-0.4908934876685103,0.07698329643681323,0.8678117052877128,1,0,2.669147611996801,1.2858198101853604,0.044996175487618424,0.01199898013003158,0.9989150958251289,32.252385473008694,9.52013047,4.278474631504467,167.61331625126633,-80.0,-2.15539826440098,-64.82149047929445,-80.0,lines.txt
2660,235,1,1638,True,-6.4242117536713454,-73.09978295756177,18.971481404814003,2,98,0.11428118298226675,0.22856236596453144,35,6,top_left,-135.5,-13.0,290.5,2,2.806980257442127,-0.4060525872152871,0.15201968782444245,0.9011167021698859,1,0,14.566633517184954,0.11428118298226454,0.24296380109025548,-0.06499031716406012,0.9678558002278489,40.21605448074127,15.39315456,8.485218853668849,102.25849902590295,-80.0,-31.269325370788913,-66.45397067314761,-80.0,lines.txt
2661,235,1,1645,True,0.08026123957651837,-53.41190261534017,70.34783995982136,2,156,0.21362472093198442,0.42724944186396674,31,5,top_right,135.5,-74.25,290.5,2,4.244706011879389,0.508284210332579,-0.15308559878126884,0.847473870377351,1,0,8.956107594729211,0.21362472093198606,-0.12097647236396535,0.09798094455924466,0.9878078900462626,40.47833594256509,10.3350274,5.741491003872974,152.20352203582829,-80.0,18.49330641684209,-68.32494746965443,-80.0,lines.txt
2662,235,1,1649,True,-2.9072720766450524,-73.71995594199294,25.829980038362375,2,73,1.0640812422972905,2.1281624845945752,59,9,top_right,74.0,-12.75,290.5,2,4.142980975235538,0.2799963600709785,0.14499811503675672,0.9489876632405664,1,0,9.258726972782961,1.0640812422972936,-0.1319962381608179,-0.09199737811208518,0.986971871702479,27.584829485856293,18.73634062,7.666233788813065,107.22694645371276,-80.0,11.246281484716485,-63.85535800528641,-80.0,lines.txt
2681,235,1,1821,True,0.3108839557211598,-80.85586195144143,41.56454180512671,2,100,0.546478384289807,1.0929567685796053,48,6,bottom_right,-110.5,-38.0,290.5,2,2.6204860566743267,-0.426048146160928,0.11701322324138165,0.8971013781839259,1,0,10.812880658321115,0.5464783842898152,0.1640409333199322,-0.09102271300069407,0.9822451007327646,36.809385348173656,13.5081059,6.773477686314241,123.76192226811654,-80.0,-19.991137282609575,-69.59071602041645,-80.0,lines.txt
2687,235,1,1948,True,5.122385029966209,-71.70192779643062,62.63404783937773,3,129,1.6136599196717751,0.511628925892377,27,2,top_left,-74.0,-74.25,290.5,3,3.1234371515158736,-0.3248398933891151,-0.06496797867782303,0.9435349518748452,2,0,0.5757960731090369,4.329350833122948,-0.0009999495038250533,0.009999495038250532,0.9999495038250531,19.41037706231667,14.90442583,5.385508226034502,142.64125067692655,-80.0,5.2650190778055865,-73.1282682748244,-80.0,lines.txt
2697,235,1,2052,True,-3.0300687574966183,-74.388160809289,43.48276904202041,2,83,1.1715776166648721,2.3431552333297416,24,7,bottom_left,-74.0,-37.75,290.5,1,14.430829837281737,-0.06000321025762547,0.017000909572993887,0.9980533972851704,2,0,3.4788911262311877,1.1715776166648737,0.009001417834972306,-0.060009452233148707,0.9981572221447069,5.927216106029438,12.25482821,3.9815094042410437,123.71074045499277,-80.0,-4.14364082300582,-66.96434703922766,-80.0,lines.txt
2702,235,1,2125,True,-1.1086999920085847,-61.672196218835595,93.51838287676819,2,107,0.2431335677557065,0.48626713551141515,63,9,top_left,49.0,-12.75,290.5,2,7.574147079096146,0.2838630690957762,0.10994696338216685,0.9525405100291363,1,0,3.619781806416351,0.24313356775570671,-0.055000275002062525,0.031000155001162513,0.9980049900374254,20.209458367390354,7.37601684,2.6921363411650985,173.86524577423327,-80.0,8.453936338875435,-67.06204578715204,-80.0,lines.txt
2726,235,1,2477,True,-4.376661645613506,-66.14996439917844,84.96230520331798,2,101,0.1943923531515911,0.38878470630318196,4,7,bottom_right,-49.0,-37.75,290.5,2,4.933566506030297,-0.1809999095000679,0.053999973000020254,0.9819995090003683,1,0,1.0151775533304934,0.19439235315159592,0.016997331628385078,0.00499921518481914,0.9998430369638279,11.751873431740428,12.68828941,4.25488410434032,164.9882022524761,-80.0,-7.181020834069912,-66.97477592519503,-80.0,lines.txt
2735,235,1,2591,True,-5.306750562736678,-77.10139758232741,53.179028928673176,2,126,0.3884054630268613,0.7768109260537188,37,5,top_left,110.5,-74.25,290.5,2,6.063897095577088,0.411030622922154,-0.0910067802577032,0.9070675790520528,1,0,4.23093671585415,0.3884054630268653,-0.07201984420099271,0.016004409822442826,0.9972747870609685,29.127728669018104,10.08025168,4.246131959977276,133.542961936459,-80.0,4.310992750066198,-79.23867387406138,-80.0,lines.txt
2738,235,1,2606,True,3.0464970381781953,-70.29303954475986,30.980056499674475,2,145,0.12615861218834584,0.2523172243766922,31,5,top_right,135.5,-74.25,290.5,1,4.713085698702917,0.39713445277224796,-0.06702269102201666,0.915309884852914,2,0,11.843647063193504,0.12615861218834667,-0.192943090181357,0.06997935913313466,0.9787113227334118,35.46109945914222,16.30848132,7.9014280465990225,113.3940661784946,-80.0,24.925098574886242,-78.22828362543117,-80.0,lines.txt
2753,235,1,2790,True,-4.082026790179076,-69.87097312711508,34.1022315530879,3,91,0.9798633591783839,0.9018395159003922,35,6,top_left,-135.5,-13.0,290.5,2,2.432497196139835,-0.4419493996904374,0.15298248450822835,0.8838987993808748,3,0,8.48216779127076,2.03775056163476,-0.1450090633496979,0.02700168765821961,0.9890618182955256,19.533183074629942,13.7705147,4.983332325411218,115.3641050968109,-80.0,12.646814034085583,-72.98599865990919,-80.0,lines.txt
2755,235,1,2828,True,3.964599635197559,-69.14034440745985,57.96900210345922,3,171,2.229001137443996,0.5864648636473774,54,9,bottom_right,74.0,-37.75,290.5,1,5.208956541290734,0.32011974718235836,0.04401646523757427,0.9463540026078467,2,0,3.841173562327891,0.29323243182368397,-0.0669834571288815,0.0009997530914758433,0.9977535852928916,22.65671316742822,15.01174075,5.665949651199223,138.27963551036328,-80.0,13.227047672203337,-69.27858990054949,-80.0,lines.txt
2760,235,1,2957,True,-1.261017248530339,-79.18310553811808,78.45792381763366,2,146,0.11364592217764193,0.22729184435528396,29,6,top_right,-110.5,-13.0,290.5,2,4.206702110611002,-0.4489100025658241,0.19596071381492544,0.8718252165643622,1,0,4.181827548870723,0.1136459221776473,0.06502201367807585,-0.033011176175023124,0.9973376559544865,33.50411372550012,8.50924093,3.933719594373987,158.8809194875771,-80.0,-11.591774568636845,-73.93825951406401,-80.0,lines.txt
2776,235,1,3140,True,4.741102948950207,-67.61727024993553,61.15418966426063,2,72,0.7341313832771347,1.4682627665542678,57,1,top_left,-135.5,-74.25,290.5,2,7.774401839459726,-0.4971039055755329,-0.15803303235600444,0.853178332909315,1,0,6.214670170542937,0.7341313832771378,0.09601190621460169,0.05000620115343839,0.994123278930355,37.57705551005979,12.30010973,6.294449446658915,141.98861716238858,-80.0,-8.89149484558603,-74.71758160125648,-80.0,lines.txt
2778,235,1,3146,True,-1.0789264654483544,-66.33104971917288,88.8709684407959,2,166,0.4493720588742138,0.8987441177484307,41,6,bottom_left,-135.5,-38.0,290.5,2,4.1311609013973305,-0.5302344154288836,0.050022114663102225,0.8463741800996896,1,0,4.176334815206792,0.44937205887421744,0.07002419754109807,0.020006913583170874,0.9973446421210679,36.09918134086885,6.57440192,3.2368295642739127,169.32057516412328,-80.0,-12.935463868513267,-69.71863183433429,-80.0,lines.txt
2782,235,1,3222,True,0.16892339277349383,-69.44455587498273,38.56542028384678,2,114,0.05865501506279269,0.11731003012558412,27,2,top_left,-74.0,-74.25,290.5,2,11.758678763810554,-0.0890237279856837,0.03901039765664792,0.9952652735478121,1,0,7.931137199029344,0.05865501506279355,0.11893210914298838,0.06996006420175788,0.9904346231991722,12.071721263979429,15.81816202,5.316961658889281,119.7104962878542,-80.0,-14.068498417294888,-77.8195098809053,-80.0,lines.txt
2787,235,1,3349,True,-2.6757057346343975,-68.9972485091624,107.68229203921467,3,164,1.41200287367601,1.7527659742070674,37,5,top_left,110.5,-74.25,290.5,3,5.999294923804651,0.4658085919949553,-0.10495687158684615,0.8786389535698834,1,0,0.7686574296579267,2.483242646820956,-0.011998920145778134,0.005999460072889067,0.9999100121481779,29.268170757628113,7.35992334,3.1087456978775925,187.6991826854533,-80.0,-0.4235182301638214,-70.1233422613977,-80.0,lines.txt
2800,235,2,109,True,-0.38748118857127456,-63.2609353302241,119.91172569907992,3,185,1.8674734872202832,0.6541491850313269,48,6,bottom_right,-110.5,-38.0,290.5,2,2.9392875497032795,-0.5138969739840392,0.08298336350325924,0.853828824479318,3,0,3.107267152686507,0.32707459251566207,0.049976466625024876,0.020990115982510448,0.9985298031679969,34.04147151467581,6.28285477,2.941151967807353,200.2060680260396,-80.0,-10.393073065402103,-67.46328391849305,-79.99999999999999,lines.txt
2834,235,2,628,True,6.517808840634122,-64.95437360818804,90.0185524294343,2,73,1.023342427284443,2.0466848545688774,10,7,top_right,-49.0,-12.75,290.5,2,6.195559601705794,-0.32109280923474176,0.15504481442799056,0.9342700430693108,1,0,0.753564865487768,1.0233424272844385,0.012998875645882844,0.0019998270224435145,0.9999135112217572,21.51439535782282,10.1907636,3.78461229412451,170.0332583982138,-80.0,4.307567659051476,-65.2944107130469,-80.0,lines.txt
2835,235,2,661,True,-3.2925491929779858,-78.64473647047826,33.74313806357892,2,83,0.6589528624479828,1.3179057248959634,12,10,top_left,110.5,-13.0,290.5,2,3.2861049321375218,0.38307394040643644,0.1740335917251173,0.9071751016935713,1,0,8.229312054843207,0.6589528624479865,-0.12596221700149945,-0.0679796091754124,0.98970313358321,33.09666914610838,15.48119996,7.0902205673712375,114.92652109908256,-80.0,11.183850196932056,-70.83207648227284,-80.0,lines.txt
2842,235,2,802,True,2.304609536326589,-62.34279827066218,99.04539726749995,3,121,0.5202813804938612,0.11886932272941002,48,6,bottom_right,-110.5,-38.0,290.5,2,4.218885237857647,-0.48285637159100053,0.0409878079404369,0.874739803606885,1,0,1.6130375110565918,0.0594346613647053,0.007996829885301171,0.02698930086289145,0.9996037356626464,29.350442592832454,7.35078244,3.1098944486679776,179.11637469902922,-80.0,0.8722463581865896,-67.17702399688467,-79.99999999999999,lines.txt
2868,235,2,1167,True,3.3083223886042976,-75.21042836851083,112.27688557958328,2,162,0.4624227894748033,0.9248455789496045,67,9,bottom_left,49.0,-37.75,290.5,2,6.943638522549438,0.2788959911893133,0.08396868551936314,0.9566432385956014,1,0,0.5156480934192877,0.46242278947480775,-0.0,-0.00899963552214188,0.999959502460209,17.089124696185547,6.79031466,2.388889000882789,192.28467263576454,-80.0,3.3083223886042976,-73.47993639829458,-80.0,lines.txt
2878,235,2,1265,True,5.901258723553699,-62.59647254552634,107.13044987838163,3,133,1.8750949181087944,0.42113383795755205,31,5,top_right,135.5,-74.25,290.5,2,3.9364290262817416,0.5559571929441516,-0.116990992040406,0.8229366363184113,3,0,2.3633889113565476,0.2105669189787755,-0.010001495335337307,0.04000598134134923,0.9991493840001969,35.70860379500136,7.32408946,3.570511661403837,187.28976154615208,-80.0,7.774436400013975,-70.08918325136744,-80.0,lines.txt
2892,235,2,1490,True,7.573645233468854,-64.88837381329475,118.44448260746785,2,158,0.10915639170537392,0.21831278341074717,18,10,bottom_left,110.5,-38.0,290.5,1,5.9919321248450785,0.46106316998172775,0.04700644032351671,0.886121406949698,2,0,0.9166542563852673,0.1091563917053807,-0.015997952393132134,-0.0,0.9998720245707583,28.52222720814489,5.75428227,2.395861275838283,198.46988187579245,-80.0,10.74875695518834,-64.88837381329475,-80.0,lines.txt
2893,235,2,1497,True,0.1269297632876668,-73.30131816831616,106.4491911746213,2,188,0.2330428530074557,0.46608570601491484,54,9,bottom_right,74.0,-37.75,290.5,2,7.038445549903295,0.36184986345353853,0.054977189198742046,0.9306138753459791,1,0,0.5405112680853896,0.2330428530074542,0.004999777514850774,-0.00799964402376124,0.9999555029701548,21.260436279683443,8.57699194,3.174255370833853,186.4574879790288,-80.0,-0.80531619258544,-71.80972463891919,-80.00000000000001,lines.txt
2894,235,2,1499,True,2.621278708820731,-70.5570842893649,44.95992765489365,2,135,0.017056817982914863,0.03411363596584395,57,1,top_left,-135.5,-74.25,290.5,1,3.5174810754022667,-0.5160185770031642,-0.0660023761283117,0.8540307456602756,2,0,4.326701948609268,0.017056817982922235,0.019002860145694092,0.07301098898082467,0.9971500823819478,33.17825129498833,13.40911677,6.152656757587171,125.31707098333175,-80.0,0.23989593505645868,-79.70660757803815,-80.0,lines.txt
2918,235,2,1898,True,2.405326947586011,-69.42011059719445,72.43590543010583,2,133,0.9420350556433698,1.8840701112867477,67,9,bottom_left,49.0,-37.75,290.5,2,4.765064214125261,0.20405010045024588,0.058014244245658146,0.977239941862207,1,0,2.8704099594792667,0.9420350556433678,-0.04498852938732293,0.02199439214491343,0.998745352398569,14.508628277889594,13.37613748,4.587392049817295,152.62739903021173,-80.0,9.271809174167355,-72.77705746352311,-80.0,lines.txt
2935,235,2,2151,True,4.581262686701509,-68.84752019081046,104.92746410163335,2,151,1.156153263428326,2.31230652685665,17,7,top_left,-74.0,-12.75,290.5,1,26.979607179468236,0.0009998550315298805,0.01699753553600797,0.9998550315298804,2,0,10.978957744604966,1.1561532634283327,0.12696083862099666,-0.14195621326127186,0.9816971931166829,11.686966556620607,7.31601964,2.4521972628353867,188.37526010900305,-80.0,-19.335018312185895,-42.10648159362926,-80.0,lines.txt
2938,235,2,2192,True,-3.282093510255236,-74.85514203621273,75.03461366761971,2,160,0.4020740253631907,0.8041480507263864,48,6,bottom_right,-110.5,-38.0,290.5,2,4.852577428619179,-0.41203440630945026,0.07500626328448731,0.9080758274975264,1,0,0.3623654956634928,0.402074025363199,0.00599988000359988,0.00199996000119996,0.99998000059998,25.077471996974108,11.66435875,4.570277262691254,155.03771432888675,-80.0,-4.212301192260954,-75.16521126354796,-80.0,lines.txt
2953,235,0,131,True,-0.989593086983501,-72.44509269602659,110.2579266417448,3,135,0.9512475395521992,1.021631897262672,31,5,top_right,135.5,-74.25,290.5,2,6.3995356465983395,0.547171291425521,-0.09803068840895988,0.8312602251820985,1,0,0.8726358337270335,1.832110721393929,-0.01399837628252138,0.005999304121080591,0.9998840201800986,34.62220988556138,6.91483964,3.28212696695306,190.27999528132838,-80.0,1.674017886000926,-73.58664025587706,-80.0,lines.txt
2964,235,0,359,True,6.434112771514251,-71.28619409331182,95.36212744383684,2,95,1.1453222940896133,2.290644588179225,4,7,bottom_right,-49.0,-37.75,290.5,1,18.340012537401172,0.0029999325022780398,0.0059998650045560795,0.9999775007593465,2,0,3.8509696635245407,1.14532229408962,0.04798759680913012,-0.0469878552089399,0.9977421169898303,3.9854707054612506,7.54155516,2.4358381956972246,175.75897063752421,-80.0,-2.0001378470269993,-63.027657029323514,-80.0,lines.txt
2967,235,0,382,True,5.57318764503731,-78.04109284294009,109.37687063301115,2,110,0.05199509635445816,0.10399019270891566,24,7,bottom_left,-74.0,-37.75,290.5,1,7.735223260627584,-0.40701505983582603,0.06600244213553937,0.911033708870854,2,0,0.4051355901008439,0.05199509635445401,0.000999975000937461,-0.006999825006562227,0.999975000937461,24.475028331201248,6.51184337,2.5267960243334384,189.3816049955982,-80.0,5.3838107744042984,-76.715454748509,-80.0,lines.txt
2972,235,0,415,True,5.925578039489399,-69.98887335385027,108.72348068749164,2,74,0.12613574770140873,0.25227149540281485,46,2,top_right,-49.0,-74.25,290.5,2,3.7378993786847476,-0.3429298780091877,-0.05398896038628611,0.9378082378210439,1,0,3.42951310865061,0.12613574770140457,0.05601173568806878,0.021004400883025794,0.9982091467266543,23.682309023042833,9.7300346,3.7291533192831077,189.06206310206346,-80.0,-4.664116267624361,-73.96000871901792,-80.0,lines.txt
2973,235,0,429,True,-4.825850425456226,-72.54281382558587,102.14000710564014,2,97,0.3077934330026869,0.6155868660053805,29,6,top_right,-110.5,-13.0,290.5,2,4.69300822720647,-0.4381709199946987,0.20007804565967977,0.8763418399893974,1,0,0.2864765102771806,0.30779343300268674,-0.0,-0.004999937501171851,0.9999875002343701,28.915884676068586,6.95536243,2.9178308553526313,182.14228384149945,-80.0,-4.825850425456226,-71.63211379005767,-80.0,lines.txt
2974,235,0,445,True,2.717725484628761,-74.5282246654441,97.89332447826573,3,101,0.9554747693935021,0.5888194961425214,18,10,bottom_left,110.5,-38.0,290.5,2,3.221578786868279,0.4429021294428949,0.1319708376669574,0.8868040379590244,1,0,0.5981637671317739,2.2776048120379917,-0.002999836513364911,0.009999455044549703,0.9999455044549703,27.53275512782171,7.41127513,3.029550797750374,177.90301940027038,-80.0,3.251405458063558,-76.30715791022676,-80.0,lines.txt
2983,235,0,607,True,1.8582163242953116,-71.645697901105,70.49363730638478,2,87,1.1013824678078592,2.202764935615713,41,6,bottom_left,-135.5,-38.0,290.5,2,2.863666292777445,-0.5029112439974606,0.08798447211088772,0.8598482501745845,1,0,0.8612795555002454,1.1013824678078694,-0.0009998870191498933,0.0149983052872484,0.9998870191498934,30.506274298595205,7.91136058,3.4257125215602393,150.51064212668234,-80.0,2.0087099616016966,-73.90310246070077,-80.0,lines.txt
2985,235,0,623,True,-4.8579744153230475,-75.50851383499747,122.34438779304277,2,136,1.2079791670613078,2.4159583341226174,67,9,bottom_left,49.0,-37.75,290.5,2,41.23663915269409,-0.09501263752124138,-0.3750498849522686,0.9221226504693111,1,0,0.925561128078847,1.2079791670613065,-0.014998042883097303,-0.005999217153238922,0.9998695255398202,22.229284347469978,7.4201583,2.783417654128435,202.3707920128868,-80.0,-1.822808598427406,-74.29444750823922,-79.99999999999999,lines.txt
2993,235,0,788,True,-3.1003125688563022,-75.75282174007374,102.50389175052095,2,114,0.3053320493000117,0.6106640986000194,31,5,top_right,135.5,-74.25,290.5,2,7.613500655344241,0.5441379564601609,-0.11402890999348961,0.8312107386367531,1,0,1.2366538217175636,0.30533204930001634,-0.020995108709439683,-0.004998835407009449,0.9997670814018896,34.898894966146536,7.12619723,3.4051956104442733,182.54641020447585,-80.0,0.7322691579046374,-74.84030228132114,-80.0,lines.txt
3012,235,0,1167,True,2.4308691062112344,-75.15170831660632,86.63760143854071,2,118,0.000608698941237233,0.001217397882479643,27,2,top_left,-74.0,-74.25,290.5,2,4.9873943697186665,-0.3790655840195439,-0.07701332445779652,0.9221595474037453,1,0,0.40106390596646635,0.0006086989412485952,-0.0,0.0069998285063023686,0.9999755009003383,22.83919031868647,9.04705551,3.4238032787266945,166.64168400976507,-80.0,2.4308691062112344,-76.3181715266761,-80.0,lines.txt
3019,235,0,1240,True,7.895398110291749,-68.27380182728595,59.52073029601275,3,109,1.12199969288013,0.4847935203988269,37,5,top_left,110.5,-74.25,290.5,2,6.594149358121358,0.39509226481701004,-0.1380322342904997,0.9082120922882155,1,0,2.4805875859104125,0.2423967601994059,-0.028001764166715508,0.033002079196486137,0.9990629429481711,26.90697886034528,14.3159858,5.786645658630455,139.65159180491267,-80.0,11.805889049519333,-72.88259471994704,-80.0,lines.txt
3021,235,0,1265,True,0.3482155847672245,-72.03732063944263,121.31611562848028,2,170,0.7850354163616737,1.5700708327233555,27,2,top_left,-74.0,-74.25,290.5,2,35.347659203764664,0.1880321562483128,0.11702001213325851,0.9751667677771542,1,0,0.29214976583651825,0.7850354163616724,-0.0009999870002534946,0.004999935001267473,0.9999870002534945,12.695670507011004,6.43018877,2.171741383449212,201.31873272097246,-80.0,0.5495317003957048,-73.04390121758503,-80.0,lines.txt
3024,235,0,1303,True,3.248992054801559,-78.17722819347628,43.75368300644092,2,108,1.4014397526558233,2.802879505311649,4,7,bottom_right,-49.0,-37.75,290.5,1,16.024551754395908,0.011997960520052654,-0.013997620606728097,0.9998300433377212,2,0,4.822125873239696,1.4014397526558273,0.052024040661461816,-0.06603051314724001,0.9964604711310764,3.7669174329225985,13.80487973,4.45651797340323,124.19326866621097,-80.0,-3.212043604169252,-69.97668293401333,-80.0,lines.txt
3030,235,0,1465,True,6.7130775532051885,-72.4128115931776,56.052992995649625,3,99,1.609547559929838,0.7405371247578119,48,6,bottom_right,-110.5,-38.0,290.5,2,2.940911294512521,-0.42592908870960344,0.08398601749203449,0.900850020956227,1,0,2.5740547120945125,4.0881055550317145,0.043999604005345916,0.008999919001093483,0.9989910091213767,28.120750104517654,12.38806197,5.119102021247765,136.19040787495143,-80.0,0.7207535373807819,-73.63851423277804,-80.0,lines.txt
3033,235,0,1498,True,5.519286662130956,-67.99944131288402,122.06836720130737,3,130,3.337084738806848,0.6595133326418426,12,10,top_left,110.5,-13.0,290.5,3,4.963501980594676,0.5062896805696371,0.18410533838895893,0.8424820376277359,1,0,1.1123430357474933,9.351740883778705,-0.010997927086097994,-0.015996984852506176,0.999811553281636,33.50786939941733,6.6725838,3.0849228575950383,202.10645349922947,-80.0,7.7420387013453364,-64.7663474376631,-79.99999999999999,lines.txt
3043,235,0,1599,True,2.614204625792004,-80.33198992538738,68.42226002765773,2,91,0.8475504854492435,1.6951009708984877,29,6,top_right,-110.5,-13.0,290.5,2,32.30796883443934,0.03601221020924232,0.005001695862394767,0.9993388333064744,1,0,9.956133197071546,0.8475504854492409,0.11399310362583966,-0.1299921357136768,0.9849404129074741,8.979530416235281,9.80238276,3.2294397655835594,150.69161350535487,-80.0,-14.563600088068894,-60.74326525168635,-80.0,lines.txt
3046,235,0,1641,True,-9.297736655868931,-65.06631642917853,119.87630985498265,2,105,0.03559742011405125,0.0711948402280938,27,2,top_left,-74.0,-74.25,290.5,2,2.111562175187013,-0.3419512754146328,-0.08498789008843213,0.9358666485032057,1,0,1.3075734345405494,0.035597420114051224,-0.010997135619208212,0.019994792034924023,0.9997396017462011,20.333797836108413,7.40962934,2.708743232568742,199.9283708536378,-80.0,-7.0990972474641225,-69.06384262627819,-80.0,lines.txt
3048,235,0,1731,True,-1.1385024421401297,-67.21666437903141,30.724088869553647,2,95,0.5344510459150414,1.068902091830094,35,6,top_left,-135.5,-13.0,290.5,2,3.031380482098787,-0.47972831084607304,0.13792188936824604,0.8665092614657195,1,0,10.933992523275423,0.5344510459150358,0.1829713672213695,-0.04999217683643976,0.9818463530676768,40.877773951686194,14.95680045,8.4092294577553,112.77129921968722,-80.0,-21.77242124369646,-61.57898164636575,-80.0,lines.txt
3069,235,0,2134,True,-6.852823498651692,-68.58554719139045,75.01233072625277,2,121,0.04959307163996373,0.09918614327992326,50,5,bottom_right,135.5,-99.25,290.5,2,1.901783013894189,0.5359844566761314,-0.14899567918795442,0.8309759020482558,1,0,3.8966354722195837,0.04959307163996861,-0.060980946430895494,0.029990629392243683,0.9976882711153066,37.63642448417232,6.72559775,3.4472511819321507,155.37150752806377,-80.0,2.6218780788046407,-73.24523649177881,-80.0,lines.txt
3071,235,0,2154,True,-0.4546868846024391,-75.96824852080616,90.84265600808257,2,116,1.9223135499122534,3.844627099824504,35,6,top_left,-135.5,-13.0,290.5,1,41.66729453992907,0.07902319671285254,-0.03400998339540489,0.9962924547595079,2,0,7.374536665951129,1.9223135499122557,0.009997261125625977,-0.1279649424080125,0.9917283036620969,6.688755622583751,10.47276048,3.412541079564079,172.26760129485257,-80.0,-2.176891078232304,-53.924034842343886,-80.0,lines.txt
3081,235,0,2333,True,-0.8150259268164046,-70.30216984033095,24.030470915306044,2,98,1.1684727153532486,2.3369454307064905,48,6,bottom_right,-110.5,-38.0,290.5,2,1.6808288599185215,-0.4051128396409487,0.11303148365290666,0.9072527050724455,1,0,10.812880658321115,1.1684727153532586,0.17904467722114548,-0.05601397723119635,0.9822451007327646,35.68071588452736,16.21882566,7.90118966904476,105.91090842570584,-80.0,-19.777810340095204,-64.36967862723814,-80.0,lines.txt
3086,235,0,2435,True,-1.3625467862777592,-68.35747346179532,106.41871767338486,3,101,1.6251828267679471,0.42636777963521094,27,2,top_left,-74.0,-74.25,290.5,3,3.5453669930531815,-0.32291831199928944,-0.07098204381408528,0.9437612585985424,2,0,0.7686574296579267,0.21318388981760572,0.005999460072889067,0.011998920145778134,0.9999100121481779,19.798897281179805,7.72901302,2.80629495106789,186.43549460304757,-80.0,-2.481059092318068,-70.59449807387594,-80.0,lines.txt
3091,235,0,2499,True,-0.8079353746955964,-72.47842532638029,87.49654241152422,2,79,0.47893453044825435,0.957869060896512,63,9,top_left,49.0,-12.75,290.5,2,5.786951343712649,0.20110369568958458,0.18209389360947456,0.962496294792937,1,0,3.8645572168142728,0.47893453044825246,-0.06298271361734252,-0.02399341471136858,0.9977261617477434,19.391379469165678,8.95189389,3.23388776962058,167.8782704445838,-80.0,9.765493655290403,-68.4504523625761,-80.0,lines.txt
3092,235,0,2521,True,-6.550505281972903,-73.64120682523412,113.87252331564655,2,103,0.6002233818843524,1.2004467637687057,12,10,top_left,110.5,-13.0,290.5,2,3.8467533597952657,0.5381614726663342,0.21006302836418245,0.8162449102151089,1,0,1.5036007378658756,0.6002233818843535,-0.016994146524609798,-0.019993113558364466,0.9996556779182233,36.619121531106686,6.37680827,3.1817756931193126,193.9393008994706,-80.0,-3.254672385606911,-69.76375635892119,-80.00000000000001,lines.txt
3093,235,0,2524,True,-7.105677701790082,-76.8254065809226,94.17748878462123,2,140,0.5015756436428414,1.0031512872856756,54,9,bottom_right,74.0,-37.75,290.5,2,7.9091680237979345,0.35402106488005913,0.04700279674961238,0.9340555779603822,1,0,1.4671672135501315,0.5015756436428386,-0.019993443225756635,-0.01599475458060531,0.9996721612878318,22.19258737225268,8.49763555,3.1859294574547277,174.234609634659,-80.0,-3.6221279260976575,-74.03856676036867,-80.0,lines.txt
3103,235,0,2624,True,-4.988996493256136,-76.69882519680829,90.74840282922735,3,130,1.6749003219203964,1.2870824836989043,48,6,bottom_right,-110.5,-38.0,290.5,2,4.159997878700747,-0.5007541900242395,0.109946029745841,0.8585785413788856,1,0,0.948327299915149,0.6435412418494458,0.006999041197029513,-0.014997945422206097,0.9998630281470732,31.42678088485935,7.90736262,3.490642218815416,170.77179375824608,-80.0,-6.184235313060727,-74.13759915436988,-80.00000000000001,lines.txt
3127,235,0,2996,True,7.633977448167548,-66.59628314698668,35.51319500678295,3,122,2.2473373839272774,0.6749996332906101,31,5,top_right,135.5,-74.25,290.5,2,3.606853440404071,0.41397329958323753,-0.07799496948669693,0.9069415041594118,1,0,9.367172466061723,0.33749981664529993,-0.14695019232577183,0.06997628205989136,0.9866655770444681,34.04923871490241,16.75176073,7.843329555994403,117.0743134191423,-80.0,24.8380703215182,-74.7887083247727,-80.0,lines.txt
3129,235,0,3022,True,-0.04336864030237922,-69.06077706823868,59.93255072123887,3,119,1.3505948779610513,0.48223177680803936,31,5,top_right,135.5,-74.25,290.5,2,4.923550440152026,0.49215357587724917,-0.10403246319356486,0.864269694223462,1,0,4.838751764358938,0.24111588840402084,-0.07003064511232204,0.047020576003987645,0.9964360361696105,34.73139636576435,12.37492562,5.889263856753645,140.433049028568,-80.0,9.791248378258588,-75.66401992355819,-80.0,lines.txt
3139,241,1,20,True,2.5268122177477217,-76.725115335172,107.33226601567375,3,157,2.092484039000378,0.9545804376702514,27,2,top_left,-74.0,-74.25,290.5,3,3.296439513383058,-0.3579960620649758,-0.036999593006715376,0.9329897371693365,1,0,0.5282260203710876,0.4772902188351171,0.008999617524382646,0.001999915005418366,0.999957502709183,21.619014942465967,7.09176665,2.6375213507457773,187.34022746780218,-80.0,0.840821823606658,-77.09977986720335,-80.0,lines.txt
3154,241,1,190,True,-5.9619151833130495,-83.60286803028342,92.23878651508575,2,115,0.7400784991067919,1.4801569982135883,48,6,bottom_right,-110.5,-38.0,290.5,2,3.78384517990671,-0.4338655225287943,0.14195600045872991,0.8897242282272511,1,0,2.2842950827805755,0.7400784991067847,-0.012002466760404945,-0.03800781140794899,0.9992053578037116,27.273504152252613,6.78921761,2.7622790213820525,172.37576357043625,-80.0,-3.892980810759467,-77.05124251719707,-79.99999999999999,lines.txt
3165,241,1,376,True,-0.16954287956548403,-83.1253879889822,78.48823155705841,2,95,0.026038850073669496,0.05207770014733341,48,6,bottom_right,-110.5,-38.0,290.5,2,1.4151027149474678,-0.4359936781375002,0.2019970710637042,0.8769872837765772,1,0,2.9219117898403613,0.026038850073671696,0.03398978760300748,-0.03798858614453776,0.9986999357471901,31.42161014559691,7.75230322,3.4218151107026507,158.69454466168904,-80.0,-5.563536746372279,-77.09680660843343,-80.0,lines.txt
3176,241,1,485,True,-4.250120287118418,-72.17966199636578,75.06242552699672,2,82,0.9301728352067178,1.8603456704134385,46,2,top_right,-49.0,-74.25,290.5,1,11.9482081408513,-0.0,0.029986509105671005,0.9995503035223668,2,0,16.260204708311967,0.930172835206721,0.168,0.224,0.96,14.92022136378785,12.99268317,4.472729237177432,161.52335992395493,-80.0,-31.386044754342848,-108.36089461933169,-80.0,lines.txt
3185,241,1,693,True,-3.954440909678286,-70.96856475514767,36.94391546104576,3,131,1.6737756109526583,1.9054602657412862,48,6,bottom_right,-110.5,-38.0,290.5,2,4.626378969666795,-0.4181068399481542,0.046011757506256204,0.907231827351617,3,0,10.753877153399397,3.1158665671166905,0.18308158102056665,0.03601604872535737,0.982437773563915,35.27314798010359,16.19452672,7.8097637753510405,119.03442498634513,-80.0,-25.747451632052396,-75.25571440545077,-80.0,lines.txt
3191,241,1,754,True,-0.4969965675694199,-67.66867872167319,107.87294666797845,2,101,1.2160803255652906,2.4321606511305762,17,7,top_left,-74.0,-12.75,290.5,1,26.44659238730632,0.007998448451486022,0.01799650901584355,0.9998060564357528,2,0,8.503464848566948,1.2160803255652908,0.1010007070074236,-0.10800075600793808,0.9890069230726923,9.003301854152713,6.81526674,2.245615574012128,189.96120480561058,-80.0,-19.68321255691808,-47.15272499048849,-80.0,lines.txt
3195,241,1,771,True,-3.3199239788803867,-69.1379416784747,18.843651193044803,2,92,0.6152610330689244,1.2305220661378404,67,9,bottom_left,49.0,-37.75,290.5,2,3.0701244571364272,0.1410001410002115,0.08900008900013351,0.986000986001479,1,0,4.8384130423761444,0.615261033068919,-0.07803418646214598,-0.032014025215239376,0.9964365348243255,14.387977388466856,18.17432579,6.226187309965509,99.19713673532777,-80.0,4.420843885635172,-65.96224204175037,-80.0,lines.txt
3202,241,1,871,True,2.8615583235086515,-77.93746566388573,92.10837487175104,2,100,1.232716998448748,2.465433996897496,4,7,bottom_right,-49.0,-37.75,290.5,1,18.808871737170552,0.000999915010835965,-0.012998895140867545,0.999915010835965,2,0,5.029668851562814,1.2327169984487516,0.0400060013503376,-0.0780117026331583,0.996149433623406,4.350364304721521,9.58292507,3.0980521645154493,172.77365128414715,-80.0,-4.050424603067697,-64.45909895706185,-80.0,lines.txt
3208,241,1,928,True,-7.376795938933533,-79.69799527063645,90.85902850145516,2,114,0.5104530923155057,1.020906184631014,54,9,bottom_right,74.0,-37.75,290.5,2,4.960160611482417,0.3359031059288937,0.11596654847545139,0.9347303691771297,1,0,1.5582294232048943,0.5104530923155123,-0.021991864514915888,-0.015994083283575194,0.9996302052234495,22.310102656771225,8.11953197,3.0492843934917797,170.92223465102546,-80.0,-3.6178973119015194,-76.96425081461317,-80.0,lines.txt
3222,241,1,1128,True,4.0884763871211085,-75.3068680484086,55.97485085500242,2,81,0.41778637292945414,0.8355727458589036,29,6,top_right,-110.5,-13.0,290.5,2,2.891082509094805,-0.4611932804852717,0.1960821756510049,0.8653626629495879,1,0,3.9616566611118995,0.4177863729294499,0.06897307127247597,-0.003998438914346433,0.9976105091294348,33.82919031143044,10.76562505,5.0145771426534145,136.30053975038908,-80.0,-5.312590455559421,-74.76187866622422,-80.0,lines.txt
3229,241,1,1227,True,-4.289159426169249,-72.64940103498495,47.902171674689676,2,57,0.7070365558245966,1.4140731116491925,4,7,bottom_right,-49.0,-37.75,290.5,2,3.9808686263980557,-0.1800178226467067,0.07100703004397875,0.9810971334245516,1,0,2.835359513145265,0.7070365558245958,0.04798922762746076,-0.01199730690686519,0.9987757999965269,13.974033723619714,17.78310598,6.069959684292453,128.05894143123456,-80.0,-10.434609116244431,-71.11303861246616,-80.0,lines.txt
3232,241,1,1256,True,7.178190956828179,-71.04914108425962,82.44716327843841,2,123,1.309412916544936,2.6188258330898724,63,9,top_left,49.0,-12.75,290.5,1,17.676951291480854,0.057019903420046675,-0.007002444279654855,0.9983484844422207,2,0,9.947643867648598,1.3094129165449377,-0.05999793010711634,-0.16199441128921413,0.9849660192584933,11.171215094665307,9.003963,3.00700106497887,164.9266676232472,-80.0,17.07344963368737,-44.3319426567398,-80.0,lines.txt
3233,241,1,1258,True,-3.0304615468494154,-73.52503531573191,58.29433800149278,2,101,0.19174365488809508,0.38348730977620155,37,5,top_left,110.5,-74.25,290.5,2,6.7687984185696015,0.392130797435055,-0.11003670336187768,0.9133046379035847,1,0,8.315598481075659,0.19174365488808845,-0.14006886077176475,0.03601770705559665,0.9894864521662523,32.3479889264828,14.44505326,6.505511358599701,139.7637508818127,-80.0,16.54608781635482,-78.55900515198444,-80.0,lines.txt
3249,241,1,1462,True,-5.799368680278008,-72.05204590204377,48.84834973704878,2,118,0.5159021104055501,1.0318042208110898,18,10,bottom_left,110.5,-38.0,290.5,2,1.9919167481636995,0.40413257723156487,0.1080354414381411,0.9082979706095567,1,0,4.818045314677696,0.5159021104055588,-0.0820384029609824,0.01800842991826443,0.9964664554772983,29.08734530174261,11.8339006,4.980915522674363,129.30525561478294,-80.0,4.808627984820387,-74.38063053584585,-80.0,lines.txt
3251,241,1,1481,True,8.282944950191899,-70.1088832266756,64.35167448862353,2,89,0.8975280295141753,1.7950560590283493,39,2,bottom_right,-49.0,-99.25,290.5,2,4.233021053418681,-0.3020764350083091,-0.1630412546568026,0.9392376571947094,1,0,3.3437831425981064,0.8975280295141767,0.022006558931988256,0.05401609919669845,0.9982975370056492,22.752495993676124,13.50395498,5.103994251497513,144.59784697215642,-80.0,5.100843909360519,-77.91949487235263,-80.0,lines.txt
3255,241,1,1536,True,0.9116568912174122,-83.5638137302314,25.803733524326624,3,78,1.175359296449207,2.676515855544672,37,5,top_left,110.5,-74.25,290.5,1,22.52161555231795,-0.0,0.009999500037496877,0.9999500037496877,2,0,6.134402396553666,0.8495620338029424,-0.08702397840953285,0.062017088061965944,0.9942739602192605,5.820555277700396,12.51798665,4.065450256113026,106.41305893296696,-80.0,10.172144634292275,-90.16324177702039,-80.0,lines.txt
3265,241,1,1676,True,-8.21232850857552,-68.16500357769736,73.97533616676299,2,94,0.23740944406842354,0.4748188881368411,46,2,top_right,-49.0,-74.25,290.5,2,1.7752911166617609,-0.1969619900035401,-0.05598919512790987,0.9788111076825672,1,0,1.0656402130276832,0.23740944406842687,0.010998097493686156,0.014997405673208394,0.9998270448805596,12.67355320052188,12.6739373,4.2797704117611195,154.00197159615445,-80.0,-9.906057206409914,-70.4746336201988,-80.0,lines.txt
3268,241,1,1743,True,-3.442985860254783,-78.02695793640399,53.69776197167188,2,82,1.102553510540437,2.205107021080866,59,9,top_right,74.0,-12.75,290.5,2,4.648735719304806,0.31704153516183753,0.17502292950574624,0.9321221159963172,1,0,5.397828578200934,1.102553510540428,-0.0639720822777994,-0.06896990120575247,0.9955655304482529,26.409821667307195,13.27391174,5.318887180808806,134.29328143921828,-80.0,5.148034989330558,-68.7647635829448,-79.99999999999999,lines.txt
3280,241,1,1949,True,-0.03726973613351847,-74.93414856051845,19.07430041037554,2,57,0.8557993761453621,1.7115987522907212,63,9,top_left,49.0,-12.75,290.5,2,1.844717103709961,0.19703813056775432,0.1980383241239358,0.9601858139342341,1,0,7.111473565094016,0.8557993761453639,-0.03401052788782412,-0.11903684760738441,0.9923071666094566,22.70208646681188,19.19764474,7.2506517803020305,99.84237113684812,-80.0,3.35842201180274,-63.04922744274155,-80.0,lines.txt
3284,241,1,2012,True,0.019278141000645732,-70.6903227270189,62.861147305850054,3,92,1.2040569663706873,1.3094433161406103,18,10,bottom_left,110.5,-38.0,290.5,3,2.8944766493388143,0.38788733509135775,0.12096486480941826,0.9137345986430437,1,0,0.905850335384686,2.3027275829714555,0.014998125351489273,-0.004999375117163092,0.9998750234326182,23.243899130565605,13.44974501,5.120650505265301,142.8790038333001,-80.0,-2.123639068587105,-69.97601699048964,-80.00000000000001,lines.txt
3301,241,1,2336,True,4.346078485592449,-72.1732928401074,111.37858648193996,2,116,0.27340209119273373,0.5468041823854694,5,10,top_right,135.5,-13.0,290.5,1,39.89773076047432,-0.01699669446435877,-0.009998055567269864,0.9998055567269863,2,0,16.477063073175124,0.2734020911927407,-0.2729810284777583,-0.07699464905782925,0.9589333564475099,15.38681903782516,6.82006963,2.3581870312325384,199.57443882328403,-80.0,58.82611405344398,-56.807128961995424,-80.00000000000001,lines.txt
3321,241,1,2551,True,-2.369600830967048,-66.44230778749252,45.758905167779915,2,135,0.06026606833964525,0.12053213667929506,4,7,bottom_right,-49.0,-37.75,290.5,2,3.8156641154836874,-0.19799544615710699,0.04899887303888001,0.9789774837768067,1,0,0.7707893750048517,0.06026606833965293,0.009999095122835224,0.008999185610551701,0.9999095122835223,12.217833069585714,12.76581315,4.2956873224814975,125.77028583374576,-80.0,-3.6271898826448474,-67.57413793400255,-80.0,lines.txt
3325,241,1,2611,True,0.6777321156454987,-69.73174160011851,113.70983744239058,3,182,1.9174657757501323,0.3565816369481147,18,10,bottom_left,110.5,-38.0,290.5,3,4.218598749776382,0.48518877515744857,0.09403658735010344,0.8693382383748924,2,0,1.2030345444886539,0.17829081847406433,-0.020995371030975256,-0.0,0.9997795729035835,30.800000292492374,6.83130581,2.976065135509913,193.75254575347432,-80.0,4.745638701935702,-69.73174160011851,-80.0,lines.txt
3335,241,1,2733,True,-0.24651237569819495,-71.05465077840532,61.288513780787405,2,166,0.10873640114689036,0.21747280229377183,59,9,top_right,74.0,-12.75,290.5,2,21.75424384103298,0.01999551151144198,-0.006998429029004692,0.999775575572099,1,0,3.0255170511456497,0.10873640114688206,-0.04798107519801555,-0.021991326132423793,0.9986061275586986,3.989749114510505,6.92987159,2.238294527692907,141.485726836262,-80.0,6.5421249230783785,-67.94319201646606,-80.0,lines.txt
3337,241,1,2766,True,-6.504114500530251,-72.16016939073813,69.6254408812905,2,93,0.02251248096473668,0.04502496192946542,37,5,top_left,110.5,-74.25,290.5,2,6.887341403381937,0.44404862598696415,-0.1260137992665709,0.8870971424559396,1,0,2.418972665775381,0.022512480964731258,-0.0340037066060411,0.025002725445618455,0.9991089088069135,29.766408598940316,11.60847105,4.951802826662289,149.7588897089966,-80.0,-1.411757153219063,-75.90454979317283,-80.0,lines.txt
3350,241,2,118,True,2.7347014382614945,-82.58392083831384,36.37044779594739,2,97,1.1678523363215216,2.335704672643048,48,6,bottom_right,-110.5,-38.0,290.5,2,2.2001121279531755,-0.39314667106756573,0.12204553147644534,0.9113399932380468,1,0,9.348409176478222,1.167852336321528,0.15095698338872807,-0.05998290730677937,0.9867188251965205,33.6366127579425,15.60335544,7.235418039150831,117.93678687823798,-80.0,-15.068680139436639,-75.5097294829371,-80.0,lines.txt
3354,241,2,219,True,1.1509238768928602,-68.14600102447295,96.37600427271596,3,115,1.4279418779388493,1.0328341021384926,18,10,bottom_left,110.5,-38.0,290.5,3,0.4307246213673796,0.48196409501233256,0.1399895711654078,0.8649355647005553,1,0,1.2152447619669187,3.25099153167805,-0.014996626138635519,0.014996626138635519,0.9997750759090347,30.726891528212395,7.40467322,3.2209566118112893,176.41568441016395,-80.0,3.7965639409835994,-70.7916410885637,-80.0,lines.txt
3362,241,2,311,True,-4.30227435280524,-73.03330876952612,104.6643775105698,3,153,1.5661652488218385,0.17844349660900108,48,6,bottom_right,-110.5,-38.0,290.5,3,2.179068985143571,-0.5220133115091675,0.16400418215996834,0.8370213443164236,1,0,3.9484073720768613,0.08922174830449937,0.06097716832489325,-0.031988022727812856,0.9976264588236634,37.06449447314894,6.39023777,3.2258330749785324,185.10372883284802,-80.0,-15.58937558341121,-67.11220648461807,-80.0,lines.txt
3372,241,2,464,True,0.6321454026482112,-72.91790808910058,22.411682278609142,2,111,0.14360201164856082,0.2872040232971121,31,5,top_right,135.5,-74.25,290.5,1,3.954123547665718,0.41724603908144564,-0.06403776139379502,0.9065345597309108,2,0,13.638862062107712,0.1436020116485626,-0.22695359273494348,0.06398691601337614,0.97180128695315,38.53953870030359,15.34503468,8.061961713580018,105.38335733192577,-80.0,24.549276963599112,-79.66106412390612,-80.0,lines.txt
3392,241,2,793,True,-0.7744990878950013,-61.95777460602476,121.76633027089743,3,180,1.4976597812348915,0.5305754241978546,48,6,bottom_right,-110.5,-38.0,290.5,3,1.7033667346122014,-0.5161848272581618,0.11804226669857189,0.8483037471219403,1,0,2.5593561925309998,3.962403919506824,-0.03700009250034687,0.025000062500234375,0.9990024975093657,29.598540386513097,5.98576099,2.5448206047150714,201.9677936480893,-80.0,6.6983279591752725,-67.00698207026143,-79.99999999999999,lines.txt
3395,241,2,801,True,-0.3394722049240877,-67.19820653769156,75.43825010771357,2,142,0.8680539017887182,1.7361078035774424,10,7,top_right,-49.0,-12.75,290.5,1,16.667397814383957,-0.035007877658809576,0.01800405136738778,0.9992248508900218,2,0,5.658998742022503,0.8680539017887234,0.07500952681489667,-0.06400812954871182,0.9951263890776291,7.8719269087433075,9.65022885,3.1611556804189087,156.1995057248833,-80.0,-12.055923218068326,-57.20016833980848,-80.0,lines.txt
3412,241,2,1059,True,-0.17579253618585122,-76.60947542929287,106.73192141280435,2,173,0.061512982258378895,0.12302596451675005,37,5,top_left,110.5,-74.25,290.5,2,4.932878896111965,0.516864857507333,-0.07498039518965179,0.8527770279569731,1,0,0.5729386976826285,0.06151298225836999,-0.005999700022498126,0.007999600029997502,0.9999500037496877,31.89329249725313,6.27828721,2.799470907231965,186.74125777547172,-80.0,0.9445989922909748,-78.1033308005953,-80.0,lines.txt
3445,241,2,1708,True,-5.3766850823761185,-72.16041322524718,89.42935102247893,3,157,0.9242350048495861,1.2332549130279342,41,6,bottom_left,-135.5,-38.0,290.5,3,2.0393604658917046,-0.5667209586249033,0.12993602225967804,0.8135994009182917,1,0,0.5156480934192877,1.5394501015208182,0.0,-0.00899963552214188,0.999959502460209,35.66920230668877,6.84732541,3.334791940618618,169.4362127722477,-80.0,-5.3766850823761185,-70.63554906604487,-80.0,lines.txt
3470,241,2,2141,True,-3.390048660806176,-80.37830393761283,64.5991436590615,2,137,0.5372820780579416,1.0745641561158852,18,10,bottom_left,110.5,-38.0,290.5,2,2.5429769611450483,0.4398715762468671,0.12196439159572225,0.8897402337720722,1,0,6.658300148287355,0.5372820780579427,-0.11402930929921895,-0.021005399081435068,0.993255299422144,33.7964392607146,11.59421713,5.396397834047086,145.5810442120836,-80.0,13.210457257756776,-77.32031600524597,-80.0,lines.txt
3496,241,0,159,True,-5.722587474868442,-86.08761000281865,90.97320809705766,2,121,1.355982805819783,2.711965611639576,5,10,top_right,135.5,-13.0,290.5,2,3.364803080625858,0.5372635924540103,0.23711633409981459,0.8093971066951477,1,0,4.677029501488391,1.355982805819789,-0.05298246570529721,-0.06197948818355523,0.9966701567581382,40.22271798144987,6.72649532,3.7085973793602496,171.54442413845416,-80.0,3.3662590939821637,-75.45537439397454,-80.0,lines.txt
3501,241,0,232,True,1.6633963505674316,-77.18488966548024,95.36320393400572,2,90,0.6873322702044461,1.3746645404088975,12,10,top_left,110.5,-13.0,290.5,1,33.0674151423368,-0.011997600719760085,0.015996800959680115,0.9998000599800071,2,0,10.435360441143926,0.687332270204445,-0.12605894633934275,-0.13006081765170283,0.9834598750124914,10.674574824072517,8.64956208,2.878995764704714,178.31251522262497,-80.0,24.14128413864955,-53.99341813809393,-80.0,lines.txt
3503,241,0,277,True,-4.903945144099199,-66.76674737429784,134.2663299728996,2,98,1.116430764567812,2.2328615291356244,4,7,bottom_right,-49.0,-37.75,290.5,2,4.9431740434309575,-0.2940480807921357,0.09401537277027468,0.951155526643949,1,0,1.1585774946720635,1.1164307645678084,0.0029993866881270065,0.019995911254180043,0.999795562709002,17.83190226693991,5.49008718,1.947274602671219,214.3101429579593,-80.0,-5.546744134017898,-71.05207397375582,-80.0,lines.txt
3516,241,0,546,True,-3.7940085950986724,-73.82510667251104,43.00945120203736,2,93,0.6152124688390699,1.2304249376781367,59,9,top_right,74.0,-12.75,290.5,2,5.910058619143108,0.3129857594719087,0.12899413090056303,0.9409571874219363,1,0,9.201780141765651,0.6152124688390692,-0.15402048608706498,-0.043005720141193464,0.987131297194371,28.94382832603356,15.45008273,6.484930031800284,124.61305963214353,-80.0,15.398955422240489,-68.46603230403322,-80.0,lines.txt
3523,241,0,743,True,0.429707093039157,-83.30129283251637,48.65337278945443,2,90,1.6608821075846278,3.321764215169256,17,7,top_left,-74.0,-12.75,290.5,2,7.3133856836759445,-0.16704368763722277,0.2320606918073993,0.9582506153081402,1,0,3.7334552568599153,1.6608821075846232,0.003999510090019121,-0.06499203896281072,0.9978777674597707,19.86990327136826,11.14181871,4.049054602944639,128.92698583410524,-80.0,-0.08593768768009924,-74.92206514582846,-80.0,lines.txt
3530,241,0,817,True,4.506103771297802,-76.26539244073555,51.670695502483284,2,115,0.6681154810178943,1.336230962035801,48,6,bottom_right,-110.5,-38.0,290.5,2,0.8376294500034469,-0.4420209964960122,0.14600693549415786,0.885042040495409,1,0,3.9479926062134303,0.6681154810179011,0.061976825000364694,-0.029988786290499045,0.9976269572639349,31.661045881461003,11.28068682,5.004829330209974,131.98389893512885,-80.0,-3.673839235870499,-72.30735550178315,-80.0,lines.txt
3535,241,0,887,True,-0.5218436203845185,-72.17581254379516,95.54428583139551,3,124,0.7925653316717121,1.923060063172838,18,10,bottom_left,110.5,-38.0,290.5,2,5.2796106227498685,0.4649676858687092,0.06499548297089483,0.8829386378969252,3,0,2.2611865191527567,0.4546359318423045,-0.03400753350309883,0.02000443147241108,0.9992213520469333,29.803057364939004,7.53306909,3.2157202591868534,175.68107954437528,-80.0,5.452636578081395,-75.69021266053981,-80.0,lines.txt
3537,241,0,937,True,-6.3271806697031785,-68.55869733123549,63.267789915946615,2,107,1.0029874166149477,2.005974833229897,10,7,top_right,-49.0,-12.75,290.5,1,14.830088779200638,-0.04598986035356484,0.0179960323122645,0.9987797933306799,2,0,3.314709199394574,1.00298741661494,0.03501146813402846,-0.046015072404723106,0.998327005650297,5.9179420307246104,6.92597027,2.250124541398217,143.50787778461816,-80.0,-11.351602159741388,-61.955171944328136,-80.0,lines.txt
3538,241,0,938,True,-1.2444133543487887,-72.5938595443387,46.25823306170776,3,207,1.4897862192200895,0.6086045858034447,41,6,bottom_left,-135.5,-38.0,290.5,3,4.26045786205682,-0.4629310284147666,0.05199225373124808,0.8848681644645106,2,0,5.232884668835334,0.3043022929017333,0.08898500728930123,0.019996630851528367,0.9958322164061126,32.75138091538714,12.34298633,5.609006049610289,126.78665239146882,-80.0,-12.526524541589742,-75.12916542911195,-80.0,lines.txt
3543,241,0,961,True,-4.932977533797189,-79.19809084332812,91.13049517851853,2,175,0.033867723707654646,0.06773544741530567,18,10,bottom_left,110.5,-38.0,290.5,2,5.136205825750788,0.52388240159978,0.09197935295263311,0.8468099125095678,1,0,3.107267152686507,0.033867723707649594,-0.049976466625024876,0.020990115982510448,0.9985298031679969,34.783472641953246,8.76687029,4.1774457409816135,171.38246112993264,-80.0,3.632112314977512,-82.79542857981349,-79.99999999999999,lines.txt
3546,241,0,1031,True,2.957861410941817,-78.6962199401264,51.60779557557548,3,122,0.6145572594878109,0.07022994726586976,18,10,bottom_left,110.5,-38.0,290.5,2,3.406141034366822,0.40188949558098425,0.09497388577162562,0.9107495782942205,3,0,0.9448605421947177,0.03511497363293432,-0.015997824443803408,0.003999456110950852,0.999864027737713,25.233731572899632,13.63604761,5.35651895677519,131.62569301883036,-80.0,5.063586140151025,-79.2226511224287,-80.00000000000001,lines.txt
3548,241,0,1039,True,7.215967521842658,-65.58553301086039,69.9206878605149,2,144,0.45624991488275624,0.9124998297655018,67,9,bottom_left,49.0,-37.75,290.5,2,6.247482613223382,0.14894318900802386,0.020991993081667795,0.9886229122747355,1,0,2.640111755865057,0.45624991488276245,-0.04099747873258454,0.020998708619128666,0.9989385671671208,10.915335563664074,13.31967548,4.440546964249283,150.079987687004,-80.0,13.368868625227154,-68.7370189418622,-80.0,lines.txt
3552,241,0,1075,True,2.263643148678904,-76.06801154577263,91.64468439085535,3,106,1.95765830195068,1.2615568158223693,17,7,top_left,-74.0,-12.75,290.5,2,25.305017583147325,-0.00499811606529816,0.02698982675261006,0.9996232130596319,1,0,0.7448031783149925,4.6114180900296695,-0.0,-0.01299890163921527,0.9999155107088669,2.3092295207801135,8.39910022,2.7041009077572102,171.65918775394516,-80.0,2.263643148678904,-73.83663064869151,-79.99999999999999,lines.txt
3554,241,0,1115,True,-7.617518698154595,-82.38063181289013,24.91472414228361,2,104,0.24464548893859292,0.48929097787718356,48,6,bottom_right,-110.5,-38.0,290.5,1,2.400248257871589,-0.34092176743053215,0.1169731577400946,0.9327859501838314,2,0,7.874232578910346,0.24464548893859947,0.11594980459956084,-0.07296841151524087,0.9905711755014206,28.845276004154652,16.53961307,6.929075101407782,105.91336265077213,-80.0,-19.898152401994047,-74.65230198202565,-80.0,lines.txt
3563,241,0,1286,True,-3.818546856973581,-68.51084230509352,25.448752036205775,2,85,0.9942809840916925,1.9885619681833924,39,2,bottom_right,-49.0,-99.25,290.5,2,2.1517006633480404,-0.20106324433708042,-0.12703996035228465,0.9713055236383337,1,0,8.003941984538894,0.9942809840916964,0.05701488282688025,0.1270331599826981,0.9902584912037096,20.89402719922592,17.26166298,6.35694793480344,106.486087191262,-80.0,-9.889838640876338,-82.03810645519265,-80.0,lines.txt
3564,241,0,1329,True,-1.6003260730498285,-73.62074248835225,44.48657458607481,2,96,0.31754336273507816,0.6350867254701572,27,2,top_left,-74.0,-74.25,290.5,1,17.801061927960866,0.023990393770557283,0.0149939961065983,0.9995997404398868,2,0,5.171225606743995,0.3175433627350719,0.08599393764108693,0.026998096701271478,0.9959297894246812,3.625216670555359,9.19232328,2.9665355563040205,124.9953319078717,-80.0,-12.34916685056231,-76.99537854640849,-80.0,lines.txt
3583,241,0,1645,True,-1.2793945031600584,-77.96502426587146,115.75938060346303,2,156,0.2685764861272181,0.5371529722544368,67,9,bottom_left,49.0,-37.75,290.5,2,3.6048790586197526,0.20902989341228978,0.22303189584182118,0.9521361652081334,1,0,0.7792588033994603,0.2685764861272167,-0.010998982641156363,0.007999260102659174,0.9999075128323968,17.91142836366759,6.78190363,2.4076220447800107,195.7774875087632,-80.0,0.8739586834780346,-79.53109931069916,-80.0,lines.txt
3600,241,0,1924,True,-0.11173411031150682,-81.81527253277254,98.02817141359614,3,131,0.5439089916659384,0.20838927478016964,27,2,top_left,-74.0,-74.25,290.5,2,4.803762804290369,-0.3628659457949692,-0.04698264311945882,0.9306561860471525,3,0,1.620137424565442,1.4233377002176442,0.027988806715523135,0.003998400959360448,0.9996002398401119,23.082672512838037,9.9187597,3.7672352453165368,178.09936844560193,-80.0,-5.096522909892199,-82.52738521842693,-80.0,lines.txt
3628,241,0,2441,True,-8.581132798787529,-65.59627674156093,82.00351266635947,3,123,1.8912935166462725,0.6421944515908549,57,1,top_left,-135.5,-74.25,290.5,2,5.393054625927152,-0.47471288553012453,-0.11592988362419884,0.8724723138269447,1,0,1.8858793233807094,0.3210972257954333,0.011005046971319892,0.031014223282810605,0.9994583567589612,30.324466025349437,10.45654243,4.510968677165465,162.09130832794645,-80.0,-10.364955260579274,-70.62341277024676,-80.00000000000001,lines.txt
3630,241,0,2475,True,-4.046264860619843,-69.42671571368854,89.21069337453534,2,138,0.472081481223181,0.9441629624463703,57,1,top_left,-135.5,-74.25,290.5,2,3.030684605614175,-0.5639861825077908,-0.06799833406122302,0.8229798372409785,1,0,1.6130375110565918,0.4720814812231857,0.02698930086289145,0.007996829885301171,0.9996037356626464,36.20698004004664,6.42920914,3.174060022233753,169.27777211873266,-80.0,-8.614953581732296,-70.78040126068483,-80.0,lines.txt
3636,241,0,2631,True,-1.556751933105535,-84.50911178532601,131.80798786928463,2,99,0.18620411269508746,0.372408225390167,46,2,top_right,-49.0,-74.25,290.5,2,6.343924457966106,-0.27295169182544216,-0.04799150625502279,0.9608299481474353,1,0,0.5405112680853896,0.18620411269509443,0.004999777514850774,-0.00799964402376124,0.9999555029701548,16.29977149688986,5.8503378,2.041259072397202,211.81741311503774,-80.0,-2.6157918724519584,-82.81464788237173,-80.0,lines.txt
3643,241,0,2753,True,-4.281106188669039,-75.24139940080278,105.68765218142717,2,93,0.9284739847862019,1.8569479695724056,67,9,bottom_left,49.0,-37.75,290.5,2,0.732650023503733,0.26307011753072823,0.183048789004271,0.9472524764319378,1,0,1.7335557676757136,0.9284739847862091,-0.029986269432180378,-0.003998169257624051,0.9995423144060127,20.248800599362873,6.56290612,2.3965755611292634,185.77267765974847,-80.0,1.2895233767737748,-74.49864879207706,-79.99999999999999,lines.txt
3645,241,0,2813,True,-0.8145772824099335,-76.68616316869895,87.29839301696154,2,162,0.2433057935275746,0.48661158705513985,37,5,top_left,110.5,-74.25,290.5,2,5.806596197594615,0.41376050198396613,-0.05896586864022706,0.9084741456604475,1,0,2.1586871108910217,0.24330579352756673,-0.0370107531859277,0.0070020343865268625,0.9992903360200479,26.86129420773702,7.00307021,2.8284140930588095,167.4172029755376,-80.0,5.381659495996049,-77.85842418082981,-80.0,lines.txt
3656,242,1,204,True,2.722061030994505,-67.52947831736736,107.18739498647423,2,140,0.2704274689783448,0.5408549379566872,24,7,bottom_left,-74.0,-37.75,290.5,2,7.453605234975913,-0.4480902992938784,0.03800765931510576,0.8931799939049853,1,0,0.9739344366008723,0.2704274689783366,0.01699754403231818,0.0,0.999855531312834,27.69495866854488,10.20056622,4.182113890966954,187.2144416110723,-80.0,-0.46012468377555704,-67.52947831736736,-80.0,lines.txt
3658,242,1,246,True,3.424298927585776,-76.85755355548179,108.33615042281698,3,108,1.2832914763445193,0.24839388300617593,27,2,top_left,-74.0,-74.25,290.5,3,4.878423181024968,-0.41884233553542116,-0.06597516502467254,0.905659083520505,1,0,3.6924077732617073,0.12419694150307696,0.05799559250244836,0.027997872242561277,0.9979241606455769,28.640916188642695,8.54345932,3.5652050966582944,188.72791926490547,-80.0,-7.521088571936655,-82.14153372766503,-80.0,lines.txt
3660,242,1,265,True,0.2561394549811692,-75.63374766524427,66.65624130593794,2,79,1.363136794437007,2.7262735888740104,29,6,top_right,-110.5,-13.0,290.5,1,31.07886147547551,0.026989948116141544,-0.00399851083202097,0.9996277080052424,2,0,9.036941245118868,1.3631367944370085,0.11595154238081144,-0.10595571976177597,0.9875872747607043,7.789457675930376,9.57401014,3.13494708669172,148.4995251092854,-80.0,-16.962609524258507,-59.89937359800801,-80.00000000000001,lines.txt
3665,242,1,311,True,-5.424656332013727,-68.22437479436874,122.24207677185765,2,104,0.10369870416595253,0.2073974083318974,46,2,top_right,-49.0,-74.25,290.5,2,3.895160161549801,-0.257003341065151,-0.10200132602585757,0.9610124932436188,1,0,0.4895234432453044,0.10369870416594518,-0.007999708015986028,0.0029998905059947607,0.9999635019982535,15.692453948862806,6.99651543,2.4263845408245897,202.24945847294623,-80.0,-3.806719717838866,-68.83110102468432,-80.0,lines.txt
3672,242,1,394,True,0.10987833444595041,-81.69105733416441,25.446020367670375,2,96,0.7681736457257575,1.53634729145151,48,6,bottom_right,-110.5,-38.0,290.5,2,2.687169853108101,-0.3469240319545922,0.12297307184557592,0.9297963968811839,1,0,11.267131137883972,0.7681736457257637,0.18594822062982816,-0.05998329697736392,0.9807269055799,32.86092510292659,17.1190203,7.798571230727425,107.51822935388985,-80.0,-19.882945099179626,-75.24175945234971,-80.0,lines.txt
3677,242,1,476,True,1.2817764364229318,-75.20882535169667,105.940643796572,2,124,0.48796256859827425,0.9759251371965371,27,2,top_left,-74.0,-74.25,290.5,2,4.024935898176423,-0.3399779021545166,-0.05299655533585112,0.9389389709502679,1,0,1.1457628381748262,0.4879625685982684,-0.0,0.01999600119960014,0.9998000599800071,20.332577573719878,8.55444631,3.1272053884323268,185.977828207262,-80.0,1.2817764364229318,-78.92763822762811,-80.0,lines.txt
3680,242,1,530,True,3.7504431496711277,-68.0352083537863,105.49225731108797,2,88,1.748180814106547,3.4963616282130943,10,7,top_right,-49.0,-12.75,290.5,1,22.08158809520836,0.010997135619208212,0.019994792034924023,0.9997396017462011,2,0,2.5381175406879435,1.7481808141065465,0.01900036101028883,-0.04000076002166069,0.9990189815409757,3.468717196801341,7.75971451,2.5033579442165794,185.6744073320491,-80.0,0.22256237999077566,-60.60809094393293,-80.0,lines.txt
3719,242,1,1216,True,0.65837350439987,-77.609661742865,25.99061069807165,2,87,1.1469921835793828,2.2939843671587643,41,6,bottom_left,-135.5,-38.0,290.5,2,1.8143936568123298,-0.43013314681659914,0.11603591867610583,0.8952771311647819,1,0,10.63703819810586,1.1469921835793895,0.18196597554356267,-0.030994204625551882,0.9828162305457258,37.05790800143631,15.6900359,7.91905575803254,107.84377323441079,-80.0,-18.965523898498443,-74.26712976764605,-80.0,lines.txt
3727,242,1,1309,True,-1.6688665522021808,-59.702594315100995,66.93803188739936,3,189,2.9325561816232706,0.19849661531535687,54,9,bottom_right,74.0,-37.75,290.5,3,6.4601491203258234,0.3200625783516997,-0.020003911146981232,0.9471851928095614,1,0,4.046706352170107,0.09924830765768501,-0.05597232852362681,0.04297875225921344,0.9975068547603493,22.172879101118752,13.54844064,5.078150241839331,147.30528535836595,-80.0,6.576153273142873,-66.03359168099095,-79.99999999999999,lines.txt
3732,242,1,1441,True,0.013694730461401017,-75.81768586930478,41.82969964283271,3,130,1.4958568631527875,0.43563136587391177,18,10,bottom_left,110.5,-38.0,290.5,3,2.018554140617773,0.42200738519386194,0.10900190755007334,0.9000157504134496,1,0,8.15531780595058,0.21781568293694958,-0.1319849545727192,-0.05199407301349543,0.9898871592953938,33.947669898445184,14.41579032,6.733485666579421,123.07433074447762,-80.0,16.2576546828391,-69.41855013048932,-80.0,lines.txt
3761,242,1,2014,True,2.93138619482475,-67.9155720714389,66.29906890541122,2,146,1.1809690110154225,2.3619380220308437,59,9,top_right,74.0,-12.75,290.5,1,19.683437392519572,0.02500592710716985,0.030007112528603816,0.9992368472025072,2,0,3.5275713251558583,1.1809690110154187,-0.043004537218027376,-0.04400464273472569,0.9981053056649145,5.761848690132527,8.31533531,2.6999994241022214,146.5767871136104,-80.0,9.234853091550885,-61.46551292130053,-80.0,lines.txt
3770,242,1,2131,True,3.659663987866034,-76.36173569850527,117.24633931229243,3,165,2.0886549245553634,0.779957163196563,37,5,top_left,110.5,-74.25,290.5,3,5.353554981726899,0.5391817348721395,-0.08102731080638831,0.8382825488364617,1,0,3.1376969495881557,5.486007610469528,0.04702358824574173,-0.028014052571931243,0.998500873813835,30.15723380365343,6.11191268,2.6277310118796895,197.5424804175664,-80.0,-5.629492272332106,-70.82777026689787,-80.0,lines.txt
3773,242,1,2151,True,-3.7040853768035844,-73.58661015024387,39.16602463895531,3,104,3.1018849689563575,0.0681963807964744,48,6,bottom_right,-110.5,-38.0,290.5,3,1.2410442469861902,-0.4030425232294194,0.14201498337116017,0.9040953870952733,1,0,10.641154185479085,0.034098190398234654,0.17596472260932078,-0.05598877537569298,0.9828029677554678,35.935798221807346,15.13601143,7.421203449979858,121.25118518018672,-80.0,-25.040016543086526,-66.79790477915384,-80.0,lines.txt
3783,242,1,2342,True,-8.707215261009015,-74.63689564643037,50.42968985016407,3,71,2.0512454252971364,1.1007458955505955,10,7,top_right,-49.0,-12.75,290.5,2,15.704907210717419,-0.01699479189430432,0.017994485535145748,0.9996936408414304,1,0,4.482550579621297,0.5503729477752975,-0.021998702114861705,-0.07499557539157399,0.9969411822053237,5.339908877708113,12.79097857,4.14730549980511,130.82987459866172,-80.0,-5.829127821988344,-64.82523392249627,-80.0,lines.txt
3784,242,1,2355,True,-2.797531764045831,-77.07907816067893,56.95457697834098,3,87,1.7987696247825642,1.233126533276898,31,5,top_right,135.5,-74.25,290.5,2,7.044377360910756,0.4620448205214914,-0.101009798425694,0.8810854694360041,1,0,2.7424772885102744,0.6165632666384473,-0.04699316299214079,0.008998690785729086,0.9988546772159287,30.968042296564555,13.8236902,6.043469918870812,137.11161403385475,-80.0,3.645776662362604,-78.31290317850183,-80.0,lines.txt
3812,242,1,2725,True,-7.769550992621303,-68.1552385948988,22.23406664323926,2,118,0.9398289712532149,1.8796579425064235,41,6,bottom_left,-135.5,-38.0,290.5,2,1.9759379291475188,-0.4499154238497272,0.07598571602795393,0.8898327271694605,1,0,14.721238417724711,0.9398289712532112,0.25404560527958897,0.006001077290069031,0.9671736232494588,41.687809491060314,15.35676161,8.851137954020668,105.7039441375155,-80.0,-34.62317346147629,-68.78957613353317,-80.0,lines.txt
3817,242,1,2763,True,2.870127515360831,-75.41520016586776,107.7525227401295,2,135,0.23042018718633284,0.46084037437265885,27,2,top_left,-74.0,-74.25,290.5,2,3.14125564466819,-0.4269297758273396,-0.027995395136218994,0.9038513286836418,1,0,1.0151775533304934,0.23042018718633392,0.016997331628385078,0.00499921518481914,0.9998430369638279,26.322439549824562,7.88475778,3.154667583055611,187.78199757260697,-80.0,-0.3216653712213713,-76.3539627795684,-80.0,lines.txt
3839,242,2,192,True,-1.873540046272272,-70.37822300011874,22.816272190304957,2,84,1.125235493151793,2.2504709863035877,12,10,top_left,110.5,-13.0,290.5,2,1.5554839519714991,0.3701167902739044,0.17005366039611824,0.9132881878920939,1,0,11.274888954215783,1.125235493151797,-0.1829441191061162,-0.06897893015476514,0.9807004417655737,35.29169719522595,17.37672214,8.383714225171921,104.83963074922538,-80.0,17.306253848555258,-63.14649743321655,-80.0,lines.txt
3842,242,2,249,True,-5.158630688741395,-74.68757789518425,74.41554920452126,2,136,0.3352026567068328,0.6704053134136608,27,2,top_left,-74.0,-74.25,290.5,2,6.206080746458839,-0.3388614340044458,-0.09895953382430717,0.9356174107025406,1,0,4.454325578688168,0.33520265670683647,0.06399868804034263,0.04399909802773555,0.9969795621284624,24.93989616369705,9.79043654,3.8274613457436484,154.88336478518963,-80.0,-15.070962834267336,-81.50230624523333,-80.0,lines.txt
3852,242,2,454,True,-4.340615292854078,-80.30763168803489,133.0286257165916,2,131,0.5544604140628043,1.1089208281256107,46,2,top_right,-49.0,-74.25,290.5,2,7.51459425285049,-0.23686810119123006,-0.08895046837982902,0.9674612740637583,1,0,0.33408514785405286,0.5544604140628013,-0.004999915002167439,-0.0029999490013004632,0.9999830004334878,14.32774863939235,6.27371195,2.1481011690538163,213.03224717244666,-80.0,-3.2754721642711204,-79.6685458108851,-80.0,lines.txt
3862,242,2,550,True,-5.678078576908598,-69.8173224130368,98.79989510478671,2,138,0.30986497019741344,0.6197299403948243,37,5,top_left,110.5,-74.25,290.5,2,4.143323507496037,0.4959365241870961,-0.08798873816222673,0.8638894292291351,1,0,4.791435375107478,0.30986497019740417,-0.061030950539875534,0.05702892099627714,0.9965053563560006,34.35214733985613,6.45580107,3.0444648460127666,179.42692827926018,-80.0,5.272517408424724,-80.04984653047941,-80.0,lines.txt
3866,242,2,649,True,4.947914229691124,-63.75013911714409,100.40067444444998,3,112,1.7577044206039603,0.28782807956596457,61,1,bottom_left,-135.5,-99.25,290.5,3,4.075204534514561,-0.5422112324205565,-0.19907755581492753,0.8163180178139742,1,0,3.9752731516185267,4.985285182245918,0.04698088267033839,0.050979255663558674,0.997594061808462,38.855410092501124,6.59745521,3.496916890285613,180.83575409161458,-80.0,-3.547909115889187,-72.96901125809293,-80.0,lines.txt
3868,242,2,692,True,1.5182927993870607,-77.32292173974517,108.08453428609997,2,69,1.5342025778695432,3.06840515573908,10,7,top_right,-49.0,-12.75,290.5,1,23.647731862610183,0.007998300541683158,0.0189959637864975,0.9997875677103947,2,0,11.52395096951054,1.534202577869543,0.14997570590330614,-0.1319786211949094,0.9798412785682667,11.950843154462886,6.51920493,2.1893351976638247,191.95408317653957,-80.0,-27.2701563260364,-51.98908650937252,-80.0,lines.txt
3873,242,2,757,True,-5.593769982953839,-63.96700951103037,111.70289503731982,2,124,0.7575421509774867,1.5150843019549705,46,2,top_right,-49.0,-74.25,290.5,1,12.150933461693723,-0.041991812394796706,0.02499512642547423,0.9988052519619501,2,0,6.7873820048095945,0.7575421509774833,0.04799959200520193,0.10799908201170434,0.992991559607615,7.026796795309221,6.40617147,2.0904105709819736,193.05591591641732,-80.0,-14.86037518113244,-84.81687120693222,-80.0,lines.txt
3889,242,2,918,True,-4.9901393185687795,-80.45273803773107,91.45537481607462,2,87,0.9826090189217607,1.9652180378435202,54,9,bottom_right,74.0,-37.75,290.5,2,6.810982237093095,0.3831283695092812,0.07902647830609194,0.9203083549570201,1,0,0.46192333415815057,0.9826090189217576,0.0009999675015842893,0.007999740012674315,0.9999675015842893,22.884041249367492,8.65781848,3.278662405912654,171.4609470252092,-80.0,-5.161594693384854,-81.82438103625967,-80.0,lines.txt
3893,242,2,954,True,-0.5859403630522144,-72.23154326331769,82.87124453357151,2,97,1.7404858472964648,3.480971694592933,5,10,top_right,135.5,-13.0,290.5,1,36.27372598806495,-0.018994967000528953,0.012996556368782969,0.9997351052909976,2,0,11.299989597271813,1.7404858472964684,-0.14394344133914758,-0.13294776179240717,0.9806146941229429,11.079563141678571,7.25621633,2.4217921623141128,166.0909687665274,-80.0,23.321765256554617,-50.15012071187527,-80.0,lines.txt
3902,242,2,1057,True,4.089898082373368,-73.83440783669175,43.71415950690705,2,141,0.293542128827037,0.5870842576540726,5,10,top_right,135.5,-13.0,290.5,2,23.224302319738705,0.10699989300016051,0.06699993300010051,0.9919990080014881,1,0,2.5140900282588126,0.2935421288270319,-0.032001200067504225,-0.030001125063285207,0.9990374646073974,9.731741597015416,10.18380622,3.3696471323332533,123.83335349242819,-80.0,8.052714002514536,-70.1192679115594,-80.0,lines.txt
3907,242,2,1163,True,-0.6070972102698582,-61.77509769995061,62.67490647663655,2,176,1.7144530474149346,3.428906094829867,63,9,top_left,49.0,-12.75,290.5,1,13.541719695469924,0.050005000750125025,0.03600360054009002,0.9980998149724954,2,0,3.86794655684011,1.7144530474149344,-0.007997772930315191,-0.06698134829138973,0.9977221730568199,6.776097100065373,7.8329876,2.5532918487721386,143.00063718089913,-80.0,0.536589414793361,-52.196722215046144,-80.0,lines.txt
3914,242,2,1215,True,-5.335853258567013,-76.59317025574654,52.986843989036146,2,127,0.5278907857403844,1.0557815714807706,29,6,top_right,-110.5,-13.0,290.5,1,30.566107633052656,0.02200971943717111,-0.0680300418967107,0.9974404672208907,2,0,9.147302626592994,0.5278907857403884,0.13303812088323205,-0.08702493621685103,0.9872828970808274,6.483529808732066,12.72886975,4.144263368599221,134.6998356623499,-80.0,-23.256066278366212,-64.87092564881023,-80.0,lines.txt
3922,242,2,1332,True,-0.03308971732436694,-76.65421495554433,42.44816716259729,3,123,1.127863770687791,0.06993046273030938,48,6,bottom_right,-110.5,-38.0,290.5,2,1.4052742210725735,-0.3941344227611514,0.11904059976796195,0.9113108099883475,1,0,5.872611464483347,3.313660849333069,0.08497880043360789,-0.05698578382018412,0.9947518403698806,29.97409109935407,13.23137837,5.667632145900843,123.09418509551803,-80.0,-10.493485907093985,-69.63959633416941,-80.0,lines.txt
3927,242,2,1372,True,-6.269861560449396,-69.29484487647132,32.297537326105356,2,89,0.27453924052714274,0.5490784810542805,46,2,top_right,-49.0,-74.25,290.5,2,1.5997930666232225,-0.14397279171330635,-0.03899263108902047,0.9888131319754165,1,0,3.5824532176693444,0.2745392405271459,0.04800220815236368,0.04000184012696974,0.9980459111678949,11.927440985575169,19.02296067,6.387350096867763,112.51740633323857,-80.0,-11.670945520021597,-73.79574817611481,-80.0,lines.txt
3929,242,2,1385,True,-3.4859768414693404,-77.8038285208018,58.118655731033265,2,101,1.1664288864196264,2.332857772839261,18,10,bottom_left,110.5,-38.0,290.5,2,3.328143056679559,0.38915686182934733,0.1270512119597098,0.9123677583248452,1,0,3.717620275506227,1.166428886419626,-0.05799393994989632,-0.02899696997494816,0.9978957253447677,27.84737439705149,12.60272898,5.181469192386221,138.40990819287657,-80.0,4.540959062739007,-73.79036056869762,-80.0,lines.txt
3939,242,2,1527,True,3.809679645500177,-80.18099002276682,23.17742900772705,2,83,0.28107750050904934,0.5621550010181027,35,6,top_left,-135.5,-13.0,290.5,1,2.0805879479128935,-0.4548787909511658,0.1819515163804663,0.8717677048558605,2,0,8.674099192349665,0.2810775005090507,0.1419371357701978,-0.050977422001972444,0.988562163920603,38.00500625350255,15.10269993,7.818691601973982,104.3712097967911,-80.0,-11.00447092992676,-74.8604148160994,-80.0,lines.txt
3943,242,2,1546,True,5.842286809502223,-68.27691124011616,118.91148070059485,2,133,0.27633971604129515,0.5526794320825877,31,5,top_right,135.5,-74.25,290.5,2,3.421375325570287,0.5808881897841641,-0.08198421955645692,0.8098441200089037,1,0,0.7707893750048517,0.2763397160413042,0.009999095122835224,0.008999185610551701,0.9999095122835223,35.428316693474585,5.9296014,2.87054131094316,198.92948137510456,-80.0,3.8531720024962746,-70.06711456642152,-79.99999999999999,lines.txt
3950,242,2,1677,True,-3.0275659695667247,-72.44670843818864,38.471962970677765,3,146,0.5802989814347075,0.07258278648026574,48,6,bottom_right,-110.5,-38.0,290.5,3,3.8066755367049425,-0.42401144846366484,0.0690018630754549,0.903024381987475,1,0,8.78798503909361,0.03629139324012894,0.15204006783750845,0.01500395406291202,0.9882604409438049,34.00468499990145,14.83233237,6.937346869993699,119.8792930105905,-80.0,-21.254021811209455,-74.24537184361391,-80.0,lines.txt
3957,242,2,1733,True,1.6487781610974606,-76.03154378437478,40.5984726466332,2,59,0.517848683273123,1.03569736654624,54,9,bottom_right,74.0,-37.75,290.5,2,2.5172571900436855,0.24098903524833865,0.12099449487572189,0.9629561864902494,1,0,1.5977169471355623,0.5178486832731263,0.006997278587841084,-0.026989503124529895,0.9996112268344405,16.053789887112934,17.62473761,6.134202410257607,120.64537633149972,-80.0,0.8045888525710281,-72.77538502291569,-80.0,lines.txt
3962,242,2,1797,True,-1.2491863394983849,-71.8225423027213,72.41950544904765,2,91,0.4161121601889016,0.832224320377812,37,5,top_left,110.5,-74.25,290.5,1,6.270180224689761,0.4559952120754097,-0.11899875051967927,0.8819907391458582,2,0,2.486532748608166,0.41611216018890146,0.019001111597543637,0.03900228170022115,0.9990584466287418,27.725889785614054,10.54117452,4.324210934274842,152.56315179895373,-80.0,-4.148055812503295,-77.7728533262577,-80.0,lines.txt
3978,242,2,1937,True,4.778954680213257,-78.67250814038465,25.999476535189366,3,85,1.5565434455678375,0.6779297568514038,17,7,top_left,-74.0,-12.75,290.5,3,3.2396772786218038,-0.3189073708611936,0.19394366754567888,0.9277305334143814,1,0,9.416149149576956,0.33896487842570694,0.13393565936979726,-0.09395486552806673,0.9865260880447007,31.318024530035988,17.68635773,7.789450007283685,107.44721079326024,-80.0,-9.61205834482765,-68.57731989893804,-80.0,lines.txt
3989,242,2,2134,True,-1.12128222711757,-74.50276695116884,75.97422441407299,2,62,1.202878883723412,2.4057577674468287,39,2,bottom_right,-49.0,-99.25,290.5,2,1.8076345475463373,-0.22906758490779255,-0.14004131828424002,0.9632842107694507,1,0,1.516631919570485,1.2028788837234095,-0.004998248420838967,0.02599089178836263,0.9996496841677934,16.16747713087179,13.06408265,4.55210385578009,156.02888380235046,-80.0,-0.34141110504720507,-78.55809678593474,-79.99999999999999,lines.txt
3998,242,2,2275,True,0.6585468545142612,-69.1931752858315,36.132106442206265,3,72,3.413401865320477,1.401618612118026,59,9,top_right,74.0,-12.75,290.5,3,4.30546245357379,0.2599958400998374,0.13599782405222263,0.9559847043670943,1,0,5.508896509759298,0.7008093060590114,-0.08003065761392393,-0.05302031066922459,0.9953813040731787,22.549134877553975,17.93305,6.757979280267997,116.6709741955013,-80.0,9.99580164383738,-63.007243987904936,-80.0,lines.txt
4009,242,2,2387,True,-0.8810076292439821,-65.09627642564888,32.09993613110514,2,70,0.39498266217636835,0.7899653243527321,4,7,bottom_right,-49.0,-37.75,290.5,2,2.409010583974695,-0.17201358961039004,0.06300497758985217,0.9830776662035664,1,0,3.5051883897343035,0.3949826621763735,0.059007641984487526,0.01600207240257289,0.998129266110484,13.56689939324535,19.32580074,6.57359665069086,112.3100383259343,-80.0,-7.508158162044786,-66.89346979047622,-80.0,lines.txt
4027,242,2,2752,True,-3.699978797735449,-80.57590593105863,51.76636360890046,2,103,0.17266172682774583,0.34532345365550116,48,6,bottom_right,-110.5,-38.0,290.5,2,21.668976026815535,-0.07898949509568197,-0.00399946810611048,0.996867425448037,1,0,3.9446728893991905,0.17266172682774603,0.05597929149251318,-0.03998520820893798,0.9976309448130026,8.00992938976444,7.83961765,2.5697742778894086,132.07926668072525,-80.0,-11.09368256737315,-75.29468895274599,-80.0,lines.txt
4035,242,2,2915,True,-7.266553836448422,-77.07097468177554,94.19820653255385,3,94,1.970263899428275,2.9838397001228274,29,6,top_right,-110.5,-13.0,290.5,3,3.3055349900237387,-0.480894695591236,0.23094942761242312,0.8458147868403028,1,0,1.168447184428322,2.9269519981619974,0.003999168259494044,-0.01999584129747022,0.999792064873511,32.95503817064238,7.08437505,3.2341559386888252,174.2344359920406,-80.0,-7.963346662578637,-73.58701055112446,-80.0,lines.txt
4050,242,3,166,True,5.061862508970128,-73.69354803689488,99.00839616749842,2,109,0.3685313502855835,0.7370627005711688,37,5,top_left,110.5,-74.25,290.5,2,6.661178280595803,0.4428516695319,-0.1109628336750359,0.8897019997367743,1,0,0.8893982467848133,0.368531350285587,-0.003999518087104007,0.014998192826640026,0.9998795217760017,27.605466261578748,8.36738944,3.424922811839493,179.02996537976983,-80.0,5.777896093640122,-76.37867397940735,-79.99999999999999,lines.txt
4054,242,3,231,True,3.656696364589921,-69.67338322647316,80.28720925510589,2,123,0.155599673579272,0.3111993471585455,12,10,top_left,110.5,-13.0,290.5,1,30.036433880444754,-0.0039999500009374805,0.00299996250070311,0.9999875002343701,2,0,16.118957315229657,0.1555996735792629,-0.24891899005096257,-0.12295998303722247,0.960687347144478,15.991593594532079,10.90827976,3.7942062861380603,166.84638319796696,-80.0,45.18792956388375,-49.157954778629225,-80.0,lines.txt
4056,242,3,233,True,-0.4363523568580774,-71.61348863701461,53.46961498746211,3,147,2.0820500690509154,2.1487788272627917,41,6,bottom_left,-135.5,-38.0,290.5,2,4.929657570113891,-0.4809564754083741,0.03799656146677384,0.8759207327603654,3,0,4.600810877845996,1.0743894136313974,0.07898238889069717,-0.013996879043921018,0.9967777433420896,33.42793564657682,11.84414681,5.465790394760076,133.90107862957765,-80.0,-11.012179422063198,-69.73929143558586,-80.0,lines.txt
4075,242,3,627,True,1.4199975190477616,-79.80489421588007,72.20218759322302,3,145,0.628123191969401,0.6037240488212126,41,6,bottom_left,-135.5,-38.0,290.5,2,2.919912363857248,-0.5499675528715426,0.11699309761085544,0.826951211317756,1,0,0.46192333415815057,1.2806455270869792,-0.0009999675015842893,-0.007999740012674315,0.9999675015842893,34.255230042295324,10.41298487,4.899295949603907,152.20713408394062,-80.0,1.5721997066409847,-78.58727671513428,-80.0,lines.txt
4092,242,3,868,True,4.598376773301048,-73.51354354631778,108.46083777161502,2,112,0.40234227903772624,0.8046845580754497,37,5,top_left,110.5,-74.25,290.5,2,8.72135434027417,0.4748283805550391,-0.15294472047351787,0.8666867493499346,1,0,1.0563622626684648,0.4023422790377249,-0.011997960520052654,0.013997620606728097,0.9998300433377212,30.828888523050036,6.49893312,2.832970065377623,188.49287339123993,-80.0,6.859906826560428,-76.15199527512038,-80.0,lines.txt
4094,242,3,881,True,-7.6299122675386615,-74.79123951015688,68.96195144037516,2,89,0.564540518328719,1.1290810366574295,4,7,bottom_right,-49.0,-37.75,290.5,2,5.345065083218062,-0.21398962175501124,0.07499636276460674,0.9739527644363595,1,0,1.271963761141099,0.5645405183287177,0.017995564639907036,-0.012996796684377303,0.9997535911059464,14.329785390899154,12.28651332,4.206943694022212,148.99866603688878,-80.0,-10.311227393465416,-72.854734141432,-80.00000000000001,lines.txt
4095,242,3,921,True,-1.202146268440324,-67.62056805281131,21.23232732156456,2,81,0.5629169612637355,1.1258339225274796,35,6,top_left,-135.5,-13.0,290.5,2,2.1162585763952264,-0.40710199182502865,0.17104285160216193,0.8972247829657266,1,0,14.010855926345066,0.5629169612637268,0.23205976308448234,-0.06901777436564346,0.9702498715170166,40.159219547569904,16.25733686,8.946579606736687,104.33634705180077,-80.0,-25.414414246381536,-60.41950559385465,-80.0,lines.txt
4100,242,3,1022,True,-0.6097914584380402,-77.7519936857528,102.31505261046209,2,82,1.8196519858934734,3.639303971786945,63,9,top_left,49.0,-12.75,290.5,1,25.071569780545797,-0.00599719396967971,-0.02998596984839855,0.9995323282799516,2,0,18.362123138034338,1.819651985893473,0.05000445059416315,-0.31102768269569475,0.9490844722772164,16.730937309960296,11.54669905,4.046812708182311,192.09570690058663,-80.0,-10.21543174349927,-18.004911112671955,-80.0,lines.txt
4106,242,3,1172,True,-3.467275904223984,-76.10865465226802,51.038318367606735,3,164,1.0883212812794916,0.5861323206364879,37,5,top_left,110.5,-74.25,290.5,1,2.5825391458189526,0.45502070391305277,-0.028001274086957094,0.8900404977639934,2,0,8.632907424910652,0.293066160318243,-0.14495166667740114,-0.038987000002887205,0.9886703334065499,35.40350949408812,16.83128144,8.143068093308697,132.53995183217725,-80.0,15.744611015192577,-70.94131954980425,-80.0,lines.txt
4107,242,3,1186,True,-1.8219551455870735,-66.60743084435961,104.27795177011333,2,90,0.04109082915655067,0.08218165831309793,17,7,top_left,-74.0,-12.75,290.5,2,7.366371290631604,-0.3338641449338941,0.13694427501779488,0.9326205006686322,1,0,0.2291818957535779,0.04109082915654776,-0.0,-0.0039999680003839945,0.9999920000959988,21.240924459114215,8.68132507,3.21201709214211,184.27942598783065,-80.0,-1.8219551455870735,-65.87031903727916,-80.0,lines.txt
4129,242,3,1621,True,0.5134888656952579,-79.7271830771477,82.18363765681178,2,87,1.5354937457991418,3.0709874915982853,29,6,top_right,-110.5,-13.0,290.5,1,33.31684218961136,0.023992119882715275,-0.008997044956018227,0.999671661779803,2,0,13.877044397013504,1.5354937457991453,0.16296855010445194,-0.17596604183057385,0.9708126512357229,12.581530176754413,10.27169447,3.4660791576605137,167.05966640460682,-80.0,-26.711982749196935,-50.33035483039295,-80.0,lines.txt
4134,242,3,1744,True,0.09877898365035453,-75.19769157614171,107.97786386873898,3,65,0.46090911739969376,0.3725458136488337,17,7,top_left,-74.0,-12.75,290.5,3,7.389567710213799,-0.3220262462086426,0.18701524236340422,0.9280756412472682,2,0,2.467324568818901,0.1862729068244155,0.03700270129579549,0.0220016061758784,0.9990729349864782,23.15943025190222,6.92855123,2.6345390415818524,188.15229327705003,-80.0,-6.863364122599238,-79.33734423391174,-80.0,lines.txt
4145,242,3,1906,True,0.8179908447356813,-71.65022557114354,109.15568861177502,3,102,1.5159932679464545,2.214630195169818,54,9,bottom_right,74.0,-37.75,290.5,3,3.368403566387231,0.37795956049042556,0.11298791094025949,0.9189016827796325,1,0,2.650032224424287,2.333349608669545,-0.04299701181151504,0.01699881862315711,0.9989305767372914,25.36615404174963,8.19093363,3.224604668547172,189.35819266799865,-80.0,8.95982729148876,-74.86909114311568,-80.0,lines.txt
4157,242,4,111,True,3.862515786844239,-66.931605960024,48.77971337761877,3,91,0.8880070921521241,0.7762150367358828,27,2,top_left,-74.0,-74.25,290.5,3,5.236505090752118,-0.33991503186172456,-0.11197201049562691,0.9337665875260316,1,0,3.51779649124015,1.8878062397204907,0.020002320403758062,0.05800672917089838,0.9981157881475272,23.261356006241964,16.16955849,6.157762857033759,129.02281970374403,-80.0,1.281760007733642,-74.41579771944473,-80.0,lines.txt
4170,242,4,314,True,4.101740332274212,-72.50080874595325,47.27325069876896,2,69,1.2423614324544372,2.484722864908877,33,2,bottom_left,-74.0,-99.25,290.5,2,1.4792027728699064,-0.28903656543843825,-0.12501581550105462,0.9491200712840067,1,0,5.512165419593342,1.2423614324544396,0.056021151978061436,0.07802946168372843,0.9953758253244844,23.251032553289942,14.66822723,5.585154213306774,127.86451856742543,-80.0,-3.0613772949931866,-82.47800829821855,-80.0,lines.txt
4172,242,4,352,True,1.7886646348311825,-65.41230732911495,113.20418621691661,2,132,0.7564956760277074,1.5129913520554217,48,6,bottom_right,-110.5,-38.0,290.5,2,4.700757852216243,-0.538971435270876,0.047997456202230136,0.8409554305432405,1,0,0.753564865487768,0.7564956760277012,0.0019998270224435145,0.012998875645882844,0.9999135112217572,32.81457658219599,6.9289285,3.153179872010114,193.22089765628587,-80.0,1.4022562623973494,-67.92396174993488,-80.0,lines.txt
4187,242,4,699,True,-0.27169037288910025,-71.60126062344504,109.25814189849754,2,117,1.4636826573774675,2.927365314754937,17,7,top_left,-74.0,-12.75,290.5,1,27.489690194075827,0.00299996250070311,0.0039999500009374805,0.9999875002343701,2,0,11.234599028265128,1.4636826573774677,0.09698395048418244,-0.1689720374415137,0.9808376847936388,11.350814228544273,7.95084883,2.6586152708145843,192.95561827675505,-80.0,-18.98528850148672,-38.997156667434766,-80.0,lines.txt
4204,242,4,1007,True,3.2580233283861464,-78.54520335246117,21.830092017084887,3,154,1.8821759282428496,0.08451568420920602,31,5,top_right,135.5,-74.25,290.5,1,3.676061588664043,0.40119061082096674,-0.03201521083858089,0.9154349349156722,2,0,13.005022522307048,0.04225784210461018,-0.22107949236882923,0.04201510714701732,0.9743503419332111,36.68671399100996,18.38630254,9.190159934071715,104.51075720365996,-80.0,26.363208478053252,-82.93623401438886,-80.0,lines.txt
4239,242,4,1579,True,0.4717950232948994,-77.78595849207424,24.934980720878933,2,67,1.3104969609967305,2.620993921993463,59,9,top_right,74.0,-12.75,290.5,2,4.244668359245383,0.2650961147655625,0.1570569434648804,0.9513449250643392,1,0,9.919835465700032,1.3104969609967319,-0.13500681801646913,-0.10700540390934958,0.9850497462683115,27.806709682355617,18.37318214,7.548267906855332,106.52759530004118,-80.0,14.85374669569963,-66.38693012950161,-80.0,lines.txt
4241,242,4,1623,True,-3.023817456718388,-75.74507689227568,101.76681420961943,3,132,1.0652568151224668,1.1792208694839652,41,6,bottom_left,-135.5,-38.0,290.5,3,3.417159408969688,-0.5281727407339493,0.12904220370204442,0.8392744876435292,1,0,0.5188211694786597,2.0165495758834364,-0.000999959002521328,0.00899963102269195,0.9999590025213277,32.761590280532104,7.29209187,3.314495005535975,181.77426649623328,-80.0,-2.842050642508769,-77.38097822016225,-80.00000000000001,lines.txt
4242,242,4,1626,True,4.4804792206099,-63.502309789812806,101.27125588516338,2,118,1.050499839334916,2.100999678669838,31,5,top_right,135.5,-74.25,290.5,1,35.05809015080413,-0.001999267402720763,0.026990109936730296,0.9996337013603812,2,0,7.479065758860953,1.0504998393349136,-0.08795497857350654,0.0959508857165526,0.9914924857377101,6.334409714122605,6.39545312,2.0810134950424723,182.82665627091498,-80.0,20.560993855584073,-81.04468939160282,-80.0,lines.txt
4248,242,4,1721,True,-1.1053923832991597,-64.86999484479213,85.24007393937566,2,192,0.47837935624421357,0.9567587124884144,41,6,bottom_left,-135.5,-38.0,290.5,2,2.6387997012369993,-0.5679815408998763,0.07099769261248454,0.8199733512991171,1,0,3.3657878429930848,0.47837935624420697,0.054014883150744535,0.02300633911976156,0.9982750626748712,37.85998649950829,7.68606266,3.963418662000776,165.52559521682934,-80.0,-10.046238067393634,-68.67813282135089,-80.0,lines.txt
4262,242,4,1860,True,-8.939941503245366,-80.3950534637921,37.815663285655624,2,119,0.08526866057257076,0.1705373211451422,41,6,bottom_left,-135.5,-38.0,290.5,1,4.433223513971924,-0.4109776023309928,0.08199553136530757,0.9079505180451131,2,0,12.268719128556754,0.08526866057256283,0.1960324460549554,-0.08201357436993033,0.9771617336514867,36.87707706535952,12.94861077,6.5044311305311595,120.56925606920626,-80.0,-32.57542768951814,-70.50673781443308,-80.0,lines.txt
4265,242,4,1871,True,1.910242497236803,-83.22856277835183,86.90426857958597,3,148,2.057317316050621,1.6613852720480315,48,6,bottom_right,-110.5,-38.0,290.5,3,3.826400067351768,-0.4618356157759692,0.12795445631888325,0.8776875988123397,2,0,0.43634322085694977,4.510566676103832,-0.0029999130037843174,-0.006999797008830073,0.999971001261439,28.579767465930967,8.47544258,3.532706159892372,166.90910873319356,-80.0,2.410955302975561,-82.06023289829473,-79.99999999999999,lines.txt
4276,242,4,2017,True,0.6142990606132156,-77.82865830085403,37.69272576039409,2,49,1.4015014380182538,2.8030028760365115,63,9,top_left,49.0,-12.75,290.5,2,4.410284912113163,0.18191043116354924,0.16991633680111742,0.9685231197663693,1,0,3.400696505992305,1.4015014380182538,0.006001437516448404,-0.0590141355784093,0.9982391069025844,16.68814885443674,17.75942984,6.221420439622929,117.90033564761897,-80.0,-0.09327243694426401,-70.87087190820549,-80.0,lines.txt
4281,242,4,2181,True,0.12277960401579724,-74.8703866451684,107.4930820248188,2,166,0.05113081583627252,0.10226163167254984,27,2,top_left,-74.0,-74.25,290.5,2,7.356911301958425,-0.41098746507346995,-0.11799640116464587,0.9039724292613549,1,0,0.9739344366008723,0.051130815836269536,-0.0,0.01699754403231818,0.999855531312834,25.599514918539214,5.93310788,2.344830259701969,187.52017281800298,-80.0,0.12277960401579724,-78.05776903959031,-80.00000000000001,lines.txt
4282,242,4,2184,True,-1.2500409612679104,-70.76191793145861,30.597012188406403,2,82,0.30061843052351533,0.6012368610470366,37,5,top_left,110.5,-74.25,290.5,2,4.689125694662624,0.39410484583534344,-0.09402501398102102,0.9142432210495023,1,0,10.135983183515377,0.3006184305235206,-0.16506587442846832,0.061024353576585255,0.9843928511370473,33.98505393549526,15.94668458,7.455103361050008,112.35048289984897,-80.0,17.295189741056337,-77.61803352443908,-80.0,lines.txt
4284,242,4,2232,True,1.2667686100378093,-71.05272977362289,121.52750748614494,2,120,0.2195470629235927,0.43909412584719304,43,5,bottom_left,110.5,-99.25,290.5,2,3.286662746851185,0.5079202627776246,-0.18697064791223583,0.8408679940865793,1,0,1.1961971724526563,0.21954706292359238,-0.005998692427560656,0.019995641425202187,0.9997820712601093,33.498601958478424,5.67941286,2.625189818112364,201.57143569512394,-80.0,2.475933654954679,-75.08327992334578,-80.0,lines.txt
4286,242,4,2299,True,-6.116677774540917,-74.86327382304168,95.79948966132571,3,151,1.710602177544092,1.2773723365362613,48,6,bottom_right,-110.5,-38.0,290.5,2,3.515302592011068,-0.4477473179384171,0.10893852155198094,0.8874991480565053,1,0,0.5124553660751159,0.6386861682681385,-0.0039998400095993605,-0.007999680019198721,0.9999600023998401,27.329234735845922,7.15334963,2.9133546746916625,175.8065215002782,-80.0,-5.413479815895614,-73.45687790575107,-80.0,lines.txt
4297,242,4,2457,True,3.3924920199589494,-79.520166788871,79.73872272994066,2,97,1.373264568775192,2.7465291375503886,4,7,bottom_right,-49.0,-37.75,290.5,2,7.395720489773959,-0.23596260289092785,0.06099033379807881,0.9698462915432204,1,0,1.7570384924416775,1.3732645687751819,0.028986365122060875,-0.009995298317952026,0.9995298317952025,15.858186157332478,14.2084637,4.935540744483913,159.81386212659848,-80.0,-1.2399309392093305,-77.92277956157159,-80.0,lines.txt
4302,242,4,2542,True,-8.811309996993746,-78.02473926900537,91.24880228373398,2,95,0.42925827212536316,0.8585165442507184,48,6,bottom_right,-110.5,-38.0,290.5,2,4.577264900093349,-0.436189128990015,0.09904294442663185,0.8943878011859482,1,0,0.23623521217300444,0.4292582721253626,-0.003999966000433494,-0.0009999915001083735,0.9999915001083736,26.359491219938683,7.69829133,3.0820359142800253,171.25025789236707,-80.0,-8.12631478785881,-77.85349046672164,-80.00000000000001,lines.txt
4309,242,4,2611,True,-1.3583929811594684,-78.42690904139411,97.84379187784072,3,156,1.341221080616523,0.47880035312014846,18,10,bottom_left,110.5,-38.0,290.5,3,1.8606628084512282,0.4717486249565036,0.20089295257681616,0.8585425187238064,2,0,1.956821464186084,3.5448628887294173,-0.034014186874507,0.0030012517830447353,0.9994168437538968,32.584444566890895,6.54787292,2.9644437486812407,177.94756311074758,-80.0,4.6943486843526285,-78.96097448246871,-80.0,lines.txt
4319,242,4,2797,True,-1.4439561116029882,-66.16670746365864,34.848932774888596,2,92,0.01180323173531397,0.023606463470621022,27,2,top_left,-74.0,-74.25,290.5,2,5.78722399798479,-0.27301378754441535,-0.13100661600116634,0.9530481301458893,1,0,9.636166467965671,0.011803231735317513,0.13498501749454103,0.09898901282933009,0.9858905722193885,27.15436262120855,18.05101665,7.328594459416568,116.49257636813213,-80.0,-17.16870857063946,-77.69819260028538,-80.0,lines.txt
4329,242,4,2918,True,-2.881283749057667,-75.69329068433146,108.19124573194088,3,109,2.268530788024894,6.015892315457181,63,9,top_left,49.0,-12.75,290.5,3,8.113491271668618,0.17004166531262782,0.21705318454611902,0.9612355315613842,1,0,0.41711220216899975,0.7897000486175013,-0.0069998145073733,0.0019999470021066575,0.9999735010533285,16.167065673012374,5.96065375,2.0769465921466304,188.1962327338759,-80.0,-1.5639450289340806,-76.06967317579534,-80.0,lines.txt
4331,242,5,13,True,-0.23099451216419659,-82.92250956268472,43.72384267259993,2,95,1.1024316227146223,2.2048632454292414,48,6,bottom_right,-110.5,-38.0,290.5,2,1.6279267444194088,-0.41390895004538353,0.13796965001512787,0.8998020653160512,1,0,5.818909541352974,1.1024316227146242,0.08098756936208117,-0.06099063865539446,0.9948473026576637,31.43533514330188,14.05258729,6.2045348337073545,124.3646561055958,-80.0,-10.302985724707508,-75.33742976064593,-80.0,lines.txt
4335,242,5,62,True,-6.464429098797405,-71.70624197675525,84.06969855084367,2,77,0.2800380892303057,0.5600761784606069,46,2,top_right,-49.0,-74.25,290.5,2,2.1248659095274887,-0.20490678861195027,-0.04897772020480763,0.9775553134755481,1,0,2.575965693953098,0.2800380892303038,0.03799960100628415,0.023999748003968934,0.9989895106652068,14.623506159050416,13.27623101,4.5578755722878475,164.23565693056477,-80.0,-12.705318533163833,-75.6478563563551,-80.0,lines.txt
4337,242,5,77,True,-1.703736585100533,-78.32335470369901,105.66695801765303,2,97,0.8158883427547867,1.631776685509581,29,6,top_right,-110.5,-13.0,290.5,1,35.52271915349513,0.007997808900500782,-0.021993974476377146,0.9997261125625977,2,0,20.699933402402234,0.8158883427547802,0.31715068236969185,-0.1560741528380818,0.9354444416897851,19.753149864223417,6.39723947,2.3214136284691698,198.47994145142877,-80.0,-64.65178545311765,-47.345765986315186,-80.0,lines.txt
4344,242,5,157,True,2.524400794961749,-75.7154677732625,67.4734361345255,2,96,1.1713712314504545,2.3427424629009126,17,7,top_left,-74.0,-12.75,290.5,2,24.64324071442827,0.040979965693966405,0.03598240890201928,0.998511847031035,1,0,4.105049993087521,1.1713712314504543,0.0640278902206096,-0.0320139451103048,0.997434477342934,4.1149733451451675,7.2036117,2.3274310864184304,147.85275572925858,-80.0,-6.942299217685826,-70.98211776693871,-80.00000000000001,lines.txt
4347,242,5,227,True,-3.8853661736573475,-68.35460312290579,73.4911932367749,2,115,0.23633602334765574,0.47267204669530927,37,5,top_left,110.5,-74.25,290.5,2,4.531984960911786,0.4139408106958032,-0.07898870542262912,0.9068703268142356,1,0,4.368163669862705,0.23633602334764942,-0.07000668595777872,0.030002865410476587,0.9970952271415052,29.20405324763724,10.39335769,4.384537016918197,153.93834917534093,-80.0,6.89134749391963,-72.97319469472448,-80.0,lines.txt
4356,242,5,315,True,5.034994106490545,-67.8600579802677,85.30116082139475,2,101,0.3063786531307807,0.612757306261557,67,9,bottom_left,49.0,-37.75,290.5,2,14.019768078441617,-0.004998248420838967,0.02599089178836263,0.9996496841677934,1,0,3.2527500920179278,0.3063786531307791,-0.05602182475193941,-0.009003507549418832,0.9983889482577772,3.5462456876334874,9.04082827,2.917141312246351,165.56789927397625,-80.0,14.310409944164,-66.36936614921304,-80.0,lines.txt
4359,242,5,366,True,0.3830047154061603,-75.49942569469533,42.098107806241025,2,157,0.1269025586470995,0.25380511729419025,27,2,top_left,-74.0,-74.25,290.5,2,1.7424008306336258,-0.2811030431514341,-0.025009167540163173,0.9593516668406592,1,0,7.18392501499601,0.12690255864710093,0.1250188792762637,-0.0030004531026303293,0.9921498259364289,23.544164378521504,16.64505778,6.365985358559603,123.06418306428685,-80.0,-15.002341530339933,-75.13017738479742,-80.0,lines.txt
4385,242,5,791,True,-4.278755085619788,-76.76727411741733,90.2305196919788,2,135,0.6269849501742569,1.2539699003485227,63,9,top_left,49.0,-12.75,290.5,2,6.8168355616421135,0.19996151111330956,0.1919630506687772,0.9608150608994523,1,0,0.6532440913643373,0.6269849501742568,-0.0029998050190104407,0.01099928506970495,0.9999350063368135,15.790268663054558,9.86685124,3.4251088580893363,170.24158431617016,-80.0,-3.768063526543852,-78.6398098340291,-80.0,lines.txt
4419,242,5,1448,True,1.2712171665871161,-57.73289439211033,89.58851672325267,2,124,0.504117015366957,1.0082340307339197,37,5,top_left,110.5,-74.25,290.5,2,22.146892388342692,0.1180013570234087,0.002000023000396758,0.9930114196969902,1,0,4.47852950442404,0.5041170153669571,-0.012999304555808899,0.0769958808305604,0.9969466647801133,8.659910566370579,6.36140359,2.0921685604515754,170.10791320582544,-80.0,3.4825017377027474,-70.83050300564138,-80.0,lines.txt
4428,242,0,68,True,6.044583178455731,-79.24782518106466,92.96269715022507,3,165,2.272475773531273,2.5175941826468256,48,6,bottom_right,-110.5,-38.0,290.5,3,3.8109619227256633,-0.5328047628250832,0.11995604416324573,0.8376930417399994,1,0,2.5740547120945125,4.299833137946988,-0.043999604005345916,0.008999919001093483,0.9989910091213767,30.529174994601313,8.16344344,3.5365334223205216,173.13739119869317,-80.0,13.662559829716894,-80.80604767791353,-80.0,lines.txt
4431,242,0,124,True,-4.0092969052642005,-79.15164357648106,36.82883248597821,2,147,0.21636117377254616,0.4327223475450999,37,5,top_left,110.5,-74.25,290.5,1,2.751146652159918,0.3828419189244881,-0.01899215785787278,0.9236186242460236,2,0,7.8335582223676425,0.21636117377255598,-0.13295546737639435,0.029989955047306997,0.9906681817293745,30.284832210757944,13.92504551,6.002430824955588,117.92932753935251,-80.0,11.670051955114307,-82.68833880814539,-80.0,lines.txt
4449,242,0,347,True,-6.314906117589588,-74.25539846394173,105.62067615961888,2,86,0.08381397639139226,0.16762795278277992,31,5,top_right,135.5,-74.25,290.5,2,8.48059905885897,0.5628550834716075,-0.13896422131892266,0.8147902185246184,1,0,2.1518321081443195,0.08381397639138125,-0.028008263656847995,-0.025007378265042852,0.9992948354711124,36.68556392715029,6.33760001,3.167674177363167,185.75166164259116,-80.0,-1.112324603606277,-69.6102363978852,-80.0,lines.txt
4460,242,0,518,True,-0.9888334546034383,-72.46258787578194,61.14342390304378,3,99,0.9293044123280482,0.05784943938560088,27,2,top_left,-74.0,-74.25,290.5,3,4.546326970554127,-0.3301550441984249,-0.08103805630324974,0.9404416410500587,1,0,2.2127598692762347,0.028924719692805502,0.023005855735521878,0.031007892513094704,0.9992543425994068,21.6224653109506,15.73305729,5.851610393612781,141.248747076626,-80.0,-4.238381752671513,-76.84241384274326,-80.0,lines.txt
4472,242,0,657,True,-2.8275529448087346,-70.78424971585935,28.009151852353483,2,73,0.8649321458275816,1.7298642916551765,59,9,top_right,74.0,-12.75,290.5,2,3.3268755038191657,0.2699862310533155,0.15099229958907642,0.9509515027100112,1,0,8.069299138322982,0.8649321458275919,-0.11801180177029505,-0.07600760114019003,0.9900990148524754,26.07779303930631,19.04822271,7.58917818459151,109.08924282532169,-80.0,10.04626515476471,-62.492638058506955,-80.0,lines.txt
4474,242,0,677,True,-1.0284564236080838,-74.41646364616855,119.38429159897677,3,143,1.0095076566165793,0.8162153058552071,31,5,top_right,135.5,-74.25,290.5,2,4.676483490501614,0.596270470001131,-0.074033581845778,0.7993625931726571,1,0,0.7337038816140793,2.2123076639945305,-0.007999344080676974,-0.009999180100846218,0.9999180100846218,37.3194657141274,6.04008309,3.069734822287653,199.40064044061288,-80.0,0.5666179091837305,-72.42262073017878,-80.0,lines.txt
4493,242,0,1034,True,1.9624768769676255,-76.4308299761787,141.6001881104882,2,113,0.1624437333704885,0.32488746674096436,27,2,top_left,-74.0,-74.25,290.5,2,5.51272694233866,-0.45604081747982844,-0.08300742949742491,0.8860793076472104,1,0,0.16205650475712052,0.16244373337048842,0.001999992000048,0.001999992000048,0.9999960000239999,27.748765285895598,5.55490772,2.2796967025086445,221.60107450946785,-80.0,1.519276500746649,-76.87403035239967,-80.0,lines.txt
4498,242,0,1117,True,2.000631676536148,-68.95074370502681,68.56992074874199,3,106,0.3897396513263516,0.33215672448046774,48,6,bottom_right,-110.5,-38.0,290.5,3,2.156160757233702,-0.42705423933281167,0.09601219432306773,0.8991141947545613,1,0,0.5757960731090369,0.8370622294985969,0.009999495038250532,0.0009999495038250533,0.9999495038250531,26.5051215257276,12.04286541,4.833599451908133,148.57742334030414,-80.0,0.5149324690487278,-69.09931362577555,-80.0,lines.txt
4502,242,0,1191,True,6.505535627061628,-69.37705088572906,125.98679094553573,2,201,0.3458284838031261,0.6916569676062575,67,9,bottom_left,49.0,-37.75,290.5,2,9.238702159863797,0.2929083340349262,0.02899092725942956,0.9557009124142984,1,0,0.6405595999810885,0.34582848380312753,-0.004999687529293824,0.009999375058587648,0.9999375058587648,17.35658892140318,6.66212045,2.350582303041101,205.999664717677,-80.0,7.5354695817893065,-71.43691879518443,-80.00000000000001,lines.txt
4507,242,0,1237,True,3.7021974537265283,-74.95038174354764,41.309055884589874,2,116,0.24547678244701102,0.49095356489402187,17,7,top_left,-74.0,-12.75,290.5,2,16.47312572867246,-0.12501719104573447,0.006000825170195254,0.9921364281389486,1,0,5.018259534593417,0.245476782447017,0.06801139286253666,-0.05500921481528699,0.9961668719277426,11.621209549689647,14.30796599,4.793501119611637,121.77583826878062,-80.0,-4.579946923936236,-68.25158849690864,-80.0,lines.txt
4520,242,0,1466,True,0.8033763219668251,-64.21699225972954,114.52080310437455,2,113,0.0500375479867199,0.10007509597343786,37,5,top_left,110.5,-74.25,290.5,2,4.1789566880940505,0.5050659154032209,-0.1170152714894591,0.8551115993460472,1,0,1.053251434269349,0.05003754798671504,-0.012997803556782676,0.012997803556782676,0.9998310428294366,32.125920280789394,6.34847983,2.8451750992891203,194.5536743427142,-80.0,3.332146762323694,-66.7457627000864,-80.0,lines.txt
4528,242,0,1593,True,7.524419356129038,-68.82867968097551,118.65830449386495,3,120,1.9431235914060039,1.5412198058283049,33,2,bottom_left,-74.0,-99.25,290.5,3,3.6040177768058808,-0.4349586808878803,-0.21697938793717247,0.873916981829902,1,0,3.051938639354131,0.7706099029141509,0.04098283178946712,0.033985762947362975,0.9985816818945769,32.061647145719554,6.46726111,2.89433356130891,198.94046535778318,-80.0,-0.6287242717473012,-75.58982317726321,-79.99999999999999,lines.txt
4566,245,1,377,True,-2.9599222324636547,-70.70127304515435,76.79107163868599,2,165,0.17699790583895808,0.35399581167791666,41,6,bottom_left,-135.5,-38.0,290.5,1,3.5344951001146785,-0.5320042560510727,0.0680005440065281,0.844006752081025,2,0,0.7792588033994603,0.17699790583895866,0.012998797666821157,0.003999630051329587,0.9999075128323968,33.14545030629968,9.61909444,4.410337062054971,156.80557414210278,-80.0,-4.9982061637665725,-71.3284373317091,-80.0,lines.txt
4571,245,1,456,True,-5.536844516046863,-69.55934925375277,99.72026884046223,2,81,0.23197411409100416,0.46394822818200804,17,7,top_left,-74.0,-12.75,290.5,1,23.298579728821416,-0.005000525082701974,0.042004410694696584,0.9991049115238543,2,0,13.769455536346145,0.23197411409099475,0.21105678191252922,-0.11002960194492045,0.9712613044410704,15.26578624867052,7.10905003,2.4552637481752213,185.038020168924,-80.0,-44.590373584365636,-49.1996895498899,-79.99999999999999,lines.txt
4580,245,1,617,True,-7.049616689431188,-76.64870530104844,84.60656935065722,2,57,1.128669238277342,2.2573384765546893,59,9,top_right,74.0,-12.75,290.5,2,5.52276458205713,0.36814710415803853,0.18407355207901926,0.9113641627390574,1,0,1.4332409257192775,1.1286692382773391,-0.024992178671922032,0.0009996871468768813,0.9996871468768812,25.569520108026005,10.15311909,4.010614632836228,164.65808314621628,-80.0,-2.934452455664757,-76.81331187039909,-80.0,lines.txt
4592,245,1,845,True,-4.075388798877976,-74.25264371675365,74.21118854776655,3,138,0.40178285717720996,0.1276390485857364,57,1,top_left,-135.5,-74.25,290.5,2,3.2289013362191765,-0.5388914243158988,-0.05098972660502937,0.8408305897025432,3,0,1.5634822452029438,0.0638195242928703,0.023991064992125815,0.01299516020406815,0.9996277080052424,34.21571697985049,11.80466361,5.5488684044680525,154.26862152060096,-80.0,-7.776457324024372,-76.25738916787462,-79.99999999999999,lines.txt
4596,245,1,902,True,5.072826804782739,-63.629601976351495,84.86838942855482,2,91,0.16392202206204795,0.3278440441240984,48,6,bottom_right,-110.5,-38.0,290.5,1,29.27428120040383,-0.006997977876548307,0.02299335588008729,0.9997111252211867,2,0,4.4734064593612235,0.16392202206204862,0.0719966522335049,-0.02999860509729371,0.9969536427333943,5.454469618124722,7.77121969,2.520667282593387,165.37217214686882,-80.0,-6.833415962374682,-58.6686674900359,-80.0,lines.txt
4597,245,1,903,True,0.7716749308345353,-72.52314520796367,56.95661493710237,2,109,0.031471406063398044,0.06294281212680067,37,5,top_left,110.5,-74.25,290.5,1,4.140671922612217,0.3961535392504553,-0.0720279162273555,0.9153547687226429,2,0,2.4101385778874347,0.031471406063388774,-0.03800438976054066,0.0180020793602561,0.9991154044942135,26.07847049451056,14.54671739,5.795758988535747,137.07787340786172,-80.0,5.981235859372964,-74.99083196358713,-79.99999999999999,lines.txt
4612,245,1,1192,True,-5.26327097200243,-80.76134733631261,59.857550212745124,2,86,1.0623442318204663,2.124688463640932,59,9,top_right,74.0,-12.75,290.5,2,15.384964985782748,0.0820408254685333,0.15507717009295927,0.9844899056223995,1,0,1.7533024442692866,1.0623442318204697,-0.0189911047506486,-0.02398876389555613,0.9995318289815054,11.832610129196382,8.36624591,2.8071835341230607,139.9230581333823,-80.0,-2.6059775179602727,-77.40476613120673,-80.00000000000001,lines.txt
4626,245,1,1400,True,-1.927303210812191,-66.32456123721641,107.76962711250589,3,174,1.9306129968486403,1.1904482201668178,59,9,top_right,74.0,-12.75,290.5,1,23.783806822151565,0.04301983671814501,0.03501614616593199,0.998460396388575,2,0,3.820218835589378,4.601390770379095,-0.059986654453910875,0.02899354965272359,0.9977780190833843,5.914671555604939,6.63953682,2.1570418900977333,188.18777676120962,-80.0,9.36145192621221,-71.78079288677822,-79.99999999999999,lines.txt
4632,245,1,1462,True,-1.0393008225579756,-80.0840481834673,64.4735128993733,3,96,1.3255479045095078,0.5707872598283977,31,5,top_right,135.5,-74.25,290.5,2,6.292696899921826,0.49870933715996973,-0.08594990580312104,0.8624973105592262,1,0,2.399904800904342,0.2853936299142042,0.0320039367263409,0.027003321612850135,0.9991228996754551,28.90995519633918,11.92986568,5.004103150187097,144.60034190618853,-80.0,-5.6670810155308935,-83.9887377212882,-80.0,lines.txt
4642,245,1,1585,True,-4.571327937932644,-81.44288480251056,93.09598251738238,2,144,1.3221646776619225,2.644329355323844,67,9,bottom_left,49.0,-37.75,290.5,1,19.848495888565704,0.0009998715247630716,-0.015997944396209145,0.9998715247630716,2,0,11.766913560040221,1.3221646776619222,-0.08999865003037424,-0.18299725506176096,0.9789853153304042,10.978975895542426,8.53881429,2.8479148567714874,176.81162302109,-80.0,11.341479443644898,-49.086843126636225,-79.99999999999999,lines.txt
4648,245,1,1678,True,6.534437563848859,-71.80940307934993,113.98234515299512,2,157,0.7919260629853476,1.5838521259706995,67,9,bottom_left,49.0,-37.75,290.5,2,4.956314280667334,0.18405264658646248,0.11403261799378654,0.9762792558064531,1,0,0.40106390596646635,0.7919260629853503,-0.0,0.0069998285063023686,0.9999755009003383,12.297855651511284,8.55641573,2.8809758945350836,193.98709766223385,-80.0,6.534437563848859,-73.1672794954209,-80.0,lines.txt
4650,245,1,1719,True,-7.348746511777813,-75.71887582905212,100.8756669852511,2,117,0.3615516628105906,0.7231033256211824,37,5,top_left,110.5,-74.25,290.5,1,3.674627057272562,0.5201162589772743,-0.057012743772508916,0.8521904858627648,2,0,2.0582434015575783,0.3615516628105953,-0.03501243162022959,-0.008002841513195334,0.9993548339602673,33.49993891532713,6.84460542,3.1638734362446455,180.99243715915463,-80.0,-1.0117611819642107,-74.27042203938045,-79.99999999999999,lines.txt
4654,245,1,1755,True,-0.9969105830213476,-82.61721517867164,50.611986752313626,2,89,0.02737425818296786,0.0547485163659308,12,10,top_left,110.5,-13.0,290.5,2,2.459583970675314,0.41602475420933505,0.21301267463122203,0.8840526026948371,1,0,8.411152812565753,0.02737425818295841,-0.13103230344468952,-0.06501602842675434,0.9892438786778468,36.27546620832585,12.93730826,6.3982694715102255,132.032140473672,-80.0,16.303564911976718,-74.03300978039016,-79.99999999999999,lines.txt
4659,245,1,1886,True,1.5599199967475657,-71.77508038717806,94.71044024315671,2,101,0.019706079735670838,0.03941215947134169,35,6,top_left,-135.5,-13.0,290.5,2,2.353799374972979,-0.5502749310092161,0.20110047478700444,0.810404898395391,1,0,4.263741832168301,0.01970607973567215,0.06201445105083845,-0.041009556340070585,0.9972323822207408,40.02267761790324,6.70013847,3.672390967256546,175.19531390877353,-80.0,-9.304721221984348,-64.59039829091986,-80.0,lines.txt
4661,245,1,1952,True,3.7227168539966726,-65.76700612235523,129.0638668119588,3,226,2.3211630622449935,0.3496948054454062,54,9,bottom_right,74.0,-37.75,290.5,2,7.929819103306558,0.3411436517224307,0.03401432304563825,0.9393955688192446,1,0,3.10568505097769,0.17484740272270266,-0.0469779490281823,0.02698733242044515,0.9985312995564706,22.64507480344022,5.84734769,2.2066169356978107,209.37137063687555,-80.0,13.558554431736477,-71.41738090105682,-80.0,lines.txt
4667,245,1,2043,True,0.2292307080400331,-69.49449779504648,114.94263355349518,2,130,0.09696570591394518,0.19393141182789472,46,2,top_right,-49.0,-74.25,290.5,2,3.5554934941638145,-0.30909753566117965,-0.07202272675600302,0.9482992356207064,1,0,1.864861489122633,0.09696570591394132,0.023010829143267457,0.023010829143267457,0.9994703614836604,20.111195009429153,7.58999956,2.7667504493772497,195.0459373943948,-80.0,-4.258938032430827,-73.98266653551734,-79.99999999999999,lines.txt
4680,245,1,2241,True,5.2268880603359875,-76.26517770581292,67.53089934046298,2,114,0.8309856186174378,1.6619712372348765,48,6,bottom_right,-110.5,-38.0,290.5,2,4.668970701027637,-0.4800948280937477,0.07301442177259079,0.8741726661540323,1,0,5.914493725252393,0.8309856186174358,0.10296654131022803,0.003998700633406915,0.9946767825599698,34.87739779271582,11.45639614,5.471482371096891,148.32044130030573,-80.0,-10.045154785963195,-76.85826674838765,-80.0,lines.txt
4686,245,1,2326,True,-2.281317545822478,-73.26872917380484,101.05807150058604,2,154,1.4179694513311003,2.8359389026621975,27,2,top_left,-74.0,-74.25,290.5,1,20.591512643390683,-0.00299969254727005,0.013998565220593567,0.9998975157566833,2,0,9.608965866623603,1.417969451331104,0.06899789559627599,0.1519953642120862,0.9859699283757698,8.962826810775303,6.70487051,2.208746889251033,183.6344763565464,-80.0,-14.95170997334828,-101.18031828951385,-80.0,lines.txt
4690,245,1,2351,True,5.767211577686664,-71.46299839735714,107.0709409539325,3,101,1.5684204297301871,0.21056284725786126,27,2,top_left,-74.0,-74.25,290.5,3,5.369978516077378,-0.3770840991322055,-0.10502342283522964,0.920205228651536,2,0,1.7420461053776106,4.494698441932688,0.02198983205346941,0.020990294232857167,0.9995378206122459,24.593484656249874,9.10527035,3.5398002831987196,187.15744126555023,-80.0,1.651650876700149,-75.39148815738972,-80.0,lines.txt
4709,245,1,2772,True,0.4263778037903037,-79.22742281185029,36.992449696409835,2,83,0.9018298773611901,1.8036597547223885,18,10,bottom_left,110.5,-38.0,290.5,2,3.8505459535305517,0.38509435967859823,0.08202009738609106,0.9192252377782644,1,0,4.791434347385275,0.9018298773611885,-0.07796130181808728,-0.02998511608387972,0.9965053578542694,27.928711494349905,17.75375365,7.310230134989589,117.40273022547963,-80.0,9.579247489166399,-75.70708831747487,-80.0,lines.txt
4721,245,1,2889,True,-4.660058267201203,-76.23489917929147,85.85813129245903,2,152,0.16372620312985023,0.32745240625970423,31,5,top_right,135.5,-74.25,290.5,1,2.9964140078637085,0.5601498601340604,-0.04401177472481903,0.8272213113051213,2,0,4.080203952072689,0.16372620312985234,-0.06302941008130522,0.03301540528068369,0.9974654262073223,37.966957383577345,7.02967619,3.63550196110797,166.27957915604543,-80.0,5.820445515572036,-81.72468687502983,-80.0,lines.txt
4735,245,2,188,True,-6.592667845505073,-75.25222455113311,103.11064096402825,2,107,1.214155558269343,2.4283111165386897,54,9,bottom_right,74.0,-37.75,290.5,2,5.030931819454954,0.3657745694454985,0.09893902288279878,0.9254296483785017,1,0,3.0988198697691507,1.2141555582693409,-0.050976403386584004,-0.017991671783500238,0.9985377839842632,25.357860344576864,7.85027763,3.090071216166769,183.37878035360757,-80.0,2.7553228343402125,-71.95293372295242,-80.0,lines.txt
4740,245,2,219,True,-1.5143499477080553,-72.66303177651434,64.55748917869494,3,64,0.6742616587693823,0.35886606029621265,24,7,bottom_left,-74.0,-37.75,290.5,3,1.455892680087727,-0.3170453407258176,0.12501787883510157,0.9401344488399637,2,0,1.86662204015332,0.17943303014811984,-0.006002818985425907,0.03201503458893817,0.9994693610734134,18.99601898038064,14.15974953,5.090719176081076,144.6342377353545,-80.0,-0.6461367994876652,-77.29350190035643,-80.0,lines.txt
4743,245,2,258,True,-3.0178068317127056,-77.440335752767,60.39691033411914,3,104,2.103940020219354,2.1808488611001824,12,10,top_left,110.5,-13.0,290.5,2,29.93309404644062,-0.02300655780359424,0.03000855365686205,0.9992848367735063,1,0,2.0357848282623183,1.0904244305501,-0.030011076131015692,-0.019007014882976608,0.9993688351628226,2.8372100099118485,8.56471051,2.7597041978276597,140.4855798922776,-80.0,1.1983166017443252,-74.77012424491087,-79.99999999999999,lines.txt
4749,245,2,360,True,-4.897193250774611,-69.83362974587925,95.87685419143406,2,74,1.1060194860155543,2.212038972031112,39,2,bottom_right,-49.0,-99.25,290.5,2,2.9913481348450377,-0.2510807354367513,-0.18405918454327586,0.9503055723701742,1,0,1.168447184428322,1.1060194860155543,-0.003999168259494044,0.01999584129747022,0.999792064873511,18.660395873977354,8.81509885,3.156573254257724,175.9134327733289,-80.0,-4.193685834008875,-73.35116682970794,-80.0,lines.txt
4758,245,2,547,True,-3.7526650496361276,-73.39932243438517,94.19062140770902,2,89,1.6400358723966226,3.2800717447932453,17,7,top_left,-74.0,-12.75,290.5,1,25.21050272690904,-0.002999985000112499,-0.0009999950000374998,0.9999950000374997,2,0,10.732477353252573,1.6400358723966222,0.034982460692841576,-0.18290829447971452,0.9825073960303791,10.70997921598795,7.27839072,2.423168480773115,177.2919187290505,-80.0,-9.9547726277336,-40.971159954618386,-80.0,lines.txt
4771,245,2,709,True,2.1601382715295627,-71.513742026806,122.35135046674765,2,117,0.9328436770490298,1.8656873540980565,46,2,top_right,-49.0,-74.25,290.5,2,25.3872939633725,0.1269972695880555,0.11699748458112198,0.9849788231829499,1,0,0.20658197571708461,0.9328436770490366,-0.002999980500190123,0.001999987000126749,0.9999935000633743,9.994167386996626,6.00740782,1.9909166992571927,202.35266574625103,-80.0,2.7671923229298057,-71.9184447277395,-80.0,lines.txt
4786,245,2,858,True,-4.019507206905168,-63.480401460605535,72.3799465869858,2,104,0.2703213593473407,0.5406427186946811,54,9,bottom_right,74.0,-37.75,290.5,2,3.56616932423978,0.3801170941002522,0.07002156996583594,0.9222841072642961,1,0,4.536300070141743,0.27032135934733625,-0.07898949509568197,0.00399946810611048,0.996867425448037,27.170729254902366,13.12995555,5.332238756959734,152.85878813674688,-80.0,8.05473128895429,-64.09175530849716,-80.0,lines.txt
4796,245,2,967,True,-1.4571243123611515,-73.31097434898963,101.74565498163079,2,100,0.30038534204221445,0.6007706840844396,29,6,top_right,-110.5,-13.0,290.5,1,33.31289462728927,0.0019999320034678036,0.007999728013871214,0.9999660017339018,2,0,8.5645478682379,0.30038534204221407,0.12298118531785947,-0.08398715094878208,0.9888487177183984,8.739573048246415,6.83483025,2.248828039198383,183.7952072193391,-80.0,-24.060476751937074,-57.87453853659632,-80.0,lines.txt
4799,245,2,1000,True,-5.869253193772255,-70.88628796821172,107.50592724306532,3,128,0.7874003559019694,0.5324208396219459,48,6,bottom_right,-110.5,-38.0,290.5,2,4.196137054459135,-0.5269425663902247,0.09198997363928021,0.8449079100564324,3,0,1.8997616654184202,0.26621041981097954,0.03301487655358623,-0.003001352413962385,0.999450353849474,34.2315973962772,6.18456462,2.9081961507291787,187.60904583291122,-80.0,-12.06314268228192,-70.32320710561993,-80.0,lines.txt
4801,245,2,1022,True,-6.8884246012497545,-75.43588226365347,72.61902228738015,2,97,0.0032555752488229585,0.0065111504976393154,37,5,top_left,110.5,-74.25,290.5,2,5.2268776925498655,0.4390373197583366,-0.07800663084544476,0.8950760847009368,1,0,3.085574331139108,0.00325557524881717,-0.04597929099306119,0.02798739451751551,0.9985502543927854,29.37725430027209,12.68907276,5.371191756709388,152.84060227913835,-80.0,0.13907792649747908,-79.7134924979344,-80.0,lines.txt
4805,245,2,1052,True,3.1047082195384545,-64.487358142257,61.95213406107496,3,129,1.7869466039572703,0.8281190632872162,57,1,top_left,-135.5,-74.25,290.5,2,4.855563224117917,-0.5252655888997584,-0.12006070603423048,0.8424259540068505,3,0,3.972800941847567,4.5327207485845955,0.047980619743644884,0.049979812232963425,0.9975970521699499,35.98230662698245,11.26697958,5.530722659965648,142.29405926200764,-80.0,-3.722648929691604,-71.5991885060383,-80.0,lines.txt
4836,245,2,1499,True,-7.626023850694037,-72.36487070584772,25.82400509703702,2,148,0.08665960383269566,0.1733192076653959,57,1,top_left,-135.5,-74.25,290.5,1,3.3214645517332038,-0.4560088922600995,-0.05900115053365322,0.8880173165065095,2,0,11.669650369250443,0.08665960383269859,0.19406541106715225,0.05701921871560659,0.9793300898698044,38.940203495031746,13.1983984,7.012408974264974,108.05754483772232,-80.0,-28.596255708533853,-78.52622748882128,-80.0,lines.txt
4837,245,2,1551,True,-2.62231953834608,-72.78344719213503,123.19056618937881,2,107,0.36305493722182164,0.7261098744436447,46,2,top_right,-49.0,-74.25,290.5,2,4.675901095788874,-0.3368339817604056,-0.043978324028064814,0.9405364297820226,1,0,1.0563622626684648,0.3630549372218153,-0.011997960520052654,0.013997620606728097,0.9998300433377212,19.29976481242004,9.28098287,3.3490094951019134,203.22510565002636,-80.0,-0.1840327440735341,-75.62811511878633,-80.0,lines.txt
4838,245,2,1588,True,0.9662051054067553,-73.85033882215448,51.5602407005696,2,159,0.3822343472032824,0.7644686944065782,37,5,top_left,110.5,-74.25,290.5,2,3.193706455394843,0.38814597033242865,-0.04801805818545509,0.9203461152212226,1,0,4.837396731407352,0.3822343472032841,-0.08403694235603296,0.007003078529669413,0.9964380307929621,27.857436842464402,14.65430842,6.026071172925011,132.03052938061225,-80.0,12.061647092201783,-74.77495898772074,-80.0,lines.txt
4845,245,2,1732,True,1.5006625244822471,-77.4999886824987,62.68106015112646,2,106,0.12882679008165127,0.25765358016330986,24,7,bottom_left,-74.0,-37.75,290.5,2,5.578358200606772,-0.26804490128176206,0.07901323582559404,0.9601608404122819,1,0,1.224657334994817,0.128826790081647,0.003999086313154243,-0.020995203144059775,0.9997715782885607,16.821556817045405,11.79191343,4.1366967432035375,142.7136590493723,-80.0,0.9299382838777412,-74.50368641932504,-80.00000000000001,lines.txt
4852,245,2,1843,True,-2.2594144669971437,-72.64257939860866,72.76511361962386,3,146,0.505871450057653,0.2801437196738899,48,6,bottom_right,-110.5,-38.0,290.5,3,3.4187748337776687,-0.43283079623154574,0.08296756602128937,0.8976490877966007,1,0,0.43634322085694977,1.2374706304990588,0.0029999130037843174,-0.006999797008830073,0.999971001261439,26.3958650894738,11.79737795,4.726093448458461,152.76954374368296,-80.0,-2.717709807856015,-71.57322360327129,-80.0,lines.txt
4868,245,2,2064,True,4.408570783729333,-73.394464765206,104.73528952970557,2,116,0.06749798740491361,0.1349959748098318,48,6,bottom_right,-110.5,-38.0,290.5,2,3.9237361407325406,-0.5489720031417415,0.09899495138621568,0.8299576732379698,1,0,2.671604093840595,0.06749798740491701,0.04299625948812972,0.01799843420433337,0.9989130983405021,36.17347921601909,6.815493,3.3618883846074072,184.9362970979227,-80.0,-3.5429982350668023,-76.72302854051601,-80.0,lines.txt
4878,245,2,2213,True,2.483767828402407,-72.51388140836727,54.28975429561609,2,172,0.3922198758815692,0.7844397517631396,41,6,bottom_left,-135.5,-38.0,290.5,1,3.7069010314987834,-0.527098313003918,0.06701249899670304,0.8471580097045891,2,0,4.72818564431657,0.3922198758815578,0.07996765962120249,-0.019991914905300622,0.996596958029236,36.79491139859899,12.34974706,6.190292200856061,134.748308444743,-80.0,-8.291739035839607,-69.82000469230677,-80.0,lines.txt
4895,245,2,2530,True,-7.083455692130347,-76.33330413194278,31.573250647771555,2,79,0.2754137393255338,0.550827478651062,4,7,bottom_right,-49.0,-37.75,290.5,2,3.8499620308717715,-0.14207667105163052,0.08104373489564841,0.9865323778655471,1,0,5.88817969724098,0.27541373932553875,0.08097753185193421,-0.06298252477372661,0.994724002378698,15.265076420436063,12.95377566,4.473835543524706,112.16503309557709,-80.0,-16.166303232300695,-69.26886715625473,-80.0,lines.txt
4897,245,2,2562,True,1.5259887121359668,-71.74739000571964,71.51625949097865,2,168,2.0685367601541116,4.137073520308222,39,2,bottom_right,-49.0,-99.25,290.5,1,15.345317000436,0.019993443225756635,-0.01599475458060531,0.9996721612878318,2,0,3.7070256188227275,2.0685367601541107,0.033996855436301494,0.05499491320578182,0.9979076978067319,4.147925752056836,6.5321926,2.1106761415112474,151.83394198079762,-80.0,-3.635887863708998,-80.09748446664531,-80.0,lines.txt
4917,245,3,55,True,-0.9739752671029227,-75.32328405391075,70.4978636176374,3,162,1.7583425215900927,0.36087806683673407,54,9,bottom_right,74.0,-37.75,290.5,2,6.008691461277885,0.3330822814865461,0.05601383712686661,0.9412325131496692,1,0,0.29214976583651825,4.914149497933546,-0.0009999870002534946,0.004999935001267473,0.9999870002534945,19.751483611225943,14.47488024,5.252497210737172,150.49982007714752,-80.0,-0.8234774034852853,-76.07577337199893,-79.99999999999999,lines.txt
4921,245,3,91,True,4.3382748239053015,-68.29786906599801,97.02513104695151,2,111,1.2890004698504303,2.5780009397008596,59,9,top_right,74.0,-12.75,290.5,1,24.970460460222974,0.0009999675015842893,-0.007999740012674315,0.9999675015842893,2,0,8.95010915169399,1.2890004698504278,-0.09398327246611908,-0.12397793389147624,0.9878241829417622,8.625438812593574,7.19409209,2.365594399664113,179.20712420682673,-80.0,21.18074680610514,-46.08014006820248,-80.0,lines.txt
4924,245,3,136,True,3.2859092097488483,-72.74580140238587,54.50126831628702,2,137,0.03397429362969971,0.06794858725940556,41,6,bottom_left,-135.5,-38.0,290.5,2,1.6357566329017645,-0.5270756407820679,0.12801837195465784,0.8401205659524421,1,0,6.375924223925547,0.03397429362970995,0.11097930428944511,0.003999254208628652,0.9938146708442201,39.0185990570514,10.80663419,5.754374724257642,135.33838074862754,-80.0,-11.733850129393868,-73.2870539911838,-80.0,lines.txt
4942,245,3,424,True,2.2378421002471107,-71.95622474552917,15.990520793668463,3,95,1.5452244659114711,1.3744134312090497,48,6,bottom_right,-110.5,-38.0,290.5,2,3.597691782153467,-0.3448340023821628,0.06296968739152539,0.9365491600930046,3,0,9.033701102630108,3.2612599665253743,0.15693582636784068,0.004997956253752888,0.9875961557415707,29.409750095659284,19.0827551,8.082753873252853,97.19612640815787,-80.0,-13.015712317370246,-72.44200673335138,-80.0,lines.txt
4949,245,3,535,True,3.4872755902578407,-74.05425432692641,106.57824050936998,2,85,0.31823997583957214,0.6364799516791512,29,6,top_right,-110.5,-13.0,290.5,1,36.274576030433174,0.030013554180259656,0.014006325284121173,0.9994513542026465,2,0,20.20462864778546,0.31823997583957375,0.3311641325015613,-0.09804859512130817,0.9384651247325211,18.82361552245175,6.89990373,2.4755475183764,198.812119483447,-80.0,-62.352167489274635,-54.561005318484774,-80.0,lines.txt
4952,245,3,595,True,1.4429425407380956,-77.69670133378006,89.48356385417961,2,137,0.30480509881515844,0.6096101976303159,37,5,top_left,110.5,-74.25,290.5,1,2.9010233968111274,0.46998848542315896,-0.034999142531511845,0.8819783917940984,2,0,0.6898992041333916,0.3048050988151522,-0.008999347570950802,-0.007999420063067381,0.9999275078834224,28.602170786434353,10.62053871,4.428705258726186,169.49585096716734,-80.0,2.9682946154257124,-76.34083282294662,-80.0,lines.txt
4953,245,3,602,True,5.982804564547353,-63.50396970835102,142.80266335640317,2,103,0.3346851461044515,0.6693702922089018,24,7,bottom_left,-74.0,-37.75,290.5,2,2.1180389339173513,-0.46205221485058395,0.11701322324138165,0.8790993438390979,1,0,1.4320961841645452,0.3346851461044531,0.0069978135248568605,0.02399250351379495,0.9996876464081228,28.550184571227167,5.82805162,2.4278640347125515,222.8722783130641,-80.0,4.42318592105253,-68.8512336289047,-80.0,lines.txt
4958,245,3,687,True,9.903199398285786,-70.49198054768686,93.57223473336285,3,68,3.051262723402903,1.8931404982018314,59,9,top_right,74.0,-12.75,290.5,2,23.836850467283412,-0.032993632843232604,0.0359930540107992,0.9988072487996779,3,0,3.0988198697691507,7.260647672006875,-0.050976403386584004,0.017991671783500238,0.9985377839842632,1.4579916762575265,6.03645147,1.9415449240142988,173.8264064888889,-80.0,18.76424441470371,-73.61940820054025,-80.0,lines.txt
4960,245,3,710,True,-1.3615907633209294,-74.76586073415412,46.243478814585316,2,68,0.12997988914649233,0.25995977829298916,10,7,top_right,-49.0,-12.75,290.5,2,16.28106108747521,-0.03301396786323431,0.008003386148662863,0.9994228453142748,1,0,4.791434347385275,0.12997988914649328,0.07796130181808728,-0.02998511608387972,0.9965053578542694,6.726576272241135,12.19278726,3.973627424868023,126.68620175451919,-80.0,-11.238211974492097,-70.96716026831905,-80.0,lines.txt
4974,245,3,1006,True,-9.504498997336382,-73.67810391915958,93.45291327829646,2,67,1.3330513714471413,2.666102742894282,59,9,top_right,74.0,-12.75,290.5,2,2.6663443710341217,0.3768165350103022,0.2288885584014833,0.8975629932075634,1,0,1.032802477270299,1.333051371447133,-0.0059990252375919035,-0.01699723817317706,0.9998375395986506,26.967213100550953,7.35789013,2.9773022983060335,173.48109708695574,-80.0,-8.463781517666604,-70.72940439342854,-80.00000000000001,lines.txt
4976,245,3,1024,True,0.07181489118592767,-69.85920090603045,133.27677776684038,2,184,0.6247984030561742,1.2495968061123506,37,5,top_left,110.5,-74.25,290.5,2,10.863751156757706,0.4870616171921087,-0.18702365998957768,0.8531079249791966,1,0,0.8669763002526442,0.624798403056182,-0.001999771039323246,0.014998282794924343,0.999885519661623,31.87184965847465,5.6984192,2.5397266384511283,213.3011965599988,-80.0,0.49836844671960845,-73.05835257253305,-80.0,lines.txt
4985,245,3,1136,True,3.9668329538371188,-71.97726581219258,68.9935718884839,2,116,0.8059426288382353,1.6118852576764642,17,7,top_left,-74.0,-12.75,290.5,1,20.975934644786026,-0.047983088941197204,0.019992953725498835,0.9986480385886668,2,0,3.419934809429696,0.8059426288382378,0.049010759042544386,-0.03400746545809202,0.9982191331522304,6.363885701057772,6.7357799,2.192003205262867,149.25938297534324,-80.0,-3.3484827000062802,-66.90133250136248,-80.0,lines.txt
4989,245,3,1166,True,-9.094494526883743,-61.401957982793306,122.03744161628823,2,78,0.6966295586123719,1.393259117224743,39,2,bottom_right,-49.0,-99.25,290.5,1,18.965503227195512,0.003999320173350885,0.01799694078007898,0.9998300433377212,2,0,14.919829603403869,0.6966295586123719,0.035010399633266034,0.2550757687566525,0.9662870298781423,13.86730545156277,6.64655682,2.2665947803382123,209.08636395726745,-80.0,-16.414691686894187,-114.73482300572654,-79.99999999999999,lines.txt
5003,245,3,1363,True,4.864144600074814,-70.76490079641917,86.66506938026514,2,49,0.18457605841420435,0.3691521168284004,4,7,bottom_right,-49.0,-37.75,290.5,2,4.3545487936856055,-0.2649806571180199,0.07999416063940222,0.960929854680819,1,0,6.2602848880888375,0.18457605841419653,0.10700395921973806,-0.02100077704312616,0.9940367800413049,22.306645648454747,12.61954543,4.7390265687122435,167.66489201067566,-80.0,-13.076662667217308,-67.24380778134315,-80.00000000000001,lines.txt
5009,245,3,1459,True,-0.7921096092838129,-76.67310848663163,85.86380260968153,2,121,0.6774929039642827,1.3549858079285626,12,10,top_left,110.5,-13.0,290.5,2,4.346696816799825,0.4648721777242728,0.18994777154325124,0.8647622230784859,1,0,0.7792588033994603,0.6774929039642785,-0.012998797666821157,0.003999630051329587,0.9999075128323968,30.750809784172112,8.74470586,3.8057460823537768,165.87914430190247,-80.0,1.364119824642047,-77.33656369707036,-80.0,lines.txt
5014,245,3,1555,True,-0.22208562700942724,-71.92141187220898,92.29916235905107,2,188,0.6914008883386686,1.3828017766773408,18,10,bottom_left,110.5,-38.0,290.5,2,5.611632210554152,0.5128351499946567,0.05498232602281894,0.8567246073010151,1,0,0.5729386976826285,0.6914008883386705,-0.009999500037496877,0.0,0.9999500037496877,31.618939654577442,9.58964609,4.250724893555619,172.3077771018058,-80.0,1.5009059965810834,-71.92141187220898,-80.00000000000001,lines.txt
5033,245,3,1877,True,-4.501922876185999,-83.10606349687532,29.223438267614274,2,79,0.6942651814759924,1.3885303629519852,18,10,bottom_left,110.5,-38.0,290.5,1,0.49937537485152467,0.3910707902201247,0.16102914891416897,0.9061640305356342,2,0,11.001364626244552,0.6942651814759838,-0.17793159844806794,-0.06897348479166679,0.9816226386292287,36.01914601308998,14.27425162,7.013478806457671,111.26825520256705,-80.0,15.296215628534307,-75.43150418886576,-80.0,lines.txt
5038,245,3,1931,True,2.225468200433684,-71.14970660686396,59.07988791632774,3,104,1.009219650350373,0.7842870162870048,12,10,top_left,110.5,-13.0,290.5,2,2.8077664680300574,0.4398326754944075,0.18093116878292673,0.879665350988815,1,0,4.55790684913361,2.2433719347641183,-0.07398794094835803,-0.028995274155437612,0.9968375287231482,32.95532609220042,12.09658644,5.522364570298974,139.52111944909973,-80.0,12.548348547282483,-67.10425349796375,-80.0,lines.txt
5041,245,3,1956,True,-4.0229411742745285,-74.28376623133575,57.39208145250766,3,158,1.9515977965139875,0.47163480682123976,24,7,bottom_left,-74.0,-37.75,290.5,1,6.491835380010717,-0.3201606008220714,0.0410205769803279,0.9464747761802484,2,0,1.9492541252141025,0.23581740341061985,0.03401434006714465,0.0,0.9994213449140441,20.76586980115808,12.55660864,4.61635505852401,137.47163011044572,-80.0,-8.69894795043595,-74.28376623133575,-80.0,lines.txt
5043,245,3,2002,True,-8.307400434155785,-73.78041865355567,52.73306303662377,3,81,1.0538409743153203,0.39782805015405864,27,2,top_left,-74.0,-74.25,290.5,3,5.978284708098695,-0.24498321922420505,-0.10399287673190745,0.963933972784219,1,0,3.658517816163879,0.19891402507702755,0.053997948116956594,0.03399870807363934,0.9979620781615312,19.055049306191147,14.53577959,5.229624151748614,133.004115027244,-80.0,-15.489349736738633,-78.30238673295969,-80.0,lines.txt
5050,245,3,2169,True,-6.827231355832566,-71.30646730463252,84.37311491395694,2,85,0.044253797589654045,0.08850759517931565,37,5,top_left,110.5,-74.25,290.5,2,6.704951248080098,0.46398840043498185,-0.1249968751171826,0.8769780758221531,1,0,2.0582434015575783,0.04425379758966337,-0.03501243162022959,0.008002841513195334,0.9993548339602673,30.776864275430874,9.40025516,4.093260290937315,164.4792313282513,-80.0,-1.0684135160042434,-72.6227685251647,-80.00000000000001,lines.txt
5052,245,3,2195,True,1.2083146419672293,-78.56940515348595,108.96625663867928,3,160,2.771083639495393,0.2753789293940701,57,1,top_left,-135.5,-74.25,290.5,3,2.5214826391066056,-0.6009317981111519,-0.02499716298299301,0.7989093289364566,2,0,0.5842843409384877,0.13768946469703097,-0.009999480040556485,-0.001999896008111297,0.9999480040556485,36.39681474698181,7.81797728,3.8785207758446805,188.9760826285554,-80.0,3.0979772083540222,-78.19147264020859,-80.0,lines.txt
5053,245,3,2254,True,-2.728517851579748,-79.55207891966522,62.41729551659952,2,107,0.14999823135971294,0.29999646271942376,31,5,top_right,135.5,-74.25,290.5,2,6.946399102112194,0.49628271353097003,-0.09905642870880249,0.8624913287574519,1,0,2.394428818058037,0.14999823135971313,-0.031003937750157286,0.02800355667756142,0.9991268971744235,32.480140079901346,12.74933608,5.75866657625097,142.54174912051926,-80.0,1.690837664951368,-83.54375487008042,-80.0,lines.txt
5055,245,3,2301,True,-5.080649872384084,-74.94373074749042,101.18477225826621,2,83,0.3584752478969324,0.7169504957938584,24,7,bottom_left,-74.0,-37.75,290.5,2,2.8827822700429437,-0.3810323891296725,0.1630138567667628,0.9100773598635223,1,0,0.46192333415815057,0.35847524789693014,0.003999870006337157,-0.006999772511090025,0.9999675015842893,24.853878306779187,8.7261862,3.4066539346266134,181.19066066767948,-80.0,-5.805388961417149,-73.67543734168255,-80.0,lines.txt
5058,245,3,2337,True,-0.6799920143379451,-73.94541879939794,81.88357813769538,2,152,0.9222115677705207,1.8444231355410359,12,10,top_left,110.5,-13.0,290.5,1,31.445121907726076,-0.001999992000048,-0.001999992000048,0.9999960000239999,2,0,5.9434382600076665,0.922211567770515,-0.06697472181287323,-0.07897019437637291,0.9946246000568487,5.781941567351784,7.27265375,2.361606882574977,162.75847000812445,-80.0,10.22071123714506,-61.09235078645529,-80.00000000000001,lines.txt
5070,245,3,2549,True,-4.229811671047104,-79.50308287508585,45.38587180978899,3,64,1.7405980117220434,2.4295108307273017,59,9,top_right,74.0,-12.75,290.5,3,4.494437323771042,0.3139904234381255,0.1759946322455735,0.9329715448018188,1,0,0.3623654956634928,2.7922832044388293,0.00199996000119996,0.00599988000359988,0.99998000059998,20.830453370765774,14.09759827,5.187329727371292,125.38837950214851,-80.0,-4.480583414666682,-80.25539810594458,-80.0,lines.txt
5077,245,3,2577,True,-0.5745178119063594,-71.58012800548092,73.79954311652502,2,113,0.1162496655563382,0.23249933111268056,31,5,top_right,135.5,-74.25,290.5,2,6.500802753089851,0.49804756581391135,-0.11801127061454124,0.859082046253313,1,0,4.495684904912428,0.11624966555634232,-0.07199445664024984,0.030997613275663125,0.9969232398656819,35.2219382811816,10.68359923,5.145630805155974,154.27420784898828,-80.0,10.53236995578652,-76.36226023879313,-79.99999999999999,lines.txt
5080,245,3,2698,True,-0.8217881028236035,-73.66872204582663,95.95920632502433,3,95,0.9256205120700934,0.3245275609469649,67,9,bottom_left,49.0,-37.75,290.5,1,16.189726602957652,0.022993183531474608,0.00799762905442595,0.9997036318032438,3,0,3.414174808577049,2.452333975263312,-0.02900654171281754,0.05201172996781076,0.998225125151445,3.905032665069763,5.56165957,1.7960061817540014,176.27206718357124,-80.0,4.291254966741231,-82.83693720504633,-80.0,lines.txt
5083,245,3,2764,True,-3.922525121165757,-76.09871806789077,80.93629941958298,2,208,0.05719118314284235,0.11438236628568423,31,5,top_right,135.5,-74.25,290.5,1,3.164720043921557,0.5270068511335975,-0.03800049400963321,0.8490110372152262,2,0,4.244862051298917,0.05719118314284182,-0.07001803196514554,0.024006182388049895,0.9972568267035727,36.014343366472275,7.9062375,3.884159605427116,161.37898995543313,-80.0,7.376914156036662,-79.97281153436018,-80.0,lines.txt
5084,245,3,2769,True,0.3329673559009989,-64.9950192401347,70.18350644407862,2,105,1.4946174187231263,2.9892348374462507,41,6,bottom_left,-135.5,-38.0,290.5,2,1.1958917593302978,-0.5392640343830699,0.09804800625146726,0.8364095227165982,1,0,3.768403195268518,1.4946174187231336,0.06398960253431364,0.014997563093979758,0.9978378645194533,36.7202590135415,8.53905458,4.271865342005347,150.50892713557744,-80.0,-9.298039069370574,-67.25228637105772,-79.99999999999999,lines.txt
5098,245,4,54,True,3.313174591315319,-75.0531998342448,66.06833143541974,2,91,0.6623829537339276,1.324765907467856,12,10,top_left,110.5,-13.0,290.5,2,2.391643361326055,0.3799464313295077,0.24896489842380895,0.8908743955647139,1,0,4.0174724927821766,0.6623829537339393,-0.05197617438481525,-0.04697846530935225,0.9975427314624158,30.9917861467005,12.75016103,5.576916609150861,146.4281447084286,-80.0,10.923949375525565,-68.17423031774707,-80.0,lines.txt
5101,245,4,77,True,-3.741345065923076,-68.78677120775264,100.83331242745123,3,160,1.550735368565869,0.8604090772634388,5,10,top_right,135.5,-13.0,290.5,3,4.550360222513822,0.5960369554368912,0.1540095488880558,0.7880488605440776,1,0,0.5729386976826285,3.7917970284341704,-0.005999700022498126,0.007999600029997502,0.9999500037496877,38.21773538026454,6.67067091,3.473591170745797,180.84235386704225,-80.0,-2.656345191358368,-70.23343770717224,-80.0,lines.txt
5119,245,4,344,True,7.313745381588817,-74.43149635408587,108.64585380949521,3,146,0.8885052910009277,0.7368067340597061,31,5,top_right,135.5,-74.25,290.5,3,8.243200158226154,0.553074393509227,-0.14101896832694574,0.821110446783138,1,0,0.6681475799778612,0.3684033670298507,0.009999320069352141,0.0059995920416112845,0.9999320069352141,34.33652100366422,6.95914102,3.2806099395197745,188.65868129143468,-80.0,5.4272868434938655,-75.56337147694283,-80.0,lines.txt
5120,245,4,352,True,0.1577606916637105,-68.11866591190315,114.28159415541349,2,163,0.2195658278238848,0.4391316556477688,46,2,top_right,-49.0,-74.25,290.5,2,28.84187266679095,0.20008755746377724,0.13505910128804963,0.9704246536993195,1,0,0.4895234432453044,0.21956582782388873,0.0029998905059947607,0.007999708015986028,0.9999635019982535,13.573437366841878,8.74448587,2.9745670249065754,194.28868530418904,-80.0,-0.42508409080252996,-69.67291866514645,-79.99999999999999,lines.txt
5123,245,4,398,True,-0.09782351495580777,-67.81708697525323,68.12067714674076,3,122,0.3120833675107845,0.008803504381914112,37,5,top_left,110.5,-74.25,290.5,2,3.26055297878342,0.45611563997395843,-0.08102054131116367,0.8862246864406297,3,0,2.256099837096781,0.927446598150438,-0.01800405136738778,0.035007877658809576,0.9992248508900218,29.01539108428203,11.05915578,4.648333840076656,148.23558182606035,-80.0,2.5710175147151975,-73.0065000885024,-80.00000000000001,lines.txt
5126,245,4,509,True,0.5882138906783583,-72.68845544548546,35.7172507126527,2,101,0.4239327028387442,0.8478654056774948,48,6,bottom_right,-110.5,-38.0,290.5,2,3.917619049488293,-0.3829737671953899,0.05799602740817915,0.921936849488641,1,0,10.986776375573886,0.42393270283875456,0.1889367167980341,-0.024991629206089168,0.9816711952151824,33.774535430184706,17.64857483,8.210129362355643,117.87781008210949,-80.0,-21.683232529577612,-69.74249692428758,-80.0,lines.txt
5134,245,4,626,True,-2.9444835311604347,-79.60174020370926,106.09952026711429,2,84,1.7272146523268836,3.4544293046537766,67,9,bottom_left,49.0,-37.75,290.5,2,8.454877656288428,0.22796569374444298,0.07398886551354728,0.9708538974818163,1,0,0.6197244442066782,1.7272146523268896,-0.00899947354619587,-0.005999649030797248,0.9999415051328746,14.464719954869697,6.85112794,2.348687469740714,186.110406770629,-80.0,-1.2695878487564063,-78.48514308210657,-80.0,lines.txt
5135,245,4,634,True,-6.5151439144629775,-68.51990709520905,86.66966003918206,2,80,0.2084509607295363,0.41690192145907273,12,10,top_left,110.5,-13.0,290.5,2,0.6369356850277913,0.4751223597634875,0.2340602782834865,0.848218444377763,1,0,1.1471937654472761,0.2084509607295354,-0.019995991205604635,-0.000999799560280232,0.9997995602802318,33.03750537095442,7.21873917,3.3016613277763045,166.70307395661044,-80.0,-3.181750713679336,-68.35323743516987,-80.00000000000001,lines.txt
5138,245,4,660,True,-0.135253087406428,-74.63196911247171,69.79559842397362,3,140,1.4117300696101687,0.2736230506277178,57,1,top_left,-135.5,-74.25,290.5,2,3.730133270584106,-0.5520726023211218,-0.05300697087503524,0.8321094295854589,1,0,2.7442703387557605,0.13681152531386356,0.04199382736103356,0.0229966197453279,0.9988531793731552,36.220152826662826,10.48783523,5.17952180083076,149.96758434305633,-80.0,-6.432965934059975,-78.08071662373436,-80.0,lines.txt
5142,245,4,773,True,5.165581999238835,-79.41649244411738,103.14187507167779,3,146,1.2997657987314324,0.8556730329523323,48,6,bottom_right,-110.5,-38.0,290.5,1,33.354573066061825,0.00499973502106564,0.00899952303791815,0.9999470042131279,2,0,1.3175706299447874,0.42783651647616333,-0.0,0.02299391891256511,0.9997356048941353,0.85154949359965,6.57239573,2.1130224798831994,183.19030969300246,-80.0,5.165581999238835,-83.62875557076597,-80.0,lines.txt
5151,245,4,867,True,3.723244670335392,-76.27282970264919,22.34655380607642,2,86,0.7572839815449652,1.51456796308993,59,9,top_right,74.0,-12.75,290.5,2,3.3858498763041323,0.2579453213871847,0.16596481918710332,0.9517982401573635,1,0,12.894868173935707,0.7572839815449613,-0.17995960360297783,-0.13197037597551708,0.9747811861827965,30.742555154224483,18.5867252,8.087662906330364,104.99438772188594,-80.0,22.617993065303345,-62.41668087967269,-80.0,lines.txt
5154,245,4,901,True,3.560088376732204,-70.1696572759941,64.86571353660271,2,151,0.08458639469000102,0.16917278938001035,46,2,top_right,-49.0,-74.25,290.5,2,10.904223878306189,-0.04100305484138277,0.013000968608243315,0.9990744338180825,1,0,3.3023118265245457,0.08458639468999134,0.0540183693689092,0.02000680346996637,0.9983394931513219,5.4613337414407335,8.64382199,2.803768130288692,145.1066641462063,-80.0,-4.278337005007821,-73.07277778774966,-79.99999999999999,lines.txt
5156,245,4,939,True,3.082438026806328,-68.5978563503202,129.59627206070246,2,192,0.3690423895444653,0.7380847790889263,67,9,bottom_left,49.0,-37.75,290.5,2,9.65626343725417,0.2939122802745537,0.014995524503803759,0.9557147617090929,1,0,1.3772186604775989,0.3690423895444576,-0.006997977876548307,0.02299335588008729,0.9997111252211867,17.498145045985808,7.99604924,2.825609024203858,209.65683663301152,-80.0,4.5496119312312455,-73.41857060771636,-80.0,lines.txt
5172,245,4,1201,True,1.9701099762013272,-76.67863231793496,122.88247707014719,2,90,0.9877280269213803,1.9754560538427661,33,2,bottom_left,-74.0,-99.25,290.5,2,2.4451032213780337,-0.3848728205457427,-0.1559484675458074,0.9096993940172099,1,0,0.5642797404943848,0.9877280269213845,-0.0039998060141123596,0.008999563531752809,0.9999515035280898,24.523483661181757,7.30631405,2.8372612461354727,202.89231663168152,-80.0,2.7816398844819163,-78.50457461156628,-80.0,lines.txt
5175,245,4,1239,True,0.7463893952038646,-81.778521950807,123.12506644701938,2,126,0.6035083275609718,1.2070166551219412,67,9,bottom_left,49.0,-37.75,290.5,2,30.508068935494027,-0.12301833109710196,-0.10201520139759673,0.987147095876745,1,0,1.0516925663566303,0.603508327560975,-0.015997304681222693,-0.008998483883187764,0.9998315425764184,8.163557960948973,5.62362376,1.844791397183114,203.15929013761263,-80.0,3.9963904583561742,-79.95039635278383,-80.0,lines.txt
5177,245,4,1264,True,1.632448382838642,-80.07912443265167,39.01625797145425,2,110,0.8233978045058095,1.6467956090116314,18,10,bottom_left,110.5,-38.0,290.5,2,3.11821011079358,0.37809737261178583,0.10102601754970997,0.9202369915419126,1,0,5.830139370592363,0.8233978045058112,-0.08898456251748867,-0.04899150071187578,0.9948274124146205,28.73141357425618,14.69470511,6.142742496460056,119.63508090572307,-80.0,12.278123718978772,-74.21802228129361,-80.0,lines.txt
5179,245,4,1277,True,4.16196315357405,-77.1266627500143,57.003352418553575,3,113,2.4815520338235495,2.6305274769418223,24,7,bottom_left,-74.0,-37.75,290.5,3,2.1412804066952456,-0.3181010131100402,0.12103843580602157,0.9402985922120684,2,0,4.498234274896279,1.3152637384709136,0.07399404371921126,0.025997907252695848,0.9969197511899138,23.506992358321842,13.16369804,5.031678871522826,137.4266607267312,-80.0,-6.006791188424911,-80.69946832963556,-79.99999999999999,lines.txt
5180,245,4,1293,True,-0.9779164118281314,-67.85636936451066,117.41295125436966,2,98,0.005239700193619085,0.010479400387235077,10,7,top_right,-49.0,-12.75,290.5,2,31.242634300147877,0.17194902467015794,-0.027991701690490832,0.9847080773261953,1,0,0.7470032389541261,0.005239700193623607,0.006999405075851756,0.010999065119195614,0.999915010835965,9.762176671172167,5.66978043,1.8763756723306269,197.4297306421326,-80.0,-2.359807070608719,-70.02791182830872,-80.0,lines.txt
5181,245,4,1315,True,2.8491058299700946,-71.33555404753065,28.92274208026177,2,126,0.12521062189803386,0.2504212437960626,37,5,top_left,110.5,-74.25,290.5,2,3.388232835713929,0.3429298780091877,-0.05398896038628611,0.9378082378210439,1,0,11.27244731481103,0.12521062189804266,-0.19194300139162346,0.036989015893177435,0.9807087727353261,31.581423417461796,17.27878613,7.652859788162921,111.06532857502832,-80.0,24.16731834720787,-75.44375125137334,-80.0,lines.txt
5182,245,4,1317,True,3.3788428358889044,-69.78154079937157,58.698131848694196,2,164,0.05221516306605174,0.10443032613211194,63,9,top_left,49.0,-12.75,290.5,2,15.054355725635459,0.048983079268664236,0.016994129542189634,0.998655024273379,1,0,2.3340442179897094,0.05221516306605416,-0.03700631011385749,0.017002899241502088,0.9991703730741521,4.928436856259334,7.66343337,2.481562284065316,138.81329509597148,-80.0,8.515810682136838,-72.14176926926928,-80.0,lines.txt
5184,245,4,1334,True,-3.9189070790389593,-74.64715375670687,41.46328820082124,2,116,0.4317263141563404,0.8634526283126884,57,1,top_left,-135.5,-74.25,290.5,2,5.476207094009141,-0.46788281003229243,-0.09397646184409292,0.8787798932016774,1,0,12.959875018979966,0.4317263141563489,0.2091131608383048,0.08104385659283583,0.9745273619928654,41.32827098343075,13.57698925,7.738901981397515,124.63815069536291,-80.0,-29.982384731987256,-84.74831016765812,-80.0,lines.txt
5188,245,4,1414,True,-4.853907597687292,-73.72992126426247,107.73200969054682,2,77,0.11257988342800415,0.22515976685601718,29,6,top_right,-110.5,-13.0,290.5,2,4.4665256038204975,-0.4567319769712023,0.2098768384331564,0.8644926916413348,1,0,0.3623654956634928,0.11257988342800261,0.00199996000119996,-0.00599988000359988,0.99998000059998,30.42387620199286,7.17993846,3.1037425288631364,187.73576429319496,-80.0,-5.229371617068386,-72.60352920611919,-80.0,lines.txt
5209,245,4,1824,True,-1.367433183269832,-77.54773951124986,46.656982493239994,2,99,1.3776756820214069,2.755351364042814,17,7,top_left,-74.0,-12.75,290.5,2,22.92117494662394,0.0469779490281823,0.02698733242044515,0.9985312995564706,1,0,3.567778901950114,1.3776756820214069,0.04400272825373022,-0.04400272825373022,0.9980618817550627,4.071947206962548,6.8198971,2.2032190487922847,126.9029353876509,-80.0,-6.951508563733319,-71.96366413078637,-80.0,lines.txt
5213,245,4,1858,True,0.272775027012068,-76.37444857253675,51.46596142141365,2,100,0.5199813660169923,1.0399627320339797,4,7,bottom_right,-49.0,-37.75,290.5,2,10.721363543581413,-0.0650281632933797,0.03001299844309832,0.997431981592301,1,0,3.991714918647814,0.5199813660169867,0.058974823124641536,-0.036984211112063334,0.9975741267524112,8.082231378020499,5.99092113,1.9644846552476194,131.78565672046776,-80.0,-7.4992607684422445,-71.50046002284506,-80.0,lines.txt
5219,245,4,1973,True,4.615580917087715,-73.09045649491094,111.7274945228508,2,99,0.7698355486602624,1.539671097320526,18,10,bottom_left,110.5,-38.0,290.5,2,1.864203573529825,0.4779718004956316,0.15299097379881096,0.8649489695161534,1,0,0.5642797404943848,0.7698355486602602,-0.0039998060141123596,0.008999563531752809,0.9999515035280898,30.18891783384117,8.42761276,3.625664292257913,191.7367930808506,-80.0,5.382490895179118,-74.8160039456166,-80.0,lines.txt
5220,245,4,1989,True,1.330335447684962,-78.34555387244365,22.825334990727676,2,118,1.3977918664637747,2.7955837329275517,18,10,bottom_left,110.5,-38.0,290.5,2,4.425479733324429,0.3581753697757681,0.06403135102136637,0.9314560593889388,1,0,11.913321200127756,1.3977918664637814,-0.18989539644690157,-0.0809554058536791,0.9784610164290349,33.05011101144198,16.15854585,7.392609332657289,105.08884182836047,-80.0,21.286222728827205,-69.83804403153563,-80.0,lines.txt
5224,245,4,2027,True,3.7434489603020804,-66.64070740476501,37.634856014893245,2,73,1.63037228291677,3.260744565833542,33,2,bottom_left,-74.0,-99.25,290.5,2,2.143258642143624,-0.2690180248115139,-0.15201018502360633,0.9510637234042737,1,0,10.431518777048563,1.6303722829167644,0.12293400215650756,0.13292863647817485,0.9834720172520605,28.1073313967478,17.68790184,7.3073187628835425,119.61179774446377,-80.0,-10.960908041559575,-82.5405405856398,-80.0,lines.txt
5236,245,4,2248,True,-4.775635299761779,-79.41006204060488,51.67355057385409,2,100,1.6268204012264675,3.2536408024529377,24,7,bottom_left,-74.0,-37.75,290.5,1,21.161645185161692,0.019992953725498835,-0.047983088941197204,0.9986480385886668,2,0,7.712086844716522,1.626820401226469,0.03699831661489017,-0.12899413090056303,0.9909549125771934,4.764563339214426,14.96138447,4.8424253678892155,132.87542036741957,-80.0,-9.691802172852194,-62.26991267226263,-79.99999999999999,lines.txt
5242,245,4,2333,True,-7.658785256666919,-70.14975544462574,93.03834974924297,2,70,1.4376121402778843,2.8752242805557717,10,7,top_right,-49.0,-12.75,290.5,2,1.2906244666653393,-0.1869443923137,0.2549241713368636,0.9487177984262101,1,0,0.16205650475712052,1.4376121402778819,-0.001999992000048,-0.001999992000048,0.9999960000239999,18.454009681922127,8.29619326,2.9635837287610927,173.03904190125766,-80.0,-7.312708557168433,-69.80367874512726,-80.0,lines.txt
5244,245,4,2351,True,-1.7148149786023108,-67.596312182693,76.35208452544808,3,151,0.5673524664515183,0.19362944062202628,5,10,top_right,135.5,-13.0,290.5,2,3.6720583776654534,0.5117533942816183,0.15192678892735542,0.8455925225825176,1,0,0.9448605421947177,1.508427958732521,-0.015997824443803408,0.003999456110950852,0.999864027737713,33.081161214975054,9.58998873,4.390561146815511,156.37334696319604,-80.0,0.7868183738048584,-68.22172052079479,-80.0,lines.txt
5263,245,4,2717,True,-3.015955941316503,-80.01518515562168,89.36878090957896,2,74,1.244569380540621,2.489138761081239,67,9,bottom_left,49.0,-37.75,290.5,2,5.300151108458896,0.277976511977065,0.11299045271010197,0.9539193972162591,1,0,1.0563622626684648,1.244569380540625,-0.01799694078007898,0.003999320173350885,0.9998300433377212,18.33992857864382,9.57492352,3.4158473031832144,169.39757115537066,-80.0,0.032682115055918004,-80.69266027926,-80.0,lines.txt
5266,245,4,2770,True,0.474632679207156,-77.86650155584177,140.84642979905897,2,90,2.2034546104172925,4.406909220834584,67,9,bottom_left,49.0,-37.75,290.5,2,8.944818703904973,0.2631513555566854,0.10005754964132524,0.9595519010603089,1,0,0.905850335384686,2.203454610417296,-0.004999375117163092,-0.014998125351489273,0.9998750234326182,16.93895598152315,5.48264991,1.9257503008504724,220.87403387763675,-80.0,1.578864828202451,-74.55380510885588,-80.0,lines.txt
5267,245,4,2799,True,3.151506251739961,-70.59112134913289,32.22518539848981,2,87,0.18079607578084556,0.3615921515616944,67,9,bottom_left,49.0,-37.75,290.5,2,4.340082417477804,0.13204034448880364,0.06201894968413504,0.9893022780259605,1,0,3.8526707600690493,0.18079607578084636,-0.04898724048556386,-0.04598802168032525,0.9977401225427088,12.110131455319456,12.91296931,4.341685521165522,112.47937500246809,-80.0,8.661560444651785,-65.41841741292995,-80.0,lines.txt
5269,245,4,2810,True,6.254995072072902,-73.94134098141771,105.57833981400219,2,92,1.0609810760771134,2.1219621521542256,41,6,bottom_left,-135.5,-38.0,290.5,2,2.4149013833092603,-0.5671037894910844,0.15902910498956335,0.8081479046010516,1,0,1.2179415002836274,1.060981076077116,0.015996385225362456,-0.01399683707219215,0.9997740765851535,37.18693049565161,6.72642986,3.4065483480362206,185.6202757805713,-80.0,3.285741635048867,-71.34324422402167,-80.0,lines.txt
5274,245,5,30,True,1.2814984054347747,-69.84394323360328,27.58937929544237,2,86,0.3493068081053454,0.6986136162106936,18,10,bottom_left,110.5,-38.0,290.5,1,2.9630000323842642,0.333160288657542,0.11805679898375361,0.9354500597441495,2,0,13.042323826234135,0.3493068081053401,-0.20904369469876533,-0.0850177705712682,0.974203629840179,33.732747888695314,17.82831849,8.28566560095721,110.43828620623465,-80.0,24.367925790185758,-60.45472635463757,-80.0,lines.txt
5284,245,5,349,True,-5.6511741951648276,-75.20365487551067,39.630745640695686,2,103,0.05008797377985341,0.10017594755971615,37,5,top_left,110.5,-74.25,290.5,2,5.559882897712706,0.3918744243672617,-0.08897148920583237,0.9157065630622748,1,0,7.250670844393221,0.05008797377985283,-0.10000035000183752,0.07700026950141488,0.9920034720182281,30.41901504683367,14.46332556,6.251580880431821,120.59508763342058,-80.0,6.408376776679498,-84.4895091238308,-80.0,lines.txt
5285,245,5,365,True,2.157339955502482,-76.80268289995654,127.1674610764872,2,107,1.3639563906095504,2.7279127812190977,63,9,top_left,49.0,-12.75,290.5,2,4.6233345685890725,0.2539271333675852,0.2769205352079571,0.9267340654793366,1,0,0.9166542563852673,1.3639563906095489,0.015997952393132134,0.0,0.9998720245707583,21.45928379344051,6.10845552,2.2668208731328705,207.19397681460634,-80.0,-1.1573394217213133,-76.80268289995654,-80.0,lines.txt
5300,245,5,563,True,7.219323153245625,-74.60946414723236,54.779191742626395,3,95,1.7221718563884003,0.8892980798742361,27,2,top_left,-74.0,-74.25,290.5,3,5.73380599026606,-0.3401302948591766,-0.09703717235688274,0.9353583108627358,2,0,4.6231733867134075,0.4446490399371214,0.05798524463262263,0.055985753438394265,0.9967463603228407,24.88424508371146,14.56391458,5.6884644935628295,135.21914612155908,-80.0,-0.6213921136273237,-82.17980992214417,-79.99999999999999,lines.txt
5308,245,5,637,True,-3.351604425475781,-66.71166298057834,57.11888776516783,2,131,0.01274083169555253,0.025481663391094415,67,9,bottom_left,49.0,-37.75,290.5,2,9.970773558471565,0.07399404371921126,0.025997907252695848,0.9969197511899138,1,0,2.686295538954433,0.012740831695551007,-0.038996139573263915,0.02599742638217594,0.9989011136843757,6.4783062248622905,12.06859376,3.9292094304158462,137.2697315947667,-80.0,2.001385186978217,-70.28032272221434,-79.99999999999999,lines.txt
5311,245,5,672,True,2.4268846216073445,-80.01758632474164,80.59316857004788,2,75,0.6794105845426335,1.3588211690852685,10,7,top_right,-49.0,-12.75,290.5,1,21.57079834381828,-0.0009999675015842893,0.007999740012674315,0.9999675015842893,2,0,22.133145711405284,0.6794105845426347,-0.11703927326537633,-0.35812016947867287,0.9263108294336623,22.551842625037825,11.75684573,4.43068180178794,173.3685534781376,-80.0,22.717814127758103,-17.93081057087864,-80.0,lines.txt
5317,245,5,739,True,7.02153313743632,-83.68835347972392,65.46911922558994,2,153,0.04493450217399236,0.08986900434798796,4,7,bottom_right,-49.0,-37.75,290.5,2,16.87315298221589,-0.05001918603747377,-0.027010360460235833,0.9983829533079763,1,0,2.9994073234196725,0.0449345021739882,0.037985928819575805,-0.03598666940801919,0.9986300760725325,5.070156594883217,7.58066552,2.455823020596815,145.66867422789718,-80.0,1.4881732469734406,-78.44622305718013,-80.0,lines.txt
5321,245,5,771,True,-1.4816229380166062,-67.79119919701617,121.63583124846903,2,102,0.40527527142049913,0.8105505428409997,4,7,bottom_right,-49.0,-37.75,290.5,2,27.188856007267628,0.1529179051215094,-0.038979073854502395,0.9874698709807274,1,0,0.5981637671317739,0.4052752714205075,0.002999836513364911,0.009999455044549703,0.9999455044549703,9.07416618839496,5.61301088,1.8502027921173747,201.64682010183398,-80.0,-2.0865304317620135,-69.80755750950085,-80.0,lines.txt
5326,245,5,864,True,-1.8769000010750756,-79.11252341526833,109.11199630856498,2,93,0.17666715888918952,0.3533343177783867,67,9,bottom_left,49.0,-37.75,290.5,2,6.386335869665132,0.2289915274702225,0.11199585622997782,0.966964222985612,1,0,0.9756176640496873,0.17666715888919612,0.0009998550315298805,-0.01699753553600797,0.9998550315298804,15.170940510144995,8.93922379,3.0845743598695523,189.13941556027808,-80.0,-2.0660119973836406,-75.89761947802272,-80.0,lines.txt
5335,245,5,987,True,-1.2993031223725187,-71.98430070870666,50.032141465227696,2,94,0.6860553380711669,1.372110676142334,59,9,top_right,74.0,-12.75,290.5,2,20.078734044762754,0.027987338593281976,0.010995025875932204,0.9995478069029278,1,0,3.04979041966205,0.6860553380711646,-0.022990414995004118,-0.04797999651131295,0.9985836773917006,4.467893470837677,8.30872311,2.686966802655176,130.21657013748865,-80.0,1.6944298643144056,-65.73651012779482,-80.00000000000001,lines.txt
5336,245,5,993,True,1.4192224361216192,-80.48275040203201,131.4698937865837,2,99,1.0835835726855243,2.1671671453710553,67,9,bottom_left,49.0,-37.75,290.5,2,8.588726111686622,0.3031171774379975,0.10303983259443479,0.9473662278342693,1,0,1.0884888418646816,1.083583572685524,0.0,-0.01899657142825788,0.9998195488556778,19.049338690204216,5.90152421,2.123080417277413,211.50806065816283,-80.0,1.4192224361216192,-76.46482242008692,-80.0,lines.txt
5341,245,5,1023,True,2.3617440051154537,-67.62810914825641,78.46847075046955,3,149,2.044921693217833,1.2821385988563472,35,6,top_left,-135.5,-13.0,290.5,3,3.565615900668288,-0.5290351820094444,0.15101004250175068,0.8350555330394821,1,0,3.5051883897343035,0.6410692994281856,0.06100790103480914,0.004000518100643223,0.998129266110484,36.69554030952575,9.89519009,4.947120759404116,158.76547871198127,-80.0,-7.324204607889198,-68.26325331960098,-80.0,lines.txt
5343,245,5,1032,True,0.5063121535296593,-70.03167463790476,130.20699153112233,2,173,0.7730027886023663,1.5460055772047403,59,9,top_right,74.0,-12.75,290.5,2,43.29836255530393,-0.1969073768636549,-0.11594546048824349,0.9735420561685272,1,0,0.2291818957535779,0.7730027886023745,0.0,-0.0039999680003839945,0.9999920000959988,13.094417478946168,6.07316055,2.0577047926125065,210.208673180328,-80.0,0.5063121535296593,-69.19084667178026,-80.0,lines.txt
5349,245,5,1107,True,-0.5827517667589237,-75.58454543284019,99.61548025838462,2,97,0.5496657444964087,1.099331488992807,24,7,bottom_left,-74.0,-37.75,290.5,2,6.258933264414034,-0.3230035530586256,0.08000088001452027,0.9430103731711577,1,0,1.101970427767807,0.5496657444964065,0.016996855872468495,0.008998335461895084,0.9998150513216761,20.270771751383325,8.7196569,3.1850574799012774,179.648706049131,-80.0,-3.6362149311514624,-77.20108475516565,-80.0,lines.txt
5350,245,5,1120,True,0.6755631161651285,-73.65252183398184,45.54619028508512,2,133,0.0027128991720536196,0.00542579834411941,31,5,top_right,135.5,-74.25,290.5,2,6.426658516545679,0.449741472958217,-0.10893737900543478,0.8864904144754189,1,0,11.304572768990692,0.00271289917206323,-0.17093010387834878,0.09596076007205545,0.9805990169863166,38.559289781755986,13.08851755,6.880213404760919,128.0301000820165,-80.0,22.5597614227396,-85.93838754995348,-80.0,lines.txt
5358,245,5,1299,True,-4.209001239706769,-76.55537421099143,93.2902239688174,3,160,2.8448250527189356,2.9390101852565693,57,1,top_left,-135.5,-74.25,290.5,3,6.962120132495702,-0.5408491241386129,-0.11096904395450281,0.8337674113338318,2,0,0.948327299915149,1.4695050926282949,-0.014997945422206097,0.006999041197029513,0.9998630281470732,32.75538582938948,7.92580242,3.6020352570219263,173.31396310348177,-80.0,-1.6096478801745082,-77.76840577877316,-80.0,lines.txt
5362,245,5,1361,True,2.1212586200794643,-73.05404691952253,92.1774469766319,2,143,0.2362572090556443,0.472514418111297,37,5,top_left,110.5,-74.25,290.5,2,8.621968321737048,0.411104639447804,-0.1370348798159347,0.9012293920741398,1,0,3.4424011342470338,0.2362572090556502,-0.05201019499742717,0.03000588172928491,0.9981956655275447,29.060206223374184,7.95279245,3.345585705766594,172.48867423766703,-80.0,11.092428202028218,-78.22972167833912,-80.0,lines.txt
5373,245,5,1609,True,-3.6335419143295953,-78.74597221028266,67.93362936783157,2,132,0.5377523070950665,1.0755046141901274,37,5,top_left,110.5,-74.25,290.5,1,3.739486466852604,0.46106316998172775,-0.04700644032351671,0.886121406949698,2,0,4.23093671585415,0.5377523070950633,-0.07201984420099271,-0.016004409822442826,0.9972747870609685,31.651768397681174,12.1199596,5.376110495112662,148.33788168234082,-80.0,7.049729213537881,-76.37191195964544,-80.0,lines.txt
5380,245,5,1698,True,-0.42105192035772465,-76.03734679347015,78.3354853637558,3,77,1.418083105702795,0.4089829163680337,27,2,top_left,-74.0,-74.25,290.5,3,6.778952071901007,-0.3510790016640617,-0.10702408312836069,0.9302093206483687,1,0,1.4355276656892508,3.845266400740338,0.011996233773799736,0.02199309525196618,0.9996861478166447,22.578858370790034,8.67617247,3.270981650527447,158.38519490298725,-80.0,-2.3210777447227944,-79.52072747147278,-80.0,lines.txt
5382,245,5,1701,True,3.7894300858333176,-73.05839824428315,29.527992169894937,2,102,0.7786291780343506,1.5572583560687026,59,9,top_right,74.0,-12.75,290.5,2,2.9362769033471245,0.26301407162925833,0.16800898872135134,0.95005082907907,1,0,9.394204081605956,0.7786291780343456,-0.14393998953393883,-0.07696791107023118,0.9865886782638724,27.560861481043364,16.76127845,6.855114170562148,111.0168752013599,-80.0,19.769197940407654,-64.51366126648993,-80.0,lines.txt
5384,245,5,1718,True,-6.9821290011783885,-70.10366583657245,79.02809112056062,2,144,0.2233892245881478,0.4467784491762904,10,7,top_right,-49.0,-12.75,290.5,1,15.526308322391468,-0.04301983671814501,0.03501614616593199,0.998460396388575,2,0,3.5539661310133863,0.22338922458814006,0.05900454352478385,0.01900146316899819,0.9980768548768523,5.91981713389797,6.47302925,2.1029863312266697,159.33451451509944,-80.0,-16.38358929788488,-73.13125474568132,-80.0,lines.txt
5388,245,5,1736,True,-4.236293061495854,-77.51545921380855,84.39024264391418,2,111,0.9346883200159468,1.8693766400318905,37,5,top_left,110.5,-74.25,290.5,2,7.013661128206841,0.49118644063804856,-0.10804100934604735,0.8643280747683788,1,0,3.2968420821720286,0.9346883200159417,-0.05601935803287844,-0.013004493829061065,0.9983449878002264,33.19766050318773,9.92031994,4.553870219283644,164.6627615230833,-80.0,4.98800913094823,-75.37410334770547,-80.0,lines.txt
5389,245,5,1761,True,-0.537646874840058,-68.38408554315782,117.27026950637685,2,120,1.07362174950907,2.1472434990181495,59,9,top_right,74.0,-12.75,290.5,2,8.376032945095256,0.3410059676566515,0.15000262506890824,0.9280162404263125,1,0,1.1064277502655635,1.0736217495090659,0.017996643938828934,-0.006998694865100142,0.9998135521571632,21.10368903936557,7.8805751,2.910341437594308,197.30705698152755,-80.0,-4.088511725954841,-67.00319365661319,-80.0,lines.txt
5404,245,5,1912,True,-6.312880755054836,-76.61736882641476,86.56457567549947,2,142,1.494411888433842,2.988823776867679,41,6,bottom_left,-135.5,-38.0,290.5,2,2.482069953077321,-0.5239036106026581,0.11597866188913805,0.843844746848556,1,0,0.6405595999810885,1.4944118884338438,0.004999687529293824,-0.009999375058587648,0.9999375058587648,32.85851360404333,6.89534759,3.1410054223520665,166.57498563617807,-80.0,-7.145703633432333,-74.95172306965976,-80.0,lines.txt
5408,245,5,1967,True,-1.5613760542236785,-69.78874514869213,89.31087161146928,2,156,0.20943022545058432,0.41886045090116886,37,5,top_left,110.5,-74.25,290.5,2,6.8048567883151305,0.45983701666127164,-0.13495216793319928,0.8776889144099924,1,0,3.3560259515724935,0.20943022545057094,-0.05501570922779701,0.020005712446471643,0.998285051078935,31.985124472457017,8.68085273,3.8785109916715226,169.60172991519812,-80.0,7.769383403322223,-73.18174858779973,-80.0,lines.txt
5411,245,5,2037,True,5.532442087959666,-69.98384288537858,148.53264308911065,3,109,3.281506377931457,1.124824300097081,4,7,bottom_right,-49.0,-37.75,290.5,2,4.548678953841215,-0.4087331843175364,0.1548988840323182,0.8994128750263638,1,0,0.5282260203710876,0.5624121500485413,0.006999702518964281,-0.005999745016255098,0.999957502709183,26.416421370110427,7.01786161,2.81239518970647,228.54235552005719,-80.0,3.9327135863358915,-68.61264702684392,-80.0,lines.txt
5434,245,5,2332,True,-4.479590121166941,-69.7826413052857,43.10876600699439,3,133,0.9969743011543503,0.37223801936977835,18,10,bottom_left,110.5,-38.0,290.5,2,3.260707931982248,0.4371263477743991,0.06201792577119622,0.8972593454316614,1,0,7.992518083874743,0.18611900968489206,-0.13904018842252056,-0.0010002891253418746,0.9902862340884557,34.1364593312451,15.12031821,7.0940773197483535,124.31634588994791,-80.0,12.805378035370657,-69.65828901638974,-80.0,lines.txt
5436,245,5,2345,True,-2.837887996601964,-84.34718596130938,72.52187895767476,2,150,0.765246982775192,1.530493965550381,41,6,bottom_left,-135.5,-38.0,290.5,2,4.851756697783365,-0.5130505379671073,0.09500935888279766,0.8530840329160673,1,0,4.849578138084562,0.7652469827752038,0.06502741483424712,-0.05402277540075914,0.9964200796140019,35.753818699553385,8.07541769,3.9412584944835496,153.0698568587251,-80.0,-12.791625077173109,-76.07792746360413,-79.99999999999999,lines.txt
5441,245,5,2398,True,6.0769689113057215,-76.76159712097385,89.95571507981097,2,100,0.9674591586759551,1.9349183173519093,48,6,bottom_right,-110.5,-38.0,290.5,2,4.363086528096179,-0.4829048771078919,0.09198188135388417,0.8708284636873165,1,0,0.7979862632591983,0.9674591586759533,0.012998739183445844,-0.004999515070556094,0.9999030141112188,30.230491230758624,9.87403758,4.251525082283099,169.97219998469458,-80.0,3.8675446152681787,-75.91181854557479,-80.0,lines.txt
5443,245,5,2421,True,4.1088980160329385,-70.83611371483228,38.63397745152406,2,76,0.7683810731998904,1.5367621463997747,17,7,top_left,-74.0,-12.75,290.5,2,2.1754643490341894,-0.3111243190031249,0.18407355207901926,0.932372557269815,1,0,8.12407637293358,0.7683810731998905,0.12599546424492933,-0.06399769612440855,0.9899643619244446,29.30400438920477,16.53740268,6.990107907650681,119.83661434125278,-80.0,-10.989971841433762,-63.16684648564284,-80.0,lines.txt
5444,245,5,2429,True,6.242456798086566,-66.4949967572606,65.93099182514158,3,121,2.3183057012510178,0.29664607665378967,17,7,top_left,-74.0,-12.75,290.5,1,26.80358993474918,0.048004104526413016,-0.039003334927710576,0.9980853399450039,3,0,5.989694749355904,0.1483230383268988,0.08604677914015045,0.05903209266591716,0.9945406798291807,6.031311837129913,13.06717779,4.247052232010147,146.732049060282,-80.0,-6.3833634201852405,-75.15689667444707,-80.0,lines.txt
5446,245,5,2445,True,1.4252412632512796,-75.79222330973958,55.09878748400574,2,122,0.11235611148778177,0.22471222297557117,27,2,top_left,-74.0,-74.25,290.5,2,6.575011153987585,-0.3360670520659981,-0.10302055465118393,0.9361867878981375,1,0,5.244129258131232,0.11235611148778628,0.07898527062041588,0.0459914233992295,0.9958142979485345,25.712052333837217,14.43106022,5.714086938151977,135.66664764938724,-80.0,-9.29042561550018,-82.03172554293664,-80.00000000000001,lines.txt
5450,245,5,2535,True,-8.9307888273847,-76.89127444699005,93.82838753235976,2,102,0.7268646974589293,1.4537293949178494,24,7,bottom_left,-74.0,-37.75,290.5,2,7.787908217166441,-0.35502165698163396,0.05800353832375992,0.933056918208069,1,0,0.4051355901008439,0.726864697458935,-0.004999875004687305,-0.004999875004687305,0.999975000937461,20.849482459978507,10.09201911,3.7143822907502013,173.83273318772805,-80.0,-8.0616468897229,-76.02213250932826,-80.0,lines.txt
5460,245,5,2687,True,0.623639837835666,-79.90188323870738,96.52670834134602,2,147,0.18090850386451818,0.3618170077290401,24,7,bottom_left,-74.0,-37.75,290.5,2,3.765063780465728,-0.39705201722160727,0.15201991591356245,0.905118578301145,1,0,0.41315858048723775,0.18090850386451382,0.003999896004055824,0.0059998440060837375,0.9999740010139562,25.254857880800486,7.88946512,3.1002213846501427,176.53129797609841,-80.0,-0.08246699552971803,-80.96104348875546,-80.0,lines.txt
5469,245,5,2812,True,1.7893623455646699,-79.25006246429973,135.591014560001,2,169,1.4950916981554474,2.990183396310892,67,9,bottom_left,49.0,-37.75,290.5,2,31.03351355794123,0.05899772863117071,-0.23599091452468285,0.9699626571565354,1,0,0.38434600832412064,1.4950916981554456,-0.0029999325022780398,-0.0059998650045560795,0.9999775007593465,13.789071873265696,5.82199785,1.9840712989150975,215.59586530325836,-80.0,2.436135389244673,-77.95651637693973,-80.0,lines.txt
5470,245,5,2853,True,6.080007413617803,-72.51610626117414,75.57389358198674,2,83,1.0208928511040773,2.041785702208162,27,2,top_left,-74.0,-74.25,290.5,2,7.390589660893412,-0.34105508484466285,-0.13602196932221158,0.9301502313945351,1,0,4.769531685862883,1.0208928511040702,0.07396565093086199,0.03798236128882103,0.9965372159198569,26.293521264433533,14.26470302,5.70441663307138,156.11448433301484,-80.0,-5.467102039809497,-78.4457030075287,-80.0,lines.txt
5474,245,5,2876,True,5.229776206514168,-76.72390098810547,104.31363998077882,2,136,0.016699422812281435,0.033398845624570205,46,2,top_right,-49.0,-74.25,290.5,2,2.7398864997200643,-0.31286409007288324,-0.01999131565960915,0.9495874938314346,1,0,3.5792484053751696,0.01669942281228683,0.05100252468745959,0.03600178213232441,0.9980494046683269,21.39955473276944,12.19538982,4.521953427134335,184.67386395769674,-80.0,-4.1890570991168135,-83.37248920384499,-80.0,lines.txt
5478,245,6,56,True,-5.782032729242458,-73.0648124943907,91.78159031679556,2,76,0.2135981413629658,0.42719628272593047,10,7,top_right,-49.0,-12.75,290.5,1,20.202282834842954,-0.0039999500009374805,0.00299996250070311,0.9999875002343701,2,0,8.53883493435033,0.21359814136296582,0.02099820473024007,-0.14698743311168047,0.9889154513432108,8.743733830379428,8.97589866,2.9533584071289,173.70705461571094,-80.0,-9.42956902515015,-47.53205842303686,-80.0,lines.txt
5485,245,6,188,True,3.861550938669671,-71.20023902005534,67.50212903405284,2,76,0.025910198661812205,0.05182039732362283,17,7,top_left,-74.0,-12.75,290.5,2,3.245714037806952,-0.3218471588906733,0.18491218756141167,0.9285590391597375,1,0,4.905015127621519,0.025910198661807268,0.07502543793592151,-0.041013906071637095,0.9963378157890376,26.692806963307433,11.56948133,4.658857788487728,148.04429451193752,-80.0,-7.245537091002982,-65.12836423050095,-80.0,lines.txt
5486,245,6,189,True,-5.087826866724118,-73.41243552385858,32.95254379608524,3,114,2.5973191806538796,0.4110212171446966,57,1,top_left,-135.5,-74.25,290.5,1,2.898566535733142,-0.44498442581763986,-0.05299814509738182,0.8939687116426293,2,0,12.228716426650521,0.2055106085723521,0.20906628451995501,0.034010783127648186,0.9773098563444786,38.84453475279068,13.96616265,7.400365369412878,115.57495615420473,-80.0,-29.25065353344041,-77.34323029260668,-80.0,lines.txt
5490,245,6,308,True,-4.86326847681497,-71.11744814385682,102.317345452603,2,63,1.0737075209030498,2.147415041806103,17,7,top_left,-74.0,-12.75,290.5,2,4.009732762043413,-0.29797556700521727,0.2239816342589553,0.9279239133585291,1,0,0.4895234432453044,1.0737075209030433,-0.007999708015986028,0.0029998905059947607,0.9999635019982535,21.417287119650897,7.55466268,2.8018886382986032,182.3239999142703,-80.0,-3.404729713194146,-71.66440018021463,-80.0,lines.txt
5493,245,6,375,True,-2.9620660735230855,-77.01925367544172,91.98590231723269,2,91,0.25460331941858494,0.5092066388371639,27,2,top_left,-74.0,-74.25,290.5,2,7.520729000301089,-0.31409172817889824,-0.11603388684315986,0.9422751845366947,1,0,3.308764309095243,0.2546033194185842,0.052017350680160356,0.02500834167315402,0.9983329995923084,22.858888522781342,9.30460327,3.522291038611722,172.27308161451836,-80.0,-11.923255372617373,-81.32751776154474,-79.99999999999999,lines.txt
5531,245,6,938,True,4.306236818921975,-73.95699081627967,61.21512454659012,2,38,0.7586704996150725,1.5173409992301385,59,9,top_right,74.0,-12.75,290.5,2,6.293267528956655,0.30882617977741184,0.14192012145110836,0.9404706639823448,1,0,14.282394160401955,0.758670499615079,-0.23302202162161406,-0.0810076555851963,0.9690915834821631,34.11206217684465,14.10900117,6.615773334536779,145.71907026493054,-80.0,38.261989160878116,-62.15263056006316,-80.0,lines.txt
5536,245,6,990,True,-1.6963908076331535,-66.8478744265928,40.91627431825185,2,112,0.11614293992185093,0.23228587984369803,4,7,bottom_right,-49.0,-37.75,290.5,1,6.407114698066746,-0.14099118832608581,0.011999250070305178,0.9899381308001771,2,0,1.1457628381748262,0.11614293992185634,0.011997600719760085,0.015996800959680115,0.9998000599800071,8.79542419460304,14.13954067,4.653657304776263,120.94045515527355,-80.0,-3.147386099452176,-68.78253481568483,-80.0,lines.txt
5541,245,6,1099,True,4.714660794121481,-78.68935406261107,124.47682767262964,2,143,0.6515375350110364,1.30307507002207,67,9,bottom_left,49.0,-37.75,290.5,2,31.99720869757792,-0.14700022050049613,-0.14800022200049953,0.9780014670033008,1,0,1.2873458319204958,0.6515375350110381,0.01199697114712976,-0.018995204316288785,0.9997475955941467,11.818208126044299,6.89013097,2.311649292717729,204.52845155492446,-80.0,2.260938862049925,-74.8042943368311,-80.0,lines.txt
5549,245,6,1264,True,4.427761446981031,-74.05880558129418,80.4374464730088,2,105,1.6300989916958075,3.260197983391609,57,1,top_left,-135.5,-74.25,290.5,2,4.583694179204168,-0.5279670030934278,-0.07499531293940735,0.845947129956515,1,0,3.7229061707369664,1.630098991695806,0.06399292917196818,0.010998784701432028,0.9978897392753786,35.94791894061444,9.18960056,4.507053783121112,160.7767272860337,-80.0,-5.860812274734967,-75.82715418971412,-80.0,lines.txt
5561,245,6,1384,True,-1.3078690590399262,-87.5722154930375,94.12415940647371,2,121,0.1888172156876767,0.3776344313753564,54,9,bottom_right,74.0,-37.75,290.5,2,6.7451977398814575,0.3289779592150742,0.11799209479446428,0.9369372273085851,1,0,4.589052939408118,0.18881721568767218,0.001999587127882738,-0.07998348511530952,0.9967941832495448,22.308414773789174,6.58092353,2.471401352620686,174.68416482811898,-80.0,-1.6571652664751795,-73.60036719562737,-80.00000000000001,lines.txt
5572,245,6,1509,True,-8.39596426443045,-73.31112677347716,75.72936835375617,2,69,0.13064825841508684,0.26129651683018235,4,7,bottom_right,-49.0,-37.75,290.5,2,4.172809537206428,-0.15701774400766597,0.09401062380076815,0.9831110978314371,1,0,1.1284500390270207,0.13064825841509176,0.01799650901584355,-0.007998448451486022,0.9998060564357528,11.666072317346295,13.34213115,4.471366671381963,155.7595769212699,-80.0,-11.19909289479806,-72.06529182664711,-80.0,lines.txt
5573,245,6,1514,True,0.25772535167403315,-77.47078951321988,93.06883208055147,2,193,0.18696590713979663,0.37393181427958005,31,5,top_right,135.5,-74.25,290.5,1,3.7504589479371413,0.5187743822049429,-0.021990436239901236,0.8546283175052526,2,0,1.5977169471355623,0.1869659071397964,-0.026989503124529895,0.006997278587841084,0.9996112268344405,32.84501719008771,8.08463312,3.681634916441055,173.1361427668477,-80.0,4.930583817848923,-78.68227133778375,-80.00000000000001,lines.txt
5574,245,6,1541,True,-4.160563893833891,-77.24127603138848,59.41123368763214,2,97,0.8837311331206903,1.7674622662413777,18,10,bottom_left,110.5,-38.0,290.5,2,1.085899603674654,0.42415760383017415,0.16005947314346194,0.8913311910676538,1,0,2.724481486861384,0.8837311331206809,-0.045993998174831734,0.011998434306477844,0.9988696560142803,29.22191186408894,10.65375002,4.495952941186357,139.56899466134053,-80.0,2.2587721918829047,-78.91588544505373,-80.0,lines.txt
5575,245,6,1545,True,-2.683714277007091,-75.569245019903,47.94396456905716,3,142,1.612206089390966,0.8116458948620099,41,6,bottom_left,-135.5,-38.0,290.5,2,0.7895910154998542,-0.4768066940703886,0.12095096432393505,0.8706470241830366,3,0,4.982556848210133,0.4058229474310077,0.08601909835998924,-0.012002664887440359,0.9962211856575498,34.422578827402454,10.58068469,4.99810454431009,128.42927495524853,-80.0,-13.731084711684717,-74.02775147087821,-80.0,lines.txt
5576,245,6,1559,True,4.257268667160156,-69.95273476244984,87.08428627223111,2,103,0.7025421208704197,1.4050842417408345,54,9,bottom_right,74.0,-37.75,290.5,2,4.2015833971317536,0.308077491234794,0.0770193728086985,0.9482385119824179,1,0,0.948327299915149,0.7025421208704176,-0.014997945422206097,0.006999041197029513,0.9998630281470732,19.26074720398522,12.47506511,4.499438481723143,167.1071752516627,-80.0,6.763532961243623,-71.12232476635545,-80.0,lines.txt
5581,245,6,1626,True,-3.062000390121718,-80.39495944433719,66.25617368110309,2,82,1.0810503928782242,2.162100785756448,59,9,top_right,74.0,-12.75,290.5,2,4.24137725646574,0.30994576423647274,0.20296448432259348,0.9288374676634943,1,0,2.052651873514742,1.0810503928782222,-0.021007532550871344,-0.029010402094060427,0.9993583342057367,23.674386662048054,11.51395322,4.412326572585837,146.35008152240366,-80.0,0.012453711282851554,-76.14928473287374,-80.0,lines.txt
5611,245,6,2066,True,-2.996480967208098,-66.30727233118353,61.53059073281566,2,95,1.0325131410718185,2.065026282143632,67,9,bottom_left,49.0,-37.75,290.5,2,6.531479945793319,0.16094247334683037,0.024991067289880493,0.9866473366044818,1,0,2.881808496678064,1.03251314107182,-0.04798728505396789,0.014996026579364963,0.9987353701857066,12.026545943845308,13.46603128,4.524816229825112,141.7098011723558,-80.0,3.803787656590853,-68.4323562761207,-80.0,lines.txt
5618,245,6,2198,True,-3.6427064443894652,-73.7158058623558,35.567125587516415,2,106,0.9848586104720031,1.9697172209440044,54,9,bottom_right,74.0,-37.75,290.5,2,4.338315635540402,0.30003225520124444,0.059006343522911404,0.9521023565052823,1,0,6.767373708172986,0.9848586104720031,-0.11700386119113003,0.01400046202287026,0.9930327706221548,24.32967437464327,15.88160771,6.14838464311403,116.37795751202783,-80.0,9.973963942055068,-75.34515103680215,-80.0,lines.txt
5621,245,6,2241,True,-3.7716891994499258,-83.47882195414996,79.58269756648423,3,133,1.7521947312335404,1.1542473574696739,48,6,bottom_right,-110.5,-38.0,290.5,3,4.676402746557442,-0.42384193643107104,0.1129578745677147,0.8986648604988983,1,0,1.6402531996179668,4.102336836230949,-0.005997541511866927,-0.02798852705537899,0.999590251977821,26.145604877270788,7.60124947,3.031999691283568,159.64811306505723,-80.0,-2.8141930140510203,-79.0105064222884,-80.0,lines.txt
5633,245,6,2404,True,-5.516779293493839,-75.01807346040445,49.992628963803455,2,94,1.4592890019484392,2.9185780038968803,67,9,bottom_left,49.0,-37.75,290.5,1,15.817395105210444,-0.01599715276019048,0.00999822047511905,0.9998220475119051,2,0,4.567595992536932,1.4592890019484417,-0.03799329477515607,-0.06998764827002435,0.9968240760744894,4.757453741309358,12.10431614,3.9176211359508892,130.4067910114257,-80.0,-0.5621956419145695,-65.89120883907421,-79.99999999999999,lines.txt
5649,245,6,2674,True,3.794901574672693,-74.48881575043916,81.94729884084157,2,123,0.23790534787140424,0.47581069574280416,57,1,top_left,-135.5,-74.25,290.5,2,4.01915053335822,-0.530293333342446,-0.0630348679256115,0.8454676729705035,1,0,3.513132152834415,0.23790534787139728,0.05500665620812615,0.027003267593080107,0.998120779921998,35.609223247754805,7.29997177,3.5499075539535205,162.25220644489295,-80.0,-5.130049764251444,-78.87015549863828,-80.0,lines.txt
5652,245,6,2755,True,-5.907095735206509,-78.26412984894196,105.39640862738733,3,122,2.3427628811900703,2.1415318928081057,54,9,bottom_right,74.0,-37.75,290.5,2,7.501232172639947,0.3760163570673064,0.0690030016958621,0.9240401966228488,3,0,0.6405595999810885,4.886756750762119,0.004999687529293824,-0.009999375058587648,0.9999375058587648,22.30563013022279,8.14352581,3.058099370704209,185.4079955408468,-80.0,-6.834077778343445,-76.41016576266809,-80.0,lines.txt
5658,245,6,2794,True,-4.409741563481155,-67.5798860915649,81.67628452340392,3,126,0.5771054275557224,0.462263479391792,57,1,top_left,-135.5,-74.25,290.5,2,3.817156699992309,-0.5367480559177424,-0.09295636722597773,0.8386063666945733,1,0,2.0550501119912425,0.23113173969590356,0.01800642944317175,0.031011072929906902,0.999356834096032,34.35881298933147,10.19303634,4.807656954943923,161.78033611952847,-80.0,-7.322827771110055,-72.59686789359245,-80.0,lines.txt
5662,245,6,2841,True,1.60512396948031,-75.91384669804603,80.2871648630703,3,150,1.0343067242870208,0.23809601991935364,18,10,bottom_left,110.5,-38.0,290.5,3,1.5916414717003162,0.46008167174574577,0.1310232586928102,0.8781558865060103,1,0,0.8142712050923159,2.8648241529417073,0.008999091137690322,-0.010998889168288171,0.9998990152989248,28.265046028909637,10.41262805,4.314429170160372,160.30335304925933,-80.0,0.16253948571267762,-74.15068788455226,-80.0,lines.txt
5665,245,6,2904,True,7.121579593445352,-69.9769485170751,87.4259523100605,2,76,0.4509457649239464,0.9018915298479014,46,2,top_right,-49.0,-74.25,290.5,2,7.291601217829857,-0.2649943026837378,-0.14699683960192247,0.9529795111607627,1,0,3.3657878429930848,0.4509457649239394,0.04101130017000974,0.04201157578391242,0.9982750626748712,20.885881472928702,13.28763041,4.892901026058932,167.7152506058238,-80.0,0.2433591077615036,-77.02293047801953,-80.0,lines.txt
5668,245,7,44,True,-7.808220274483618,-79.891027965744,106.38529637697928,2,98,0.4173965783450704,0.8347931566901474,27,2,top_left,-74.0,-74.25,290.5,2,7.174268437660067,-0.29991004047976066,-0.0899730121439282,0.9497151281859086,1,0,1.239303918123013,0.4173965783450671,0.011997192985223771,-0.017995789477835658,0.9997660821019809,18.645641238478447,6.67781513,2.390823806016475,186.42890543466856,-80.0,-10.04484383100737,-76.53609263095838,-80.0,lines.txt
5670,245,7,94,True,5.875940580529448,-72.58360704197534,76.3630204497737,3,156,1.6680019043456131,0.7794631711655512,43,5,bottom_left,110.5,-99.25,290.5,3,3.6487441087445065,0.39385803976038897,-0.15694343208726158,0.9056735635099299,1,0,4.029639018943403,0.3897315855827639,-0.06203282404817983,0.03301747086435378,0.9975278318715369,29.09430196457598,11.78457014,4.960822423861089,156.75053412435548,-80.0,15.5996188833238,-77.75911323539815,-80.0,lines.txt
5677,245,7,177,True,-2.3567373238859526,-68.98222869399893,95.3748716297211,2,190,0.38803326105736274,0.7760665221147186,48,6,bottom_right,-110.5,-38.0,290.5,2,5.721487434488368,-0.4599694130510144,0.04199720727857088,0.8869410203831517,1,0,0.8517002589507829,0.3880332610573641,0.013998453256368037,0.004999447591560013,0.9998895183120026,28.28346522957628,7.03200437,2.914689581050618,175.39424948246898,-80.0,-4.811985526702048,-69.85910305214755,-80.0,lines.txt
5684,245,7,301,True,0.8186933671304422,-70.69823086054524,116.1950599433948,2,136,0.3203862351268013,0.640772470253595,18,10,bottom_left,110.5,-38.0,290.5,1,5.182671897736454,0.5289878334197454,0.06699845905316246,0.8459805426712752,2,0,0.6922738486001456,0.320386235126795,-0.010999197087917804,0.004999635039962639,0.9999270079925276,32.81388315469173,7.32514503,3.333435952240044,196.20938166004706,-80.0,2.976839026507785,-71.67920616026221,-80.0,lines.txt
5687,245,7,354,True,-6.947515501080197,-80.16627440725297,87.38044860710616,2,105,2.0358167189541567,4.0716334379083134,54,9,bottom_right,74.0,-37.75,290.5,1,25.372299918201165,-0.02099527659408973,-0.002999325227727104,0.9997750759090347,2,0,7.107106608883826,2.0358167189541585,0.013004148985395095,-0.12303925578489207,0.9923165995009181,7.165764940658408,11.53668609,3.7668330901508464,168.6764573839534,-80.0,-9.141009283229774,-59.41244862229928,-80.0,lines.txt
5689,245,7,368,True,-6.391168386022846,-75.78052875230334,72.02794379179736,2,104,0.008038848301378958,0.016077696602758845,31,5,top_right,135.5,-74.25,290.5,2,6.442698722769876,0.549731521711457,-0.1059482569116626,0.828595329997814,1,0,3.254767344600017,0.008038848301378135,-0.055021324895896576,0.014005428155319128,0.9983869499291778,37.294849025960374,9.89218644,5.024187956912535,152.2735686825451,-80.0,1.9871251095170894,-77.91318527844078,-80.0,lines.txt
5695,245,7,498,True,2.7717818015669002,-78.009501471851,36.619420794629036,2,122,0.593389751467454,1.186779502934907,57,1,top_left,-135.5,-74.25,290.5,2,4.418096156104194,-0.5121531566942016,-0.0530158541109232,0.8572563579822865,1,0,9.03478128787973,0.5933897514674596,0.1459398851484283,0.057976118757594806,0.9875931953879943,39.75345072247047,14.84552829,8.073272940343935,118.08447176351082,-80.0,-14.461452445412691,-84.85558083024014,-80.0,lines.txt
5696,245,7,534,True,9.106243153105318,-74.61510525098453,106.52804199619649,3,167,1.9489646576634583,0.16901586789082662,31,5,top_right,135.5,-74.25,290.5,2,4.551219673600071,0.5510170817943076,-0.07600235610955967,0.8310257621979484,1,0,2.6758974793837265,0.08450793394540056,0.045995837565042025,-0.00799927609826818,0.9989096027712389,31.121624969950684,7.52914834,3.302247922372611,186.7316536738845,-80.0,0.5173643424696444,-73.12138719696094,-80.0,lines.txt
5706,245,7,713,True,-6.796694055817781,-72.28694460742243,102.02249157591515,2,152,0.036705190589245956,0.07341038117849849,46,2,top_right,-49.0,-74.25,290.5,2,1.826287541289672,-0.21991326132423794,-0.04198344079826361,0.9746155899596909,1,0,1.5036007378658756,0.036705190589247594,0.007997245423345786,-0.024991391947955584,0.9996556779182233,13.202100032670725,6.78338737,2.3003623749711815,182.08518752674507,-80.0,-8.252873988425103,-67.73638231802455,-80.0,lines.txt
5717,245,7,852,True,3.4919358051762073,-66.62911548092586,38.57605730634313,2,99,1.8595756422862109,3.719151284572414,48,6,bottom_right,-110.5,-38.0,290.5,2,3.145875406286141,-0.42007625075989746,0.049008895921988045,0.9061644837820646,1,0,7.359920659953207,1.859575642286218,0.12696940405998816,-0.01699590448047086,0.9917610143898289,32.378511436898194,14.94897715,6.73700703247354,119.56111965068104,-80.0,-11.688668305615703,-64.59706611176473,-80.0,lines.txt
5720,245,7,873,True,-6.294470311651827,-75.7889631040683,99.48039956535875,2,97,0.7273063173761861,1.454612634752371,18,10,bottom_left,110.5,-38.0,290.5,2,3.4248805213672915,0.4639487364967692,0.18697933992434448,0.8659043228581943,1,0,1.2563931306579004,0.7273063173761729,-0.014996393800884196,-0.01599615338760981,0.9997595867256132,31.157570792433997,6.92800593,3.0408941899553024,179.5235594121066,-80.0,-3.6022643181714455,-72.91727671102257,-80.00000000000001,lines.txt
5731,245,7,1095,True,4.9555803801506535,-79.91931538127429,30.122500174600262,2,68,2.4108549571197266,4.821709914239452,48,6,bottom_right,-110.5,-38.0,290.5,2,1.2245322974164932,-0.3831337370154013,0.13804818722748144,0.9133188039035546,1,0,9.354146683818461,2.4108549571197257,0.15295389135158874,-0.054983424995669154,0.9867025540131901,33.38605287840654,14.74928259,6.799881058243682,111.60658267955407,-80.0,-12.115080741139966,-73.78280321349008,-80.0,lines.txt
5733,245,7,1133,True,2.945181585096985,-77.91738688590878,75.58162906209313,2,76,1.2346175045951662,2.4692350091903346,29,6,top_right,-110.5,-13.0,290.5,1,31.505050973567446,0.008999271088561543,0.008999271088561543,0.9999190098401716,2,0,9.855389248361991,1.2346175045951688,0.12102983753288114,-0.12102983753288114,0.9852428923131235,9.882064542562265,6.56854821,2.1753923597784524,157.9119527539278,-80.0,-16.1668764012109,-58.805328899600894,-80.0,lines.txt
5737,245,7,1233,True,-0.7833347490053346,-74.73681572102055,113.0844475525877,3,154,1.6923052990495988,1.0370726857471653,37,5,top_left,110.5,-74.25,290.5,1,32.67072587391873,-0.009999480040556485,0.001999896008111297,0.9999480040556485,2,0,1.024828756779973,0.5185363428735836,-0.01599744061423621,0.007998720307118104,0.9998400383897629,0.48608137502376836,5.91560131,1.9015801383322413,193.11533859311055,-80.0,2.3060164118360693,-76.28149130144125,-80.0,lines.txt
5746,245,7,1427,True,-6.314682185409886,-74.87658742225047,55.57081825841825,2,109,0.06240532422331253,0.12481064844661804,59,9,top_right,74.0,-12.75,290.5,2,5.1353893047778625,0.287999856000108,0.1609999195000604,0.943999528000354,1,0,3.71585662065606,0.06240532422331339,-0.03999590063026733,-0.05099477330359085,0.9978977207251699,22.737397363458047,13.86986991,5.24113835759342,135.8564264080083,-80.0,-0.8809820548119589,-67.94861975573811,-80.0,lines.txt
5750,245,7,1445,True,4.840371730120921,-72.66788614615999,49.99547254421354,2,83,1.2455313266766719,2.4910626533533513,17,7,top_left,-74.0,-12.75,290.5,2,23.32974632812093,0.041982077478558394,0.03298591801886731,0.9985737000257102,1,0,10.35708428156895,1.2455313266766674,0.14595643850368992,-0.10496867152662631,0.9837064074495265,9.946849718905078,15.72126632,5.20867662724587,132.14864878358898,-80.0,-14.447574399406701,-58.79641803930793,-80.00000000000001,lines.txt
5759,245,7,1545,True,1.817474843219499,-74.50216607839398,51.566925983651615,2,133,0.4395923926081658,0.8791847852163245,24,7,bottom_left,-74.0,-37.75,290.5,2,5.7858517177268585,-0.3111015912570265,0.04501469969956975,0.9493100003309265,1,0,6.880351424468637,0.43959239260816346,0.11897585035331867,0.013997158865096315,0.9927984823600458,25.029505877291548,16.44828028,6.439650140006213,132.52128032155665,-80.0,-13.94935717294822,-76.35708749206077,-80.00000000000001,lines.txt
5780,245,7,1874,True,-1.4069684387660883,-70.50200672906988,130.15858044001394,2,93,0.4103569520749494,0.8207139041498908,46,2,top_right,-49.0,-74.25,290.5,2,3.237883376976479,-0.2929791992152574,-0.07799446258972723,0.9529323442052569,1,0,0.5757960731090369,0.4103569520749557,0.0009999495038250533,0.009999495038250532,0.9999495038250531,17.859512816162987,6.91033973,2.451783476043362,210.16919318036122,-80.0,-1.6171270192061022,-72.60359253347002,-80.0,lines.txt
5795,245,7,2057,True,3.3763983219742952,-69.7630010132145,25.1220654163177,2,89,0.21152980696897017,0.4230596139379402,12,10,top_left,110.5,-13.0,290.5,2,4.202461328823899,0.33186645062502834,0.13494569528427358,0.9336242918186038,1,0,9.502922080810105,0.21152980696898122,-0.1490418866560526,-0.07101995941328682,0.9862771828380394,30.484492614591357,18.69129554,8.08992827111742,106.58470787474378,-80.0,19.261984272310336,-62.19335938587317,-80.0,lines.txt
5809,245,7,2315,True,2.612887689940891,-71.81217472203717,55.21047694410646,2,80,0.27569254269485266,0.5513850853897121,46,2,top_right,-49.0,-74.25,290.5,2,6.082479498999284,-0.20995832740760398,-0.11597698085372411,0.9708073138703974,1,0,4.183003611521452,0.2756925426948509,0.04901652135201268,0.05401820720425887,0.9973361589378906,17.886845973392983,12.49070069,4.433055189203884,135.5716181874909,-80.0,-4.032361427673169,-79.13551048430573,-80.0,lines.txt
