event_id,Run,Subrun,OriginalEvent,HitNumber,Zone,SiChan,DetectorID,Quadrant,raw_eSi_ADC,raw_amplitude_positive_ADC,cal_intercept_MeV,cal_slope_MeV_per_ADC,E_a_linear_MeV,E_Si_corrected_MeV,vertex_x_mm,vertex_y_mm,vertex_z_mm,Si_x_mm,Si_y_mm,Si_z_mm,gas_path_mm,gas_energy_loss_MeV,E_kinetic_alpha_vertex_MeV,si_thickness_um_metadata,detector_y_offset_mm,detector_z_offset_mm,SRIM_step_mm,psi_tracks_deg,theta_tracks_deg,phi_tracks_deg,TrackSourceFile,TrackSourceRow
5,226,1,101,0,r,54,9,bottom_right,-430.65503000,430.65503000,0.13288400,0.00794930,3.55629003,3.47010797,4.16201482,-67.66697350,121.99569600,74.00000000,-37.75000000,290.50000000,184.84066096,3.01613646,6.48624443,650.00000000,0.00000000,0.00000000,0.10000000,20.219582,19.347784,5.989126,tracks_run_0226.dat.17-04-18_22h01m33s.1.csv,60
5,226,1,101,1,c,54,9,bottom_right,-430.65503000,430.65503000,0.13288400,0.00794930,3.55629003,3.47010797,4.16201482,-67.66697350,121.99569600,74.00000000,-37.75000000,290.50000000,184.84066096,3.01613646,6.48624443,650.00000000,0.00000000,0.00000000,0.10000000,1.353960,-1.273477,0.459889,tracks_run_0226.dat.17-04-18_22h01m33s.1.csv,61
25,226,1,435,0,l,57,1,top_left,-823.04070000,823.04070000,0.18811800,0.00790992,6.69830409,7.07535800,-6.34381896,-69.46641200,82.40691950,-135.50000000,-74.25000000,290.50000000,244.96312369,2.68901988,9.76437788,650.00000000,0.00000000,0.00000000,0.10000000,31.678796,-30.706803,-8.198047,tracks_run_0226.dat.17-04-18_22h01m33s.1.csv,303
25,226,1,435,1,c,57,1,top_left,-823.04070000,823.04070000,0.18811800,0.00790992,6.69830409,7.07535800,-6.34381896,-69.46641200,82.40691950,-135.50000000,-74.25000000,290.50000000,244.96312369,2.68901988,9.76437788,650.00000000,0.00000000,0.00000000,0.10000000,4.126550,3.485052,2.211077,tracks_run_0226.dat.17-04-18_22h01m33s.1.csv,304
26,226,1,444,0,r,37,5,top_left,-338.42010000,338.42010000,0.15591400,0.00610310,2.22132571,1.94848634,-7.77793152,-66.98498520,92.63198440,110.50000000,-74.25000000,290.50000000,230.63868089,4.33108010,6.27956644,650.00000000,0.00000000,0.00000000,0.10000000,29.805771,28.381457,-9.508323,tracks_run_0226.dat.17-04-18_22h01m33s.1.csv,312
26,226,1,444,1,c,37,5,top_left,-338.42010000,338.42010000,0.15591400,0.00610310,2.22132571,1.94848634,-7.77793152,-66.98498520,92.63198440,110.50000000,-74.25000000,290.50000000,230.63868089,4.33108010,6.27956644,650.00000000,0.00000000,0.00000000,0.10000000,1.663712,-1.008496,1.323274,tracks_run_0226.dat.17-04-18_22h01m33s.1.csv,313
29,226,1,466,0,r,59,9,top_right,-513.02203000,513.02203000,0.14848600,0.00807829,4.29282673,4.31222242,3.04243533,-75.20670130,116.86719100,74.00000000,-12.75000000,290.50000000,197.69716205,2.89380499,7.20602742,650.00000000,0.00000000,0.00000000,0.10000000,23.082039,20.511511,10.822039,tracks_run_0226.dat.17-04-18_22h01m33s.1.csv,326
29,226,1,466,1,c,59,9,top_right,-513.02203000,513.02203000,0.14848600,0.00807829,4.29282673,4.31222242,3.04243533,-75.20670130,116.86719100,74.00000000,-12.75000000,290.50000000,197.69716205,2.89380499,7.20602742,650.00000000,0.00000000,0.00000000,0.10000000,1.165425,-0.222571,-1.143977,tracks_run_0226.dat.17-04-18_22h01m33s.1.csv,327
30,226,1,476,0,r,37,5,top_left,-276.70914000,276.70914000,0.15591400,0.00610310,1.84469755,1.52029318,-5.20131728,-72.35105900,125.30500700,110.50000000,-74.25000000,290.50000000,201.69230652,4.16064181,5.68093499,650.00000000,0.00000000,0.00000000,0.10000000,32.587192,30.923982,-10.829256,tracks_run_0226.dat.17-04-18_22h01m33s.1.csv,335
30,226,1,476,1,c,37,5,top_left,-276.70914000,276.70914000,0.15591400,0.00610310,1.84469755,1.52029318,-5.20131728,-72.35105900,125.30500700,110.50000000,-74.25000000,290.50000000,201.69230652,4.16064181,5.68093499,650.00000000,0.00000000,0.00000000,0.10000000,2.241060,-0.925091,2.041304,tracks_run_0226.dat.17-04-18_22h01m33s.1.csv,336
41,226,1,673,0,r,67,9,bottom_left,-792.05970000,792.05970000,0.14348100,0.00802875,6.50273032,6.84997061,-6.51379476,-76.38536080,81.23565950,49.00000000,-37.75000000,290.50000000,219.92279718,2.48775954,9.33773015,650.00000000,0.00000000,0.00000000,0.10000000,18.592905,17.369246,6.738414,tracks_run_0226.dat.17-04-18_22h01m33s.1.csv,468
41,226,1,673,1,c,67,9,bottom_left,-792.05970000,792.05970000,0.14348100,0.00802875,6.50273032,6.84997061,-6.51379476,-76.38536080,81.23565950,49.00000000,-37.75000000,290.50000000,219.92279718,2.48775954,9.33773015,650.00000000,0.00000000,0.00000000,0.10000000,15.887811,2.544851,15.687860,tracks_run_0226.dat.17-04-18_22h01m33s.1.csv,469
45,226,1,763,0,r,18,10,bottom_left,-1765.81020000,1765.81020000,0.21264900,0.00771957,13.84394445,15.39947038,3.57899717,-66.55788730,41.70501180,110.50000000,-38.00000000,290.50000000,272.29873288,1.77771900,17.17718938,650.00000000,0.00000000,0.00000000,0.10000000,21.451780,21.415804,1.272116,tracks_run_0226.dat.17-04-18_22h01m33s.1.csv,538
45,226,1,763,1,c,18,10,bottom_left,-1765.81020000,1765.81020000,0.21264900,0.00771957,13.84394445,15.39947038,3.57899717,-66.55788730,41.70501180,110.50000000,-38.00000000,290.50000000,272.29873288,1.77771900,17.17718938,650.00000000,0.00000000,0.00000000,0.10000000,7.693977,-7.637522,0.933115,tracks_run_0226.dat.17-04-18_22h01m33s.1.csv,539
47,226,1,803,0,r,67,9,bottom_left,-343.77650000,343.77650000,0.14348100,0.00802875,2.90357657,2.72537382,-2.56811880,-65.02198490,124.51817600,49.00000000,-37.75000000,290.50000000,175.93464109,3.18545223,5.91082604,650.00000000,0.00000000,0.00000000,0.10000000,12.255403,12.247868,0.433003,tracks_run_0226.dat.17-04-18_22h01m33s.1.csv,570
47,226,1,803,1,c,67,9,bottom_left,-343.77650000,343.77650000,0.14348100,0.00802875,2.90357657,2.72537382,-2.56811880,-65.02198490,124.51817600,49.00000000,-37.75000000,290.50000000,175.93464109,3.18545223,5.91082604,650.00000000,0.00000000,0.00000000,0.10000000,4.313166,-1.748275,3.943572,tracks_run_0226.dat.17-04-18_22h01m33s.1.csv,571
48,226,1,810,0,l,57,1,top_left,-307.91397000,307.91397000,0.18811800,0.00790992,2.62369287,2.40647534,-0.05126656,-75.66581060,101.99662500,-135.50000000,-74.25000000,290.50000000,232.12472142,4.10956603,6.51604137,650.00000000,0.00000000,0.00000000,0.10000000,34.491153,-34.333261,-3.519450,tracks_run_0226.dat.17-04-18_22h01m33s.1.csv,577
48,226,1,810,1,c,57,1,top_left,-307.91397000,307.91397000,0.18811800,0.00790992,2.62369287,2.40647534,-0.05126656,-75.66581060,101.99662500,-135.50000000,-74.25000000,290.50000000,232.12472142,4.10956603,6.51604137,650.00000000,0.00000000,0.00000000,0.10000000,1.579906,1.237522,0.982239,tracks_run_0226.dat.17-04-18_22h01m33s.1.csv,578
65,226,1,1043,0,l,10,7,top_right,-291.50327000,291.50327000,0.21208800,0.00810101,2.57355891,2.34938101,-0.44640137,-74.84883300,124.51002600,-49.00000000,-12.75000000,290.50000000,183.75632906,3.46556311,5.81494412,650.00000000,0.00000000,0.00000000,0.10000000,23.975317,-20.543505,12.637452,tracks_run_0226.dat.17-04-18_22h01m33s.1.csv,733
65,226,1,1043,1,c,10,7,top_right,-291.50327000,291.50327000,0.21208800,0.00810101,2.57355891,2.34938101,-0.44640137,-74.84883300,124.51002600,-49.00000000,-12.75000000,290.50000000,183.75632906,3.46556311,5.81494412,650.00000000,0.00000000,0.00000000,0.10000000,0.963765,-0.888751,-0.372795,tracks_run_0226.dat.17-04-18_22h01m33s.1.csv,734
67,226,1,1051,0,r,67,9,bottom_left,-1148.58540000,1148.58540000,0.14348100,0.00802875,9.36518603,10.16176162,-3.77755689,-82.41149610,70.33141160,49.00000000,-37.75000000,290.50000000,230.76899069,2.02824599,12.19000761,650.00000000,0.00000000,0.00000000,0.10000000,17.281281,15.847031,6.983221,tracks_run_0226.dat.17-04-18_22h01m33s.1.csv,740
67,226,1,1051,1,c,67,9,bottom_left,-1148.58540000,1148.58540000,0.14348100,0.00802875,9.36518603,10.16176162,-3.77755689,-82.41149610,70.33141160,49.00000000,-37.75000000,290.50000000,230.76899069,2.02824599,12.19000761,650.00000000,0.00000000,0.00000000,0.10000000,4.498277,-3.611082,-2.684051,tracks_run_0226.dat.17-04-18_22h01m33s.1.csv,741
81,226,1,1265,0,r,31,5,top_right,-1823.04260000,1823.04260000,0.16255800,0.00607500,11.23754180,12.34310222,-1.26999882,-75.46093250,32.14805570,135.50000000,-74.25000000,290.50000000,292.32383765,2.22130301,14.56440522,650.00000000,0.00000000,0.00000000,0.10000000,24.972524,24.729425,-3.590745,tracks_run_0226.dat.17-04-18_22h01m33s.1.csv,896
81,226,1,1265,1,c,31,5,top_right,-1823.04260000,1823.04260000,0.16255800,0.00607500,11.23754180,12.34310222,-1.26999882,-75.46093250,32.14805570,135.50000000,-74.25000000,290.50000000,292.32383765,2.22130301,14.56440522,650.00000000,0.00000000,0.00000000,0.10000000,8.556671,-8.441103,1.406677,tracks_run_0226.dat.17-04-18_22h01m33s.1.csv,897
82,226,1,1269,0,l,46,2,top_right,-365.70780000,365.70780000,0.13780700,0.00799780,3.06266484,2.90675713,-2.27334074,-63.41027890,83.44968130,-49.00000000,-74.25000000,290.50000000,212.53403189,3.61245782,6.51921495,650.00000000,0.00000000,0.00000000,0.10000000,18.270218,-14.963775,-10.604750,tracks_run_0226.dat.17-04-18_22h01m33s.1.csv,901
82,226,1,1269,1,c,46,2,top_right,-365.70780000,365.70780000,0.13780700,0.00799780,3.06266484,2.90675713,-2.27334074,-63.41027890,83.44968130,-49.00000000,-74.25000000,290.50000000,212.53403189,3.61245782,6.51921495,650.00000000,0.00000000,0.00000000,0.10000000,1.383370,0.128892,1.377353,tracks_run_0226.dat.17-04-18_22h01m33s.1.csv,902
89,226,1,1312,0,r,37,5,top_left,-861.18720000,861.18720000,0.15591400,0.00610310,5.41182560,5.59515228,-3.36615590,-72.93082300,96.08291760,110.50000000,-74.25000000,290.50000000,225.31143694,2.84066763,8.43581991,650.00000000,0.00000000,0.00000000,0.10000000,29.592469,28.519114,-8.252338,tracks_run_0226.dat.17-04-18_22h01m33s.1.csv,930
89,226,1,1312,1,c,37,5,top_left,-861.18720000,861.18720000,0.15591400,0.00610310,5.41182560,5.59515228,-3.36615590,-72.93082300,96.08291760,110.50000000,-74.25000000,290.50000000,225.31143694,2.84066763,8.43581991,650.00000000,0.00000000,0.00000000,0.10000000,3.916583,-3.547933,1.659915,tracks_run_0226.dat.17-04-18_22h01m33s.1.csv,931
97,226,1,1434,0,r,37,5,top_left,-282.69687000,282.69687000,0.15591400,0.00610310,1.88124127,1.56181905,-3.60397565,-81.74318580,117.80991400,110.50000000,-74.25000000,290.50000000,207.11767403,4.21642511,5.77824416,650.00000000,0.00000000,0.00000000,0.10000000,33.193069,33.087895,-2.804567,tracks_run_0226.dat.17-04-18_22h01m33s.1.csv,1027
97,226,1,1434,1,c,37,5,top_left,-282.69687000,282.69687000,0.15591400,0.00610310,1.88124127,1.56181905,-3.60397565,-81.74318580,117.80991400,110.50000000,-74.25000000,290.50000000,207.11767403,4.21642511,5.77824416,650.00000000,0.00000000,0.00000000,0.10000000,1.279851,-1.142657,-0.576539,tracks_run_0226.dat.17-04-18_22h01m33s.1.csv,1028
101,226,1,1452,0,l,57,1,top_left,-904.08790000,904.08790000,0.18811800,0.00790992,7.33938096,7.81507356,-1.52827620,-65.20178720,73.25253980,-135.50000000,-74.25000000,290.50000000,255.39528558,2.63201456,10.44708812,650.00000000,0.00000000,0.00000000,0.10000000,32.805471,-31.499679,-9.675397,tracks_run_0226.dat.17-04-18_22h01m33s.1.csv,1043
101,226,1,1452,1,c,57,1,top_left,-904.08790000,904.08790000,0.18811800,0.00790992,7.33938096,7.81507356,-1.52827620,-65.20178720,73.25253980,-135.50000000,-74.25000000,290.50000000,255.39528558,2.63201456,10.44708812,650.00000000,0.00000000,0.00000000,0.10000000,4.753874,3.603382,3.102847,tracks_run_0226.dat.17-04-18_22h01m33s.1.csv,1044
102,226,1,1473,0,l,48,6,bottom_right,-1287.81370000,1287.81370000,0.19111700,0.00777749,10.20707517,11.14110840,3.88035641,-70.30914900,66.39216870,-110.50000000,-38.00000000,290.50000000,253.67512115,2.08400824,13.22511664,650.00000000,0.00000000,0.00000000,0.10000000,26.928396,-26.628644,4.161679,tracks_run_0226.dat.17-04-18_22h01m33s.1.csv,1054
102,226,1,1473,1,c,48,6,bottom_right,-1287.81370000,1287.81370000,0.19111700,0.00777749,10.20707517,11.14110840,3.88035641,-70.30914900,66.39216870,-110.50000000,-38.00000000,290.50000000,253.67512115,2.08400824,13.22511664,650.00000000,0.00000000,0.00000000,0.10000000,4.579717,4.562576,-0.396280,tracks_run_0226.dat.17-04-18_22h01m33s.1.csv,1055
103,226,1,1480,0,l,41,6,bottom_left,-378.86487000,378.86487000,0.32119500,0.00785352,3.29661783,3.17365322,1.35010028,-67.78384380,95.20659040,-135.50000000,-38.00000000,290.50000000,240.32174919,3.85448850,7.02814173,650.00000000,0.00000000,0.00000000,0.10000000,33.381500,-33.152266,4.149485,tracks_run_0226.dat.17-04-18_22h01m33s.1.csv,1061
103,226,1,1480,1,c,41,6,bottom_left,-378.86487000,378.86487000,0.32119500,0.00785352,3.29661783,3.17365322,1.35010028,-67.78384380,95.20659040,-135.50000000,-38.00000000,290.50000000,240.32174919,3.85448850,7.02814173,650.00000000,0.00000000,0.00000000,0.10000000,1.796402,1.229266,1.310049,tracks_run_0226.dat.17-04-18_22h01m33s.1.csv,1062
108,226,1,1563,0,l,33,2,bottom_left,-424.12323000,424.12323000,0.17892400,0.00797561,3.56156547,3.47613306,4.44561998,-71.70955110,103.27345300,-74.00000000,-99.25000000,290.50000000,204.85597751,3.27725668,6.75338974,650.00000000,0.00000000,0.00000000,0.10000000,24.905580,-22.866112,-10.147186,tracks_run_0226.dat.17-04-18_22h01m33s.1.csv,1123
108,226,1,1563,1,c,33,2,bottom_left,-424.12323000,424.12323000,0.17892400,0.00797561,3.56156547,3.47613306,4.44561998,-71.70955110,103.27345300,-74.00000000,-99.25000000,290.50000000,204.85597751,3.27725668,6.75338974,650.00000000,0.00000000,0.00000000,0.10000000,2.593178,2.090241,1.535093,tracks_run_0226.dat.17-04-18_22h01m33s.1.csv,1124
110,226,1,1614,0,l,48,6,bottom_right,-469.63797000,469.63797000,0.19111700,0.00777749,3.84372162,3.79852156,-0.41773697,-73.31918370,110.23707800,-110.50000000,-38.00000000,290.50000000,214.15011188,3.27433672,7.07285828,650.00000000,0.00000000,0.00000000,0.10000000,27.287909,-26.748804,5.608188,tracks_run_0226.dat.17-04-18_22h01m33s.1.csv,1150
110,226,1,1614,1,c,48,6,bottom_right,-469.63797000,469.63797000,0.19111700,0.00777749,3.84372162,3.79852156,-0.41773697,-73.31918370,110.23707800,-110.50000000,-38.00000000,290.50000000,214.15011188,3.27433672,7.07285828,650.00000000,0.00000000,0.00000000,0.10000000,1.376185,1.202101,-0.670003,tracks_run_0226.dat.17-04-18_22h01m33s.1.csv,1151
122,226,1,1777,0,l,46,2,top_right,-1373.39210000,1373.39210000,0.13780700,0.00799780,11.12192234,12.20805741,2.34781778,-76.90232050,65.69190410,-49.00000000,-74.25000000,290.50000000,230.61290765,1.78922040,13.99727780,650.00000000,0.00000000,0.00000000,0.10000000,14.977569,-13.460918,-6.628986,tracks_run_0226.dat.17-04-18_22h01m33s.1.csv,1264
122,226,1,1777,1,c,46,2,top_right,-1373.39210000,1373.39210000,0.13780700,0.00799780,11.12192234,12.20805741,2.34781778,-76.90232050,65.69190410,-49.00000000,-74.25000000,290.50000000,230.61290765,1.78922040,13.99727780,650.00000000,0.00000000,0.00000000,0.10000000,1.860398,1.776837,0.551390,tracks_run_0226.dat.17-04-18_22h01m33s.1.csv,1265
123,226,1,1788,0,l,29,6,top_right,-1837.07500000,1837.07500000,0.22227000,0.00759729,14.17906153,15.79411736,1.01543983,-72.62180620,22.99575350,-110.50000000,-13.00000000,290.50000000,295.88676042,1.89004328,17.68416064,650.00000000,0.00000000,0.00000000,0.10000000,22.935465,-21.380865,8.502110,tracks_run_0226.dat.17-04-18_22h01m33s.1.csv,1273
123,226,1,1788,1,c,29,6,top_right,-1837.07500000,1837.07500000,0.22227000,0.00759729,14.17906153,15.79411736,1.01543983,-72.62180620,22.99575350,-110.50000000,-13.00000000,290.50000000,295.88676042,1.89004328,17.68416064,650.00000000,0.00000000,0.00000000,0.10000000,8.816590,8.178290,-3.304865,tracks_run_0226.dat.17-04-18_22h01m33s.1.csv,1274
127,226,1,1817,0,r,67,9,bottom_left,-310.47460000,310.47460000,0.14348100,0.00802875,2.63620394,2.42072473,3.07542207,-72.73030090,142.26154900,49.00000000,-37.75000000,290.50000000,159.08276671,3.06742739,5.48815212,650.00000000,0.00000000,0.00000000,0.10000000,12.166476,11.616357,3.642211,tracks_run_0226.dat.17-04-18_22h01m33s.1.csv,1297
127,226,1,1817,1,c,67,9,bottom_left,-310.47460000,310.47460000,0.14348100,0.00802875,2.63620394,2.42072473,3.07542207,-72.73030090,142.26154900,49.00000000,-37.75000000,290.50000000,159.08276671,3.06742739,5.48815212,650.00000000,0.00000000,0.00000000,0.10000000,3.315963,-2.396998,2.291959,tracks_run_0226.dat.17-04-18_22h01m33s.1.csv,1298
129,226,1,1845,0,l,39,2,bottom_right,-500.83948000,500.83948000,0.17611000,0.00802446,4.19507637,4.20035403,-3.44045611,-76.02016370,135.54063100,-49.00000000,-99.25000000,290.50000000,163.17997235,2.49023315,6.69058718,650.00000000,0.00000000,0.00000000,0.10000000,19.597315,-15.353209,-12.328848,tracks_run_0226.dat.17-04-18_22h01m33s.1.csv,1326
129,226,1,1845,1,c,39,2,bottom_right,-500.83948000,500.83948000,0.17611000,0.00802446,4.19507637,4.20035403,-3.44045611,-76.02016370,135.54063100,-49.00000000,-99.25000000,290.50000000,163.17997235,2.49023315,6.69058718,650.00000000,0.00000000,0.00000000,0.10000000,0.297383,0.182042,0.235154,tracks_run_0226.dat.17-04-18_22h01m33s.1.csv,1327
146,226,1,2008,0,r,37,5,top_left,-1216.51260000,1216.51260000,0.15591400,0.00610310,7.58041205,8.09355212,0.66311306,-77.24405950,60.64855040,110.50000000,-74.25000000,290.50000000,254.76419491,2.57170100,10.66525311,650.00000000,0.00000000,0.00000000,0.10000000,26.569592,25.969066,-5.822941,tracks_run_0226.dat.17-04-18_22h01m33s.1.csv,1461
146,226,1,2008,1,c,37,5,top_left,-1216.51260000,1216.51260000,0.15591400,0.00610310,7.58041205,8.09355212,0.66311306,-77.24405950,60.64855040,110.50000000,-74.25000000,290.50000000,254.76419491,2.57170100,10.66525311,650.00000000,0.00000000,0.00000000,0.10000000,5.405018,-4.995461,2.066498,tracks_run_0226.dat.17-04-18_22h01m33s.1.csv,1462
147,226,1,2010,0,r,67,9,bottom_left,-1224.20970000,1224.20970000,0.14348100,0.00802875,9.97235463,10.86782209,0.20596895,-65.51873970,60.96047570,49.00000000,-37.75000000,290.50000000,236.30563596,1.98271733,12.85053942,650.00000000,0.00000000,0.00000000,0.10000000,9.573467,9.549866,0.674952,tracks_run_0226.dat.17-04-18_22h01m33s.1.csv,1463
147,226,1,2010,1,c,67,9,bottom_left,-1224.20970000,1224.20970000,0.14348100,0.00802875,9.97235463,10.86782209,0.20596895,-65.51873970,60.96047570,49.00000000,-37.75000000,290.50000000,236.30563596,1.98271733,12.85053942,650.00000000,0.00000000,0.00000000,0.10000000,1.409098,-1.259863,0.631161,tracks_run_0226.dat.17-04-18_22h01m33s.1.csv,1464
178,226,1,2502,0,l,48,6,bottom_right,-628.27234000,628.27234000,0.19111700,0.00777749,5.07749884,5.21140138,-7.49570314,-81.19402810,91.04174510,-110.50000000,-38.00000000,290.50000000,228.60272239,2.98377753,8.19517892,650.00000000,0.00000000,0.00000000,0.10000000,28.960561,-27.547349,9.308645,tracks_run_0226.dat.17-04-18_22h01m33s.1.csv,1833
178,226,1,2502,1,c,48,6,bottom_right,-628.27234000,628.27234000,0.19111700,0.00777749,5.07749884,5.21140138,-7.49570314,-81.19402810,91.04174510,-110.50000000,-38.00000000,290.50000000,228.60272239,2.98377753,8.19517892,650.00000000,0.00000000,0.00000000,0.10000000,1.847107,1.307925,-1.304389,tracks_run_0226.dat.17-04-18_22h01m33s.1.csv,1834
185,226,1,2607,0,l,41,6,bottom_left,-336.92996000,336.92996000,0.32119500,0.00785352,2.96728118,2.79799582,-5.54563219,-61.43674830,100.82594800,-135.50000000,-38.00000000,290.50000000,231.11396515,3.90644898,6.70444481,650.00000000,0.00000000,0.00000000,0.10000000,31.090799,-31.062390,1.400650,tracks_run_0226.dat.17-04-18_22h01m33s.1.csv,1909
185,226,1,2607,1,c,41,6,bottom_left,-336.92996000,336.92996000,0.32119500,0.00785352,2.96728118,2.79799582,-5.54563219,-61.43674830,100.82594800,-135.50000000,-38.00000000,290.50000000,231.11396515,3.90644898,6.70444481,650.00000000,0.00000000,0.00000000,0.10000000,2.113490,-2.104614,0.193538,tracks_run_0226.dat.17-04-18_22h01m33s.1.csv,1910
198,226,1,2792,0,l,57,1,top_left,-1406.96550000,1406.96550000,0.18811800,0.00790992,11.31710255,12.43605646,-4.24467997,-69.92743370,25.79658830,-135.50000000,-74.25000000,290.50000000,295.49033788,2.23246753,14.66852398,650.00000000,0.00000000,0.00000000,0.10000000,25.898960,-25.505605,-4.655282,tracks_run_0226.dat.17-04-18_22h01m33s.1.csv,2053
198,226,1,2792,1,c,57,1,top_left,-1406.96550000,1406.96550000,0.18811800,0.00790992,11.31710255,12.43605646,-4.24467997,-69.92743370,25.79658830,-135.50000000,-74.25000000,290.50000000,295.49033788,2.23246753,14.66852398,650.00000000,0.00000000,0.00000000,0.10000000,12.728974,-0.413972,12.722352,tracks_run_0226.dat.17-04-18_22h01m33s.1.csv,2054
233,226,1,3238,0,l,10,7,top_right,-1231.42640000,1231.42640000,0.21208800,0.00810101,10.18788558,11.11875883,4.23147669,-65.41705410,68.53471690,-49.00000000,-12.75000000,290.50000000,234.25626053,1.93646608,13.05522491,650.00000000,0.00000000,0.00000000,0.10000000,17.477992,-13.697585,10.961745,tracks_run_0226.dat.17-04-18_22h01m33s.1.csv,2365
233,226,1,3238,1,c,10,7,top_right,-1231.42640000,1231.42640000,0.21208800,0.00810101,10.18788558,11.11875883,4.23147669,-65.41705410,68.53471690,-49.00000000,-12.75000000,290.50000000,234.25626053,1.93646608,13.05522491,650.00000000,0.00000000,0.00000000,0.10000000,1.556524,-1.159253,1.038771,tracks_run_0226.dat.17-04-18_22h01m33s.1.csv,2366
238,226,1,3351,0,r,12,10,top_left,-914.48570000,914.48570000,0.20128800,0.00769076,7.23437804,7.69381877,3.12519874,-79.82816560,66.20978260,110.50000000,-13.00000000,290.50000000,257.49068582,2.67619925,10.37001802,650.00000000,0.00000000,0.00000000,0.10000000,29.908701,26.565051,14.272219,tracks_run_0226.dat.17-04-18_22h01m33s.1.csv,2451
238,226,1,3351,1,c,12,10,top_left,-914.48570000,914.48570000,0.20128800,0.00769076,7.23437804,7.69381877,3.12519874,-79.82816560,66.20978260,110.50000000,-13.00000000,290.50000000,257.49068582,2.67619925,10.37001802,650.00000000,0.00000000,0.00000000,0.10000000,3.980534,-3.112611,-2.482411,tracks_run_0226.dat.17-04-18_22h01m33s.1.csv,2452
244,226,1,3431,0,r,67,9,bottom_left,-624.69030000,624.69030000,0.14348100,0.00802875,5.15896325,5.30487380,0.67475352,-80.85017480,124.83063100,49.00000000,-37.75000000,290.50000000,177.87437798,2.37774079,7.68261459,650.00000000,0.00000000,0.00000000,0.10000000,17.000425,14.571185,8.854102,tracks_run_0226.dat.17-04-18_22h01m33s.1.csv,2517
244,226,1,3431,1,c,67,9,bottom_left,-624.69030000,624.69030000,0.14348100,0.00802875,5.15896325,5.30487380,0.67475352,-80.85017480,124.83063100,49.00000000,-37.75000000,290.50000000,177.87437798,2.37774079,7.68261459,650.00000000,0.00000000,0.00000000,0.10000000,0.843840,0.729302,-0.424494,tracks_run_0226.dat.17-04-18_22h01m33s.1.csv,2518
245,226,2,50,0,l,35,6,top_left,-768.08570000,768.08570000,0.20961900,0.00776938,6.17716868,6.47506821,-5.44817603,-80.37793950,68.26439830,-135.50000000,-13.00000000,290.50000000,266.16146662,3.03994080,9.51500900,650.00000000,0.00000000,0.00000000,0.10000000,32.637250,-31.038182,10.636485,tracks_run_0226.dat.17-04-18_22h01m33s.2.csv,35
245,226,2,50,1,c,35,6,top_left,-768.08570000,768.08570000,0.20961900,0.00776938,6.17716868,6.47506821,-5.44817603,-80.37793950,68.26439830,-135.50000000,-13.00000000,290.50000000,266.16146662,3.03994080,9.51500900,650.00000000,0.00000000,0.00000000,0.10000000,4.847737,4.273583,-2.290586,tracks_run_0226.dat.17-04-18_22h01m33s.2.csv,36
246,226,2,101,0,l,17,7,top_left,-1249.45850000,1249.45850000,0.20723500,0.00798853,10.18857171,11.11955792,-3.58996449,-77.64860970,51.37904510,-74.00000000,-12.75000000,290.50000000,257.58150887,2.11680539,13.23636331,650.00000000,0.00000000,0.00000000,0.10000000,22.009000,-17.947971,12.954149,tracks_run_0226.dat.17-04-18_22h01m33s.2.csv,66
246,226,2,101,1,c,17,7,top_left,-1249.45850000,1249.45850000,0.20723500,0.00798853,10.18857171,11.11955792,-3.58996449,-77.64860970,51.37904510,-74.00000000,-12.75000000,290.50000000,257.58150887,2.11680539,13.23636331,650.00000000,0.00000000,0.00000000,0.10000000,4.199362,2.805180,-3.126246,tracks_run_0226.dat.17-04-18_22h01m33s.2.csv,67
250,226,2,155,0,l,18,10,bottom_left,-1223.40010000,1223.40010000,0.21264900,0.00771957,9.65677171,10.50068254,-1.12434182,-74.52226530,44.62997340,110.50000000,-38.00000000,290.50000000,272.48108105,2.31709523,12.81777777,650.00000000,0.00000000,0.00000000,0.10000000,10.758459,10.751032,-0.402064,tracks_run_0226.dat.17-04-18_22h01m33s.2.csv,112
250,226,2,155,1,r,18,10,bottom_left,-1223.40010000,1223.40010000,0.21264900,0.00771957,9.65677171,10.50068254,-1.12434182,-74.52226530,44.62997340,110.50000000,-38.00000000,290.50000000,272.48108105,2.31709523,12.81777777,650.00000000,0.00000000,0.00000000,0.10000000,25.436362,24.689765,6.318906,tracks_run_0226.dat.17-04-18_22h01m33s.2.csv,113
250,226,2,155,2,c,18,10,bottom_left,-1223.40010000,1223.40010000,0.21264900,0.00771957,9.65677171,10.50068254,-1.12434182,-74.52226530,44.62997340,110.50000000,-38.00000000,290.50000000,272.48108105,2.31709523,12.81777777,650.00000000,0.00000000,0.00000000,0.10000000,1.190524,-0.465310,-1.095837,tracks_run_0226.dat.17-04-18_22h01m33s.2.csv,114
258,226,2,291,0,l,27,2,top_left,-417.16757000,417.16757000,0.18526500,0.00800210,3.52348161,3.43263959,-0.89586914,-72.38869740,123.84462500,-74.00000000,-74.25000000,290.50000000,181.99366036,2.99167699,6.42431658,650.00000000,0.00000000,0.00000000,0.10000000,26.284728,-25.339441,-7.228781,tracks_run_0226.dat.17-04-18_22h01m33s.2.csv,217
258,226,2,291,1,c,27,2,top_left,-417.16757000,417.16757000,0.18526500,0.00800210,3.52348161,3.43263959,-0.89586914,-72.38869740,123.84462500,-74.00000000,-74.25000000,290.50000000,181.99366036,2.99167699,6.42431658,650.00000000,0.00000000,0.00000000,0.10000000,1.239402,-0.187659,1.225115,tracks_run_0226.dat.17-04-18_22h01m33s.2.csv,218
270,226,2,506,0,r,18,10,bottom_left,-492.06876000,492.06876000,0.21264900,0.00771957,4.01120824,3.99001795,-1.34243767,-74.64354370,90.89995170,110.50000000,-38.00000000,290.50000000,231.71460774,3.42006129,7.41007925,650.00000000,0.00000000,0.00000000,0.10000000,30.006482,29.419195,6.191269,tracks_run_0226.dat.17-04-18_22h01m33s.2.csv,371
270,226,2,506,1,c,18,10,bottom_left,-492.06876000,492.06876000,0.21264900,0.00771957,4.01120824,3.99001795,-1.34243767,-74.64354370,90.89995170,110.50000000,-38.00000000,290.50000000,231.71460774,3.42006129,7.41007925,650.00000000,0.00000000,0.00000000,0.10000000,0.852782,0.011718,0.852702,tracks_run_0226.dat.17-04-18_22h01m33s.2.csv,372
271,226,2,520,0,l,27,2,top_left,-596.77875000,596.77875000,0.18526500,0.00800210,4.96074824,5.07748085,3.50855072,-72.22056640,114.05764600,-74.00000000,-74.25000000,290.50000000,192.72674521,2.61058992,7.68807077,650.00000000,0.00000000,0.00000000,0.10000000,26.386900,-25.832206,-5.577055,tracks_run_0226.dat.17-04-18_22h01m33s.2.csv,382
271,226,2,520,1,c,27,2,top_left,-596.77875000,596.77875000,0.18526500,0.00800210,4.96074824,5.07748085,3.50855072,-72.22056640,114.05764600,-74.00000000,-74.25000000,290.50000000,192.72674521,2.61058992,7.68807077,650.00000000,0.00000000,0.00000000,0.10000000,1.251066,0.952131,0.811586,tracks_run_0226.dat.17-04-18_22h01m33s.2.csv,383
281,226,2,610,0,l,27,2,top_left,-1385.39980000,1385.39980000,0.18526500,0.00800210,11.27137274,12.38262573,-0.23341960,-74.00930130,62.95011590,-74.00000000,-74.25000000,290.50000000,239.20810202,1.83412815,14.21675388,650.00000000,0.00000000,0.00000000,0.10000000,17.959276,-17.910443,-1.345732,tracks_run_0226.dat.17-04-18_22h01m33s.2.csv,447
281,226,2,610,1,c,27,2,top_left,-1385.39980000,1385.39980000,0.18526500,0.00800210,11.27137274,12.38262573,-0.23341960,-74.00930130,62.95011590,-74.00000000,-74.25000000,290.50000000,239.20810202,1.83412815,14.21675388,650.00000000,0.00000000,0.00000000,0.10000000,4.679302,4.401826,1.588950,tracks_run_0226.dat.17-04-18_22h01m33s.2.csv,448
286,226,2,748,0,l,48,6,bottom_right,-359.65027000,359.65027000,0.19111700,0.00777749,2.98829338,2.82195234,-2.87622577,-70.54159360,95.78642140,-110.50000000,-38.00000000,290.50000000,224.84485715,3.81334498,6.63529732,650.00000000,0.00000000,0.00000000,0.10000000,30.728764,-29.809837,7.827367,tracks_run_0226.dat.17-04-18_22h01m33s.2.csv,544
286,226,2,748,1,c,48,6,bottom_right,-359.65027000,359.65027000,0.19111700,0.00777749,2.98829338,2.82195234,-2.87622577,-70.54159360,95.78642140,-110.50000000,-38.00000000,290.50000000,224.84485715,3.81334498,6.63529732,650.00000000,0.00000000,0.00000000,0.10000000,1.989531,1.500387,1.306699,tracks_run_0226.dat.17-04-18_22h01m33s.2.csv,545
295,226,2,896,0,r,67,9,bottom_left,-370.67426000,370.67426000,0.14348100,0.00802875,3.11953196,2.97161464,-3.28231087,-73.38176450,124.75239000,49.00000000,-37.75000000,290.50000000,177.41288818,3.10510965,6.07672428,650.00000000,0.00000000,0.00000000,0.10000000,17.014053,15.858454,6.244115,tracks_run_0226.dat.17-04-18_22h01m33s.2.csv,644
295,226,2,896,1,c,67,9,bottom_left,-370.67426000,370.67426000,0.14348100,0.00802875,3.11953196,2.97161464,-3.28231087,-73.38176450,124.75239000,49.00000000,-37.75000000,290.50000000,177.41288818,3.10510965,6.07672428,650.00000000,0.00000000,0.00000000,0.10000000,5.120061,-0.836154,5.051503,tracks_run_0226.dat.17-04-18_22h01m33s.2.csv,645
310,226,2,1140,0,l,48,6,bottom_right,-592.17930000,592.17930000,0.19111700,0.00777749,4.79678558,4.88948327,2.98437718,-82.93116780,82.90420260,-110.50000000,-38.00000000,290.50000000,240.81845611,3.21865822,8.10814149,650.00000000,0.00000000,0.00000000,0.10000000,31.056509,-30.538061,5.945436,tracks_run_0226.dat.17-04-18_22h01m33s.2.csv,821
310,226,2,1140,1,c,48,6,bottom_right,-592.17930000,592.17930000,0.19111700,0.00777749,4.79678558,4.88948327,2.98437718,-82.93116780,82.90420260,-110.50000000,-38.00000000,290.50000000,240.81845611,3.21865822,8.10814149,650.00000000,0.00000000,0.00000000,0.10000000,2.241327,1.808726,-1.323873,tracks_run_0226.dat.17-04-18_22h01m33s.2.csv,822
311,226,2,1154,0,l,31,5,top_right,-1305.98790000,1305.98790000,0.16255800,0.00607500,8.09643449,8.69040980,-0.50860433,-67.00869960,62.49588760,135.50000000,-74.25000000,290.50000000,265.58737198,2.55554402,11.24595382,650.00000000,0.00000000,0.00000000,0.10000000,90.000000,90.000000,0.071387,tracks_run_0226.dat.17-04-18_22h01m33s.2.csv,832
311,226,2,1154,1,r,31,5,top_right,-1305.98790000,1305.98790000,0.16255800,0.00607500,8.09643449,8.69040980,-0.50860433,-67.00869960,62.49588760,135.50000000,-74.25000000,290.50000000,265.58737198,2.55554402,11.24595382,650.00000000,0.00000000,0.00000000,0.10000000,30.338816,29.919059,-5.279779,tracks_run_0226.dat.17-04-18_22h01m33s.2.csv,833
311,226,2,1154,2,c,31,5,top_right,-1305.98790000,1305.98790000,0.16255800,0.00607500,8.09643449,8.69040980,-0.50860433,-67.00869960,62.49588760,135.50000000,-74.25000000,290.50000000,265.58737198,2.55554402,11.24595382,650.00000000,0.00000000,0.00000000,0.10000000,6.075668,-4.898961,3.597985,tracks_run_0226.dat.17-04-18_22h01m33s.2.csv,834
313,226,2,1165,0,r,12,10,top_left,-1586.87800000,1586.87800000,0.20128800,0.00769076,12.40558585,13.70993956,3.04092420,-68.12649920,39.41359620,110.50000000,-13.00000000,290.50000000,278.62298193,1.97406001,15.68399957,650.00000000,0.00000000,0.00000000,0.10000000,26.078106,24.733714,8.538343,tracks_run_0226.dat.17-04-18_22h01m33s.2.csv,841
313,226,2,1165,1,c,12,10,top_left,-1586.87800000,1586.87800000,0.20128800,0.00769076,12.40558585,13.70993956,3.04092420,-68.12649920,39.41359620,110.50000000,-13.00000000,290.50000000,278.62298193,1.97406001,15.68399957,650.00000000,0.00000000,0.00000000,0.10000000,16.903642,-2.895774,-16.660893,tracks_run_0226.dat.17-04-18_22h01m33s.2.csv,842
333,226,2,1448,0,l,46,2,top_right,-342.79395000,342.79395000,0.13780700,0.00799780,2.87940445,2.69782168,-2.99402813,-66.50343910,121.55829600,-49.00000000,-74.25000000,290.50000000,175.26510778,3.18749102,5.88531270,650.00000000,0.00000000,0.00000000,0.10000000,17.817704,-15.764168,-8.411818,tracks_run_0226.dat.17-04-18_22h01m33s.2.csv,1029
333,226,2,1448,1,c,46,2,top_right,-342.79395000,342.79395000,0.13780700,0.00799780,2.87940445,2.69782168,-2.99402813,-66.50343910,121.55829600,-49.00000000,-74.25000000,290.50000000,175.26510778,3.18749102,5.88531270,650.00000000,0.00000000,0.00000000,0.10000000,1.119263,0.939558,0.608287,tracks_run_0226.dat.17-04-18_22h01m33s.2.csv,1030
353,226,2,1712,0,l,41,6,bottom_left,-1218.02400000,1218.02400000,0.32119500,0.00785352,9.88697084,10.76845578,-4.15354768,-72.16353100,50.23481830,-135.50000000,-38.00000000,290.50000000,275.94636241,2.30585022,13.07430600,650.00000000,0.00000000,0.00000000,0.10000000,26.913714,-26.548476,4.588681,tracks_run_0226.dat.17-04-18_22h01m33s.2.csv,1229
353,226,2,1712,1,c,41,6,bottom_left,-1218.02400000,1218.02400000,0.32119500,0.00785352,9.88697084,10.76845578,-4.15354768,-72.16353100,50.23481830,-135.50000000,-38.00000000,290.50000000,275.94636241,2.30585022,13.07430600,650.00000000,0.00000000,0.00000000,0.10000000,7.382333,7.167254,-1.773621,tracks_run_0226.dat.17-04-18_22h01m33s.2.csv,1230
361,226,0,182,0,r,37,5,top_left,-1503.80070000,1503.80070000,0.15591400,0.00610310,9.33376005,10.12525129,9.20174714,-72.58175500,79.53305700,110.50000000,-74.25000000,290.50000000,234.03241253,2.05990455,12.18515584,650.00000000,0.00000000,0.00000000,0.10000000,23.933137,22.588327,-8.125486,tracks_run_0226.dat.17-04-18_22h01m33s.csv,143
361,226,0,182,1,c,37,5,top_left,-1503.80070000,1503.80070000,0.15591400,0.00610310,9.33376005,10.12525129,9.20174714,-72.58175500,79.53305700,110.50000000,-74.25000000,290.50000000,234.03241253,2.05990455,12.18515584,650.00000000,0.00000000,0.00000000,0.10000000,3.018661,-2.866388,0.947041,tracks_run_0226.dat.17-04-18_22h01m33s.csv,144
362,226,0,188,0,l,57,1,top_left,-736.73950000,736.73950000,0.18811800,0.00790992,6.01566851,6.28922547,-6.27600447,-75.44957100,69.43154270,-135.50000000,-74.25000000,290.50000000,256.06941013,2.98527860,9.27450407,650.00000000,0.00000000,0.00000000,0.10000000,29.525969,-29.276914,-4.008625,tracks_run_0226.dat.17-04-18_22h01m33s.csv,150
362,226,0,188,1,c,57,1,top_left,-736.73950000,736.73950000,0.18811800,0.00790992,6.01566851,6.28922547,-6.27600447,-75.44957100,69.43154270,-135.50000000,-74.25000000,290.50000000,256.06941013,2.98527860,9.27450407,650.00000000,0.00000000,0.00000000,0.10000000,5.541033,4.486990,3.254479,tracks_run_0226.dat.17-04-18_22h01m33s.csv,151
392,226,0,658,0,l,27,2,top_left,-282.58887000,282.58887000,0.18526500,0.00800210,2.44656940,2.20479911,-2.90317580,-71.51013440,107.04259800,-74.00000000,-74.25000000,290.50000000,196.77114530,3.72279755,5.92759666,650.00000000,0.00000000,0.00000000,0.10000000,24.553840,-24.177336,-4.418207,tracks_run_0226.dat.17-04-18_22h01m33s.csv,496
392,226,0,658,1,c,27,2,top_left,-282.58887000,282.58887000,0.18526500,0.00800210,2.44656940,2.20479911,-2.90317580,-71.51013440,107.04259800,-74.00000000,-74.25000000,290.50000000,196.77114530,3.72279755,5.92759666,650.00000000,0.00000000,0.00000000,0.10000000,2.017386,-1.588506,1.243740,tracks_run_0226.dat.17-04-18_22h01m33s.csv,497
403,226,0,825,0,r,18,10,bottom_left,-890.27150000,890.27150000,0.21264900,0.00771957,7.08516216,7.52157243,-1.26628013,-77.03018340,71.30464960,110.50000000,-38.00000000,290.50000000,249.12177389,2.63336074,10.15493317,650.00000000,0.00000000,0.00000000,0.10000000,28.758904,27.846493,7.492928,tracks_run_0226.dat.17-04-18_22h01m33s.csv,620
403,226,0,825,1,c,18,10,bottom_left,-890.27150000,890.27150000,0.21264900,0.00771957,7.08516216,7.52157243,-1.26628013,-77.03018340,71.30464960,110.50000000,-38.00000000,290.50000000,249.12177389,2.63336074,10.15493317,650.00000000,0.00000000,0.00000000,0.10000000,3.214197,-2.611308,-1.874719,tracks_run_0226.dat.17-04-18_22h01m33s.csv,621
442,226,0,1478,0,l,29,6,top_right,-578.26580000,578.26580000,0.22227000,0.00759729,4.61552298,4.68175616,3.45946777,-70.96699080,101.26728400,-110.50000000,-13.00000000,290.50000000,228.37677886,3.14308986,7.82484602,650.00000000,0.00000000,0.00000000,0.10000000,31.115431,-29.570059,10.154915,tracks_run_0226.dat.17-04-18_22h01m33s.csv,1088
442,226,0,1478,1,c,29,6,top_right,-578.26580000,578.26580000,0.22227000,0.00759729,4.61552298,4.68175616,3.45946777,-70.96699080,101.26728400,-110.50000000,-13.00000000,290.50000000,228.37677886,3.14308986,7.82484602,650.00000000,0.00000000,0.00000000,0.10000000,1.803239,-1.704787,0.587770,tracks_run_0226.dat.17-04-18_22h01m33s.csv,1089
453,226,0,1577,0,r,18,10,bottom_left,-363.55206000,363.55206000,0.21264900,0.00771957,3.01911458,2.85709506,5.55435891,-68.05468860,107.76174100,110.50000000,-38.00000000,290.50000000,212.86179364,3.63881942,6.49591448,650.00000000,0.00000000,0.00000000,0.10000000,29.348478,29.279687,2.103617,tracks_run_0226.dat.17-04-18_22h01m33s.csv,1150
453,226,0,1577,1,c,18,10,bottom_left,-363.55206000,363.55206000,0.21264900,0.00771957,3.01911458,2.85709506,5.55435891,-68.05468860,107.76174100,110.50000000,-38.00000000,290.50000000,212.86179364,3.63881942,6.49591448,650.00000000,0.00000000,0.00000000,0.10000000,1.915362,-1.474475,1.222646,tracks_run_0226.dat.17-04-18_22h01m33s.csv,1151
470,226,0,1830,0,l,27,2,top_left,-1382.97420000,1382.97420000,0.18526500,0.00800210,11.25196285,12.35994935,-3.26976117,-69.19453870,58.29965260,-74.00000000,-74.25000000,290.50000000,242.78658469,1.86251486,14.22246421,650.00000000,0.00000000,0.00000000,0.10000000,18.299945,-17.562475,-5.225763,tracks_run_0226.dat.17-04-18_22h01m33s.csv,1325
470,226,0,1830,1,c,27,2,top_left,-1382.97420000,1382.97420000,0.18526500,0.00800210,11.25196285,12.35994935,-3.26976117,-69.19453870,58.29965260,-74.00000000,-74.25000000,290.50000000,242.78658469,1.86251486,14.22246421,650.00000000,0.00000000,0.00000000,0.10000000,3.992588,2.957361,2.683499,tracks_run_0226.dat.17-04-18_22h01m33s.csv,1326
506,226,0,2360,0,r,63,9,top_left,-910.45807000,910.45807000,0.12913200,0.00808714,7.49213388,7.99153580,0.40284995,-80.32970210,95.56843370,49.00000000,-12.75000000,290.50000000,211.95993647,2.19293491,10.18447071,650.00000000,0.00000000,0.00000000,0.10000000,17.247016,12.869062,11.580840,tracks_run_0226.dat.17-04-18_22h01m33s.csv,1727
506,226,0,2360,1,c,63,9,top_left,-910.45807000,910.45807000,0.12913200,0.00808714,7.49213388,7.99153580,0.40284995,-80.32970210,95.56843370,49.00000000,-12.75000000,290.50000000,211.95993647,2.19293491,10.18447071,650.00000000,0.00000000,0.00000000,0.10000000,13.604257,0.959306,13.571029,tracks_run_0226.dat.17-04-18_22h01m33s.csv,1728
513,226,0,2501,0,l,29,6,top_right,-801.21234000,801.21234000,0.22227000,0.00759729,6.30931250,6.62719574,-9.26862384,-72.59700920,76.07542860,-110.50000000,-13.00000000,290.50000000,244.49435954,2.78551035,9.41270610,650.00000000,0.00000000,0.00000000,0.10000000,27.584978,-25.995863,9.566902,tracks_run_0226.dat.17-04-18_22h01m33s.csv,1817
513,226,0,2501,1,c,29,6,top_right,-801.21234000,801.21234000,0.22227000,0.00759729,6.30931250,6.62719574,-9.26862384,-72.59700920,76.07542860,-110.50000000,-13.00000000,290.50000000,244.49435954,2.78551035,9.41270610,650.00000000,0.00000000,0.00000000,0.10000000,3.790925,3.260662,-1.934745,tracks_run_0226.dat.17-04-18_22h01m33s.csv,1818
519,226,0,2589,0,r,31,5,top_right,-568.03320000,568.03320000,0.16255800,0.00607500,3.61335969,3.53529228,-1.99199591,-81.57794950,95.10028700,135.50000000,-74.25000000,290.50000000,239.03722644,3.68552725,7.22081953,650.00000000,0.00000000,0.00000000,0.10000000,31.755147,31.676661,-2.357236,tracks_run_0226.dat.17-04-18_22h01m33s.csv,1887
519,226,0,2589,1,c,31,5,top_right,-568.03320000,568.03320000,0.16255800,0.00607500,3.61335969,3.53529228,-1.99199591,-81.57794950,95.10028700,135.50000000,-74.25000000,290.50000000,239.03722644,3.68552725,7.22081953,650.00000000,0.00000000,0.00000000,0.10000000,3.096453,-3.057188,0.491786,tracks_run_0226.dat.17-04-18_22h01m33s.csv,1888
523,226,0,2684,0,l,27,2,top_left,-1055.29130000,1055.29130000,0.18526500,0.00800210,8.62981151,9.30829221,-6.68027214,-64.31746430,96.35858330,-74.00000000,-74.25000000,290.50000000,205.72187706,1.93173687,11.24002908,650.00000000,0.00000000,0.00000000,0.10000000,18.103156,-16.627249,-7.262891,tracks_run_0226.dat.17-04-18_22h01m33s.csv,1951
523,226,0,2684,1,c,27,2,top_left,-1055.29130000,1055.29130000,0.18526500,0.00800210,8.62981151,9.30829221,-6.68027214,-64.31746430,96.35858330,-74.00000000,-74.25000000,290.50000000,205.72187706,1.93173687,11.24002908,650.00000000,0.00000000,0.00000000,0.10000000,1.102849,0.451668,1.006128,tracks_run_0226.dat.17-04-18_22h01m33s.csv,1952
530,226,0,2719,0,r,5,10,top_right,-1014.36194000,1014.36194000,0.18441600,0.00767440,7.96903527,8.54296925,4.93466086,-70.85036380,74.78208360,135.50000000,-13.00000000,290.50000000,258.70483535,2.52225161,11.06522086,650.00000000,0.00000000,0.00000000,0.10000000,31.671771,29.373494,12.412911,tracks_run_0226.dat.17-04-18_22h01m33s.csv,1975
530,226,0,2719,1,c,5,10,top_right,-1014.36194000,1014.36194000,0.18441600,0.00767440,7.96903527,8.54296925,4.93466086,-70.85036380,74.78208360,135.50000000,-13.00000000,290.50000000,258.70483535,2.52225161,11.06522086,650.00000000,0.00000000,0.00000000,0.10000000,3.847846,-3.509142,-1.579545,tracks_run_0226.dat.17-04-18_22h01m33s.csv,1976
549,226,0,3016,0,r,18,10,bottom_left,-510.76575000,510.76575000,0.21264900,0.00771957,4.15554096,4.15511777,-5.00503313,-65.41080570,100.66968400,110.50000000,-38.00000000,290.50000000,223.89353233,3.26630163,7.42141940,650.00000000,0.00000000,0.00000000,0.10000000,29.449676,29.175202,4.200412,tracks_run_0226.dat.17-04-18_22h01m33s.csv,2209
549,226,0,3016,1,c,18,10,bottom_left,-510.76575000,510.76575000,0.21264900,0.00771957,4.15554096,4.15511777,-5.00503313,-65.41080570,100.66968400,110.50000000,-38.00000000,290.50000000,223.89353233,3.26630163,7.42141940,650.00000000,0.00000000,0.00000000,0.10000000,2.148426,-1.446860,1.588353,tracks_run_0226.dat.17-04-18_22h01m33s.csv,2210
560,226,0,3160,0,l,46,2,top_right,-1782.81530000,1782.81530000,0.13780700,0.00799780,14.39640721,16.05027626,-7.60734102,-73.72756810,27.02765210,-49.00000000,-74.25000000,290.50000000,266.70452426,1.69102045,17.74129671,650.00000000,0.00000000,0.00000000,0.10000000,11.120106,-9.648887,-5.554104,tracks_run_0226.dat.17-04-18_22h01m33s.csv,2324
560,226,0,3160,1,c,46,2,top_right,-1782.81530000,1782.81530000,0.13780700,0.00799780,14.39640721,16.05027626,-7.60734102,-73.72756810,27.02765210,-49.00000000,-74.25000000,290.50000000,266.70452426,1.69102045,17.74129671,650.00000000,0.00000000,0.00000000,0.10000000,0.427463,-0.086539,-0.418611,tracks_run_0226.dat.17-04-18_22h01m33s.csv,2325
567,226,0,3265,0,l,46,2,top_right,-410.36900000,410.36900000,0.13780700,0.00799780,3.41985619,3.31431970,4.07887767,-69.09654080,135.96547600,-49.00000000,-74.25000000,290.50000000,163.47735166,2.78008614,6.09440584,650.00000000,0.00000000,0.00000000,0.10000000,25.841551,-24.878044,-7.224550,tracks_run_0226.dat.17-04-18_22h01m33s.csv,2398
567,226,0,3265,1,c,46,2,top_right,-410.36900000,410.36900000,0.13780700,0.00799780,3.41985619,3.31431970,4.07887767,-69.09654080,135.96547600,-49.00000000,-74.25000000,290.50000000,163.47735166,2.78008614,6.09440584,650.00000000,0.00000000,0.00000000,0.10000000,0.847832,0.741405,0.411276,tracks_run_0226.dat.17-04-18_22h01m33s.csv,2399
572,226,0,3316,0,r,67,9,bottom_left,-1361.68950000,1361.68950000,0.14348100,0.00802875,11.07614557,12.15460220,0.63930645,-72.89775450,78.08419280,49.00000000,-37.75000000,290.50000000,220.66852171,1.72115293,13.87575513,650.00000000,0.00000000,0.00000000,0.10000000,15.672344,14.865273,5.021419,tracks_run_0226.dat.17-04-18_22h01m33s.csv,2436
572,226,0,3316,1,c,67,9,bottom_left,-1361.68950000,1361.68950000,0.14348100,0.00802875,11.07614557,12.15460220,0.63930645,-72.89775450,78.08419280,49.00000000,-37.75000000,290.50000000,220.66852171,1.72115293,13.87575513,650.00000000,0.00000000,0.00000000,0.10000000,3.040799,-2.955460,-0.715659,tracks_run_0226.dat.17-04-18_22h01m33s.csv,2437
580,227,1,65,0,l,4,7,bottom_right,-428.60230000,428.60230000,0.17915400,0.00826490,3.72150915,3.65884971,-6.62061715,-70.94577400,117.92504300,-49.00000000,-37.75000000,290.50000000,180.77634603,2.89469349,6.55354320,650.00000000,0.00000000,0.00000000,0.10000000,12.622717,-12.525697,1.574651,tracks_run_0227.dat.17-04-18_23h17m14s.1.csv,56
580,227,1,65,1,c,4,7,bottom_right,-428.60230000,428.60230000,0.17915400,0.00826490,3.72150915,3.65884971,-6.62061715,-70.94577400,117.92504300,-49.00000000,-37.75000000,290.50000000,180.77634603,2.89469349,6.55354320,650.00000000,0.00000000,0.00000000,0.10000000,0.323452,0.205914,0.249441,tracks_run_0227.dat.17-04-18_23h17m14s.1.csv,57
590,227,1,169,0,r,12,10,top_left,-509.93760000,509.93760000,0.20128800,0.00769076,4.12309570,4.11799800,-2.92503668,-72.05955640,97.28017950,110.50000000,-13.00000000,290.50000000,231.70491834,3.37349972,7.49149772,650.00000000,0.00000000,0.00000000,0.10000000,31.528925,28.129086,14.864293,tracks_run_0227.dat.17-04-18_23h17m14s.1.csv,144
590,227,1,169,1,c,12,10,top_left,-509.93760000,509.93760000,0.20128800,0.00769076,4.12309570,4.11799800,-2.92503668,-72.05955640,97.28017950,110.50000000,-13.00000000,290.50000000,231.70491834,3.37349972,7.49149772,650.00000000,0.00000000,0.00000000,0.10000000,2.238614,-2.237053,-0.083594,tracks_run_0227.dat.17-04-18_23h17m14s.1.csv,145
593,227,1,238,0,r,18,10,bottom_left,-639.53980000,639.53980000,0.21264900,0.00771957,5.14962125,5.29415364,-0.69579548,-74.72595480,95.54962810,110.50000000,-38.00000000,290.50000000,227.41800323,2.94676133,8.24091497,650.00000000,0.00000000,0.00000000,0.10000000,32.296323,31.522936,7.418268,tracks_run_0227.dat.17-04-18_23h17m14s.1.csv,192
593,227,1,238,1,c,18,10,bottom_left,-639.53980000,639.53980000,0.21264900,0.00771957,5.14962125,5.29415364,-0.69579548,-74.72595480,95.54962810,110.50000000,-38.00000000,290.50000000,227.41800323,2.94676133,8.24091497,650.00000000,0.00000000,0.00000000,0.10000000,1.558075,0.111151,1.554106,tracks_run_0227.dat.17-04-18_23h17m14s.1.csv,193
599,227,1,314,0,r,37,5,top_left,-2510.39580000,2510.39580000,0.15591400,0.00610310,15.47711061,17.32635461,0.77118296,-61.91689220,34.79730070,110.50000000,-74.25000000,290.50000000,278.52538352,1.66780282,18.99415743,650.00000000,0.00000000,0.00000000,0.10000000,21.883487,20.892586,-6.661302,tracks_run_0227.dat.17-04-18_23h17m14s.1.csv,245
599,227,1,314,1,c,37,5,top_left,-2510.39580000,2510.39580000,0.15591400,0.00610310,15.47711061,17.32635461,0.77118296,-61.91689220,34.79730070,110.50000000,-74.25000000,290.50000000,278.52538352,1.66780282,18.99415743,650.00000000,0.00000000,0.00000000,0.10000000,7.273781,-6.841521,2.476015,tracks_run_0227.dat.17-04-18_23h17m14s.1.csv,246
602,227,1,360,0,r,63,9,top_left,-424.33310000,424.33310000,0.12913200,0.00808714,3.56077319,3.47522818,-3.43510339,-76.67314510,108.03317700,49.00000000,-12.75000000,290.50000000,200.32411248,3.21865437,6.69388255,650.00000000,0.00000000,0.00000000,0.10000000,20.961737,18.056140,10.829958,tracks_run_0227.dat.17-04-18_23h17m14s.1.csv,279
602,227,1,360,1,c,63,9,top_left,-424.33310000,424.33310000,0.12913200,0.00808714,3.56077319,3.47522818,-3.43510339,-76.67314510,108.03317700,49.00000000,-12.75000000,290.50000000,200.32411248,3.21865437,6.69388255,650.00000000,0.00000000,0.00000000,0.10000000,14.604956,1.024824,-14.569736,tracks_run_0227.dat.17-04-18_23h17m14s.1.csv,280
603,227,1,369,0,l,27,2,top_left,-781.43180000,781.43180000,0.18526500,0.00800210,6.43836041,6.77581648,-0.33590156,-73.42995240,87.49915210,-74.00000000,-74.25000000,290.50000000,215.95466220,2.46282851,9.23864499,650.00000000,0.00000000,0.00000000,0.10000000,24.972412,-23.588649,-8.442505,tracks_run_0227.dat.17-04-18_23h17m14s.1.csv,286
603,227,1,369,1,c,27,2,top_left,-781.43180000,781.43180000,0.18526500,0.00800210,6.43836041,6.77581648,-0.33590156,-73.42995240,87.49915210,-74.00000000,-74.25000000,290.50000000,215.95466220,2.46282851,9.23864499,650.00000000,0.00000000,0.00000000,0.10000000,10.920389,1.758626,10.779550,tracks_run_0227.dat.17-04-18_23h17m14s.1.csv,287
606,227,1,410,0,r,67,9,bottom_left,-1392.95190000,1392.95190000,0.14348100,0.00802875,11.32714357,12.44778934,-7.64201763,-75.58344380,59.89625060,49.00000000,-37.75000000,290.50000000,240.45327377,1.83644268,14.28423202,650.00000000,0.00000000,0.00000000,0.10000000,15.647859,15.090846,4.186792,tracks_run_0227.dat.17-04-18_23h17m14s.1.csv,319
606,227,1,410,1,c,67,9,bottom_left,-1392.95190000,1392.95190000,0.14348100,0.00802875,11.32714357,12.44778934,-7.64201763,-75.58344380,59.89625060,49.00000000,-37.75000000,290.50000000,240.45327377,1.83644268,14.28423202,650.00000000,0.00000000,0.00000000,0.10000000,2.865006,-2.576365,-1.253659,tracks_run_0227.dat.17-04-18_23h17m14s.1.csv,320
614,227,1,495,0,l,27,2,top_left,-265.85355000,265.85355000,0.18526500,0.00800210,2.31265169,2.05238862,4.12286850,-63.72353000,98.65458340,-74.00000000,-74.25000000,290.50000000,207.40938509,3.95177138,6.00416000,650.00000000,0.00000000,0.00000000,0.10000000,22.390061,-20.980484,-8.001582,tracks_run_0227.dat.17-04-18_23h17m14s.1.csv,389
614,227,1,495,1,c,27,2,top_left,-265.85355000,265.85355000,0.18526500,0.00800210,2.31265169,2.05238862,4.12286850,-63.72353000,98.65458340,-74.00000000,-74.25000000,290.50000000,207.40938509,3.95177138,6.00416000,650.00000000,0.00000000,0.00000000,0.10000000,2.601672,0.699473,2.505943,tracks_run_0227.dat.17-04-18_23h17m14s.1.csv,390
618,227,1,564,0,l,24,7,bottom_left,-1224.55400000,1224.55400000,0.19145900,0.00807427,10.07883863,10.99177873,0.39264010,-80.99961530,74.26754400,-74.00000000,-37.75000000,290.50000000,232.72573805,1.93960284,12.93138157,650.00000000,0.00000000,0.00000000,0.10000000,20.215018,-18.372586,8.581387,tracks_run_0227.dat.17-04-18_23h17m14s.1.csv,450
618,227,1,564,1,c,24,7,bottom_left,-1224.55400000,1224.55400000,0.19145900,0.00807427,10.07883863,10.99177873,0.39264010,-80.99961530,74.26754400,-74.00000000,-37.75000000,290.50000000,232.72573805,1.93960284,12.93138157,650.00000000,0.00000000,0.00000000,0.10000000,6.225495,5.815139,-2.226654,tracks_run_0227.dat.17-04-18_23h17m14s.1.csv,451
627,227,1,735,0,r,59,9,top_right,-624.08440000,624.08440000,0.14848600,0.00807829,5.19002077,5.34051520,-5.09020697,-62.14928400,77.20747840,74.00000000,-12.75000000,290.50000000,232.78584551,2.99312708,8.33364228,650.00000000,0.00000000,0.00000000,0.10000000,23.748166,22.837496,6.695197,tracks_run_0227.dat.17-04-18_23h17m14s.1.csv,565
627,227,1,735,1,c,59,9,top_right,-624.08440000,624.08440000,0.14848600,0.00807829,5.19002077,5.34051520,-5.09020697,-62.14928400,77.20747840,74.00000000,-12.75000000,290.50000000,232.78584551,2.99312708,8.33364228,650.00000000,0.00000000,0.00000000,0.10000000,1.673778,-0.267496,1.652271,tracks_run_0227.dat.17-04-18_23h17m14s.1.csv,566
629,227,1,749,0,l,17,7,top_left,-874.19720000,874.19720000,0.20723500,0.00798853,7.19078556,7.64349026,0.17742172,-68.06957480,88.29035830,-74.00000000,-12.75000000,290.50000000,222.37644760,2.35453222,9.99802248,650.00000000,0.00000000,0.00000000,0.10000000,24.611653,-21.458837,12.347870,tracks_run_0227.dat.17-04-18_23h17m14s.1.csv,576
629,227,1,749,1,c,17,7,top_left,-874.19720000,874.19720000,0.20723500,0.00798853,7.19078556,7.64349026,0.17742172,-68.06957480,88.29035830,-74.00000000,-12.75000000,290.50000000,222.37644760,2.35453222,9.99802248,650.00000000,0.00000000,0.00000000,0.10000000,3.801095,3.019121,-2.310449,tracks_run_0227.dat.17-04-18_23h17m14s.1.csv,577
639,227,1,855,0,r,18,10,bottom_left,-1680.88100000,1680.88100000,0.21264900,0.00771957,13.18832754,14.62849449,3.72462244,-70.34150510,41.90506230,110.50000000,-38.00000000,290.50000000,272.48192097,1.84576364,16.47425814,650.00000000,0.00000000,0.00000000,0.10000000,24.003377,23.686917,4.001912,tracks_run_0227.dat.17-04-18_23h17m14s.1.csv,651
639,227,1,855,1,c,18,10,bottom_left,-1680.88100000,1680.88100000,0.21264900,0.00771957,13.18832754,14.62849449,3.72462244,-70.34150510,41.90506230,110.50000000,-38.00000000,290.50000000,272.48192097,1.84576364,16.47425814,650.00000000,0.00000000,0.00000000,0.10000000,9.286965,-9.242352,-0.913177,tracks_run_0227.dat.17-04-18_23h17m14s.1.csv,652
643,227,1,943,0,l,57,1,top_left,-606.03570000,606.03570000,0.18811800,0.00790992,4.98181190,5.10163882,-3.91562601,-79.26089720,103.63497800,-135.50000000,-74.25000000,290.50000000,228.60029094,3.01595571,8.11759453,650.00000000,0.00000000,0.00000000,0.10000000,33.950749,-33.409734,-6.420981,tracks_run_0227.dat.17-04-18_23h17m14s.1.csv,720
643,227,1,943,1,c,57,1,top_left,-606.03570000,606.03570000,0.18811800,0.00790992,4.98181190,5.10163882,-3.91562601,-79.26089720,103.63497800,-135.50000000,-74.25000000,290.50000000,228.60029094,3.01595571,8.11759453,650.00000000,0.00000000,0.00000000,0.10000000,1.240168,1.231134,0.149423,tracks_run_0227.dat.17-04-18_23h17m14s.1.csv,721
654,227,1,1130,0,r,18,10,bottom_left,-1155.36730000,1155.36730000,0.21264900,0.00771957,9.13158775,9.89045018,2.98399855,-71.10763280,67.19704980,110.50000000,-38.00000000,290.50000000,250.04002377,2.22451453,12.11496470,650.00000000,0.00000000,0.00000000,0.10000000,25.226428,24.940449,3.915034,tracks_run_0227.dat.17-04-18_23h17m14s.1.csv,859
654,227,1,1130,1,c,18,10,bottom_left,-1155.36730000,1155.36730000,0.21264900,0.00771957,9.13158775,9.89045018,2.98399855,-71.10763280,67.19704980,110.50000000,-38.00000000,290.50000000,250.04002377,2.22451453,12.11496470,650.00000000,0.00000000,0.00000000,0.10000000,0.407333,-0.399447,0.079767,tracks_run_0227.dat.17-04-18_23h17m14s.1.csv,860
664,227,1,1236,0,r,43,5,bottom_left,-429.40530000,429.40530000,0.13795300,0.00607733,2.74759071,2.54761124,-4.63033174,-71.67182980,100.24376100,110.50000000,-99.25000000,290.50000000,224.08254112,3.93250320,6.48011444,650.00000000,0.00000000,0.00000000,0.10000000,32.424118,30.900066,-10.350050,tracks_run_0227.dat.17-04-18_23h17m14s.1.csv,943
664,227,1,1236,1,c,43,5,bottom_left,-429.40530000,429.40530000,0.13795300,0.00607733,2.74759071,2.54761124,-4.63033174,-71.67182980,100.24376100,110.50000000,-99.25000000,290.50000000,224.08254112,3.93250320,6.48011444,650.00000000,0.00000000,0.00000000,0.10000000,1.224718,0.000000,1.224718,tracks_run_0227.dat.17-04-18_23h17m14s.1.csv,944
668,227,1,1301,0,l,48,6,bottom_right,-299.93723000,299.93723000,0.19111700,0.00777749,2.52387581,2.29280858,-2.24503012,-71.20028870,108.23591900,-110.50000000,-38.00000000,290.50000000,214.57304793,3.92891196,6.22172053,650.00000000,0.00000000,0.00000000,0.10000000,30.550896,-30.404329,3.143152,tracks_run_0227.dat.17-04-18_23h17m14s.1.csv,993
668,227,1,1301,1,c,48,6,bottom_right,-299.93723000,299.93723000,0.19111700,0.00777749,2.52387581,2.29280858,-2.24503012,-71.20028870,108.23591900,-110.50000000,-38.00000000,290.50000000,214.57304793,3.92891196,6.22172053,650.00000000,0.00000000,0.00000000,0.10000000,2.941034,-0.385885,2.915631,tracks_run_0227.dat.17-04-18_23h17m14s.1.csv,994
674,227,1,1460,0,l,46,2,top_right,-330.67610000,330.67610000,0.13780700,0.00799780,2.78248831,2.58737360,3.02306523,-62.43784890,119.81345800,-49.00000000,-74.25000000,290.50000000,178.82902966,3.28645379,5.87382739,650.00000000,0.00000000,0.00000000,0.10000000,21.109714,-18.755520,-9.867112,tracks_run_0227.dat.17-04-18_23h17m14s.1.csv,1109
674,227,1,1460,1,c,46,2,top_right,-330.67610000,330.67610000,0.13780700,0.00799780,2.78248831,2.58737360,3.02306523,-62.43784890,119.81345800,-49.00000000,-74.25000000,290.50000000,178.82902966,3.28645379,5.87382739,650.00000000,0.00000000,0.00000000,0.10000000,2.938279,0.229146,2.929338,tracks_run_0227.dat.17-04-18_23h17m14s.1.csv,1110
676,227,1,1465,0,l,41,6,bottom_left,-582.75560000,582.75560000,0.32119500,0.00785352,4.89787776,5.00538352,4.74479796,-80.20247370,87.19908730,-135.50000000,-38.00000000,290.50000000,250.56119661,3.29084829,8.29623181,650.00000000,0.00000000,0.00000000,0.10000000,35.484944,-35.172946,5.030773,tracks_run_0227.dat.17-04-18_23h17m14s.1.csv,1115
676,227,1,1465,1,c,41,6,bottom_left,-582.75560000,582.75560000,0.32119500,0.00785352,4.89787776,5.00538352,4.74479796,-80.20247370,87.19908730,-135.50000000,-38.00000000,290.50000000,250.56119661,3.29084829,8.29623181,650.00000000,0.00000000,0.00000000,0.10000000,0.831552,-0.098981,-0.825641,tracks_run_0227.dat.17-04-18_23h17m14s.1.csv,1116
677,227,1,1529,0,l,41,6,bottom_left,-1199.02830000,1199.02830000,0.32119500,0.00785352,9.73778773,10.59490181,-3.75581001,-69.11419180,36.42980550,-135.50000000,-38.00000000,290.50000000,287.88242090,2.42397835,13.01888015,650.00000000,0.00000000,0.00000000,0.10000000,26.778330,-26.743463,1.419370,tracks_run_0227.dat.17-04-18_23h17m14s.1.csv,1161
677,227,1,1529,1,c,41,6,bottom_left,-1199.02830000,1199.02830000,0.32119500,0.00785352,9.73778773,10.59490181,-3.75581001,-69.11419180,36.42980550,-135.50000000,-38.00000000,290.50000000,287.88242090,2.42397835,13.01888015,650.00000000,0.00000000,0.00000000,0.10000000,9.057314,8.736520,2.398501,tracks_run_0227.dat.17-04-18_23h17m14s.1.csv,1162
678,227,1,1541,0,l,27,2,top_left,-323.20630000,323.20630000,0.18526500,0.00800210,2.77159413,2.57496032,-1.92845605,-71.92409190,127.82850800,-74.00000000,-74.25000000,290.50000000,177.93743733,3.27903777,5.85399809,650.00000000,0.00000000,0.00000000,0.10000000,25.842058,-25.087272,-6.411224,tracks_run_0227.dat.17-04-18_23h17m14s.1.csv,1170
678,227,1,1541,1,c,27,2,top_left,-323.20630000,323.20630000,0.18526500,0.00800210,2.77159413,2.57496032,-1.92845605,-71.92409190,127.82850800,-74.00000000,-74.25000000,290.50000000,177.93743733,3.27903777,5.85399809,650.00000000,0.00000000,0.00000000,0.10000000,1.404102,-0.054867,1.403030,tracks_run_0227.dat.17-04-18_23h17m14s.1.csv,1171
685,227,1,1714,0,r,59,9,top_right,-1291.19960000,1291.19960000,0.14848600,0.00807829,10.57917082,11.57472508,-1.61000271,-80.62775690,52.29781840,74.00000000,-12.75000000,290.50000000,258.96822529,2.07073003,13.64545511,650.00000000,0.00000000,0.00000000,0.10000000,21.366681,17.219179,12.847203,tracks_run_0227.dat.17-04-18_23h17m14s.1.csv,1290
685,227,1,1714,1,c,59,9,top_right,-1291.19960000,1291.19960000,0.14848600,0.00807829,10.57917082,11.57472508,-1.61000271,-80.62775690,52.29781840,74.00000000,-12.75000000,290.50000000,258.96822529,2.07073003,13.64545511,650.00000000,0.00000000,0.00000000,0.10000000,4.852713,-4.077331,-2.633611,tracks_run_0227.dat.17-04-18_23h17m14s.1.csv,1291
689,227,1,1824,0,r,37,5,top_left,-926.46010000,926.46010000,0.15591400,0.00610310,5.81019264,6.05290685,-0.82808769,-60.08203390,84.31954840,110.50000000,-74.25000000,290.50000000,234.74465488,2.82389385,8.87680070,650.00000000,0.00000000,0.00000000,0.10000000,27.852560,26.565051,-8.692818,tracks_run_0227.dat.17-04-18_23h17m14s.1.csv,1370
689,227,1,1824,1,c,37,5,top_left,-926.46010000,926.46010000,0.15591400,0.00610310,5.81019264,6.05290685,-0.82808769,-60.08203390,84.31954840,110.50000000,-74.25000000,290.50000000,234.74465488,2.82389385,8.87680070,650.00000000,0.00000000,0.00000000,0.10000000,3.571078,-1.724282,3.127684,tracks_run_0227.dat.17-04-18_23h17m14s.1.csv,1371
722,227,0,233,0,r,54,9,bottom_right,-817.65130000,817.65130000,0.13288400,0.00794930,6.63263948,6.99966885,5.91924671,-69.81075330,92.53576820,74.00000000,-37.75000000,290.50000000,211.78460270,2.37490630,9.37457516,650.00000000,0.00000000,0.00000000,0.10000000,16.693005,16.586260,1.911822,tracks_run_0227.dat.17-04-18_23h17m14s.csv,183
722,227,0,233,1,c,54,9,bottom_right,-817.65130000,817.65130000,0.13288400,0.00794930,6.63263948,6.99966885,5.91924671,-69.81075330,92.53576820,74.00000000,-37.75000000,290.50000000,211.78460270,2.37490630,9.37457516,650.00000000,0.00000000,0.00000000,0.10000000,0.466619,-0.050465,0.463882,tracks_run_0227.dat.17-04-18_23h17m14s.csv,184
723,227,0,270,0,r,31,5,top_right,-2069.85350000,2069.85350000,0.16255800,0.00607500,12.73691801,14.09850679,6.07081442,-69.16563710,26.88276610,135.50000000,-74.25000000,290.50000000,293.72063400,2.03512270,16.13362949,650.00000000,0.00000000,0.00000000,0.10000000,25.721706,24.734592,-7.290630,tracks_run_0227.dat.17-04-18_23h17m14s.csv,209
723,227,0,270,1,c,31,5,top_right,-2069.85350000,2069.85350000,0.16255800,0.00607500,12.73691801,14.09850679,6.07081442,-69.16563710,26.88276610,135.50000000,-74.25000000,290.50000000,293.72063400,2.03512270,16.13362949,650.00000000,0.00000000,0.00000000,0.10000000,11.911164,-11.127210,4.276875,tracks_run_0227.dat.17-04-18_23h17m14s.csv,210
731,227,0,401,0,r,31,5,top_right,-1300.61820000,1300.61820000,0.16255800,0.00607500,8.06381356,8.65265198,-1.28952108,-71.41274870,63.19021340,135.50000000,-74.25000000,290.50000000,265.30955911,2.56009690,11.21274888,650.00000000,0.00000000,0.00000000,0.10000000,28.241062,27.943855,-4.261744,tracks_run_0227.dat.17-04-18_23h17m14s.csv,310
731,227,0,401,1,c,31,5,top_right,-1300.61820000,1300.61820000,0.16255800,0.00607500,8.06381356,8.65265198,-1.28952108,-71.41274870,63.19021340,135.50000000,-74.25000000,290.50000000,265.30955911,2.56009690,11.21274888,650.00000000,0.00000000,0.00000000,0.10000000,5.779895,-5.148992,2.629391,tracks_run_0227.dat.17-04-18_23h17m14s.csv,311
746,227,0,644,0,r,50,5,bottom_right,-320.11234000,320.11234000,0.14142300,0.00608261,2.08854152,1.79746733,-5.97026131,-77.61413090,109.25785800,135.50000000,-99.25000000,290.50000000,230.93431903,4.41957198,6.21703931,650.00000000,0.00000000,0.00000000,0.10000000,37.143653,36.329621,-8.329376,tracks_run_0227.dat.17-04-18_23h17m14s.csv,483
746,227,0,644,1,c,50,5,bottom_right,-320.11234000,320.11234000,0.14142300,0.00608261,2.08854152,1.79746733,-5.97026131,-77.61413090,109.25785800,135.50000000,-99.25000000,290.50000000,230.93431903,4.41957198,6.21703931,650.00000000,0.00000000,0.00000000,0.10000000,1.550887,-1.259258,-0.905347,tracks_run_0227.dat.17-04-18_23h17m14s.csv,484
748,227,0,663,0,r,43,5,bottom_left,-540.44060000,540.44060000,0.13795300,0.00607733,3.42238887,3.31721109,-2.22356639,-65.87768470,102.83445100,110.50000000,-99.25000000,290.50000000,221.44677042,3.55415724,6.87136833,650.00000000,0.00000000,0.00000000,0.10000000,33.823246,31.351785,-13.394537,tracks_run_0227.dat.17-04-18_23h17m14s.csv,501
748,227,0,663,1,c,43,5,bottom_left,-540.44060000,540.44060000,0.13795300,0.00607733,3.42238887,3.31721109,-2.22356639,-65.87768470,102.83445100,110.50000000,-99.25000000,290.50000000,221.44677042,3.55415724,6.87136833,650.00000000,0.00000000,0.00000000,0.10000000,1.937679,-1.195004,1.525420,tracks_run_0227.dat.17-04-18_23h17m14s.csv,502
763,227,0,916,0,l,39,2,bottom_right,-606.50720000,606.50720000,0.17611000,0.00802446,5.04300277,5.17182732,1.64539086,-69.96756860,83.63432120,-49.00000000,-99.25000000,290.50000000,214.97866282,2.84158449,8.01341181,650.00000000,0.00000000,0.00000000,0.10000000,20.743059,-17.523881,-11.277813,tracks_run_0227.dat.17-04-18_23h17m14s.csv,704
763,227,0,916,1,c,39,2,bottom_right,-606.50720000,606.50720000,0.17611000,0.00802446,5.04300277,5.17182732,1.64539086,-69.96756860,83.63432120,-49.00000000,-99.25000000,290.50000000,214.97866282,2.84158449,8.01341181,650.00000000,0.00000000,0.00000000,0.10000000,0.661215,-0.512122,0.418259,tracks_run_0227.dat.17-04-18_23h17m14s.csv,705
767,227,0,1048,0,l,4,7,bottom_right,-524.05994000,524.05994000,0.17915400,0.00826490,4.51045700,4.56140159,0.20495968,-71.74275100,103.99445700,-49.00000000,-37.75000000,290.50000000,195.85952299,2.79441472,7.35581631,650.00000000,0.00000000,0.00000000,0.10000000,17.009530,-16.726759,3.133735,tracks_run_0227.dat.17-04-18_23h17m14s.csv,794
767,227,0,1048,1,c,4,7,bottom_right,-524.05994000,524.05994000,0.17915400,0.00826490,4.51045700,4.56140159,0.20495968,-71.74275100,103.99445700,-49.00000000,-37.75000000,290.50000000,195.85952299,2.79441472,7.35581631,650.00000000,0.00000000,0.00000000,0.10000000,0.727635,-0.400634,0.607414,tracks_run_0227.dat.17-04-18_23h17m14s.csv,795
777,227,0,1167,0,r,37,5,top_left,-478.25412000,478.25412000,0.15591400,0.00610310,3.07474672,2.92053571,1.83185930,-63.73034460,104.45656400,110.50000000,-74.25000000,290.50000000,215.71181709,3.64855334,6.56908905,650.00000000,0.00000000,0.00000000,0.10000000,29.861895,28.970977,-7.576129,tracks_run_0227.dat.17-04-18_23h17m14s.csv,879
777,227,0,1167,1,c,37,5,top_left,-478.25412000,478.25412000,0.15591400,0.00610310,3.07474672,2.92053571,1.83185930,-63.73034460,104.45656400,110.50000000,-74.25000000,290.50000000,215.71181709,3.64855334,6.56908905,650.00000000,0.00000000,0.00000000,0.10000000,1.908516,-1.054068,1.591119,tracks_run_0227.dat.17-04-18_23h17m14s.csv,880
785,227,0,1357,0,l,41,6,bottom_left,-990.53650000,990.53650000,0.32119500,0.00785352,8.10039321,8.69499216,-0.13817590,-71.97027800,67.36596570,-135.50000000,-38.00000000,290.50000000,263.18358702,2.53366765,11.22865981,650.00000000,0.00000000,0.00000000,0.10000000,30.687555,-29.726616,7.993785,tracks_run_0227.dat.17-04-18_23h17m14s.csv,1038
785,227,0,1357,1,r,41,6,bottom_left,-990.53650000,990.53650000,0.32119500,0.00785352,8.10039321,8.69499216,-0.13817590,-71.97027800,67.36596570,-135.50000000,-38.00000000,290.50000000,263.18358702,2.53366765,11.22865981,650.00000000,0.00000000,0.00000000,0.10000000,2.492000,-2.476580,0.276873,tracks_run_0227.dat.17-04-18_23h17m14s.csv,1039
785,227,0,1357,2,c,41,6,bottom_left,-990.53650000,990.53650000,0.32119500,0.00785352,8.10039321,8.69499216,-0.13817590,-71.97027800,67.36596570,-135.50000000,-38.00000000,290.50000000,263.18358702,2.53366765,11.22865981,650.00000000,0.00000000,0.00000000,0.10000000,2.014786,1.903530,-0.660375,tracks_run_0227.dat.17-04-18_23h17m14s.csv,1040
787,227,0,1419,0,l,24,7,bottom_left,-1210.46640000,1210.46640000,0.19145900,0.00807427,9.96509154,10.85936862,2.45744248,-77.82855500,65.51757030,-74.00000000,-37.75000000,290.50000000,240.97536130,2.02050803,12.87987665,650.00000000,0.00000000,0.00000000,0.10000000,22.507141,-21.867162,5.464770,tracks_run_0227.dat.17-04-18_23h17m14s.csv,1086
787,227,0,1419,1,c,24,7,bottom_left,-1210.46640000,1210.46640000,0.19145900,0.00807427,9.96509154,10.85936862,2.45744248,-77.82855500,65.51757030,-74.00000000,-37.75000000,290.50000000,240.97536130,2.02050803,12.87987665,650.00000000,0.00000000,0.00000000,0.10000000,0.424131,-0.423652,-0.020162,tracks_run_0227.dat.17-04-18_23h17m14s.csv,1087
792,227,0,1469,0,l,48,6,bottom_right,-1181.61020000,1181.61020000,0.19111700,0.00777749,9.38107851,10.18022660,0.99952997,-79.27960420,65.55059420,-110.50000000,-38.00000000,290.50000000,254.43739127,2.21877379,12.39900039,650.00000000,0.00000000,0.00000000,0.10000000,27.998965,-27.475574,5.611396,tracks_run_0227.dat.17-04-18_23h17m14s.csv,1130
792,227,0,1469,1,r,48,6,bottom_right,-1181.61020000,1181.61020000,0.19111700,0.00777749,9.38107851,10.18022660,0.99952997,-79.27960420,65.55059420,-110.50000000,-38.00000000,290.50000000,254.43739127,2.21877379,12.39900039,650.00000000,0.00000000,0.00000000,0.10000000,3.836929,-3.807231,-0.476812,tracks_run_0227.dat.17-04-18_23h17m14s.csv,1131
792,227,0,1469,2,c,48,6,bottom_right,-1181.61020000,1181.61020000,0.19111700,0.00777749,9.38107851,10.18022660,0.99952997,-79.27960420,65.55059420,-110.50000000,-38.00000000,290.50000000,254.43739127,2.21877379,12.39900039,650.00000000,0.00000000,0.00000000,0.10000000,5.157264,4.932320,-1.508383,tracks_run_0227.dat.17-04-18_23h17m14s.csv,1132
793,227,0,1475,0,l,27,2,top_left,-539.07140000,539.07140000,0.18526500,0.00800210,4.49896825,4.54824334,-6.35841828,-72.21033850,112.98169600,-74.00000000,-74.25000000,290.50000000,189.97971484,2.72652018,7.27476352,650.00000000,0.00000000,0.00000000,0.10000000,19.832460,-19.413719,-4.134421,tracks_run_0227.dat.17-04-18_23h17m14s.csv,1134
793,227,0,1475,1,c,27,2,top_left,-539.07140000,539.07140000,0.18526500,0.00800210,4.49896825,4.54824334,-6.35841828,-72.21033850,112.98169600,-74.00000000,-74.25000000,290.50000000,189.97971484,2.72652018,7.27476352,650.00000000,0.00000000,0.00000000,0.10000000,1.391946,0.882006,1.076881,tracks_run_0227.dat.17-04-18_23h17m14s.csv,1135
803,227,0,1651,0,l,27,2,top_left,-1642.69580000,1642.69580000,0.18526500,0.00800210,13.33028106,14.79530147,-8.38434896,-70.35770380,46.42235590,-74.00000000,-74.25000000,290.50000000,252.77353497,1.70387691,16.49917838,650.00000000,0.00000000,0.00000000,0.10000000,17.761122,-16.588711,-6.437192,tracks_run_0227.dat.17-04-18_23h17m14s.csv,1249
803,227,0,1651,1,c,27,2,top_left,-1642.69580000,1642.69580000,0.18526500,0.00800210,13.33028106,14.79530147,-8.38434896,-70.35770380,46.42235590,-74.00000000,-74.25000000,290.50000000,252.77353497,1.70387691,16.49917838,650.00000000,0.00000000,0.00000000,0.10000000,0.527143,0.403073,0.339726,tracks_run_0227.dat.17-04-18_23h17m14s.csv,1250
809,227,0,1762,0,l,10,7,top_right,-1126.11060000,1126.11060000,0.21208800,0.00810101,9.33472123,10.12636793,0.49375021,-76.60404910,75.55082980,-49.00000000,-12.75000000,290.50000000,229.63039143,2.02356574,12.14993367,650.00000000,0.00000000,0.00000000,0.10000000,20.471775,-16.070797,12.852721,tracks_run_0227.dat.17-04-18_23h17m14s.csv,1328
809,227,0,1762,1,c,10,7,top_right,-1126.11060000,1126.11060000,0.21208800,0.00810101,9.33472123,10.12636793,0.49375021,-76.60404910,75.55082980,-49.00000000,-12.75000000,290.50000000,229.63039143,2.02356574,12.14993367,650.00000000,0.00000000,0.00000000,0.10000000,0.581935,0.421217,-0.401531,tracks_run_0227.dat.17-04-18_23h17m14s.csv,1329
815,227,0,1803,0,r,54,9,bottom_right,-617.63434000,617.63434000,0.13288400,0.00794930,5.04264466,5.17141652,-3.71919854,-73.48506200,93.49380580,74.00000000,-37.75000000,290.50000000,214.77595077,2.83939887,8.01081539,650.00000000,0.00000000,0.00000000,0.10000000,22.557051,22.184597,4.189324,tracks_run_0227.dat.17-04-18_23h17m14s.csv,1359
815,227,0,1803,1,c,54,9,bottom_right,-617.63434000,617.63434000,0.13288400,0.00794930,5.04264466,5.17141652,-3.71919854,-73.48506200,93.49380580,74.00000000,-37.75000000,290.50000000,214.77595077,2.83939887,8.01081539,650.00000000,0.00000000,0.00000000,0.10000000,2.748017,-2.728434,0.327607,tracks_run_0227.dat.17-04-18_23h17m14s.csv,1360
828,227,0,1984,0,r,59,9,top_right,-1256.62760000,1256.62760000,0.14848600,0.00807829,10.29988817,11.24922272,-6.67983979,-71.91779680,66.26550390,74.00000000,-12.75000000,290.50000000,245.54261131,2.00811993,13.25734265,650.00000000,0.00000000,0.00000000,0.10000000,23.025873,20.048206,11.566316,tracks_run_0227.dat.17-04-18_23h17m14s.csv,1490
828,227,0,1984,1,c,59,9,top_right,-1256.62760000,1256.62760000,0.14848600,0.00807829,10.29988817,11.24922272,-6.67983979,-71.91779680,66.26550390,74.00000000,-12.75000000,290.50000000,245.54261131,2.00811993,13.25734265,650.00000000,0.00000000,0.00000000,0.10000000,2.780521,-2.621814,-0.926275,tracks_run_0227.dat.17-04-18_23h17m14s.csv,1491
829,227,0,1999,0,r,54,9,bottom_right,-358.90817000,358.90817000,0.13288400,0.00794930,2.98595272,2.81928362,-4.65923758,-69.49294190,103.87556500,74.00000000,-37.75000000,290.50000000,204.99651157,3.54981459,6.36909821,650.00000000,0.00000000,0.00000000,0.10000000,19.989706,19.742779,3.196677,tracks_run_0227.dat.17-04-18_23h17m14s.csv,1503
829,227,0,1999,1,c,54,9,bottom_right,-358.90817000,358.90817000,0.13288400,0.00794930,2.98595272,2.81928362,-4.65923758,-69.49294190,103.87556500,74.00000000,-37.75000000,290.50000000,204.99651157,3.54981459,6.36909821,650.00000000,0.00000000,0.00000000,0.10000000,2.233714,-1.902344,1.170926,tracks_run_0227.dat.17-04-18_23h17m14s.csv,1504
835,227,0,2091,0,l,10,7,top_right,-1381.54430000,1381.54430000,0.21208800,0.00810101,11.40399219,12.53759794,4.83746223,-65.95362320,69.19186740,-49.00000000,-12.75000000,290.50000000,233.89396618,1.77985175,14.31744969,650.00000000,0.00000000,0.00000000,0.10000000,20.619064,-16.947002,11.921653,tracks_run_0227.dat.17-04-18_23h17m14s.csv,1565
835,227,0,2091,1,c,10,7,top_right,-1381.54430000,1381.54430000,0.21208800,0.00810101,11.40399219,12.53759794,4.83746223,-65.95362320,69.19186740,-49.00000000,-12.75000000,290.50000000,233.89396618,1.77985175,14.31744969,650.00000000,0.00000000,0.00000000,0.10000000,0.517211,-0.017793,0.516905,tracks_run_0227.dat.17-04-18_23h17m14s.csv,1566
836,227,0,2098,0,l,10,7,top_right,-1286.10990000,1286.10990000,0.21208800,0.00810101,10.63087716,11.63501763,10.61044810,-73.30704130,72.92974730,-49.00000000,-12.75000000,290.50000000,233.57520338,1.87212846,13.50714609,650.00000000,0.00000000,0.00000000,0.10000000,21.190713,-18.349974,10.786063,tracks_run_0227.dat.17-04-18_23h17m14s.csv,1569
836,227,0,2098,1,c,10,7,top_right,-1286.10990000,1286.10990000,0.21208800,0.00810101,10.63087716,11.63501763,10.61044810,-73.30704130,72.92974730,-49.00000000,-12.75000000,290.50000000,233.57520338,1.87212846,13.50714609,650.00000000,0.00000000,0.00000000,0.10000000,1.063326,1.023811,0.287198,tracks_run_0227.dat.17-04-18_23h17m14s.csv,1570
838,227,0,2127,0,l,27,2,top_left,-780.69885000,780.69885000,0.18526500,0.00800210,6.43249527,6.76906054,-1.13382660,-72.29994700,90.21609420,-74.00000000,-74.25000000,290.50000000,213.13593046,2.43535823,9.20441877,650.00000000,0.00000000,0.00000000,0.10000000,21.393896,-20.443314,-6.445890,tracks_run_0227.dat.17-04-18_23h17m14s.csv,1593
838,227,0,2127,1,c,27,2,top_left,-780.69885000,780.69885000,0.18526500,0.00800210,6.43249527,6.76906054,-1.13382660,-72.29994700,90.21609420,-74.00000000,-74.25000000,290.50000000,213.13593046,2.43535823,9.20441877,650.00000000,0.00000000,0.00000000,0.10000000,0.916285,-0.914712,0.053669,tracks_run_0227.dat.17-04-18_23h17m14s.csv,1594
844,227,0,2242,0,r,18,10,bottom_left,-1059.70560000,1059.70560000,0.21264900,0.00771957,8.39312056,9.03398183,1.16333288,-72.50238210,63.36861900,110.50000000,-38.00000000,290.50000000,254.42795716,2.39764787,11.43162970,650.00000000,0.00000000,0.00000000,0.10000000,27.119296,26.888771,3.667816,tracks_run_0227.dat.17-04-18_23h17m14s.csv,1674
844,227,0,2242,1,c,18,10,bottom_left,-1059.70560000,1059.70560000,0.21264900,0.00771957,8.39312056,9.03398183,1.16333288,-72.50238210,63.36861900,110.50000000,-38.00000000,290.50000000,254.42795716,2.39764787,11.43162970,650.00000000,0.00000000,0.00000000,0.10000000,0.789468,0.655975,0.439278,tracks_run_0227.dat.17-04-18_23h17m14s.csv,1675
845,227,0,2246,0,l,17,7,top_left,-260.87380000,260.87380000,0.20723500,0.00798853,2.29123318,2.02801806,-2.45305839,-69.99191360,80.56825090,-74.00000000,-12.75000000,290.50000000,229.05663231,4.26601150,6.29402957,650.00000000,0.00000000,0.00000000,0.10000000,24.877303,-22.118201,11.684790,tracks_run_0227.dat.17-04-18_23h17m14s.csv,1680
845,227,0,2246,1,c,17,7,top_left,-260.87380000,260.87380000,0.20723500,0.00798853,2.29123318,2.02801806,-2.45305839,-69.99191360,80.56825090,-74.00000000,-12.75000000,290.50000000,229.05663231,4.26601150,6.29402957,650.00000000,0.00000000,0.00000000,0.10000000,0.547543,-0.165256,0.522010,tracks_run_0227.dat.17-04-18_23h17m14s.csv,1681
865,227,0,2565,0,l,10,7,top_right,-899.43066000,899.43066000,0.21208800,0.00810101,7.49838477,7.99875861,-3.47385209,-68.75279470,85.11542560,-49.00000000,-12.75000000,290.50000000,217.69650103,2.24575939,10.24451800,650.00000000,0.00000000,0.00000000,0.10000000,16.072290,-12.443564,10.253683,tracks_run_0227.dat.17-04-18_23h17m14s.csv,1910
865,227,0,2565,1,c,10,7,top_right,-899.43066000,899.43066000,0.21208800,0.00810101,7.49838477,7.99875861,-3.47385209,-68.75279470,85.11542560,-49.00000000,-12.75000000,290.50000000,217.69650103,2.24575939,10.24451800,650.00000000,0.00000000,0.00000000,0.10000000,1.326831,-0.450318,1.248089,tracks_run_0227.dat.17-04-18_23h17m14s.csv,1911
868,227,0,2621,0,l,48,6,bottom_right,-568.08057000,568.08057000,0.19111700,0.00777749,4.60935795,4.67469299,-5.17687333,-73.91004810,105.45874700,-110.50000000,-38.00000000,290.50000000,215.92303693,2.99990619,7.67459919,650.00000000,0.00000000,0.00000000,0.10000000,32.316746,-31.796793,6.102700,tracks_run_0227.dat.17-04-18_23h17m14s.csv,1959
868,227,0,2621,1,c,48,6,bottom_right,-568.08057000,568.08057000,0.19111700,0.00777749,4.60935795,4.67469299,-5.17687333,-73.91004810,105.45874700,-110.50000000,-38.00000000,290.50000000,215.92303693,2.99990619,7.67459919,650.00000000,0.00000000,0.00000000,0.10000000,1.739605,1.358077,-1.087232,tracks_run_0227.dat.17-04-18_23h17m14s.csv,1960
875,227,0,2680,0,l,10,7,top_right,-414.45944000,414.45944000,0.21208800,0.00810101,3.56962807,3.48534153,-4.66609421,-73.07420800,89.19261140,-49.00000000,-12.75000000,290.50000000,214.77702386,3.40132422,6.88666576,650.00000000,0.00000000,0.00000000,0.10000000,19.682332,-15.834653,11.843025,tracks_run_0227.dat.17-04-18_23h17m14s.csv,2000
875,227,0,2680,1,c,10,7,top_right,-414.45944000,414.45944000,0.21208800,0.00810101,3.56962807,3.48534153,-4.66609421,-73.07420800,89.19261140,-49.00000000,-12.75000000,290.50000000,214.77702386,3.40132422,6.88666576,650.00000000,0.00000000,0.00000000,0.10000000,0.611212,0.379663,0.478999,tracks_run_0227.dat.17-04-18_23h17m14s.csv,2001
887,227,0,2859,0,r,37,5,top_left,-2031.60930000,2031.60930000,0.15591400,0.00610310,12.55502872,13.88515132,-2.32164539,-74.51097530,24.61289420,110.50000000,-74.25000000,290.50000000,288.83342052,2.02453484,15.90968616,650.00000000,0.00000000,0.00000000,0.10000000,22.707273,22.296538,-4.413430,tracks_run_0227.dat.17-04-18_23h17m14s.csv,2130
887,227,0,2859,1,c,37,5,top_left,-2031.60930000,2031.60930000,0.15591400,0.00610310,12.55502872,13.88515132,-2.32164539,-74.51097530,24.61289420,110.50000000,-74.25000000,290.50000000,288.83342052,2.02453484,15.90968616,650.00000000,0.00000000,0.00000000,0.10000000,9.903816,-9.066697,4.001816,tracks_run_0227.dat.17-04-18_23h17m14s.csv,2131
899,227,0,3107,0,l,46,2,top_right,-563.63950000,563.63950000,0.13780700,0.00799780,4.64568299,4.71631181,-3.84928873,-64.65467810,118.56643300,-49.00000000,-74.25000000,290.50000000,178.02193233,2.53173689,7.24804870,650.00000000,0.00000000,0.00000000,0.10000000,15.901779,-12.243583,-10.225509,tracks_run_0227.dat.17-04-18_23h17m14s.csv,2310
899,227,0,3107,1,c,46,2,top_right,-563.63950000,563.63950000,0.13780700,0.00799780,4.64568299,4.71631181,-3.84928873,-64.65467810,118.56643300,-49.00000000,-74.25000000,290.50000000,178.02193233,2.53173689,7.24804870,650.00000000,0.00000000,0.00000000,0.10000000,2.098950,0.865199,1.912407,tracks_run_0227.dat.17-04-18_23h17m14s.csv,2311
904,227,0,3171,0,r,31,5,top_right,-374.58295000,374.58295000,0.16255800,0.00607500,2.43814942,2.19521462,-0.74761846,-71.44974670,103.84910600,135.50000000,-74.25000000,290.50000000,231.10562777,4.20469302,6.39990764,650.00000000,0.00000000,0.00000000,0.10000000,37.031865,36.908251,-3.264479,tracks_run_0227.dat.17-04-18_23h17m14s.csv,2356
904,227,0,3171,1,c,31,5,top_right,-374.58295000,374.58295000,0.16255800,0.00607500,2.43814942,2.19521462,-0.74761846,-71.44974670,103.84910600,135.50000000,-74.25000000,290.50000000,231.10562777,4.20469302,6.39990764,650.00000000,0.00000000,0.00000000,0.10000000,2.355466,2.355069,-0.043246,tracks_run_0227.dat.17-04-18_23h17m14s.csv,2357
931,233,1,303,0,r,31,5,top_right,-579.02185000,579.02185000,0.16255800,0.00607500,3.68011574,3.61155431,3.18737901,-69.65758480,111.95770400,135.50000000,-74.25000000,290.50000000,222.27251610,3.44677745,7.05833177,650.00000000,0.00000000,0.00000000,0.10000000,35.540402,35.235470,-4.978976,tracks_run_0233.dat.18-04-18_04h16m06s.1.csv,225
931,233,1,303,1,c,31,5,top_right,-579.02185000,579.02185000,0.16255800,0.00607500,3.68011574,3.61155431,3.18737901,-69.65758480,111.95770400,135.50000000,-74.25000000,290.50000000,222.27251610,3.44677745,7.05833177,650.00000000,0.00000000,0.00000000,0.10000000,0.392947,-0.143880,0.365659,tracks_run_0233.dat.18-04-18_04h16m06s.1.csv,226
941,233,1,472,0,r,31,5,top_right,-1070.47720000,1070.47720000,0.16255800,0.00607500,6.66570699,7.03778270,-0.24268302,-70.01405710,77.29391630,135.50000000,-74.25000000,290.50000000,252.78618105,2.77365594,9.81143864,650.00000000,0.00000000,0.00000000,0.10000000,29.783646,28.916589,-7.464194,tracks_run_0233.dat.18-04-18_04h16m06s.1.csv,362
941,233,1,472,1,c,31,5,top_right,-1070.47720000,1070.47720000,0.16255800,0.00607500,6.66570699,7.03778270,-0.24268302,-70.01405710,77.29391630,135.50000000,-74.25000000,290.50000000,252.78618105,2.77365594,9.81143864,650.00000000,0.00000000,0.00000000,0.10000000,31.216688,-0.799279,31.207486,tracks_run_0233.dat.18-04-18_04h16m06s.1.csv,363
955,233,1,712,0,r,63,9,top_left,-469.69190000,469.69190000,0.12913200,0.00808714,3.92759615,3.89440787,-0.50819857,-64.09819650,119.84217300,49.00000000,-12.75000000,290.50000000,184.96430176,2.86930579,6.76371366,650.00000000,0.00000000,0.00000000,0.10000000,20.595083,18.585904,9.033769,tracks_run_0233.dat.18-04-18_04h16m06s.1.csv,525
955,233,1,712,1,c,63,9,top_left,-469.69190000,469.69190000,0.12913200,0.00808714,3.92759615,3.89440787,-0.50819857,-64.09819650,119.84217300,49.00000000,-12.75000000,290.50000000,184.96430176,2.86930579,6.76371366,650.00000000,0.00000000,0.00000000,0.10000000,1.901683,-1.531385,1.127634,tracks_run_0233.dat.18-04-18_04h16m06s.1.csv,526
966,233,1,881,0,r,31,5,top_right,-1001.65340000,1001.65340000,0.16255800,0.00607500,6.24760240,6.55614603,8.23644655,-70.45829440,93.70070710,135.50000000,-74.25000000,290.50000000,234.39358087,2.69946009,9.25560611,650.00000000,0.00000000,0.00000000,0.10000000,32.227251,31.342691,-7.912817,tracks_run_0233.dat.18-04-18_04h16m06s.1.csv,641
966,233,1,881,1,c,31,5,top_right,-1001.65340000,1001.65340000,0.16255800,0.00607500,6.24760240,6.55614603,8.23644655,-70.45829440,93.70070710,135.50000000,-74.25000000,290.50000000,234.39358087,2.69946009,9.25560611,650.00000000,0.00000000,0.00000000,0.10000000,1.757752,-1.335452,1.143021,tracks_run_0233.dat.18-04-18_04h16m06s.1.csv,642
969,233,1,981,0,l,41,6,bottom_left,-289.57040000,289.57040000,0.32119500,0.00785352,2.59534193,2.37418724,-2.32060071,-75.02733670,84.38966110,-135.50000000,-38.00000000,290.50000000,248.17181117,4.33741733,6.71160457,650.00000000,0.00000000,0.00000000,0.10000000,34.917889,-34.775461,3.369955,tracks_run_0233.dat.18-04-18_04h16m06s.1.csv,709
969,233,1,981,1,c,41,6,bottom_left,-289.57040000,289.57040000,0.32119500,0.00785352,2.59534193,2.37418724,-2.32060071,-75.02733670,84.38966110,-135.50000000,-38.00000000,290.50000000,248.17181117,4.33741733,6.71160457,650.00000000,0.00000000,0.00000000,0.10000000,6.775922,1.206334,6.668167,tracks_run_0233.dat.18-04-18_04h16m06s.1.csv,710
971,233,1,1052,0,l,29,6,top_right,-1537.49440000,1537.49440000,0.22227000,0.00759729,11.90306083,13.12131960,0.57277229,-77.55953300,49.72545630,-110.50000000,-13.00000000,290.50000000,272.90561544,1.99599252,15.11731211,650.00000000,0.00000000,0.00000000,0.10000000,26.502052,-24.280333,10.959889,tracks_run_0233.dat.18-04-18_04h16m06s.1.csv,768
971,233,1,1052,1,c,29,6,top_right,-1537.49440000,1537.49440000,0.22227000,0.00759729,11.90306083,13.12131960,0.57277229,-77.55953300,49.72545630,-110.50000000,-13.00000000,290.50000000,272.90561544,1.99599252,15.11731211,650.00000000,0.00000000,0.00000000,0.10000000,1.085993,-0.994324,0.436713,tracks_run_0233.dat.18-04-18_04h16m06s.1.csv,769
978,233,1,1306,0,l,24,7,bottom_left,-1409.89070000,1409.89070000,0.19145900,0.00807427,11.57529718,12.73786457,-9.10844945,-74.11821770,56.24329090,-74.00000000,-37.75000000,290.50000000,245.78398310,1.84514303,14.58300760,650.00000000,0.00000000,0.00000000,0.10000000,17.771707,-17.413352,3.607212,tracks_run_0233.dat.18-04-18_04h16m06s.1.csv,954
978,233,1,1306,1,c,24,7,bottom_left,-1409.89070000,1409.89070000,0.19145900,0.00807427,11.57529718,12.73786457,-9.10844945,-74.11821770,56.24329090,-74.00000000,-37.75000000,290.50000000,245.78398310,1.84514303,14.58300760,650.00000000,0.00000000,0.00000000,0.10000000,3.711825,3.466429,-1.328031,tracks_run_0233.dat.18-04-18_04h16m06s.1.csv,955
982,233,1,1378,0,l,48,6,bottom_right,-475.82657000,475.82657000,0.19111700,0.00777749,3.89185339,3.85354342,-3.62882324,-83.40877120,87.79827130,-110.50000000,-38.00000000,290.50000000,233.60521343,3.49390483,7.34744825,650.00000000,0.00000000,0.00000000,0.10000000,26.064565,-25.222849,6.796733,tracks_run_0233.dat.18-04-18_04h16m06s.1.csv,1015
982,233,1,1378,1,c,48,6,bottom_right,-475.82657000,475.82657000,0.19111700,0.00777749,3.89185339,3.85354342,-3.62882324,-83.40877120,87.79827130,-110.50000000,-38.00000000,290.50000000,233.60521343,3.49390483,7.34744825,650.00000000,0.00000000,0.00000000,0.10000000,1.447019,0.900503,-1.132724,tracks_run_0233.dat.18-04-18_04h16m06s.1.csv,1016
992,233,1,1575,0,r,59,9,top_right,-1290.31870000,1290.31870000,0.14848600,0.00807829,10.57205465,11.56642793,0.33225700,-74.27289940,61.44243450,74.00000000,-12.75000000,290.50000000,248.35332054,1.99174444,13.55817237,650.00000000,0.00000000,0.00000000,0.10000000,20.239909,18.308992,8.779549,tracks_run_0233.dat.18-04-18_04h16m06s.1.csv,1149
992,233,1,1575,1,c,59,9,top_right,-1290.31870000,1290.31870000,0.14848600,0.00807829,10.57205465,11.56642793,0.33225700,-74.27289940,61.44243450,74.00000000,-12.75000000,290.50000000,248.35332054,1.99174444,13.55817237,650.00000000,0.00000000,0.00000000,0.10000000,4.832530,-4.481485,-1.810059,tracks_run_0233.dat.18-04-18_04h16m06s.1.csv,1150
1007,233,1,1720,0,l,46,2,top_right,-784.89484000,784.89484000,0.13780700,0.00799780,6.41523895,6.74918401,-1.22219746,-68.89207330,93.94690770,-49.00000000,-74.25000000,290.50000000,202.34758187,2.32813918,9.07732319,650.00000000,0.00000000,0.00000000,0.10000000,17.739799,-17.356920,-3.723528,tracks_run_0233.dat.18-04-18_04h16m06s.1.csv,1259
1007,233,1,1720,1,c,46,2,top_right,-784.89484000,784.89484000,0.13780700,0.00799780,6.41523895,6.74918401,-1.22219746,-68.89207330,93.94690770,-49.00000000,-74.25000000,290.50000000,202.34758187,2.32813918,9.07732319,650.00000000,0.00000000,0.00000000,0.10000000,1.407236,-0.974690,1.015081,tracks_run_0233.dat.18-04-18_04h16m06s.1.csv,1260
1014,233,1,1789,0,l,57,1,top_left,-1609.28300000,1609.28300000,0.18811800,0.00790992,12.91741779,14.31034356,3.85829561,-80.36477880,44.47324830,-135.50000000,-74.25000000,290.50000000,282.82023907,1.94268698,16.25303054,650.00000000,0.00000000,0.00000000,0.10000000,25.519238,-25.448464,-1.965897,tracks_run_0233.dat.18-04-18_04h16m06s.1.csv,1312
1014,233,1,1789,1,c,57,1,top_left,-1609.28300000,1609.28300000,0.18811800,0.00790992,12.91741779,14.31034356,3.85829561,-80.36477880,44.47324830,-135.50000000,-74.25000000,290.50000000,282.82023907,1.94268698,16.25303054,650.00000000,0.00000000,0.00000000,0.10000000,8.516091,7.680535,3.689832,tracks_run_0233.dat.18-04-18_04h16m06s.1.csv,1313
1021,233,1,1909,0,r,18,10,bottom_left,-1536.97270000,1536.97270000,0.21264900,0.00771957,12.07741735,13.32545042,4.74854631,-69.82205120,45.18383500,110.50000000,-38.00000000,290.50000000,269.02794225,1.94796705,15.27341747,650.00000000,0.00000000,0.00000000,0.10000000,25.114914,24.599387,5.227836,tracks_run_0233.dat.18-04-18_04h16m06s.1.csv,1395
1021,233,1,1909,1,c,18,10,bottom_left,-1536.97270000,1536.97270000,0.21264900,0.00771957,12.07741735,13.32545042,4.74854631,-69.82205120,45.18383500,110.50000000,-38.00000000,290.50000000,269.02794225,1.94796705,15.27341747,650.00000000,0.00000000,0.00000000,0.10000000,8.895256,-8.559680,-2.429286,tracks_run_0233.dat.18-04-18_04h16m06s.1.csv,1396
1022,233,1,1918,0,r,54,9,bottom_right,-1930.20630000,1930.20630000,0.13288400,0.00794930,15.47667294,17.32583701,5.29874754,-74.11118690,40.10307410,74.00000000,-37.75000000,290.50000000,262.18432162,1.57316451,18.89900152,650.00000000,0.00000000,0.00000000,0.10000000,14.017714,13.614804,3.368660,tracks_run_0233.dat.18-04-18_04h16m06s.1.csv,1403
1022,233,1,1918,1,c,54,9,bottom_right,-1930.20630000,1930.20630000,0.13288400,0.00794930,15.47667294,17.32583701,5.29874754,-74.11118690,40.10307410,74.00000000,-37.75000000,290.50000000,262.18432162,1.57316451,18.89900152,650.00000000,0.00000000,0.00000000,0.10000000,3.104195,-1.683904,-2.608152,tracks_run_0233.dat.18-04-18_04h16m06s.1.csv,1404
1024,233,1,1955,0,l,24,7,bottom_left,-417.52066000,417.52066000,0.19145900,0.00807427,3.56263354,3.47735291,-3.58459635,-68.42268660,106.68240300,-74.00000000,-37.75000000,290.50000000,199.21860290,3.20340923,6.68076214,650.00000000,0.00000000,0.00000000,0.10000000,21.604329,-21.444745,2.685118,tracks_run_0233.dat.18-04-18_04h16m06s.1.csv,1429
1024,233,1,1955,1,c,24,7,bottom_left,-417.52066000,417.52066000,0.19145900,0.00807427,3.56263354,3.47735291,-3.58459635,-68.42268660,106.68240300,-74.00000000,-37.75000000,290.50000000,199.21860290,3.20340923,6.68076214,650.00000000,0.00000000,0.00000000,0.10000000,30.644252,1.254230,30.621068,tracks_run_0233.dat.18-04-18_04h16m06s.1.csv,1430
1040,233,1,2183,0,l,57,1,top_left,-1338.96560000,1338.96560000,0.18811800,0.00790992,10.77922878,11.80805453,-3.04256806,-68.21311380,32.11471230,-135.50000000,-74.25000000,290.50000000,290.42102570,2.27472149,14.08277602,650.00000000,0.00000000,0.00000000,0.10000000,27.668293,-27.325398,-4.520034,tracks_run_0233.dat.18-04-18_04h16m06s.1.csv,1590
1040,233,1,2183,1,c,57,1,top_left,-1338.96560000,1338.96560000,0.18811800,0.00790992,10.77922878,11.80805453,-3.04256806,-68.21311380,32.11471230,-135.50000000,-74.25000000,290.50000000,290.42102570,2.27472149,14.08277602,650.00000000,0.00000000,0.00000000,0.10000000,9.704931,9.291846,2.813684,tracks_run_0233.dat.18-04-18_04h16m06s.1.csv,1591
1043,233,1,2245,0,l,48,6,bottom_right,-686.42290000,686.42290000,0.19111700,0.00777749,5.52976424,5.73061669,1.98522829,-78.74711900,90.91532280,-110.50000000,-38.00000000,290.50000000,232.69571905,2.88501742,8.61563411,650.00000000,0.00000000,0.00000000,0.10000000,31.568202,-30.397378,8.957420,tracks_run_0233.dat.18-04-18_04h16m06s.1.csv,1637
1043,233,1,2245,1,c,48,6,bottom_right,-686.42290000,686.42290000,0.19111700,0.00777749,5.52976424,5.73061669,1.98522829,-78.74711900,90.91532280,-110.50000000,-38.00000000,290.50000000,232.69571905,2.88501742,8.61563411,650.00000000,0.00000000,0.00000000,0.10000000,3.570552,3.342656,-1.255898,tracks_run_0233.dat.18-04-18_04h16m06s.1.csv,1638
1048,233,1,2384,0,r,37,5,top_left,-2397.12130000,2397.12130000,0.15591400,0.00610310,14.78578501,16.50959010,-0.68598152,-72.27480840,30.67716470,110.50000000,-74.25000000,290.50000000,282.62011537,1.75142345,18.26101355,650.00000000,0.00000000,0.00000000,0.10000000,20.081226,19.940024,-2.427107,tracks_run_0233.dat.18-04-18_04h16m06s.1.csv,1748
1048,233,1,2384,1,c,37,5,top_left,-2397.12130000,2397.12130000,0.15591400,0.00610310,14.78578501,16.50959010,-0.68598152,-72.27480840,30.67716470,110.50000000,-74.25000000,290.50000000,282.62011537,1.75142345,18.26101355,650.00000000,0.00000000,0.00000000,0.10000000,7.569356,-7.103879,2.620168,tracks_run_0233.dat.18-04-18_04h16m06s.1.csv,1749
1050,233,1,2493,0,r,67,9,bottom_left,-817.76490000,817.76490000,0.14348100,0.00802875,6.70911094,7.08781605,2.95095692,-74.29172000,100.96961200,49.00000000,-37.75000000,290.50000000,198.43784832,2.22265810,9.31047415,650.00000000,0.00000000,0.00000000,0.10000000,15.561762,15.026276,4.094598,tracks_run_0233.dat.18-04-18_04h16m06s.1.csv,1827
1050,233,1,2493,1,c,67,9,bottom_left,-817.76490000,817.76490000,0.14348100,0.00802875,6.70911094,7.08781605,2.95095692,-74.29172000,100.96961200,49.00000000,-37.75000000,290.50000000,198.43784832,2.22265810,9.31047415,650.00000000,0.00000000,0.00000000,0.10000000,1.333426,-1.314645,0.223030,tracks_run_0233.dat.18-04-18_04h16m06s.1.csv,1828
1056,233,1,2554,0,l,46,2,top_right,-288.60928000,288.60928000,0.13780700,0.00799780,2.44604630,2.20420366,-4.18403386,-73.21393910,138.89542200,-49.00000000,-74.25000000,290.50000000,158.09330256,3.14859435,5.35279801,650.00000000,0.00000000,0.00000000,0.10000000,17.718801,-17.470856,-3.001003,tracks_run_0233.dat.18-04-18_04h16m06s.1.csv,1872
1056,233,1,2554,1,c,46,2,top_right,-288.60928000,288.60928000,0.13780700,0.00799780,2.44604630,2.20420366,-4.18403386,-73.21393910,138.89542200,-49.00000000,-74.25000000,290.50000000,158.09330256,3.14859435,5.35279801,650.00000000,0.00000000,0.00000000,0.10000000,0.539007,0.524673,0.123482,tracks_run_0233.dat.18-04-18_04h16m06s.1.csv,1873
1057,233,1,2558,0,r,18,10,bottom_left,-590.93260000,590.93260000,0.21264900,0.00771957,4.77439457,4.86381710,3.73762720,-71.44139050,103.51472100,110.50000000,-38.00000000,290.50000000,217.89911750,2.96506690,7.82888400,650.00000000,0.00000000,0.00000000,0.10000000,31.519323,30.574192,8.061170,tracks_run_0233.dat.18-04-18_04h16m06s.1.csv,1876
1057,233,1,2558,1,c,18,10,bottom_left,-590.93260000,590.93260000,0.21264900,0.00771957,4.77439457,4.86381710,3.73762720,-71.44139050,103.51472100,110.50000000,-38.00000000,290.50000000,217.89911750,2.96506690,7.82888400,650.00000000,0.00000000,0.00000000,0.10000000,1.802380,-1.617691,-0.794870,tracks_run_0233.dat.18-04-18_04h16m06s.1.csv,1877
1059,233,1,2578,0,r,31,5,top_right,-688.13720000,688.13720000,0.16255800,0.00607500,4.34299149,4.36964506,5.41123811,-64.31317520,92.92142520,135.50000000,-74.25000000,290.50000000,236.76807149,3.34479192,7.71443698,650.00000000,0.00000000,0.00000000,0.10000000,35.000454,33.849394,-9.486287,tracks_run_0233.dat.18-04-18_04h16m06s.1.csv,1894
1059,233,1,2578,1,c,31,5,top_right,-688.13720000,688.13720000,0.16255800,0.00607500,4.34299149,4.36964506,5.41123811,-64.31317520,92.92142520,135.50000000,-74.25000000,290.50000000,236.76807149,3.34479192,7.71443698,650.00000000,0.00000000,0.00000000,0.10000000,3.840803,-2.802797,2.627091,tracks_run_0233.dat.18-04-18_04h16m06s.1.csv,1895
1064,233,1,2632,0,l,27,2,top_left,-1602.98250000,1602.98250000,0.18526500,0.00800210,13.01249126,14.42196751,0.75992816,-66.47267400,45.66074490,-74.00000000,-74.25000000,290.50000000,256.11675950,1.75747283,16.17944034,650.00000000,0.00000000,0.00000000,0.10000000,17.628464,-16.230885,-6.973536,tracks_run_0233.dat.18-04-18_04h16m06s.1.csv,1931
1064,233,1,2632,1,c,27,2,top_left,-1602.98250000,1602.98250000,0.18526500,0.00800210,13.01249126,14.42196751,0.75992816,-66.47267400,45.66074490,-74.00000000,-74.25000000,290.50000000,256.11675950,1.75747283,16.17944034,650.00000000,0.00000000,0.00000000,0.10000000,1.111335,0.805104,-0.766102,tracks_run_0233.dat.18-04-18_04h16m06s.1.csv,1932
1069,233,1,2739,0,r,54,9,bottom_right,-699.49580000,699.49580000,0.13288400,0.00794930,5.69338596,5.91863103,0.80015770,-72.47634880,92.58305630,74.00000000,-37.75000000,290.50000000,213.85802023,2.63343913,8.55207016,650.00000000,0.00000000,0.00000000,0.10000000,18.609393,18.436097,2.578960,tracks_run_0233.dat.18-04-18_04h16m06s.1.csv,2014
1069,233,1,2739,1,c,54,9,bottom_right,-699.49580000,699.49580000,0.13288400,0.00794930,5.69338596,5.91863103,0.80015770,-72.47634880,92.58305630,74.00000000,-37.75000000,290.50000000,213.85802023,2.63343913,8.55207016,650.00000000,0.00000000,0.00000000,0.10000000,1.692658,-0.267890,1.671331,tracks_run_0233.dat.18-04-18_04h16m06s.1.csv,2015
1100,233,2,291,0,r,18,10,bottom_left,-1504.82540000,1504.82540000,0.21264900,0.00771957,11.82925401,13.03494016,5.20011655,-70.72756630,43.52978680,110.50000000,-38.00000000,290.50000000,270.46893585,1.98823514,15.02317530,650.00000000,0.00000000,0.00000000,0.10000000,23.024230,22.585066,4.597463,tracks_run_0233.dat.18-04-18_04h16m06s.2.csv,225
1100,233,2,291,1,c,18,10,bottom_left,-1504.82540000,1504.82540000,0.21264900,0.00771957,11.82925401,13.03494016,5.20011655,-70.72756630,43.52978680,110.50000000,-38.00000000,290.50000000,270.46893585,1.98823514,15.02317530,650.00000000,0.00000000,0.00000000,0.10000000,7.294587,-6.892173,-2.395132,tracks_run_0233.dat.18-04-18_04h16m06s.2.csv,226
1110,233,2,445,0,r,18,10,bottom_left,-1362.69020000,1362.69020000,0.21264900,0.00771957,10.73203139,11.75299551,-2.57224500,-81.29088130,36.42712620,110.50000000,-38.00000000,290.50000000,281.44707885,2.21586064,13.96885615,650.00000000,0.00000000,0.00000000,0.10000000,24.171188,23.807000,4.307401,tracks_run_0233.dat.18-04-18_04h16m06s.2.csv,341
1110,233,2,445,1,c,18,10,bottom_left,-1362.69020000,1362.69020000,0.21264900,0.00771957,10.73203139,11.75299551,-2.57224500,-81.29088130,36.42712620,110.50000000,-38.00000000,290.50000000,281.44707885,2.21586064,13.96885615,650.00000000,0.00000000,0.00000000,0.10000000,8.337566,-8.111016,-1.936887,tracks_run_0233.dat.18-04-18_04h16m06s.2.csv,342
1118,233,2,627,0,l,17,7,top_left,-1587.90170000,1587.90170000,0.20723500,0.00798853,12.89223537,14.28078251,5.55456371,-74.86681530,39.46579740,-74.00000000,-12.75000000,290.50000000,270.56533079,1.86513264,16.14591515,650.00000000,0.00000000,0.00000000,0.10000000,22.084417,-18.703355,11.959836,tracks_run_0233.dat.18-04-18_04h16m06s.2.csv,488
1118,233,2,627,1,c,17,7,top_left,-1587.90170000,1587.90170000,0.20723500,0.00798853,12.89223537,14.28078251,5.55456371,-74.86681530,39.46579740,-74.00000000,-12.75000000,290.50000000,270.56533079,1.86513264,16.14591515,650.00000000,0.00000000,0.00000000,0.10000000,6.564176,4.667125,-4.620998,tracks_run_0233.dat.18-04-18_04h16m06s.2.csv,489
1132,233,2,892,0,r,31,5,top_right,-287.29490000,287.29490000,0.16255800,0.00607500,1.90787452,1.59208618,-5.40201893,-69.39935410,98.75710240,135.50000000,-74.25000000,290.50000000,237.99631611,4.63631287,6.22839905,650.00000000,0.00000000,0.00000000,0.10000000,32.827792,32.351541,-5.901394,tracks_run_0233.dat.18-04-18_04h16m06s.2.csv,692
1132,233,2,892,1,c,31,5,top_right,-287.29490000,287.29490000,0.16255800,0.00607500,1.90787452,1.59208618,-5.40201893,-69.39935410,98.75710240,135.50000000,-74.25000000,290.50000000,237.99631611,4.63631287,6.22839905,650.00000000,0.00000000,0.00000000,0.10000000,2.548259,-1.421819,2.114941,tracks_run_0233.dat.18-04-18_04h16m06s.2.csv,693
1149,233,2,1119,0,l,48,6,bottom_right,-622.10380000,622.10380000,0.19111700,0.00777749,5.02952308,5.15636446,-6.47666777,-69.52643600,89.18106710,-110.50000000,-38.00000000,290.50000000,228.78829201,3.00192247,8.15828693,650.00000000,0.00000000,0.00000000,0.10000000,26.173625,-24.726240,8.866890,tracks_run_0233.dat.18-04-18_04h16m06s.2.csv,865
1149,233,2,1119,1,c,48,6,bottom_right,-622.10380000,622.10380000,0.19111700,0.00777749,5.02952308,5.15636446,-6.47666777,-69.52643600,89.18106710,-110.50000000,-38.00000000,290.50000000,228.78829201,3.00192247,8.15828693,650.00000000,0.00000000,0.00000000,0.10000000,5.996641,1.615098,-5.775813,tracks_run_0233.dat.18-04-18_04h16m06s.2.csv,866
1151,233,2,1147,0,r,31,5,top_right,-432.26553000,432.26553000,0.16255800,0.00607500,2.78857109,2.59430476,-1.79398053,-72.59581950,117.43040500,135.50000000,-74.25000000,290.50000000,220.91957386,3.86772475,6.46202951,650.00000000,0.00000000,0.00000000,0.10000000,34.728892,34.525956,-4.005716,tracks_run_0233.dat.18-04-18_04h16m06s.2.csv,885
1151,233,2,1147,1,c,31,5,top_right,-432.26553000,432.26553000,0.16255800,0.00607500,2.78857109,2.59430476,-1.79398053,-72.59581950,117.43040500,135.50000000,-74.25000000,290.50000000,220.91957386,3.86772475,6.46202951,650.00000000,0.00000000,0.00000000,0.10000000,1.443858,-1.397504,0.362950,tracks_run_0233.dat.18-04-18_04h16m06s.2.csv,886
1152,233,2,1163,0,l,41,6,bottom_left,-1369.12720000,1369.12720000,0.32119500,0.00785352,11.07366285,12.15170323,-6.78958082,-67.91679660,45.33597640,-135.50000000,-38.00000000,290.50000000,278.50814206,2.14516158,14.29686481,650.00000000,0.00000000,0.00000000,0.10000000,26.102915,-25.988982,2.525601,tracks_run_0233.dat.18-04-18_04h16m06s.2.csv,895
1152,233,2,1163,1,c,41,6,bottom_left,-1369.12720000,1369.12720000,0.32119500,0.00785352,11.07366285,12.15170323,-6.78958082,-67.91679660,45.33597640,-135.50000000,-38.00000000,290.50000000,278.50814206,2.14516158,14.29686481,650.00000000,0.00000000,0.00000000,0.10000000,0.998116,-0.054740,0.996614,tracks_run_0233.dat.18-04-18_04h16m06s.2.csv,896
1153,233,2,1169,0,r,54,9,bottom_right,-573.03253000,573.03253000,0.13288400,0.00794930,4.68809149,4.76490633,-0.72013529,-80.56981740,113.59199400,74.00000000,-37.75000000,290.50000000,196.75639244,2.74533750,7.51024383,650.00000000,0.00000000,0.00000000,0.10000000,22.550158,21.813751,5.860613,tracks_run_0233.dat.18-04-18_04h16m06s.2.csv,898
1153,233,2,1169,1,c,54,9,bottom_right,-573.03253000,573.03253000,0.13288400,0.00794930,4.68809149,4.76490633,-0.72013529,-80.56981740,113.59199400,74.00000000,-37.75000000,290.50000000,196.75639244,2.74533750,7.51024383,650.00000000,0.00000000,0.00000000,0.10000000,1.889443,-1.479609,-1.175185,tracks_run_0233.dat.18-04-18_04h16m06s.2.csv,899
1156,233,2,1215,0,r,12,10,top_left,-1443.18970000,1443.18970000,0.20128800,0.00769076,11.30051362,12.41667312,3.91107250,-69.11959300,58.10704130,110.50000000,-13.00000000,290.50000000,261.75770368,1.99363970,14.41031282,650.00000000,0.00000000,0.00000000,0.10000000,25.875288,22.850347,12.480575,tracks_run_0233.dat.18-04-18_04h16m06s.2.csv,936
1156,233,2,1215,1,c,12,10,top_left,-1443.18970000,1443.18970000,0.20128800,0.00769076,11.30051362,12.41667312,3.91107250,-69.11959300,58.10704130,110.50000000,-13.00000000,290.50000000,261.75770368,1.99363970,14.41031282,650.00000000,0.00000000,0.00000000,0.10000000,7.230883,-6.284475,-3.583657,tracks_run_0233.dat.18-04-18_04h16m06s.2.csv,937
1173,233,2,1498,0,r,5,10,top_right,-479.49335000,479.49335000,0.18441600,0.00767440,3.86423977,3.82197593,7.75207402,-68.54931900,104.33818300,135.50000000,-13.00000000,290.50000000,232.51125036,3.49254746,7.31452339,650.00000000,0.00000000,0.00000000,0.10000000,36.686996,35.495536,9.951482,tracks_run_0233.dat.18-04-18_04h16m06s.2.csv,1167
1173,233,2,1498,1,c,5,10,top_right,-479.49335000,479.49335000,0.18441600,0.00767440,3.86423977,3.82197593,7.75207402,-68.54931900,104.33818300,135.50000000,-13.00000000,290.50000000,232.51125036,3.49254746,7.31452339,650.00000000,0.00000000,0.00000000,0.10000000,1.209271,1.208879,0.030801,tracks_run_0233.dat.18-04-18_04h16m06s.2.csv,1168
1183,233,2,1610,0,r,18,10,bottom_left,-1094.44510000,1094.44510000,0.21264900,0.00771957,8.66129456,9.34479349,8.21830910,-76.14085700,73.54673130,110.50000000,-38.00000000,290.50000000,242.86825660,2.24746954,11.59226303,650.00000000,0.00000000,0.00000000,0.10000000,26.293570,25.737247,5.573629,tracks_run_0233.dat.18-04-18_04h16m06s.2.csv,1257
1183,233,2,1610,1,c,18,10,bottom_left,-1094.44510000,1094.44510000,0.21264900,0.00771957,8.66129456,9.34479349,8.21830910,-76.14085700,73.54673130,110.50000000,-38.00000000,290.50000000,242.86825660,2.24746954,11.59226303,650.00000000,0.00000000,0.00000000,0.10000000,1.908999,-1.684177,-0.898920,tracks_run_0233.dat.18-04-18_04h16m06s.2.csv,1258
1207,233,2,1905,0,r,63,9,top_left,-422.39963000,422.39963000,0.12913200,0.00808714,3.54513694,3.45737034,0.30972326,-74.97064710,105.53359100,49.00000000,-12.75000000,290.50000000,201.13359847,3.23602679,6.69339713,650.00000000,0.00000000,0.00000000,0.10000000,19.462312,16.248557,10.860598,tracks_run_0233.dat.18-04-18_04h16m06s.2.csv,1490
1207,233,2,1905,1,c,63,9,top_left,-422.39963000,422.39963000,0.12913200,0.00808714,3.54513694,3.45737034,0.30972326,-74.97064710,105.53359100,49.00000000,-12.75000000,290.50000000,201.13359847,3.23602679,6.69339713,650.00000000,0.00000000,0.00000000,0.10000000,6.426187,-2.712371,-5.827891,tracks_run_0233.dat.18-04-18_04h16m06s.2.csv,1491
1213,233,2,1993,0,r,18,10,bottom_left,-1832.13900000,1832.13900000,0.21264900,0.00771957,14.35597426,16.00261071,-1.16801188,-76.56384150,19.87229600,110.50000000,-38.00000000,290.50000000,295.29014362,1.86862976,17.87124047,650.00000000,0.00000000,0.00000000,0.10000000,21.863348,21.656444,3.075601,tracks_run_0233.dat.18-04-18_04h16m06s.2.csv,1559
1213,233,2,1993,1,c,18,10,bottom_left,-1832.13900000,1832.13900000,0.21264900,0.00771957,14.35597426,16.00261071,-1.16801188,-76.56384150,19.87229600,110.50000000,-38.00000000,290.50000000,295.29014362,1.86862976,17.87124047,650.00000000,0.00000000,0.00000000,0.10000000,1.245134,0.000000,1.245134,tracks_run_0233.dat.18-04-18_04h16m06s.2.csv,1560
1228,233,2,2223,0,l,33,2,bottom_left,-464.39032000,464.39032000,0.17892400,0.00797561,3.88272008,3.84310207,4.39507569,-62.41812460,96.67016510,-74.00000000,-99.25000000,290.50000000,212.30256672,3.23493393,7.07803600,650.00000000,0.00000000,0.00000000,0.10000000,26.181912,-21.021369,-15.975231,tracks_run_0233.dat.18-04-18_04h16m06s.2.csv,1721
1228,233,2,2223,1,c,33,2,bottom_left,-464.39032000,464.39032000,0.17892400,0.00797561,3.88272008,3.84310207,4.39507569,-62.41812460,96.67016510,-74.00000000,-99.25000000,290.50000000,212.30256672,3.23493393,7.07803600,650.00000000,0.00000000,0.00000000,0.10000000,2.238672,0.228432,2.226993,tracks_run_0233.dat.18-04-18_04h16m06s.2.csv,1722
1232,233,2,2318,0,l,48,6,bottom_right,-453.35263000,453.35263000,0.19111700,0.00777749,3.71706255,3.65376882,-3.54938474,-65.32062430,110.65562200,-110.50000000,-38.00000000,290.50000000,211.01860324,3.28876348,6.94253230,650.00000000,0.00000000,0.00000000,0.10000000,32.224223,-32.174731,1.889627,tracks_run_0233.dat.18-04-18_04h16m06s.2.csv,1792
1232,233,2,2318,1,c,48,6,bottom_right,-453.35263000,453.35263000,0.19111700,0.00777749,3.71706255,3.65376882,-3.54938474,-65.32062430,110.65562200,-110.50000000,-38.00000000,290.50000000,211.01860324,3.28876348,6.94253230,650.00000000,0.00000000,0.00000000,0.10000000,1.173624,0.940263,0.702384,tracks_run_0233.dat.18-04-18_04h16m06s.2.csv,1793
1248,233,2,2697,0,l,41,6,bottom_left,-1631.93030000,1631.93030000,0.32119500,0.00785352,13.13759225,14.56889300,-1.89003400,-70.57366980,23.37496950,-135.50000000,-38.00000000,290.50000000,300.44708169,2.03179472,16.60068773,650.00000000,0.00000000,0.00000000,0.10000000,26.546502,-26.442898,2.432301,tracks_run_0233.dat.18-04-18_04h16m06s.2.csv,2060
1248,233,2,2697,1,c,41,6,bottom_left,-1631.93030000,1631.93030000,0.32119500,0.00785352,13.13759225,14.56889300,-1.89003400,-70.57366980,23.37496950,-135.50000000,-38.00000000,290.50000000,300.44708169,2.03179472,16.60068773,650.00000000,0.00000000,0.00000000,0.10000000,12.074465,11.964471,1.638067,tracks_run_0233.dat.18-04-18_04h16m06s.2.csv,2061
1262,233,2,2965,0,l,29,6,top_right,-1169.58180000,1169.58180000,0.22227000,0.00759729,9.10792211,9.86297420,-0.69058227,-82.88520140,48.67572520,-110.50000000,-13.00000000,290.50000000,274.62889411,2.43039474,12.29336894,650.00000000,0.00000000,0.00000000,0.10000000,28.643217,-26.565051,11.124324,tracks_run_0233.dat.18-04-18_04h16m06s.2.csv,2276
1262,233,2,2965,1,c,29,6,top_right,-1169.58180000,1169.58180000,0.22227000,0.00759729,9.10792211,9.86297420,-0.69058227,-82.88520140,48.67572520,-110.50000000,-13.00000000,290.50000000,274.62889411,2.43039474,12.29336894,650.00000000,0.00000000,0.00000000,0.10000000,19.012898,4.152604,18.570258,tracks_run_0233.dat.18-04-18_04h16m06s.2.csv,2277
1265,233,2,2975,0,r,54,9,bottom_right,-1841.72890000,1841.72890000,0.13288400,0.00794930,14.77333954,16.49490134,-3.99951555,-75.14255790,25.73994560,74.00000000,-37.75000000,290.50000000,278.53189085,1.72816370,18.22306504,650.00000000,0.00000000,0.00000000,0.10000000,18.446946,18.169128,3.244682,tracks_run_0233.dat.18-04-18_04h16m06s.2.csv,2288
1265,233,2,2975,1,c,54,9,bottom_right,-1841.72890000,1841.72890000,0.13288400,0.00794930,14.77333954,16.49490134,-3.99951555,-75.14255790,25.73994560,74.00000000,-37.75000000,290.50000000,278.53189085,1.72816370,18.22306504,650.00000000,0.00000000,0.00000000,0.10000000,0.726375,-0.522604,-0.504494,tracks_run_0233.dat.18-04-18_04h16m06s.2.csv,2289
1308,233,3,559,0,l,4,7,bottom_right,-1433.21070000,1433.21070000,0.17915400,0.00826490,12.02449711,13.26348224,0.08383437,-76.41463880,44.20679940,-49.00000000,-37.75000000,290.50000000,254.09548944,1.85117213,15.11465437,650.00000000,0.00000000,0.00000000,0.10000000,14.306147,-13.857540,3.589811,tracks_run_0233.dat.18-04-18_04h16m06s.3.csv,392
1308,233,3,559,1,c,4,7,bottom_right,-1433.21070000,1433.21070000,0.17915400,0.00826490,12.02449711,13.26348224,0.08383437,-76.41463880,44.20679940,-49.00000000,-37.75000000,290.50000000,254.09548944,1.85117213,15.11465437,650.00000000,0.00000000,0.00000000,0.10000000,4.624573,4.046960,2.239895,tracks_run_0233.dat.18-04-18_04h16m06s.3.csv,393
1309,233,3,565,0,r,18,10,bottom_left,-361.15955000,361.15955000,0.21264900,0.00771957,3.00064543,2.83603592,5.75515428,-85.25056410,106.72361600,110.50000000,-38.00000000,290.50000000,216.74376076,3.69993068,6.53596660,650.00000000,0.00000000,0.00000000,0.10000000,28.397588,26.565051,10.422855,tracks_run_0233.dat.18-04-18_04h16m06s.3.csv,396
1309,233,3,565,1,c,18,10,bottom_left,-361.15955000,361.15955000,0.21264900,0.00771957,3.00064543,2.83603592,5.75515428,-85.25056410,106.72361600,110.50000000,-38.00000000,290.50000000,216.74376076,3.69993068,6.53596660,650.00000000,0.00000000,0.00000000,0.10000000,8.137726,-3.173720,7.497176,tracks_run_0233.dat.18-04-18_04h16m06s.3.csv,397
1310,233,3,568,0,r,67,9,bottom_left,-1859.22010000,1859.22010000,0.14348100,0.00802875,15.07069438,16.84599856,-0.84251868,-76.90271410,31.53447730,49.00000000,-37.75000000,290.50000000,266.60899017,1.63160281,18.47760136,650.00000000,0.00000000,0.00000000,0.10000000,10.685638,10.275513,2.947892,tracks_run_0233.dat.18-04-18_04h16m06s.3.csv,399
1310,233,3,568,1,c,67,9,bottom_left,-1859.22010000,1859.22010000,0.14348100,0.00802875,15.07069438,16.84599856,-0.84251868,-76.90271410,31.53447730,49.00000000,-37.75000000,290.50000000,266.60899017,1.63160281,18.47760136,650.00000000,0.00000000,0.00000000,0.10000000,4.645795,-4.402104,-1.486353,tracks_run_0233.dat.18-04-18_04h16m06s.3.csv,400
1335,233,3,1016,0,l,57,1,top_left,-770.25867000,770.25867000,0.18811800,0.00790992,6.28080246,6.59436919,2.65577570,-75.42600610,85.21646530,-135.50000000,-74.25000000,290.50000000,247.44642040,2.82297353,9.41734273,650.00000000,0.00000000,0.00000000,0.10000000,32.404863,-31.861492,-6.247582,tracks_run_0233.dat.18-04-18_04h16m06s.3.csv,733
1335,233,3,1016,1,c,57,1,top_left,-770.25867000,770.25867000,0.18811800,0.00790992,6.28080246,6.59436919,2.65577570,-75.42600610,85.21646530,-135.50000000,-74.25000000,290.50000000,247.44642040,2.82297353,9.41734273,650.00000000,0.00000000,0.00000000,0.10000000,3.788725,3.056187,2.240294,tracks_run_0233.dat.18-04-18_04h16m06s.3.csv,734
1338,233,3,1065,0,l,24,7,bottom_left,-1759.86320000,1759.86320000,0.19145900,0.00807427,14.40106964,16.05577306,-5.64663842,-70.80593700,34.42223730,-74.00000000,-37.75000000,290.50000000,267.09679436,1.69299020,17.74876327,650.00000000,0.00000000,0.00000000,0.10000000,18.274918,-17.557806,5.150949,tracks_run_0233.dat.18-04-18_04h16m06s.3.csv,771
1338,233,3,1065,1,c,24,7,bottom_left,-1759.86320000,1759.86320000,0.19145900,0.00807427,14.40106964,16.05577306,-5.64663842,-70.80593700,34.42223730,-74.00000000,-37.75000000,290.50000000,267.09679436,1.69299020,17.74876327,650.00000000,0.00000000,0.00000000,0.10000000,6.078422,5.660168,-2.219403,tracks_run_0233.dat.18-04-18_04h16m06s.3.csv,772
1362,233,3,1478,0,r,12,10,top_left,-1585.05920000,1585.05920000,0.20128800,0.00769076,12.39159789,13.69354351,-0.20653833,-73.21402530,34.82141980,110.50000000,-13.00000000,290.50000000,285.04947438,2.01894979,15.71249329,650.00000000,0.00000000,0.00000000,0.10000000,24.862660,23.300360,8.927175,tracks_run_0233.dat.18-04-18_04h16m06s.3.csv,1075
1362,233,3,1478,1,c,12,10,top_left,-1585.05920000,1585.05920000,0.20128800,0.00769076,12.39159789,13.69354351,-0.20653833,-73.21402530,34.82141980,110.50000000,-13.00000000,290.50000000,285.04947438,2.01894979,15.71249329,650.00000000,0.00000000,0.00000000,0.10000000,2.666716,0.140447,2.663018,tracks_run_0233.dat.18-04-18_04h16m06s.3.csv,1076
1363,233,3,1488,0,l,4,7,bottom_right,-654.53120000,654.53120000,0.17915400,0.00826490,5.58878891,5.79843023,-1.91001403,-68.79448910,106.57714900,-49.00000000,-37.75000000,290.50000000,192.37682345,2.42560255,8.22403277,650.00000000,0.00000000,0.00000000,0.10000000,19.487423,-18.958234,4.595856,tracks_run_0233.dat.18-04-18_04h16m06s.3.csv,1083
1363,233,3,1488,1,c,4,7,bottom_right,-654.53120000,654.53120000,0.17915400,0.00826490,5.58878891,5.79843023,-1.91001403,-68.79448910,106.57714900,-49.00000000,-37.75000000,290.50000000,192.37682345,2.42560255,8.22403277,650.00000000,0.00000000,0.00000000,0.10000000,0.999300,-0.145984,0.988580,tracks_run_0233.dat.18-04-18_04h16m06s.3.csv,1084
1374,233,3,1809,0,l,33,2,bottom_left,-349.34805000,349.34805000,0.17892400,0.00797561,2.96518780,2.79560919,-3.52013867,-68.55016850,111.33849700,-74.00000000,-99.25000000,290.50000000,194.95828955,3.42287313,6.21848232,650.00000000,0.00000000,0.00000000,0.10000000,26.761416,-24.199173,-11.788070,tracks_run_0233.dat.18-04-18_04h16m06s.3.csv,1335
1374,233,3,1809,1,c,33,2,bottom_left,-349.34805000,349.34805000,0.17892400,0.00797561,2.96518780,2.79560919,-3.52013867,-68.55016850,111.33849700,-74.00000000,-99.25000000,290.50000000,194.95828955,3.42287313,6.21848232,650.00000000,0.00000000,0.00000000,0.10000000,2.158711,0.149439,2.153535,tracks_run_0233.dat.18-04-18_04h16m06s.3.csv,1336
1376,233,3,1857,0,l,41,6,bottom_left,-776.63965000,776.63965000,0.32119500,0.00785352,6.42055002,6.75530141,2.21198012,-70.40959510,88.10158220,-135.50000000,-38.00000000,290.50000000,246.94147252,2.78031829,9.53561970,650.00000000,0.00000000,0.00000000,0.10000000,32.351166,-32.157825,3.737835,tracks_run_0233.dat.18-04-18_04h16m06s.3.csv,1368
1376,233,3,1857,1,c,41,6,bottom_left,-776.63965000,776.63965000,0.32119500,0.00785352,6.42055002,6.75530141,2.21198012,-70.40959510,88.10158220,-135.50000000,-38.00000000,290.50000000,246.94147252,2.78031829,9.53561970,650.00000000,0.00000000,0.00000000,0.10000000,0.985897,0.012810,0.985814,tracks_run_0233.dat.18-04-18_04h16m06s.3.csv,1369
1383,233,3,1916,0,l,17,7,top_left,-468.27408000,468.27408000,0.20723500,0.00798853,3.94805654,3.91780204,-2.34965801,-77.45264270,104.57668500,-74.00000000,-12.75000000,290.50000000,209.49387232,3.17300660,7.09080864,650.00000000,0.00000000,0.00000000,0.10000000,25.418385,-21.269018,14.254138,tracks_run_0233.dat.18-04-18_04h16m06s.3.csv,1414
1383,233,3,1916,1,c,17,7,top_left,-468.27408000,468.27408000,0.20723500,0.00798853,3.94805654,3.91780204,-2.34965801,-77.45264270,104.57668500,-74.00000000,-12.75000000,290.50000000,209.49387232,3.17300660,7.09080864,650.00000000,0.00000000,0.00000000,0.10000000,7.702108,-1.061282,-7.629076,tracks_run_0233.dat.18-04-18_04h16m06s.3.csv,1415
1387,233,3,1995,0,r,37,5,top_left,-511.09222000,511.09222000,0.15591400,0.00610310,3.27516093,3.14916720,0.65433398,-70.86768220,120.88266800,110.50000000,-74.25000000,290.50000000,202.10776762,3.37077041,6.51993761,650.00000000,0.00000000,0.00000000,0.10000000,29.162844,28.853956,-4.428047,tracks_run_0233.dat.18-04-18_04h16m06s.3.csv,1468
1387,233,3,1995,1,c,37,5,top_left,-511.09222000,511.09222000,0.15591400,0.00610310,3.27516093,3.14916720,0.65433398,-70.86768220,120.88266800,110.50000000,-74.25000000,290.50000000,202.10776762,3.37077041,6.51993761,650.00000000,0.00000000,0.00000000,0.10000000,1.513945,-1.285316,0.800063,tracks_run_0233.dat.18-04-18_04h16m06s.3.csv,1469
1390,233,3,2024,0,r,59,9,top_right,-742.31903000,742.31903000,0.14848600,0.00807829,6.14515440,6.43822144,-5.43542616,-65.84616300,93.51430610,74.00000000,-12.75000000,290.50000000,218.93504301,2.56657092,9.00479235,650.00000000,0.00000000,0.00000000,0.10000000,26.208505,24.444281,9.758193,tracks_run_0233.dat.18-04-18_04h16m06s.3.csv,1490
1390,233,3,2024,1,c,59,9,top_right,-742.31903000,742.31903000,0.14848600,0.00807829,6.14515440,6.43822144,-5.43542616,-65.84616300,93.51430610,74.00000000,-12.75000000,290.50000000,218.93504301,2.56657092,9.00479235,650.00000000,0.00000000,0.00000000,0.10000000,16.069578,4.262087,-15.508447,tracks_run_0233.dat.18-04-18_04h16m06s.3.csv,1491
1403,233,3,2329,0,l,27,2,top_left,-1213.39540000,1213.39540000,0.18526500,0.00800210,9.89497633,10.77777120,3.96281580,-77.35103870,69.28384150,-74.00000000,-74.25000000,290.50000000,234.57281571,1.98012476,12.75789595,650.00000000,0.00000000,0.00000000,0.10000000,18.361067,-18.308148,-1.417509,tracks_run_0233.dat.18-04-18_04h16m06s.3.csv,1696
1403,233,3,2329,1,c,27,2,top_left,-1213.39540000,1213.39540000,0.18526500,0.00800210,9.89497633,10.77777120,3.96281580,-77.35103870,69.28384150,-74.00000000,-74.25000000,290.50000000,234.57281571,1.98012476,12.75789595,650.00000000,0.00000000,0.00000000,0.10000000,4.684523,4.004615,2.432582,tracks_run_0233.dat.18-04-18_04h16m06s.3.csv,1697
1404,233,3,2330,0,r,31,5,top_right,-2383.82980000,2383.82980000,0.16255800,0.00607500,14.64432404,16.34266174,3.51776268,-72.87192840,19.33081150,135.50000000,-74.25000000,290.50000000,301.58570729,1.87795157,18.22061331,650.00000000,0.00000000,0.00000000,0.10000000,25.162468,25.038736,-2.576762,tracks_run_0233.dat.18-04-18_04h16m06s.3.csv,1698
1404,233,3,2330,1,c,31,5,top_right,-2383.82980000,2383.82980000,0.16255800,0.00607500,14.64432404,16.34266174,3.51776268,-72.87192840,19.33081150,135.50000000,-74.25000000,290.50000000,301.58570729,1.87795157,18.22061331,650.00000000,0.00000000,0.00000000,0.10000000,10.388907,-10.344064,0.969516,tracks_run_0233.dat.18-04-18_04h16m06s.3.csv,1699
1415,233,3,2520,0,l,41,6,bottom_left,-1095.90140000,1095.90140000,0.32119500,0.00785352,8.92787856,9.65400470,-0.19749500,-73.81206510,56.92007360,-135.50000000,-38.00000000,290.50000000,272.30287160,2.44491013,12.09891484,650.00000000,0.00000000,0.00000000,0.10000000,28.700443,-27.816508,7.368599,tracks_run_0233.dat.18-04-18_04h16m06s.3.csv,1840
1415,233,3,2520,1,c,41,6,bottom_left,-1095.90140000,1095.90140000,0.32119500,0.00785352,8.92787856,9.65400470,-0.19749500,-73.81206510,56.92007360,-135.50000000,-38.00000000,290.50000000,272.30287160,2.44491013,12.09891484,650.00000000,0.00000000,0.00000000,0.10000000,5.999784,5.394722,-2.629606,tracks_run_0233.dat.18-04-18_04h16m06s.3.csv,1841
1446,233,3,2935,0,r,12,10,top_left,-1452.72230000,1452.72230000,0.20128800,0.00769076,11.37382656,12.50234269,2.43403866,-73.64545640,37.20692400,110.50000000,-13.00000000,290.50000000,281.98139253,2.12857553,14.63091822,650.00000000,0.00000000,0.00000000,0.10000000,23.674525,21.243892,10.699868,tracks_run_0233.dat.18-04-18_04h16m06s.3.csv,2134
1446,233,3,2935,1,c,12,10,top_left,-1452.72230000,1452.72230000,0.20128800,0.00769076,11.37382656,12.50234269,2.43403866,-73.64545640,37.20692400,110.50000000,-13.00000000,290.50000000,281.98139253,2.12857553,14.63091822,650.00000000,0.00000000,0.00000000,0.10000000,9.724835,-9.181454,-3.219033,tracks_run_0233.dat.18-04-18_04h16m06s.3.csv,2135
1450,233,3,3024,0,l,4,7,bottom_right,-1770.25840000,1770.25840000,0.17915400,0.00826490,14.81016265,16.53836335,2.59798145,-67.20153560,24.15981270,-49.00000000,-37.75000000,290.50000000,272.88613012,1.69117700,18.22954036,650.00000000,0.00000000,0.00000000,0.10000000,14.187047,-13.615720,4.023741,tracks_run_0233.dat.18-04-18_04h16m06s.3.csv,2191
1450,233,3,3024,1,c,4,7,bottom_right,-1770.25840000,1770.25840000,0.17915400,0.00826490,14.81016265,16.53836335,2.59798145,-67.20153560,24.15981270,-49.00000000,-37.75000000,290.50000000,272.88613012,1.69117700,18.22954036,650.00000000,0.00000000,0.00000000,0.10000000,7.235842,6.856388,-2.317978,tracks_run_0233.dat.18-04-18_04h16m06s.3.csv,2192
1454,233,3,3069,0,r,54,9,bottom_right,-274.78226000,274.78226000,0.13288400,0.00794930,2.31721062,2.05757609,3.63778502,-71.86903510,111.80644700,74.00000000,-37.75000000,290.50000000,195.05469935,3.77210859,5.82968468,650.00000000,0.00000000,0.00000000,0.10000000,23.594733,23.349905,3.489286,tracks_run_0233.dat.18-04-18_04h16m06s.3.csv,2229
1454,233,3,3069,1,c,54,9,bottom_right,-274.78226000,274.78226000,0.13288400,0.00794930,2.31721062,2.05757609,3.63778502,-71.86903510,111.80644700,74.00000000,-37.75000000,290.50000000,195.05469935,3.77210859,5.82968468,650.00000000,0.00000000,0.00000000,0.10000000,0.761294,-0.196970,0.735373,tracks_run_0233.dat.18-04-18_04h16m06s.3.csv,2230
1467,233,4,114,0,l,41,6,bottom_left,-781.53900000,781.53900000,0.32119500,0.00785352,6.45902717,6.79962305,-2.72186389,-80.95867000,67.31259830,-135.50000000,-38.00000000,290.50000000,263.22632284,2.93091685,9.73053990,650.00000000,0.00000000,0.00000000,0.10000000,31.903986,-31.573773,4.835075,tracks_run_0233.dat.18-04-18_04h16m06s.4.csv,89
1467,233,4,114,1,c,41,6,bottom_left,-781.53900000,781.53900000,0.32119500,0.00785352,6.45902717,6.79962305,-2.72186389,-80.95867000,67.31259830,-135.50000000,-38.00000000,290.50000000,263.22632284,2.93091685,9.73053990,650.00000000,0.00000000,0.00000000,0.10000000,3.965322,3.706220,-1.410847,tracks_run_0233.dat.18-04-18_04h16m06s.4.csv,90
1473,233,4,188,0,r,31,5,top_right,-1640.43240000,1640.43240000,0.16255800,0.00607500,10.12818483,11.04923508,1.97707721,-67.25725860,57.05676360,135.50000000,-74.25000000,290.50000000,269.02232986,2.21392769,13.26316277,650.00000000,0.00000000,0.00000000,0.10000000,28.175245,27.291660,-7.286376,tracks_run_0233.dat.18-04-18_04h16m06s.4.csv,151
1473,233,4,188,1,c,31,5,top_right,-1640.43240000,1640.43240000,0.16255800,0.00607500,10.12818483,11.04923508,1.97707721,-67.25725860,57.05676360,135.50000000,-74.25000000,290.50000000,269.02232986,2.21392769,13.26316277,650.00000000,0.00000000,0.00000000,0.10000000,2.139171,0.978400,1.902403,tracks_run_0233.dat.18-04-18_04h16m06s.4.csv,152
1483,233,4,337,0,r,18,10,bottom_left,-305.85770000,305.85770000,0.21264900,0.00771957,2.57373893,2.34958601,1.98849114,-66.30551100,124.08153800,110.50000000,-38.00000000,290.50000000,200.67649091,3.70726069,6.05684670,650.00000000,0.00000000,0.00000000,0.10000000,31.189743,29.890234,9.352553,tracks_run_0233.dat.18-04-18_04h16m06s.4.csv,257
1483,233,4,337,1,c,18,10,bottom_left,-305.85770000,305.85770000,0.21264900,0.00771957,2.57373893,2.34958601,1.98849114,-66.30551100,124.08153800,110.50000000,-38.00000000,290.50000000,200.67649091,3.70726069,6.05684670,650.00000000,0.00000000,0.00000000,0.10000000,1.005335,-0.959035,0.301594,tracks_run_0233.dat.18-04-18_04h16m06s.4.csv,258
1489,233,4,437,0,l,31,5,top_right,-317.56900000,317.56900000,0.16255800,0.00607500,2.09178968,1.80116083,-2.57177336,-72.89019160,107.33095500,135.50000000,-74.25000000,290.50000000,229.38300444,4.39603653,6.19719735,650.00000000,0.00000000,0.00000000,0.10000000,2.024170,1.987150,0.385435,tracks_run_0233.dat.18-04-18_04h16m06s.4.csv,332
1489,233,4,437,1,r,31,5,top_right,-317.56900000,317.56900000,0.16255800,0.00607500,2.09178968,1.80116083,-2.57177336,-72.89019160,107.33095500,135.50000000,-74.25000000,290.50000000,229.38300444,4.39603653,6.19719735,650.00000000,0.00000000,0.00000000,0.10000000,33.483075,32.924264,-6.466882,tracks_run_0233.dat.18-04-18_04h16m06s.4.csv,333
1489,233,4,437,2,c,31,5,top_right,-317.56900000,317.56900000,0.16255800,0.00607500,2.09178968,1.80116083,-2.57177336,-72.89019160,107.33095500,135.50000000,-74.25000000,290.50000000,229.38300444,4.39603653,6.19719735,650.00000000,0.00000000,0.00000000,0.10000000,2.572852,-2.438684,0.820240,tracks_run_0233.dat.18-04-18_04h16m06s.4.csv,334
1490,233,4,465,0,r,12,10,top_left,-1437.34880000,1437.34880000,0.20128800,0.00769076,11.25559266,12.36418992,-0.35582572,-69.25425090,37.09835050,110.50000000,-13.00000000,290.50000000,282.25157362,2.14676731,14.51095724,650.00000000,0.00000000,0.00000000,0.10000000,24.265357,21.793237,10.940993,tracks_run_0233.dat.18-04-18_04h16m06s.4.csv,358
1490,233,4,465,1,c,12,10,top_left,-1437.34880000,1437.34880000,0.20128800,0.00769076,11.25559266,12.36418992,-0.35582572,-69.25425090,37.09835050,110.50000000,-13.00000000,290.50000000,282.25157362,2.14676731,14.51095724,650.00000000,0.00000000,0.00000000,0.10000000,9.795105,-3.085814,9.300841,tracks_run_0233.dat.18-04-18_04h16m06s.4.csv,359
1492,233,4,483,0,l,17,7,top_left,-1249.79970000,1249.79970000,0.20723500,0.00798853,10.19129740,11.12273238,0.96874137,-80.54936280,55.66468370,-74.00000000,-12.75000000,290.50000000,255.66519427,2.10164979,13.22438217,650.00000000,0.00000000,0.00000000,0.10000000,20.959129,-17.841284,11.182665,tracks_run_0233.dat.18-04-18_04h16m06s.4.csv,373
1492,233,4,483,1,c,17,7,top_left,-1249.79970000,1249.79970000,0.20723500,0.00798853,10.19129740,11.12273238,0.96874137,-80.54936280,55.66468370,-74.00000000,-12.75000000,290.50000000,255.66519427,2.10164979,13.22438217,650.00000000,0.00000000,0.00000000,0.10000000,3.596692,2.008687,-2.984129,tracks_run_0233.dat.18-04-18_04h16m06s.4.csv,374
1500,233,4,545,0,l,27,2,top_left,-1310.05040000,1310.05040000,0.18526500,0.00800210,10.66841931,11.67879961,-3.06633048,-78.79502710,53.33253200,-74.00000000,-74.25000000,290.50000000,247.58968197,1.97290704,13.65170665,650.00000000,0.00000000,0.00000000,0.10000000,19.567013,-18.993395,-4.792374,tracks_run_0233.dat.18-04-18_04h16m06s.4.csv,423
1500,233,4,545,1,c,27,2,top_left,-1310.05040000,1310.05040000,0.18526500,0.00800210,10.66841931,11.67879961,-3.06633048,-78.79502710,53.33253200,-74.00000000,-74.25000000,290.50000000,247.58968197,1.97290704,13.65170665,650.00000000,0.00000000,0.00000000,0.10000000,5.121082,3.947157,3.265319,tracks_run_0233.dat.18-04-18_04h16m06s.4.csv,424
1528,233,4,915,0,l,48,6,bottom_right,-1013.59540000,1013.59540000,0.19111700,0.00777749,8.07434509,8.66484153,2.32383012,-73.76370020,66.59260620,-110.50000000,-38.00000000,290.50000000,253.26424914,2.45196647,11.11680800,650.00000000,0.00000000,0.00000000,0.10000000,25.376471,-25.013472,4.421544,tracks_run_0233.dat.18-04-18_04h16m06s.4.csv,706
1528,233,4,915,1,c,48,6,bottom_right,-1013.59540000,1013.59540000,0.19111700,0.00777749,8.07434509,8.66484153,2.32383012,-73.76370020,66.59260620,-110.50000000,-38.00000000,290.50000000,253.26424914,2.45196647,11.11680800,650.00000000,0.00000000,0.00000000,0.10000000,2.328678,2.194750,0.778531,tracks_run_0233.dat.18-04-18_04h16m06s.4.csv,707
1533,233,4,964,0,l,57,1,top_left,-1451.22380000,1451.22380000,0.18811800,0.00790992,11.66718216,12.84532518,-3.67071074,-67.81407930,21.78982970,-135.50000000,-74.25000000,290.50000000,299.37524648,2.21047067,15.05579584,650.00000000,0.00000000,0.00000000,0.10000000,28.036571,-27.301717,-6.637338,tracks_run_0233.dat.18-04-18_04h16m06s.4.csv,740
1533,233,4,964,1,c,57,1,top_left,-1451.22380000,1451.22380000,0.18811800,0.00790992,11.66718216,12.84532518,-3.67071074,-67.81407930,21.78982970,-135.50000000,-74.25000000,290.50000000,299.37524648,2.21047067,15.05579584,650.00000000,0.00000000,0.00000000,0.10000000,11.504034,10.314516,5.122282,tracks_run_0233.dat.18-04-18_04h16m06s.4.csv,741
1534,233,4,981,0,l,57,1,top_left,-673.16486000,673.16486000,0.18811800,0.00790992,5.51279819,5.71112656,4.56678597,-73.52438990,90.68000520,-135.50000000,-74.25000000,290.50000000,244.02307547,3.01196409,8.72309065,650.00000000,0.00000000,0.00000000,0.10000000,35.232649,-34.306712,-8.566716,tracks_run_0233.dat.18-04-18_04h16m06s.4.csv,754
1534,233,4,981,1,c,57,1,top_left,-673.16486000,673.16486000,0.18811800,0.00790992,5.51279819,5.71112656,4.56678597,-73.52438990,90.68000520,-135.50000000,-74.25000000,290.50000000,244.02307547,3.01196409,8.72309065,650.00000000,0.00000000,0.00000000,0.10000000,25.102718,-0.254724,25.101510,tracks_run_0233.dat.18-04-18_04h16m06s.4.csv,755
1542,233,4,1153,0,r,5,10,top_right,-1103.44290000,1103.44290000,0.18441600,0.00767440,8.65267819,9.33480338,0.34052299,-63.72622290,61.73385020,135.50000000,-13.00000000,290.50000000,270.50912223,2.48343386,11.81823725,650.00000000,0.00000000,0.00000000,0.10000000,30.778971,30.140317,6.553325,tracks_run_0233.dat.18-04-18_04h16m06s.4.csv,893
1542,233,4,1153,1,c,5,10,top_right,-1103.44290000,1103.44290000,0.18441600,0.00767440,8.65267819,9.33480338,0.34052299,-63.72622290,61.73385020,135.50000000,-13.00000000,290.50000000,270.50912223,2.48343386,11.81823725,650.00000000,0.00000000,0.00000000,0.10000000,1.153728,0.699099,0.917818,tracks_run_0233.dat.18-04-18_04h16m06s.4.csv,894
1547,233,4,1220,0,r,12,10,top_left,-1601.37500000,1601.37500000,0.20128800,0.00769076,12.51707879,13.84065038,0.57579619,-79.33662350,38.39989250,110.50000000,-13.00000000,290.50000000,282.91048478,1.98958687,15.83023725,650.00000000,0.00000000,0.00000000,0.10000000,26.113498,23.436609,11.857147,tracks_run_0233.dat.18-04-18_04h16m06s.4.csv,941
1547,233,4,1220,1,c,12,10,top_left,-1601.37500000,1601.37500000,0.20128800,0.00769076,12.51707879,13.84065038,0.57579619,-79.33662350,38.39989250,110.50000000,-13.00000000,290.50000000,282.91048478,1.98958687,15.83023725,650.00000000,0.00000000,0.00000000,0.10000000,10.528788,-8.647522,-6.029295,tracks_run_0233.dat.18-04-18_04h16m06s.4.csv,942
1565,233,4,1446,0,l,41,6,bottom_left,-488.18405000,488.18405000,0.32119500,0.00785352,4.15515820,4.15467984,-3.21667018,-78.71581500,97.44833110,-135.50000000,-38.00000000,290.50000000,237.54074136,3.42996104,7.58464089,650.00000000,0.00000000,0.00000000,0.10000000,34.733477,-34.473583,4.530596,tracks_run_0233.dat.18-04-18_04h16m06s.4.csv,1112
1565,233,4,1446,1,c,41,6,bottom_left,-488.18405000,488.18405000,0.32119500,0.00785352,4.15515820,4.15467984,-3.21667018,-78.71581500,97.44833110,-135.50000000,-38.00000000,290.50000000,237.54074136,3.42996104,7.58464089,650.00000000,0.00000000,0.00000000,0.10000000,0.843343,-0.204185,0.818253,tracks_run_0233.dat.18-04-18_04h16m06s.4.csv,1113
1599,233,4,2031,0,r,12,10,top_left,-526.04380000,526.04380000,0.20128800,0.00769076,4.24696462,4.25973242,0.48110305,-68.54798690,83.15225480,110.50000000,-13.00000000,290.50000000,241.21116055,3.43558390,7.69531632,650.00000000,0.00000000,0.00000000,0.10000000,29.568157,28.190180,9.312039,tracks_run_0233.dat.18-04-18_04h16m06s.4.csv,1544
1599,233,4,2031,1,c,12,10,top_left,-526.04380000,526.04380000,0.20128800,0.00769076,4.24696462,4.25973242,0.48110305,-68.54798690,83.15225480,110.50000000,-13.00000000,290.50000000,241.21116055,3.43558390,7.69531632,650.00000000,0.00000000,0.00000000,0.10000000,3.389729,-0.183552,3.384762,tracks_run_0233.dat.18-04-18_04h16m06s.4.csv,1545
1601,233,4,2062,0,l,46,2,top_right,-1174.65260000,1174.65260000,0.13780700,0.00799780,9.53244356,10.35613594,4.59561575,-79.63523830,74.42540660,-49.00000000,-74.25000000,290.50000000,222.68749568,1.93707239,12.29320833,650.00000000,0.00000000,0.00000000,0.10000000,15.953744,-15.357210,-4.374788,tracks_run_0233.dat.18-04-18_04h16m06s.4.csv,1559
1601,233,4,2062,1,c,46,2,top_right,-1174.65260000,1174.65260000,0.13780700,0.00799780,9.53244356,10.35613594,4.59561575,-79.63523830,74.42540660,-49.00000000,-74.25000000,290.50000000,222.68749568,1.93707239,12.29320833,650.00000000,0.00000000,0.00000000,0.10000000,2.529015,2.475469,0.517816,tracks_run_0233.dat.18-04-18_04h16m06s.4.csv,1560
1608,233,4,2206,0,l,46,2,top_right,-434.21225000,434.21225000,0.13780700,0.00799780,3.61054973,3.53208252,5.17195830,-68.62342280,114.33492800,-49.00000000,-74.25000000,290.50000000,184.39195218,2.98763019,6.51971271,650.00000000,0.00000000,0.00000000,0.10000000,18.150326,-17.343496,-5.435621,tracks_run_0233.dat.18-04-18_04h16m06s.4.csv,1666
1608,233,4,2206,1,c,46,2,top_right,-434.21225000,434.21225000,0.13780700,0.00799780,3.61054973,3.53208252,5.17195830,-68.62342280,114.33492800,-49.00000000,-74.25000000,290.50000000,184.39195218,2.98763019,6.51971271,650.00000000,0.00000000,0.00000000,0.10000000,0.848739,-0.297943,-0.794728,tracks_run_0233.dat.18-04-18_04h16m06s.4.csv,1667
1626,233,4,2518,0,r,31,5,top_right,-1486.29150000,1486.29150000,0.16255800,0.00607500,9.19177886,9.96034107,2.22054090,-74.72458910,48.29332020,135.50000000,-74.25000000,290.50000000,276.45562970,2.42997215,12.39031323,650.00000000,0.00000000,0.00000000,0.10000000,29.724825,29.577877,-3.095354,tracks_run_0233.dat.18-04-18_04h16m06s.4.csv,1913
1626,233,4,2518,1,c,31,5,top_right,-1486.29150000,1486.29150000,0.16255800,0.00607500,9.19177886,9.96034107,2.22054090,-74.72458910,48.29332020,135.50000000,-74.25000000,290.50000000,276.45562970,2.42997215,12.39031323,650.00000000,0.00000000,0.00000000,0.10000000,8.301274,-8.253232,0.894905,tracks_run_0233.dat.18-04-18_04h16m06s.4.csv,1914
1668,233,5,230,0,r,18,10,bottom_left,-434.98672000,434.98672000,0.21264900,0.00771957,3.57055943,3.48640528,-0.05743142,-76.43100660,118.35112600,110.50000000,-38.00000000,290.50000000,208.17089790,3.31615449,6.80255977,650.00000000,0.00000000,0.00000000,0.10000000,33.007174,31.592590,10.097014,tracks_run_0233.dat.18-04-18_04h16m06s.5.csv,179
1668,233,5,230,1,c,18,10,bottom_left,-434.98672000,434.98672000,0.21264900,0.00771957,3.57055943,3.48640528,-0.05743142,-76.43100660,118.35112600,110.50000000,-38.00000000,290.50000000,208.17089790,3.31615449,6.80255977,650.00000000,0.00000000,0.00000000,0.10000000,1.694747,-1.226052,-1.170117,tracks_run_0233.dat.18-04-18_04h16m06s.5.csv,180
1671,233,5,278,0,l,41,6,bottom_left,-661.01360000,661.01360000,0.32119500,0.00785352,5.51247853,5.71075935,2.12250565,-73.38938650,72.80098050,-135.50000000,-38.00000000,290.50000000,259.97158658,3.18136158,8.89212093,650.00000000,0.00000000,0.00000000,0.10000000,33.969420,-33.489117,6.056293,tracks_run_0233.dat.18-04-18_04h16m06s.5.csv,222
1671,233,5,278,1,c,41,6,bottom_left,-661.01360000,661.01360000,0.32119500,0.00785352,5.51247853,5.71075935,2.12250565,-73.38938650,72.80098050,-135.50000000,-38.00000000,290.50000000,259.97158658,3.18136158,8.89212093,650.00000000,0.00000000,0.00000000,0.10000000,2.328890,0.692684,2.223546,tracks_run_0233.dat.18-04-18_04h16m06s.5.csv,223
1673,233,5,300,0,l,10,7,top_right,-1235.91500000,1235.91500000,0.21208800,0.00810101,10.22424777,11.16110990,0.16195218,-68.44332290,62.65840140,-49.00000000,-12.75000000,290.50000000,239.64648508,1.97324259,13.13435248,650.00000000,0.00000000,0.00000000,0.10000000,15.067240,-12.432953,8.579280,tracks_run_0233.dat.18-04-18_04h16m06s.5.csv,240
1673,233,5,300,1,c,10,7,top_right,-1235.91500000,1235.91500000,0.21208800,0.00810101,10.22424777,11.16110990,0.16195218,-68.44332290,62.65840140,-49.00000000,-12.75000000,290.50000000,239.64648508,1.97324259,13.13435248,650.00000000,0.00000000,0.00000000,0.10000000,6.595315,-4.592483,4.738713,tracks_run_0233.dat.18-04-18_04h16m06s.5.csv,241
1689,233,5,549,0,l,24,7,bottom_left,-416.65155000,416.65155000,0.19145900,0.00807427,3.55561611,3.46933830,0.14923938,-56.53191960,122.76667600,-74.00000000,-37.75000000,290.50000000,184.35112743,3.00987575,6.47921405,650.00000000,0.00000000,0.00000000,0.10000000,23.004555,-22.890866,-2.348281,tracks_run_0233.dat.18-04-18_04h16m06s.5.csv,422
1689,233,5,549,1,c,24,7,bottom_left,-416.65155000,416.65155000,0.19145900,0.00807427,3.55561611,3.46933830,0.14923938,-56.53191960,122.76667600,-74.00000000,-37.75000000,290.50000000,184.35112743,3.00987575,6.47921405,650.00000000,0.00000000,0.00000000,0.10000000,1.745513,-1.539318,-0.823090,tracks_run_0233.dat.18-04-18_04h16m06s.5.csv,423
1692,233,5,639,0,r,12,10,top_left,-400.29913000,400.29913000,0.20128800,0.00769076,3.27989254,3.15456665,-1.70189298,-78.06872710,90.85462410,110.50000000,-13.00000000,290.50000000,238.07872680,3.83462883,6.98919548,650.00000000,0.00000000,0.00000000,0.10000000,33.347054,30.719484,13.661619,tracks_run_0233.dat.18-04-18_04h16m06s.5.csv,485
1692,233,5,639,1,c,12,10,top_left,-400.29913000,400.29913000,0.20128800,0.00769076,3.27989254,3.15456665,-1.70189298,-78.06872710,90.85462410,110.50000000,-13.00000000,290.50000000,238.07872680,3.83462883,6.98919548,650.00000000,0.00000000,0.00000000,0.10000000,0.831194,-0.031184,0.830608,tracks_run_0233.dat.18-04-18_04h16m06s.5.csv,486
1704,233,5,879,0,r,67,9,bottom_left,-1244.60550000,1244.60550000,0.14348100,0.00802875,10.13610741,11.05846052,0.53405324,-72.72155270,70.14933650,49.00000000,-37.75000000,290.50000000,228.31200669,1.89719594,12.95565646,650.00000000,0.00000000,0.00000000,0.10000000,11.802941,11.503661,2.659039,tracks_run_0233.dat.18-04-18_04h16m06s.5.csv,659
1704,233,5,879,1,c,67,9,bottom_left,-1244.60550000,1244.60550000,0.14348100,0.00802875,10.13610741,11.05846052,0.53405324,-72.72155270,70.14933650,49.00000000,-37.75000000,290.50000000,228.31200669,1.89719594,12.95565646,650.00000000,0.00000000,0.00000000,0.10000000,3.224309,-3.212794,0.272401,tracks_run_0233.dat.18-04-18_04h16m06s.5.csv,660
1716,233,5,1056,0,l,35,6,top_left,-1112.38940000,1112.38940000,0.20961900,0.00776938,8.85219496,9.56619461,-0.41675699,-73.83264930,52.43996240,-135.50000000,-13.00000000,290.50000000,280.39378607,2.52634807,12.09254268,650.00000000,0.00000000,0.00000000,0.10000000,31.284344,-29.013040,12.249068,tracks_run_0233.dat.18-04-18_04h16m06s.5.csv,787
1716,233,5,1056,1,c,35,6,top_left,-1112.38940000,1112.38940000,0.20961900,0.00776938,8.85219496,9.56619461,-0.41675699,-73.83264930,52.43996240,-135.50000000,-13.00000000,290.50000000,280.39378607,2.52634807,12.09254268,650.00000000,0.00000000,0.00000000,0.10000000,2.969881,2.894299,-0.666036,tracks_run_0233.dat.18-04-18_04h16m06s.5.csv,788
1722,233,5,1134,0,l,4,7,bottom_right,-274.16016000,274.16016000,0.17915400,0.00826490,2.44506031,2.20308129,-0.98974907,-81.40120540,133.22958300,-49.00000000,-37.75000000,290.50000000,170.13052633,3.33262993,5.53571122,650.00000000,0.00000000,0.00000000,0.10000000,18.856127,-16.607444,9.058765,tracks_run_0233.dat.18-04-18_04h16m06s.5.csv,853
1722,233,5,1134,1,c,4,7,bottom_right,-274.16016000,274.16016000,0.17915400,0.00826490,2.44506031,2.20308129,-0.98974907,-81.40120540,133.22958300,-49.00000000,-37.75000000,290.50000000,170.13052633,3.33262993,5.53571122,650.00000000,0.00000000,0.00000000,0.10000000,0.927812,-0.823475,-0.427477,tracks_run_0233.dat.18-04-18_04h16m06s.5.csv,854
1733,233,5,1429,0,l,17,7,top_left,-545.17070000,545.17070000,0.20723500,0.00798853,4.56234749,4.62083819,-1.42434476,-79.86710610,114.44719800,-74.00000000,-12.75000000,290.50000000,201.90720828,2.84967593,7.47051412,650.00000000,0.00000000,0.00000000,0.10000000,28.631115,-24.767427,14.841447,tracks_run_0233.dat.18-04-18_04h16m06s.5.csv,1071
1733,233,5,1429,1,c,17,7,top_left,-545.17070000,545.17070000,0.20723500,0.00798853,4.56234749,4.62083819,-1.42434476,-79.86710610,114.44719800,-74.00000000,-12.75000000,290.50000000,201.90720828,2.84967593,7.47051412,650.00000000,0.00000000,0.00000000,0.10000000,0.964795,0.602476,0.753574,tracks_run_0233.dat.18-04-18_04h16m06s.5.csv,1072
1740,233,5,1499,0,l,35,6,top_left,-1372.29310000,1372.29310000,0.20961900,0.00776938,10.87148557,11.91570033,1.83612397,-78.38762580,35.01724610,-135.50000000,-13.00000000,290.50000000,297.33514776,2.31120625,14.22690658,650.00000000,0.00000000,0.00000000,0.10000000,28.424583,-26.386723,10.970365,tracks_run_0233.dat.18-04-18_04h16m06s.5.csv,1120
1740,233,5,1499,1,r,35,6,top_left,-1372.29310000,1372.29310000,0.20961900,0.00776938,10.87148557,11.91570033,1.83612397,-78.38762580,35.01724610,-135.50000000,-13.00000000,290.50000000,297.33514776,2.31120625,14.22690658,650.00000000,0.00000000,0.00000000,0.10000000,0.125831,0.000012,0.125831,tracks_run_0233.dat.18-04-18_04h16m06s.5.csv,1121
1740,233,5,1499,2,c,35,6,top_left,-1372.29310000,1372.29310000,0.20961900,0.00776938,10.87148557,11.91570033,1.83612397,-78.38762580,35.01724610,-135.50000000,-13.00000000,290.50000000,297.33514776,2.31120625,14.22690658,650.00000000,0.00000000,0.00000000,0.10000000,8.270059,7.288378,-3.918719,tracks_run_0233.dat.18-04-18_04h16m06s.5.csv,1122
1749,233,5,1632,0,l,27,2,top_left,-1441.94030000,1441.94030000,0.18526500,0.00800210,11.72381547,12.91157283,-1.40627466,-68.67486930,45.15469750,-74.00000000,-74.25000000,290.50000000,255.92039485,1.89927174,14.81084457,650.00000000,0.00000000,0.00000000,0.10000000,20.421194,-18.922240,-7.824240,tracks_run_0233.dat.18-04-18_04h16m06s.5.csv,1218
1749,233,5,1632,1,c,27,2,top_left,-1441.94030000,1441.94030000,0.18526500,0.00800210,11.72381547,12.91157283,-1.40627466,-68.67486930,45.15469750,-74.00000000,-74.25000000,290.50000000,255.92039485,1.89927174,14.81084457,650.00000000,0.00000000,0.00000000,0.10000000,1.826274,-1.787318,0.375260,tracks_run_0233.dat.18-04-18_04h16m06s.5.csv,1219
1755,233,5,1688,0,l,33,2,bottom_left,-1479.61400000,1479.61400000,0.17892400,0.00797561,11.97974821,13.21108991,4.31971134,-74.59725240,47.05329040,-74.00000000,-99.25000000,290.50000000,256.92029029,1.87595226,15.08704216,650.00000000,0.00000000,0.00000000,0.10000000,21.318082,-20.191097,-6.987137,tracks_run_0233.dat.18-04-18_04h16m06s.5.csv,1262
1755,233,5,1688,1,c,33,2,bottom_left,-1479.61400000,1479.61400000,0.17892400,0.00797561,11.97974821,13.21108991,4.31971134,-74.59725240,47.05329040,-74.00000000,-99.25000000,290.50000000,256.92029029,1.87595226,15.08704216,650.00000000,0.00000000,0.00000000,0.10000000,1.111623,-1.056465,0.345834,tracks_run_0233.dat.18-04-18_04h16m06s.5.csv,1263
1760,233,5,1824,0,l,10,7,top_right,-1162.93380000,1162.93380000,0.21208800,0.00810101,9.63302634,10.47307160,-2.38863395,-66.42660780,55.46940380,-49.00000000,-12.75000000,290.50000000,245.54669377,2.10674638,12.57981798,650.00000000,0.00000000,0.00000000,0.10000000,17.846818,-14.416138,10.634181,tracks_run_0233.dat.18-04-18_04h16m06s.5.csv,1358
1760,233,5,1824,1,c,10,7,top_right,-1162.93380000,1162.93380000,0.21208800,0.00810101,9.63302634,10.47307160,-2.38863395,-66.42660780,55.46940380,-49.00000000,-12.75000000,290.50000000,245.54669377,2.10674638,12.57981798,650.00000000,0.00000000,0.00000000,0.10000000,1.282930,-0.413538,1.214464,tracks_run_0233.dat.18-04-18_04h16m06s.5.csv,1359
1771,233,5,2008,0,l,46,2,top_right,-640.61680000,640.61680000,0.13780700,0.00799780,5.26133204,5.42236395,1.10480786,-66.40466900,136.65789200,-49.00000000,-74.25000000,290.50000000,161.98591045,2.16249209,7.58485604,650.00000000,0.00000000,0.00000000,0.10000000,21.039544,-19.589317,-7.831516,tracks_run_0233.dat.18-04-18_04h16m06s.5.csv,1502
1771,233,5,2008,1,c,46,2,top_right,-640.61680000,640.61680000,0.13780700,0.00799780,5.26133204,5.42236395,1.10480786,-66.40466900,136.65789200,-49.00000000,-74.25000000,290.50000000,161.98591045,2.16249209,7.58485604,650.00000000,0.00000000,0.00000000,0.10000000,1.756259,1.358715,1.112912,tracks_run_0233.dat.18-04-18_04h16m06s.5.csv,1503
1797,233,5,2371,0,r,59,9,top_right,-1353.04320000,1353.04320000,0.14848600,0.00807829,11.07876135,12.15765655,-11.79106430,-79.94466050,53.91826330,74.00000000,-12.75000000,290.50000000,260.47292998,2.01340809,14.17106464,650.00000000,0.00000000,0.00000000,0.10000000,20.510402,17.367949,11.082664,tracks_run_0233.dat.18-04-18_04h16m06s.5.csv,1773
1797,233,5,2371,1,c,59,9,top_right,-1353.04320000,1353.04320000,0.14848600,0.00807829,11.07876135,12.15765655,-11.79106430,-79.94466050,53.91826330,74.00000000,-12.75000000,290.50000000,260.47292998,2.01340809,14.17106464,650.00000000,0.00000000,0.00000000,0.10000000,3.230760,-2.960588,-1.293916,tracks_run_0233.dat.18-04-18_04h16m06s.5.csv,1774
1828,233,0,460,0,r,18,10,bottom_left,-1186.09830000,1186.09830000,0.21264900,0.00771957,9.36881785,10.16598125,-3.54084484,-79.43753760,66.43521730,110.50000000,-38.00000000,290.50000000,254.80857651,2.22381121,12.38979246,650.00000000,0.00000000,0.00000000,0.10000000,25.273891,24.580886,6.069568,tracks_run_0233.dat.18-04-18_04h16m06s.csv,346
1828,233,0,460,1,c,18,10,bottom_left,-1186.09830000,1186.09830000,0.21264900,0.00771957,9.36881785,10.16598125,-3.54084484,-79.43753760,66.43521730,110.50000000,-38.00000000,290.50000000,254.80857651,2.22381121,12.38979246,650.00000000,0.00000000,0.00000000,0.10000000,4.875431,-3.846963,-2.997368,tracks_run_0233.dat.18-04-18_04h16m06s.csv,347
1832,233,0,501,0,r,18,10,bottom_left,-726.23975000,726.23975000,0.21264900,0.00771957,5.81890759,6.06292704,0.16327579,-64.28551790,98.49628240,110.50000000,-38.00000000,290.50000000,223.00347247,2.69690783,8.75983487,650.00000000,0.00000000,0.00000000,0.10000000,29.446072,29.081427,4.835937,tracks_run_0233.dat.18-04-18_04h16m06s.csv,380
1832,233,0,501,1,c,18,10,bottom_left,-726.23975000,726.23975000,0.21264900,0.00771957,5.81890759,6.06292704,0.16327579,-64.28551790,98.49628240,110.50000000,-38.00000000,290.50000000,223.00347247,2.69690783,8.75983487,650.00000000,0.00000000,0.00000000,0.10000000,0.998327,-0.100409,0.993265,tracks_run_0233.dat.18-04-18_04h16m06s.csv,381
1833,233,0,522,0,l,10,7,top_right,-323.61047000,323.61047000,0.21208800,0.00810101,2.83365965,2.64568577,1.97736132,-77.47096820,101.32334200,-49.00000000,-12.75000000,290.50000000,206.33783711,3.64622752,6.29191329,650.00000000,0.00000000,0.00000000,0.10000000,24.036836,-17.303442,16.946846,tracks_run_0233.dat.18-04-18_04h16m06s.csv,396
1833,233,0,522,1,c,10,7,top_right,-323.61047000,323.61047000,0.21208800,0.00810101,2.83365965,2.64568577,1.97736132,-77.47096820,101.32334200,-49.00000000,-12.75000000,290.50000000,206.33783711,3.64622752,6.29191329,650.00000000,0.00000000,0.00000000,0.10000000,0.247825,0.000000,-0.247825,tracks_run_0233.dat.18-04-18_04h16m06s.csv,397
1853,233,0,740,0,r,37,5,top_left,-1212.56360000,1212.56360000,0.15591400,0.00610310,7.55631091,8.06569764,2.73322974,-77.70282810,85.59148090,110.50000000,-74.25000000,290.50000000,231.54502801,2.36332352,10.42902117,650.00000000,0.00000000,0.00000000,0.10000000,25.956602,25.673840,-3.957520,tracks_run_0233.dat.18-04-18_04h16m06s.csv,562
1853,233,0,740,1,c,37,5,top_left,-1212.56360000,1212.56360000,0.15591400,0.00610310,7.55631091,8.06569764,2.73322974,-77.70282810,85.59148090,110.50000000,-74.25000000,290.50000000,231.54502801,2.36332352,10.42902117,650.00000000,0.00000000,0.00000000,0.10000000,2.075740,-1.807034,1.021602,tracks_run_0233.dat.18-04-18_04h16m06s.csv,563
1858,233,0,824,0,l,57,1,top_left,-447.66376000,447.66376000,0.18811800,0.00790992,3.72910253,3.66752641,-0.94016419,-72.07976410,82.23350250,-135.50000000,-74.25000000,290.50000000,247.96369355,3.74091542,7.40844182,650.00000000,0.00000000,0.00000000,0.10000000,34.854295,-34.166011,-7.353863,tracks_run_0233.dat.18-04-18_04h16m06s.csv,626
1858,233,0,824,1,c,57,1,top_left,-447.66376000,447.66376000,0.18811800,0.00790992,3.72910253,3.66752641,-0.94016419,-72.07976410,82.23350250,-135.50000000,-74.25000000,290.50000000,247.96369355,3.74091542,7.40844182,650.00000000,0.00000000,0.00000000,0.10000000,1.144385,-1.036266,-0.485587,tracks_run_0233.dat.18-04-18_04h16m06s.csv,627
1880,233,0,1313,0,l,27,2,top_left,-951.14545000,951.14545000,0.18526500,0.00800210,7.79642601,8.34329463,-0.52514586,-64.33774170,88.03985160,-74.00000000,-74.25000000,290.50000000,215.60825296,2.16805418,10.51134881,650.00000000,0.00000000,0.00000000,0.10000000,22.879809,-21.533659,-7.923051,tracks_run_0233.dat.18-04-18_04h16m06s.csv,970
1880,233,0,1313,1,c,27,2,top_left,-951.14545000,951.14545000,0.18526500,0.00800210,7.79642601,8.34329463,-0.52514586,-64.33774170,88.03985160,-74.00000000,-74.25000000,290.50000000,215.60825296,2.16805418,10.51134881,650.00000000,0.00000000,0.00000000,0.10000000,3.710952,2.721359,2.523918,tracks_run_0233.dat.18-04-18_04h16m06s.csv,971
1894,233,0,1588,0,l,27,2,top_left,-380.98240000,380.98240000,0.18526500,0.00800210,3.23392426,3.10211347,-3.68320984,-66.11050860,127.78907000,-74.00000000,-74.25000000,290.50000000,177.44167786,3.05402254,6.15613601,650.00000000,0.00000000,0.00000000,0.10000000,25.569447,-24.050515,-8.952085,tracks_run_0233.dat.18-04-18_04h16m06s.csv,1176
1894,233,0,1588,1,c,27,2,top_left,-380.98240000,380.98240000,0.18526500,0.00800210,3.23392426,3.10211347,-3.68320984,-66.11050860,127.78907000,-74.00000000,-74.25000000,290.50000000,177.44167786,3.05402254,6.15613601,650.00000000,0.00000000,0.00000000,0.10000000,1.938895,0.179980,1.930527,tracks_run_0233.dat.18-04-18_04h16m06s.csv,1177
1906,233,0,1813,0,r,54,9,bottom_right,-1126.71170000,1126.71170000,0.13288400,0.00794930,9.08945332,9.84153312,-3.44846674,-70.24377870,95.77137810,74.00000000,-37.75000000,290.50000000,212.06920295,1.91444119,11.75597431,650.00000000,0.00000000,0.00000000,0.10000000,22.024234,21.709639,3.802268,tracks_run_0233.dat.18-04-18_04h16m06s.csv,1358
1906,233,0,1813,1,c,54,9,bottom_right,-1126.71170000,1126.71170000,0.13288400,0.00794930,9.08945332,9.84153312,-3.44846674,-70.24377870,95.77137810,74.00000000,-37.75000000,290.50000000,212.06920295,1.91444119,11.75597431,650.00000000,0.00000000,0.00000000,0.10000000,0.867689,-0.442493,0.746388,tracks_run_0233.dat.18-04-18_04h16m06s.csv,1359
1913,233,0,1896,0,r,59,9,top_right,-594.14480000,594.14480000,0.14848600,0.00807829,4.94816000,5.06304408,-4.25730457,-70.22247740,96.20150430,74.00000000,-12.75000000,290.50000000,217.20772732,2.89819131,7.96123540,650.00000000,0.00000000,0.00000000,0.10000000,21.805173,18.914430,11.054052,tracks_run_0233.dat.18-04-18_04h16m06s.csv,1433
1913,233,0,1896,1,c,59,9,top_right,-594.14480000,594.14480000,0.14848600,0.00807829,4.94816000,5.06304408,-4.25730457,-70.22247740,96.20150430,74.00000000,-12.75000000,290.50000000,217.20772732,2.89819131,7.96123540,650.00000000,0.00000000,0.00000000,0.10000000,2.480885,0.879728,2.319761,tracks_run_0233.dat.18-04-18_04h16m06s.csv,1434
1922,233,0,2021,0,r,5,10,top_right,-1767.03480000,1767.03480000,0.18441600,0.00767440,13.74534787,15.28343189,0.01602493,-72.44299870,19.61014450,135.50000000,-13.00000000,290.50000000,308.65950724,2.01489488,17.29832677,650.00000000,0.00000000,0.00000000,0.10000000,25.103064,23.771725,8.311713,tracks_run_0233.dat.18-04-18_04h16m06s.csv,1530
1922,233,0,2021,1,c,5,10,top_right,-1767.03480000,1767.03480000,0.18441600,0.00767440,13.74534787,15.28343189,0.01602493,-72.44299870,19.61014450,135.50000000,-13.00000000,290.50000000,308.65950724,2.01489488,17.29832677,650.00000000,0.00000000,0.00000000,0.10000000,10.503528,-10.380631,-1.610920,tracks_run_0233.dat.18-04-18_04h16m06s.csv,1531
1929,233,0,2200,0,r,12,10,top_left,-913.27893000,913.27893000,0.20128800,0.00769076,7.22509706,7.68310313,6.73183897,-66.81705080,86.24877460,110.50000000,-13.00000000,290.50000000,235.33522745,2.47027155,10.15337468,650.00000000,0.00000000,0.00000000,0.10000000,27.487302,23.705514,14.335634,tracks_run_0233.dat.18-04-18_04h16m06s.csv,1660
1929,233,0,2200,1,c,12,10,top_left,-913.27893000,913.27893000,0.20128800,0.00769076,7.22509706,7.68310313,6.73183897,-66.81705080,86.24877460,110.50000000,-13.00000000,290.50000000,235.33522745,2.47027155,10.15337468,650.00000000,0.00000000,0.00000000,0.10000000,1.731498,-1.519296,-0.830655,tracks_run_0233.dat.18-04-18_04h16m06s.csv,1661
1937,233,0,2297,0,l,39,2,bottom_right,-557.83624000,557.83624000,0.17611000,0.00802446,4.65244459,4.72405930,-6.61940261,-71.68790340,112.39756300,-49.00000000,-99.25000000,290.50000000,185.13849483,2.61667771,7.34073701,650.00000000,0.00000000,0.00000000,0.10000000,17.724614,-14.036243,-10.934022,tracks_run_0233.dat.18-04-18_04h16m06s.csv,1737
1937,233,0,2297,1,c,39,2,bottom_right,-557.83624000,557.83624000,0.17611000,0.00802446,4.65244459,4.72405930,-6.61940261,-71.68790340,112.39756300,-49.00000000,-99.25000000,290.50000000,185.13849483,2.61667771,7.34073701,650.00000000,0.00000000,0.00000000,0.10000000,1.092522,-1.076079,-0.188844,tracks_run_0233.dat.18-04-18_04h16m06s.csv,1738
1938,233,0,2305,0,l,57,1,top_left,-680.52060000,680.52060000,0.18811800,0.00790992,5.57098150,5.77797002,3.12902761,-69.88328550,80.83765790,-135.50000000,-74.25000000,290.50000000,251.38689939,3.07194017,8.84991019,650.00000000,0.00000000,0.00000000,0.10000000,31.655624,-31.406129,-4.186363,tracks_run_0233.dat.18-04-18_04h16m06s.csv,1745
1938,233,0,2305,1,c,57,1,top_left,-680.52060000,680.52060000,0.18811800,0.00790992,5.57098150,5.77797002,3.12902761,-69.88328550,80.83765790,-135.50000000,-74.25000000,290.50000000,251.38689939,3.07194017,8.84991019,650.00000000,0.00000000,0.00000000,0.10000000,3.700528,3.568477,0.980369,tracks_run_0233.dat.18-04-18_04h16m06s.csv,1746
1952,233,0,2555,0,l,4,7,bottom_right,-282.19070000,282.19070000,0.17915400,0.00826490,2.51143192,2.27864046,2.78051863,-72.29918540,142.14986900,-49.00000000,-37.75000000,290.50000000,160.88079341,3.15767383,5.43631429,650.00000000,0.00000000,0.00000000,0.10000000,21.656585,-21.432819,3.180956,tracks_run_0233.dat.18-04-18_04h16m06s.csv,1942
1952,233,0,2555,1,c,4,7,bottom_right,-282.19070000,282.19070000,0.17915400,0.00826490,2.51143192,2.27864046,2.78051863,-72.29918540,142.14986900,-49.00000000,-37.75000000,290.50000000,160.88079341,3.15767383,5.43631429,650.00000000,0.00000000,0.00000000,0.10000000,4.655991,3.153361,-3.427306,tracks_run_0233.dat.18-04-18_04h16m06s.csv,1943
1974,234,1,50,0,l,46,2,top_right,-769.55225000,769.55225000,0.13780700,0.00799780,6.29253199,6.60787427,-1.50085739,-64.93215400,116.77235800,-49.00000000,-74.25000000,290.50000000,180.34490400,2.12411810,8.73199237,650.00000000,0.00000000,0.00000000,0.10000000,17.478120,-14.504226,-9.859078,tracks_run_0234.dat.18-04-18_05h34m53s.1.csv,36
1974,234,1,50,1,c,46,2,top_right,-769.55225000,769.55225000,0.13780700,0.00799780,6.29253199,6.60787427,-1.50085739,-64.93215400,116.77235800,-49.00000000,-74.25000000,290.50000000,180.34490400,2.12411810,8.73199237,650.00000000,0.00000000,0.00000000,0.10000000,3.916835,0.365337,3.899786,tracks_run_0234.dat.18-04-18_05h34m53s.1.csv,37
1985,234,1,216,0,l,29,6,top_right,-719.12946000,719.12946000,0.22227000,0.00759729,5.68570506,5.90980302,1.47094410,-81.20586190,78.56428960,-110.50000000,-13.00000000,290.50000000,249.21131046,3.01324811,8.92305114,650.00000000,0.00000000,0.00000000,0.10000000,28.949406,-25.185741,14.765983,tracks_run_0234.dat.18-04-18_05h34m53s.1.csv,169
1985,234,1,216,1,c,29,6,top_right,-719.12946000,719.12946000,0.22227000,0.00759729,5.68570506,5.90980302,1.47094410,-81.20586190,78.56428960,-110.50000000,-13.00000000,290.50000000,249.21131046,3.01324811,8.92305114,650.00000000,0.00000000,0.00000000,0.10000000,2.751179,1.798893,-2.081920,tracks_run_0234.dat.18-04-18_05h34m53s.1.csv,170
1991,234,1,324,0,r,67,9,bottom_left,-321.47955000,321.47955000,0.14348100,0.00802875,2.72455994,2.52137221,5.02700357,-64.22094370,135.34585000,49.00000000,-37.75000000,290.50000000,163.42320991,3.08924490,5.61061712,650.00000000,0.00000000,0.00000000,0.10000000,17.535938,17.131649,3.801189,tracks_run_0234.dat.18-04-18_05h34m53s.1.csv,257
1991,234,1,324,1,c,67,9,bottom_left,-321.47955000,321.47955000,0.14348100,0.00802875,2.72455994,2.52137221,5.02700357,-64.22094370,135.34585000,49.00000000,-37.75000000,290.50000000,163.42320991,3.08924490,5.61061712,650.00000000,0.00000000,0.00000000,0.10000000,1.113257,0.635341,0.914175,tracks_run_0234.dat.18-04-18_05h34m53s.1.csv,258
2004,234,1,513,0,l,35,6,top_left,-1229.46420000,1229.46420000,0.20961900,0.00776938,9.76179357,10.62282417,-3.99250726,-68.44585760,34.02719940,-135.50000000,-13.00000000,290.50000000,293.50768511,2.46352210,13.08634628,650.00000000,0.00000000,0.00000000,0.10000000,29.204092,-28.397448,7.119556,tracks_run_0234.dat.18-04-18_05h34m53s.1.csv,399
2004,234,1,513,1,c,35,6,top_left,-1229.46420000,1229.46420000,0.20961900,0.00776938,9.76179357,10.62282417,-3.99250726,-68.44585760,34.02719940,-135.50000000,-13.00000000,290.50000000,293.50768511,2.46352210,13.08634628,650.00000000,0.00000000,0.00000000,0.10000000,11.010583,10.710382,-2.568598,tracks_run_0234.dat.18-04-18_05h34m53s.1.csv,400
2011,234,1,683,0,r,63,9,top_left,-443.09442000,443.09442000,0.12913200,0.00808714,3.71249861,3.64855392,-3.85420845,-75.69597100,84.38969540,49.00000000,-12.75000000,290.50000000,221.89461525,3.42771311,7.07626704,650.00000000,0.00000000,0.00000000,0.10000000,24.253840,19.256679,15.034740,tracks_run_0234.dat.18-04-18_05h34m53s.1.csv,521
2011,234,1,683,1,c,63,9,top_left,-443.09442000,443.09442000,0.12913200,0.00808714,3.71249861,3.64855392,-3.85420845,-75.69597100,84.38969540,49.00000000,-12.75000000,290.50000000,221.89461525,3.42771311,7.07626704,650.00000000,0.00000000,0.00000000,0.10000000,24.140928,-2.655157,24.003165,tracks_run_0234.dat.18-04-18_05h34m53s.1.csv,522
2015,234,1,830,0,l,57,1,top_left,-323.82846000,323.82846000,0.18811800,0.00790992,2.74957521,2.54987227,-0.41262318,-63.71763690,109.83754900,-135.50000000,-74.25000000,290.50000000,225.82836680,3.95471111,6.50458338,650.00000000,0.00000000,0.00000000,0.10000000,33.490329,-33.060405,-5.681401,tracks_run_0234.dat.18-04-18_05h34m53s.1.csv,617
2015,234,1,830,1,c,57,1,top_left,-323.82846000,323.82846000,0.18811800,0.00790992,2.74957521,2.54987227,-0.41262318,-63.71763690,109.83754900,-135.50000000,-74.25000000,290.50000000,225.82836680,3.95471111,6.50458338,650.00000000,0.00000000,0.00000000,0.10000000,2.514480,1.078895,2.271389,tracks_run_0234.dat.18-04-18_05h34m53s.1.csv,618
2019,234,1,896,0,r,59,9,top_right,-459.51730000,459.51730000,0.14848600,0.00807829,3.86060001,3.81781521,-3.58499192,-75.26190120,101.55861500,74.00000000,-12.75000000,290.50000000,213.60247126,3.26040740,7.07822261,650.00000000,0.00000000,0.00000000,0.10000000,24.903932,21.228316,13.334337,tracks_run_0234.dat.18-04-18_05h34m53s.1.csv,662
2019,234,1,896,1,c,59,9,top_right,-459.51730000,459.51730000,0.14848600,0.00807829,3.86060001,3.81781521,-3.58499192,-75.26190120,101.55861500,74.00000000,-12.75000000,290.50000000,213.60247126,3.26040740,7.07822261,650.00000000,0.00000000,0.00000000,0.10000000,2.864244,-2.577393,-1.249796,tracks_run_0234.dat.18-04-18_05h34m53s.1.csv,663
2024,234,1,991,0,l,10,7,top_right,-410.06378000,410.06378000,0.21208800,0.00810101,3.53401878,3.44467302,-3.14990060,-84.07188240,89.08842940,-49.00000000,-12.75000000,290.50000000,218.53069188,3.46527621,6.90994922,650.00000000,0.00000000,0.00000000,0.10000000,23.306520,-17.630029,15.493105,tracks_run_0234.dat.18-04-18_05h34m53s.1.csv,726
2024,234,1,991,1,c,10,7,top_right,-410.06378000,410.06378000,0.21208800,0.00810101,3.53401878,3.44467302,-3.14990060,-84.07188240,89.08842940,-49.00000000,-12.75000000,290.50000000,218.53069188,3.46527621,6.90994922,650.00000000,0.00000000,0.00000000,0.10000000,1.596330,0.075305,-1.594553,tracks_run_0234.dat.18-04-18_05h34m53s.1.csv,727
2032,234,1,1115,0,l,41,6,bottom_left,-1244.74870000,1244.74870000,0.32119500,0.00785352,10.09685381,11.01275378,-5.87295740,-71.06849330,54.66913870,-135.50000000,-38.00000000,290.50000000,271.13260697,2.23501540,13.24776918,650.00000000,0.00000000,0.00000000,0.10000000,28.388146,-27.652537,6.690089,tracks_run_0234.dat.18-04-18_05h34m53s.1.csv,814
2032,234,1,1115,1,c,41,6,bottom_left,-1244.74870000,1244.74870000,0.32119500,0.00785352,10.09685381,11.01275378,-5.87295740,-71.06849330,54.66913870,-135.50000000,-38.00000000,290.50000000,271.13260697,2.23501540,13.24776918,650.00000000,0.00000000,0.00000000,0.10000000,6.583040,5.673253,-3.344728,tracks_run_0234.dat.18-04-18_05h34m53s.1.csv,815
2037,234,1,1174,0,r,31,5,top_right,-942.70150000,942.70150000,0.16255800,0.00607500,5.88946961,6.14406661,2.36278813,-67.43175850,87.73265440,135.50000000,-74.25000000,290.50000000,242.66561776,2.88397408,9.02804069,650.00000000,0.00000000,0.00000000,0.10000000,31.670582,30.615054,-8.533452,tracks_run_0234.dat.18-04-18_05h34m53s.1.csv,853
2037,234,1,1174,1,c,31,5,top_right,-942.70150000,942.70150000,0.16255800,0.00607500,5.88946961,6.14406661,2.36278813,-67.43175850,87.73265440,135.50000000,-74.25000000,290.50000000,242.66561776,2.88397408,9.02804069,650.00000000,0.00000000,0.00000000,0.10000000,2.719618,-0.927655,2.556628,tracks_run_0234.dat.18-04-18_05h34m53s.1.csv,854
2071,234,1,1680,0,l,57,1,top_left,-1099.85510000,1099.85510000,0.18811800,0.00790992,8.88788385,9.60759937,-7.54200757,-72.24618300,67.06977850,-135.50000000,-74.25000000,290.50000000,257.48461505,2.32942308,11.93702244,650.00000000,0.00000000,0.00000000,0.10000000,30.136950,-29.507866,-6.421560,tracks_run_0234.dat.18-04-18_05h34m53s.1.csv,1243
2071,234,1,1680,1,c,57,1,top_left,-1099.85510000,1099.85510000,0.18811800,0.00790992,8.88788385,9.60759937,-7.54200757,-72.24618300,67.06977850,-135.50000000,-74.25000000,290.50000000,257.48461505,2.32942308,11.93702244,650.00000000,0.00000000,0.00000000,0.10000000,4.999088,4.459025,2.262369,tracks_run_0234.dat.18-04-18_05h34m53s.1.csv,1244
2073,234,1,1722,0,r,37,5,top_left,-1909.07630000,1909.07630000,0.15591400,0.00610310,11.80719757,13.00913010,0.27017645,-76.39190280,34.52431980,110.50000000,-74.25000000,290.50000000,278.70907879,2.04830177,15.05743187,650.00000000,0.00000000,0.00000000,0.10000000,22.013581,21.220125,-5.997071,tracks_run_0234.dat.18-04-18_05h34m53s.1.csv,1277
2073,234,1,1722,1,c,37,5,top_left,-1909.07630000,1909.07630000,0.15591400,0.00610310,11.80719757,13.00913010,0.27017645,-76.39190280,34.52431980,110.50000000,-74.25000000,290.50000000,278.70907879,2.04830177,15.05743187,650.00000000,0.00000000,0.00000000,0.10000000,8.968289,-8.793447,1.769215,tracks_run_0234.dat.18-04-18_05h34m53s.1.csv,1278
2080,234,1,1866,0,l,41,6,bottom_left,-1154.38890000,1154.38890000,0.32119500,0.00785352,9.38721131,10.18735234,-1.56593300,-70.70917830,60.25677740,-135.50000000,-38.00000000,290.50000000,268.36573217,2.33019897,12.51755130,650.00000000,0.00000000,0.00000000,0.10000000,29.508272,-29.045111,5.450766,tracks_run_0234.dat.18-04-18_05h34m53s.1.csv,1385
2080,234,1,1866,1,c,41,6,bottom_left,-1154.38890000,1154.38890000,0.32119500,0.00785352,9.38721131,10.18735234,-1.56593300,-70.70917830,60.25677740,-135.50000000,-38.00000000,290.50000000,268.36573217,2.33019897,12.51755130,650.00000000,0.00000000,0.00000000,0.10000000,4.453957,4.201669,-1.479066,tracks_run_0234.dat.18-04-18_05h34m53s.1.csv,1386
2082,234,1,1883,0,r,67,9,bottom_left,-493.01633000,493.01633000,0.14348100,0.00802875,4.10178586,4.09361992,0.04936358,-67.31264530,110.85258900,49.00000000,-37.75000000,290.50000000,188.52932685,2.84943184,6.94305176,650.00000000,0.00000000,0.00000000,0.10000000,19.132350,18.203934,5.989989,tracks_run_0234.dat.18-04-18_05h34m53s.1.csv,1395
2082,234,1,1883,1,c,67,9,bottom_left,-493.01633000,493.01633000,0.14348100,0.00802875,4.10178586,4.09361992,0.04936358,-67.31264530,110.85258900,49.00000000,-37.75000000,290.50000000,188.52932685,2.84943184,6.94305176,650.00000000,0.00000000,0.00000000,0.10000000,1.436318,1.415172,0.245580,tracks_run_0234.dat.18-04-18_05h34m53s.1.csv,1396
2085,234,1,1931,0,r,54,9,bottom_right,-455.48860000,455.48860000,0.13288400,0.00794930,3.75369953,3.69563391,3.53587891,-73.75015260,113.35816600,74.00000000,-37.75000000,290.50000000,194.01142415,3.05526189,6.75089580,650.00000000,0.00000000,0.00000000,0.10000000,19.819647,19.109655,5.358430,tracks_run_0234.dat.18-04-18_05h34m53s.1.csv,1429
2085,234,1,1931,1,c,54,9,bottom_right,-455.48860000,455.48860000,0.13288400,0.00794930,3.75369953,3.69563391,3.53587891,-73.75015260,113.35816600,74.00000000,-37.75000000,290.50000000,194.01142415,3.05526189,6.75089580,650.00000000,0.00000000,0.00000000,0.10000000,0.937070,-0.291303,-0.890646,tracks_run_0234.dat.18-04-18_05h34m53s.1.csv,1430
2090,234,1,1994,0,r,67,9,bottom_left,-1319.62080000,1319.62080000,0.14348100,0.00802875,10.73838650,11.76040875,1.33359633,-76.14235040,85.85705900,49.00000000,-37.75000000,290.50000000,213.59960653,1.70735391,13.46776266,650.00000000,0.00000000,0.00000000,0.10000000,13.451118,12.173387,5.765700,tracks_run_0234.dat.18-04-18_05h34m53s.1.csv,1479
2090,234,1,1994,1,c,67,9,bottom_left,-1319.62080000,1319.62080000,0.14348100,0.00802875,10.73838650,11.76040875,1.33359633,-76.14235040,85.85705900,49.00000000,-37.75000000,290.50000000,213.59960653,1.70735391,13.46776266,650.00000000,0.00000000,0.00000000,0.10000000,1.259320,-0.833964,-0.943639,tracks_run_0234.dat.18-04-18_05h34m53s.1.csv,1480
2098,234,1,2101,0,l,48,6,bottom_right,-1370.77710000,1370.77710000,0.19111700,0.00777749,10.85232219,11.89333800,-2.47070561,-62.80593140,39.50911440,-110.50000000,-38.00000000,290.50000000,274.37581405,2.14628289,14.03962088,650.00000000,0.00000000,0.00000000,0.10000000,23.961185,-23.802417,2.837616,tracks_run_0234.dat.18-04-18_05h34m53s.1.csv,1559
2098,234,1,2101,1,c,48,6,bottom_right,-1370.77710000,1370.77710000,0.19111700,0.00777749,10.85232219,11.89333800,-2.47070561,-62.80593140,39.50911440,-110.50000000,-38.00000000,290.50000000,274.37581405,2.14628289,14.03962088,650.00000000,0.00000000,0.00000000,0.10000000,9.623465,9.529914,1.344809,tracks_run_0234.dat.18-04-18_05h34m53s.1.csv,1560
2099,234,1,2129,0,l,46,2,top_right,-429.34283000,429.34283000,0.13780700,0.00799780,3.57160509,3.48759956,-0.68595253,-58.33055970,122.97336500,-49.00000000,-74.25000000,290.50000000,175.07955105,2.87846681,6.36606637,650.00000000,0.00000000,0.00000000,0.10000000,20.182568,-16.107023,-12.326221,tracks_run_0234.dat.18-04-18_05h34m53s.1.csv,1576
2099,234,1,2129,1,c,46,2,top_right,-429.34283000,429.34283000,0.13780700,0.00799780,3.57160509,3.48759956,-0.68595253,-58.33055970,122.97336500,-49.00000000,-74.25000000,290.50000000,175.07955105,2.87846681,6.36606637,650.00000000,0.00000000,0.00000000,0.10000000,4.858834,-0.227661,4.853511,tracks_run_0234.dat.18-04-18_05h34m53s.1.csv,1577
2104,234,1,2284,0,r,67,9,bottom_left,-671.89270000,671.89270000,0.14348100,0.00802875,5.53793952,5.74000857,2.71362739,-72.04996730,116.79939300,49.00000000,-37.75000000,290.50000000,183.00496419,2.33388380,8.07389237,650.00000000,0.00000000,0.00000000,0.10000000,11.345873,11.135788,2.187108,tracks_run_0234.dat.18-04-18_05h34m53s.1.csv,1688
2104,234,1,2284,1,c,67,9,bottom_left,-671.89270000,671.89270000,0.14348100,0.00802875,5.53793952,5.74000857,2.71362739,-72.04996730,116.79939300,49.00000000,-37.75000000,290.50000000,183.00496419,2.33388380,8.07389237,650.00000000,0.00000000,0.00000000,0.10000000,0.577228,-0.155722,-0.555827,tracks_run_0234.dat.18-04-18_05h34m53s.1.csv,1689
2109,234,1,2368,0,r,67,9,bottom_left,-1487.49870000,1487.49870000,0.14348100,0.00802875,12.08623619,13.33577797,1.29497421,-65.79751680,52.81093700,49.00000000,-37.75000000,290.50000000,244.04615005,1.77457514,15.11035311,650.00000000,0.00000000,0.00000000,0.10000000,9.866562,9.668261,1.977615,tracks_run_0234.dat.18-04-18_05h34m53s.1.csv,1751
2109,234,1,2368,1,c,67,9,bottom_left,-1487.49870000,1487.49870000,0.14348100,0.00802875,12.08623619,13.33577797,1.29497421,-65.79751680,52.81093700,49.00000000,-37.75000000,290.50000000,244.04615005,1.77457514,15.11035311,650.00000000,0.00000000,0.00000000,0.10000000,3.407601,-3.340909,0.671255,tracks_run_0234.dat.18-04-18_05h34m53s.1.csv,1752
2114,234,1,2430,0,l,57,1,top_left,-334.68660000,334.68660000,0.18811800,0.00790992,2.83546223,2.64774006,-5.12475468,-72.07388140,84.40832460,-135.50000000,-74.25000000,290.50000000,243.87746668,4.14375135,6.79149141,650.00000000,0.00000000,0.00000000,0.10000000,31.772182,-30.823437,-8.116438,tracks_run_0234.dat.18-04-18_05h34m53s.1.csv,1803
2114,234,1,2430,1,c,57,1,top_left,-334.68660000,334.68660000,0.18811800,0.00790992,2.83546223,2.64774006,-5.12475468,-72.07388140,84.40832460,-135.50000000,-74.25000000,290.50000000,243.87746668,4.14375135,6.79149141,650.00000000,0.00000000,0.00000000,0.10000000,3.614025,2.738391,2.359371,tracks_run_0234.dat.18-04-18_05h34m53s.1.csv,1804
2143,234,1,2955,0,r,63,9,top_left,-1035.40860000,1035.40860000,0.12913200,0.00808714,8.50262631,9.16086864,0.51874000,-71.84270220,90.39965950,49.00000000,-12.75000000,290.50000000,214.20206883,2.02722121,11.18808985,650.00000000,0.00000000,0.00000000,0.10000000,20.065880,15.548857,12.843500,tracks_run_0234.dat.18-04-18_05h34m53s.1.csv,2190
2143,234,1,2955,1,c,63,9,top_left,-1035.40860000,1035.40860000,0.12913200,0.00808714,8.50262631,9.16086864,0.51874000,-71.84270220,90.39965950,49.00000000,-12.75000000,290.50000000,214.20206883,2.02722121,11.18808985,650.00000000,0.00000000,0.00000000,0.10000000,2.757202,-2.701554,-0.551353,tracks_run_0234.dat.18-04-18_05h34m53s.1.csv,2191
2153,234,1,3136,0,l,35,6,top_left,-916.20605000,916.20605000,0.20961900,0.00776938,7.32797196,7.80189691,-5.95616603,-75.32658130,70.84404510,-135.50000000,-13.00000000,290.50000000,262.51656363,2.70053936,10.50243627,650.00000000,0.00000000,0.00000000,0.10000000,34.148488,-32.082286,12.379619,tracks_run_0234.dat.18-04-18_05h34m53s.1.csv,2316
2153,234,1,3136,1,c,35,6,top_left,-916.20605000,916.20605000,0.20961900,0.00776938,7.32797196,7.80189691,-5.95616603,-75.32658130,70.84404510,-135.50000000,-13.00000000,290.50000000,262.51656363,2.70053936,10.50243627,650.00000000,0.00000000,0.00000000,0.10000000,4.425826,3.710349,-2.414415,tracks_run_0234.dat.18-04-18_05h34m53s.1.csv,2317
2158,234,2,36,0,r,59,9,top_right,-536.06396000,536.06396000,0.14848600,0.00807829,4.47896613,4.52533566,2.12935430,-72.40985580,78.38752970,74.00000000,-12.75000000,290.50000000,231.76796190,3.23355715,7.75889281,650.00000000,0.00000000,0.00000000,0.10000000,25.313084,22.816338,11.267975,tracks_run_0234.dat.18-04-18_05h34m53s.2.csv,27
2158,234,2,36,1,c,59,9,top_right,-536.06396000,536.06396000,0.14848600,0.00807829,4.47896613,4.52533566,2.12935430,-72.40985580,78.38752970,74.00000000,-12.75000000,290.50000000,231.76796190,3.23355715,7.75889281,650.00000000,0.00000000,0.00000000,0.10000000,1.087828,-0.235410,1.062053,tracks_run_0234.dat.18-04-18_05h34m53s.2.csv,28
2165,234,2,124,0,r,5,10,top_right,-1322.23840000,1322.23840000,0.18441600,0.00767440,10.33180238,11.28640512,-0.36702626,-78.51957150,39.07543600,135.50000000,-13.00000000,290.50000000,293.20125248,2.36545478,13.65185991,650.00000000,0.00000000,0.00000000,0.10000000,28.885532,26.949175,10.811333,tracks_run_0234.dat.18-04-18_05h34m53s.2.csv,97
2165,234,2,124,1,c,5,10,top_right,-1322.23840000,1322.23840000,0.18441600,0.00767440,10.33180238,11.28640512,-0.36702626,-78.51957150,39.07543600,135.50000000,-13.00000000,290.50000000,293.20125248,2.36545478,13.65185991,650.00000000,0.00000000,0.00000000,0.10000000,8.912236,-6.460929,-6.151830,tracks_run_0234.dat.18-04-18_05h34m53s.2.csv,98
2179,234,2,484,0,r,5,10,top_right,-1320.26560000,1320.26560000,0.18441600,0.00767440,10.31666232,11.26876541,2.26979610,-70.55137240,29.76338900,135.50000000,-13.00000000,290.50000000,298.40581096,2.40699081,13.67575622,650.00000000,0.00000000,0.00000000,0.10000000,27.952759,26.960098,7.676564,tracks_run_0234.dat.18-04-18_05h34m53s.2.csv,357
2179,234,2,484,1,c,5,10,top_right,-1320.26560000,1320.26560000,0.18441600,0.00767440,10.31666232,11.26876541,2.26979610,-70.55137240,29.76338900,135.50000000,-13.00000000,290.50000000,298.40581096,2.40699081,13.67575622,650.00000000,0.00000000,0.00000000,0.10000000,10.425754,-10.383335,-0.944713,tracks_run_0234.dat.18-04-18_05h34m53s.2.csv,358
2186,234,2,605,0,l,48,6,bottom_right,-1080.79380000,1080.79380000,0.19111700,0.00777749,8.59697997,9.27023108,-2.70692852,-69.31396370,48.74386830,-110.50000000,-38.00000000,290.50000000,266.54443869,2.46100772,11.73123880,650.00000000,0.00000000,0.00000000,0.10000000,26.133179,-25.908425,3.544725,tracks_run_0234.dat.18-04-18_05h34m53s.2.csv,449
2186,234,2,605,1,c,48,6,bottom_right,-1080.79380000,1080.79380000,0.19111700,0.00777749,8.59697997,9.27023108,-2.70692852,-69.31396370,48.74386830,-110.50000000,-38.00000000,290.50000000,266.54443869,2.46100772,11.73123880,650.00000000,0.00000000,0.00000000,0.10000000,13.257230,2.511806,13.021290,tracks_run_0234.dat.18-04-18_05h34m53s.2.csv,450
2187,234,2,607,0,l,29,6,top_right,-439.55814000,439.55814000,0.22227000,0.00759729,3.56172066,3.47631030,-4.99011320,-72.51843130,93.96291520,-110.50000000,-13.00000000,290.50000000,230.87140485,3.60815326,7.08446356,650.00000000,0.00000000,0.00000000,0.10000000,28.267730,-26.565051,10.034838,tracks_run_0234.dat.18-04-18_05h34m53s.2.csv,451
2187,234,2,607,1,c,29,6,top_right,-439.55814000,439.55814000,0.22227000,0.00759729,3.56172066,3.47631030,-4.99011320,-72.51843130,93.96291520,-110.50000000,-13.00000000,290.50000000,230.87140485,3.60815326,7.08446356,650.00000000,0.00000000,0.00000000,0.10000000,3.231045,3.000972,-1.197969,tracks_run_0234.dat.18-04-18_05h34m53s.2.csv,452
2192,234,2,749,0,r,31,5,top_right,-1833.54140000,1833.54140000,0.16255800,0.00607500,11.30132201,12.41761766,-8.96941224,-68.20900900,41.09022900,135.50000000,-74.25000000,290.50000000,288.29349371,2.18353417,14.60115183,650.00000000,0.00000000,0.00000000,0.10000000,28.335606,27.839342,-5.504727,tracks_run_0234.dat.18-04-18_05h34m53s.2.csv,552
2192,234,2,749,1,c,31,5,top_right,-1833.54140000,1833.54140000,0.16255800,0.00607500,11.30132201,12.41761766,-8.96941224,-68.20900900,41.09022900,135.50000000,-74.25000000,290.50000000,288.29349371,2.18353417,14.60115183,650.00000000,0.00000000,0.00000000,0.10000000,1.139657,-1.088922,-0.336276,tracks_run_0234.dat.18-04-18_05h34m53s.2.csv,553
2193,234,2,771,0,l,24,7,bottom_left,-1132.06900000,1132.06900000,0.19145900,0.00807427,9.33208976,10.12331086,-7.05933192,-81.90394690,76.81234410,-74.00000000,-37.75000000,290.50000000,228.23899394,2.01251277,12.13582363,650.00000000,0.00000000,0.00000000,0.10000000,17.860340,-16.045336,7.949965,tracks_run_0234.dat.18-04-18_05h34m53s.2.csv,570
2193,234,2,771,1,c,24,7,bottom_left,-1132.06900000,1132.06900000,0.19145900,0.00807427,9.33208976,10.12331086,-7.05933192,-81.90394690,76.81234410,-74.00000000,-37.75000000,290.50000000,228.23899394,2.01251277,12.13582363,650.00000000,0.00000000,0.00000000,0.10000000,2.361679,1.987190,1.276424,tracks_run_0234.dat.18-04-18_05h34m53s.2.csv,571
2204,234,2,968,0,r,67,9,bottom_left,-390.80518000,390.80518000,0.14348100,0.00802875,3.28115809,3.15601084,-0.83978434,-74.52055570,119.38377400,49.00000000,-37.75000000,290.50000000,181.98033045,3.09582516,6.25183600,650.00000000,0.00000000,0.00000000,0.10000000,16.672227,16.517261,2.300136,tracks_run_0234.dat.18-04-18_05h34m53s.2.csv,704
2204,234,2,968,1,c,67,9,bottom_left,-390.80518000,390.80518000,0.14348100,0.00802875,3.28115809,3.15601084,-0.83978434,-74.52055570,119.38377400,49.00000000,-37.75000000,290.50000000,181.98033045,3.09582516,6.25183600,650.00000000,0.00000000,0.00000000,0.10000000,1.807598,-1.705290,-0.599584,tracks_run_0234.dat.18-04-18_05h34m53s.2.csv,705
2216,234,2,1189,0,l,48,6,bottom_right,-1286.69620000,1286.69620000,0.19111700,0.00777749,10.19838383,11.13098568,2.81610915,-73.02593850,61.59390550,-110.50000000,-38.00000000,290.50000000,257.80876063,2.11709889,13.24808457,650.00000000,0.00000000,0.00000000,0.10000000,26.331715,-25.229219,7.799613,tracks_run_0234.dat.18-04-18_05h34m53s.2.csv,857
2216,234,2,1189,1,c,48,6,bottom_right,-1286.69620000,1286.69620000,0.19111700,0.00777749,10.19838383,11.13098568,2.81610915,-73.02593850,61.59390550,-110.50000000,-38.00000000,290.50000000,257.80876063,2.11709889,13.24808457,650.00000000,0.00000000,0.00000000,0.10000000,4.668641,2.471815,-3.961827,tracks_run_0234.dat.18-04-18_05h34m53s.2.csv,858
2225,234,2,1431,0,r,54,9,bottom_right,-1476.31570000,1476.31570000,0.13288400,0.00794930,11.86856039,13.08093988,-2.13474315,-72.63457820,55.12685960,74.00000000,-37.75000000,290.50000000,249.82783698,1.83949103,14.92043091,650.00000000,0.00000000,0.00000000,0.10000000,18.750799,18.580450,2.567500,tracks_run_0234.dat.18-04-18_05h34m53s.2.csv,1036
2225,234,2,1431,1,c,54,9,bottom_right,-1476.31570000,1476.31570000,0.13288400,0.00794930,11.86856039,13.08093988,-2.13474315,-72.63457820,55.12685960,74.00000000,-37.75000000,290.50000000,249.82783698,1.83949103,14.92043091,650.00000000,0.00000000,0.00000000,0.10000000,5.010031,-5.001734,0.288588,tracks_run_0234.dat.18-04-18_05h34m53s.2.csv,1037
2230,234,2,1594,0,l,27,2,top_left,-1142.01700000,1142.01700000,0.18526500,0.00800210,9.32379924,10.11367963,3.47113666,-75.24585700,61.22470090,-74.00000000,-74.25000000,290.50000000,242.01225490,2.12689975,12.24057938,650.00000000,0.00000000,0.00000000,0.10000000,18.374281,-18.182872,-2.691133,tracks_run_0234.dat.18-04-18_05h34m53s.2.csv,1140
2230,234,2,1594,1,c,27,2,top_left,-1142.01700000,1142.01700000,0.18526500,0.00800210,9.32379924,10.11367963,3.47113666,-75.24585700,61.22470090,-74.00000000,-74.25000000,290.50000000,242.01225490,2.12689975,12.24057938,650.00000000,0.00000000,0.00000000,0.10000000,5.124792,4.804300,1.785967,tracks_run_0234.dat.18-04-18_05h34m53s.2.csv,1141
2232,234,2,1606,0,r,54,9,bottom_right,-1696.02090000,1696.02090000,0.13288400,0.00794930,13.61506294,15.13015002,4.60234365,-69.84696480,61.64905270,74.00000000,-37.75000000,290.50000000,241.28614949,1.60338864,16.73353866,650.00000000,0.00000000,0.00000000,0.10000000,18.121470,18.079423,1.254895,tracks_run_0234.dat.18-04-18_05h34m53s.2.csv,1148
2232,234,2,1606,1,c,54,9,bottom_right,-1696.02090000,1696.02090000,0.13288400,0.00794930,13.61506294,15.13015002,4.60234365,-69.84696480,61.64905270,74.00000000,-37.75000000,290.50000000,241.28614949,1.60338864,16.73353866,650.00000000,0.00000000,0.00000000,0.10000000,1.029694,0.849647,0.581718,tracks_run_0234.dat.18-04-18_05h34m53s.2.csv,1149
2243,234,2,1911,0,l,48,6,bottom_right,-324.49115000,324.49115000,0.19111700,0.00777749,2.71484367,2.51030299,4.80321108,-72.34922830,95.60879600,-110.50000000,-38.00000000,290.50000000,229.03554608,4.01673870,6.52704169,650.00000000,0.00000000,0.00000000,0.10000000,32.469471,-31.908094,6.356874,tracks_run_0234.dat.18-04-18_05h34m53s.2.csv,1364
2243,234,2,1911,1,c,48,6,bottom_right,-324.49115000,324.49115000,0.19111700,0.00777749,2.71484367,2.51030299,4.80321108,-72.34922830,95.60879600,-110.50000000,-38.00000000,290.50000000,229.03554608,4.01673870,6.52704169,650.00000000,0.00000000,0.00000000,0.10000000,1.950628,1.440298,1.315621,tracks_run_0234.dat.18-04-18_05h34m53s.2.csv,1365
2252,234,2,2126,0,l,17,7,top_left,-650.09235000,650.09235000,0.20723500,0.00798853,5.40051724,5.58216598,-2.74173597,-71.15109210,82.26334170,-74.00000000,-12.75000000,290.50000000,227.70800076,2.87039232,8.45255829,650.00000000,0.00000000,0.00000000,0.10000000,23.419658,-20.191817,12.121139,tracks_run_0234.dat.18-04-18_05h34m53s.2.csv,1510
2252,234,2,2126,1,c,17,7,top_left,-650.09235000,650.09235000,0.20723500,0.00798853,5.40051724,5.58216598,-2.74173597,-71.15109210,82.26334170,-74.00000000,-12.75000000,290.50000000,227.70800076,2.87039232,8.45255829,650.00000000,0.00000000,0.00000000,0.10000000,1.305440,0.454376,1.223825,tracks_run_0234.dat.18-04-18_05h34m53s.2.csv,1511
2261,234,2,2295,0,l,46,2,top_right,-859.88934000,859.88934000,0.13780700,0.00799780,7.01502996,7.44064196,-2.04301815,-73.11336830,77.37294360,-49.00000000,-74.25000000,290.50000000,218.24159147,2.35321312,9.79385508,650.00000000,0.00000000,0.00000000,0.10000000,12.659930,-12.356056,-2.778811,tracks_run_0234.dat.18-04-18_05h34m53s.2.csv,1630
2261,234,2,2295,1,c,46,2,top_right,-859.88934000,859.88934000,0.13780700,0.00799780,7.01502996,7.44064196,-2.04301815,-73.11336830,77.37294360,-49.00000000,-74.25000000,290.50000000,218.24159147,2.35321312,9.79385508,650.00000000,0.00000000,0.00000000,0.10000000,28.623647,-0.859846,28.611821,tracks_run_0234.dat.18-04-18_05h34m53s.2.csv,1631
2277,234,2,2517,0,r,37,5,top_left,-304.80594000,304.80594000,0.15591400,0.00610310,2.01617513,1.71518834,-8.24523370,-74.94861970,114.36655900,110.50000000,-74.25000000,290.50000000,212.42388669,4.20591255,5.92110089,650.00000000,0.00000000,0.00000000,0.10000000,32.292026,32.057522,-4.109902,tracks_run_0234.dat.18-04-18_05h34m53s.2.csv,1794
2277,234,2,2517,1,c,37,5,top_left,-304.80594000,304.80594000,0.15591400,0.00610310,2.01617513,1.71518834,-8.24523370,-74.94861970,114.36655900,110.50000000,-74.25000000,290.50000000,212.42388669,4.20591255,5.92110089,650.00000000,0.00000000,0.00000000,0.10000000,1.422735,-0.342542,-1.380892,tracks_run_0234.dat.18-04-18_05h34m53s.2.csv,1795
2279,234,2,2583,0,l,29,6,top_right,-779.73690000,779.73690000,0.22227000,0.00759729,6.14615735,6.43937573,3.06213512,-75.81520470,86.93033040,-110.50000000,-13.00000000,290.50000000,241.41814111,2.79857006,9.23794579,650.00000000,0.00000000,0.00000000,0.10000000,31.547268,-28.326117,14.503623,tracks_run_0234.dat.18-04-18_05h34m53s.2.csv,1832
2279,234,2,2583,1,c,29,6,top_right,-779.73690000,779.73690000,0.22227000,0.00759729,6.14615735,6.43937573,3.06213512,-75.81520470,86.93033040,-110.50000000,-13.00000000,290.50000000,241.41814111,2.79857006,9.23794579,650.00000000,0.00000000,0.00000000,0.10000000,1.151144,-0.086477,1.147892,tracks_run_0234.dat.18-04-18_05h34m53s.2.csv,1833
2281,234,2,2624,0,r,12,10,top_left,-1167.38300000,1167.38300000,0.20128800,0.00769076,9.17935048,9.94590885,7.11689465,-74.88661260,52.39063140,110.50000000,-13.00000000,290.50000000,266.85968355,2.35416603,12.30007488,650.00000000,0.00000000,0.00000000,0.10000000,24.316876,21.746205,11.156269,tracks_run_0234.dat.18-04-18_05h34m53s.2.csv,1863
2281,234,2,2624,1,c,12,10,top_left,-1167.38300000,1167.38300000,0.20128800,0.00769076,9.17935048,9.94590885,7.11689465,-74.88661260,52.39063140,110.50000000,-13.00000000,290.50000000,266.85968355,2.35416603,12.30007488,650.00000000,0.00000000,0.00000000,0.10000000,6.023349,-5.026903,-3.322548,tracks_run_0234.dat.18-04-18_05h34m53s.2.csv,1864
2285,234,2,2683,0,r,37,5,top_left,-1490.03100000,1490.03100000,0.15591400,0.00610310,9.24972220,10.02763359,0.41039764,-77.14366130,56.82834130,110.50000000,-74.25000000,290.50000000,258.32254625,2.27236912,12.30000271,650.00000000,0.00000000,0.00000000,0.10000000,25.187882,24.764616,-4.750462,tracks_run_0234.dat.18-04-18_05h34m53s.2.csv,1905
2285,234,2,2683,1,c,37,5,top_left,-1490.03100000,1490.03100000,0.15591400,0.00610310,9.24972220,10.02763359,0.41039764,-77.14366130,56.82834130,110.50000000,-74.25000000,290.50000000,258.32254625,2.27236912,12.30000271,650.00000000,0.00000000,0.00000000,0.10000000,6.525875,-6.335509,1.567927,tracks_run_0234.dat.18-04-18_05h34m53s.2.csv,1906
2288,234,2,2702,0,r,63,9,top_left,-602.64886000,602.64886000,0.12913200,0.00808714,5.00283770,5.12575486,-5.43252392,-79.49390210,84.82405820,49.00000000,-12.75000000,290.50000000,222.98036049,2.94547479,8.07122964,650.00000000,0.00000000,0.00000000,0.10000000,19.811038,15.486364,12.509648,tracks_run_0234.dat.18-04-18_05h34m53s.2.csv,1918
2288,234,2,2702,1,c,63,9,top_left,-602.64886000,602.64886000,0.12913200,0.00808714,5.00283770,5.12575486,-5.43252392,-79.49390210,84.82405820,49.00000000,-12.75000000,290.50000000,222.98036049,2.94547479,8.07122964,650.00000000,0.00000000,0.00000000,0.10000000,0.660353,-0.293261,-0.591665,tracks_run_0234.dat.18-04-18_05h34m53s.2.csv,1919
2291,234,2,2745,0,l,48,6,bottom_right,-396.14352000,396.14352000,0.19111700,0.00777749,3.27211927,3.14569627,-2.51407445,-73.35572990,77.25268140,-110.50000000,-38.00000000,290.50000000,241.63072372,3.88326366,7.02895993,650.00000000,0.00000000,0.00000000,0.10000000,26.812996,-26.021833,6.703480,tracks_run_0234.dat.18-04-18_05h34m53s.2.csv,1954
2291,234,2,2745,1,c,48,6,bottom_right,-396.14352000,396.14352000,0.19111700,0.00777749,3.27211927,3.14569627,-2.51407445,-73.35572990,77.25268140,-110.50000000,-38.00000000,290.50000000,241.63072372,3.88326366,7.02895993,650.00000000,0.00000000,0.00000000,0.10000000,3.156521,3.042417,-0.841419,tracks_run_0234.dat.18-04-18_05h34m53s.2.csv,1955
2303,234,2,2892,0,r,43,5,bottom_left,-299.03635000,299.03635000,0.13795300,0.00607733,1.95529558,1.64598341,0.87886701,-66.10146480,99.17444260,110.50000000,-99.25000000,290.50000000,222.98225736,4.39536966,6.04135307,650.00000000,0.00000000,0.00000000,0.10000000,32.941099,31.268816,-10.932142,tracks_run_0234.dat.18-04-18_05h34m53s.2.csv,2068
2303,234,2,2892,1,c,43,5,bottom_left,-299.03635000,299.03635000,0.13795300,0.00607733,1.95529558,1.64598341,0.87886701,-66.10146480,99.17444260,110.50000000,-99.25000000,290.50000000,222.98225736,4.39536966,6.04135307,650.00000000,0.00000000,0.00000000,0.10000000,3.540052,-3.285713,1.318318,tracks_run_0234.dat.18-04-18_05h34m53s.2.csv,2069
2307,234,2,2917,0,r,54,9,bottom_right,-281.20343000,281.20343000,0.13288400,0.00794930,2.36825443,2.11566217,-4.30299770,-62.48331070,98.87024020,74.00000000,-37.75000000,290.50000000,208.48275935,3.93410494,6.04976711,650.00000000,0.00000000,0.00000000,0.10000000,23.772856,23.626983,2.708319,tracks_run_0234.dat.18-04-18_05h34m53s.2.csv,2087
2307,234,2,2917,1,c,54,9,bottom_right,-281.20343000,281.20343000,0.13288400,0.00794930,2.36825443,2.11566217,-4.30299770,-62.48331070,98.87024020,74.00000000,-37.75000000,290.50000000,208.48275935,3.93410494,6.04976711,650.00000000,0.00000000,0.00000000,0.10000000,3.037799,-2.651288,1.483397,tracks_run_0234.dat.18-04-18_05h34m53s.2.csv,2088
2308,234,2,2927,0,l,46,2,top_right,-1191.92740000,1191.92740000,0.13780700,0.00799780,9.67060396,10.51676746,-0.64896476,-81.58191630,74.88304110,-49.00000000,-74.25000000,290.50000000,221.09331191,1.90424308,12.42101054,650.00000000,0.00000000,0.00000000,0.10000000,16.112487,-15.068200,-5.773577,tracks_run_0234.dat.18-04-18_05h34m53s.2.csv,2095
2308,234,2,2927,1,c,46,2,top_right,-1191.92740000,1191.92740000,0.13780700,0.00799780,9.67060396,10.51676746,-0.64896476,-81.58191630,74.88304110,-49.00000000,-74.25000000,290.50000000,221.09331191,1.90424308,12.42101054,650.00000000,0.00000000,0.00000000,0.10000000,1.598486,0.401570,1.547236,tracks_run_0234.dat.18-04-18_05h34m53s.2.csv,2096
2312,234,2,3000,0,r,37,5,top_left,-1775.08680000,1775.08680000,0.15591400,0.00610310,10.98944625,12.05337974,6.30082349,-67.67141430,62.37697740,110.50000000,-74.25000000,290.50000000,250.88016983,1.95489929,14.00827904,650.00000000,0.00000000,0.00000000,0.10000000,24.425786,23.720840,-6.002031,tracks_run_0234.dat.18-04-18_05h34m53s.2.csv,2143
2312,234,2,3000,1,c,37,5,top_left,-1775.08680000,1775.08680000,0.15591400,0.00610310,10.98944625,12.05337974,6.30082349,-67.67141430,62.37697740,110.50000000,-74.25000000,290.50000000,250.88016983,1.95489929,14.00827904,650.00000000,0.00000000,0.00000000,0.10000000,7.031316,-6.556373,2.545920,tracks_run_0234.dat.18-04-18_05h34m53s.2.csv,2144
2324,234,2,3285,0,r,12,10,top_left,-1224.97310000,1224.97310000,0.20128800,0.00769076,9.62226212,10.46055567,2.28106347,-65.71301890,61.59908480,110.50000000,-13.00000000,290.50000000,258.62256198,2.21291816,12.67347383,650.00000000,0.00000000,0.00000000,0.10000000,25.923478,24.985859,7.142282,tracks_run_0234.dat.18-04-18_05h34m53s.2.csv,2355
2324,234,2,3285,1,c,12,10,top_left,-1224.97310000,1224.97310000,0.20128800,0.00769076,9.62226212,10.46055567,2.28106347,-65.71301890,61.59908480,110.50000000,-13.00000000,290.50000000,258.62256198,2.21291816,12.67347383,650.00000000,0.00000000,0.00000000,0.10000000,4.990894,-4.949812,0.639847,tracks_run_0234.dat.18-04-18_05h34m53s.2.csv,2356
2330,234,2,3346,0,l,27,2,top_left,-1523.89010000,1523.89010000,0.18526500,0.00800210,12.37958597,13.67946420,4.01752720,-66.36425750,52.83032190,-74.00000000,-74.25000000,290.50000000,250.27144338,1.78515414,15.46461834,650.00000000,0.00000000,0.00000000,0.10000000,19.632094,-17.777634,-8.467217,tracks_run_0234.dat.18-04-18_05h34m53s.2.csv,2397
2330,234,2,3346,1,c,27,2,top_left,-1523.89010000,1523.89010000,0.18526500,0.00800210,12.37958597,13.67946420,4.01752720,-66.36425750,52.83032190,-74.00000000,-74.25000000,290.50000000,250.27144338,1.78515414,15.46461834,650.00000000,0.00000000,0.00000000,0.10000000,6.530547,3.578863,5.466140,tracks_run_0234.dat.18-04-18_05h34m53s.2.csv,2398
2339,234,3,65,0,l,46,2,top_right,-934.48303000,934.48303000,0.13780700,0.00799780,7.61161538,8.12961775,7.62064906,-65.92067290,103.26792700,-49.00000000,-74.25000000,290.50000000,195.78336178,2.01731652,10.14693427,650.00000000,0.00000000,0.00000000,0.10000000,21.878402,-20.624537,-7.464814,tracks_run_0234.dat.18-04-18_05h34m53s.3.csv,40
2339,234,3,65,1,c,46,2,top_right,-934.48303000,934.48303000,0.13780700,0.00799780,7.61161538,8.12961775,7.62064906,-65.92067290,103.26792700,-49.00000000,-74.25000000,290.50000000,195.78336178,2.01731652,10.14693427,650.00000000,0.00000000,0.00000000,0.10000000,1.598212,0.318116,1.566241,tracks_run_0234.dat.18-04-18_05h34m53s.3.csv,41
2341,234,3,73,0,l,57,1,top_left,-549.38840000,549.38840000,0.18811800,0.00790992,4.53373629,4.58806511,-0.08952483,-70.70861620,96.54677290,-135.50000000,-74.25000000,290.50000000,236.57217184,3.26847014,7.85653525,650.00000000,0.00000000,0.00000000,0.10000000,34.996651,-34.740104,-4.523611,tracks_run_0234.dat.18-04-18_05h34m53s.3.csv,48
2341,234,3,73,1,c,57,1,top_left,-549.38840000,549.38840000,0.18811800,0.00790992,4.53373629,4.58806511,-0.08952483,-70.70861620,96.54677290,-135.50000000,-74.25000000,290.50000000,236.57217184,3.26847014,7.85653525,650.00000000,0.00000000,0.00000000,0.10000000,3.360343,3.341719,0.353494,tracks_run_0234.dat.18-04-18_05h34m53s.3.csv,49
2345,234,3,162,0,l,4,7,bottom_right,-1169.43310000,1169.43310000,0.17915400,0.00826490,9.84440163,10.71892465,-4.50126098,-67.80509360,86.44918940,-49.00000000,-37.75000000,290.50000000,210.99805623,1.79891713,12.51784178,650.00000000,0.00000000,0.00000000,0.10000000,10.265332,-9.928332,2.621871,tracks_run_0234.dat.18-04-18_05h34m53s.3.csv,116
2345,234,3,162,1,c,4,7,bottom_right,-1169.43310000,1169.43310000,0.17915400,0.00826490,9.84440163,10.71892465,-4.50126098,-67.80509360,86.44918940,-49.00000000,-37.75000000,290.50000000,210.99805623,1.79891713,12.51784178,650.00000000,0.00000000,0.00000000,0.10000000,1.135903,-0.016052,1.135789,tracks_run_0234.dat.18-04-18_05h34m53s.3.csv,117
2353,234,3,247,0,r,12,10,top_left,-1107.18020000,1107.18020000,0.20128800,0.00769076,8.71634519,9.40862702,-0.11875437,-79.21858320,53.22593690,110.50000000,-13.00000000,290.50000000,270.03775773,2.46692865,11.87555567,650.00000000,0.00000000,0.00000000,0.10000000,27.644661,24.727265,12.770062,tracks_run_0234.dat.18-04-18_05h34m53s.3.csv,171
2353,234,3,247,1,c,12,10,top_left,-1107.18020000,1107.18020000,0.20128800,0.00769076,8.71634519,9.40862702,-0.11875437,-79.21858320,53.22593690,110.50000000,-13.00000000,290.50000000,270.03775773,2.46692865,11.87555567,650.00000000,0.00000000,0.00000000,0.10000000,6.380605,-5.669245,-2.932554,tracks_run_0234.dat.18-04-18_05h34m53s.3.csv,172
2358,234,3,316,0,l,27,2,top_left,-1476.08220000,1476.08220000,0.18526500,0.00800210,11.99702237,13.23131381,1.18429686,-70.97388130,68.93131560,-74.00000000,-74.25000000,290.50000000,234.00019948,1.71445026,14.94576407,650.00000000,0.00000000,0.00000000,0.10000000,18.749256,-17.375721,-7.155407,tracks_run_0234.dat.18-04-18_05h34m53s.3.csv,229
2358,234,3,316,1,c,27,2,top_left,-1476.08220000,1476.08220000,0.18526500,0.00800210,11.99702237,13.23131381,1.18429686,-70.97388130,68.93131560,-74.00000000,-74.25000000,290.50000000,234.00019948,1.71445026,14.94576407,650.00000000,0.00000000,0.00000000,0.10000000,5.337896,4.594586,2.720071,tracks_run_0234.dat.18-04-18_05h34m53s.3.csv,230
2361,234,3,439,0,l,57,1,top_left,-1557.64120000,1557.64120000,0.18811800,0.00790992,12.50893528,13.83110175,-4.57520183,-67.22649760,21.21469160,-135.50000000,-74.25000000,290.50000000,299.50827982,2.10112835,15.93223010,650.00000000,0.00000000,0.00000000,0.10000000,27.526360,-27.065917,-5.214504,tracks_run_0234.dat.18-04-18_05h34m53s.3.csv,321
2361,234,3,439,1,c,57,1,top_left,-1557.64120000,1557.64120000,0.18811800,0.00790992,12.50893528,13.83110175,-4.57520183,-67.22649760,21.21469160,-135.50000000,-74.25000000,290.50000000,299.50827982,2.10112835,15.93223010,650.00000000,0.00000000,0.00000000,0.10000000,11.746254,11.225290,3.481794,tracks_run_0234.dat.18-04-18_05h34m53s.3.csv,322
2363,234,3,466,0,l,10,7,top_right,-1867.70360000,1867.70360000,0.21208800,0.00810101,15.34237354,17.16704242,-1.61350159,-68.30539840,40.51647800,-49.00000000,-12.75000000,290.50000000,260.42972909,1.57343634,18.74047877,650.00000000,0.00000000,0.00000000,0.10000000,15.152366,-13.002157,7.848597,tracks_run_0234.dat.18-04-18_05h34m53s.3.csv,340
2363,234,3,466,1,c,10,7,top_right,-1867.70360000,1867.70360000,0.21208800,0.00810101,15.34237354,17.16704242,-1.61350159,-68.30539840,40.51647800,-49.00000000,-12.75000000,290.50000000,260.42972909,1.57343634,18.74047877,650.00000000,0.00000000,0.00000000,0.10000000,0.012792,0.000000,-0.012792,tracks_run_0234.dat.18-04-18_05h34m53s.3.csv,341
2385,234,3,955,0,r,67,9,bottom_left,-538.90045000,538.90045000,0.14348100,0.00802875,4.47017799,4.51527136,-5.28235888,-72.52072260,73.59412780,49.00000000,-37.75000000,290.50000000,226.28242316,3.17264701,7.68791838,650.00000000,0.00000000,0.00000000,0.10000000,19.862409,18.537918,7.260527,tracks_run_0234.dat.18-04-18_05h34m53s.3.csv,696
2385,234,3,955,1,c,67,9,bottom_left,-538.90045000,538.90045000,0.14348100,0.00802875,4.47017799,4.51527136,-5.28235888,-72.52072260,73.59412780,49.00000000,-37.75000000,290.50000000,226.28242316,3.17264701,7.68791838,650.00000000,0.00000000,0.00000000,0.10000000,1.966504,0.041883,1.966058,tracks_run_0234.dat.18-04-18_05h34m53s.3.csv,697
2387,234,3,968,0,l,48,6,bottom_right,-521.27136000,521.27136000,0.19111700,0.00777749,4.24529979,4.25782713,-1.46715246,-76.45412330,108.16353000,-110.50000000,-38.00000000,290.50000000,215.90152786,3.13430607,7.39213321,650.00000000,0.00000000,0.00000000,0.10000000,30.059011,-29.799238,4.137934,tracks_run_0234.dat.18-04-18_05h34m53s.3.csv,707
2387,234,3,968,1,c,48,6,bottom_right,-521.27136000,521.27136000,0.19111700,0.00777749,4.24529979,4.25782713,-1.46715246,-76.45412330,108.16353000,-110.50000000,-38.00000000,290.50000000,215.90152786,3.13430607,7.39213321,650.00000000,0.00000000,0.00000000,0.10000000,1.563868,0.927817,-1.258959,tracks_run_0234.dat.18-04-18_05h34m53s.3.csv,708
2402,234,0,216,0,r,63,9,top_left,-1516.30310000,1516.30310000,0.12913200,0.00808714,12.39168745,13.69364848,-3.57241869,-76.03775060,56.63653060,49.00000000,-12.75000000,290.50000000,247.91393850,1.76780177,15.46145025,650.00000000,0.00000000,0.00000000,0.10000000,17.225172,12.104468,12.347896,tracks_run_0234.dat.18-04-18_05h34m53s.csv,142
2402,234,0,216,1,c,63,9,top_left,-1516.30310000,1516.30310000,0.12913200,0.00808714,12.39168745,13.69364848,-3.57241869,-76.03775060,56.63653060,49.00000000,-12.75000000,290.50000000,247.91393850,1.76780177,15.46145025,650.00000000,0.00000000,0.00000000,0.10000000,5.220701,-3.044658,-4.242963,tracks_run_0234.dat.18-04-18_05h34m53s.csv,143
2426,234,0,643,0,r,63,9,top_left,-1715.72520000,1715.72520000,0.12913200,0.00808714,14.00444189,15.58843081,-2.21781902,-66.19572370,50.48608380,49.00000000,-12.75000000,290.50000000,251.17004267,1.63050822,17.21893902,650.00000000,0.00000000,0.00000000,0.10000000,14.501254,10.481498,10.077817,tracks_run_0234.dat.18-04-18_05h34m53s.csv,458
2426,234,0,643,1,c,63,9,top_left,-1715.72520000,1715.72520000,0.12913200,0.00808714,14.00444189,15.58843081,-2.21781902,-66.19572370,50.48608380,49.00000000,-12.75000000,290.50000000,251.17004267,1.63050822,17.21893902,650.00000000,0.00000000,0.00000000,0.10000000,1.012436,-1.008529,0.088862,tracks_run_0234.dat.18-04-18_05h34m53s.csv,459
2436,234,0,828,0,r,12,10,top_left,-522.71000000,522.71000000,0.20128800,0.00769076,4.22132516,4.23039073,-1.80830841,-68.69707640,91.98941920,110.50000000,-13.00000000,290.50000000,234.78026141,3.37012007,7.60051079,650.00000000,0.00000000,0.00000000,0.10000000,33.313151,31.568087,11.238284,tracks_run_0234.dat.18-04-18_05h34m53s.csv,590
2436,234,0,828,1,c,12,10,top_left,-522.71000000,522.71000000,0.20128800,0.00769076,4.22132516,4.23039073,-1.80830841,-68.69707640,91.98941920,110.50000000,-13.00000000,290.50000000,234.78026141,3.37012007,7.60051079,650.00000000,0.00000000,0.00000000,0.10000000,1.263257,-1.123928,-0.576755,tracks_run_0234.dat.18-04-18_05h34m53s.csv,591
2468,234,0,1354,0,r,63,9,top_left,-942.16077000,942.16077000,0.12913200,0.00808714,7.74851805,8.28789260,6.37538912,-66.91056770,106.35452500,49.00000000,-12.75000000,290.50000000,196.62090558,2.00040349,10.28829609,650.00000000,0.00000000,0.00000000,0.10000000,16.092057,12.547827,10.156986,tracks_run_0234.dat.18-04-18_05h34m53s.csv,994
2468,234,0,1354,1,c,63,9,top_left,-942.16077000,942.16077000,0.12913200,0.00808714,7.74851805,8.28789260,6.37538912,-66.91056770,106.35452500,49.00000000,-12.75000000,290.50000000,196.62090558,2.00040349,10.28829609,650.00000000,0.00000000,0.00000000,0.10000000,1.784763,-1.632504,0.721422,tracks_run_0234.dat.18-04-18_05h34m53s.csv,995
2470,234,0,1367,0,r,59,9,top_right,-978.51044000,978.51044000,0.14848600,0.00807829,8.05317710,8.64034135,-2.55557920,-75.10237480,90.84431530,74.00000000,-12.75000000,290.50000000,222.73519655,2.18415155,10.82449290,650.00000000,0.00000000,0.00000000,0.10000000,23.387588,20.520887,11.470018,tracks_run_0234.dat.18-04-18_05h34m53s.csv,1004
2470,234,0,1367,1,c,59,9,top_right,-978.51044000,978.51044000,0.14848600,0.00807829,8.05317710,8.64034135,-2.55557920,-75.10237480,90.84431530,74.00000000,-12.75000000,290.50000000,222.73519655,2.18415155,10.82449290,650.00000000,0.00000000,0.00000000,0.10000000,2.475386,-2.109035,-1.296252,tracks_run_0234.dat.18-04-18_05h34m53s.csv,1005
2472,234,0,1417,0,l,27,2,top_left,-795.76526000,795.76526000,0.18526500,0.00800210,6.55305819,6.90795812,0.82537841,-69.35803810,105.48705800,-74.00000000,-74.25000000,290.50000000,199.63105283,2.26887080,9.17682892,650.00000000,0.00000000,0.00000000,0.10000000,22.744102,-22.123360,-5.415161,tracks_run_0234.dat.18-04-18_05h34m53s.csv,1044
2472,234,0,1417,1,c,27,2,top_left,-795.76526000,795.76526000,0.18526500,0.00800210,6.55305819,6.90795812,0.82537841,-69.35803810,105.48705800,-74.00000000,-74.25000000,290.50000000,199.63105283,2.26887080,9.17682892,650.00000000,0.00000000,0.00000000,0.10000000,1.913105,1.355149,1.350512,tracks_run_0234.dat.18-04-18_05h34m53s.csv,1045
2478,234,0,1622,0,l,24,7,bottom_left,-351.93207000,351.93207000,0.19145900,0.00807427,3.03305355,2.87298952,-3.19373422,-74.23203610,116.13827400,-74.00000000,-37.75000000,290.50000000,191.69370810,3.34460122,6.21759074,650.00000000,0.00000000,0.00000000,0.10000000,22.083543,-20.748816,7.733711,tracks_run_0234.dat.18-04-18_05h34m53s.csv,1187
2478,234,0,1622,1,c,24,7,bottom_left,-351.93207000,351.93207000,0.19145900,0.00807427,3.03305355,2.87298952,-3.19373422,-74.23203610,116.13827400,-74.00000000,-37.75000000,290.50000000,191.69370810,3.34460122,6.21759074,650.00000000,0.00000000,0.00000000,0.10000000,1.137876,1.049501,0.439694,tracks_run_0234.dat.18-04-18_05h34m53s.csv,1188
2487,234,0,1868,0,l,17,7,top_left,-468.75600000,468.75600000,0.20723500,0.00798853,3.95190637,3.92220406,2.25723703,-81.47334080,101.77095300,-74.00000000,-12.75000000,290.50000000,214.84114353,3.23799199,7.16019605,650.00000000,0.00000000,0.00000000,0.10000000,25.469441,-22.185738,12.838768,tracks_run_0234.dat.18-04-18_05h34m53s.csv,1367
2487,234,0,1868,1,c,17,7,top_left,-468.75600000,468.75600000,0.20723500,0.00798853,3.95190637,3.92220406,2.25723703,-81.47334080,101.77095300,-74.00000000,-12.75000000,290.50000000,214.84114353,3.23799199,7.16019605,650.00000000,0.00000000,0.00000000,0.10000000,1.864142,1.168016,-1.452947,tracks_run_0234.dat.18-04-18_05h34m53s.csv,1368
2489,234,0,1901,0,r,67,9,bottom_left,-448.37244000,448.37244000,0.14348100,0.00802875,3.74335123,3.68380844,-3.97045035,-65.34207390,108.84575000,49.00000000,-37.75000000,290.50000000,191.22096563,3.02320266,6.70701110,650.00000000,0.00000000,0.00000000,0.10000000,18.820613,18.490418,3.572998,tracks_run_0234.dat.18-04-18_05h34m53s.csv,1390
2489,234,0,1901,1,c,67,9,bottom_left,-448.37244000,448.37244000,0.14348100,0.00802875,3.74335123,3.68380844,-3.97045035,-65.34207390,108.84575000,49.00000000,-37.75000000,290.50000000,191.22096563,3.02320266,6.70701110,650.00000000,0.00000000,0.00000000,0.10000000,5.227426,0.977956,-5.135382,tracks_run_0234.dat.18-04-18_05h34m53s.csv,1391
2495,234,0,2034,0,l,41,6,bottom_left,-416.08072000,416.08072000,0.32119500,0.00785352,3.58889326,3.50734564,-4.53484555,-71.37469630,111.18751900,-135.50000000,-38.00000000,290.50000000,224.54110509,3.51630883,7.02365448,650.00000000,0.00000000,0.00000000,0.10000000,33.879435,-33.150476,7.427399,tracks_run_0234.dat.18-04-18_05h34m53s.csv,1483
2495,234,0,2034,1,c,41,6,bottom_left,-416.08072000,416.08072000,0.32119500,0.00785352,3.58889326,3.50734564,-4.53484555,-71.37469630,111.18751900,-135.50000000,-38.00000000,290.50000000,224.54110509,3.51630883,7.02365448,650.00000000,0.00000000,0.00000000,0.10000000,1.043946,0.176744,1.028878,tracks_run_0234.dat.18-04-18_05h34m53s.csv,1484
2501,234,0,2083,0,l,61,1,bottom_left,-457.99493000,457.99493000,0.16962200,0.00791440,3.79437707,3.74212150,-3.96451779,-64.40171840,101.25427600,-135.50000000,-99.25000000,290.50000000,233.08781578,3.53022246,7.27234396,650.00000000,0.00000000,0.00000000,0.10000000,35.249291,-33.092961,-12.897669,tracks_run_0234.dat.18-04-18_05h34m53s.csv,1523
2501,234,0,2083,1,c,61,1,bottom_left,-457.99493000,457.99493000,0.16962200,0.00791440,3.79437707,3.74212150,-3.96451779,-64.40171840,101.25427600,-135.50000000,-99.25000000,290.50000000,233.08781578,3.53022246,7.27234396,650.00000000,0.00000000,0.00000000,0.10000000,0.976965,-0.543150,0.812077,tracks_run_0234.dat.18-04-18_05h34m53s.csv,1524
2511,234,0,2261,0,r,37,5,top_left,-282.54468000,282.54468000,0.15591400,0.00610310,1.88031244,1.56076353,1.30774652,-64.84470890,134.62486900,110.50000000,-74.25000000,290.50000000,190.54780026,3.97138236,5.53214589,650.00000000,0.00000000,0.00000000,0.10000000,30.468742,29.971389,-5.756866,tracks_run_0234.dat.18-04-18_05h34m53s.csv,1648
2511,234,0,2261,1,c,37,5,top_left,-282.54468000,282.54468000,0.15591400,0.00610310,1.88031244,1.56076353,1.30774652,-64.84470890,134.62486900,110.50000000,-74.25000000,290.50000000,190.54780026,3.97138236,5.53214589,650.00000000,0.00000000,0.00000000,0.10000000,2.337655,-0.792479,2.199299,tracks_run_0234.dat.18-04-18_05h34m53s.csv,1649
2516,234,0,2315,0,r,31,5,top_right,-352.86590000,352.86590000,0.16255800,0.00607500,2.30621834,2.04506842,6.78607885,-80.59020310,105.08136000,135.50000000,-74.25000000,290.50000000,225.80421549,4.21223509,6.25730351,650.00000000,0.00000000,0.00000000,0.10000000,32.645185,32.432108,-3.945392,tracks_run_0234.dat.18-04-18_05h34m53s.csv,1693
2516,234,0,2315,1,c,31,5,top_right,-352.86590000,352.86590000,0.16255800,0.00607500,2.30621834,2.04506842,6.78607885,-80.59020310,105.08136000,135.50000000,-74.25000000,290.50000000,225.80421549,4.21223509,6.25730351,650.00000000,0.00000000,0.00000000,0.10000000,0.579018,-0.142696,-0.561160,tracks_run_0234.dat.18-04-18_05h34m53s.csv,1694
2519,234,0,2401,0,l,48,6,bottom_right,-737.34790000,737.34790000,0.19111700,0.00777749,5.92583292,6.18588754,-2.16644016,-71.74550860,77.32246530,-110.50000000,-38.00000000,290.50000000,241.49447372,2.86128589,9.04717343,650.00000000,0.00000000,0.00000000,0.10000000,29.272841,-29.112576,3.202413,tracks_run_0234.dat.18-04-18_05h34m53s.csv,1769
2519,234,0,2401,1,c,48,6,bottom_right,-737.34790000,737.34790000,0.19111700,0.00777749,5.92583292,6.18588754,-2.16644016,-71.74550860,77.32246530,-110.50000000,-38.00000000,290.50000000,241.49447372,2.86128589,9.04717343,650.00000000,0.00000000,0.00000000,0.10000000,3.241691,3.234400,0.217405,tracks_run_0234.dat.18-04-18_05h34m53s.csv,1770
2562,234,0,3132,0,l,24,7,bottom_left,-1437.25370000,1437.25370000,0.19145900,0.00807427,11.79623343,12.99630069,-0.85628118,-82.35848800,63.73404800,-74.00000000,-37.75000000,290.50000000,242.41022625,1.79566329,14.79196398,650.00000000,0.00000000,0.00000000,0.10000000,17.748953,-16.015190,7.753370,tracks_run_0234.dat.18-04-18_05h34m53s.csv,2290
2562,234,0,3132,1,c,24,7,bottom_left,-1437.25370000,1437.25370000,0.19145900,0.00807427,11.79623343,12.99630069,-0.85628118,-82.35848800,63.73404800,-74.00000000,-37.75000000,290.50000000,242.41022625,1.79566329,14.79196398,650.00000000,0.00000000,0.00000000,0.10000000,3.535216,1.947883,-2.950739,tracks_run_0234.dat.18-04-18_05h34m53s.csv,2291
2564,235,1,24,0,l,46,2,top_right,-1383.49220000,1383.49220000,0.13780700,0.00799780,11.20270092,12.30240290,-7.09177609,-76.10670280,34.45109150,-49.00000000,-74.25000000,290.50000000,259.46250234,1.98977113,14.29217403,650.00000000,0.00000000,0.00000000,0.10000000,11.639597,-10.857570,-4.219851,tracks_run_0235.dat.18-04-18_06h42m19s.1.csv,12
2564,235,1,24,1,c,46,2,top_right,-1383.49220000,1383.49220000,0.13780700,0.00799780,11.20270092,12.30240290,-7.09177609,-76.10670280,34.45109150,-49.00000000,-74.25000000,290.50000000,259.46250234,1.98977113,14.29217403,650.00000000,0.00000000,0.00000000,0.10000000,3.102263,2.426669,1.933273,tracks_run_0235.dat.18-04-18_06h42m19s.1.csv,13
2571,235,1,131,0,r,5,10,top_right,-1594.86840000,1594.86840000,0.18441600,0.00767440,12.42407405,13.73161162,0.85744928,-65.48547520,32.93247300,135.50000000,-13.00000000,290.50000000,295.33772623,2.08390707,15.81551869,650.00000000,0.00000000,0.00000000,0.10000000,27.374987,26.198246,8.236711,tracks_run_0235.dat.18-04-18_06h42m19s.1.csv,80
2571,235,1,131,1,c,5,10,top_right,-1594.86840000,1594.86840000,0.18441600,0.00767440,12.42407405,13.73161162,0.85744928,-65.48547520,32.93247300,135.50000000,-13.00000000,290.50000000,295.33772623,2.08390707,15.81551869,650.00000000,0.00000000,0.00000000,0.10000000,9.474337,-9.236041,-2.120764,tracks_run_0235.dat.18-04-18_06h42m19s.1.csv,81
2587,235,1,404,0,l,10,7,top_right,-652.55550000,652.55550000,0.21208800,0.00810101,5.49844663,5.69464065,-7.29681912,-74.73065940,89.22403060,-49.00000000,-12.75000000,290.50000000,214.69227581,2.69815851,8.39279916,650.00000000,0.00000000,0.00000000,0.10000000,21.490117,-15.113679,15.459551,tracks_run_0235.dat.18-04-18_06h42m19s.1.csv,286
2587,235,1,404,1,c,10,7,top_right,-652.55550000,652.55550000,0.21208800,0.00810101,5.49844663,5.69464065,-7.29681912,-74.73065940,89.22403060,-49.00000000,-12.75000000,290.50000000,214.69227581,2.69815851,8.39279916,650.00000000,0.00000000,0.00000000,0.10000000,2.044626,0.563576,-1.965452,tracks_run_0235.dat.18-04-18_06h42m19s.1.csv,287
2588,235,1,447,0,r,18,10,bottom_left,-1184.61440000,1184.61440000,0.21264900,0.00771957,9.35736278,10.15267235,5.17195363,-68.78793290,68.33981860,110.50000000,-38.00000000,290.50000000,247.78426174,2.16860941,12.32128177,650.00000000,0.00000000,0.00000000,0.10000000,27.003084,26.311237,6.302352,tracks_run_0235.dat.18-04-18_06h42m19s.1.csv,326
2588,235,1,447,1,c,18,10,bottom_left,-1184.61440000,1184.61440000,0.21264900,0.00771957,9.35736278,10.15267235,5.17195363,-68.78793290,68.33981860,110.50000000,-38.00000000,290.50000000,247.78426174,2.16860941,12.32128177,650.00000000,0.00000000,0.00000000,0.10000000,3.970415,-3.887677,0.806946,tracks_run_0235.dat.18-04-18_06h42m19s.1.csv,327
2595,235,1,548,0,l,29,6,top_right,-974.00290000,974.00290000,0.22227000,0.00759729,7.62205249,8.14168198,0.56239894,-78.10196190,61.64661810,-110.50000000,-13.00000000,290.50000000,262.57759293,2.63332599,10.77500797,650.00000000,0.00000000,0.00000000,0.10000000,27.260162,-25.423730,10.181278,tracks_run_0235.dat.18-04-18_06h42m19s.1.csv,393
2595,235,1,548,1,c,29,6,top_right,-974.00290000,974.00290000,0.22227000,0.00759729,7.62205249,8.14168198,0.56239894,-78.10196190,61.64661810,-110.50000000,-13.00000000,290.50000000,262.57759293,2.63332599,10.77500797,650.00000000,0.00000000,0.00000000,0.10000000,3.844568,3.736770,-0.904664,tracks_run_0235.dat.18-04-18_06h42m19s.1.csv,394
2612,235,1,962,0,l,4,7,bottom_right,-1244.60380000,1244.60380000,0.17915400,0.00826490,10.46567995,11.44242012,6.95737917,-73.95368040,69.76527800,-49.00000000,-37.75000000,290.50000000,230.57699854,1.87074905,13.31316917,650.00000000,0.00000000,0.00000000,0.10000000,17.167744,-16.898403,3.074266,tracks_run_0235.dat.18-04-18_06h42m19s.1.csv,696
2612,235,1,962,1,c,4,7,bottom_right,-1244.60380000,1244.60380000,0.17915400,0.00826490,10.46567995,11.44242012,6.95737917,-73.95368040,69.76527800,-49.00000000,-37.75000000,290.50000000,230.57699854,1.87074905,13.31316917,650.00000000,0.00000000,0.00000000,0.10000000,2.223240,2.047180,0.867278,tracks_run_0235.dat.18-04-18_06h42m19s.1.csv,697
2617,235,1,1072,0,r,18,10,bottom_left,-1498.92370000,1498.92370000,0.21264900,0.00771957,11.78369543,12.98163014,-0.59225346,-77.09293610,41.09648580,110.50000000,-38.00000000,290.50000000,275.81127484,2.03113821,15.01276836,650.00000000,0.00000000,0.00000000,0.10000000,22.594851,21.634859,6.678493,tracks_run_0235.dat.18-04-18_06h42m19s.1.csv,776
2617,235,1,1072,1,c,18,10,bottom_left,-1498.92370000,1498.92370000,0.21264900,0.00771957,11.78369543,12.98163014,-0.59225346,-77.09293610,41.09648580,110.50000000,-38.00000000,290.50000000,275.81127484,2.03113821,15.01276836,650.00000000,0.00000000,0.00000000,0.10000000,7.015427,-6.763044,-1.869146,tracks_run_0235.dat.18-04-18_06h42m19s.1.csv,777
2623,235,1,1161,0,l,57,1,top_left,-330.24854000,330.24854000,0.18811800,0.00790992,2.80035753,2.60773541,1.96587243,-72.24419140,91.31192070,-135.50000000,-74.25000000,290.50000000,242.02640411,4.13943520,6.74717061,650.00000000,0.00000000,0.00000000,0.10000000,33.155064,-32.748363,-5.492118,tracks_run_0235.dat.18-04-18_06h42m19s.1.csv,843
2623,235,1,1161,1,c,57,1,top_left,-330.24854000,330.24854000,0.18811800,0.00790992,2.80035753,2.60773541,1.96587243,-72.24419140,91.31192070,-135.50000000,-74.25000000,290.50000000,242.02640411,4.13943520,6.74717061,650.00000000,0.00000000,0.00000000,0.10000000,2.972464,2.596686,1.447135,tracks_run_0235.dat.18-04-18_06h42m19s.1.csv,844
2638,235,1,1400,0,l,41,6,bottom_left,-542.51733000,542.51733000,0.32119500,0.00785352,4.58186570,4.64319718,-0.80520064,-66.53307530,85.43631460,-135.50000000,-38.00000000,290.50000000,246.99785511,3.36933685,8.01253404,650.00000000,0.00000000,0.00000000,0.10000000,33.218930,-33.178425,1.742614,tracks_run_0235.dat.18-04-18_06h42m19s.1.csv,1011
2638,235,1,1400,1,c,41,6,bottom_left,-542.51733000,542.51733000,0.32119500,0.00785352,4.58186570,4.64319718,-0.80520064,-66.53307530,85.43631460,-135.50000000,-38.00000000,290.50000000,246.99785511,3.36933685,8.01253404,650.00000000,0.00000000,0.00000000,0.10000000,3.941237,3.900666,0.564489,tracks_run_0235.dat.18-04-18_06h42m19s.1.csv,1012
2648,235,1,1497,0,l,48,6,bottom_right,-815.50570000,815.50570000,0.19111700,0.00777749,6.53370443,6.88565780,5.40144448,-62.71215880,87.27125930,-110.50000000,-38.00000000,290.50000000,235.25678879,2.63447267,9.52013047,650.00000000,0.00000000,0.00000000,0.10000000,29.585666,-29.287070,4.392015,tracks_run_0235.dat.18-04-18_06h42m19s.1.csv,1092
2648,235,1,1497,1,c,48,6,bottom_right,-815.50570000,815.50570000,0.19111700,0.00777749,6.53370443,6.88565780,5.40144448,-62.71215880,87.27125930,-110.50000000,-38.00000000,290.50000000,235.25678879,2.63447267,9.52013047,650.00000000,0.00000000,0.00000000,0.10000000,1.979777,1.717435,0.984998,tracks_run_0235.dat.18-04-18_06h42m19s.1.csv,1093
2660,235,1,1638,0,l,35,6,top_left,-1512.27430000,1512.27430000,0.20961900,0.00776938,11.95905270,13.18686175,-4.50235529,-72.90442520,22.18616400,-135.50000000,-13.00000000,290.50000000,304.53446056,2.20629281,15.39315456,650.00000000,0.00000000,0.00000000,0.10000000,27.343941,-26.073053,8.544263,tracks_run_0235.dat.18-04-18_06h42m19s.1.csv,1202
2660,235,1,1638,1,c,35,6,top_left,-1512.27430000,1512.27430000,0.20961900,0.00776938,11.95905270,13.18686175,-4.50235529,-72.90442520,22.18616400,-135.50000000,-13.00000000,290.50000000,304.53446056,2.20629281,15.39315456,650.00000000,0.00000000,0.00000000,0.10000000,11.715960,11.393438,-2.748296,tracks_run_0235.dat.18-04-18_06h42m19s.1.csv,1203
2661,235,1,1645,0,r,31,5,top_right,-1161.18230000,1161.18230000,0.16255800,0.00607500,7.21674047,7.67345502,1.98469584,-54.13564990,73.62410780,135.50000000,-74.25000000,290.50000000,255.47226100,2.66157238,10.33502740,650.00000000,0.00000000,0.00000000,0.10000000,32.291913,31.167741,-8.907065,tracks_run_0235.dat.18-04-18_06h42m19s.1.csv,1210
2661,235,1,1645,1,c,31,5,top_right,-1161.18230000,1161.18230000,0.16255800,0.00607500,7.21674047,7.67345502,1.98469584,-54.13564990,73.62410780,135.50000000,-74.25000000,290.50000000,255.47226100,2.66157238,10.33502740,650.00000000,0.00000000,0.00000000,0.10000000,8.468676,-6.373133,5.588438,tracks_run_0235.dat.18-04-18_06h42m19s.1.csv,1211
2662,235,1,1649,0,r,59,9,top_right,-1865.65870000,1865.65870000,0.14848600,0.00807829,15.21981802,17.02218723,-3.18262771,-73.53031860,25.32271170,74.00000000,-12.75000000,290.50000000,282.79038063,1.71415339,18.73634062,650.00000000,0.00000000,0.00000000,0.10000000,18.547604,16.668913,8.252010,tracks_run_0235.dat.18-04-18_06h42m19s.1.csv,1215
2662,235,1,1649,1,c,59,9,top_right,-1865.65870000,1865.65870000,0.14848600,0.00807829,15.21981802,17.02218723,-3.18262771,-73.53031860,25.32271170,74.00000000,-12.75000000,290.50000000,282.79038063,1.71415339,18.73634062,650.00000000,0.00000000,0.00000000,0.10000000,8.180775,-7.149826,-3.985931,tracks_run_0235.dat.18-04-18_06h42m19s.1.csv,1216
2681,235,1,1821,0,l,48,6,bottom_right,-1303.78670000,1303.78670000,0.19111700,0.00777749,10.33130502,11.28582564,-0.20565416,-80.18565960,43.01696220,-110.50000000,-38.00000000,290.50000000,274.21219265,2.22228025,13.50810590,650.00000000,0.00000000,0.00000000,0.10000000,26.195092,-25.366559,6.764043,tracks_run_0235.dat.18-04-18_06h42m19s.1.csv,1336
2681,235,1,1821,1,c,48,6,bottom_right,-1303.78670000,1303.78670000,0.19111700,0.00777749,10.33130502,11.28582564,-0.20565416,-80.18565960,43.01696220,-110.50000000,-38.00000000,290.50000000,274.21219265,2.22228025,13.50810590,650.00000000,0.00000000,0.00000000,0.10000000,9.380241,8.205936,-4.560040,tracks_run_0235.dat.18-04-18_06h42m19s.1.csv,1337
2687,235,1,1948,0,l,27,2,top_left,-1465.52720000,1465.52720000,0.18526500,0.00800210,11.91256021,13.13243849,5.01260734,-71.73567420,62.94081190,-74.00000000,-74.25000000,290.50000000,240.89935251,1.77198734,14.90442583,650.00000000,0.00000000,0.00000000,0.10000000,19.053512,-18.708211,-3.677410,tracks_run_0235.dat.18-04-18_06h42m19s.1.csv,1427
2687,235,1,1948,1,c,27,2,top_left,-1465.52720000,1465.52720000,0.18526500,0.00800210,11.91256021,13.13243849,5.01260734,-71.73567420,62.94081190,-74.00000000,-74.25000000,290.50000000,240.89935251,1.77198734,14.90442583,650.00000000,0.00000000,0.00000000,0.10000000,2.908702,2.644433,1.211844,tracks_run_0235.dat.18-04-18_06h42m19s.1.csv,1428
2697,235,1,2052,0,l,24,7,bottom_left,-1123.42500000,1123.42500000,0.19145900,0.00807427,9.26229577,10.04223743,-2.71194046,-75.01040500,52.46314070,-74.00000000,-37.75000000,290.50000000,251.26056515,2.21259078,12.25482821,650.00000000,0.00000000,0.00000000,0.10000000,17.950646,-16.255135,7.720496,tracks_run_0235.dat.18-04-18_06h42m19s.1.csv,1511
2697,235,1,2052,1,c,24,7,bottom_left,-1123.42500000,1123.42500000,0.19145900,0.00807427,9.26229577,10.04223743,-2.71194046,-75.01040500,52.46314070,-74.00000000,-37.75000000,290.50000000,251.26056515,2.21259078,12.25482821,650.00000000,0.00000000,0.00000000,0.10000000,1.033799,-0.960807,-0.381580,tracks_run_0235.dat.18-04-18_06h42m19s.1.csv,1512
2702,235,1,2125,0,r,63,9,top_left,-523.32350000,523.32350000,0.12913200,0.00808714,4.36132241,4.39063025,-0.61096122,-61.35805500,95.26336480,49.00000000,-12.75000000,290.50000000,207.22290947,2.98538659,7.37601684,650.00000000,0.00000000,0.00000000,0.10000000,17.867690,16.823983,6.106275,tracks_run_0235.dat.18-04-18_06h42m19s.1.csv,1560
2702,235,1,2125,1,c,63,9,top_left,-523.32350000,523.32350000,0.12913200,0.00808714,4.36132241,4.39063025,-0.61096122,-61.35805500,95.26336480,49.00000000,-12.75000000,290.50000000,207.22290947,2.98538659,7.37601684,650.00000000,0.00000000,0.00000000,0.10000000,3.142416,-2.425279,1.998796,tracks_run_0235.dat.18-04-18_06h42m19s.1.csv,1561
2726,235,1,2477,0,l,4,7,bottom_right,-1191.58680000,1191.58680000,0.17915400,0.00826490,10.02749974,10.93201099,-4.98973116,-65.84396950,88.49422550,-49.00000000,-37.75000000,290.50000000,208.64445312,1.75627843,12.68828941,650.00000000,0.00000000,0.00000000,0.10000000,10.983163,-10.651504,2.694284,tracks_run_0235.dat.18-04-18_06h42m19s.1.csv,1821
2726,235,1,2477,1,c,4,7,bottom_right,-1191.58680000,1191.58680000,0.17915400,0.00826490,10.02749974,10.93201099,-4.98973116,-65.84396950,88.49422550,-49.00000000,-37.75000000,290.50000000,208.64445312,1.75627843,12.68828941,650.00000000,0.00000000,0.00000000,0.10000000,1.324820,1.239905,0.466709,tracks_run_0235.dat.18-04-18_06h42m19s.1.csv,1822
2735,235,1,2591,0,r,37,5,top_left,-1101.69060000,1101.69060000,0.15591400,0.00610310,6.87964190,7.28445545,-3.97950807,-77.44328270,56.14312160,110.50000000,-74.25000000,290.50000000,260.84267533,2.79579623,10.08025168,650.00000000,0.00000000,0.00000000,0.10000000,27.552239,27.032452,-5.539417,tracks_run_0235.dat.18-04-18_06h42m19s.1.csv,1896
2735,235,1,2591,1,c,37,5,top_left,-1101.69060000,1101.69060000,0.15591400,0.00610310,6.87964190,7.28445545,-3.97950807,-77.44328270,56.14312160,110.50000000,-74.25000000,290.50000000,260.84267533,2.79579623,10.08025168,650.00000000,0.00000000,0.00000000,0.10000000,1.428826,-1.055199,-0.963433,tracks_run_0235.dat.18-04-18_06h42m19s.1.csv,1897
2738,235,1,2606,0,r,31,5,top_right,-2102.33810000,2102.33810000,0.16255800,0.00607500,12.93426196,14.33011774,3.03542005,-69.99303540,34.15789710,135.50000000,-74.25000000,290.50000000,288.57626446,1.97836358,16.30848132,650.00000000,0.00000000,0.00000000,0.10000000,24.627862,24.272262,-4.302332,tracks_run_0235.dat.18-04-18_06h42m19s.1.csv,1908
2738,235,1,2606,1,c,31,5,top_right,-2102.33810000,2102.33810000,0.16255800,0.00607500,12.93426196,14.33011774,3.03542005,-69.99303540,34.15789710,135.50000000,-74.25000000,290.50000000,288.57626446,1.97836358,16.30848132,650.00000000,0.00000000,0.00000000,0.10000000,10.451606,-9.573805,4.212342,tracks_run_0235.dat.18-04-18_06h42m19s.1.csv,1909
2753,235,1,2790,0,l,35,6,top_left,-1318.19710000,1318.19710000,0.20961900,0.00776938,10.45119318,11.42553495,-4.30078882,-69.89916010,34.74112150,-135.50000000,-13.00000000,290.50000000,293.02448936,2.34497975,13.77051470,650.00000000,0.00000000,0.00000000,0.10000000,27.932697,-26.565051,8.965889,tracks_run_0235.dat.18-04-18_06h42m19s.1.csv,2056
2753,235,1,2790,1,c,35,6,top_left,-1318.19710000,1318.19710000,0.20961900,0.00776938,10.45119318,11.42553495,-4.30078882,-69.89916010,34.74112150,-135.50000000,-13.00000000,290.50000000,293.02448936,2.34497975,13.77051470,650.00000000,0.00000000,0.00000000,0.10000000,11.104872,10.598283,-3.334929,tracks_run_0235.dat.18-04-18_06h42m19s.1.csv,2057
2755,235,1,2828,0,r,54,9,bottom_right,-1494.27010000,1494.27010000,0.13288400,0.00794930,12.01128531,13.24801305,5.42941315,-68.56682120,61.22135260,74.00000000,-37.75000000,290.50000000,241.28883108,1.76372770,15.01174075,650.00000000,0.00000000,0.00000000,0.10000000,17.802505,17.679976,2.119225,tracks_run_0235.dat.18-04-18_06h42m19s.1.csv,2079
2755,235,1,2828,1,c,54,9,bottom_right,-1494.27010000,1494.27010000,0.13288400,0.00794930,12.01128531,13.24801305,5.42941315,-68.56682120,61.22135260,74.00000000,-37.75000000,290.50000000,241.28883108,1.76372770,15.01174075,650.00000000,0.00000000,0.00000000,0.10000000,4.452272,-4.441670,0.307373,tracks_run_0235.dat.18-04-18_06h42m19s.1.csv,2080
2760,235,1,2957,0,l,29,6,top_right,-663.45080000,663.45080000,0.22227000,0.00759729,5.26269813,5.42393207,-2.94116292,-78.01624240,82.10226160,-110.50000000,-13.00000000,290.50000000,243.36317014,3.08530886,8.50924093,650.00000000,0.00000000,0.00000000,0.10000000,29.599853,-27.657956,10.988078,tracks_run_0235.dat.18-04-18_06h42m19s.1.csv,2167
2760,235,1,2957,1,c,29,6,top_right,-663.45080000,663.45080000,0.22227000,0.00759729,5.26269813,5.42393207,-2.94116292,-78.01624240,82.10226160,-110.50000000,-13.00000000,290.50000000,243.36317014,3.08530886,8.50924093,650.00000000,0.00000000,0.00000000,0.10000000,2.463597,2.221826,-1.064597,tracks_run_0235.dat.18-04-18_06h42m19s.1.csv,2168
2776,235,1,3140,0,l,57,1,top_left,-1135.98450000,1135.98450000,0.18811800,0.00790992,9.17366452,9.93930631,4.08648413,-67.90714640,62.33660820,-135.50000000,-74.25000000,290.50000000,267.55027883,2.36080342,12.30010973,650.00000000,0.00000000,0.00000000,0.10000000,29.760997,-28.525697,-8.866623,tracks_run_0235.dat.18-04-18_06h42m19s.1.csv,2309
2776,235,1,3140,1,c,57,1,top_left,-1135.98450000,1135.98450000,0.18811800,0.00790992,9.17366452,9.93930631,4.08648413,-67.90714640,62.33660820,-135.50000000,-74.25000000,290.50000000,267.55027883,2.36080342,12.30010973,650.00000000,0.00000000,0.00000000,0.10000000,0.933039,-0.794680,0.488937,tracks_run_0235.dat.18-04-18_06h42m19s.1.csv,2310
2778,235,1,3146,0,l,41,6,bottom_left,-288.43515000,288.43515000,0.32119500,0.00785352,2.58642622,2.36403395,-4.20276243,-65.93359490,93.85594510,-135.50000000,-38.00000000,290.50000000,238.09270179,4.21036797,6.57440192,650.00000000,0.00000000,0.00000000,0.10000000,32.342891,-32.257176,2.491458,tracks_run_0235.dat.18-04-18_06h42m19s.1.csv,2316
2778,235,1,3146,1,c,41,6,bottom_left,-288.43515000,288.43515000,0.32119500,0.00785352,2.58642622,2.36403395,-4.20276243,-65.93359490,93.85594510,-135.50000000,-38.00000000,290.50000000,238.09270179,4.21036797,6.57440192,650.00000000,0.00000000,0.00000000,0.10000000,0.287691,0.116039,-0.263251,tracks_run_0235.dat.18-04-18_06h42m19s.1.csv,2317
2782,235,1,3222,0,l,27,2,top_left,-1565.19240000,1565.19240000,0.18526500,0.00800210,12.71009110,14.06703185,0.46190666,-68.72951790,51.46532270,-74.00000000,-74.25000000,290.50000000,250.42489536,1.75113017,15.81816202,650.00000000,0.00000000,0.00000000,0.10000000,19.293377,-17.934339,-7.232946,tracks_run_0235.dat.18-04-18_06h42m19s.1.csv,2366
2782,235,1,3222,1,c,27,2,top_left,-1565.19240000,1565.19240000,0.18526500,0.00800210,12.71009110,14.06703185,0.46190666,-68.72951790,51.46532270,-74.00000000,-74.25000000,290.50000000,250.42489536,1.75113017,15.81816202,650.00000000,0.00000000,0.00000000,0.10000000,6.102114,4.692190,3.905543,tracks_run_0235.dat.18-04-18_06h42m19s.1.csv,2367
2787,235,1,3349,0,r,37,5,top_left,-669.24690000,669.24690000,0.15591400,0.00610310,4.24039476,4.25221368,-1.96900156,-69.13860920,109.03300600,110.50000000,-74.25000000,290.50000000,213.55484668,3.10770966,7.35992334,650.00000000,0.00000000,0.00000000,0.10000000,28.531627,27.940105,-6.027687,tracks_run_0235.dat.18-04-18_06h42m19s.1.csv,2453
2787,235,1,3349,1,c,37,5,top_left,-669.24690000,669.24690000,0.15591400,0.00610310,4.24039476,4.25221368,-1.96900156,-69.13860920,109.03300600,110.50000000,-74.25000000,290.50000000,213.55484668,3.10770966,7.35992334,650.00000000,0.00000000,0.00000000,0.10000000,1.925286,-1.731473,0.841988,tracks_run_0235.dat.18-04-18_06h42m19s.1.csv,2454
2800,235,2,109,0,l,48,6,bottom_right,-355.56790000,355.56790000,0.19111700,0.00777749,2.95654279,2.78575330,-2.75788133,-63.08631530,123.82776600,-110.50000000,-38.00000000,290.50000000,200.04329766,3.49710147,6.28285477,650.00000000,0.00000000,0.00000000,0.10000000,29.425992,-29.140532,4.281024,tracks_run_0235.dat.18-04-18_06h42m19s.2.csv,83
2800,235,2,109,1,c,48,6,bottom_right,-355.56790000,355.56790000,0.19111700,0.00777749,2.95654279,2.78575330,-2.75788133,-63.08631530,123.82776600,-110.50000000,-38.00000000,290.50000000,200.04329766,3.49710147,6.28285477,650.00000000,0.00000000,0.00000000,0.10000000,0.681819,-0.659967,0.171238,tracks_run_0235.dat.18-04-18_06h42m19s.2.csv,84
2834,235,2,628,0,l,10,7,top_right,-893.45245000,893.45245000,0.21208800,0.00810101,7.44995523,7.94280253,7.37513080,-64.90254920,87.65331040,-49.00000000,-12.75000000,290.50000000,216.89818635,2.24796107,10.19076360,650.00000000,0.00000000,0.00000000,0.10000000,20.889121,-18.973351,8.904586,tracks_run_0235.dat.18-04-18_06h42m19s.2.csv,446
2834,235,2,628,1,c,10,7,top_right,-893.45245000,893.45245000,0.21208800,0.00810101,7.44995523,7.94280253,7.37513080,-64.90254920,87.65331040,-49.00000000,-12.75000000,290.50000000,216.89818635,2.24796107,10.19076360,650.00000000,0.00000000,0.00000000,0.10000000,0.833977,-0.469420,0.689329,tracks_run_0235.dat.18-04-18_06h42m19s.2.csv,447
2835,235,2,661,0,r,12,10,top_left,-1555.96580000,1555.96580000,0.20128800,0.00769076,12.16784754,13.43136379,-2.34689557,-77.81094100,36.32759050,110.50000000,-13.00000000,290.50000000,285.54945923,2.04983617,15.48119996,650.00000000,0.00000000,0.00000000,0.10000000,24.854176,22.843472,10.066983,tracks_run_0235.dat.18-04-18_06h42m19s.2.csv,476
2835,235,2,661,1,c,12,10,top_left,-1555.96580000,1555.96580000,0.20128800,0.00769076,12.16784754,13.43136379,-2.34689557,-77.81094100,36.32759050,110.50000000,-13.00000000,290.50000000,285.54945923,2.04983617,15.48119996,650.00000000,0.00000000,0.00000000,0.10000000,6.546224,-5.871054,-2.900559,tracks_run_0235.dat.18-04-18_06h42m19s.2.csv,477
2842,235,2,802,0,l,48,6,bottom_right,-494.10593000,494.10593000,0.19111700,0.00777749,4.03402093,4.01610830,3.29708050,-61.96526010,97.34848390,-110.50000000,-38.00000000,290.50000000,225.45868223,3.33467414,7.35078244,650.00000000,0.00000000,0.00000000,0.10000000,28.947102,-28.913078,1.467896,tracks_run_0235.dat.18-04-18_06h42m19s.2.csv,564
2842,235,2,802,1,c,48,6,bottom_right,-494.10593000,494.10593000,0.19111700,0.00777749,4.03402093,4.01610830,3.29708050,-61.96526010,97.34848390,-110.50000000,-38.00000000,290.50000000,225.45868223,3.33467414,7.35078244,650.00000000,0.00000000,0.00000000,0.10000000,2.045712,1.131241,1.704584,tracks_run_0235.dat.18-04-18_06h42m19s.2.csv,565
2868,235,2,1167,0,r,67,9,bottom_left,-469.36133000,469.36133000,0.14348100,0.00802875,3.91186578,3.87642291,3.30570516,-75.25956310,112.09503100,49.00000000,-37.75000000,290.50000000,187.94485593,2.91389175,6.79031466,650.00000000,0.00000000,0.00000000,0.10000000,16.942495,16.268204,4.797479,tracks_run_0235.dat.18-04-18_06h42m19s.2.csv,822
2868,235,2,1167,1,c,67,9,bottom_left,-469.36133000,469.36133000,0.14348100,0.00802875,3.91186578,3.87642291,3.30570516,-75.25956310,112.09503100,49.00000000,-37.75000000,290.50000000,187.94485593,2.91389175,6.79031466,650.00000000,0.00000000,0.00000000,0.10000000,0.422000,-0.260331,-0.332133,tracks_run_0235.dat.18-04-18_06h42m19s.2.csv,823
2878,235,2,1265,0,r,31,5,top_right,-623.30963000,623.30963000,0.16255800,0.00607500,3.94916400,3.91906835,3.85031942,-62.66054250,104.31120400,135.50000000,-74.25000000,290.50000000,228.32481617,3.40502111,7.32408946,650.00000000,0.00000000,0.00000000,0.10000000,33.976781,33.395450,-6.656149,tracks_run_0235.dat.18-04-18_06h42m19s.2.csv,899
2878,235,2,1265,1,c,31,5,top_right,-623.30963000,623.30963000,0.16255800,0.00607500,3.94916400,3.91906835,3.85031942,-62.66054250,104.31120400,135.50000000,-74.25000000,290.50000000,228.32481617,3.40502111,7.32408946,650.00000000,0.00000000,0.00000000,0.10000000,3.717972,-2.562164,2.695084,tracks_run_0235.dat.18-04-18_06h42m19s.2.csv,900
2892,235,2,1490,0,r,18,10,bottom_left,-260.55292000,260.55292000,0.21264900,0.00771957,2.22400550,1.95153476,11.41863810,-64.61110000,126.53997800,110.50000000,-38.00000000,290.50000000,193.41188106,3.80274751,5.75428227,650.00000000,0.00000000,0.00000000,0.10000000,27.482504,27.356942,2.731606,tracks_run_0235.dat.18-04-18_06h42m19s.2.csv,1045
2892,235,2,1490,1,c,18,10,bottom_left,-260.55292000,260.55292000,0.21264900,0.00771957,2.22400550,1.95153476,11.41863810,-64.61110000,126.53997800,110.50000000,-38.00000000,290.50000000,193.41188106,3.80274751,5.75428227,650.00000000,0.00000000,0.00000000,0.10000000,0.526110,-0.496832,0.173064,tracks_run_0235.dat.18-04-18_06h42m19s.2.csv,1046
2893,235,2,1497,0,r,54,9,bottom_right,-724.64280000,724.64280000,0.13288400,0.00794930,5.89328701,6.14845674,0.73579712,-73.59075320,108.02470600,74.00000000,-37.75000000,290.50000000,199.87354986,2.42853520,8.57699194,650.00000000,0.00000000,0.00000000,0.10000000,22.274719,22.117831,2.707883,tracks_run_0235.dat.18-04-18_06h42m19s.2.csv,1053
2893,235,2,1497,1,c,54,9,bottom_right,-724.64280000,724.64280000,0.13288400,0.00794930,5.89328701,6.14845674,0.73579712,-73.59075320,108.02470600,74.00000000,-37.75000000,290.50000000,199.87354986,2.42853520,8.57699194,650.00000000,0.00000000,0.00000000,0.10000000,1.433778,-1.257530,-0.688777,tracks_run_0235.dat.18-04-18_06h42m19s.2.csv,1054
2894,235,2,1499,0,l,57,1,top_left,-1267.48010000,1267.48010000,0.18811800,0.00790992,10.21378419,11.14892250,0.08906198,-70.81799500,49.19795210,-135.50000000,-74.25000000,290.50000000,276.80832846,2.26019428,13.40911677,650.00000000,0.00000000,0.00000000,0.10000000,31.278269,-31.062316,-3.867566,tracks_run_0235.dat.18-04-18_06h42m19s.2.csv,1055
2894,235,2,1499,1,c,57,1,top_left,-1267.48010000,1267.48010000,0.18811800,0.00790992,10.21378419,11.14892250,0.08906198,-70.81799500,49.19795210,-135.50000000,-74.25000000,290.50000000,276.80832846,2.26019428,13.40911677,650.00000000,0.00000000,0.00000000,0.10000000,1.328123,0.626145,1.171285,tracks_run_0235.dat.18-04-18_06h42m19s.2.csv,1056
2918,235,2,1898,0,r,67,9,bottom_left,-1294.64750000,1294.64750000,0.14348100,0.00802875,10.53788212,11.52658662,1.64105769,-69.10413510,68.62376770,49.00000000,-37.75000000,290.50000000,229.03059548,1.84955086,13.37613748,650.00000000,0.00000000,0.00000000,0.10000000,12.246267,11.791837,3.328745,tracks_run_0235.dat.18-04-18_06h42m19s.2.csv,1337
2918,235,2,1898,1,c,67,9,bottom_left,-1294.64750000,1294.64750000,0.14348100,0.00802875,10.53788212,11.52658662,1.64105769,-69.10413510,68.62376770,49.00000000,-37.75000000,290.50000000,229.03059548,1.84955086,13.37613748,650.00000000,0.00000000,0.00000000,0.10000000,1.835746,-0.650333,1.716729,tracks_run_0235.dat.18-04-18_06h42m19s.2.csv,1338
2935,235,2,2151,0,l,17,7,top_left,-515.04570000,515.04570000,0.20723500,0.00798853,4.32169303,4.34526407,5.57672815,-69.86859070,110.61646200,-74.00000000,-12.75000000,290.50000000,204.82450124,2.97075557,7.31601964,650.00000000,0.00000000,0.00000000,0.10000000,25.123154,-22.488524,11.503162,tracks_run_0235.dat.18-04-18_06h42m19s.2.csv,1511
2935,235,2,2151,1,c,17,7,top_left,-515.04570000,515.04570000,0.20723500,0.00798853,4.32169303,4.34526407,5.57672815,-69.86859070,110.61646200,-74.00000000,-12.75000000,290.50000000,204.82450124,2.97075557,7.31601964,650.00000000,0.00000000,0.00000000,0.10000000,1.145606,0.171704,1.132667,tracks_run_0235.dat.18-04-18_06h42m19s.2.csv,1512
2938,235,2,2192,0,l,48,6,bottom_right,-1101.17630000,1101.17630000,0.19111700,0.00777749,8.75550466,9.45404033,-4.20725421,-74.46884700,77.86761960,-110.50000000,-38.00000000,290.50000000,240.50083951,2.21031841,11.66435875,650.00000000,0.00000000,0.00000000,0.10000000,24.957867,-24.606657,4.308542,tracks_run_0235.dat.18-04-18_06h42m19s.2.csv,1540
2938,235,2,2192,1,c,48,6,bottom_right,-1101.17630000,1101.17630000,0.19111700,0.00777749,8.75550466,9.45404033,-4.20725421,-74.46884700,77.86761960,-110.50000000,-38.00000000,290.50000000,240.50083951,2.21031841,11.66435875,650.00000000,0.00000000,0.00000000,0.10000000,2.941584,2.826422,-0.815351,tracks_run_0235.dat.18-04-18_06h42m19s.2.csv,1541
2953,235,0,131,0,r,31,5,top_right,-532.69040000,532.69040000,0.16255800,0.00607500,3.39865218,3.29011339,-0.98959309,-72.44509270,110.25792700,135.50000000,-74.25000000,290.50000000,226.09704021,3.62472625,6.91483964,650.00000000,0.00000000,0.00000000,0.10000000,34.095172,33.655360,-5.811811,tracks_run_0235.dat.18-04-18_06h42m19s.csv,94
2953,235,0,131,1,c,31,5,top_right,-532.69040000,532.69040000,0.16255800,0.00607500,3.39865218,3.29011339,-0.98959309,-72.44509270,110.25792700,135.50000000,-74.25000000,290.50000000,226.09704021,3.62472625,6.91483964,650.00000000,0.00000000,0.00000000,0.10000000,1.176511,-1.002858,0.615219,tracks_run_0235.dat.18-04-18_06h42m19s.csv,95
2964,235,0,359,0,l,4,7,bottom_right,-560.00604000,560.00604000,0.17915400,0.00826490,4.80754792,4.90182043,7.68032846,-71.98778580,111.17790900,-49.00000000,-37.75000000,290.50000000,191.15778282,2.63973473,7.54155516,650.00000000,0.00000000,0.00000000,0.10000000,20.047398,-19.259705,5.673105,tracks_run_0235.dat.18-04-18_06h42m19s.csv,257
2964,235,0,359,1,c,4,7,bottom_right,-560.00604000,560.00604000,0.17915400,0.00826490,4.80754792,4.90182043,7.68032846,-71.98778580,111.17790900,-49.00000000,-37.75000000,290.50000000,191.15778282,2.63973473,7.54155516,650.00000000,0.00000000,0.00000000,0.10000000,1.040160,0.977649,0.355172,tracks_run_0235.dat.18-04-18_06h42m19s.csv,258
2967,235,0,382,0,l,24,7,bottom_left,-360.81696000,360.81696000,0.19145900,0.00807427,3.10479256,2.95480314,8.37601258,-77.86769550,101.60032300,-74.00000000,-37.75000000,290.50000000,209.94838630,3.55704023,6.51184337,650.00000000,0.00000000,0.00000000,0.10000000,23.813269,-23.654677,2.826149,tracks_run_0235.dat.18-04-18_06h42m19s.csv,274
2967,235,0,382,1,c,24,7,bottom_left,-360.81696000,360.81696000,0.19145900,0.00807427,3.10479256,2.95480314,8.37601258,-77.86769550,101.60032300,-74.00000000,-37.75000000,290.50000000,209.94838630,3.55704023,6.51184337,650.00000000,0.00000000,0.00000000,0.10000000,1.154634,1.042980,-0.495378,tracks_run_0235.dat.18-04-18_06h42m19s.csv,275
2972,235,0,415,0,l,46,2,top_right,-888.32140000,888.32140000,0.13780700,0.00799780,7.24242389,7.70310860,5.91528366,-70.29484160,109.01888500,-49.00000000,-74.25000000,290.50000000,189.64895665,2.02692601,9.73003460,650.00000000,0.00000000,0.00000000,0.10000000,19.802928,-19.536345,-3.303569,tracks_run_0235.dat.18-04-18_06h42m19s.csv,304
2972,235,0,415,1,c,46,2,top_right,-888.32140000,888.32140000,0.13780700,0.00799780,7.24242389,7.70310860,5.91528366,-70.29484160,109.01888500,-49.00000000,-74.25000000,290.50000000,189.64895665,2.02692601,9.73003460,650.00000000,0.00000000,0.00000000,0.10000000,0.697413,0.604998,0.346938,tracks_run_0235.dat.18-04-18_06h42m19s.csv,305
2973,235,0,429,0,l,29,6,top_right,-435.11475000,435.11475000,0.22227000,0.00759729,3.52796294,3.43775721,-5.50870927,-72.15357550,103.54033000,-110.50000000,-13.00000000,290.50000000,222.43253995,3.51760522,6.95536243,650.00000000,0.00000000,0.00000000,0.10000000,28.788217,-26.565051,11.521047,tracks_run_0235.dat.18-04-18_06h42m19s.csv,316
2973,235,0,429,1,c,29,6,top_right,-435.11475000,435.11475000,0.22227000,0.00759729,3.52796294,3.43775721,-5.50870927,-72.15357550,103.54033000,-110.50000000,-13.00000000,290.50000000,222.43253995,3.51760522,6.95536243,650.00000000,0.00000000,0.00000000,0.10000000,0.080347,-0.047132,-0.065071,tracks_run_0235.dat.18-04-18_06h42m19s.csv,317
2974,235,0,445,0,r,18,10,bottom_left,-508.15237000,508.15237000,0.21264900,0.00771957,4.13536679,4.13203661,2.40912906,-74.52575420,97.39457550,110.50000000,-38.00000000,290.50000000,224.29327246,3.27923852,7.41127513,650.00000000,0.00000000,0.00000000,0.10000000,27.543881,26.565051,7.557842,tracks_run_0235.dat.18-04-18_06h42m19s.csv,324
2974,235,0,445,1,c,18,10,bottom_left,-508.15237000,508.15237000,0.21264900,0.00771957,4.13536679,4.13203661,2.40912906,-74.52575420,97.39457550,110.50000000,-38.00000000,290.50000000,224.29327246,3.27923852,7.41127513,650.00000000,0.00000000,0.00000000,0.10000000,1.943465,1.007979,1.661722,tracks_run_0235.dat.18-04-18_06h42m19s.csv,325
2983,235,0,607,0,l,41,6,bottom_left,-501.02050000,501.02050000,0.32119500,0.00785352,4.25596952,4.27003812,0.71562574,-71.49030920,72.47015750,-135.50000000,-38.00000000,290.50000000,259.25529836,3.64132246,7.91136058,650.00000000,0.00000000,0.00000000,0.10000000,30.988770,-30.619320,5.020866,tracks_run_0235.dat.18-04-18_06h42m19s.csv,447
2983,235,0,607,1,c,41,6,bottom_left,-501.02050000,501.02050000,0.32119500,0.00785352,4.25596952,4.27003812,0.71562574,-71.49030920,72.47015750,-135.50000000,-38.00000000,290.50000000,259.25529836,3.64132246,7.91136058,650.00000000,0.00000000,0.00000000,0.10000000,1.263633,0.931866,0.853497,tracks_run_0235.dat.18-04-18_06h42m19s.csv,448
2985,235,0,623,0,r,67,9,bottom_left,-581.67430000,581.67430000,0.14348100,0.00802875,4.81359854,4.90875659,-5.28458332,-75.83904690,122.48624600,49.00000000,-37.75000000,290.50000000,180.62727649,2.51140171,7.42015830,650.00000000,0.00000000,0.00000000,0.10000000,19.939931,18.264534,8.140684,tracks_run_0235.dat.18-04-18_06h42m19s.csv,459
2985,235,0,623,1,c,67,9,bottom_left,-581.67430000,581.67430000,0.14348100,0.00802875,4.81359854,4.90875659,-5.28458332,-75.83904690,122.48624600,49.00000000,-37.75000000,290.50000000,180.62727649,2.51140171,7.42015830,650.00000000,0.00000000,0.00000000,0.10000000,1.299927,-1.203613,-0.491081,tracks_run_0235.dat.18-04-18_06h42m19s.csv,460
2993,235,0,788,0,r,31,5,top_right,-563.00940000,563.00940000,0.16255800,0.00607500,3.58284011,3.50043178,-2.85188791,-75.98509270,102.94524700,135.50000000,-74.25000000,290.50000000,233.06874696,3.62576545,7.12619723,650.00000000,0.00000000,0.00000000,0.10000000,33.791336,33.215306,-6.602953,tracks_run_0235.dat.18-04-18_06h42m19s.csv,574
2993,235,0,788,1,c,31,5,top_right,-563.00940000,563.00940000,0.16255800,0.00607500,3.58284011,3.50043178,-2.85188791,-75.98509270,102.94524700,135.50000000,-74.25000000,290.50000000,233.06874696,3.62576545,7.12619723,650.00000000,0.00000000,0.00000000,0.10000000,2.534731,-2.533972,0.062037,tracks_run_0235.dat.18-04-18_06h42m19s.csv,575
3012,235,0,1167,0,l,27,2,top_left,-753.48250000,753.48250000,0.18526500,0.00800210,6.21470731,6.51827766,2.24065663,-75.53095810,87.33099970,-74.00000000,-74.25000000,290.50000000,217.00673091,2.52877785,9.04705551,650.00000000,0.00000000,0.00000000,0.10000000,22.754264,-22.347428,-4.397749,tracks_run_0235.dat.18-04-18_06h42m19s.csv,849
3012,235,0,1167,1,c,27,2,top_left,-753.48250000,753.48250000,0.18526500,0.00800210,6.21470731,6.51827766,2.24065663,-75.53095810,87.33099970,-74.00000000,-74.25000000,290.50000000,217.00673091,2.52877785,9.04705551,650.00000000,0.00000000,0.00000000,0.10000000,0.483047,-0.398388,-0.273171,tracks_run_0235.dat.18-04-18_06h42m19s.csv,850
3019,235,0,1240,0,r,37,5,top_left,-1815.54220000,1815.54220000,0.15591400,0.00610310,11.23634960,12.34170949,5.71673685,-68.01310670,54.90133030,110.50000000,-74.25000000,290.50000000,257.92472592,1.97427631,14.31598580,650.00000000,0.00000000,0.00000000,0.10000000,24.702859,23.474398,-7.920767,tracks_run_0235.dat.18-04-18_06h42m19s.csv,904
3019,235,0,1240,1,c,37,5,top_left,-1815.54220000,1815.54220000,0.15591400,0.00610310,11.23634960,12.34170949,5.71673685,-68.01310670,54.90133030,110.50000000,-74.25000000,290.50000000,257.92472592,1.97427631,14.31598580,650.00000000,0.00000000,0.00000000,0.10000000,6.054437,-5.526097,2.477401,tracks_run_0235.dat.18-04-18_06h42m19s.csv,905
3021,235,0,1265,0,l,27,2,top_left,-423.49106000,423.49106000,0.18526500,0.00800210,3.57408281,3.49042949,1.67552927,-71.29007210,127.54621000,-74.00000000,-74.25000000,290.50000000,179.69275049,2.93975928,6.43018877,650.00000000,0.00000000,0.00000000,0.10000000,25.419134,-24.217361,-7.967606,tracks_run_0235.dat.18-04-18_06h42m19s.csv,923
3021,235,0,1265,1,c,27,2,top_left,-423.49106000,423.49106000,0.18526500,0.00800210,3.57408281,3.49042949,1.67552927,-71.29007210,127.54621000,-74.00000000,-74.25000000,290.50000000,179.69275049,2.93975928,6.43018877,650.00000000,0.00000000,0.00000000,0.10000000,0.500671,0.192980,0.461985,tracks_run_0235.dat.18-04-18_06h42m19s.csv,924
3024,235,0,1303,0,l,4,7,bottom_right,-1294.36790000,1294.36790000,0.17915400,0.00826490,10.87697526,11.92210664,4.62144514,-79.34301460,61.14685780,-49.00000000,-37.75000000,290.50000000,239.18215251,1.88277309,13.80487973,650.00000000,0.00000000,0.00000000,0.10000000,13.361540,-12.136758,5.630792,tracks_run_0235.dat.18-04-18_06h42m19s.csv,946
3024,235,0,1303,1,c,4,7,bottom_right,-1294.36790000,1294.36790000,0.17915400,0.00826490,10.87697526,11.92210664,4.62144514,-79.34301460,61.14685780,-49.00000000,-37.75000000,290.50000000,239.18215251,1.88277309,13.80487973,650.00000000,0.00000000,0.00000000,0.10000000,2.356426,2.090426,-1.087836,tracks_run_0235.dat.18-04-18_06h42m19s.csv,947
3030,235,0,1465,0,l,48,6,bottom_right,-1175.84660000,1175.84660000,0.19111700,0.00777749,9.33625217,10.12814648,4.30601410,-71.63099460,61.24579580,-110.50000000,-38.00000000,290.50000000,258.59032235,2.25991549,12.38806197,650.00000000,0.00000000,0.00000000,0.10000000,25.941115,-25.521411,4.811604,tracks_run_0235.dat.18-04-18_06h42m19s.csv,1059
3030,235,0,1465,1,c,48,6,bottom_right,-1175.84660000,1175.84660000,0.19111700,0.00777749,9.33625217,10.12814648,4.30601410,-71.63099460,61.24579580,-110.50000000,-38.00000000,290.50000000,258.59032235,2.25991549,12.38806197,650.00000000,0.00000000,0.00000000,0.10000000,4.627969,4.613932,0.360573,tracks_run_0235.dat.18-04-18_06h42m19s.csv,1060
3033,235,0,1498,0,r,12,10,top_left,-412.42636000,412.42636000,0.20128800,0.00769076,3.37316015,3.26101393,4.18002048,-68.62624890,119.80477900,110.50000000,-13.00000000,290.50000000,208.65060768,3.41156987,6.67258380,650.00000000,0.00000000,0.00000000,0.10000000,32.611506,31.016154,10.619277,tracks_run_0235.dat.18-04-18_06h42m19s.csv,1087
3033,235,0,1498,1,c,12,10,top_left,-412.42636000,412.42636000,0.20128800,0.00769076,3.37316015,3.26101393,4.18002048,-68.62624890,119.80477900,110.50000000,-13.00000000,290.50000000,208.65060768,3.41156987,6.67258380,650.00000000,0.00000000,0.00000000,0.10000000,2.242528,-2.010561,-0.993469,tracks_run_0235.dat.18-04-18_06h42m19s.csv,1088
3043,235,0,1599,0,l,29,6,top_right,-854.07440000,854.07440000,0.22227000,0.00759729,6.71092090,7.08990260,3.34990874,-80.89574940,81.26131930,-110.50000000,-13.00000000,290.50000000,247.69428739,2.71248016,9.80238276,650.00000000,0.00000000,0.00000000,0.10000000,32.530339,-28.804656,15.812859,tracks_run_0235.dat.18-04-18_06h42m19s.csv,1148
3043,235,0,1599,1,c,29,6,top_right,-854.07440000,854.07440000,0.22227000,0.00759729,6.71092090,7.08990260,3.34990874,-80.89574940,81.26131930,-110.50000000,-13.00000000,290.50000000,247.69428739,2.71248016,9.80238276,650.00000000,0.00000000,0.00000000,0.10000000,4.218974,2.691472,-3.250153,tracks_run_0235.dat.18-04-18_06h42m19s.csv,1149
3046,235,0,1641,0,l,27,2,top_left,-573.06670000,573.06670000,0.18526500,0.00800210,4.77100204,4.85992849,-9.29773666,-65.06631640,119.87631000,-74.00000000,-74.25000000,290.50000000,182.71060865,2.54970086,7.40962934,650.00000000,0.00000000,0.00000000,0.10000000,20.653110,-20.087386,-4.903217,tracks_run_0235.dat.18-04-18_06h42m19s.csv,1177
3046,235,0,1641,1,c,27,2,top_left,-573.06670000,573.06670000,0.18526500,0.00800210,4.77100204,4.85992849,-9.29773666,-65.06631640,119.87631000,-74.00000000,-74.25000000,290.50000000,182.71060865,2.54970086,7.40962934,650.00000000,0.00000000,0.00000000,0.10000000,1.897211,-1.783312,0.647568,tracks_run_0235.dat.18-04-18_06h42m19s.csv,1178
3048,235,0,1731,0,l,35,6,top_left,-1465.65930000,1465.65930000,0.20961900,0.00776938,11.59688305,12.76310693,-1.99468656,-66.79240850,32.34412490,-135.50000000,-13.00000000,290.50000000,295.57020787,2.19369352,14.95680045,650.00000000,0.00000000,0.00000000,0.10000000,30.002976,-29.028376,7.938871,tracks_run_0235.dat.18-04-18_06h42m19s.csv,1240
3048,235,0,1731,1,c,35,6,top_left,-1465.65930000,1465.65930000,0.20961900,0.00776938,11.59688305,12.76310693,-1.99468656,-66.79240850,32.34412490,-135.50000000,-13.00000000,290.50000000,295.57020787,2.19369352,14.95680045,650.00000000,0.00000000,0.00000000,0.10000000,1.783907,-1.030185,1.456458,tracks_run_0235.dat.18-04-18_06h42m19s.csv,1241
3069,235,0,2134,0,r,50,5,bottom_right,-363.43414000,363.43414000,0.14142300,0.00608261,2.35205113,2.09722243,-7.23784381,-68.83974650,76.42022230,135.50000000,-99.25000000,290.50000000,259.09269923,4.62837533,6.72559775,650.00000000,0.00000000,0.00000000,0.10000000,34.943519,33.945707,-8.838144,tracks_run_0235.dat.18-04-18_06h42m19s.csv,1554
3069,235,0,2134,1,c,50,5,bottom_right,-363.43414000,363.43414000,0.14142300,0.00608261,2.35205113,2.09722243,-7.23784381,-68.83974650,76.42022230,135.50000000,-99.25000000,290.50000000,259.09269923,4.62837533,6.72559775,650.00000000,0.00000000,0.00000000,0.10000000,4.246804,3.775101,1.946649,tracks_run_0235.dat.18-04-18_06h42m19s.csv,1555
3071,235,0,2154,0,l,35,6,top_left,-898.46880000,898.46880000,0.20961900,0.00776938,7.19016453,7.64277331,-9.12598878,-73.66579130,56.36382620,-135.50000000,-13.00000000,290.50000000,272.89279365,2.82998717,10.47276048,650.00000000,0.00000000,0.00000000,0.10000000,29.044629,-26.565051,12.195616,tracks_run_0235.dat.18-04-18_06h42m19s.csv,1569
3071,235,0,2154,1,c,35,6,top_left,-898.46880000,898.46880000,0.20961900,0.00776938,7.19016453,7.64277331,-9.12598878,-73.66579130,56.36382620,-135.50000000,-13.00000000,290.50000000,272.89279365,2.82998717,10.47276048,650.00000000,0.00000000,0.00000000,0.10000000,6.978319,6.198826,-3.211195,tracks_run_0235.dat.18-04-18_06h42m19s.csv,1570
3081,235,0,2333,0,l,48,6,bottom_right,-1628.53750000,1628.53750000,0.19111700,0.00777749,12.85705112,14.23948416,-1.12488391,-70.63821970,26.77341720,-110.50000000,-38.00000000,290.50000000,287.36715171,1.97934149,16.21882566,650.00000000,0.00000000,0.00000000,0.10000000,25.197519,-24.294964,6.896183,tracks_run_0235.dat.18-04-18_06h42m19s.csv,1695
3081,235,0,2333,1,c,48,6,bottom_right,-1628.53750000,1628.53750000,0.19111700,0.00777749,12.85705112,14.23948416,-1.12488391,-70.63821970,26.77341720,-110.50000000,-38.00000000,290.50000000,287.36715171,1.97934149,16.21882566,650.00000000,0.00000000,0.00000000,0.10000000,9.843157,9.527367,-2.484759,tracks_run_0235.dat.18-04-18_06h42m19s.csv,1696
3086,235,0,2435,0,l,27,2,top_left,-623.02610000,623.02610000,0.18526500,0.00800210,5.17078215,5.31843671,-6.75050419,-70.17613610,122.55272700,-74.00000000,-74.25000000,290.50000000,180.95683895,2.41057630,7.72901302,650.00000000,0.00000000,0.00000000,0.10000000,19.315577,-18.897184,-4.073610,tracks_run_0235.dat.18-04-18_06h42m19s.csv,1767
3086,235,0,2435,1,c,27,2,top_left,-623.02610000,623.02610000,0.18526500,0.00800210,5.17078215,5.31843671,-6.75050419,-70.17613610,122.55272700,-74.00000000,-74.25000000,290.50000000,180.95683895,2.41057630,7.72901302,650.00000000,0.00000000,0.00000000,0.10000000,18.991933,1.834218,18.906405,tracks_run_0235.dat.18-04-18_06h42m19s.csv,1768
3091,235,0,2499,0,r,63,9,top_left,-751.58050000,751.58050000,0.12913200,0.00808714,6.20726872,6.50971497,0.46080174,-70.39409320,96.06019650,49.00000000,-12.75000000,290.50000000,208.53232947,2.44217892,8.95189389,650.00000000,0.00000000,0.00000000,0.10000000,18.502302,15.532391,10.180205,tracks_run_0235.dat.18-04-18_06h42m19s.csv,1820
3091,235,0,2499,1,c,63,9,top_left,-751.58050000,751.58050000,0.12913200,0.00808714,6.20726872,6.50971497,0.46080174,-70.39409320,96.06019650,49.00000000,-12.75000000,290.50000000,208.53232947,2.44217892,8.95189389,650.00000000,0.00000000,0.00000000,0.10000000,1.382255,0.247352,1.359947,tracks_run_0235.dat.18-04-18_06h42m19s.csv,1821
3092,235,0,2521,0,r,12,10,top_left,-313.68770000,313.68770000,0.20128800,0.00769076,2.61378482,2.39519102,-6.10674303,-73.53310960,111.33752900,110.50000000,-13.00000000,290.50000000,222.17241254,3.98161724,6.37680827,650.00000000,0.00000000,0.00000000,0.10000000,33.699940,31.877910,11.558474,tracks_run_0235.dat.18-04-18_06h42m19s.csv,1839
3092,235,0,2521,1,c,12,10,top_left,-313.68770000,313.68770000,0.20128800,0.00769076,2.61378482,2.39519102,-6.10674303,-73.53310960,111.33752900,110.50000000,-13.00000000,290.50000000,222.17241254,3.98161724,6.37680827,650.00000000,0.00000000,0.00000000,0.10000000,0.822634,0.779488,-0.262924,tracks_run_0235.dat.18-04-18_06h42m19s.csv,1840
3093,235,0,2524,0,r,54,9,bottom_right,-701.51660000,701.51660000,0.13288400,0.00794930,5.70944991,5.93709469,-7.26749760,-77.56224650,103.70278000,74.00000000,-37.75000000,290.50000000,207.56353855,2.56054087,8.49763555,650.00000000,0.00000000,0.00000000,0.10000000,23.565843,23.393933,2.924662,tracks_run_0235.dat.18-04-18_06h42m19s.csv,1842
3093,235,0,2524,1,c,54,9,bottom_right,-701.51660000,701.51660000,0.13288400,0.00794930,5.70944991,5.93709469,-7.26749760,-77.56224650,103.70278000,74.00000000,-37.75000000,290.50000000,207.56353855,2.56054087,8.49763555,650.00000000,0.00000000,0.00000000,0.10000000,1.786121,-1.592702,-0.808516,tracks_run_0235.dat.18-04-18_06h42m19s.csv,1843
3103,235,0,2624,0,l,48,6,bottom_right,-580.11760000,580.11760000,0.19111700,0.00777749,4.70297583,4.78196326,-4.74912441,-76.52757730,90.36662630,-110.50000000,-38.00000000,290.50000000,229.61051624,3.12539936,7.90736262,650.00000000,0.00000000,0.00000000,0.10000000,30.831172,-30.236796,6.331920,tracks_run_0235.dat.18-04-18_06h42m19s.csv,1926
3103,235,0,2624,1,c,48,6,bottom_right,-580.11760000,580.11760000,0.19111700,0.00777749,4.70297583,4.78196326,-4.74912441,-76.52757730,90.36662630,-110.50000000,-38.00000000,290.50000000,229.61051624,3.12539936,7.90736262,650.00000000,0.00000000,0.00000000,0.10000000,35.650212,-3.036716,35.537729,tracks_run_0235.dat.18-04-18_06h42m19s.csv,1927
3127,235,0,2996,0,r,31,5,top_right,-2176.19040000,2176.19040000,0.16255800,0.00607500,13.38291468,14.85716768,7.88665450,-66.43489350,37.68793410,135.50000000,-74.25000000,290.50000000,283.30228115,1.89459305,16.75176073,650.00000000,0.00000000,0.00000000,0.10000000,25.576688,25.118964,-4.981571,tracks_run_0235.dat.18-04-18_06h42m19s.csv,2190
3127,235,0,2996,1,c,31,5,top_right,-2176.19040000,2176.19040000,0.16255800,0.00607500,13.38291468,14.85716768,7.88665450,-66.43489350,37.68793410,135.50000000,-74.25000000,290.50000000,283.30228115,1.89459305,16.75176073,650.00000000,0.00000000,0.00000000,0.10000000,8.982365,-8.036802,4.024811,tracks_run_0235.dat.18-04-18_06h42m19s.csv,2191
3129,235,0,3022,0,r,31,5,top_right,-1497.63890000,1497.63890000,0.16255800,0.00607500,9.26071432,10.04040059,0.58050465,-69.32556880,61.08285380,135.50000000,-74.25000000,290.50000000,266.19494214,2.33452503,12.37492562,650.00000000,0.00000000,0.00000000,0.10000000,29.818791,29.284726,-5.885333,tracks_run_0235.dat.18-04-18_06h42m19s.csv,2212
3129,235,0,3022,1,c,31,5,top_right,-1497.63890000,1497.63890000,0.16255800,0.00607500,9.26071432,10.04040059,0.58050465,-69.32556880,61.08285380,135.50000000,-74.25000000,290.50000000,266.19494214,2.33452503,12.37492562,650.00000000,0.00000000,0.00000000,0.10000000,0.652251,-0.425610,0.494259,tracks_run_0235.dat.18-04-18_06h42m19s.csv,2213
3139,241,1,20,0,l,27,2,top_left,-509.87753000,509.87753000,0.18526500,0.00800210,4.26535598,4.28078081,0.10342395,-76.91026330,115.31956300,-74.00000000,-74.25000000,290.50000000,190.22770553,2.81098584,7.09176665,650.00000000,0.00000000,0.00000000,0.10000000,21.900304,-21.802573,-2.118958,tracks_run_0241.dat.18-04-18_14h33m22s.1.csv,15
3139,241,1,20,1,c,27,2,top_left,-509.87753000,509.87753000,0.18526500,0.00800210,4.26535598,4.28078081,0.10342395,-76.91026330,115.31956300,-74.00000000,-74.25000000,290.50000000,190.22770553,2.81098584,7.09176665,650.00000000,0.00000000,0.00000000,0.10000000,0.472680,-0.353316,0.313999,tracks_run_0241.dat.18-04-18_14h33m22s.1.csv,16
3154,241,1,190,0,l,48,6,bottom_right,-379.48663000,379.48663000,0.19111700,0.00777749,3.14257047,2.99789340,-5.59513565,-83.29173600,91.74706170,-110.50000000,-38.00000000,290.50000000,229.25772047,3.79132420,6.78921761,650.00000000,0.00000000,0.00000000,0.10000000,27.130972,-25.971074,8.136075,tracks_run_0241.dat.18-04-18_14h33m22s.1.csv,159
3154,241,1,190,1,c,48,6,bottom_right,-379.48663000,379.48663000,0.19111700,0.00777749,3.14257047,2.99789340,-5.59513565,-83.29173600,91.74706170,-110.50000000,-38.00000000,290.50000000,229.25772047,3.79132420,6.78921761,650.00000000,0.00000000,0.00000000,0.10000000,2.627946,1.046791,-2.410597,tracks_run_0241.dat.18-04-18_14h33m22s.1.csv,160
3165,241,1,376,0,l,48,6,bottom_right,-537.66930000,537.66930000,0.19111700,0.00777749,4.37283460,4.40380996,-2.28219875,-81.88303910,83.01014660,-110.50000000,-38.00000000,290.50000000,238.09421012,3.34849325,7.75230322,650.00000000,0.00000000,0.00000000,0.10000000,28.682348,-26.565051,11.232569,tracks_run_0241.dat.18-04-18_14h33m22s.1.csv,311
3165,241,1,376,1,c,48,6,bottom_right,-537.66930000,537.66930000,0.19111700,0.00777749,4.37283460,4.40380996,-2.28219875,-81.88303910,83.01014660,-110.50000000,-38.00000000,290.50000000,238.09421012,3.34849325,7.75230322,650.00000000,0.00000000,0.00000000,0.10000000,0.808029,-0.778215,0.217472,tracks_run_0241.dat.18-04-18_14h33m22s.1.csv,312
3176,241,1,485,0,l,46,2,top_right,-1265.87710000,1265.87710000,0.13780700,0.00799780,10.26203887,11.20512997,-3.48103106,-71.21188480,78.95737130,-49.00000000,-74.25000000,290.50000000,216.40584658,1.78755320,12.99268317,650.00000000,0.00000000,0.00000000,0.10000000,14.288914,-12.686561,-6.629134,tracks_run_0241.dat.18-04-18_14h33m22s.1.csv,408
3176,241,1,485,1,c,46,2,top_right,-1265.87710000,1265.87710000,0.13780700,0.00799780,10.26203887,11.20512997,-3.48103106,-71.21188480,78.95737130,-49.00000000,-74.25000000,290.50000000,216.40584658,1.78755320,12.99268317,650.00000000,0.00000000,0.00000000,0.10000000,2.898374,0.828905,2.777414,tracks_run_0241.dat.18-04-18_14h33m22s.1.csv,409
3185,241,1,693,0,l,48,6,bottom_right,-1633.34290000,1633.34290000,0.19111700,0.00777749,12.89442507,14.28335287,-3.66802545,-71.34361440,36.44336410,-110.50000000,-38.00000000,290.50000000,277.61419570,1.91117385,16.19452672,650.00000000,0.00000000,0.00000000,0.10000000,24.247162,-24.093267,2.812702,tracks_run_0241.dat.18-04-18_14h33m22s.1.csv,550
3185,241,1,693,1,c,48,6,bottom_right,-1633.34290000,1633.34290000,0.19111700,0.00777749,12.89442507,14.28335287,-3.66802545,-71.34361440,36.44336410,-110.50000000,-38.00000000,290.50000000,277.61419570,1.91117385,16.19452672,650.00000000,0.00000000,0.00000000,0.10000000,9.939264,9.840400,1.405327,tracks_run_0241.dat.18-04-18_14h33m22s.1.csv,551
3191,241,1,754,0,l,17,7,top_left,-445.69116000,445.69116000,0.20723500,0.00798853,3.76765220,3.71157883,0.90943225,-68.48751800,115.66860700,-74.00000000,-12.75000000,290.50000000,198.20219457,3.10368791,6.81526674,650.00000000,0.00000000,0.00000000,0.10000000,24.554693,-23.248652,8.130581,tracks_run_0241.dat.18-04-18_14h33m22s.1.csv,599
3191,241,1,754,1,c,17,7,top_left,-445.69116000,445.69116000,0.20723500,0.00798853,3.76765220,3.71157883,0.90943225,-68.48751800,115.66860700,-74.00000000,-12.75000000,290.50000000,198.20219457,3.10368791,6.81526674,650.00000000,0.00000000,0.00000000,0.10000000,1.336205,0.981096,0.907179,tracks_run_0241.dat.18-04-18_14h33m22s.1.csv,600
3195,241,1,771,0,r,67,9,bottom_left,-1817.94970000,1817.94970000,0.14348100,0.00802875,14.73934465,16.45478154,-3.22940222,-68.75455970,20.67527870,49.00000000,-37.75000000,290.50000000,276.57652359,1.71954426,18.17432579,650.00000000,0.00000000,0.00000000,0.10000000,12.139129,11.111113,4.919956,tracks_run_0241.dat.18-04-18_14h33m22s.1.csv,616
3195,241,1,771,1,c,67,9,bottom_left,-1817.94970000,1817.94970000,0.14348100,0.00802875,14.73934465,16.45478154,-3.22940222,-68.75455970,20.67527870,49.00000000,-37.75000000,290.50000000,276.57652359,1.71954426,18.17432579,650.00000000,0.00000000,0.00000000,0.10000000,4.284611,-4.126712,-1.153449,tracks_run_0241.dat.18-04-18_14h33m22s.1.csv,617
3202,241,1,871,0,l,4,7,bottom_right,-826.29300000,826.29300000,0.17915400,0.00826490,7.00838302,7.43297244,4.01213662,-78.98314720,104.83198500,-49.00000000,-37.75000000,290.50000000,197.44130989,2.14995263,9.58292507,650.00000000,0.00000000,0.00000000,0.10000000,16.975070,-16.287886,4.847100,tracks_run_0241.dat.18-04-18_14h33m22s.1.csv,689
3202,241,1,871,1,c,4,7,bottom_right,-826.29300000,826.29300000,0.17915400,0.00826490,7.00838302,7.43297244,4.01213662,-78.98314720,104.83198500,-49.00000000,-37.75000000,290.50000000,197.44130989,2.14995263,9.58292507,650.00000000,0.00000000,0.00000000,0.10000000,1.485191,1.057909,-1.042471,tracks_run_0241.dat.18-04-18_14h33m22s.1.csv,690
3208,241,1,928,0,r,54,9,bottom_right,-633.88280000,633.88280000,0.13288400,0.00794930,5.17180854,5.31961458,-7.51160331,-80.06440470,96.16623770,74.00000000,-37.75000000,290.50000000,214.94246088,2.79991739,8.11953197,650.00000000,0.00000000,0.00000000,0.10000000,22.021661,21.143006,6.304687,tracks_run_0241.dat.18-04-18_14h33m22s.1.csv,733
3208,241,1,928,1,c,54,9,bottom_right,-633.88280000,633.88280000,0.13288400,0.00794930,5.17180854,5.31961458,-7.51160331,-80.06440470,96.16623770,74.00000000,-37.75000000,290.50000000,214.94246088,2.79991739,8.11953197,650.00000000,0.00000000,0.00000000,0.10000000,1.589822,-1.382635,-0.784841,tracks_run_0241.dat.18-04-18_14h33m22s.1.csv,734
3222,241,1,1128,0,l,29,6,top_right,-968.00210000,968.00210000,0.22227000,0.00759729,7.57646267,8.08898756,3.16505268,-74.72086640,57.81167070,-110.50000000,-13.00000000,290.50000000,266.21996195,2.67663749,10.76562505,650.00000000,0.00000000,0.00000000,0.10000000,29.601947,-27.728483,10.801945,tracks_run_0241.dat.18-04-18_14h33m22s.1.csv,882
3222,241,1,1128,1,c,29,6,top_right,-968.00210000,968.00210000,0.22227000,0.00759729,7.57646267,8.08898756,3.16505268,-74.72086640,57.81167070,-110.50000000,-13.00000000,290.50000000,266.21996195,2.67663749,10.76562505,650.00000000,0.00000000,0.00000000,0.10000000,2.077048,1.668730,-1.236892,tracks_run_0241.dat.18-04-18_14h33m22s.1.csv,883
3229,241,1,1227,0,l,4,7,bottom_right,-1737.94240000,1737.94240000,0.17915400,0.00826490,14.54307414,16.22322549,-4.59245562,-72.50760490,49.74633610,-49.00000000,-37.75000000,290.50000000,247.26998964,1.55988049,17.78310598,650.00000000,0.00000000,0.00000000,0.10000000,11.142676,-10.392010,4.042899,tracks_run_0241.dat.18-04-18_14h33m22s.1.csv,953
3229,241,1,1227,1,c,4,7,bottom_right,-1737.94240000,1737.94240000,0.17915400,0.00826490,14.54307414,16.22322549,-4.59245562,-72.50760490,49.74633610,-49.00000000,-37.75000000,290.50000000,247.26998964,1.55988049,17.78310598,650.00000000,0.00000000,0.00000000,0.10000000,1.753985,0.000000,1.753985,tracks_run_0241.dat.18-04-18_14h33m22s.1.csv,954
3232,241,1,1256,0,r,63,9,top_left,-756.84420000,756.84420000,0.12913200,0.00808714,6.24983700,6.55871860,6.95813063,-72.19394300,93.71398130,49.00000000,-12.75000000,290.50000000,209.82335021,2.44524440,9.00396300,650.00000000,0.00000000,0.00000000,0.10000000,21.714065,14.870872,16.005175,tracks_run_0241.dat.18-04-18_14h33m22s.1.csv,973
3232,241,1,1256,1,c,63,9,top_left,-756.84420000,756.84420000,0.12913200,0.00808714,6.24983700,6.55871860,6.95813063,-72.19394300,93.71398130,49.00000000,-12.75000000,290.50000000,209.82335021,2.44524440,9.00396300,650.00000000,0.00000000,0.00000000,0.10000000,1.517331,-1.490611,-0.283535,tracks_run_0241.dat.18-04-18_14h33m22s.1.csv,974
3233,241,1,1258,0,r,37,5,top_left,-1836.57560000,1836.57560000,0.15591400,0.00610310,11.36471854,12.49169856,-2.60290887,-73.82111670,59.39303060,110.50000000,-74.25000000,290.50000000,257.29920956,1.95335470,14.44505326,650.00000000,0.00000000,0.00000000,0.10000000,23.973804,23.168578,-6.338456,tracks_run_0241.dat.18-04-18_14h33m22s.1.csv,975
3233,241,1,1258,1,c,37,5,top_left,-1836.57560000,1836.57560000,0.15591400,0.00610310,11.36471854,12.49169856,-2.60290887,-73.82111670,59.39303060,110.50000000,-74.25000000,290.50000000,257.29920956,1.95335470,14.44505326,650.00000000,0.00000000,0.00000000,0.10000000,1.398674,-0.545225,1.288049,tracks_run_0241.dat.18-04-18_14h33m22s.1.csv,976
3249,241,1,1462,0,r,18,10,bottom_left,-1094.27210000,1094.27210000,0.21264900,0.00771957,8.65995907,9.34324507,-6.35935593,-71.76844550,47.72953750,110.50000000,-38.00000000,290.50000000,271.53989475,2.49065553,11.83390060,650.00000000,0.00000000,0.00000000,0.10000000,24.773248,24.022710,6.239675,tracks_run_0241.dat.18-04-18_14h33m22s.1.csv,1149
3249,241,1,1462,1,c,18,10,bottom_left,-1094.27210000,1094.27210000,0.21264900,0.00771957,8.65995907,9.34324507,-6.35935593,-71.76844550,47.72953750,110.50000000,-38.00000000,290.50000000,271.53989475,2.49065553,11.83390060,650.00000000,0.00000000,0.00000000,0.10000000,4.484656,-4.215447,1.531789,tracks_run_0241.dat.18-04-18_14h33m22s.1.csv,1150
3251,241,1,1481,0,l,39,2,bottom_right,-1301.08680000,1301.08680000,0.17611000,0.00802446,10.61662898,11.61840253,8.28294495,-70.10888320,64.35167450,-49.00000000,-99.25000000,290.50000000,235.10339342,1.88555245,13.50395498,650.00000000,0.00000000,0.00000000,0.10000000,20.047400,-17.803624,-9.368972,tracks_run_0241.dat.18-04-18_14h33m22s.1.csv,1167
3251,241,1,1481,1,c,39,2,bottom_right,-1301.08680000,1301.08680000,0.17611000,0.00802446,10.61662898,11.61840253,8.28294495,-70.10888320,64.35167450,-49.00000000,-99.25000000,290.50000000,235.10339342,1.88555245,13.50395498,650.00000000,0.00000000,0.00000000,0.10000000,3.485320,0.968574,3.348191,tracks_run_0241.dat.18-04-18_14h33m22s.1.csv,1168
3255,241,1,1536,0,r,37,5,top_left,-1521.15170000,1521.15170000,0.15591400,0.00610310,9.43965494,10.24829213,0.10502541,-82.30831950,53.08296070,110.50000000,-74.25000000,290.50000000,261.95197552,2.26969452,12.51798665,650.00000000,0.00000000,0.00000000,0.10000000,27.944487,27.820563,-2.740521,tracks_run_0241.dat.18-04-18_14h33m22s.1.csv,1211
3255,241,1,1536,1,c,37,5,top_left,-1521.15170000,1521.15170000,0.15591400,0.00610310,9.43965494,10.24829213,0.10502541,-82.30831950,53.08296070,110.50000000,-74.25000000,290.50000000,261.95197552,2.26969452,12.51798665,650.00000000,0.00000000,0.00000000,0.10000000,7.157859,-6.923309,1.821787,tracks_run_0241.dat.18-04-18_14h33m22s.1.csv,1212
3265,241,1,1676,0,l,46,2,top_right,-1226.85000000,1226.85000000,0.13780700,0.00799780,9.94990793,10.84169710,-8.31671673,-68.04698140,77.52440040,-49.00000000,-74.25000000,290.50000000,216.91522077,1.83224020,12.67393730,650.00000000,0.00000000,0.00000000,0.10000000,12.522719,-11.993617,-3.628296,tracks_run_0241.dat.18-04-18_14h33m22s.1.csv,1320
3265,241,1,1676,1,c,46,2,top_right,-1226.85000000,1226.85000000,0.13780700,0.00799780,9.94990793,10.84169710,-8.31671673,-68.04698140,77.52440040,-49.00000000,-74.25000000,290.50000000,216.91522077,1.83224020,12.67393730,650.00000000,0.00000000,0.00000000,0.10000000,0.466302,0.090739,-0.457389,tracks_run_0241.dat.18-04-18_14h33m22s.1.csv,1321
3268,241,1,1743,0,r,59,9,top_right,-1252.05040000,1252.05040000,0.14848600,0.00807829,10.26291223,11.20614734,-1.96666328,-76.95974770,58.28784980,74.00000000,-12.75000000,290.50000000,252.61889939,2.06776440,13.27391174,650.00000000,0.00000000,0.00000000,0.10000000,21.247764,18.804213,10.077146,tracks_run_0241.dat.18-04-18_14h33m22s.1.csv,1366
3268,241,1,1743,1,c,59,9,top_right,-1252.05040000,1252.05040000,0.14848600,0.00807829,10.26291223,11.20614734,-1.96666328,-76.95974770,58.28784980,74.00000000,-12.75000000,290.50000000,252.61889939,2.06776440,13.27391174,650.00000000,0.00000000,0.00000000,0.10000000,2.512196,0.635320,2.430585,tracks_run_0241.dat.18-04-18_14h33m22s.1.csv,1367
3280,241,1,1949,0,r,63,9,top_left,-1920.26500000,1920.26500000,0.12913200,0.00808714,15.65858389,17.54102492,-0.31975009,-74.34650090,22.72859600,49.00000000,-12.75000000,290.50000000,279.15603427,1.65661982,19.19764474,650.00000000,0.00000000,0.00000000,0.10000000,16.305561,12.415071,10.654752,tracks_run_0241.dat.18-04-18_14h33m22s.1.csv,1534
3280,241,1,1949,1,c,63,9,top_left,-1920.26500000,1920.26500000,0.12913200,0.00808714,15.65858389,17.54102492,-0.31975009,-74.34650090,22.72859600,49.00000000,-12.75000000,290.50000000,279.15603427,1.65661982,19.19764474,650.00000000,0.00000000,0.00000000,0.10000000,1.102036,-1.069545,-0.265638,tracks_run_0241.dat.18-04-18_14h33m22s.1.csv,1535
3284,241,1,2012,0,r,18,10,bottom_left,-1321.10190000,1321.10190000,0.21264900,0.00771957,10.41098759,11.37867671,-0.00015902,-70.72676640,62.08328100,110.50000000,-38.00000000,290.50000000,255.84277184,2.07106830,13.44974501,650.00000000,0.00000000,0.00000000,0.10000000,23.794897,22.808259,6.969671,tracks_run_0241.dat.18-04-18_14h33m22s.1.csv,1584
3284,241,1,2012,1,c,18,10,bottom_left,-1321.10190000,1321.10190000,0.21264900,0.00771957,10.41098759,11.37867671,-0.00015902,-70.72676640,62.08328100,110.50000000,-38.00000000,290.50000000,255.84277184,2.07106830,13.44974501,650.00000000,0.00000000,0.00000000,0.10000000,6.482329,2.448764,6.003841,tracks_run_0241.dat.18-04-18_14h33m22s.1.csv,1585
3301,241,1,2336,0,r,5,10,top_right,-390.47546000,390.47546000,0.18441600,0.00767440,3.18108087,3.04182415,4.34607849,-72.17329280,111.37858600,135.50000000,-13.00000000,290.50000000,229.75489257,3.77824547,6.82006963,650.00000000,0.00000000,0.00000000,0.10000000,36.045837,34.759499,10.208576,tracks_run_0241.dat.18-04-18_14h33m22s.1.csv,1837
3301,241,1,2336,1,c,5,10,top_right,-390.47546000,390.47546000,0.18441600,0.00767440,3.18108087,3.04182415,4.34607849,-72.17329280,111.37858600,135.50000000,-13.00000000,290.50000000,229.75489257,3.77824547,6.82006963,650.00000000,0.00000000,0.00000000,0.10000000,2.596279,-2.385143,-1.025848,tracks_run_0241.dat.18-04-18_14h33m22s.1.csv,1838
3321,241,1,2551,0,l,4,7,bottom_right,-1166.19740000,1166.19740000,0.17915400,0.00826490,9.81765889,10.68781147,-3.36919304,-65.98887460,50.94670970,-49.00000000,-37.75000000,290.50000000,245.49008835,2.07800168,12.76581315,650.00000000,0.00000000,0.00000000,0.10000000,13.028467,-12.806329,2.415865,tracks_run_0241.dat.18-04-18_14h33m22s.1.csv,1996
3321,241,1,2551,1,c,4,7,bottom_right,-1166.19740000,1166.19740000,0.17915400,0.00826490,9.81765889,10.68781147,-3.36919304,-65.98887460,50.94670970,-49.00000000,-37.75000000,290.50000000,245.49008835,2.07800168,12.76581315,650.00000000,0.00000000,0.00000000,0.10000000,2.135685,1.982111,0.795385,tracks_run_0241.dat.18-04-18_14h33m22s.1.csv,1997
3325,241,1,2611,0,r,18,10,bottom_left,-445.10693000,445.10693000,0.21264900,0.00771957,3.64868310,3.57564382,2.85756262,-69.57102740,117.57985000,110.50000000,-38.00000000,290.50000000,206.11890348,3.25566199,6.83130581,650.00000000,0.00000000,0.00000000,0.10000000,29.098576,28.663497,5.240467,tracks_run_0241.dat.18-04-18_14h33m22s.1.csv,2053
3325,241,1,2611,1,c,18,10,bottom_left,-445.10693000,445.10693000,0.21264900,0.00771957,3.64868310,3.57564382,2.85756262,-69.57102740,117.57985000,110.50000000,-38.00000000,290.50000000,206.11890348,3.25566199,6.83130581,650.00000000,0.00000000,0.00000000,0.10000000,1.462977,-1.027467,1.041503,tracks_run_0241.dat.18-04-18_14h33m22s.1.csv,2054
3335,241,1,2733,0,r,59,9,top_right,-430.67966000,430.67966000,0.14848600,0.00807829,3.62764119,3.55160617,-1.30490789,-72.13377200,98.08001610,74.00000000,-12.75000000,290.50000000,214.99467838,3.37826542,6.92987159,650.00000000,0.00000000,0.00000000,0.10000000,27.109907,23.989047,13.020355,tracks_run_0241.dat.18-04-18_14h33m22s.1.csv,2146
3335,241,1,2733,1,c,59,9,top_right,-430.67966000,430.67966000,0.14848600,0.00807829,3.62764119,3.55160617,-1.30490789,-72.13377200,98.08001610,74.00000000,-12.75000000,290.50000000,214.99467838,3.37826542,6.92987159,650.00000000,0.00000000,0.00000000,0.10000000,0.337117,-0.265399,-0.207874,tracks_run_0241.dat.18-04-18_14h33m22s.1.csv,2147
3337,241,1,2766,0,r,37,5,top_left,-1385.40530000,1385.40530000,0.15591400,0.00610310,8.61118109,9.28669378,-6.81996803,-72.34740480,69.19858260,110.50000000,-74.25000000,290.50000000,250.48335695,2.32177727,11.60847105,650.00000000,0.00000000,0.00000000,0.10000000,27.792782,26.865914,-7.398469,tracks_run_0241.dat.18-04-18_14h33m22s.1.csv,2173
3337,241,1,2766,1,c,37,5,top_left,-1385.40530000,1385.40530000,0.15591400,0.00610310,8.61118109,9.28669378,-6.81996803,-72.34740480,69.19858260,110.50000000,-74.25000000,290.50000000,250.48335695,2.32177727,11.60847105,650.00000000,0.00000000,0.00000000,0.10000000,0.757827,-0.065996,0.754948,tracks_run_0241.dat.18-04-18_14h33m22s.1.csv,2174
3350,241,2,118,0,l,48,6,bottom_right,-1559.41870000,1559.41870000,0.19111700,0.00777749,12.31948035,13.60902110,2.19753159,-81.92859710,37.85901300,-110.50000000,-38.00000000,290.50000000,280.10341587,1.99433433,15.60335544,650.00000000,0.00000000,0.00000000,0.10000000,24.279020,-23.291939,7.051887,tracks_run_0241.dat.18-04-18_14h33m22s.2.csv,77
3350,241,2,118,1,c,48,6,bottom_right,-1559.41870000,1559.41870000,0.19111700,0.00777749,12.31948035,13.60902110,2.19753159,-81.92859710,37.85901300,-110.50000000,-38.00000000,290.50000000,280.10341587,1.99433433,15.60335544,650.00000000,0.00000000,0.00000000,0.10000000,8.505793,8.045443,-2.769448,tracks_run_0241.dat.18-04-18_14h33m22s.2.csv,78
3354,241,2,219,0,r,18,10,bottom_left,-505.78485000,505.78485000,0.21264900,0.00771957,4.11709055,4.11112807,1.17427694,-68.16402770,96.32829340,110.50000000,-38.00000000,290.50000000,224.86581317,3.29354515,7.40467322,650.00000000,0.00000000,0.00000000,0.10000000,30.381005,29.468134,7.747866,tracks_run_0241.dat.18-04-18_14h33m22s.2.csv,161
3354,241,2,219,1,c,18,10,bottom_left,-505.78485000,505.78485000,0.21264900,0.00771957,4.11709055,4.11112807,1.17427694,-68.16402770,96.32829340,110.50000000,-38.00000000,290.50000000,224.86581317,3.29354515,7.40467322,650.00000000,0.00000000,0.00000000,0.10000000,2.423047,-2.404073,0.302723,tracks_run_0241.dat.18-04-18_14h33m22s.2.csv,162
3362,241,2,311,0,l,48,6,bottom_right,-339.42087000,339.42087000,0.19111700,0.00777749,2.83095942,2.64260851,-5.80323126,-72.10786670,107.36534800,-110.50000000,-38.00000000,290.50000000,213.68916846,3.74762926,6.39023777,650.00000000,0.00000000,0.00000000,0.10000000,32.729439,-31.712483,8.554210,tracks_run_0241.dat.18-04-18_14h33m22s.2.csv,223
3362,241,2,311,1,c,48,6,bottom_right,-339.42087000,339.42087000,0.19111700,0.00777749,2.83095942,2.64260851,-5.80323126,-72.10786670,107.36534800,-110.50000000,-38.00000000,290.50000000,213.68916846,3.74762926,6.39023777,650.00000000,0.00000000,0.00000000,0.10000000,0.489003,-0.152535,-0.464604,tracks_run_0241.dat.18-04-18_14h33m22s.2.csv,224
3372,241,2,464,0,r,31,5,top_right,-1940.02750000,1940.02750000,0.16255800,0.00607500,11.94822506,13.17418646,0.45218498,-72.65703380,23.58416490,135.50000000,-74.25000000,290.50000000,299.13962110,2.17084822,15.34503468,650.00000000,0.00000000,0.00000000,0.10000000,25.352442,25.082485,-3.815441,tracks_run_0241.dat.18-04-18_14h33m22s.2.csv,352
3372,241,2,464,1,c,31,5,top_right,-1940.02750000,1940.02750000,0.16255800,0.00607500,11.94822506,13.17418646,0.45218498,-72.65703380,23.58416490,135.50000000,-74.25000000,290.50000000,299.13962110,2.17084822,15.34503468,650.00000000,0.00000000,0.00000000,0.10000000,0.391877,-0.340485,-0.194006,tracks_run_0241.dat.18-04-18_14h33m22s.2.csv,353
3392,241,2,793,0,l,48,6,bottom_right,-291.77463000,291.77463000,0.19111700,0.00777749,2.46039127,2.22053312,-1.99863702,-61.58727090,123.79684300,-110.50000000,-38.00000000,290.50000000,200.29689880,3.76522787,5.98576099,650.00000000,0.00000000,0.00000000,0.10000000,32.345089,-31.711247,6.732881,tracks_run_0241.dat.18-04-18_14h33m22s.2.csv,602
3392,241,2,793,1,c,48,6,bottom_right,-291.77463000,291.77463000,0.19111700,0.00777749,2.46039127,2.22053312,-1.99863702,-61.58727090,123.79684300,-110.50000000,-38.00000000,290.50000000,200.29689880,3.76522787,5.98576099,650.00000000,0.00000000,0.00000000,0.10000000,1.471057,-0.387973,1.418985,tracks_run_0241.dat.18-04-18_14h33m22s.2.csv,603
3395,241,2,801,0,l,10,7,top_right,-823.80600000,823.80600000,0.21208800,0.00810101,6.88574864,7.29149898,0.54318819,-68.05706500,87.79400570,-49.00000000,-12.75000000,290.50000000,215.87755571,2.35872988,9.65022885,650.00000000,0.00000000,0.00000000,0.10000000,19.175793,-16.602214,9.733927,tracks_run_0241.dat.18-04-18_14h33m22s.2.csv,613
3395,241,2,801,1,c,10,7,top_right,-823.80600000,823.80600000,0.21208800,0.00810101,6.88574864,7.29149898,0.54318819,-68.05706500,87.79400570,-49.00000000,-12.75000000,290.50000000,215.87755571,2.35872988,9.65022885,650.00000000,0.00000000,0.00000000,0.10000000,4.771134,-3.383629,-3.365701,tracks_run_0241.dat.18-04-18_14h33m22s.2.csv,614
3412,241,2,1059,0,r,37,5,top_left,-390.65850000,390.65850000,0.15591400,0.00610310,2.54014189,2.31132928,-2.05157778,-76.75089780,103.79985700,110.50000000,-74.25000000,290.50000000,218.01618185,3.96695792,6.27828721,650.00000000,0.00000000,0.00000000,0.10000000,31.091399,30.803260,-4.447276,tracks_run_0241.dat.18-04-18_14h33m22s.2.csv,803
3412,241,2,1059,1,c,37,5,top_left,-390.65850000,390.65850000,0.15591400,0.00610310,2.54014189,2.31132928,-2.05157778,-76.75089780,103.79985700,110.50000000,-74.25000000,290.50000000,218.01618185,3.96695792,6.27828721,650.00000000,0.00000000,0.00000000,0.10000000,33.257506,-3.393635,33.103719,tracks_run_0241.dat.18-04-18_14h33m22s.2.csv,804
3445,241,2,1708,0,l,41,6,bottom_left,-336.60327000,336.60327000,0.32119500,0.00785352,2.96471551,2.79507074,-5.06885366,-71.79684330,89.13739380,-135.50000000,-38.00000000,290.50000000,242.28373806,4.05225466,6.84732541,650.00000000,0.00000000,0.00000000,0.10000000,35.542755,-34.853500,7.453591,tracks_run_0241.dat.18-04-18_14h33m22s.2.csv,1288
3445,241,2,1708,1,c,41,6,bottom_left,-336.60327000,336.60327000,0.32119500,0.00785352,2.96471551,2.79507074,-5.06885366,-71.79684330,89.13739380,-135.50000000,-38.00000000,290.50000000,242.28373806,4.05225466,6.84732541,650.00000000,0.00000000,0.00000000,0.10000000,1.743785,1.575096,-0.748332,tracks_run_0241.dat.18-04-18_14h33m22s.2.csv,1289
3470,241,2,2141,0,r,18,10,bottom_left,-1082.78140000,1082.78140000,0.21264900,0.00771957,8.57125581,9.24041199,-2.04720943,-79.75563540,67.39753350,110.50000000,-38.00000000,290.50000000,253.34782019,2.35380514,11.59421713,650.00000000,0.00000000,0.00000000,0.10000000,26.801908,26.002971,6.734059,tracks_run_0241.dat.18-04-18_14h33m22s.2.csv,1605
3470,241,2,2141,1,c,18,10,bottom_left,-1082.78140000,1082.78140000,0.21264900,0.00771957,8.57125581,9.24041199,-2.04720943,-79.75563540,67.39753350,110.50000000,-38.00000000,290.50000000,253.34782019,2.35380514,11.59421713,650.00000000,0.00000000,0.00000000,0.10000000,5.061488,-5.006773,-0.743163,tracks_run_0241.dat.18-04-18_14h33m22s.2.csv,1606
3496,241,0,159,0,r,5,10,top_right,-296.06738000,296.06738000,0.18441600,0.00767440,2.45655550,2.21616665,-5.78212171,-85.68070640,91.01369660,135.50000000,-13.00000000,290.50000000,255.02530902,4.51032868,6.72649532,650.00000000,0.00000000,0.00000000,0.10000000,35.969702,33.579381,13.726001,tracks_run_0241.dat.18-04-18_14h33m22s.csv,113
3496,241,0,159,1,c,5,10,top_right,-296.06738000,296.06738000,0.18441600,0.00767440,2.45655550,2.21616665,-5.78212171,-85.68070640,91.01369660,135.50000000,-13.00000000,290.50000000,255.02530902,4.51032868,6.72649532,650.00000000,0.00000000,0.00000000,0.10000000,1.162408,0.000000,-1.162408,tracks_run_0241.dat.18-04-18_14h33m22s.csv,114
3501,241,0,232,0,r,12,10,top_left,-694.27730000,694.27730000,0.20128800,0.00769076,5.54080809,5.74330408,4.74823637,-75.45085530,90.17171520,110.50000000,-13.00000000,290.50000000,234.97865122,2.90625800,8.64956208,650.00000000,0.00000000,0.00000000,0.10000000,31.361279,27.733219,15.263205,tracks_run_0241.dat.18-04-18_14h33m22s.csv,163
3501,241,0,232,1,c,12,10,top_left,-694.27730000,694.27730000,0.20128800,0.00769076,5.54080809,5.74330408,4.74823637,-75.45085530,90.17171520,110.50000000,-13.00000000,290.50000000,234.97865122,2.90625800,8.64956208,650.00000000,0.00000000,0.00000000,0.10000000,0.759959,0.098754,0.753516,tracks_run_0241.dat.18-04-18_14h33m22s.csv,164
3503,241,0,277,0,l,4,7,bottom_right,-281.94308000,281.94308000,0.17915400,0.00826490,2.50938536,2.27631038,-5.01405435,-66.75988180,134.66549200,-49.00000000,-37.75000000,290.50000000,164.50146060,3.21377680,5.49008718,650.00000000,0.00000000,0.00000000,0.10000000,18.000766,-17.195632,5.405643,tracks_run_0241.dat.18-04-18_14h33m22s.csv,196
3503,241,0,277,1,c,4,7,bottom_right,-281.94308000,281.94308000,0.17915400,0.00826490,2.50938536,2.27631038,-5.01405435,-66.75988180,134.66549200,-49.00000000,-37.75000000,290.50000000,164.50146060,3.21377680,5.49008718,650.00000000,0.00000000,0.00000000,0.10000000,1.150085,0.168011,1.137749,tracks_run_0241.dat.18-04-18_14h33m22s.csv,197
3516,241,0,546,0,r,59,9,top_right,-1499.96750000,1499.96750000,0.14848600,0.00807829,12.26565846,13.54595290,-3.70611184,-73.79758720,43.67867100,74.00000000,-12.75000000,290.50000000,265.86804278,1.90412984,15.45008273,650.00000000,0.00000000,0.00000000,0.10000000,19.941065,18.619217,7.269545,tracks_run_0241.dat.18-04-18_14h33m22s.csv,395
3516,241,0,546,1,c,59,9,top_right,-1499.96750000,1499.96750000,0.14848600,0.00807829,12.26565846,13.54595290,-3.70611184,-73.79758720,43.67867100,74.00000000,-12.75000000,290.50000000,265.86804278,1.90412984,15.45008273,650.00000000,0.00000000,0.00000000,0.10000000,0.562818,0.379689,-0.415455,tracks_run_0241.dat.18-04-18_14h33m22s.csv,396
3523,241,0,743,0,l,17,7,top_left,-984.04470000,984.04470000,0.20723500,0.00798853,8.06830561,8.65785118,-0.32168331,-81.78272550,54.43274490,-74.00000000,-12.75000000,290.50000000,256.75233294,2.48396753,11.14181871,650.00000000,0.00000000,0.00000000,0.10000000,22.272999,-18.190448,13.076620,tracks_run_0241.dat.18-04-18_14h33m22s.csv,535
3523,241,0,743,1,c,17,7,top_left,-984.04470000,984.04470000,0.20723500,0.00798853,8.06830561,8.65785118,-0.32168331,-81.78272550,54.43274490,-74.00000000,-12.75000000,290.50000000,256.75233294,2.48396753,11.14181871,650.00000000,0.00000000,0.00000000,0.10000000,1.080801,0.440540,0.986952,tracks_run_0241.dat.18-04-18_14h33m22s.csv,536
3530,241,0,817,0,l,48,6,bottom_right,-1022.52203000,1022.52203000,0.19111700,0.00777749,8.14377186,8.74520794,3.02280962,-75.69738470,54.65903580,-110.50000000,-38.00000000,290.50000000,264.44183011,2.53547888,11.28068682,650.00000000,0.00000000,0.00000000,0.10000000,27.992161,-26.821563,8.325267,tracks_run_0241.dat.18-04-18_14h33m22s.csv,597
3530,241,0,817,1,c,48,6,bottom_right,-1022.52203000,1022.52203000,0.19111700,0.00777749,8.14377186,8.74520794,3.02280962,-75.69738470,54.65903580,-110.50000000,-38.00000000,290.50000000,264.44183011,2.53547888,11.28068682,650.00000000,0.00000000,0.00000000,0.10000000,0.912711,0.801859,0.435976,tracks_run_0241.dat.18-04-18_14h33m22s.csv,598
3535,241,0,887,0,r,18,10,bottom_left,-527.03470000,527.03470000,0.21264900,0.00771957,4.28113026,4.29883492,-0.11887939,-72.01214380,97.12005450,110.50000000,-38.00000000,290.50000000,225.36451745,3.23423417,7.53306909,650.00000000,0.00000000,0.00000000,0.10000000,28.198676,27.940124,3.973270,tracks_run_0241.dat.18-04-18_14h33m22s.csv,645
3535,241,0,887,1,c,18,10,bottom_left,-527.03470000,527.03470000,0.21264900,0.00771957,4.28113026,4.29883492,-0.11887939,-72.01214380,97.12005450,110.50000000,-38.00000000,290.50000000,225.36451745,3.23423417,7.53306909,650.00000000,0.00000000,0.00000000,0.10000000,32.657324,-0.778617,-32.649068,tracks_run_0241.dat.18-04-18_14h33m22s.csv,646
3537,241,0,937,0,l,10,7,top_right,-395.29980000,395.29980000,0.21208800,0.00810101,3.41441563,3.30810866,-6.12407322,-69.27466950,75.76932400,-49.00000000,-12.75000000,290.50000000,226.14740011,3.61786160,6.92597027,650.00000000,0.00000000,0.00000000,0.10000000,16.287494,-13.696824,8.899227,tracks_run_0241.dat.18-04-18_14h33m22s.csv,683
3537,241,0,937,1,c,10,7,top_right,-395.29980000,395.29980000,0.21208800,0.00810101,3.41441563,3.30810866,-6.12407322,-69.27466950,75.76932400,-49.00000000,-12.75000000,290.50000000,226.14740011,3.61786160,6.92597027,650.00000000,0.00000000,0.00000000,0.10000000,1.343132,-0.883824,1.011404,tracks_run_0241.dat.18-04-18_14h33m22s.csv,684
3538,241,0,938,0,l,41,6,bottom_left,-1125.82590000,1125.82590000,0.32119500,0.00785352,9.16289122,9.92679666,-3.23710942,-71.97234900,52.82100670,-135.50000000,-38.00000000,290.50000000,274.11475075,2.41618967,12.34298633,650.00000000,0.00000000,0.00000000,0.10000000,30.617796,-30.530065,2.436695,tracks_run_0241.dat.18-04-18_14h33m22s.csv,685
3538,241,0,938,1,c,41,6,bottom_left,-1125.82590000,1125.82590000,0.32119500,0.00785352,9.16289122,9.92679666,-3.23710942,-71.97234900,52.82100670,-135.50000000,-38.00000000,290.50000000,274.11475075,2.41618967,12.34298633,650.00000000,0.00000000,0.00000000,0.10000000,7.913020,7.837215,1.096112,tracks_run_0241.dat.18-04-18_14h33m22s.csv,686
3543,241,0,961,0,r,18,10,bottom_left,-711.57385000,711.57385000,0.21264900,0.00771957,5.70569315,5.93277664,-4.27175680,-79.37981650,92.17677100,110.50000000,-38.00000000,290.50000000,232.84533178,2.83409365,8.76687029,650.00000000,0.00000000,0.00000000,0.10000000,31.238926,30.894012,4.876716,tracks_run_0241.dat.18-04-18_14h33m22s.csv,705
3543,241,0,961,1,c,18,10,bottom_left,-711.57385000,711.57385000,0.21264900,0.00771957,5.70569315,5.93277664,-4.27175680,-79.37981650,92.17677100,110.50000000,-38.00000000,290.50000000,232.84533178,2.83409365,8.76687029,650.00000000,0.00000000,0.00000000,0.10000000,2.286202,-1.914090,1.250424,tracks_run_0241.dat.18-04-18_14h33m22s.csv,706
3546,241,0,1031,0,r,18,10,bottom_left,-1335.33130000,1335.33130000,0.21264900,0.00771957,10.52083244,11.50671012,2.03787358,-77.65363870,51.26484760,110.50000000,-38.00000000,290.50000000,265.64996155,2.12933749,13.63604761,650.00000000,0.00000000,0.00000000,0.10000000,25.183619,24.644188,5.354427,tracks_run_0241.dat.18-04-18_14h33m22s.csv,749
3546,241,0,1031,1,c,18,10,bottom_left,-1335.33130000,1335.33130000,0.21264900,0.00771957,10.52083244,11.50671012,2.03787358,-77.65363870,51.26484760,110.50000000,-38.00000000,290.50000000,265.64996155,2.12933749,13.63604761,650.00000000,0.00000000,0.00000000,0.10000000,1.322416,-1.283854,-0.317049,tracks_run_0241.dat.18-04-18_14h33m22s.csv,750
3548,241,0,1039,0,r,67,9,bottom_left,-1292.80580000,1292.80580000,0.14348100,0.00802875,10.52309557,11.50934841,7.61754659,-65.23970230,72.43356230,49.00000000,-37.75000000,290.50000000,223.65411338,1.81032707,13.31967548,650.00000000,0.00000000,0.00000000,0.10000000,8.987080,8.909211,1.185289,tracks_run_0241.dat.18-04-18_14h33m22s.csv,759
3548,241,0,1039,1,c,67,9,bottom_left,-1292.80580000,1292.80580000,0.14348100,0.00802875,10.52309557,11.50934841,7.61754659,-65.23970230,72.43356230,49.00000000,-37.75000000,290.50000000,223.65411338,1.81032707,13.31967548,650.00000000,0.00000000,0.00000000,0.10000000,0.820365,0.000000,0.820365,tracks_run_0241.dat.18-04-18_14h33m22s.csv,760
3552,241,0,1075,0,l,17,7,top_left,-670.86350000,670.86350000,0.20723500,0.00798853,5.56644820,5.77276155,0.99835200,-80.06419200,106.32692300,-74.00000000,-12.75000000,290.50000000,209.94207663,2.62633868,8.39910022,650.00000000,0.00000000,0.00000000,0.10000000,23.591521,-18.965947,14.296995,tracks_run_0241.dat.18-04-18_14h33m22s.csv,787
3552,241,0,1075,1,c,17,7,top_left,-670.86350000,670.86350000,0.20723500,0.00798853,5.56644820,5.77276155,0.99835200,-80.06419200,106.32692300,-74.00000000,-12.75000000,290.50000000,209.94207663,2.62633868,8.39910022,650.00000000,0.00000000,0.00000000,0.10000000,0.396872,-0.172502,0.357422,tracks_run_0241.dat.18-04-18_14h33m22s.csv,788
3554,241,0,1115,0,l,48,6,bottom_right,-1671.48950000,1671.48950000,0.19111700,0.00777749,13.19110987,14.63176330,-8.21846706,-81.91742720,31.24758820,-110.50000000,-38.00000000,290.50000000,282.13837991,1.90784977,16.53961307,650.00000000,0.00000000,0.00000000,0.10000000,21.779441,-20.809637,6.574353,tracks_run_0241.dat.18-04-18_14h33m22s.csv,818
3554,241,0,1115,1,c,48,6,bottom_right,-1671.48950000,1671.48950000,0.19111700,0.00777749,13.19110987,14.63176330,-8.21846706,-81.91742720,31.24758820,-110.50000000,-38.00000000,290.50000000,282.13837991,1.90784977,16.53961307,650.00000000,0.00000000,0.00000000,0.10000000,5.578195,4.478604,-3.328806,tracks_run_0241.dat.18-04-18_14h33m22s.csv,819
3563,241,0,1286,0,l,39,2,bottom_right,-1718.46450000,1718.46450000,0.17611000,0.00802446,13.96585964,15.54299830,-3.98506185,-67.48561040,31.56700480,-49.00000000,-99.25000000,290.50000000,264.72932801,1.71866469,17.26166298,650.00000000,0.00000000,0.00000000,0.10000000,14.541341,-11.900383,-8.417527,tracks_run_0241.dat.18-04-18_14h33m22s.csv,938
3563,241,0,1286,1,c,39,2,bottom_right,-1718.46450000,1718.46450000,0.17611000,0.00802446,13.96585964,15.54299830,-3.98506185,-67.48561040,31.56700480,-49.00000000,-99.25000000,290.50000000,264.72932801,1.71866469,17.26166298,650.00000000,0.00000000,0.00000000,0.10000000,28.565747,1.690643,28.519882,tracks_run_0241.dat.18-04-18_14h33m22s.csv,939
3564,241,0,1329,0,l,27,2,top_left,-758.11860000,758.11860000,0.18526500,0.00800210,6.25180585,6.56098524,0.95833357,-72.60366050,75.33952780,-74.00000000,-74.25000000,290.50000000,227.84971144,2.63133804,9.19232328,650.00000000,0.00000000,0.00000000,0.10000000,24.276193,-23.278681,-7.087614,tracks_run_0241.dat.18-04-18_14h33m22s.csv,972
3564,241,0,1329,1,c,27,2,top_left,-758.11860000,758.11860000,0.18526500,0.00800210,6.25180585,6.56098524,0.95833357,-72.60366050,75.33952780,-74.00000000,-74.25000000,290.50000000,227.84971144,2.63133804,9.19232328,650.00000000,0.00000000,0.00000000,0.10000000,2.810445,2.598348,1.071435,tracks_run_0241.dat.18-04-18_14h33m22s.csv,973
3583,241,0,1645,0,r,67,9,bottom_left,-471.18573000,471.18573000,0.14348100,0.00802875,3.92651343,3.89316994,-1.18741897,-78.22198080,115.56876100,49.00000000,-37.75000000,290.50000000,186.43416165,2.88873369,6.78190363,650.00000000,0.00000000,0.00000000,0.10000000,17.677528,14.758276,9.840923,tracks_run_0241.dat.18-04-18_14h33m22s.csv,1203
3583,241,0,1645,1,c,67,9,bottom_left,-471.18573000,471.18573000,0.14348100,0.00802875,3.92651343,3.89316994,-1.18741897,-78.22198080,115.56876100,49.00000000,-37.75000000,290.50000000,186.43416165,2.88873369,6.78190363,650.00000000,0.00000000,0.00000000,0.10000000,5.516400,3.011319,4.624103,tracks_run_0241.dat.18-04-18_14h33m22s.csv,1204
3600,241,0,1924,0,l,27,2,top_left,-890.08417000,890.08417000,0.18526500,0.00800210,7.30780754,7.77860940,-0.81101778,-81.84533560,101.73383300,-74.00000000,-74.25000000,290.50000000,202.60054799,2.14015030,9.91875970,650.00000000,0.00000000,0.00000000,0.10000000,21.750438,-21.591686,-2.688131,tracks_run_0241.dat.18-04-18_14h33m22s.csv,1410
3600,241,0,1924,1,c,27,2,top_left,-890.08417000,890.08417000,0.18526500,0.00800210,7.30780754,7.77860940,-0.81101778,-81.84533560,101.73383300,-74.00000000,-74.25000000,290.50000000,202.60054799,2.14015030,9.91875970,650.00000000,0.00000000,0.00000000,0.10000000,15.480865,-3.095427,15.175660,tracks_run_0241.dat.18-04-18_14h33m22s.csv,1411
3628,241,0,2441,0,l,57,1,top_left,-920.55646000,920.55646000,0.18811800,0.00790992,7.46964595,7.96555247,-8.92551466,-65.99054140,82.84132150,-135.50000000,-74.25000000,290.50000000,243.33402095,2.49098997,10.45654243,650.00000000,0.00000000,0.00000000,0.10000000,29.233690,-28.536109,-6.633409,tracks_run_0241.dat.18-04-18_14h33m22s.csv,1799
3628,241,0,2441,1,c,57,1,top_left,-920.55646000,920.55646000,0.18811800,0.00790992,7.46964595,7.96555247,-8.92551466,-65.99054140,82.84132150,-135.50000000,-74.25000000,290.50000000,243.33402095,2.49098997,10.45654243,650.00000000,0.00000000,0.00000000,0.10000000,3.977743,2.929235,2.692274,tracks_run_0241.dat.18-04-18_14h33m22s.csv,1800
3630,241,0,2475,0,l,57,1,top_left,-259.79517000,259.79517000,0.18811800,0.00790992,2.24307701,1.97323039,-3.85793439,-69.21637410,88.87728830,-135.50000000,-74.25000000,290.50000000,240.84577784,4.45597874,6.42920914,650.00000000,0.00000000,0.00000000,0.10000000,34.516176,-34.319189,-3.931180,tracks_run_0241.dat.18-04-18_14h33m22s.csv,1829
3630,241,0,2475,1,c,57,1,top_left,-259.79517000,259.79517000,0.18811800,0.00790992,2.24307701,1.97323039,-3.85793439,-69.21637410,88.87728830,-135.50000000,-74.25000000,290.50000000,240.84577784,4.45597874,6.42920914,650.00000000,0.00000000,0.00000000,0.10000000,2.911416,0.490896,2.869768,tracks_run_0241.dat.18-04-18_14h33m22s.csv,1830
3636,241,0,2631,0,l,46,2,top_right,-368.56296000,368.56296000,0.13780700,0.00799780,3.08549984,2.93279935,-2.27144034,-84.75761180,134.52389900,-49.00000000,-74.25000000,290.50000000,163.16406552,2.91753846,5.85033780,650.00000000,0.00000000,0.00000000,0.10000000,16.118639,-15.884478,-2.773447,tracks_run_0241.dat.18-04-18_14h33m22s.csv,1947
3636,241,0,2631,1,c,46,2,top_right,-368.56296000,368.56296000,0.13780700,0.00799780,3.08549984,2.93279935,-2.27144034,-84.75761180,134.52389900,-49.00000000,-74.25000000,290.50000000,163.16406552,2.91753846,5.85033780,650.00000000,0.00000000,0.00000000,0.10000000,4.333339,4.279090,-0.684169,tracks_run_0241.dat.18-04-18_14h33m22s.csv,1948
3643,241,0,2753,0,r,67,9,bottom_left,-412.62040000,412.62040000,0.14348100,0.00802875,3.45630704,3.35593525,-4.28110619,-75.24139940,105.68765200,49.00000000,-37.75000000,290.50000000,195.95939702,3.20697087,6.56290612,650.00000000,0.00000000,0.00000000,0.10000000,17.425057,14.653500,9.534244,tracks_run_0241.dat.18-04-18_14h33m22s.csv,2047
3643,241,0,2753,1,c,67,9,bottom_left,-412.62040000,412.62040000,0.14348100,0.00802875,3.45630704,3.35593525,-4.28110619,-75.24139940,105.68765200,49.00000000,-37.75000000,290.50000000,195.95939702,3.20697087,6.56290612,650.00000000,0.00000000,0.00000000,0.10000000,1.628237,-1.536862,-0.537848,tracks_run_0241.dat.18-04-18_14h33m22s.csv,2048
3645,241,0,2813,0,r,37,5,top_left,-544.64480000,544.64480000,0.15591400,0.00610310,3.47993568,3.38291424,0.41524773,-76.81077220,89.96329780,110.50000000,-74.25000000,290.50000000,228.77976127,3.62015598,7.00307021,650.00000000,0.00000000,0.00000000,0.10000000,25.776371,25.553432,-3.502576,tracks_run_0241.dat.18-04-18_14h33m22s.csv,2091
3645,241,0,2813,1,c,37,5,top_left,-544.64480000,544.64480000,0.15591400,0.00610310,3.47993568,3.38291424,0.41524773,-76.81077220,89.96329780,110.50000000,-74.25000000,290.50000000,228.77976127,3.62015598,7.00307021,650.00000000,0.00000000,0.00000000,0.10000000,9.486572,-2.645525,9.113472,tracks_run_0241.dat.18-04-18_14h33m22s.csv,2092
3656,242,1,204,0,l,24,7,bottom_left,-910.61430000,910.61430000,0.19145900,0.00807427,7.54400472,8.05147575,3.34548108,-67.33141220,99.27736690,-74.00000000,-37.75000000,290.50000000,208.38300987,2.14909047,10.20056622,650.00000000,0.00000000,0.00000000,0.10000000,23.832399,-23.760926,1.900277,tracks_run_0242.dat.18-04-18_15h18m01s.1.csv,148
3656,242,1,204,1,c,24,7,bottom_left,-910.61430000,910.61430000,0.19145900,0.00807427,7.54400472,8.05147575,3.34548108,-67.33141220,99.27736690,-74.00000000,-37.75000000,290.50000000,208.38300987,2.14909047,10.20056622,650.00000000,0.00000000,0.00000000,0.10000000,11.941175,-0.800120,11.914727,tracks_run_0242.dat.18-04-18_15h18m01s.1.csv,149
3658,242,1,246,0,l,27,2,top_left,-712.79767000,712.79767000,0.18526500,0.00800210,5.88914324,6.14369127,3.11369415,-77.11921320,109.10782900,-74.00000000,-74.25000000,290.50000000,197.12400643,2.39976805,8.54345932,650.00000000,0.00000000,0.00000000,0.10000000,22.974819,-22.788477,-3.001302,tracks_run_0242.dat.18-04-18_15h18m01s.1.csv,176
3658,242,1,246,1,c,27,2,top_left,-712.79767000,712.79767000,0.18526500,0.00800210,5.88914324,6.14369127,3.11369415,-77.11921320,109.10782900,-74.00000000,-74.25000000,290.50000000,197.12400643,2.39976805,8.54345932,650.00000000,0.00000000,0.00000000,0.10000000,1.027966,0.000000,1.027966,tracks_run_0242.dat.18-04-18_15h18m01s.1.csv,177
3660,242,1,265,0,l,29,6,top_right,-816.31104000,816.31104000,0.22227000,0.00759729,6.42402170,6.75930022,1.79962985,-76.61450500,75.82186450,-110.50000000,-13.00000000,290.50000000,250.48894980,2.81470993,9.57401014,650.00000000,0.00000000,0.00000000,0.10000000,31.558582,-28.243269,14.701408,tracks_run_0242.dat.18-04-18_15h18m01s.1.csv,194
3660,242,1,265,1,c,29,6,top_right,-816.31104000,816.31104000,0.22227000,0.00759729,6.42402170,6.75930022,1.79962985,-76.61450500,75.82186450,-110.50000000,-13.00000000,290.50000000,250.48894980,2.81470993,9.57401014,650.00000000,0.00000000,0.00000000,0.10000000,0.571611,0.245684,0.516120,tracks_run_0242.dat.18-04-18_15h18m01s.1.csv,195
3665,242,1,311,0,l,46,2,top_right,-537.31680000,537.31680000,0.13780700,0.00799780,4.43515930,4.47517010,-5.88827501,-68.62050100,124.31568100,-49.00000000,-74.25000000,290.50000000,171.77758868,2.52134533,6.99651543,650.00000000,0.00000000,0.00000000,0.10000000,16.031713,-14.958959,-5.832878,tracks_run_0242.dat.18-04-18_15h18m01s.1.csv,234
3665,242,1,311,1,c,46,2,top_right,-537.31680000,537.31680000,0.13780700,0.00799780,4.43515930,4.47517010,-5.88827501,-68.62050100,124.31568100,-49.00000000,-74.25000000,290.50000000,171.77758868,2.52134533,6.99651543,650.00000000,0.00000000,0.00000000,0.10000000,0.650768,-0.556577,0.337231,tracks_run_0242.dat.18-04-18_15h18m01s.1.csv,235
3672,242,1,394,0,l,48,6,bottom_right,-1737.06200000,1737.06200000,0.19111700,0.00777749,13.70109933,15.23136646,1.14086881,-81.21527100,29.07846370,-110.50000000,-38.00000000,290.50000000,287.52819493,1.88765384,17.11902030,650.00000000,0.00000000,0.00000000,0.10000000,22.430668,-21.397762,6.892166,tracks_run_0242.dat.18-04-18_15h18m01s.1.csv,297
3672,242,1,394,1,c,48,6,bottom_right,-1737.06200000,1737.06200000,0.19111700,0.00777749,13.70109933,15.23136646,1.14086881,-81.21527100,29.07846370,-110.50000000,-38.00000000,290.50000000,287.52819493,1.88765384,17.11902030,650.00000000,0.00000000,0.00000000,0.10000000,8.485486,8.077483,-2.608233,tracks_run_0242.dat.18-04-18_15h18m01s.1.csv,298
3677,242,1,476,0,l,27,2,top_left,-711.14530000,711.14530000,0.18526500,0.00800210,5.87592081,6.12848547,1.26320157,-75.08907970,106.03848400,-74.00000000,-74.25000000,290.50000000,199.22676640,2.42596085,8.55444631,650.00000000,0.00000000,0.00000000,0.10000000,17.906786,-17.695011,-2.790848,tracks_run_0242.dat.18-04-18_15h18m01s.1.csv,357
3677,242,1,476,1,c,27,2,top_left,-711.14530000,711.14530000,0.18526500,0.00800210,5.87592081,6.12848547,1.26320157,-75.08907970,106.03848400,-74.00000000,-74.25000000,290.50000000,199.22676640,2.42596085,8.55444631,650.00000000,0.00000000,0.00000000,0.10000000,1.467565,0.667975,1.306765,tracks_run_0242.dat.18-04-18_15h18m01s.1.csv,358
3680,242,1,530,0,l,10,7,top_right,-592.24457000,592.24457000,0.21208800,0.00810101,5.00986718,5.13381783,4.91018563,-68.85776170,111.34396800,-49.00000000,-12.75000000,290.50000000,195.32350816,2.62589669,7.75971451,650.00000000,0.00000000,0.00000000,0.10000000,17.540304,-14.963113,9.258981,tracks_run_0242.dat.18-04-18_15h18m01s.1.csv,394
3680,242,1,530,1,c,10,7,top_right,-592.24457000,592.24457000,0.21208800,0.00810101,5.00986718,5.13381783,4.91018563,-68.85776170,111.34396800,-49.00000000,-12.75000000,290.50000000,195.32350816,2.62589669,7.75971451,650.00000000,0.00000000,0.00000000,0.10000000,1.171105,1.168090,-0.083988,tracks_run_0242.dat.18-04-18_15h18m01s.1.csv,395
3719,242,1,1216,0,l,41,6,bottom_left,-1520.56590000,1520.56590000,0.32119500,0.00785352,12.26298971,13.54282593,1.39454415,-77.53585480,24.53136480,-135.50000000,-38.00000000,290.50000000,301.73252218,2.14720997,15.69003590,650.00000000,0.00000000,0.00000000,0.10000000,26.473931,-25.676421,6.679886,tracks_run_0242.dat.18-04-18_15h18m01s.1.csv,912
3719,242,1,1216,1,c,41,6,bottom_left,-1520.56590000,1520.56590000,0.32119500,0.00785352,12.26298971,13.54282593,1.39454415,-77.53585480,24.53136480,-135.50000000,-38.00000000,290.50000000,301.73252218,2.14720997,15.69003590,650.00000000,0.00000000,0.00000000,0.10000000,1.108540,0.795369,0.772196,tracks_run_0242.dat.18-04-18_15h18m01s.1.csv,913
3727,242,1,1309,0,r,54,9,bottom_right,-1324.50350000,1324.50350000,0.13288400,0.00794930,10.66175967,11.67103273,-0.54687362,-59.89344600,68.95284990,74.00000000,-37.75000000,290.50000000,234.79929362,1.87740791,13.54844064,650.00000000,0.00000000,0.00000000,0.10000000,18.609708,18.584503,-0.985802,tracks_run_0242.dat.18-04-18_15h18m01s.1.csv,980
3727,242,1,1309,1,c,54,9,bottom_right,-1324.50350000,1324.50350000,0.13288400,0.00794930,10.66175967,11.67103273,-0.54687362,-59.89344600,68.95284990,74.00000000,-37.75000000,290.50000000,234.79929362,1.87740791,13.54844064,650.00000000,0.00000000,0.00000000,0.10000000,1.418955,-1.208882,0.743048,tracks_run_0242.dat.18-04-18_15h18m01s.1.csv,981
3732,242,1,1441,0,r,18,10,bottom_left,-1427.07130000,1427.07130000,0.21264900,0.00771957,11.22902580,12.33315388,0.72379774,-75.04523600,43.51491030,110.50000000,-38.00000000,290.50000000,272.80908824,2.08263643,14.41579032,650.00000000,0.00000000,0.00000000,0.10000000,25.082934,24.641232,4.840081,tracks_run_0242.dat.18-04-18_15h18m01s.1.csv,1070
3732,242,1,1441,1,c,18,10,bottom_left,-1427.07130000,1427.07130000,0.21264900,0.00771957,11.22902580,12.33315388,0.72379774,-75.04523600,43.51491030,110.50000000,-38.00000000,290.50000000,272.80908824,2.08263643,14.41579032,650.00000000,0.00000000,0.00000000,0.10000000,7.748947,-7.255511,-2.728293,tracks_run_0242.dat.18-04-18_15h18m01s.1.csv,1071
3761,242,1,2014,0,r,59,9,top_right,-631.78766000,631.78766000,0.14848600,0.00807829,5.25224994,5.41193885,2.22591486,-68.46620150,83.03209160,74.00000000,-12.75000000,290.50000000,226.49226791,2.90339646,8.31533531,650.00000000,0.00000000,0.00000000,0.10000000,24.003633,19.997581,13.558176,tracks_run_0242.dat.18-04-18_15h18m01s.1.csv,1508
3761,242,1,2014,1,c,59,9,top_right,-631.78766000,631.78766000,0.14848600,0.00807829,5.25224994,5.41193885,2.22591486,-68.46620150,83.03209160,74.00000000,-12.75000000,290.50000000,226.49226791,2.90339646,8.31533531,650.00000000,0.00000000,0.00000000,0.10000000,1.519156,-0.329842,1.482924,tracks_run_0242.dat.18-04-18_15h18m01s.1.csv,1509
3770,242,1,2131,0,r,37,5,top_left,-411.62704000,411.62704000,0.15591400,0.00610310,2.66811499,2.45707196,5.20587549,-76.98890820,119.76949200,110.50000000,-74.25000000,290.50000000,200.60722977,3.65484072,6.11191268,650.00000000,0.00000000,0.00000000,0.10000000,33.044449,32.744871,-4.709460,tracks_run_0242.dat.18-04-18_15h18m01s.1.csv,1590
3770,242,1,2131,1,c,37,5,top_left,-411.62704000,411.62704000,0.15591400,0.00610310,2.66811499,2.45707196,5.20587549,-76.98890820,119.76949200,110.50000000,-74.25000000,290.50000000,200.60722977,3.65484072,6.11191268,650.00000000,0.00000000,0.00000000,0.10000000,1.431056,-0.148809,-1.423300,tracks_run_0242.dat.18-04-18_15h18m01s.1.csv,1591
3773,242,1,2151,0,l,48,6,bottom_right,-1497.86400000,1497.86400000,0.19111700,0.00777749,11.84073928,13.04838067,-6.20950246,-72.22703530,27.48167930,-110.50000000,-38.00000000,290.50000000,285.00286814,2.08763076,15.13601143,650.00000000,0.00000000,0.00000000,0.10000000,25.052379,-24.131479,6.941121,tracks_run_0242.dat.18-04-18_15h18m01s.1.csv,1605
3773,242,1,2151,1,c,48,6,bottom_right,-1497.86400000,1497.86400000,0.19111700,0.00777749,11.84073928,13.04838067,-6.20950246,-72.22703530,27.48167930,-110.50000000,-38.00000000,290.50000000,285.00286814,2.08763076,15.13601143,650.00000000,0.00000000,0.00000000,0.10000000,7.981968,7.589097,-2.480615,tracks_run_0242.dat.18-04-18_15h18m01s.1.csv,1606
3783,242,1,2342,0,l,10,7,top_right,-1197.10900000,1197.10900000,0.21208800,0.00810101,9.90987998,10.79511410,-8.24352142,-75.06876370,65.67728740,-49.00000000,-12.75000000,290.50000000,236.83321337,1.99586446,12.79097857,650.00000000,0.00000000,0.00000000,0.10000000,13.767083,-9.624261,9.890897,tracks_run_0242.dat.18-04-18_15h18m01s.1.csv,1752
3783,242,1,2342,1,c,10,7,top_right,-1197.10900000,1197.10900000,0.21208800,0.00810101,9.90987998,10.79511410,-8.24352142,-75.06876370,65.67728740,-49.00000000,-12.75000000,290.50000000,236.83321337,1.99586446,12.79097857,650.00000000,0.00000000,0.00000000,0.10000000,2.455282,1.036391,-2.225948,tracks_run_0242.dat.18-04-18_15h18m01s.1.csv,1753
3784,242,1,2355,0,r,31,5,top_right,-1726.53340000,1726.53340000,0.16255800,0.00607500,10.65124841,11.65877416,-3.53852619,-77.12131160,55.62768760,135.50000000,-74.25000000,290.50000000,272.95596591,2.16491604,13.82369020,650.00000000,0.00000000,0.00000000,0.10000000,28.126934,27.601697,-5.636374,tracks_run_0242.dat.18-04-18_15h18m01s.1.csv,1757
3784,242,1,2355,1,c,31,5,top_right,-1726.53340000,1726.53340000,0.16255800,0.00607500,10.65124841,11.65877416,-3.53852619,-77.12131160,55.62768760,135.50000000,-74.25000000,290.50000000,272.95596591,2.16491604,13.82369020,650.00000000,0.00000000,0.00000000,0.10000000,4.796810,-4.671075,1.092286,tracks_run_0242.dat.18-04-18_15h18m01s.1.csv,1758
3812,242,1,2725,0,l,41,6,bottom_left,-1482.67350000,1482.67350000,0.32119500,0.00785352,11.96540099,13.19429351,-8.09169547,-68.38545730,22.55284500,-135.50000000,-38.00000000,290.50000000,298.24793369,2.16246810,15.35676161,650.00000000,0.00000000,0.00000000,0.10000000,27.122022,-26.766586,4.547685,tracks_run_0242.dat.18-04-18_15h18m01s.1.csv,2057
3812,242,1,2725,1,c,41,6,bottom_left,-1482.67350000,1482.67350000,0.32119500,0.00785352,11.96540099,13.19429351,-8.09169547,-68.38545730,22.55284500,-135.50000000,-38.00000000,290.50000000,298.24793369,2.16246810,15.35676161,650.00000000,0.00000000,0.00000000,0.10000000,1.122803,-1.108156,0.180777,tracks_run_0242.dat.18-04-18_15h18m01s.1.csv,2058
3817,242,1,2763,0,l,27,2,top_left,-617.83496000,617.83496000,0.18526500,0.00800210,5.12924213,5.27076912,2.94636827,-75.29841950,108.67751300,-74.00000000,-74.25000000,290.50000000,197.43672291,2.61398866,7.88475778,650.00000000,0.00000000,0.00000000,0.10000000,20.385212,-20.336015,-1.446355,tracks_run_0242.dat.18-04-18_15h18m01s.1.csv,2090
3817,242,1,2763,1,c,27,2,top_left,-617.83496000,617.83496000,0.18526500,0.00800210,5.12924213,5.27076912,2.94636827,-75.29841950,108.67751300,-74.00000000,-74.25000000,290.50000000,197.43672291,2.61398866,7.88475778,650.00000000,0.00000000,0.00000000,0.10000000,2.310624,2.224084,0.626603,tracks_run_0242.dat.18-04-18_15h18m01s.1.csv,2091
3839,242,2,192,0,r,12,10,top_left,-1780.29940000,1780.29940000,0.20128800,0.00769076,13.89314341,15.45738509,-1.98428311,-69.94319220,22.86688450,110.50000000,-13.00000000,290.50000000,295.84239993,1.91933704,17.37672214,650.00000000,0.00000000,0.00000000,0.10000000,23.937798,21.934564,9.832172,tracks_run_0242.dat.18-04-18_15h18m01s.2.csv,142
3839,242,2,192,1,c,12,10,top_left,-1780.29940000,1780.29940000,0.20128800,0.00769076,13.89314341,15.45738509,-1.98428311,-69.94319220,22.86688450,110.50000000,-13.00000000,290.50000000,295.84239993,1.91933704,17.37672214,650.00000000,0.00000000,0.00000000,0.10000000,10.008468,-9.474811,-3.239328,tracks_run_0242.dat.18-04-18_15h18m01s.2.csv,143
3842,242,2,249,0,l,27,2,top_left,-845.76575000,845.76575000,0.18526500,0.00800210,6.95316711,7.36926794,-6.04675617,-75.38099910,77.28074280,-74.00000000,-74.25000000,290.50000000,223.78868190,2.42116860,9.79043654,650.00000000,0.00000000,0.00000000,0.10000000,20.864275,-20.132328,-5.595294,tracks_run_0242.dat.18-04-18_15h18m01s.2.csv,184
3842,242,2,249,1,c,27,2,top_left,-845.76575000,845.76575000,0.18526500,0.00800210,6.95316711,7.36926794,-6.04675617,-75.38099910,77.28074280,-74.00000000,-74.25000000,290.50000000,223.78868190,2.42116860,9.79043654,650.00000000,0.00000000,0.00000000,0.10000000,3.275744,2.264142,2.367927,tracks_run_0242.dat.18-04-18_15h18m01s.2.csv,185
3852,242,2,454,0,l,46,2,top_right,-431.86847000,431.86847000,0.13780700,0.00799780,3.59180465,3.51067106,-3.29600465,-80.32609060,129.77739400,-49.00000000,-74.25000000,290.50000000,167.20505419,2.76304089,6.27371195,650.00000000,0.00000000,0.00000000,0.10000000,14.636738,-13.736540,-5.103207,tracks_run_0242.dat.18-04-18_15h18m01s.2.csv,329
3852,242,2,454,1,c,46,2,top_right,-431.86847000,431.86847000,0.13780700,0.00799780,3.59180465,3.51067106,-3.29600465,-80.32609060,129.77739400,-49.00000000,-74.25000000,290.50000000,167.20505419,2.76304089,6.27371195,650.00000000,0.00000000,0.00000000,0.10000000,30.289369,-2.344465,30.207091,tracks_run_0242.dat.18-04-18_15h18m01s.2.csv,330
3862,242,2,550,0,r,37,5,top_left,-422.28223000,422.28223000,0.15591400,0.00610310,2.73314468,2.53115262,-5.04416078,-70.02669000,99.93170740,110.50000000,-74.25000000,290.50000000,222.90034451,3.92464845,6.45580107,650.00000000,0.00000000,0.00000000,0.10000000,30.096828,29.619218,-5.600710,tracks_run_0242.dat.18-04-18_15h18m01s.2.csv,409
3862,242,2,550,1,c,37,5,top_left,-422.28223000,422.28223000,0.15591400,0.00610310,2.73314468,2.53115262,-5.04416078,-70.02669000,99.93170740,110.50000000,-74.25000000,290.50000000,222.90034451,3.92464845,6.45580107,650.00000000,0.00000000,0.00000000,0.10000000,3.576822,-1.420466,3.283008,tracks_run_0242.dat.18-04-18_15h18m01s.2.csv,410
3866,242,2,649,0,l,61,1,bottom_left,-340.30910000,340.30910000,0.16962200,0.00791440,2.86296434,2.67908387,-1.12546053,-66.09805520,109.61034500,-135.50000000,-99.25000000,290.50000000,227.76443003,3.91837134,6.59745521,650.00000000,0.00000000,0.00000000,0.10000000,35.360515,-33.647142,-11.578048,tracks_run_0242.dat.18-04-18_15h18m01s.2.csv,480
3866,242,2,649,1,c,61,1,bottom_left,-340.30910000,340.30910000,0.16962200,0.00791440,2.86296434,2.67908387,-1.12546053,-66.09805520,109.61034500,-135.50000000,-99.25000000,290.50000000,227.76443003,3.91837134,6.59745521,650.00000000,0.00000000,0.00000000,0.10000000,2.329840,0.125543,2.326457,tracks_run_0242.dat.18-04-18_15h18m01s.2.csv,481
3868,242,2,692,0,l,10,7,top_right,-385.62225000,385.62225000,0.21208800,0.00810101,3.33601770,3.21861933,-0.12467791,-76.25821970,108.40807500,-49.00000000,-12.75000000,290.50000000,198.94612394,3.30058561,6.51920493,650.00000000,0.00000000,0.00000000,0.10000000,23.079161,-18.838944,13.581686,tracks_run_0242.dat.18-04-18_15h18m01s.2.csv,511
3868,242,2,692,1,c,10,7,top_right,-385.62225000,385.62225000,0.21208800,0.00810101,3.33601770,3.21861933,-0.12467791,-76.25821970,108.40807500,-49.00000000,-12.75000000,290.50000000,198.94612394,3.30058561,6.51920493,650.00000000,0.00000000,0.00000000,0.10000000,0.792961,0.692583,-0.386166,tracks_run_0242.dat.18-04-18_15h18m01s.2.csv,512
3873,242,2,757,0,l,46,2,top_right,-450.20350000,450.20350000,0.13780700,0.00799780,3.73844455,3.67820149,-5.45523324,-62.99484190,127.80163600,-49.00000000,-74.25000000,290.50000000,168.80042341,2.72796998,6.40617147,650.00000000,0.00000000,0.00000000,0.10000000,18.053505,-14.962055,-10.220381,tracks_run_0242.dat.18-04-18_15h18m01s.2.csv,560
3873,242,2,757,1,c,46,2,top_right,-450.20350000,450.20350000,0.13780700,0.00799780,3.73844455,3.67820149,-5.45523324,-62.99484190,127.80163600,-49.00000000,-74.25000000,290.50000000,168.80042341,2.72796998,6.40617147,650.00000000,0.00000000,0.00000000,0.10000000,2.050927,-0.983804,1.799652,tracks_run_0242.dat.18-04-18_15h18m01s.2.csv,561
3889,242,2,918,0,r,54,9,bottom_right,-705.79330000,705.79330000,0.13288400,0.00794930,5.74344668,5.97617295,-5.44426469,-80.73972070,90.32425070,74.00000000,-37.75000000,290.50000000,219.61292741,2.68164553,8.65781848,650.00000000,0.00000000,0.00000000,0.10000000,22.773879,22.387559,4.288685,tracks_run_0242.dat.18-04-18_15h18m01s.2.csv,687
3889,242,2,918,1,c,54,9,bottom_right,-705.79330000,705.79330000,0.13288400,0.00794930,5.74344668,5.97617295,-5.44426469,-80.73972070,90.32425070,74.00000000,-37.75000000,290.50000000,219.61292741,2.68164553,8.65781848,650.00000000,0.00000000,0.00000000,0.10000000,23.250342,1.235931,23.219290,tracks_run_0242.dat.18-04-18_15h18m01s.2.csv,688
3893,242,2,954,0,r,5,10,top_right,-427.60794000,427.60794000,0.18441600,0.00767440,3.46605037,3.36705988,-2.55503975,-73.17232050,91.11953010,135.50000000,-13.00000000,290.50000000,249.86491137,3.88915645,7.25621633,650.00000000,0.00000000,0.00000000,0.10000000,34.628954,31.902133,14.244850,tracks_run_0242.dat.18-04-18_15h18m01s.2.csv,719
3893,242,2,954,1,c,5,10,top_right,-427.60794000,427.60794000,0.18441600,0.00767440,3.46605037,3.36705988,-2.55503975,-73.17232050,91.11953010,135.50000000,-13.00000000,290.50000000,249.86491137,3.88915645,7.25621633,650.00000000,0.00000000,0.00000000,0.10000000,1.462951,-1.155585,0.897194,tracks_run_0242.dat.18-04-18_15h18m01s.2.csv,720
3902,242,2,1057,0,r,5,10,top_right,-882.54565000,882.54565000,0.18441600,0.00767440,6.95742434,7.37417928,3.07668245,-74.11868250,69.95430140,135.50000000,-13.00000000,290.50000000,264.40845968,2.80962694,10.18380622,650.00000000,0.00000000,0.00000000,0.10000000,34.201303,31.875593,13.108749,tracks_run_0242.dat.18-04-18_15h18m01s.2.csv,792
3902,242,2,1057,1,c,5,10,top_right,-882.54565000,882.54565000,0.18441600,0.00767440,6.95742434,7.37417928,3.07668245,-74.11868250,69.95430140,135.50000000,-13.00000000,290.50000000,264.40845968,2.80962694,10.18380622,650.00000000,0.00000000,0.00000000,0.10000000,1.892808,-1.742384,-0.739588,tracks_run_0242.dat.18-04-18_15h18m01s.2.csv,793
3907,242,2,1163,0,r,63,9,top_left,-574.90735000,574.90735000,0.12913200,0.00808714,4.77848823,4.86850941,-0.80920601,-62.60277850,84.23587850,49.00000000,-12.75000000,290.50000000,217.97051256,2.96447819,7.83298760,650.00000000,0.00000000,0.00000000,0.10000000,20.967721,16.735322,12.817511,tracks_run_0242.dat.18-04-18_15h18m01s.2.csv,869
3907,242,2,1163,1,c,63,9,top_left,-574.90735000,574.90735000,0.12913200,0.00808714,4.77848823,4.86850941,-0.80920601,-62.60277850,84.23587850,49.00000000,-12.75000000,290.50000000,217.97051256,2.96447819,7.83298760,650.00000000,0.00000000,0.00000000,0.10000000,3.218182,2.074781,2.460615,tracks_run_0242.dat.18-04-18_15h18m01s.2.csv,870
3914,242,2,1215,0,l,29,6,top_right,-1248.05190000,1248.05190000,0.22227000,0.00759729,9.70408222,10.55570057,-3.16715688,-77.04295610,67.91706410,-110.50000000,-13.00000000,290.50000000,255.27436768,2.17316918,12.72886975,650.00000000,0.00000000,0.00000000,0.10000000,25.463183,-21.435588,14.080599,tracks_run_0242.dat.18-04-18_15h18m01s.2.csv,906
3914,242,2,1215,1,c,29,6,top_right,-1248.05190000,1248.05190000,0.22227000,0.00759729,9.70408222,10.55570057,-3.16715688,-77.04295610,67.91706410,-110.50000000,-13.00000000,290.50000000,255.27436768,2.17316918,12.72886975,650.00000000,0.00000000,0.00000000,0.10000000,6.533330,4.814515,-4.421640,tracks_run_0242.dat.18-04-18_15h18m01s.2.csv,907
3922,242,2,1332,0,l,48,6,bottom_right,-1274.89090000,1274.89090000,0.19111700,0.00777749,10.10656823,11.02406472,-2.78152596,-76.25688970,48.40172970,-110.50000000,-38.00000000,290.50000000,267.72827968,2.20731365,13.23137837,650.00000000,0.00000000,0.00000000,0.10000000,24.387718,-23.440668,6.928725,tracks_run_0242.dat.18-04-18_15h18m01s.2.csv,996
3922,242,2,1332,1,c,48,6,bottom_right,-1274.89090000,1274.89090000,0.19111700,0.00777749,10.10656823,11.02406472,-2.78152596,-76.25688970,48.40172970,-110.50000000,-38.00000000,290.50000000,267.72827968,2.20731365,13.23137837,650.00000000,0.00000000,0.00000000,0.10000000,6.504005,5.409544,-3.616325,tracks_run_0242.dat.18-04-18_15h18m01s.2.csv,997
3927,242,2,1372,0,l,46,2,top_right,-1933.51310000,1933.51310000,0.13780700,0.00799780,15.60165807,17.47367357,-6.15686141,-69.03547370,34.38773340,-49.00000000,-74.25000000,290.50000000,259.72335072,1.54928710,19.02296067,650.00000000,0.00000000,0.00000000,0.10000000,8.849768,-8.532990,-2.355327,tracks_run_0242.dat.18-04-18_15h18m01s.2.csv,1031
3927,242,2,1372,1,c,46,2,top_right,-1933.51310000,1933.51310000,0.13780700,0.00799780,15.60165807,17.47367357,-6.15686141,-69.03547370,34.38773340,-49.00000000,-74.25000000,290.50000000,259.72335072,1.54928710,19.02296067,650.00000000,0.00000000,0.00000000,0.10000000,0.889947,-0.450455,0.767534,tracks_run_0242.dat.18-04-18_15h18m01s.2.csv,1032
3929,242,2,1385,0,r,18,10,bottom_left,-1208.02480000,1208.02480000,0.21264900,0.00771957,9.53808101,10.36268902,-2.98586840,-77.12365480,59.53632580,110.50000000,-38.00000000,290.50000000,260.29583456,2.24003996,12.60272898,650.00000000,0.00000000,0.00000000,0.10000000,24.175524,23.111361,7.296814,tracks_run_0242.dat.18-04-18_15h18m01s.2.csv,1045
3929,242,2,1385,1,c,18,10,bottom_left,-1208.02480000,1208.02480000,0.21264900,0.00771957,9.53808101,10.36268902,-2.98586840,-77.12365480,59.53632580,110.50000000,-38.00000000,290.50000000,260.29583456,2.24003996,12.60272898,650.00000000,0.00000000,0.00000000,0.10000000,0.682364,0.103422,0.674482,tracks_run_0242.dat.18-04-18_15h18m01s.2.csv,1046
3939,242,2,1527,0,l,35,6,top_left,-1470.30270000,1470.30270000,0.20961900,0.00776938,11.63295939,12.80529788,4.35153255,-79.41581730,20.53455520,-135.50000000,-13.00000000,290.50000000,311.20869739,2.29740205,15.10269993,650.00000000,0.00000000,0.00000000,0.10000000,28.072687,-26.635870,9.209573,tracks_run_0242.dat.18-04-18_15h18m01s.2.csv,1157
3939,242,2,1527,1,c,35,6,top_left,-1470.30270000,1470.30270000,0.20961900,0.00776938,11.63295939,12.80529788,4.35153255,-79.41581730,20.53455520,-135.50000000,-13.00000000,290.50000000,311.20869739,2.29740205,15.10269993,650.00000000,0.00000000,0.00000000,0.10000000,8.908614,8.636692,-2.192584,tracks_run_0242.dat.18-04-18_15h18m01s.2.csv,1158
3943,242,2,1546,0,r,31,5,top_right,-304.72247000,304.72247000,0.16255800,0.00607500,2.01374701,1.71242792,7.03477274,-68.51174360,120.56963200,135.50000000,-74.25000000,290.50000000,213.10225754,4.21717348,5.92960140,650.00000000,0.00000000,0.00000000,0.10000000,36.312215,36.004125,-5.075996,tracks_run_0242.dat.18-04-18_15h18m01s.2.csv,1175
3943,242,2,1546,1,c,31,5,top_right,-304.72247000,304.72247000,0.16255800,0.00607500,2.01374701,1.71242792,7.03477274,-68.51174360,120.56963200,135.50000000,-74.25000000,290.50000000,213.10225754,4.21717348,5.92960140,650.00000000,0.00000000,0.00000000,0.10000000,8.964639,3.029723,8.441093,tracks_run_0242.dat.18-04-18_15h18m01s.2.csv,1176
3950,242,2,1677,0,l,48,6,bottom_right,-1470.33870000,1470.33870000,0.19111700,0.00777749,11.62666154,12.79793227,-4.40495693,-72.08800160,40.83351170,-110.50000000,-38.00000000,290.50000000,273.40721533,2.03440010,14.83233237,650.00000000,0.00000000,0.00000000,0.10000000,24.595303,-24.431257,2.927183,tracks_run_0242.dat.18-04-18_15h18m01s.2.csv,1276
3950,242,2,1677,1,c,48,6,bottom_right,-1470.33870000,1470.33870000,0.19111700,0.00777749,11.62666154,12.79793227,-4.40495693,-72.08800160,40.83351170,-110.50000000,-38.00000000,290.50000000,273.40721533,2.03440010,14.83233237,650.00000000,0.00000000,0.00000000,0.10000000,7.663000,7.598446,0.995490,tracks_run_0242.dat.18-04-18_15h18m01s.2.csv,1277
3957,242,2,1733,0,r,54,9,bottom_right,-1783.89140000,1783.89140000,0.13288400,0.00794930,14.31357191,15.95262943,1.52952464,-75.54479490,41.16342220,74.00000000,-37.75000000,290.50000000,262.39120669,1.67210818,17.62473761,650.00000000,0.00000000,0.00000000,0.10000000,15.691505,14.159336,6.833143,tracks_run_0242.dat.18-04-18_15h18m01s.2.csv,1324
3957,242,2,1733,1,c,54,9,bottom_right,-1783.89140000,1783.89140000,0.13288400,0.00794930,14.31357191,15.95262943,1.52952464,-75.54479490,41.16342220,74.00000000,-37.75000000,290.50000000,262.39120669,1.67210818,17.62473761,650.00000000,0.00000000,0.00000000,0.10000000,1.437666,0.478714,1.355640,tracks_run_0242.dat.18-04-18_15h18m01s.2.csv,1325
3962,242,2,1797,0,r,37,5,top_left,-1193.25520000,1193.25520000,0.15591400,0.00610310,7.43846981,7.92953330,-4.98390861,-71.64925330,62.43089190,110.50000000,-74.25000000,290.50000000,255.65370152,2.61164122,10.54117452,650.00000000,0.00000000,0.00000000,0.10000000,27.447168,26.698678,-6.613866,tracks_run_0242.dat.18-04-18_15h18m01s.2.csv,1375
3962,242,2,1797,1,c,37,5,top_left,-1193.25520000,1193.25520000,0.15591400,0.00610310,7.43846981,7.92953330,-4.98390861,-71.64925330,62.43089190,110.50000000,-74.25000000,290.50000000,255.65370152,2.61164122,10.54117452,650.00000000,0.00000000,0.00000000,0.10000000,5.898424,-4.322861,4.016829,tracks_run_0242.dat.18-04-18_15h18m01s.2.csv,1376
3978,242,2,1937,0,l,17,7,top_left,-1757.87830000,1757.87830000,0.20723500,0.00798853,14.25009854,15.87782237,5.02685422,-78.29075420,26.01986300,-74.00000000,-12.75000000,290.50000000,283.70861287,1.80853536,17.68635773,650.00000000,0.00000000,0.00000000,0.10000000,21.056287,-18.491691,10.252181,tracks_run_0242.dat.18-04-18_15h18m01s.2.csv,1480
3978,242,2,1937,1,c,17,7,top_left,-1757.87830000,1757.87830000,0.20723500,0.00798853,14.25009854,15.87782237,5.02685422,-78.29075420,26.01986300,-74.00000000,-12.75000000,290.50000000,283.70861287,1.80853536,17.68635773,650.00000000,0.00000000,0.00000000,0.10000000,8.517176,7.280139,-4.432579,tracks_run_0242.dat.18-04-18_15h18m01s.2.csv,1481
3989,242,2,2134,0,l,39,2,bottom_right,-1260.84100000,1260.84100000,0.17611000,0.00802446,10.29367817,11.24198801,-0.98184746,-74.95727180,75.77482050,-49.00000000,-99.25000000,290.50000000,221.36572076,1.82209464,13.06408265,650.00000000,0.00000000,0.00000000,0.10000000,15.570982,-13.367928,-8.058420,tracks_run_0242.dat.18-04-18_15h18m01s.2.csv,1630
3989,242,2,2134,1,c,39,2,bottom_right,-1260.84100000,1260.84100000,0.17611000,0.00802446,10.29367817,11.24198801,-0.98184746,-74.95727180,75.77482050,-49.00000000,-99.25000000,290.50000000,221.36572076,1.82209464,13.06408265,650.00000000,0.00000000,0.00000000,0.10000000,1.720971,0.084740,1.718884,tracks_run_0242.dat.18-04-18_15h18m01s.2.csv,1631
3998,242,2,2275,0,r,59,9,top_right,-1782.46300000,1782.46300000,0.14848600,0.00807829,14.54773903,16.22872751,0.07475235,-68.51280240,35.64608860,74.00000000,-12.75000000,290.50000000,271.15484235,1.70432249,17.93305000,650.00000000,0.00000000,0.00000000,0.10000000,17.079596,15.242917,7.798030,tracks_run_0242.dat.18-04-18_15h18m01s.2.csv,1738
3998,242,2,2275,1,c,59,9,top_right,-1782.46300000,1782.46300000,0.14848600,0.00807829,14.54773903,16.22872751,0.07475235,-68.51280240,35.64608860,74.00000000,-12.75000000,290.50000000,271.15484235,1.70432249,17.93305000,650.00000000,0.00000000,0.00000000,0.10000000,1.264341,0.237942,1.241753,tracks_run_0242.dat.18-04-18_15h18m01s.2.csv,1739
4009,242,2,2387,0,l,4,7,bottom_right,-1894.83900000,1894.83900000,0.17915400,0.00826490,15.83980885,17.75551323,-0.47003852,-65.50870730,29.88260050,-49.00000000,-37.75000000,290.50000000,266.54667868,1.57028751,19.32580074,650.00000000,0.00000000,0.00000000,0.10000000,10.539468,-9.901098,3.630446,tracks_run_0242.dat.18-04-18_15h18m01s.2.csv,1826
4009,242,2,2387,1,c,4,7,bottom_right,-1894.83900000,1894.83900000,0.17915400,0.00826490,15.83980885,17.75551323,-0.47003852,-65.50870730,29.88260050,-49.00000000,-37.75000000,290.50000000,266.54667868,1.57028751,19.32580074,650.00000000,0.00000000,0.00000000,0.10000000,3.818623,3.340513,1.851145,tracks_run_0242.dat.18-04-18_15h18m01s.2.csv,1827
4027,242,2,2752,0,l,48,6,bottom_right,-538.68040000,538.68040000,0.19111700,0.00777749,4.38069842,4.41281310,-3.64398592,-80.73423320,74.09488790,-110.50000000,-38.00000000,290.50000000,245.10323330,3.42680455,7.83961765,650.00000000,0.00000000,0.00000000,0.10000000,28.132585,-27.015545,8.162163,tracks_run_0242.dat.18-04-18_15h18m01s.2.csv,2105
4027,242,2,2752,1,c,48,6,bottom_right,-538.68040000,538.68040000,0.19111700,0.00777749,4.38069842,4.41281310,-3.64398592,-80.73423320,74.09488790,-110.50000000,-38.00000000,290.50000000,245.10323330,3.42680455,7.83961765,650.00000000,0.00000000,0.00000000,0.10000000,0.611427,0.213932,-0.572781,tracks_run_0242.dat.18-04-18_15h18m01s.2.csv,2106
4035,242,2,2915,0,l,29,6,top_right,-426.76675000,426.76675000,0.22227000,0.00759729,3.46454076,3.36533623,-4.44567368,-77.80851540,89.78930350,-110.50000000,-13.00000000,290.50000000,236.07720663,3.71903881,7.08437505,650.00000000,0.00000000,0.00000000,0.10000000,32.259303,-29.643753,13.347374,tracks_run_0242.dat.18-04-18_15h18m01s.2.csv,2219
4035,242,2,2915,1,c,29,6,top_right,-426.76675000,426.76675000,0.22227000,0.00759729,3.46454076,3.36533623,-4.44567368,-77.80851540,89.78930350,-110.50000000,-13.00000000,290.50000000,236.07720663,3.71903881,7.08437505,650.00000000,0.00000000,0.00000000,0.10000000,1.129867,-0.187608,-1.114185,tracks_run_0242.dat.18-04-18_15h18m01s.2.csv,2220
4050,242,3,166,0,r,37,5,top_left,-865.23895000,865.23895000,0.15591400,0.00610310,5.43655384,5.62355123,5.71567157,-73.86440790,100.26764300,110.50000000,-74.25000000,290.50000000,217.18253571,2.74383821,8.36738944,650.00000000,0.00000000,0.00000000,0.10000000,27.290534,26.589779,-6.381671,tracks_run_0242.dat.18-04-18_15h18m01s.3.csv,117
4050,242,3,166,1,c,37,5,top_left,-865.23895000,865.23895000,0.15591400,0.00610310,5.43655384,5.62355123,5.71567157,-73.86440790,100.26764300,110.50000000,-74.25000000,290.50000000,217.18253571,2.74383821,8.36738944,650.00000000,0.00000000,0.00000000,0.10000000,1.517956,-1.097803,1.048405,tracks_run_0242.dat.18-04-18_15h18m01s.3.csv,118
4054,242,3,231,0,r,12,10,top_left,-1008.46594000,1008.46594000,0.20128800,0.00769076,7.95715751,8.52922579,3.59213268,-69.73007210,80.55320920,110.50000000,-13.00000000,290.50000000,242.33292831,2.37905396,10.90827976,650.00000000,0.00000000,0.00000000,0.10000000,27.703706,24.365991,13.606318,tracks_run_0242.dat.18-04-18_15h18m01s.3.csv,165
4054,242,3,231,1,c,12,10,top_left,-1008.46594000,1008.46594000,0.20128800,0.00769076,7.95715751,8.52922579,3.59213268,-69.73007210,80.55320920,110.50000000,-13.00000000,290.50000000,242.33292831,2.37905396,10.90827976,650.00000000,0.00000000,0.00000000,0.10000000,10.885872,-2.523146,-10.592858,tracks_run_0242.dat.18-04-18_15h18m01s.3.csv,166
4056,242,3,233,0,l,41,6,bottom_left,-1072.14490000,1072.14490000,0.32119500,0.00785352,8.74130642,9.43757399,-5.96056130,-71.06247170,63.52931060,-135.50000000,-38.00000000,290.50000000,263.41846378,2.40657282,11.84414681,650.00000000,0.00000000,0.00000000,0.10000000,30.121912,-30.020113,2.598447,tracks_run_0242.dat.18-04-18_15h18m01s.3.csv,169
4056,242,3,233,1,c,41,6,bottom_left,-1072.14490000,1072.14490000,0.32119500,0.00785352,8.74130642,9.43757399,-5.96056130,-71.06247170,63.52931060,-135.50000000,-38.00000000,290.50000000,263.41846378,2.40657282,11.84414681,650.00000000,0.00000000,0.00000000,0.10000000,3.902282,3.871246,-0.491557,tracks_run_0242.dat.18-04-18_15h18m01s.3.csv,170
4075,242,3,627,0,l,41,6,bottom_left,-881.63257000,881.63257000,0.32119500,0.00785352,7.24511402,7.70621470,1.41999752,-79.80489420,72.20218760,-135.50000000,-38.00000000,290.50000000,261.05300190,2.70677018,10.41298487,650.00000000,0.00000000,0.00000000,0.10000000,34.246484,-33.660390,6.717023,tracks_run_0242.dat.18-04-18_15h18m01s.3.csv,476
4075,242,3,627,1,c,41,6,bottom_left,-881.63257000,881.63257000,0.32119500,0.00785352,7.24511402,7.70621470,1.41999752,-79.80489420,72.20218760,-135.50000000,-38.00000000,290.50000000,261.05300190,2.70677018,10.41298487,650.00000000,0.00000000,0.00000000,0.10000000,1.478535,-0.491818,1.394356,tracks_run_0242.dat.18-04-18_15h18m01s.3.csv,477
4092,242,3,868,0,r,37,5,top_left,-486.40720000,486.40720000,0.15591400,0.00610310,3.12450578,2.97728785,5.86351809,-73.90669080,110.71187300,110.50000000,-74.25000000,290.50000000,208.02086871,3.52164528,6.49893312,650.00000000,0.00000000,0.00000000,0.10000000,29.852243,28.666409,-8.708556,tracks_run_0242.dat.18-04-18_15h18m01s.3.csv,654
4092,242,3,868,1,c,37,5,top_left,-486.40720000,486.40720000,0.15591400,0.00610310,3.12450578,2.97728785,5.86351809,-73.90669080,110.71187300,110.50000000,-74.25000000,290.50000000,208.02086871,3.52164528,6.49893312,650.00000000,0.00000000,0.00000000,0.10000000,1.358918,-0.951446,0.970307,tracks_run_0242.dat.18-04-18_15h18m01s.3.csv,655
4094,242,3,881,0,l,4,7,bottom_right,-1125.56140000,1125.56140000,0.17915400,0.00826490,9.48180641,10.29727916,-7.61653360,-74.60770440,69.16890510,-49.00000000,-37.75000000,290.50000000,228.16339591,1.98923416,12.28651332,650.00000000,0.00000000,0.00000000,0.10000000,13.129977,-12.414558,4.308898,tracks_run_0242.dat.18-04-18_15h18m01s.3.csv,665
4094,242,3,881,1,c,4,7,bottom_right,-1125.56140000,1125.56140000,0.17915400,0.00826490,9.48180641,10.29727916,-7.61653360,-74.60770440,69.16890510,-49.00000000,-37.75000000,290.50000000,228.16339591,1.98923416,12.28651332,650.00000000,0.00000000,0.00000000,0.10000000,5.939478,-2.113331,-5.552047,tracks_run_0242.dat.18-04-18_15h18m01s.3.csv,666
4095,242,3,921,0,l,35,6,top_left,-1620.86320000,1620.86320000,0.20961900,0.00776938,12.80272113,14.17572131,0.21628587,-67.13170660,26.18389400,-135.50000000,-13.00000000,290.50000000,302.01350268,2.08161555,16.25733686,650.00000000,0.00000000,0.00000000,0.10000000,27.644100,-25.961809,9.844743,tracks_run_0242.dat.18-04-18_15h18m01s.3.csv,689
4095,242,3,921,1,c,35,6,top_left,-1620.86320000,1620.86320000,0.20961900,0.00776938,12.80272113,14.17572131,0.21628587,-67.13170660,26.18389400,-135.50000000,-13.00000000,290.50000000,302.01350268,2.08161555,16.25733686,650.00000000,0.00000000,0.00000000,0.10000000,8.989641,8.513248,-2.898306,tracks_run_0242.dat.18-04-18_15h18m01s.3.csv,690
4100,242,3,1022,0,r,63,9,top_left,-1091.52600000,1091.52600000,0.12913200,0.00808714,8.95645558,9.68716556,-0.02450132,-78.19436750,104.40512100,49.00000000,-12.75000000,290.50000000,203.26748623,1.85953348,11.54669905,650.00000000,0.00000000,0.00000000,0.10000000,18.125504,15.374822,9.717538,tracks_run_0242.dat.18-04-18_15h18m01s.3.csv,766
4100,242,3,1022,1,c,63,9,top_left,-1091.52600000,1091.52600000,0.12913200,0.00808714,8.95645558,9.68716556,-0.02450132,-78.19436750,104.40512100,49.00000000,-12.75000000,290.50000000,203.26748623,1.85953348,11.54669905,650.00000000,0.00000000,0.00000000,0.10000000,2.339145,-1.176465,-2.021906,tracks_run_0242.dat.18-04-18_15h18m01s.3.csv,767
4106,242,3,1172,0,r,37,5,top_left,-2196.73540000,2196.73540000,0.15591400,0.00610310,13.56280982,15.06868977,-4.55963795,-75.57209160,51.24580330,110.50000000,-74.25000000,290.50000000,265.48641933,1.76259167,16.83128144,650.00000000,0.00000000,0.00000000,0.10000000,26.366849,26.309156,-1.808964,tracks_run_0242.dat.18-04-18_15h18m01s.3.csv,877
4106,242,3,1172,1,c,37,5,top_left,-2196.73540000,2196.73540000,0.15591400,0.00610310,13.56280982,15.06868977,-4.55963795,-75.57209160,51.24580330,110.50000000,-74.25000000,290.50000000,265.48641933,1.76259167,16.83128144,650.00000000,0.00000000,0.00000000,0.10000000,4.789502,-4.722949,-0.796569,tracks_run_0242.dat.18-04-18_15h18m01s.3.csv,878
4107,242,3,1186,0,l,17,7,top_left,-722.65814000,722.65814000,0.20723500,0.00798853,5.98021123,6.24843567,-3.29363238,-65.89383650,108.53335300,-74.00000000,-12.75000000,290.50000000,202.32527870,2.43288940,8.68132507,650.00000000,0.00000000,0.00000000,0.10000000,21.533703,-20.082634,7.936779,tracks_run_0242.dat.18-04-18_15h18m01s.3.csv,893
4107,242,3,1186,1,r,17,7,top_left,-722.65814000,722.65814000,0.20723500,0.00798853,5.98021123,6.24843567,-3.29363238,-65.89383650,108.53335300,-74.00000000,-12.75000000,290.50000000,202.32527870,2.43288940,8.68132507,650.00000000,0.00000000,0.00000000,0.10000000,0.097075,-0.000000,0.097075,tracks_run_0242.dat.18-04-18_15h18m01s.3.csv,894
4107,242,3,1186,2,c,17,7,top_left,-722.65814000,722.65814000,0.20723500,0.00798853,5.98021123,6.24843567,-3.29363238,-65.89383650,108.53335300,-74.00000000,-12.75000000,290.50000000,202.32527870,2.43288940,8.68132507,650.00000000,0.00000000,0.00000000,0.10000000,1.701756,1.685525,0.234507,tracks_run_0242.dat.18-04-18_15h18m01s.3.csv,895
4129,242,3,1621,0,l,29,6,top_right,-928.64264000,928.64264000,0.22227000,0.00759729,7.27743744,7.74353817,1.81253720,-80.43318780,86.15297410,-110.50000000,-13.00000000,290.50000000,242.73246141,2.52815629,10.27169447,650.00000000,0.00000000,0.00000000,0.10000000,30.608901,-28.700233,11.124485,tracks_run_0242.dat.18-04-18_15h18m01s.3.csv,1189
4129,242,3,1621,1,c,29,6,top_right,-928.64264000,928.64264000,0.22227000,0.00759729,7.27743744,7.74353817,1.81253720,-80.43318780,86.15297410,-110.50000000,-13.00000000,290.50000000,242.73246141,2.52815629,10.27169447,650.00000000,0.00000000,0.00000000,0.10000000,0.830747,-0.000000,0.830747,tracks_run_0242.dat.18-04-18_15h18m01s.3.csv,1190
4134,242,3,1744,0,l,17,7,top_left,-448.74554000,448.74554000,0.20723500,0.00798853,3.79205221,3.73946442,-0.32327767,-75.20799730,108.92153000,-74.00000000,-12.75000000,290.50000000,205.66964192,3.18908681,6.92855123,650.00000000,0.00000000,0.00000000,0.10000000,22.395906,-20.209095,9.861204,tracks_run_0242.dat.18-04-18_15h18m01s.3.csv,1272
4134,242,3,1744,1,c,17,7,top_left,-448.74554000,448.74554000,0.20723500,0.00798853,3.79205221,3.73946442,-0.32327767,-75.20799730,108.92153000,-74.00000000,-12.75000000,290.50000000,205.66964192,3.18908681,6.92855123,650.00000000,0.00000000,0.00000000,0.10000000,1.066395,-0.398756,-0.989044,tracks_run_0242.dat.18-04-18_15h18m01s.3.csv,1273
4145,242,3,1906,0,r,54,9,bottom_right,-671.22700000,671.22700000,0.13288400,0.00794930,5.46866879,5.66043651,0.71309770,-72.01333740,108.89203400,74.00000000,-37.75000000,290.50000000,198.81247358,2.53049712,8.19093363,650.00000000,0.00000000,0.00000000,0.10000000,23.252714,22.372534,6.506455,tracks_run_0242.dat.18-04-18_15h18m01s.3.csv,1398
4145,242,3,1906,1,c,54,9,bottom_right,-671.22700000,671.22700000,0.13288400,0.00794930,5.46866879,5.66043651,0.71309770,-72.01333740,108.89203400,74.00000000,-37.75000000,290.50000000,198.81247358,2.53049712,8.19093363,650.00000000,0.00000000,0.00000000,0.10000000,1.536771,-1.131101,1.040392,tracks_run_0242.dat.18-04-18_15h18m01s.3.csv,1399
4157,242,4,111,0,l,27,2,top_left,-1603.40710000,1603.40710000,0.18526500,0.00800210,13.01588895,14.42595724,3.86251579,-66.93160600,48.77971340,-74.00000000,-74.25000000,290.50000000,254.05674014,1.74360125,16.16955849,650.00000000,0.00000000,0.00000000,0.10000000,19.724848,-18.990286,-5.434021,tracks_run_0242.dat.18-04-18_15h18m01s.4.csv,90
4157,242,4,111,1,c,27,2,top_left,-1603.40710000,1603.40710000,0.18526500,0.00800210,13.01588895,14.42595724,3.86251579,-66.93160600,48.77971340,-74.00000000,-74.25000000,290.50000000,254.05674014,1.74360125,16.16955849,650.00000000,0.00000000,0.00000000,0.10000000,15.449647,-2.605565,15.233626,tracks_run_0242.dat.18-04-18_15h18m01s.4.csv,91
4170,242,4,314,0,l,33,2,bottom_left,-1430.98060000,1430.98060000,0.17892400,0.00797561,11.59186718,12.75724127,3.90003225,-73.21215820,48.75227090,-74.00000000,-99.25000000,290.50000000,255.32009078,1.91098596,14.66822723,650.00000000,0.00000000,0.00000000,0.10000000,18.297889,-16.802308,-7.352238,tracks_run_0242.dat.18-04-18_15h18m01s.4.csv,238
4170,242,4,314,1,c,33,2,bottom_left,-1430.98060000,1430.98060000,0.17892400,0.00797561,11.59186718,12.75724127,3.90003225,-73.21215820,48.75227090,-74.00000000,-99.25000000,290.50000000,255.32009078,1.91098596,14.66822723,650.00000000,0.00000000,0.00000000,0.10000000,0.986629,0.848014,-0.504309,tracks_run_0242.dat.18-04-18_15h18m01s.4.csv,239
4172,242,4,352,0,l,48,6,bottom_right,-447.06494000,447.06494000,0.19111700,0.00777749,3.66816010,3.59789509,2.32012081,-65.46465220,112.31552700,-110.50000000,-38.00000000,290.50000000,212.67908500,3.33103341,6.92892850,650.00000000,0.00000000,0.00000000,0.10000000,32.085223,-31.980740,2.736468,tracks_run_0242.dat.18-04-18_15h18m01s.4.csv,271
4172,242,4,352,1,c,48,6,bottom_right,-447.06494000,447.06494000,0.19111700,0.00777749,3.66816010,3.59789509,2.32012081,-65.46465220,112.31552700,-110.50000000,-38.00000000,290.50000000,212.67908500,3.33103341,6.92892850,650.00000000,0.00000000,0.00000000,0.10000000,4.962650,1.650873,4.680661,tracks_run_0242.dat.18-04-18_15h18m01s.4.csv,272
4187,242,4,699,0,l,17,7,top_left,-620.68787000,620.68787000,0.20723500,0.00798853,5.16561867,5.31251124,0.89119568,-72.52301100,114.35513300,-74.00000000,-12.75000000,290.50000000,200.52061790,2.63833759,7.95084883,650.00000000,0.00000000,0.00000000,0.10000000,23.520750,-20.824559,11.186442,tracks_run_0242.dat.18-04-18_15h18m01s.4.csv,543
4187,242,4,699,1,c,17,7,top_left,-620.68787000,620.68787000,0.20723500,0.00798853,5.16561867,5.31251124,0.89119568,-72.52301100,114.35513300,-74.00000000,-12.75000000,290.50000000,200.52061790,2.63833759,7.95084883,650.00000000,0.00000000,0.00000000,0.10000000,1.158761,1.116592,-0.309778,tracks_run_0242.dat.18-04-18_15h18m01s.4.csv,544
4204,242,4,1007,0,r,31,5,top_right,-2411.31080000,2411.31080000,0.16255800,0.00607500,14.81127111,16.53967173,2.98323729,-78.05440870,22.46027280,135.50000000,-74.25000000,290.50000000,299.03254218,1.84663081,18.38630254,650.00000000,0.00000000,0.00000000,0.10000000,23.768952,23.637127,-2.574848,tracks_run_0242.dat.18-04-18_15h18m01s.4.csv,769
4204,242,4,1007,1,c,31,5,top_right,-2411.31080000,2411.31080000,0.16255800,0.00607500,14.81127111,16.53967173,2.98323729,-78.05440870,22.46027280,135.50000000,-74.25000000,290.50000000,299.03254218,1.84663081,18.38630254,650.00000000,0.00000000,0.00000000,0.10000000,9.325572,-8.920189,2.730725,tracks_run_0242.dat.18-04-18_15h18m01s.4.csv,770
4239,242,4,1579,0,r,59,9,top_right,-1824.23350000,1824.23350000,0.14848600,0.00807829,14.88517324,16.62691201,0.42245981,-77.72522400,24.78464460,74.00000000,-12.75000000,290.50000000,283.26680753,1.74627013,18.37318214,650.00000000,0.00000000,0.00000000,0.10000000,17.933433,15.544902,9.054779,tracks_run_0242.dat.18-04-18_15h18m01s.4.csv,1176
4239,242,4,1579,1,c,59,9,top_right,-1824.23350000,1824.23350000,0.14848600,0.00807829,14.88517324,16.62691201,0.42245981,-77.72522400,24.78464460,74.00000000,-12.75000000,290.50000000,283.26680753,1.74627013,18.37318214,650.00000000,0.00000000,0.00000000,0.10000000,8.775324,-6.975542,-5.337519,tracks_run_0242.dat.18-04-18_15h18m01s.4.csv,1177
4241,242,4,1623,0,l,41,6,bottom_left,-444.56650000,444.56650000,0.32119500,0.00785352,3.81260690,3.76295695,-3.02381746,-75.74507690,101.76681400,-135.50000000,-38.00000000,290.50000000,233.65539854,3.52913492,7.29209187,650.00000000,0.00000000,0.00000000,0.10000000,32.957016,-32.203972,7.415650,tracks_run_0242.dat.18-04-18_15h18m01s.4.csv,1207
4241,242,4,1623,1,c,41,6,bottom_left,-444.56650000,444.56650000,0.32119500,0.00785352,3.81260690,3.76295695,-3.02381746,-75.74507690,101.76681400,-135.50000000,-38.00000000,290.50000000,233.65539854,3.52913492,7.29209187,650.00000000,0.00000000,0.00000000,0.10000000,0.572611,-0.004937,0.572589,tracks_run_0242.dat.18-04-18_15h18m01s.4.csv,1208
4242,242,4,1626,0,r,31,5,top_right,-423.89770000,423.89770000,0.16255800,0.00607500,2.73773653,2.53638412,2.56580119,-62.10179440,117.87637900,135.50000000,-74.25000000,290.50000000,218.21547754,3.85906900,6.39545312,650.00000000,0.00000000,0.00000000,0.10000000,36.269561,35.278427,-9.027656,tracks_run_0242.dat.18-04-18_15h18m01s.4.csv,1210
4242,242,4,1626,1,c,31,5,top_right,-423.89770000,423.89770000,0.16255800,0.00607500,2.73773653,2.53638412,2.56580119,-62.10179440,117.87637900,135.50000000,-74.25000000,290.50000000,218.21547754,3.85906900,6.39545312,650.00000000,0.00000000,0.00000000,0.10000000,2.442650,-0.178160,2.436148,tracks_run_0242.dat.18-04-18_15h18m01s.4.csv,1211
4248,242,4,1721,0,l,41,6,bottom_left,-493.85373000,493.85373000,0.32119500,0.00785352,4.19968515,4.20562772,-3.06444533,-64.59726150,88.05717630,-135.50000000,-38.00000000,290.50000000,243.37150065,3.48043494,7.68606266,650.00000000,0.00000000,0.00000000,0.10000000,34.938362,-34.733656,4.038786,tracks_run_0242.dat.18-04-18_15h18m01s.4.csv,1286
4248,242,4,1721,1,c,41,6,bottom_left,-493.85373000,493.85373000,0.32119500,0.00785352,4.19968515,4.20562772,-3.06444533,-64.59726150,88.05717630,-135.50000000,-38.00000000,290.50000000,243.37150065,3.48043494,7.68606266,650.00000000,0.00000000,0.00000000,0.10000000,3.428026,3.123292,1.413645,tracks_run_0242.dat.18-04-18_15h18m01s.4.csv,1287
4262,242,4,1860,0,l,41,6,bottom_left,-1197.17980000,1197.17980000,0.32119500,0.00785352,9.72327050,10.57801705,-7.81192197,-80.13785050,44.07261250,-135.50000000,-38.00000000,290.50000000,280.72459997,2.37059372,12.94861077,650.00000000,0.00000000,0.00000000,0.10000000,26.221901,-25.864742,4.469870,tracks_run_0242.dat.18-04-18_15h18m01s.4.csv,1399
4262,242,4,1860,1,c,41,6,bottom_left,-1197.17980000,1197.17980000,0.32119500,0.00785352,9.72327050,10.57801705,-7.81192197,-80.13785050,44.07261250,-135.50000000,-38.00000000,290.50000000,280.72459997,2.37059372,12.94861077,650.00000000,0.00000000,0.00000000,0.10000000,0.712651,-0.586507,0.404830,tracks_run_0242.dat.18-04-18_15h18m01s.4.csv,1400
4265,242,4,1871,0,l,48,6,bottom_right,-655.82110000,655.82110000,0.19111700,0.00777749,5.29175905,5.45729234,2.50408931,-83.14359660,85.87052620,-110.50000000,-38.00000000,290.50000000,238.07790755,3.01815025,8.47544258,650.00000000,0.00000000,0.00000000,0.10000000,28.647892,-27.759665,7.377987,tracks_run_0242.dat.18-04-18_15h18m01s.4.csv,1410
4265,242,4,1871,1,c,48,6,bottom_right,-655.82110000,655.82110000,0.19111700,0.00777749,5.29175905,5.45729234,2.50408931,-83.14359660,85.87052620,-110.50000000,-38.00000000,290.50000000,238.07790755,3.01815025,8.47544258,650.00000000,0.00000000,0.00000000,0.10000000,2.279307,2.034269,-1.028317,tracks_run_0242.dat.18-04-18_15h18m01s.4.csv,1411
4276,242,4,2017,0,r,63,9,top_left,-1767.08890000,1767.08890000,0.12913200,0.00808714,14.41982733,16.07788829,0.61429906,-77.82865830,37.69272580,49.00000000,-12.75000000,290.50000000,265.49562277,1.68154154,17.75942984,650.00000000,0.00000000,0.00000000,0.10000000,14.411940,10.632599,9.785486,tracks_run_0242.dat.18-04-18_15h18m01s.4.csv,1532
4276,242,4,2017,1,c,63,9,top_left,-1767.08890000,1767.08890000,0.12913200,0.00808714,14.41982733,16.07788829,0.61429906,-77.82865830,37.69272580,49.00000000,-12.75000000,290.50000000,265.49562277,1.68154154,17.75942984,650.00000000,0.00000000,0.00000000,0.10000000,0.242436,0.000000,0.242436,tracks_run_0242.dat.18-04-18_15h18m01s.4.csv,1533
4281,242,4,2181,0,l,27,2,top_left,-290.20105000,290.20105000,0.18526500,0.00800210,2.50748282,2.27414429,-1.04009570,-75.10260130,110.00222600,-74.00000000,-74.25000000,290.50000000,194.68775253,3.65896359,5.93310788,650.00000000,0.00000000,0.00000000,0.10000000,25.979294,-25.159528,-6.696603,tracks_run_0242.dat.18-04-18_15h18m01s.4.csv,1646
4281,242,4,2181,1,c,27,2,top_left,-290.20105000,290.20105000,0.18526500,0.00800210,2.50748282,2.27414429,-1.04009570,-75.10260130,110.00222600,-74.00000000,-74.25000000,290.50000000,194.68775253,3.65896359,5.93310788,650.00000000,0.00000000,0.00000000,0.10000000,1.139847,0.208381,1.120640,tracks_run_0242.dat.18-04-18_15h18m01s.4.csv,1647
4282,242,4,2184,0,r,37,5,top_left,-2042.92750000,2042.92750000,0.15591400,0.00610310,12.62410483,13.96616409,-1.50981144,-70.90739580,30.15099530,110.50000000,-74.25000000,290.50000000,283.44130805,1.98052049,15.94668458,650.00000000,0.00000000,0.00000000,0.10000000,24.641593,24.047123,-5.547393,tracks_run_0242.dat.18-04-18_15h18m01s.4.csv,1648
4282,242,4,2184,1,c,37,5,top_left,-2042.92750000,2042.92750000,0.15591400,0.00610310,12.62410483,13.96616409,-1.50981144,-70.90739580,30.15099530,110.50000000,-74.25000000,290.50000000,283.44130805,1.98052049,15.94668458,650.00000000,0.00000000,0.00000000,0.10000000,1.597804,-0.803689,1.381010,tracks_run_0242.dat.18-04-18_15h18m01s.4.csv,1649
4284,242,4,2232,0,r,43,5,bottom_left,-288.65555000,288.65555000,0.13795300,0.00607733,1.89220803,1.57428185,2.83727684,-71.71700740,124.18634400,110.50000000,-99.25000000,290.50000000,200.02389810,4.10513102,5.67941286,650.00000000,0.00000000,0.00000000,0.10000000,33.510162,31.833209,-11.066918,tracks_run_0242.dat.18-04-18_15h18m01s.4.csv,1682
4284,242,4,2232,1,c,43,5,bottom_left,-288.65555000,288.65555000,0.13795300,0.00607733,1.89220803,1.57428185,2.83727684,-71.71700740,124.18634400,110.50000000,-99.25000000,290.50000000,200.02389810,4.10513102,5.67941286,650.00000000,0.00000000,0.00000000,0.10000000,1.525814,-0.030907,1.525501,tracks_run_0242.dat.18-04-18_15h18m01s.4.csv,1683
4286,242,4,2299,0,l,48,6,bottom_right,-460.37220000,460.37220000,0.19111700,0.00777749,3.77165718,3.71615579,-5.74917168,-74.89021850,95.11796270,-110.50000000,-38.00000000,290.50000000,224.73932623,3.43719384,7.15334963,650.00000000,0.00000000,0.00000000,0.10000000,26.643686,-26.000321,6.033656,tracks_run_0242.dat.18-04-18_15h18m01s.4.csv,1738
4286,242,4,2299,1,c,48,6,bottom_right,-460.37220000,460.37220000,0.19111700,0.00777749,3.77165718,3.71615579,-5.74917168,-74.89021850,95.11796270,-110.50000000,-38.00000000,290.50000000,224.73932623,3.43719384,7.15334963,650.00000000,0.00000000,0.00000000,0.10000000,1.433973,1.305489,-0.593328,tracks_run_0242.dat.18-04-18_15h18m01s.4.csv,1739
4297,242,4,2457,0,l,4,7,bottom_right,-1353.64540000,1353.64540000,0.17915400,0.00826490,11.36689787,12.49424541,4.17885847,-79.22314950,76.61878230,-49.00000000,-37.75000000,290.50000000,224.26142870,1.71421829,14.20846370,650.00000000,0.00000000,0.00000000,0.10000000,14.134729,-13.703394,3.498848,tracks_run_0242.dat.18-04-18_15h18m01s.4.csv,1865
4297,242,4,2457,1,c,4,7,bottom_right,-1353.64540000,1353.64540000,0.17915400,0.00826490,11.36689787,12.49424541,4.17885847,-79.22314950,76.61878230,-49.00000000,-37.75000000,290.50000000,224.26142870,1.71421829,14.20846370,650.00000000,0.00000000,0.00000000,0.10000000,3.568316,3.464396,-0.855413,tracks_run_0242.dat.18-04-18_15h18m01s.4.csv,1866
4302,242,4,2542,0,l,48,6,bottom_right,-551.94165000,551.94165000,0.19111700,0.00777749,4.48383766,4.53091472,-9.25501563,-77.82110160,92.10201820,-110.50000000,-38.00000000,290.50000000,226.26980836,3.16737661,7.69829133,650.00000000,0.00000000,0.00000000,0.10000000,26.474032,-25.911765,5.625249,tracks_run_0242.dat.18-04-18_15h18m01s.4.csv,1932
4302,242,4,2542,1,c,48,6,bottom_right,-551.94165000,551.94165000,0.19111700,0.00777749,4.48383766,4.53091472,-9.25501563,-77.82110160,92.10201820,-110.50000000,-38.00000000,290.50000000,226.26980836,3.16737661,7.69829133,650.00000000,0.00000000,0.00000000,0.10000000,0.659728,0.256355,0.607886,tracks_run_0242.dat.18-04-18_15h18m01s.4.csv,1933
4309,242,4,2611,0,r,18,10,bottom_left,-347.15234000,347.15234000,0.21264900,0.00771957,2.89251579,2.71276614,0.32697562,-77.47763130,101.06736900,110.50000000,-38.00000000,290.50000000,222.66858863,3.83510678,6.54787292,650.00000000,0.00000000,0.00000000,0.10000000,31.771622,29.990970,11.013112,tracks_run_0242.dat.18-04-18_15h18m01s.4.csv,1997
4309,242,4,2611,1,c,18,10,bottom_left,-347.15234000,347.15234000,0.21264900,0.00771957,2.89251579,2.71276614,0.32697562,-77.47763130,101.06736900,110.50000000,-38.00000000,290.50000000,222.66858863,3.83510678,6.54787292,650.00000000,0.00000000,0.00000000,0.10000000,0.887540,-0.284384,-0.840749,tracks_run_0242.dat.18-04-18_15h18m01s.4.csv,1998
4319,242,4,2797,0,l,27,2,top_left,-1809.98940000,1809.98940000,0.18526500,0.00800210,14.66898118,16.37175305,-1.32267611,-66.81724060,31.80952540,-74.00000000,-74.25000000,290.50000000,268.80848381,1.67926361,18.05101665,650.00000000,0.00000000,0.00000000,0.10000000,17.170673,-15.695682,-7.051884,tracks_run_0242.dat.18-04-18_15h18m01s.4.csv,2128
4319,242,4,2797,1,c,27,2,top_left,-1809.98940000,1809.98940000,0.18526500,0.00800210,14.66898118,16.37175305,-1.32267611,-66.81724060,31.80952540,-74.00000000,-74.25000000,290.50000000,268.80848381,1.67926361,18.05101665,650.00000000,0.00000000,0.00000000,0.10000000,9.018532,6.999150,5.701560,tracks_run_0242.dat.18-04-18_15h18m01s.4.csv,2129
4329,242,4,2918,0,r,63,9,top_left,-284.58777000,284.58777000,0.12913200,0.00808714,2.43063314,2.18665901,-2.88128375,-75.69329070,108.19124600,49.00000000,-12.75000000,290.50000000,199.72482878,3.77399474,5.96065375,650.00000000,0.00000000,0.00000000,0.10000000,23.830377,21.200040,11.143542,tracks_run_0242.dat.18-04-18_15h18m01s.4.csv,2226
4329,242,4,2918,1,c,63,9,top_left,-284.58777000,284.58777000,0.12913200,0.00808714,2.43063314,2.18665901,-2.88128375,-75.69329070,108.19124600,49.00000000,-12.75000000,290.50000000,199.72482878,3.77399474,5.96065375,650.00000000,0.00000000,0.00000000,0.10000000,1.744302,-1.743868,0.038921,tracks_run_0242.dat.18-04-18_15h18m01s.4.csv,2227
4331,242,5,13,0,l,48,6,bottom_right,-1375.98300000,1375.98300000,0.19111700,0.00777749,10.89281102,11.94058712,-1.59742658,-82.16168720,46.87532560,-110.50000000,-38.00000000,290.50000000,270.48661167,2.11200017,14.05258729,650.00000000,0.00000000,0.00000000,0.10000000,25.962479,-24.816855,7.881146,tracks_run_0242.dat.18-04-18_15h18m01s.5.csv,11
4331,242,5,13,1,c,48,6,bottom_right,-1375.98300000,1375.98300000,0.19111700,0.00777749,10.89281102,11.94058712,-1.59742658,-82.16168720,46.87532560,-110.50000000,-38.00000000,290.50000000,270.48661167,2.11200017,14.05258729,650.00000000,0.00000000,0.00000000,0.10000000,5.572654,4.666787,-3.048957,tracks_run_0242.dat.18-04-18_15h18m01s.5.csv,12
4335,242,5,62,0,l,46,2,top_right,-1292.50870000,1292.50870000,0.13780700,0.00799780,10.47503308,11.45332212,-7.10174223,-72.08584180,69.95758270,-49.00000000,-74.25000000,290.50000000,224.49745079,1.82290889,13.27623101,650.00000000,0.00000000,0.00000000,0.10000000,9.963528,-9.735663,-2.128961,tracks_run_0242.dat.18-04-18_15h18m01s.5.csv,44
4335,242,5,62,1,c,46,2,top_right,-1292.50870000,1292.50870000,0.13780700,0.00799780,10.47503308,11.45332212,-7.10174223,-72.08584180,69.95758270,-49.00000000,-74.25000000,290.50000000,224.49745079,1.82290889,13.27623101,650.00000000,0.00000000,0.00000000,0.10000000,4.253576,1.752982,-3.876165,tracks_run_0242.dat.18-04-18_15h18m01s.5.csv,45
4337,242,5,77,0,l,29,6,top_right,-315.59515000,315.59515000,0.22227000,0.00759729,2.61993788,2.40219873,-1.28548586,-78.83892170,107.04620900,-110.50000000,-13.00000000,290.50000000,223.42306761,3.99504075,6.39723947,650.00000000,0.00000000,0.00000000,0.10000000,34.611951,-30.966624,16.296101,tracks_run_0242.dat.18-04-18_15h18m01s.5.csv,55
4337,242,5,77,1,c,29,6,top_right,-315.59515000,315.59515000,0.22227000,0.00759729,2.61993788,2.40219873,-1.28548586,-78.83892170,107.04620900,-110.50000000,-13.00000000,290.50000000,223.42306761,3.99504075,6.39723947,650.00000000,0.00000000,0.00000000,0.10000000,2.141978,1.246365,-1.742160,tracks_run_0242.dat.18-04-18_15h18m01s.5.csv,56
4344,242,5,157,0,l,17,7,top_left,-485.79678000,485.79678000,0.20723500,0.00798853,4.08803715,4.07789246,4.46980151,-76.38314690,106.18183400,-74.00000000,-12.75000000,290.50000000,210.19008885,3.12571924,7.20361170,650.00000000,0.00000000,0.00000000,0.10000000,24.812762,-22.015043,11.742351,tracks_run_0242.dat.18-04-18_15h18m01s.5.csv,114
4344,242,5,157,1,c,17,7,top_left,-485.79678000,485.79678000,0.20723500,0.00798853,4.08803715,4.07789246,4.46980151,-76.38314690,106.18183400,-74.00000000,-12.75000000,290.50000000,210.19008885,3.12571924,7.20361170,650.00000000,0.00000000,0.00000000,0.10000000,2.453354,2.349230,-0.707351,tracks_run_0242.dat.18-04-18_15h18m01s.5.csv,115
4347,242,5,227,0,r,37,5,top_left,-1193.14500000,1193.14500000,0.15591400,0.00610310,7.43779725,7.92875630,-1.47312730,-68.38558150,78.59216470,110.50000000,-74.25000000,290.50000000,239.74424561,2.46460139,10.39335769,650.00000000,0.00000000,0.00000000,0.10000000,25.067822,24.656044,-4.673425,tracks_run_0242.dat.18-04-18_15h18m01s.5.csv,170
4347,242,5,227,1,c,37,5,top_left,-1193.14500000,1193.14500000,0.15591400,0.00610310,7.43779725,7.92875630,-1.47312730,-68.38558150,78.59216470,110.50000000,-74.25000000,290.50000000,239.74424561,2.46460139,10.39335769,650.00000000,0.00000000,0.00000000,0.10000000,2.011744,-0.699319,1.886331,tracks_run_0242.dat.18-04-18_15h18m01s.5.csv,171
4356,242,5,315,0,r,67,9,bottom_left,-803.34924000,803.34924000,0.14348100,0.00802875,6.59337121,6.95441279,3.86000464,-68.65297930,116.05291400,49.00000000,-37.75000000,290.50000000,182.82340967,2.08641548,9.04082827,650.00000000,0.00000000,0.00000000,0.10000000,14.832156,13.516763,6.164257,tracks_run_0242.dat.18-04-18_15h18m01s.5.csv,245
4356,242,5,315,1,c,67,9,bottom_left,-803.34924000,803.34924000,0.14348100,0.00802875,6.59337121,6.95441279,3.86000464,-68.65297930,116.05291400,49.00000000,-37.75000000,290.50000000,182.82340967,2.08641548,9.04082827,650.00000000,0.00000000,0.00000000,0.10000000,0.816828,-0.588499,0.566470,tracks_run_0242.dat.18-04-18_15h18m01s.5.csv,246
4359,242,5,366,0,l,27,2,top_left,-1661.56920000,1661.56920000,0.18526500,0.00800210,13.48130790,14.97284555,0.89762323,-75.40747240,51.87512930,-74.00000000,-74.25000000,290.50000000,250.10562294,1.67221223,16.64505778,650.00000000,0.00000000,0.00000000,0.10000000,18.213499,-18.145753,-1.596558,tracks_run_0242.dat.18-04-18_15h18m01s.5.csv,290
4359,242,5,366,1,c,27,2,top_left,-1661.56920000,1661.56920000,0.18526500,0.00800210,13.48130790,14.97284555,0.89762323,-75.40747240,51.87512930,-74.00000000,-74.25000000,290.50000000,250.10562294,1.67221223,16.64505778,650.00000000,0.00000000,0.00000000,0.10000000,1.670373,-1.530612,-0.668939,tracks_run_0242.dat.18-04-18_15h18m01s.5.csv,291
4385,242,5,791,0,r,63,9,top_left,-861.15607000,861.15607000,0.12913200,0.00808714,7.09342170,7.53110479,-5.46725169,-76.93344970,89.17399180,49.00000000,-12.75000000,290.50000000,218.21631080,2.33574645,9.86685124,650.00000000,0.00000000,0.00000000,0.10000000,16.744821,13.532746,9.955266,tracks_run_0242.dat.18-04-18_15h18m01s.5.csv,621
4385,242,5,791,1,c,63,9,top_left,-861.15607000,861.15607000,0.12913200,0.00808714,7.09342170,7.53110479,-5.46725169,-76.93344970,89.17399180,49.00000000,-12.75000000,290.50000000,218.21631080,2.33574645,9.86685124,650.00000000,0.00000000,0.00000000,0.10000000,17.239898,-1.063741,17.208044,tracks_run_0242.dat.18-04-18_15h18m01s.5.csv,622
4419,242,5,1448,0,r,37,5,top_left,-362.88742000,362.88742000,0.15591400,0.00610310,2.37065221,2.11839099,1.38827872,-57.82186010,87.63439660,110.50000000,-74.25000000,290.50000000,230.93225098,4.24301261,6.36140359,650.00000000,0.00000000,0.00000000,0.10000000,30.184691,28.362749,-10.786779,tracks_run_0242.dat.18-04-18_15h18m01s.5.csv,1107
4419,242,5,1448,1,c,37,5,top_left,-362.88742000,362.88742000,0.15591400,0.00610310,2.37065221,2.11839099,1.38827872,-57.82186010,87.63439660,110.50000000,-74.25000000,290.50000000,230.93225098,4.24301261,6.36140359,650.00000000,0.00000000,0.00000000,0.10000000,4.537857,-0.205262,4.533222,tracks_run_0242.dat.18-04-18_15h18m01s.5.csv,1108
4428,242,0,68,0,l,48,6,bottom_right,-616.63070000,616.63070000,0.19111700,0.00777749,4.98695610,5.10753894,5.69759071,-78.77739350,93.51251100,-110.50000000,-38.00000000,290.50000000,232.31174471,3.05590450,8.16344344,650.00000000,0.00000000,0.00000000,0.10000000,32.768546,-32.074011,7.100752,tracks_run_0242.dat.18-04-18_15h18m01s.csv,50
4428,242,0,68,1,c,48,6,bottom_right,-616.63070000,616.63070000,0.19111700,0.00777749,4.98695610,5.10753894,5.69759071,-78.77739350,93.51251100,-110.50000000,-38.00000000,290.50000000,232.31174471,3.05590450,8.16344344,650.00000000,0.00000000,0.00000000,0.10000000,0.504611,0.371668,0.341316,tracks_run_0242.dat.18-04-18_15h18m01s.csv,51
4431,242,0,124,0,r,37,5,top_left,-1731.31460000,1731.31460000,0.15591400,0.00610310,10.72230014,11.74164428,-3.41964664,-79.06033670,38.21464360,110.50000000,-74.25000000,290.50000000,276.85506368,2.18340124,13.92504551,650.00000000,0.00000000,0.00000000,0.10000000,21.418163,21.373783,-1.411526,tracks_run_0242.dat.18-04-18_15h18m01s.csv,98
4431,242,0,124,1,c,37,5,top_left,-1731.31460000,1731.31460000,0.15591400,0.00610310,10.72230014,11.74164428,-3.41964664,-79.06033670,38.21464360,110.50000000,-74.25000000,290.50000000,276.85506368,2.18340124,13.92504551,650.00000000,0.00000000,0.00000000,0.10000000,0.955979,-0.886030,0.358966,tracks_run_0242.dat.18-04-18_15h18m01s.csv,99
4449,242,0,347,0,r,31,5,top_right,-347.13098000,347.13098000,0.16255800,0.00607500,2.27137870,2.00542851,-6.31490612,-74.25539850,105.62067600,135.50000000,-74.25000000,290.50000000,233.00607732,4.33217150,6.33760001,650.00000000,0.00000000,0.00000000,0.10000000,35.611616,34.799725,-8.088670,tracks_run_0242.dat.18-04-18_15h18m01s.csv,263
4449,242,0,347,1,c,31,5,top_right,-347.13098000,347.13098000,0.16255800,0.00607500,2.27137870,2.00542851,-6.31490612,-74.25539850,105.62067600,135.50000000,-74.25000000,290.50000000,233.00607732,4.33217150,6.33760001,650.00000000,0.00000000,0.00000000,0.10000000,1.255162,0.514211,1.145012,tracks_run_0242.dat.18-04-18_15h18m01s.csv,264
4460,242,0,518,0,l,27,2,top_left,-1559.67910000,1559.67910000,0.18526500,0.00800210,12.66597313,14.01527532,0.81321653,-73.10229150,57.44987480,-74.00000000,-74.25000000,290.50000000,244.76661426,1.71778197,15.73305729,650.00000000,0.00000000,0.00000000,0.10000000,19.908444,-19.393056,-4.589832,tracks_run_0242.dat.18-04-18_15h18m01s.csv,398
4460,242,0,518,1,c,27,2,top_left,-1559.67910000,1559.67910000,0.18526500,0.00800210,12.66597313,14.01527532,0.81321653,-73.10229150,57.44987480,-74.00000000,-74.25000000,290.50000000,244.76661426,1.71778197,15.73305729,650.00000000,0.00000000,0.00000000,0.10000000,4.756975,3.991836,2.589385,tracks_run_0242.dat.18-04-18_15h18m01s.csv,399
4472,242,0,657,0,r,59,9,top_right,-1902.89700000,1902.89700000,0.14848600,0.00807829,15.52063981,17.37783642,-2.82755294,-70.78424970,28.00915190,74.00000000,-12.75000000,290.50000000,279.59236822,1.67038629,19.04822271,650.00000000,0.00000000,0.00000000,0.10000000,18.028013,15.864169,8.676047,tracks_run_0242.dat.18-04-18_15h18m01s.csv,507
4472,242,0,657,1,c,59,9,top_right,-1902.89700000,1902.89700000,0.14848600,0.00807829,15.52063981,17.37783642,-2.82755294,-70.78424970,28.00915190,74.00000000,-12.75000000,290.50000000,279.59236822,1.67038629,19.04822271,650.00000000,0.00000000,0.00000000,0.10000000,7.159912,-6.169451,-3.640534,tracks_run_0242.dat.18-04-18_15h18m01s.csv,508
4474,242,0,677,0,r,31,5,top_right,-307.74445000,307.74445000,0.16255800,0.00607500,2.03210553,1.73329932,-0.85856010,-74.34062890,117.54376500,135.50000000,-74.25000000,290.50000000,220.24423795,4.30678376,6.04008309,650.00000000,0.00000000,0.00000000,0.10000000,35.927372,35.704270,-4.293248,tracks_run_0242.dat.18-04-18_15h18m01s.csv,528
4474,242,0,677,1,c,31,5,top_right,-307.74445000,307.74445000,0.16255800,0.00607500,2.03210553,1.73329932,-0.85856010,-74.34062890,117.54376500,135.50000000,-74.25000000,290.50000000,220.24423795,4.30678376,6.04008309,650.00000000,0.00000000,0.00000000,0.10000000,1.057211,-0.951085,-0.461683,tracks_run_0242.dat.18-04-18_15h18m01s.csv,529
4493,242,0,1034,0,l,27,2,top_left,-268.24365000,268.24365000,0.18526500,0.00800210,2.33177751,2.07415181,3.61845974,-76.70735780,132.70595700,-74.00000000,-74.25000000,290.50000000,175.86820038,3.48075591,5.55490772,650.00000000,0.00000000,0.00000000,0.10000000,25.323745,-24.848635,-5.045244,tracks_run_0242.dat.18-04-18_15h18m01s.csv,789
4493,242,0,1034,1,c,27,2,top_left,-268.24365000,268.24365000,0.18526500,0.00800210,2.33177751,2.07415181,3.61845974,-76.70735780,132.70595700,-74.00000000,-74.25000000,290.50000000,175.86820038,3.48075591,5.55490772,650.00000000,0.00000000,0.00000000,0.10000000,0.868345,0.812781,0.305641,tracks_run_0242.dat.18-04-18_15h18m01s.csv,790
4498,242,0,1117,0,l,48,6,bottom_right,-1139.41100000,1139.41100000,0.19111700,0.00777749,9.05287466,9.79907108,2.00063168,-68.95074370,68.56992070,-110.50000000,-38.00000000,290.50000000,250.73352541,2.24379433,12.04286541,650.00000000,0.00000000,0.00000000,0.10000000,25.716936,-25.206259,5.274937,tracks_run_0242.dat.18-04-18_15h18m01s.csv,846
4498,242,0,1117,1,c,48,6,bottom_right,-1139.41100000,1139.41100000,0.19111700,0.00777749,9.05287466,9.79907108,2.00063168,-68.95074370,68.56992070,-110.50000000,-38.00000000,290.50000000,250.73352541,2.24379433,12.04286541,650.00000000,0.00000000,0.00000000,0.10000000,2.711089,0.000000,2.711089,tracks_run_0242.dat.18-04-18_15h18m01s.csv,847
4502,242,0,1191,0,r,67,9,bottom_left,-484.62560000,484.62560000,0.14348100,0.00802875,4.03441879,4.01656334,7.01306457,-69.72781590,128.04616500,49.00000000,-37.75000000,290.50000000,170.81197839,2.64555711,6.66212045,650.00000000,0.00000000,0.00000000,0.10000000,18.026697,17.953775,1.647166,tracks_run_0242.dat.18-04-18_15h18m01s.csv,905
4502,242,0,1191,1,c,67,9,bottom_left,-484.62560000,484.62560000,0.14348100,0.00802875,4.03441879,4.01656334,7.01306457,-69.72781590,128.04616500,49.00000000,-37.75000000,290.50000000,170.81197839,2.64555711,6.66212045,650.00000000,0.00000000,0.00000000,0.10000000,1.037122,-0.719192,0.747270,tracks_run_0242.dat.18-04-18_15h18m01s.csv,906
4507,242,0,1237,0,l,17,7,top_left,-1383.11430000,1383.11430000,0.20723500,0.00798853,11.25628508,12.36499886,4.11109748,-75.63783680,57.18730600,-74.00000000,-12.75000000,290.50000000,253.95085499,1.94296713,14.30796599,650.00000000,0.00000000,0.00000000,0.10000000,21.080187,-18.103032,10.986716,tracks_run_0242.dat.18-04-18_15h18m01s.csv,937
4507,242,0,1237,1,c,17,7,top_left,-1383.11430000,1383.11430000,0.20723500,0.00798853,11.25628508,12.36499886,4.11109748,-75.63783680,57.18730600,-74.00000000,-12.75000000,290.50000000,253.95085499,1.94296713,14.30796599,650.00000000,0.00000000,0.00000000,0.10000000,1.320224,0.681118,-1.130987,tracks_run_0242.dat.18-04-18_15h18m01s.csv,938
4520,242,0,1466,0,r,37,5,top_left,-450.86316000,450.86316000,0.15591400,0.00610310,2.90757695,2.72993376,0.97686112,-64.59772270,114.96933100,110.50000000,-74.25000000,290.50000000,207.12194516,3.61854607,6.34847983,650.00000000,0.00000000,0.00000000,0.10000000,31.228864,30.571463,-6.706974,tracks_run_0242.dat.18-04-18_15h18m01s.csv,1120
4520,242,0,1466,1,c,37,5,top_left,-450.86316000,450.86316000,0.15591400,0.00610310,2.90757695,2.72993376,0.97686112,-64.59772270,114.96933100,110.50000000,-74.25000000,290.50000000,207.12194516,3.61854607,6.34847983,650.00000000,0.00000000,0.00000000,0.10000000,8.057563,-0.536057,-8.039830,tracks_run_0242.dat.18-04-18_15h18m01s.csv,1121
4528,242,0,1593,0,l,33,2,bottom_left,-399.89258000,399.89258000,0.17892400,0.00797561,3.36831126,3.25547911,6.87472170,-68.58709980,117.53372100,-74.00000000,-99.25000000,290.50000000,193.38631733,3.21178200,6.46726111,650.00000000,0.00000000,0.00000000,0.10000000,29.157383,-26.565051,-12.482522,tracks_run_0242.dat.18-04-18_15h18m01s.csv,1210
4528,242,0,1593,1,c,33,2,bottom_left,-399.89258000,399.89258000,0.17892400,0.00797561,3.36831126,3.25547911,6.87472170,-68.58709980,117.53372100,-74.00000000,-99.25000000,290.50000000,193.38631733,3.21178200,6.46726111,650.00000000,0.00000000,0.00000000,0.10000000,2.118881,1.146147,1.782254,tracks_run_0242.dat.18-04-18_15h18m01s.csv,1211
4566,245,1,377,0,l,41,6,bottom_left,-782.85800000,782.85800000,0.32119500,0.00785352,6.46938596,6.81155616,-3.52768765,-70.28473390,79.46416460,-135.50000000,-38.00000000,290.50000000,250.98828477,2.80753828,9.61909444,650.00000000,0.00000000,0.00000000,0.10000000,32.747277,-32.559331,3.713771,tracks_run_0245.dat.18-04-18_17h34m46s.1.csv,281
4566,245,1,377,1,c,41,6,bottom_left,-782.85800000,782.85800000,0.32119500,0.00785352,6.46938596,6.81155616,-3.52768765,-70.28473390,79.46416460,-135.50000000,-38.00000000,290.50000000,250.98828477,2.80753828,9.61909444,650.00000000,0.00000000,0.00000000,0.10000000,1.356907,-0.927206,-0.990743,tracks_run_0245.dat.18-04-18_17h34m46s.1.csv,282
4571,245,1,456,0,l,17,7,top_left,-476.32953000,476.32953000,0.20723500,0.00798853,4.01240774,3.99138975,-4.60925039,-70.07812470,103.94883600,-74.00000000,-12.75000000,290.50000000,207.13021702,3.11766027,7.10905003,650.00000000,0.00000000,0.00000000,0.10000000,25.479226,-22.931942,11.418049,tracks_run_0245.dat.18-04-18_17h34m46s.1.csv,335
4571,245,1,456,1,c,17,7,top_left,-476.32953000,476.32953000,0.20723500,0.00798853,4.01240774,3.99138975,-4.60925039,-70.07812470,103.94883600,-74.00000000,-12.75000000,290.50000000,207.13021702,3.11766027,7.10905003,650.00000000,0.00000000,0.00000000,0.10000000,1.058668,-0.872352,0.599841,tracks_run_0245.dat.18-04-18_17h34m46s.1.csv,336
4580,245,1,617,0,r,59,9,top_right,-884.96960000,884.96960000,0.14848600,0.00807829,7.29752707,7.76673722,-6.40577200,-75.84350020,86.50714950,74.00000000,-12.75000000,290.50000000,228.16432892,2.38638187,10.15311909,650.00000000,0.00000000,0.00000000,0.10000000,24.293623,21.976542,10.621272,tracks_run_0245.dat.18-04-18_17h34m46s.1.csv,448
4580,245,1,617,1,c,59,9,top_right,-884.96960000,884.96960000,0.14848600,0.00807829,7.29752707,7.76673722,-6.40577200,-75.84350020,86.50714950,74.00000000,-12.75000000,290.50000000,228.16432892,2.38638187,10.15311909,650.00000000,0.00000000,0.00000000,0.10000000,2.323669,-2.300000,0.330900,tracks_run_0245.dat.18-04-18_17h34m46s.1.csv,449
4592,245,1,845,0,l,57,1,top_left,-1086.31800000,1086.31800000,0.18811800,0.00790992,8.78080647,9.48338567,-3.49865158,-74.25385720,73.30825160,-135.50000000,-74.25000000,290.50000000,254.15863466,2.32127794,11.80466361,650.00000000,0.00000000,0.00000000,0.10000000,32.332183,-32.211984,-2.948595,tracks_run_0245.dat.18-04-18_17h34m46s.1.csv,619
4592,245,1,845,1,c,57,1,top_left,-1086.31800000,1086.31800000,0.18811800,0.00790992,8.78080647,9.48338567,-3.49865158,-74.25385720,73.30825160,-135.50000000,-74.25000000,290.50000000,254.15863466,2.32127794,11.80466361,650.00000000,0.00000000,0.00000000,0.10000000,4.160055,4.116498,0.600935,tracks_run_0245.dat.18-04-18_17h34m46s.1.csv,620
4596,245,1,902,0,l,48,6,bottom_right,-562.93274000,562.93274000,0.19111700,0.00777749,4.56932076,4.62882623,5.37202311,-63.79332770,97.18644370,-110.50000000,-38.00000000,290.50000000,226.85182949,3.14239346,7.77121969,650.00000000,0.00000000,0.00000000,0.10000000,32.908865,-32.277971,6.790824,tracks_run_0245.dat.18-04-18_17h34m46s.1.csv,665
4596,245,1,902,1,c,48,6,bottom_right,-562.93274000,562.93274000,0.19111700,0.00777749,4.56932076,4.62882623,5.37202311,-63.79332770,97.18644370,-110.50000000,-38.00000000,290.50000000,226.85182949,3.14239346,7.77121969,650.00000000,0.00000000,0.00000000,0.10000000,0.938545,0.830330,0.437529,tracks_run_0245.dat.18-04-18_17h34m46s.1.csv,666
4597,245,1,903,0,r,37,5,top_left,-1850.20400000,1850.20400000,0.15591400,0.00610310,11.44789403,12.58891253,1.13146112,-72.43527490,55.30411030,110.50000000,-74.25000000,290.50000000,259.38750366,1.95780486,14.54671739,650.00000000,0.00000000,0.00000000,0.10000000,22.799115,22.437302,-4.154374,tracks_run_0245.dat.18-04-18_17h34m46s.1.csv,667
4597,245,1,903,1,c,37,5,top_left,-1850.20400000,1850.20400000,0.15591400,0.00610310,11.44789403,12.58891253,1.13146112,-72.43527490,55.30411030,110.50000000,-74.25000000,290.50000000,259.38750366,1.95780486,14.54671739,650.00000000,0.00000000,0.00000000,0.10000000,2.473632,-1.101635,2.214918,tracks_run_0245.dat.18-04-18_17h34m46s.1.csv,668
4612,245,1,1192,0,r,59,9,top_right,-608.30990000,608.30990000,0.14848600,0.00807829,5.06258978,5.19429714,-4.56856033,-79.41282390,68.12171810,74.00000000,-12.75000000,290.50000000,245.08988356,3.17194877,8.36624591,650.00000000,0.00000000,0.00000000,0.10000000,21.972907,18.898327,11.420997,tracks_run_0245.dat.18-04-18_17h34m46s.1.csv,879
4612,245,1,1192,1,c,59,9,top_right,-608.30990000,608.30990000,0.14848600,0.00807829,5.06258978,5.19429714,-4.56856033,-79.41282390,68.12171810,74.00000000,-12.75000000,290.50000000,245.08988356,3.17194877,8.36624591,650.00000000,0.00000000,0.00000000,0.10000000,2.758184,-2.628116,-0.837306,tracks_run_0245.dat.18-04-18_17h34m46s.1.csv,880
4626,245,1,1400,0,r,59,9,top_right,-416.72342000,416.72342000,0.14848600,0.00807829,3.51489864,3.42283813,-3.42042624,-67.13548160,115.83095500,74.00000000,-12.75000000,290.50000000,198.64787512,3.21669869,6.63953682,650.00000000,0.00000000,0.00000000,0.10000000,26.975454,23.381303,13.849072,tracks_run_0245.dat.18-04-18_17h34m46s.1.csv,1025
4626,245,1,1400,1,c,59,9,top_right,-416.72342000,416.72342000,0.14848600,0.00807829,3.51489864,3.42283813,-3.42042624,-67.13548160,115.83095500,74.00000000,-12.75000000,290.50000000,198.64787512,3.21669869,6.63953682,650.00000000,0.00000000,0.00000000,0.10000000,1.537156,-0.265176,1.514116,tracks_run_0245.dat.18-04-18_17h34m46s.1.csv,1026
4632,245,1,1462,0,r,31,5,top_right,-1421.79360000,1421.79360000,0.16255800,0.00607500,8.79995412,9.50559478,-1.19040165,-79.87199230,61.35805090,135.50000000,-74.25000000,290.50000000,266.87432536,2.42427089,11.92986568,650.00000000,0.00000000,0.00000000,0.10000000,29.178882,28.752495,-5.196976,tracks_run_0245.dat.18-04-18_17h34m46s.1.csv,1072
4632,245,1,1462,1,c,31,5,top_right,-1421.79360000,1421.79360000,0.16255800,0.00607500,8.79995412,9.50559478,-1.19040165,-79.87199230,61.35805090,135.50000000,-74.25000000,290.50000000,266.87432536,2.42427089,11.92986568,650.00000000,0.00000000,0.00000000,0.10000000,0.301580,0.179540,0.242314,tracks_run_0245.dat.18-04-18_17h34m46s.1.csv,1073
4642,245,1,1585,0,r,67,9,bottom_left,-703.62714000,703.62714000,0.14348100,0.00802875,5.79272740,6.03282664,-5.31767656,-82.70447620,98.42870580,49.00000000,-37.75000000,290.50000000,204.60375601,2.50598766,8.53881429,650.00000000,0.00000000,0.00000000,0.10000000,19.476418,17.269913,9.145131,tracks_run_0245.dat.18-04-18_17h34m46s.1.csv,1162
4642,245,1,1585,1,c,67,9,bottom_left,-703.62714000,703.62714000,0.14348100,0.00802875,5.79272740,6.03282664,-5.31767656,-82.70447620,98.42870580,49.00000000,-37.75000000,290.50000000,204.60375601,2.50598766,8.53881429,650.00000000,0.00000000,0.00000000,0.10000000,1.122349,-0.392006,-1.051673,tracks_run_0245.dat.18-04-18_17h34m46s.1.csv,1163
4648,245,1,1678,0,r,67,9,bottom_left,-735.30566000,735.30566000,0.14348100,0.00802875,6.04706632,6.32534886,6.38687778,-71.55111780,113.53843000,49.00000000,-37.75000000,290.50000000,185.13182062,2.23106688,8.55641573,650.00000000,0.00000000,0.00000000,0.10000000,12.508463,10.686199,6.539437,tracks_run_0245.dat.18-04-18_17h34m46s.1.csv,1233
4648,245,1,1678,1,c,67,9,bottom_left,-735.30566000,735.30566000,0.14348100,0.00802875,6.04706632,6.32534886,6.38687778,-71.55111780,113.53843000,49.00000000,-37.75000000,290.50000000,185.13182062,2.23106688,8.55641573,650.00000000,0.00000000,0.00000000,0.10000000,0.596754,-0.297105,0.517538,tracks_run_0245.dat.18-04-18_17h34m46s.1.csv,1234
4650,245,1,1719,0,r,37,5,top_left,-514.24840000,514.24840000,0.15591400,0.00610310,3.29442341,3.17114894,-9.38015801,-75.48824440,98.94691520,110.50000000,-74.25000000,290.50000000,225.97648070,3.67345648,6.84460542,650.00000000,0.00000000,0.00000000,0.10000000,30.775162,30.572132,-3.713486,tracks_run_0245.dat.18-04-18_17h34m46s.1.csv,1263
4650,245,1,1719,1,c,37,5,top_left,-514.24840000,514.24840000,0.15591400,0.00610310,3.29442341,3.17114894,-9.38015801,-75.48824440,98.94691520,110.50000000,-74.25000000,290.50000000,225.97648070,3.67345648,6.84460542,650.00000000,0.00000000,0.00000000,0.10000000,2.327781,2.281912,0.459949,tracks_run_0245.dat.18-04-18_17h34m46s.1.csv,1264
4654,245,1,1755,0,r,12,10,top_left,-1246.66110000,1246.66110000,0.20128800,0.00769076,9.78905932,10.65454069,-0.13726105,-81.66215060,52.92610810,110.50000000,-13.00000000,290.50000000,270.91778932,2.28276757,12.93730826,650.00000000,0.00000000,0.00000000,0.10000000,26.917878,24.750630,10.932739,tracks_run_0245.dat.18-04-18_17h34m46s.1.csv,1285
4654,245,1,1755,1,c,12,10,top_left,-1246.66110000,1246.66110000,0.20128800,0.00769076,9.78905932,10.65454069,-0.13726105,-81.66215060,52.92610810,110.50000000,-13.00000000,290.50000000,270.91778932,2.28276757,12.93730826,650.00000000,0.00000000,0.00000000,0.10000000,7.909848,-7.151312,-3.388824,tracks_run_0245.dat.18-04-18_17h34m46s.1.csv,1286
4659,245,1,1886,0,l,35,6,top_left,-330.16568000,330.16568000,0.20961900,0.00776938,2.77480163,2.57861503,-2.10934842,-70.57847180,100.04202300,-135.50000000,-13.00000000,290.50000000,239.54662875,4.12152343,6.70013847,650.00000000,0.00000000,0.00000000,0.10000000,36.600686,-35.009917,11.429503,tracks_run_0245.dat.18-04-18_17h34m46s.1.csv,1387
4659,245,1,1886,1,c,35,6,top_left,-330.16568000,330.16568000,0.20961900,0.00776938,2.77480163,2.57861503,-2.10934842,-70.57847180,100.04202300,-135.50000000,-13.00000000,290.50000000,239.54662875,4.12152343,6.70013847,650.00000000,0.00000000,0.00000000,0.10000000,1.840899,-0.262041,1.822160,tracks_run_0245.dat.18-04-18_17h34m46s.1.csv,1388
4661,245,1,1952,0,r,54,9,bottom_right,-347.97680000,347.97680000,0.13288400,0.00794930,2.89905598,2.72022095,5.97406879,-66.04280420,135.37300000,74.00000000,-37.75000000,290.50000000,171.73350347,3.12712675,5.84734769,650.00000000,0.00000000,0.00000000,0.10000000,18.801816,18.757747,1.310338,tracks_run_0245.dat.18-04-18_17h34m46s.1.csv,1436
4661,245,1,1952,1,c,54,9,bottom_right,-347.97680000,347.97680000,0.13288400,0.00794930,2.89905598,2.72022095,5.97406879,-66.04280420,135.37300000,74.00000000,-37.75000000,290.50000000,171.73350347,3.12712675,5.84734769,650.00000000,0.00000000,0.00000000,0.10000000,1.401402,-0.093653,1.398270,tracks_run_0245.dat.18-04-18_17h34m46s.1.csv,1437
4667,245,1,2043,0,l,46,2,top_right,-611.31220000,611.31220000,0.13780700,0.00799780,5.02695971,5.15342403,-0.54040022,-69.95144120,117.54163700,-49.00000000,-74.25000000,290.50000000,179.67026952,2.43657554,7.58999956,650.00000000,0.00000000,0.00000000,0.10000000,18.496848,-18.050254,-4.109042,tracks_run_0245.dat.18-04-18_17h34m46s.1.csv,1496
4667,245,1,2043,1,c,46,2,top_right,-611.31220000,611.31220000,0.13780700,0.00799780,5.02695971,5.15342403,-0.54040022,-69.95144120,117.54163700,-49.00000000,-74.25000000,290.50000000,179.67026952,2.43657554,7.58999956,650.00000000,0.00000000,0.00000000,0.10000000,1.213700,-0.955722,-0.748142,tracks_run_0245.dat.18-04-18_17h34m46s.1.csv,1497
4680,245,1,2241,0,l,48,6,bottom_right,-1058.95590000,1058.95590000,0.19111700,0.00777749,8.42713592,9.07339185,4.93685813,-76.06502830,68.03657330,-110.50000000,-38.00000000,290.50000000,253.50461695,2.38300429,11.45639614,650.00000000,0.00000000,0.00000000,0.10000000,28.470960,-28.194793,4.128989,tracks_run_0245.dat.18-04-18_17h34m46s.1.csv,1651
4680,245,1,2241,1,c,48,6,bottom_right,-1058.95590000,1058.95590000,0.19111700,0.00777749,8.42713592,9.07339185,4.93685813,-76.06502830,68.03657330,-110.50000000,-38.00000000,290.50000000,253.50461695,2.38300429,11.45639614,650.00000000,0.00000000,0.00000000,0.10000000,1.567499,-0.470901,-1.495110,tracks_run_0245.dat.18-04-18_17h34m46s.1.csv,1652
4686,245,1,2326,0,l,27,2,top_left,-428.21940000,428.21940000,0.18526500,0.00800210,3.61191946,3.53364713,-1.10000188,-72.45348700,106.01383000,-74.00000000,-74.25000000,290.50000000,198.37536164,3.17122338,6.70487051,650.00000000,0.00000000,0.00000000,0.10000000,22.470594,-21.636380,-6.216990,tracks_run_0245.dat.18-04-18_17h34m46s.1.csv,1721
4686,245,1,2326,1,c,27,2,top_left,-428.21940000,428.21940000,0.18526500,0.00800210,3.61191946,3.53364713,-1.10000188,-72.45348700,106.01383000,-74.00000000,-74.25000000,290.50000000,198.37536164,3.17122338,6.70487051,650.00000000,0.00000000,0.00000000,0.10000000,1.278136,0.072430,1.276082,tracks_run_0245.dat.18-04-18_17h34m46s.1.csv,1722
4690,245,1,2351,0,l,27,2,top_left,-795.65730000,795.65730000,0.18526500,0.00800210,6.55219428,6.90696266,3.05856317,-72.38304680,113.81039500,-74.00000000,-74.25000000,290.50000000,192.77117053,2.19830768,9.10527035,650.00000000,0.00000000,0.00000000,0.10000000,23.625750,-22.899413,-5.976338,tracks_run_0245.dat.18-04-18_17h34m46s.1.csv,1741
4690,245,1,2351,1,c,27,2,top_left,-795.65730000,795.65730000,0.18526500,0.00800210,6.55219428,6.90696266,3.05856317,-72.38304680,113.81039500,-74.00000000,-74.25000000,290.50000000,192.77117053,2.19830768,9.10527035,650.00000000,0.00000000,0.00000000,0.10000000,1.847234,1.072156,1.504334,tracks_run_0245.dat.18-04-18_17h34m46s.1.csv,1742
4709,245,1,2772,0,r,18,10,bottom_left,-1826.05440000,1826.05440000,0.21264900,0.00771957,14.30900376,15.94724515,2.72020917,-78.53358760,30.55112970,110.50000000,-38.00000000,290.50000000,284.31122068,1.80650850,17.75375365,650.00000000,0.00000000,0.00000000,0.10000000,21.110527,20.735501,4.051742,tracks_run_0245.dat.18-04-18_17h34m46s.1.csv,2043
4709,245,1,2772,1,c,18,10,bottom_left,-1826.05440000,1826.05440000,0.21264900,0.00771957,14.30900376,15.94724515,2.72020917,-78.53358760,30.55112970,110.50000000,-38.00000000,290.50000000,284.31122068,1.80650850,17.75375365,650.00000000,0.00000000,0.00000000,0.10000000,3.730163,-1.799870,-3.267735,tracks_run_0245.dat.18-04-18_17h34m46s.1.csv,2044
4721,245,1,2889,0,r,31,5,top_right,-490.38898000,490.38898000,0.16255800,0.00607500,3.14167105,2.99686746,-4.73130592,-76.17760530,85.73931210,135.50000000,-74.25000000,290.50000000,248.18435513,4.03280874,7.02967619,650.00000000,0.00000000,0.00000000,0.10000000,33.643540,33.552429,-2.633195,tracks_run_0245.dat.18-04-18_17h34m46s.1.csv,2138
4721,245,1,2889,1,c,31,5,top_right,-490.38898000,490.38898000,0.16255800,0.00607500,3.14167105,2.99686746,-4.73130592,-76.17760530,85.73931210,135.50000000,-74.25000000,290.50000000,248.18435513,4.03280874,7.02967619,650.00000000,0.00000000,0.00000000,0.10000000,1.176951,-0.586232,1.020579,tracks_run_0245.dat.18-04-18_17h34m46s.1.csv,2139
4735,245,2,188,0,r,54,9,bottom_right,-611.01810000,611.01810000,0.13288400,0.00794930,4.99005018,5.11108773,-5.56184636,-74.55585580,105.68721000,74.00000000,-37.75000000,290.50000000,204.54956799,2.73918990,7.85027763,650.00000000,0.00000000,0.00000000,0.10000000,22.249508,21.552387,5.662412,tracks_run_0245.dat.18-04-18_17h34m46s.2.csv,138
4735,245,2,188,1,c,54,9,bottom_right,-611.01810000,611.01810000,0.13288400,0.00794930,4.99005018,5.11108773,-5.56184636,-74.55585580,105.68721000,74.00000000,-37.75000000,290.50000000,204.54956799,2.73918990,7.85027763,650.00000000,0.00000000,0.00000000,0.10000000,1.861587,-1.237416,1.390902,tracks_run_0245.dat.18-04-18_17h34m46s.2.csv,139
4740,245,2,219,0,l,24,7,bottom_left,-1366.80920000,1366.80920000,0.19145900,0.00807427,11.22744552,12.33130784,-2.46555246,-73.10448420,66.59483170,-74.00000000,-37.75000000,290.50000000,237.69863510,1.82844169,14.15974953,650.00000000,0.00000000,0.00000000,0.10000000,19.927655,-18.633596,7.193018,tracks_run_0245.dat.18-04-18_17h34m46s.2.csv,163
4740,245,2,219,1,c,24,7,bottom_left,-1366.80920000,1366.80920000,0.19145900,0.00807427,11.22744552,12.33130784,-2.46555246,-73.10448420,66.59483170,-74.00000000,-37.75000000,290.50000000,237.69863510,1.82844169,14.15974953,650.00000000,0.00000000,0.00000000,0.10000000,1.577440,0.867294,1.317669,tracks_run_0245.dat.18-04-18_17h34m46s.2.csv,164
4743,245,2,258,0,r,12,10,top_left,-644.58136000,644.58136000,0.20128800,0.00769076,5.15860854,5.30446676,-4.44006883,-78.58566910,71.10821990,110.50000000,-13.00000000,290.50000000,256.21368541,3.26024375,8.56471051,650.00000000,0.00000000,0.00000000,0.10000000,28.383247,26.565051,10.380628,tracks_run_0245.dat.18-04-18_17h34m46s.2.csv,195
4743,245,2,258,1,c,12,10,top_left,-644.58136000,644.58136000,0.20128800,0.00769076,5.15860854,5.30446676,-4.44006883,-78.58566910,71.10821990,110.50000000,-13.00000000,290.50000000,256.21368541,3.26024375,8.56471051,650.00000000,0.00000000,0.00000000,0.10000000,4.468242,-4.235382,-1.424932,tracks_run_0245.dat.18-04-18_17h34m46s.2.csv,196
4749,245,2,360,0,l,39,2,bottom_right,-742.67505000,742.67505000,0.17611000,0.00802446,6.13567623,6.42731323,-4.89719325,-69.83362970,95.87685420,-49.00000000,-99.25000000,290.50000000,201.71402848,2.38778562,8.81509885,650.00000000,0.00000000,0.00000000,0.10000000,18.107146,-14.783075,-10.574855,tracks_run_0245.dat.18-04-18_17h34m46s.2.csv,275
4749,245,2,360,1,c,39,2,bottom_right,-742.67505000,742.67505000,0.17611000,0.00802446,6.13567623,6.42731323,-4.89719325,-69.83362970,95.87685420,-49.00000000,-99.25000000,290.50000000,201.71402848,2.38778562,8.81509885,650.00000000,0.00000000,0.00000000,0.10000000,0.988706,-0.977090,-0.151113,tracks_run_0245.dat.18-04-18_17h34m46s.2.csv,276
4758,245,2,547,0,l,17,7,top_left,-490.37482000,490.37482000,0.20723500,0.00798853,4.12460896,4.11972920,-2.74339452,-74.58866020,98.37784870,-74.00000000,-12.75000000,290.50000000,214.03841884,3.15866152,7.27839072,650.00000000,0.00000000,0.00000000,0.10000000,26.991595,-22.984816,14.552531,tracks_run_0245.dat.18-04-18_17h34m46s.2.csv,419
4758,245,2,547,1,c,17,7,top_left,-490.37482000,490.37482000,0.20723500,0.00798853,4.12460896,4.11972920,-2.74339452,-74.58866020,98.37784870,-74.00000000,-12.75000000,290.50000000,214.03841884,3.15866152,7.27839072,650.00000000,0.00000000,0.00000000,0.10000000,1.737436,1.306353,-1.145581,tracks_run_0245.dat.18-04-18_17h34m46s.2.csv,420
4771,245,2,709,0,l,46,2,top_right,-379.75710000,379.75710000,0.13780700,0.00799780,3.17502833,3.03491939,3.43111345,-70.97275010,129.05927100,-49.00000000,-74.25000000,290.50000000,169.77299846,2.97248844,6.00740782,650.00000000,0.00000000,0.00000000,0.10000000,19.663464,-18.795483,-5.885053,tracks_run_0245.dat.18-04-18_17h34m46s.2.csv,533
4771,245,2,709,1,c,46,2,top_right,-379.75710000,379.75710000,0.13780700,0.00799780,3.17502833,3.03491939,3.43111345,-70.97275010,129.05927100,-49.00000000,-74.25000000,290.50000000,169.77299846,2.97248844,6.00740782,650.00000000,0.00000000,0.00000000,0.10000000,1.063887,0.847341,0.643349,tracks_run_0245.dat.18-04-18_17h34m46s.2.csv,534
4786,245,2,858,0,r,54,9,bottom_right,-1276.96910000,1276.96910000,0.13288400,0.00794930,10.28389447,11.23059017,-3.28964028,-63.34182960,74.15240450,74.00000000,-37.75000000,290.50000000,231.15992801,1.89936538,13.12995555,650.00000000,0.00000000,0.00000000,0.10000000,21.998477,21.676961,3.841000,tracks_run_0245.dat.18-04-18_17h34m46s.2.csv,651
4786,245,2,858,1,c,54,9,bottom_right,-1276.96910000,1276.96910000,0.13288400,0.00794930,10.28389447,11.23059017,-3.28964028,-63.34182960,74.15240450,74.00000000,-37.75000000,290.50000000,231.15992801,1.89936538,13.12995555,650.00000000,0.00000000,0.00000000,0.10000000,1.361815,0.826078,1.082690,tracks_run_0245.dat.18-04-18_17h34m46s.2.csv,652
4796,245,2,967,0,l,29,6,top_right,-417.82477000,417.82477000,0.22227000,0.00759729,3.39660595,3.28777750,-0.30848345,-73.96134750,110.17302700,-110.50000000,-13.00000000,290.50000000,219.94606930,3.54705275,6.83483025,650.00000000,0.00000000,0.00000000,0.10000000,33.382234,-31.417207,11.911543,tracks_run_0245.dat.18-04-18_17h34m46s.2.csv,732
4796,245,2,967,1,c,29,6,top_right,-417.82477000,417.82477000,0.22227000,0.00759729,3.39660595,3.28777750,-0.30848345,-73.96134750,110.17302700,-110.50000000,-13.00000000,290.50000000,219.94606930,3.54705275,6.83483025,650.00000000,0.00000000,0.00000000,0.10000000,1.006723,-1.005577,-0.048029,tracks_run_0245.dat.18-04-18_17h34m46s.2.csv,733
4799,245,2,1000,0,l,48,6,bottom_right,-313.36313000,313.36313000,0.19111700,0.00777749,2.62829561,2.41171753,-9.17628957,-71.41410900,112.50016200,-110.50000000,-38.00000000,290.50000000,207.52575576,3.77284709,6.18456462,650.00000000,0.00000000,0.00000000,0.10000000,32.594559,-32.211921,5.271674,tracks_run_0245.dat.18-04-18_17h34m46s.2.csv,756
4799,245,2,1000,1,c,48,6,bottom_right,-313.36313000,313.36313000,0.19111700,0.00777749,2.62829561,2.41171753,-9.17628957,-71.41410900,112.50016200,-110.50000000,-38.00000000,290.50000000,207.52575576,3.77284709,6.18456462,650.00000000,0.00000000,0.00000000,0.10000000,1.090633,-0.214099,-1.069414,tracks_run_0245.dat.18-04-18_17h34m46s.2.csv,757
4801,245,2,1022,0,r,37,5,top_left,-1567.13320000,1567.13320000,0.15591400,0.00610310,9.72028463,10.57454432,-7.23821151,-75.53117260,71.98942070,110.50000000,-74.25000000,290.50000000,248.21523144,2.11452843,12.68907276,650.00000000,0.00000000,0.00000000,0.10000000,25.988838,25.587061,-4.713790,tracks_run_0245.dat.18-04-18_17h34m46s.2.csv,773
4801,245,2,1022,1,c,37,5,top_left,-1567.13320000,1567.13320000,0.15591400,0.00610310,9.72028463,10.57454432,-7.23821151,-75.53117260,71.98942070,110.50000000,-74.25000000,290.50000000,248.21523144,2.11452843,12.68907276,650.00000000,0.00000000,0.00000000,0.10000000,1.132577,0.701652,-0.889075,tracks_run_0245.dat.18-04-18_17h34m46s.2.csv,774
4805,245,2,1052,0,l,57,1,top_left,-1007.38920000,1007.38920000,0.18811800,0.00790992,8.15648598,8.75992721,-0.09941761,-64.88911120,66.98961820,-135.50000000,-74.25000000,290.50000000,261.49155765,2.50705237,11.26697958,650.00000000,0.00000000,0.00000000,0.10000000,32.722343,-31.983803,-7.312062,tracks_run_0245.dat.18-04-18_17h34m46s.2.csv,800
4805,245,2,1052,1,c,57,1,top_left,-1007.38920000,1007.38920000,0.18811800,0.00790992,8.15648598,8.75992721,-0.09941761,-64.88911120,66.98961820,-135.50000000,-74.25000000,290.50000000,261.49155765,2.50705237,11.26697958,650.00000000,0.00000000,0.00000000,0.10000000,13.014981,3.202777,-12.621348,tracks_run_0245.dat.18-04-18_17h34m46s.2.csv,801
4836,245,2,1499,0,l,57,1,top_left,-1225.61730000,1225.61730000,0.18811800,0.00790992,9.88265279,10.76343126,-8.37849733,-72.14538730,27.03823970,-135.50000000,-74.25000000,290.50000000,292.53445092,2.43496714,13.19839840,650.00000000,0.00000000,0.00000000,0.10000000,27.254683,-27.058206,-3.397435,tracks_run_0245.dat.18-04-18_17h34m46s.2.csv,1146
4836,245,2,1499,1,c,57,1,top_left,-1225.61730000,1225.61730000,0.18811800,0.00790992,9.88265279,10.76343126,-8.37849733,-72.14538730,27.03823970,-135.50000000,-74.25000000,290.50000000,292.53445092,2.43496714,13.19839840,650.00000000,0.00000000,0.00000000,0.10000000,5.566833,-1.799842,-5.268712,tracks_run_0245.dat.18-04-18_17h34m46s.2.csv,1147
4837,245,2,1551,0,l,46,2,top_right,-845.93146000,845.93146000,0.13780700,0.00799780,6.90339763,7.31185605,-2.80905136,-72.92900250,119.21696100,-49.00000000,-74.25000000,290.50000000,177.40695651,1.96912682,9.28098287,650.00000000,0.00000000,0.00000000,0.10000000,19.050766,-18.856100,-2.767253,tracks_run_0245.dat.18-04-18_17h34m46s.2.csv,1185
4837,245,2,1551,1,c,46,2,top_right,-845.93146000,845.93146000,0.13780700,0.00799780,6.90339763,7.31185605,-2.80905136,-72.92900250,119.21696100,-49.00000000,-74.25000000,290.50000000,177.40695651,1.96912682,9.28098287,650.00000000,0.00000000,0.00000000,0.10000000,1.040864,-0.399397,0.961194,tracks_run_0245.dat.18-04-18_17h34m46s.2.csv,1186
4838,245,2,1588,0,r,37,5,top_left,-1868.15310000,1868.15310000,0.15591400,0.00610310,11.55743918,12.71698276,2.64208914,-74.29728290,55.64913060,110.50000000,-74.25000000,290.50000000,258.43425088,1.93732566,14.65430842,650.00000000,0.00000000,0.00000000,0.10000000,23.339991,23.193986,-2.681684,tracks_run_0245.dat.18-04-18_17h34m46s.2.csv,1213
4838,245,2,1588,1,c,37,5,top_left,-1868.15310000,1868.15310000,0.15591400,0.00610310,11.55743918,12.71698276,2.64208914,-74.29728290,55.64913060,110.50000000,-74.25000000,290.50000000,258.43425088,1.93732566,14.65430842,650.00000000,0.00000000,0.00000000,0.10000000,7.416249,-7.352576,0.972404,tracks_run_0245.dat.18-04-18_17h34m46s.2.csv,1214
4845,245,2,1732,0,l,24,7,bottom_left,-1076.67050000,1076.67050000,0.19145900,0.00807427,8.88478732,9.60400673,0.87569311,-77.02375060,65.30860320,-74.00000000,-37.75000000,290.50000000,240.54097800,2.18790670,11.79191343,650.00000000,0.00000000,0.00000000,0.10000000,17.299246,-16.765548,4.326409,tracks_run_0245.dat.18-04-18_17h34m46s.2.csv,1320
4845,245,2,1732,1,c,24,7,bottom_left,-1076.67050000,1076.67050000,0.19145900,0.00807427,8.88478732,9.60400673,0.87569311,-77.02375060,65.30860320,-74.00000000,-37.75000000,290.50000000,240.54097800,2.18790670,11.79191343,650.00000000,0.00000000,0.00000000,0.10000000,2.452898,1.925032,-1.520471,tracks_run_0245.dat.18-04-18_17h34m46s.2.csv,1321
4852,245,2,1843,0,l,48,6,bottom_right,-1112.91810000,1112.91810000,0.19111700,0.00777749,8.84682639,9.55996660,-2.25334005,-72.64201960,72.75352740,-110.50000000,-38.00000000,290.50000000,245.62356410,2.23741136,11.79737795,650.00000000,0.00000000,0.00000000,0.10000000,26.532854,-26.146043,4.681938,tracks_run_0245.dat.18-04-18_17h34m46s.2.csv,1395
4852,245,2,1843,1,c,48,6,bottom_right,-1112.91810000,1112.91810000,0.19111700,0.00777749,8.84682639,9.55996660,-2.25334005,-72.64201960,72.75352740,-110.50000000,-38.00000000,290.50000000,245.62356410,2.23741136,11.79737795,650.00000000,0.00000000,0.00000000,0.10000000,4.023513,3.858894,-1.139982,tracks_run_0245.dat.18-04-18_17h34m46s.2.csv,1396
4868,245,2,2064,0,l,48,6,bottom_right,-409.52840000,409.52840000,0.19111700,0.00777749,3.37622004,3.26450671,3.45788962,-73.09536690,106.20705100,-110.50000000,-38.00000000,290.50000000,219.50393262,3.55098629,6.81549300,650.00000000,0.00000000,0.00000000,0.10000000,32.919924,-32.537159,5.305601,tracks_run_0245.dat.18-04-18_17h34m46s.2.csv,1559
4868,245,2,2064,1,c,48,6,bottom_right,-409.52840000,409.52840000,0.19111700,0.00777749,3.37622004,3.26450671,3.45788962,-73.09536690,106.20705100,-110.50000000,-38.00000000,290.50000000,219.50393262,3.55098629,6.81549300,650.00000000,0.00000000,0.00000000,0.10000000,2.599785,2.337506,1.138272,tracks_run_0245.dat.18-04-18_17h34m46s.2.csv,1560
4878,245,2,2213,0,l,41,6,bottom_left,-1129.22100000,1129.22100000,0.32119500,0.00785352,9.18955471,9.95775828,0.70516994,-72.31107590,57.89093560,-135.50000000,-38.00000000,290.50000000,271.72794315,2.39198879,12.34974706,650.00000000,0.00000000,0.00000000,0.10000000,32.518380,-32.346305,3.538540,tracks_run_0245.dat.18-04-18_17h34m46s.2.csv,1666
4878,245,2,2213,1,c,41,6,bottom_left,-1129.22100000,1129.22100000,0.32119500,0.00785352,9.18955471,9.95775828,0.70516994,-72.31107590,57.89093560,-135.50000000,-38.00000000,290.50000000,271.72794315,2.39198879,12.34974706,650.00000000,0.00000000,0.00000000,0.10000000,5.178712,5.099898,-0.901248,tracks_run_0245.dat.18-04-18_17h34m46s.2.csv,1667
4895,245,2,2530,0,l,4,7,bottom_right,-1201.97970000,1201.97970000,0.17915400,0.00826490,10.11339602,11.03201483,-3.69157124,-77.82839100,67.50307830,-49.00000000,-37.75000000,290.50000000,231.05574702,1.92176083,12.95377566,650.00000000,0.00000000,0.00000000,0.10000000,13.884897,-12.423735,6.249455,tracks_run_0245.dat.18-04-18_17h34m46s.2.csv,1900
4895,245,2,2530,1,c,4,7,bottom_right,-1201.97970000,1201.97970000,0.17915400,0.00826490,10.11339602,11.03201483,-3.69157124,-77.82839100,67.50307830,-49.00000000,-37.75000000,290.50000000,231.05574702,1.92176083,12.95377566,650.00000000,0.00000000,0.00000000,0.10000000,2.743597,2.102863,-1.762579,tracks_run_0245.dat.18-04-18_17h34m46s.2.csv,1901
4897,245,2,2562,0,l,39,2,bottom_right,-385.61993000,385.61993000,0.17611000,0.00802446,3.27050170,3.14385043,2.37398686,-71.55621010,95.79374040,-49.00000000,-99.25000000,290.50000000,203.26524556,3.38834217,6.53219260,650.00000000,0.00000000,0.00000000,0.10000000,23.871735,-20.364077,-12.730618,tracks_run_0245.dat.18-04-18_17h34m46s.2.csv,1923
4897,245,2,2562,1,c,39,2,bottom_right,-385.61993000,385.61993000,0.17611000,0.00802446,3.27050170,3.14385043,2.37398686,-71.55621010,95.79374040,-49.00000000,-99.25000000,290.50000000,203.26524556,3.38834217,6.53219260,650.00000000,0.00000000,0.00000000,0.10000000,2.237439,-1.850992,-1.257185,tracks_run_0245.dat.18-04-18_17h34m46s.2.csv,1924
4917,245,3,55,0,r,54,9,bottom_right,-1428.75270000,1428.75270000,0.13288400,0.00794930,11.49046784,12.63868110,0.69498783,-74.32833310,61.59088370,74.00000000,-37.75000000,290.50000000,243.12750315,1.83619914,14.47488024,650.00000000,0.00000000,0.00000000,0.10000000,16.976869,16.789473,2.552504,tracks_run_0245.dat.18-04-18_17h34m46s.3.csv,39
4917,245,3,55,1,c,54,9,bottom_right,-1428.75270000,1428.75270000,0.13288400,0.00794930,11.49046784,12.63868110,0.69498783,-74.32833310,61.59088370,74.00000000,-37.75000000,290.50000000,243.12750315,1.83619914,14.47488024,650.00000000,0.00000000,0.00000000,0.10000000,0.894169,0.371060,0.813549,tracks_run_0245.dat.18-04-18_17h34m46s.3.csv,40
4921,245,3,91,0,r,59,9,top_right,-499.03040000,499.03040000,0.14848600,0.00807829,4.17979829,4.18287228,3.00467157,-69.68303560,108.15023700,74.00000000,-12.75000000,290.50000000,203.79681859,3.01121981,7.19409209,650.00000000,0.00000000,0.00000000,0.10000000,23.203609,19.419546,12.953177,tracks_run_0245.dat.18-04-18_17h34m46s.3.csv,63
4921,245,3,91,1,c,59,9,top_right,-499.03040000,499.03040000,0.14848600,0.00807829,4.17979829,4.18287228,3.00467157,-69.68303560,108.15023700,74.00000000,-12.75000000,290.50000000,203.79681859,3.01121981,7.19409209,650.00000000,0.00000000,0.00000000,0.10000000,1.515426,-1.223790,-0.893854,tracks_run_0245.dat.18-04-18_17h34m46s.3.csv,64
4924,245,3,136,0,l,41,6,bottom_left,-921.20410000,921.20410000,0.32119500,0.00785352,7.55588982,8.06521100,1.62665127,-72.43044700,57.12117860,-135.50000000,-38.00000000,290.50000000,272.86415750,2.74142319,10.80663419,650.00000000,0.00000000,0.00000000,0.10000000,32.250808,-31.595113,6.833749,tracks_run_0245.dat.18-04-18_17h34m46s.3.csv,103
4924,245,3,136,1,c,41,6,bottom_left,-921.20410000,921.20410000,0.32119500,0.00785352,7.55588982,8.06521100,1.62665127,-72.43044700,57.12117860,-135.50000000,-38.00000000,290.50000000,272.86415750,2.74142319,10.80663419,650.00000000,0.00000000,0.00000000,0.10000000,5.531467,5.505063,0.540652,tracks_run_0245.dat.18-04-18_17h34m46s.3.csv,104
4942,245,3,424,0,l,48,6,bottom_right,-1963.51830000,1963.51830000,0.19111700,0.00777749,15.46236094,17.30891170,1.54091411,-71.83414870,17.87772580,-110.50000000,-38.00000000,290.50000000,296.68303026,1.77384340,19.08275510,650.00000000,0.00000000,0.00000000,0.10000000,20.722181,-20.417130,3.620682,tracks_run_0245.dat.18-04-18_17h34m46s.3.csv,324
4942,245,3,424,1,c,48,6,bottom_right,-1963.51830000,1963.51830000,0.19111700,0.00777749,15.46236094,17.30891170,1.54091411,-71.83414870,17.87772580,-110.50000000,-38.00000000,290.50000000,296.68303026,1.77384340,19.08275510,650.00000000,0.00000000,0.00000000,0.10000000,10.680351,10.657850,0.696948,tracks_run_0245.dat.18-04-18_17h34m46s.3.csv,325
4949,245,3,535,0,l,29,6,top_right,-410.28027000,410.28027000,0.22227000,0.00759729,3.33928819,3.22235210,5.85955306,-74.56515950,104.33939700,-110.50000000,-13.00000000,290.50000000,228.00347489,3.67755163,6.89990373,650.00000000,0.00000000,0.00000000,0.10000000,34.083586,-31.905501,12.678739,tracks_run_0245.dat.18-04-18_17h34m46s.3.csv,404
4949,245,3,535,1,c,29,6,top_right,-410.28027000,410.28027000,0.22227000,0.00759729,3.33928819,3.22235210,5.85955306,-74.56515950,104.33939700,-110.50000000,-13.00000000,290.50000000,228.00347489,3.67755163,6.89990373,650.00000000,0.00000000,0.00000000,0.10000000,1.741919,-0.177784,-1.732825,tracks_run_0245.dat.18-04-18_17h34m46s.3.csv,405
4952,245,3,595,0,r,37,5,top_left,-1244.43980000,1244.43980000,0.15591400,0.00610310,7.75085454,8.29059440,0.07029038,-77.32474160,86.19899760,110.50000000,-74.25000000,290.50000000,232.25648405,2.32994430,10.62053871,650.00000000,0.00000000,0.00000000,0.10000000,28.428241,28.352843,-2.160713,tracks_run_0245.dat.18-04-18_17h34m46s.3.csv,450
4952,245,3,595,1,c,37,5,top_left,-1244.43980000,1244.43980000,0.15591400,0.00610310,7.75085454,8.29059440,0.07029038,-77.32474160,86.19899760,110.50000000,-74.25000000,290.50000000,232.25648405,2.32994430,10.62053871,650.00000000,0.00000000,0.00000000,0.10000000,1.602853,-1.564137,-0.350206,tracks_run_0245.dat.18-04-18_17h34m46s.3.csv,451
4953,245,3,602,0,l,24,7,bottom_left,-285.87488000,285.87488000,0.19145900,0.00807427,2.49968997,2.26527203,11.36130380,-65.12631030,125.58069200,-74.00000000,-37.75000000,290.50000000,187.70826488,3.56277959,5.82805162,650.00000000,0.00000000,0.00000000,0.10000000,26.347615,-25.626991,6.338101,tracks_run_0245.dat.18-04-18_17h34m46s.3.csv,456
4953,245,3,602,1,c,24,7,bottom_left,-285.87488000,285.87488000,0.19145900,0.00807427,2.49968997,2.26527203,11.36130380,-65.12631030,125.58069200,-74.00000000,-37.75000000,290.50000000,187.70826488,3.56277959,5.82805162,650.00000000,0.00000000,0.00000000,0.10000000,1.634956,0.672862,1.490114,tracks_run_0245.dat.18-04-18_17h34m46s.3.csv,457
4958,245,3,687,0,r,59,9,top_right,-332.76450000,332.76450000,0.14848600,0.00807829,2.83665413,2.64909840,6.59637223,-71.07153350,125.18207500,74.00000000,-12.75000000,290.50000000,187.81551223,3.38735307,6.03645147,650.00000000,0.00000000,0.00000000,0.10000000,24.140625,21.764496,10.707831,tracks_run_0245.dat.18-04-18_17h34m46s.3.csv,520
4958,245,3,687,1,c,59,9,top_right,-332.76450000,332.76450000,0.14848600,0.00807829,2.83665413,2.64909840,6.59637223,-71.07153350,125.18207500,74.00000000,-12.75000000,290.50000000,187.81551223,3.38735307,6.03645147,650.00000000,0.00000000,0.00000000,0.10000000,17.551524,-0.000000,17.551524,tracks_run_0245.dat.18-04-18_17h34m46s.3.csv,521
4960,245,3,710,0,l,10,7,top_right,-1126.09420000,1126.09420000,0.21208800,0.00810101,9.33458838,10.12621358,-0.53043394,-75.29581990,69.37074640,-49.00000000,-12.75000000,290.50000000,234.86043775,2.06657368,12.19278726,650.00000000,0.00000000,0.00000000,0.10000000,18.144024,-15.498422,9.552223,tracks_run_0245.dat.18-04-18_17h34m46s.3.csv,536
4960,245,3,710,1,c,10,7,top_right,-1126.09420000,1126.09420000,0.21208800,0.00810101,9.33458838,10.12621358,-0.53043394,-75.29581990,69.37074640,-49.00000000,-12.75000000,290.50000000,234.86043775,2.06657368,12.19278726,650.00000000,0.00000000,0.00000000,0.10000000,2.967343,-2.702549,1.225753,tracks_run_0245.dat.18-04-18_17h34m46s.3.csv,537
4974,245,3,1006,0,r,59,9,top_right,-487.82550000,487.82550000,0.14848600,0.00807829,4.08928186,4.07931628,-9.33166279,-73.58436370,93.13789160,74.00000000,-12.75000000,290.50000000,222.70336249,3.27857384,7.35789013,650.00000000,0.00000000,0.00000000,0.10000000,26.146497,22.754821,13.236267,tracks_run_0245.dat.18-04-18_17h34m46s.3.csv,771
4974,245,3,1006,1,c,59,9,top_right,-487.82550000,487.82550000,0.14848600,0.00807829,4.08928186,4.07931628,-9.33166279,-73.58436370,93.13789160,74.00000000,-12.75000000,290.50000000,222.70336249,3.27857384,7.35789013,650.00000000,0.00000000,0.00000000,0.10000000,0.792839,-0.480525,0.630634,tracks_run_0245.dat.18-04-18_17h34m46s.3.csv,772
4976,245,3,1024,0,r,37,5,top_left,-331.35947000,331.35947000,0.15591400,0.00610310,2.17823398,1.89947039,0.38890874,-70.17913110,134.11499600,110.50000000,-74.25000000,290.50000000,191.30419198,3.79894880,5.69841920,650.00000000,0.00000000,0.00000000,0.10000000,31.422172,29.698450,-10.768170,tracks_run_0245.dat.18-04-18_17h34m46s.3.csv,787
4976,245,3,1024,1,c,37,5,top_left,-331.35947000,331.35947000,0.15591400,0.00610310,2.17823398,1.89947039,0.38890874,-70.17913110,134.11499600,110.50000000,-74.25000000,290.50000000,191.30419198,3.79894880,5.69841920,650.00000000,0.00000000,0.00000000,0.10000000,1.176967,-0.221338,1.155971,tracks_run_0245.dat.18-04-18_17h34m46s.3.csv,788
4985,245,3,1136,0,l,17,7,top_left,-363.25732000,363.25732000,0.20723500,0.00798853,3.10912700,2.95974685,4.67004791,-72.68183940,86.43948430,-74.00000000,-12.75000000,290.50000000,226.76308315,3.77603305,6.73577990,650.00000000,0.00000000,0.00000000,0.10000000,27.626782,-24.460688,13.257484,tracks_run_0245.dat.18-04-18_17h34m46s.3.csv,865
4985,245,3,1136,1,c,17,7,top_left,-363.25732000,363.25732000,0.20723500,0.00798853,3.10912700,2.95974685,4.67004791,-72.68183940,86.43948430,-74.00000000,-12.75000000,290.50000000,226.76308315,3.77603305,6.73577990,650.00000000,0.00000000,0.00000000,0.10000000,0.698502,0.559649,0.417977,tracks_run_0245.dat.18-04-18_17h34m46s.3.csv,866
4989,245,3,1166,0,l,39,2,bottom_right,-464.87750000,464.87750000,0.17611000,0.00802446,3.90650090,3.87028929,-9.09449453,-61.40195800,122.03744200,-49.00000000,-99.25000000,290.50000000,177.21330960,2.77626752,6.64655682,650.00000000,0.00000000,0.00000000,0.10000000,25.703680,-17.163149,-19.430709,tracks_run_0245.dat.18-04-18_17h34m46s.3.csv,883
4989,245,3,1166,1,c,39,2,bottom_right,-464.87750000,464.87750000,0.17611000,0.00802446,3.90650090,3.87028929,-9.09449453,-61.40195800,122.03744200,-49.00000000,-99.25000000,290.50000000,177.21330960,2.77626752,6.64655682,650.00000000,0.00000000,0.00000000,0.10000000,1.022727,-0.227571,0.997090,tracks_run_0245.dat.18-04-18_17h34m46s.3.csv,884
5003,245,3,1363,0,l,4,7,bottom_right,-1181.43700000,1181.43700000,0.17915400,0.00826490,9.94361266,10.83437054,4.65482110,-70.55899860,89.18243450,-49.00000000,-37.75000000,290.50000000,210.91238085,1.78517489,12.61954543,650.00000000,0.00000000,0.00000000,0.10000000,16.537700,-15.948513,4.432923,tracks_run_0245.dat.18-04-18_17h34m46s.3.csv,1032
5003,245,3,1363,1,c,4,7,bottom_right,-1181.43700000,1181.43700000,0.17915400,0.00826490,9.94361266,10.83437054,4.65482110,-70.55899860,89.18243450,-49.00000000,-37.75000000,290.50000000,210.91238085,1.78517489,12.61954543,650.00000000,0.00000000,0.00000000,0.10000000,0.700563,-0.077892,-0.696220,tracks_run_0245.dat.18-04-18_17h34m46s.3.csv,1033
5009,245,3,1459,0,r,12,10,top_left,-694.36860000,694.36860000,0.20128800,0.00769076,5.54151025,5.74411076,-1.23218907,-76.52910900,83.33181990,110.50000000,-13.00000000,290.50000000,243.80050166,3.00059510,8.74470586,650.00000000,0.00000000,0.00000000,0.10000000,29.855057,28.048149,10.672037,tracks_run_0245.dat.18-04-18_17h34m46s.3.csv,1096
5009,245,3,1459,1,c,12,10,top_left,-694.36860000,694.36860000,0.20128800,0.00769076,5.54151025,5.74411076,-1.23218907,-76.52910900,83.33181990,110.50000000,-13.00000000,290.50000000,243.80050166,3.00059510,8.74470586,650.00000000,0.00000000,0.00000000,0.10000000,0.578716,0.000000,0.578716,tracks_run_0245.dat.18-04-18_17h34m46s.3.csv,1097
5014,245,3,1555,0,r,18,10,bottom_left,-838.29780000,838.29780000,0.21264900,0.00771957,6.68394755,7.05880849,0.51405048,-72.02232190,93.06985670,110.50000000,-38.00000000,290.50000000,228.54559493,2.53083759,9.58964609,650.00000000,0.00000000,0.00000000,0.10000000,30.825600,30.686410,3.080081,tracks_run_0245.dat.18-04-18_17h34m46s.3.csv,1170
5014,245,3,1555,1,c,18,10,bottom_left,-838.29780000,838.29780000,0.21264900,0.00771957,6.68394755,7.05880849,0.51405048,-72.02232190,93.06985670,110.50000000,-38.00000000,290.50000000,228.54559493,2.53083759,9.58964609,650.00000000,0.00000000,0.00000000,0.10000000,2.343541,-0.810980,2.198822,tracks_run_0245.dat.18-04-18_17h34m46s.3.csv,1171
5033,245,3,1877,0,r,18,10,bottom_left,-1394.09660000,1394.09660000,0.21264900,0.00771957,10.97447529,12.03590356,-5.12781731,-82.48373090,28.94836320,110.50000000,-38.00000000,290.50000000,289.40949045,2.23834806,14.27425162,650.00000000,0.00000000,0.00000000,0.10000000,25.140938,23.664148,8.745310,tracks_run_0245.dat.18-04-18_17h34m46s.3.csv,1393
5033,245,3,1877,1,c,18,10,bottom_left,-1394.09660000,1394.09660000,0.21264900,0.00771957,10.97447529,12.03590356,-5.12781731,-82.48373090,28.94836320,110.50000000,-38.00000000,290.50000000,289.40949045,2.23834806,14.27425162,650.00000000,0.00000000,0.00000000,0.10000000,7.616689,-7.064912,-2.853467,tracks_run_0245.dat.18-04-18_17h34m46s.3.csv,1394
5038,245,3,1931,0,r,12,10,top_left,-1145.70360000,1145.70360000,0.20128800,0.00769076,9.01261942,9.75234637,2.22733860,-71.14888820,59.09764550,110.50000000,-13.00000000,290.50000000,262.01395397,2.34424007,12.09658644,650.00000000,0.00000000,0.00000000,0.10000000,28.400397,26.565051,10.431106,tracks_run_0245.dat.18-04-18_17h34m46s.3.csv,1442
5038,245,3,1931,1,c,12,10,top_left,-1145.70360000,1145.70360000,0.20128800,0.00769076,9.01261942,9.75234637,2.22733860,-71.14888820,59.09764550,110.50000000,-13.00000000,290.50000000,262.01395397,2.34424007,12.09658644,650.00000000,0.00000000,0.00000000,0.10000000,6.200468,-5.799867,-2.196324,tracks_run_0245.dat.18-04-18_17h34m46s.3.csv,1443
5041,245,3,1956,0,l,24,7,bottom_left,-1172.31880000,1172.31880000,0.19145900,0.00807427,9.65707752,10.50103814,-5.92309892,-73.89362200,63.60946440,-74.00000000,-37.75000000,290.50000000,239.62500082,2.05557050,12.55660864,650.00000000,0.00000000,0.00000000,0.10000000,17.724545,-17.602220,2.112504,tracks_run_0245.dat.18-04-18_17h34m46s.3.csv,1460
5041,245,3,1956,1,c,24,7,bottom_left,-1172.31880000,1172.31880000,0.19145900,0.00807427,9.65707752,10.50103814,-5.92309892,-73.89362200,63.60946440,-74.00000000,-37.75000000,290.50000000,239.62500082,2.05557050,12.55660864,650.00000000,0.00000000,0.00000000,0.10000000,1.886307,0.824366,1.696695,tracks_run_0245.dat.18-04-18_17h34m46s.3.csv,1461
5043,245,3,2002,0,l,27,2,top_left,-1416.02530000,1416.02530000,0.18526500,0.00800210,11.51644105,12.66904669,-7.86582440,-73.99898020,51.66238080,-74.00000000,-74.25000000,290.50000000,247.82493930,1.86673289,14.53577959,650.00000000,0.00000000,0.00000000,0.10000000,15.657702,-14.481592,-6.018497,tracks_run_0245.dat.18-04-18_17h34m46s.3.csv,1497
5043,245,3,2002,1,c,27,2,top_left,-1416.02530000,1416.02530000,0.18526500,0.00800210,11.51644105,12.66904669,-7.86582440,-73.99898020,51.66238080,-74.00000000,-74.25000000,290.50000000,247.82493930,1.86673289,14.53577959,650.00000000,0.00000000,0.00000000,0.10000000,2.837148,1.931640,2.078417,tracks_run_0245.dat.18-04-18_17h34m46s.3.csv,1498
5050,245,3,2169,0,r,37,5,top_left,-1023.19507000,1023.19507000,0.15591400,0.00610310,6.40057583,6.73229522,-6.88858542,-71.54822050,86.68433570,110.50000000,-74.25000000,290.50000000,235.21948179,2.66795994,9.40025516,650.00000000,0.00000000,0.00000000,0.10000000,30.147937,29.294436,-7.461746,tracks_run_0245.dat.18-04-18_17h34m46s.3.csv,1631
5050,245,3,2169,1,c,37,5,top_left,-1023.19507000,1023.19507000,0.15591400,0.00610310,6.40057583,6.73229522,-6.88858542,-71.54822050,86.68433570,110.50000000,-74.25000000,290.50000000,235.21948179,2.66795994,9.40025516,650.00000000,0.00000000,0.00000000,0.10000000,0.757680,-0.520633,-0.550480,tracks_run_0245.dat.18-04-18_17h34m46s.3.csv,1632
5052,245,3,2195,0,l,57,1,top_left,-535.63220000,535.63220000,0.18811800,0.00790992,4.42492585,4.46345216,6.61416823,-78.53220530,96.68086240,-135.50000000,-74.25000000,290.50000000,240.37602250,3.35452512,7.81797728,650.00000000,0.00000000,0.00000000,0.10000000,30.179966,-30.132170,-1.783686,tracks_run_0245.dat.18-04-18_17h34m46s.3.csv,1646
5052,245,3,2195,1,c,57,1,top_left,-535.63220000,535.63220000,0.18811800,0.00790992,4.42492585,4.46345216,6.61416823,-78.53220530,96.68086240,-135.50000000,-74.25000000,290.50000000,240.37602250,3.35452512,7.81797728,650.00000000,0.00000000,0.00000000,0.10000000,0.662403,0.595662,-0.289771,tracks_run_0245.dat.18-04-18_17h34m46s.3.csv,1647
5053,245,3,2254,0,l,31,5,top_right,-1562.39060000,1562.39060000,0.16255800,0.00607500,9.65408089,10.49755358,-1.42678141,-79.77660200,64.65760120,135.50000000,-74.25000000,290.50000000,264.16713628,2.25178250,12.74933608,650.00000000,0.00000000,0.00000000,0.10000000,0.399952,-0.388912,-0.093321,tracks_run_0245.dat.18-04-18_17h34m46s.3.csv,1693
5053,245,3,2254,1,r,31,5,top_right,-1562.39060000,1562.39060000,0.16255800,0.00607500,9.65408089,10.49755358,-1.42678141,-79.77660200,64.65760120,135.50000000,-74.25000000,290.50000000,264.16713628,2.25178250,12.74933608,650.00000000,0.00000000,0.00000000,0.10000000,29.927789,29.421920,-5.742451,tracks_run_0245.dat.18-04-18_17h34m46s.3.csv,1694
5053,245,3,2254,2,c,31,5,top_right,-1562.39060000,1562.39060000,0.16255800,0.00607500,9.65408089,10.49755358,-1.42678141,-79.77660200,64.65760120,135.50000000,-74.25000000,290.50000000,264.16713628,2.25178250,12.74933608,650.00000000,0.00000000,0.00000000,0.10000000,0.638723,0.000000,-0.638723,tracks_run_0245.dat.18-04-18_17h34m46s.3.csv,1695
5055,245,3,2301,0,l,24,7,bottom_left,-723.54270000,723.54270000,0.19145900,0.00807427,6.03353812,6.30978416,-6.24563017,-74.60898100,103.76650000,-74.00000000,-37.75000000,290.50000000,202.03623223,2.41640204,8.72618620,650.00000000,0.00000000,0.00000000,0.10000000,24.702507,-22.973865,9.335122,tracks_run_0245.dat.18-04-18_17h34m46s.3.csv,1729
5055,245,3,2301,1,c,24,7,bottom_left,-723.54270000,723.54270000,0.19145900,0.00807427,6.03353812,6.30978416,-6.24563017,-74.60898100,103.76650000,-74.00000000,-37.75000000,290.50000000,202.03623223,2.41640204,8.72618620,650.00000000,0.00000000,0.00000000,0.10000000,4.023358,0.903916,-3.920666,tracks_run_0245.dat.18-04-18_17h34m46s.3.csv,1730
5058,245,3,2337,0,r,12,10,top_left,-473.10150000,473.10150000,0.20128800,0.00769076,3.83979809,3.79403673,-2.24435793,-75.27680050,99.33883000,110.50000000,-13.00000000,290.50000000,230.50441003,3.47861702,7.27265375,650.00000000,0.00000000,0.00000000,0.10000000,33.073122,30.503255,13.448469,tracks_run_0245.dat.18-04-18_17h34m46s.3.csv,1754
5058,245,3,2337,1,c,12,10,top_left,-473.10150000,473.10150000,0.20128800,0.00769076,3.83979809,3.79403673,-2.24435793,-75.27680050,99.33883000,110.50000000,-13.00000000,290.50000000,230.50441003,3.47861702,7.27265375,650.00000000,0.00000000,0.00000000,0.10000000,0.286347,-0.268292,-0.100070,tracks_run_0245.dat.18-04-18_17h34m46s.3.csv,1755
5070,245,3,2549,0,r,59,9,top_right,-1340.10110000,1340.10110000,0.14848600,0.00807829,10.97421132,12.03559542,-3.77500273,-79.83436450,45.99718290,74.00000000,-12.75000000,290.50000000,265.19971829,2.06200285,14.09759827,650.00000000,0.00000000,0.00000000,0.10000000,21.100953,18.426308,10.465758,tracks_run_0245.dat.18-04-18_17h34m46s.3.csv,1914
5070,245,3,2549,1,c,59,9,top_right,-1340.10110000,1340.10110000,0.14848600,0.00807829,10.97421132,12.03559542,-3.77500273,-79.83436450,45.99718290,74.00000000,-12.75000000,290.50000000,265.19971829,2.06200285,14.09759827,650.00000000,0.00000000,0.00000000,0.10000000,0.847421,0.040241,0.846465,tracks_run_0245.dat.18-04-18_17h34m46s.3.csv,1915
5077,245,3,2577,0,r,31,5,top_right,-1226.71030000,1226.71030000,0.16255800,0.00607500,7.61482307,8.13332547,0.74375989,-71.94776440,76.09587230,135.50000000,-74.25000000,290.50000000,253.24627245,2.55027376,10.68359923,650.00000000,0.00000000,0.00000000,0.10000000,30.616372,29.920130,-6.815660,tracks_run_0245.dat.18-04-18_17h34m46s.3.csv,1942
5077,245,3,2577,1,c,31,5,top_right,-1226.71030000,1226.71030000,0.16255800,0.00607500,7.61482307,8.13332547,0.74375989,-71.94776440,76.09587230,135.50000000,-74.25000000,290.50000000,253.24627245,2.55027376,10.68359923,650.00000000,0.00000000,0.00000000,0.10000000,3.958827,-3.467857,1.910691,tracks_run_0245.dat.18-04-18_17h34m46s.3.csv,1943
5080,245,3,2698,0,r,67,9,bottom_left,-284.37616000,284.37616000,0.14348100,0.00802875,2.42666609,2.18214349,-6.60587348,-74.39833490,131.27347600,49.00000000,-37.75000000,290.50000000,172.59258258,3.37951608,5.56165957,650.00000000,0.00000000,0.00000000,0.10000000,20.840715,17.964295,10.744110,tracks_run_0245.dat.18-04-18_17h34m46s.3.csv,2038
5080,245,3,2698,1,c,67,9,bottom_left,-284.37616000,284.37616000,0.14348100,0.00802875,2.42666609,2.18214349,-6.60587348,-74.39833490,131.27347600,49.00000000,-37.75000000,290.50000000,172.59258258,3.37951608,5.56165957,650.00000000,0.00000000,0.00000000,0.10000000,0.205485,-0.169139,0.116688,tracks_run_0245.dat.18-04-18_17h34m46s.3.csv,2039
5083,245,3,2764,0,r,31,5,top_right,-703.48490000,703.48490000,0.16255800,0.00607500,4.43622877,4.47639472,-1.50970392,-76.25172650,84.64269200,135.50000000,-74.25000000,290.50000000,247.29111819,3.42984278,7.90623750,650.00000000,0.00000000,0.00000000,0.10000000,31.777698,31.703006,-2.300673,tracks_run_0245.dat.18-04-18_17h34m46s.3.csv,2079
5083,245,3,2764,1,c,31,5,top_right,-703.48490000,703.48490000,0.16255800,0.00607500,4.43622877,4.47639472,-1.50970392,-76.25172650,84.64269200,135.50000000,-74.25000000,290.50000000,247.29111819,3.42984278,7.90623750,650.00000000,0.00000000,0.00000000,0.10000000,4.153045,-3.883589,1.472698,tracks_run_0245.dat.18-04-18_17h34m46s.3.csv,2080
5084,245,3,2769,0,l,41,6,bottom_left,-608.34344000,608.34344000,0.32119500,0.00785352,5.09883237,5.23587734,-0.72906380,-65.17367890,71.90160120,-135.50000000,-38.00000000,290.50000000,258.23801817,3.30317724,8.53905458,650.00000000,0.00000000,0.00000000,0.10000000,33.277999,-32.819711,5.840292,tracks_run_0245.dat.18-04-18_17h34m46s.3.csv,2081
5084,245,3,2769,1,c,41,6,bottom_left,-608.34344000,608.34344000,0.32119500,0.00785352,5.09883237,5.23587734,-0.72906380,-65.17367890,71.90160120,-135.50000000,-38.00000000,290.50000000,258.23801817,3.30317724,8.53905458,650.00000000,0.00000000,0.00000000,0.10000000,3.874619,3.733577,1.036627,tracks_run_0245.dat.18-04-18_17h34m46s.3.csv,2082
5098,245,4,54,0,r,12,10,top_left,-1242.78470000,1242.78470000,0.20128800,0.00769076,9.75924686,10.61986188,5.21183159,-73.47229170,70.86591900,110.50000000,-13.00000000,290.50000000,250.96140342,2.13029915,12.75016103,650.00000000,0.00000000,0.00000000,0.10000000,27.029206,23.099358,14.438243,tracks_run_0245.dat.18-04-18_17h34m46s.4.csv,43
5098,245,4,54,1,c,12,10,top_left,-1242.78470000,1242.78470000,0.20128800,0.00769076,9.75924686,10.61986188,5.21183159,-73.47229170,70.86591900,110.50000000,-13.00000000,290.50000000,250.96140342,2.13029915,12.75016103,650.00000000,0.00000000,0.00000000,0.10000000,4.754779,-3.707098,-2.979553,tracks_run_0245.dat.18-04-18_17h34m46s.4.csv,44
5101,245,4,77,0,r,5,10,top_right,-326.91003000,326.91003000,0.18441600,0.00767440,2.69325433,2.48570855,-3.15149315,-68.67638190,101.58096300,135.50000000,-13.00000000,290.50000000,240.86199076,4.18496236,6.67067091,650.00000000,0.00000000,0.00000000,0.10000000,37.956448,37.073615,8.795770,tracks_run_0245.dat.18-04-18_17h34m46s.4.csv,63
5101,245,4,77,1,c,5,10,top_right,-326.91003000,326.91003000,0.18441600,0.00767440,2.69325433,2.48570855,-3.15149315,-68.67638190,101.58096300,135.50000000,-13.00000000,290.50000000,240.86199076,4.18496236,6.67067091,650.00000000,0.00000000,0.00000000,0.10000000,0.719288,-0.684495,0.221006,tracks_run_0245.dat.18-04-18_17h34m46s.4.csv,64
5119,245,4,344,0,r,31,5,top_right,-548.23975000,548.23975000,0.16255800,0.00607500,3.49311448,3.39796251,6.06687786,-74.52579400,106.94699400,135.50000000,-74.25000000,290.50000000,224.59900975,3.56117851,6.95914102,650.00000000,0.00000000,0.00000000,0.10000000,34.798645,33.958272,-8.103467,tracks_run_0245.dat.18-04-18_17h34m46s.4.csv,281
5119,245,4,344,1,c,31,5,top_right,-548.23975000,548.23975000,0.16255800,0.00607500,3.49311448,3.39796251,6.06687786,-74.52579400,106.94699400,135.50000000,-74.25000000,290.50000000,224.59900975,3.56117851,6.95914102,650.00000000,0.00000000,0.00000000,0.10000000,1.065655,-0.722211,0.783622,tracks_run_0245.dat.18-04-18_17h34m46s.4.csv,282
5120,245,4,352,0,l,46,2,top_right,-767.27270000,767.27270000,0.13780700,0.00799780,6.27430060,6.58688332,0.15132414,-68.13623260,114.22037500,-49.00000000,-74.25000000,290.50000000,183.10580823,2.15760255,8.74448587,650.00000000,0.00000000,0.00000000,0.10000000,21.216105,-19.908894,-7.485663,tracks_run_0245.dat.18-04-18_17h34m46s.4.csv,286
5120,245,4,352,1,c,46,2,top_right,-767.27270000,767.27270000,0.13780700,0.00799780,6.27430060,6.58688332,0.15132414,-68.13623260,114.22037500,-49.00000000,-74.25000000,290.50000000,183.10580823,2.15760255,8.74448587,650.00000000,0.00000000,0.00000000,0.10000000,0.496922,-0.496737,-0.013566,tracks_run_0245.dat.18-04-18_17h34m46s.4.csv,287
5123,245,4,398,0,r,37,5,top_left,-1296.12950000,1296.12950000,0.15591400,0.00610310,8.06632195,8.65555524,0.20778546,-67.83796410,68.90969790,110.50000000,-74.25000000,290.50000000,247.60401608,2.40360054,11.05915578,650.00000000,0.00000000,0.00000000,0.10000000,27.668075,27.304074,-4.655848,tracks_run_0245.dat.18-04-18_17h34m46s.4.csv,321
5123,245,4,398,1,c,37,5,top_left,-1296.12950000,1296.12950000,0.15591400,0.00610310,8.06632195,8.65555524,0.20778546,-67.83796410,68.90969790,110.50000000,-74.25000000,290.50000000,247.60401608,2.40360054,11.05915578,650.00000000,0.00000000,0.00000000,0.10000000,2.540930,-2.083999,1.454032,tracks_run_0245.dat.18-04-18_17h34m46s.4.csv,322
5126,245,4,509,0,l,48,6,bottom_right,-1805.25840000,1805.25840000,0.19111700,0.00777749,14.23149615,15.85590097,0.90048459,-72.48554970,35.03661470,-110.50000000,-38.00000000,290.50000000,280.82176257,1.79267386,17.64857483,650.00000000,0.00000000,0.00000000,0.10000000,22.817365,-22.644845,2.877300,tracks_run_0245.dat.18-04-18_17h34m46s.4.csv,400
5126,245,4,509,1,c,48,6,bottom_right,-1805.25840000,1805.25840000,0.19111700,0.00777749,14.23149615,15.85590097,0.90048459,-72.48554970,35.03661470,-110.50000000,-38.00000000,290.50000000,280.82176257,1.79267386,17.64857483,650.00000000,0.00000000,0.00000000,0.10000000,0.347294,0.014818,0.346978,tracks_run_0245.dat.18-04-18_17h34m46s.4.csv,401
5134,245,4,626,0,r,67,9,bottom_left,-464.12128000,464.12128000,0.14348100,0.00802875,3.86979473,3.82832607,-2.64373458,-79.38123340,106.99571700,49.00000000,-37.75000000,290.50000000,195.12574611,3.02280187,6.85112794,650.00000000,0.00000000,0.00000000,0.10000000,13.888655,13.242365,4.225360,tracks_run_0245.dat.18-04-18_17h34m46s.4.csv,483
5134,245,4,626,1,c,67,9,bottom_left,-464.12128000,464.12128000,0.14348100,0.00802875,3.86979473,3.82832607,-2.64373458,-79.38123340,106.99571700,49.00000000,-37.75000000,290.50000000,195.12574611,3.02280187,6.85112794,650.00000000,0.00000000,0.00000000,0.10000000,1.044314,0.803915,0.666590,tracks_run_0245.dat.18-04-18_17h34m46s.4.csv,484
5135,245,4,634,0,r,12,10,top_left,-440.26620000,440.26620000,0.20128800,0.00769076,3.58726968,3.50549120,-6.17193911,-68.11354180,87.78666060,110.50000000,-13.00000000,290.50000000,240.29677866,3.71324798,7.21873917,650.00000000,0.00000000,0.00000000,0.10000000,32.097913,29.359240,13.595466,tracks_run_0245.dat.18-04-18_17h34m46s.4.csv,489
5135,245,4,634,1,c,12,10,top_left,-440.26620000,440.26620000,0.20128800,0.00769076,3.58726968,3.50549120,-6.17193911,-68.11354180,87.78666060,110.50000000,-13.00000000,290.50000000,240.29677866,3.71324798,7.21873917,650.00000000,0.00000000,0.00000000,0.10000000,0.168770,0.139668,-0.094743,tracks_run_0245.dat.18-04-18_17h34m46s.4.csv,490
5138,245,4,660,0,l,57,1,top_left,-902.77026000,902.77026000,0.18811800,0.00790992,7.32895853,7.80303632,0.96746457,-74.79076670,68.21127250,-135.50000000,-74.25000000,290.50000000,260.83699831,2.68479891,10.48783523,650.00000000,0.00000000,0.00000000,0.10000000,32.046399,-31.859710,-3.651638,tracks_run_0245.dat.18-04-18_17h34m46s.4.csv,512
5138,245,4,660,1,c,57,1,top_left,-902.77026000,902.77026000,0.18811800,0.00790992,7.32895853,7.80303632,0.96746457,-74.79076670,68.21127250,-135.50000000,-74.25000000,290.50000000,260.83699831,2.68479891,10.48783523,650.00000000,0.00000000,0.00000000,0.10000000,6.264904,5.907372,2.089850,tracks_run_0245.dat.18-04-18_17h34m46s.4.csv,513
5142,245,4,773,0,l,48,6,bottom_right,-365.93753000,365.93753000,0.19111700,0.00777749,3.03719248,2.87770922,5.49520121,-80.67499390,111.21483800,-110.50000000,-38.00000000,290.50000000,217.75952590,3.69468651,6.57239573,650.00000000,0.00000000,0.00000000,0.10000000,36.387924,-35.250253,9.677089,tracks_run_0245.dat.18-04-18_17h34m46s.4.csv,586
5142,245,4,773,1,c,48,6,bottom_right,-365.93753000,365.93753000,0.19111700,0.00777749,3.03719248,2.87770922,5.49520121,-80.67499390,111.21483800,-110.50000000,-38.00000000,290.50000000,217.75952590,3.69468651,6.57239573,650.00000000,0.00000000,0.00000000,0.10000000,1.442444,-1.422146,-0.241156,tracks_run_0245.dat.18-04-18_17h34m46s.4.csv,587
5151,245,4,867,0,r,59,9,top_right,-1847.98020000,1847.98020000,0.14848600,0.00807829,15.07700597,16.85345413,3.63003075,-75.93468630,22.76499740,74.00000000,-12.75000000,290.50000000,283.94765146,1.73327107,18.58672520,650.00000000,0.00000000,0.00000000,0.10000000,17.903690,15.249733,9.493683,tracks_run_0245.dat.18-04-18_17h34m46s.4.csv,647
5151,245,4,867,1,c,59,9,top_right,-1847.98020000,1847.98020000,0.14848600,0.00807829,15.07700597,16.85345413,3.63003075,-75.93468630,22.76499740,74.00000000,-12.75000000,290.50000000,283.94765146,1.73327107,18.58672520,650.00000000,0.00000000,0.00000000,0.10000000,9.979094,-7.842798,-6.189717,tracks_run_0245.dat.18-04-18_17h34m46s.4.csv,648
5154,245,4,901,0,l,46,2,top_right,-722.83740000,722.83740000,0.13780700,0.00799780,5.91891596,6.17793209,4.51732974,-69.28446820,93.76881500,-49.00000000,-74.25000000,290.50000000,203.94097244,2.46588989,8.64382199,650.00000000,0.00000000,0.00000000,0.10000000,20.618473,-19.698550,-6.214794,tracks_run_0245.dat.18-04-18_17h34m46s.4.csv,671
5154,245,4,901,1,c,46,2,top_right,-722.83740000,722.83740000,0.13780700,0.00799780,5.91891596,6.17793209,4.51732974,-69.28446820,93.76881500,-49.00000000,-74.25000000,290.50000000,203.94097244,2.46588989,8.64382199,650.00000000,0.00000000,0.00000000,0.10000000,1.690537,1.198986,1.191870,tracks_run_0245.dat.18-04-18_17h34m46s.4.csv,672
5156,245,4,939,0,r,67,9,bottom_left,-674.03350000,674.03350000,0.14348100,0.00802875,5.55512746,5.75975508,1.69951784,-68.76979110,125.11656200,49.00000000,-37.75000000,290.50000000,174.78914330,2.23629416,7.99604924,650.00000000,0.00000000,0.00000000,0.10000000,12.526161,12.497737,0.850158,tracks_run_0245.dat.18-04-18_17h34m46s.4.csv,695
5156,245,4,939,1,c,67,9,bottom_left,-674.03350000,674.03350000,0.14348100,0.00802875,5.55512746,5.75975508,1.69951784,-68.76979110,125.11656200,49.00000000,-37.75000000,290.50000000,174.78914330,2.23629416,7.99604924,650.00000000,0.00000000,0.00000000,0.10000000,1.579868,-0.260384,1.558268,tracks_run_0245.dat.18-04-18_17h34m46s.4.csv,696
5172,245,4,1201,0,l,33,2,bottom_left,-557.56885000,557.56885000,0.17892400,0.00797561,4.62587570,4.69361737,1.45540659,-76.62391560,124.09378600,-74.00000000,-99.25000000,290.50000000,184.10998381,2.61269668,7.30631405,650.00000000,0.00000000,0.00000000,0.10000000,25.012890,-23.203522,-9.610178,tracks_run_0245.dat.18-04-18_17h34m46s.4.csv,886
5172,245,4,1201,1,c,33,2,bottom_left,-557.56885000,557.56885000,0.17892400,0.00797561,4.62587570,4.69361737,1.45540659,-76.62391560,124.09378600,-74.00000000,-99.25000000,290.50000000,184.10998381,2.61269668,7.30631405,650.00000000,0.00000000,0.00000000,0.10000000,26.982390,2.912728,26.836452,tracks_run_0245.dat.18-04-18_17h34m46s.4.csv,887
5175,245,4,1239,0,r,67,9,bottom_left,-286.50168000,286.50168000,0.14348100,0.00802875,2.44373136,2.20156854,-1.66699857,-81.58078250,127.68851300,49.00000000,-37.75000000,290.50000000,176.05641862,3.42205522,5.62362376,650.00000000,0.00000000,0.00000000,0.10000000,18.034412,16.917294,6.342066,tracks_run_0245.dat.18-04-18_17h34m46s.4.csv,913
5175,245,4,1239,1,c,67,9,bottom_left,-286.50168000,286.50168000,0.14348100,0.00802875,2.44373136,2.20156854,-1.66699857,-81.58078250,127.68851300,49.00000000,-37.75000000,290.50000000,176.05641862,3.42205522,5.62362376,650.00000000,0.00000000,0.00000000,0.10000000,0.794250,-0.732447,0.307180,tracks_run_0245.dat.18-04-18_17h34m46s.4.csv,914
5177,245,4,1264,0,r,18,10,bottom_left,-1459.04980000,1459.04980000,0.21264900,0.00771957,11.47588606,12.62163439,1.88294342,-79.34969810,40.05747520,110.50000000,-38.00000000,290.50000000,276.09585426,2.07307072,14.69470511,650.00000000,0.00000000,0.00000000,0.10000000,23.005686,22.324284,5.705543,tracks_run_0245.dat.18-04-18_17h34m46s.4.csv,928
5177,245,4,1264,1,c,18,10,bottom_left,-1459.04980000,1459.04980000,0.21264900,0.00771957,11.47588606,12.62163439,1.88294342,-79.34969810,40.05747520,110.50000000,-38.00000000,290.50000000,276.09585426,2.07307072,14.69470511,650.00000000,0.00000000,0.00000000,0.10000000,0.697390,-0.513849,-0.471506,tracks_run_0245.dat.18-04-18_17h34m46s.4.csv,929
5179,245,4,1277,0,l,24,7,bottom_left,-1239.31970000,1239.31970000,0.19145900,0.00807427,10.19806087,11.13060955,1.43586466,-78.44076610,58.94891950,-74.00000000,-37.75000000,290.50000000,246.90526727,2.03308849,13.16369804,650.00000000,0.00000000,0.00000000,0.10000000,19.474572,-17.999561,7.561094,tracks_run_0245.dat.18-04-18_17h34m46s.4.csv,939
5179,245,4,1277,1,c,24,7,bottom_left,-1239.31970000,1239.31970000,0.19145900,0.00807427,10.19806087,11.13060955,1.43586466,-78.44076610,58.94891950,-74.00000000,-37.75000000,290.50000000,246.90526727,2.03308849,13.16369804,650.00000000,0.00000000,0.00000000,0.10000000,4.200962,3.378085,-2.498772,tracks_run_0245.dat.18-04-18_17h34m46s.4.csv,940
5180,245,4,1293,0,l,10,7,top_right,-288.23477000,288.23477000,0.21208800,0.00810101,2.54708075,2.31923021,0.55539961,-68.10781420,132.10586600,-49.00000000,-12.75000000,290.50000000,174.95407086,3.35055022,5.66978043,650.00000000,0.00000000,0.00000000,0.10000000,21.026753,-19.003073,9.171699,tracks_run_0245.dat.18-04-18_17h34m46s.4.csv,951
5180,245,4,1293,1,c,10,7,top_right,-288.23477000,288.23477000,0.21208800,0.00810101,2.54708075,2.31923021,0.55539961,-68.10781420,132.10586600,-49.00000000,-12.75000000,290.50000000,174.95407086,3.35055022,5.66978043,650.00000000,0.00000000,0.00000000,0.10000000,1.054236,0.774106,0.715686,tracks_run_0245.dat.18-04-18_17h34m46s.4.csv,952
5181,245,4,1315,0,r,37,5,top_left,-2247.49270000,2247.49270000,0.15591400,0.00610310,13.87258670,15.43318569,1.73724790,-70.68096560,28.57268610,110.50000000,-74.25000000,290.50000000,283.63355235,1.84560044,17.27878613,650.00000000,0.00000000,0.00000000,0.10000000,21.129506,20.818167,-3.696878,tracks_run_0245.dat.18-04-18_17h34m46s.4.csv,973
5181,245,4,1315,1,c,37,5,top_left,-2247.49270000,2247.49270000,0.15591400,0.00610310,13.87258670,15.43318569,1.73724790,-70.68096560,28.57268610,110.50000000,-74.25000000,290.50000000,283.63355235,1.84560044,17.27878613,650.00000000,0.00000000,0.00000000,0.10000000,0.943133,0.939946,-0.077471,tracks_run_0245.dat.18-04-18_17h34m46s.4.csv,974
5182,245,4,1317,0,r,63,9,top_left,-559.01965000,559.01965000,0.12913200,0.00808714,4.65000217,4.72126074,3.23372547,-70.17404480,91.37024230,49.00000000,-12.75000000,290.50000000,212.23744535,2.94217263,7.66343337,650.00000000,0.00000000,0.00000000,0.10000000,17.368452,13.329294,11.237675,tracks_run_0245.dat.18-04-18_17h34m46s.4.csv,975
5182,245,4,1317,1,c,63,9,top_left,-559.01965000,559.01965000,0.12913200,0.00808714,4.65000217,4.72126074,3.23372547,-70.17404480,91.37024230,49.00000000,-12.75000000,290.50000000,212.23744535,2.94217263,7.66343337,650.00000000,0.00000000,0.00000000,0.10000000,0.610514,-0.174829,0.584947,tracks_run_0245.dat.18-04-18_17h34m46s.4.csv,976
5184,245,4,1334,0,l,57,1,top_left,-1284.73060000,1284.73060000,0.18811800,0.00790992,10.35023427,11.30788122,-4.27735760,-74.93167510,42.25702420,-135.50000000,-74.25000000,290.50000000,280.79248849,2.26910804,13.57698925,650.00000000,0.00000000,0.00000000,0.10000000,28.502319,-28.030483,-5.387885,tracks_run_0245.dat.18-04-18_17h34m46s.4.csv,988
5184,245,4,1334,1,c,57,1,top_left,-1284.73060000,1284.73060000,0.18811800,0.00790992,10.35023427,11.30788122,-4.27735760,-74.93167510,42.25702420,-135.50000000,-74.25000000,290.50000000,280.79248849,2.26910804,13.57698925,650.00000000,0.00000000,0.00000000,0.10000000,1.200592,0.307698,-1.160499,tracks_run_0245.dat.18-04-18_17h34m46s.4.csv,989
5188,245,4,1414,0,l,29,6,top_right,-483.67422000,483.67422000,0.22227000,0.00759729,3.89688331,3.85929384,-4.85390760,-73.72992130,107.73201000,-110.50000000,-13.00000000,290.50000000,219.66647070,3.32064463,7.17993846,650.00000000,0.00000000,0.00000000,0.10000000,30.164021,-27.844804,12.094151,tracks_run_0245.dat.18-04-18_17h34m46s.4.csv,1040
5188,245,4,1414,1,c,29,6,top_right,-483.67422000,483.67422000,0.22227000,0.00759729,3.89688331,3.85929384,-4.85390760,-73.72992130,107.73201000,-110.50000000,-13.00000000,290.50000000,219.66647070,3.32064463,7.17993846,650.00000000,0.00000000,0.00000000,0.10000000,14.445621,2.023432,14.306193,tracks_run_0245.dat.18-04-18_17h34m46s.4.csv,1041
5209,245,4,1824,0,l,17,7,top_left,-442.61246000,442.61246000,0.20723500,0.00798853,3.74305792,3.68347326,0.87750244,-79.47487380,117.51649800,-74.00000000,-12.75000000,290.50000000,199.95534781,3.13642384,6.81989710,650.00000000,0.00000000,0.00000000,0.10000000,27.111604,-23.815239,13.352822,tracks_run_0245.dat.18-04-18_17h34m46s.4.csv,1327
5209,245,4,1824,1,c,17,7,top_left,-442.61246000,442.61246000,0.20723500,0.00798853,3.74305792,3.68347326,0.87750244,-79.47487380,117.51649800,-74.00000000,-12.75000000,290.50000000,199.95534781,3.13642384,6.81989710,650.00000000,0.00000000,0.00000000,0.10000000,1.721387,0.965410,-1.425254,tracks_run_0245.dat.18-04-18_17h34m46s.4.csv,1328
5213,245,4,1858,0,l,4,7,bottom_right,-336.88600000,336.88600000,0.17915400,0.00826490,2.96348310,2.79366570,4.53377641,-79.59161260,125.14017200,-49.00000000,-37.75000000,290.50000000,178.77488212,3.19725543,5.99092113,650.00000000,0.00000000,0.00000000,0.10000000,19.833927,-17.964313,8.548816,tracks_run_0245.dat.18-04-18_17h34m46s.4.csv,1355
5213,245,4,1858,1,c,4,7,bottom_right,-336.88600000,336.88600000,0.17915400,0.00826490,2.96348310,2.79366570,4.53377641,-79.59161260,125.14017200,-49.00000000,-37.75000000,290.50000000,178.77488212,3.19725543,5.99092113,650.00000000,0.00000000,0.00000000,0.10000000,15.365575,0.633631,15.352819,tracks_run_0245.dat.18-04-18_17h34m46s.4.csv,1356
5219,245,4,1973,0,r,18,10,bottom_left,-695.50060000,695.50060000,0.21264900,0.00771957,5.58161457,5.79018698,4.31692543,-73.10590590,111.17126800,110.50000000,-38.00000000,290.50000000,211.34347417,2.63742578,8.42761276,650.00000000,0.00000000,0.00000000,0.10000000,30.110096,28.907257,8.815112,tracks_run_0245.dat.18-04-18_17h34m46s.4.csv,1444
5219,245,4,1973,1,c,18,10,bottom_left,-695.50060000,695.50060000,0.21264900,0.00771957,5.58161457,5.79018698,4.31692543,-73.10590590,111.17126800,110.50000000,-38.00000000,290.50000000,211.34347417,2.63742578,8.42761276,650.00000000,0.00000000,0.00000000,0.10000000,0.834836,0.834456,0.025177,tracks_run_0245.dat.18-04-18_17h34m46s.4.csv,1445
5220,245,4,1989,0,r,18,10,bottom_left,-1630.10450000,1630.10450000,0.21264900,0.00771957,12.79635480,14.16825030,1.93861485,-78.65829980,26.89934220,110.50000000,-38.00000000,290.50000000,287.96523832,1.99029555,16.15854585,650.00000000,0.00000000,0.00000000,0.10000000,21.714210,21.344753,4.085088,tracks_run_0245.dat.18-04-18_17h34m46s.4.csv,1453
5220,245,4,1989,1,c,18,10,bottom_left,-1630.10450000,1630.10450000,0.21264900,0.00771957,12.79635480,14.16825030,1.93861485,-78.65829980,26.89934220,110.50000000,-38.00000000,290.50000000,287.96523832,1.99029555,16.15854585,650.00000000,0.00000000,0.00000000,0.10000000,9.960809,-9.234653,-3.749787,tracks_run_0245.dat.18-04-18_17h34m46s.4.csv,1454
5224,245,4,2027,0,l,33,2,bottom_left,-1777.61170000,1777.61170000,0.17892400,0.00797561,14.35646165,16.00318525,3.29321846,-66.61502950,39.04654610,-74.00000000,-99.25000000,290.50000000,265.08135053,1.68471659,17.68790184,650.00000000,0.00000000,0.00000000,0.10000000,18.024927,-15.812697,-8.764699,tracks_run_0245.dat.18-04-18_17h34m46s.4.csv,1487
5224,245,4,2027,1,c,33,2,bottom_left,-1777.61170000,1777.61170000,0.17892400,0.00797561,14.35646165,16.00318525,3.29321846,-66.61502950,39.04654610,-74.00000000,-99.25000000,290.50000000,265.08135053,1.68471659,17.68790184,650.00000000,0.00000000,0.00000000,0.10000000,37.918223,-0.135404,37.918018,tracks_run_0245.dat.18-04-18_17h34m46s.4.csv,1488
5236,245,4,2248,0,l,24,7,bottom_left,-1451.17040000,1451.17040000,0.19145900,0.00807427,11.90860063,13.12780381,-3.17546041,-80.70552350,54.99973740,-74.00000000,-37.75000000,290.50000000,249.64307740,1.83358065,14.96138447,650.00000000,0.00000000,0.00000000,0.10000000,15.977162,-14.375851,7.046416,tracks_run_0245.dat.18-04-18_17h34m46s.4.csv,1657
5236,245,4,2248,1,c,24,7,bottom_left,-1451.17040000,1451.17040000,0.19145900,0.00807427,11.90860063,13.12780381,-3.17546041,-80.70552350,54.99973740,-74.00000000,-37.75000000,290.50000000,249.64307740,1.83358065,14.96138447,650.00000000,0.00000000,0.00000000,0.10000000,4.647166,2.938702,-3.601605,tracks_run_0245.dat.18-04-18_17h34m46s.4.csv,1658
5242,245,4,2333,0,l,10,7,top_right,-648.59840000,648.59840000,0.21208800,0.00810101,5.46639012,5.65781926,-7.76417195,-69.46182480,94.21067130,-49.00000000,-12.75000000,290.50000000,208.43734106,2.63837400,8.29619326,650.00000000,0.00000000,0.00000000,0.10000000,18.445873,-11.147990,14.790275,tracks_run_0245.dat.18-04-18_17h34m46s.4.csv,1721
5242,245,4,2333,1,c,10,7,top_right,-648.59840000,648.59840000,0.21208800,0.00810101,5.46639012,5.65781926,-7.76417195,-69.46182480,94.21067130,-49.00000000,-12.75000000,290.50000000,208.43734106,2.63837400,8.29619326,650.00000000,0.00000000,0.00000000,0.10000000,10.254570,3.178795,-9.754450,tracks_run_0245.dat.18-04-18_17h34m46s.4.csv,1722
5244,245,4,2351,0,r,5,10,top_right,-801.19730000,801.19730000,0.18441600,0.00767440,6.33312456,6.65461515,-1.71481498,-67.59631220,76.35208450,135.50000000,-13.00000000,290.50000000,260.13072189,2.93537359,9.58998873,650.00000000,0.00000000,0.00000000,0.10000000,32.252726,31.166750,8.751611,tracks_run_0245.dat.18-04-18_17h34m46s.4.csv,1741
5244,245,4,2351,1,c,5,10,top_right,-801.19730000,801.19730000,0.18441600,0.00767440,6.33312456,6.65461515,-1.71481498,-67.59631220,76.35208450,135.50000000,-13.00000000,290.50000000,260.13072189,2.93537359,9.58998873,650.00000000,0.00000000,0.00000000,0.10000000,3.871098,-3.795183,-0.763436,tracks_run_0245.dat.18-04-18_17h34m46s.4.csv,1742
5263,245,4,2717,0,r,67,9,bottom_left,-833.81180000,833.81180000,0.14348100,0.00802875,6.83794749,7.23636846,-3.22103197,-79.98647060,88.61254350,49.00000000,-37.75000000,290.50000000,212.76630542,2.33855506,9.57492352,650.00000000,0.00000000,0.00000000,0.10000000,17.447724,16.234434,6.480520,tracks_run_0245.dat.18-04-18_17h34m46s.4.csv,2001
5263,245,4,2717,1,c,67,9,bottom_left,-833.81180000,833.81180000,0.14348100,0.00802875,6.83794749,7.23636846,-3.22103197,-79.98647060,88.61254350,49.00000000,-37.75000000,290.50000000,212.76630542,2.33855506,9.57492352,650.00000000,0.00000000,0.00000000,0.10000000,0.937092,-0.016396,-0.936948,tracks_run_0245.dat.18-04-18_17h34m46s.4.csv,2002
5266,245,4,2770,0,r,67,9,bottom_left,-301.53806000,301.53806000,0.14348100,0.00802875,2.56445470,2.33901374,0.91409132,-78.09956800,141.44035000,49.00000000,-37.75000000,290.50000000,161.73781719,3.14363617,5.48264991,650.00000000,0.00000000,0.00000000,0.10000000,16.373144,15.355611,5.751647,tracks_run_0245.dat.18-04-18_17h34m46s.4.csv,2036
5266,245,4,2770,1,c,67,9,bottom_left,-301.53806000,301.53806000,0.14348100,0.00802875,2.56445470,2.33901374,0.91409132,-78.09956800,141.44035000,49.00000000,-37.75000000,290.50000000,161.73781719,3.14363617,5.48264991,650.00000000,0.00000000,0.00000000,0.10000000,1.901396,0.023157,1.901255,tracks_run_0245.dat.18-04-18_17h34m46s.4.csv,2037
5267,245,4,2799,0,r,67,9,bottom_left,-1252.62490000,1252.62490000,0.14348100,0.00802875,10.20049317,11.13344238,-0.00070202,-71.92782840,84.61965290,49.00000000,-37.75000000,290.50000000,214.37329608,1.77952693,12.91296931,650.00000000,0.00000000,0.00000000,0.10000000,16.404600,15.296415,5.999197,tracks_run_0245.dat.18-04-18_17h34m46s.4.csv,2051
5267,245,4,2799,1,c,67,9,bottom_left,-1252.62490000,1252.62490000,0.14348100,0.00802875,10.20049317,11.13344238,-0.00070202,-71.92782840,84.61965290,49.00000000,-37.75000000,290.50000000,214.37329608,1.77952693,12.91296931,650.00000000,0.00000000,0.00000000,0.10000000,2.082480,-1.369401,-1.569054,tracks_run_0245.dat.18-04-18_17h34m46s.4.csv,2052
5269,245,4,2810,0,l,41,6,bottom_left,-325.78296000,325.78296000,0.32119500,0.00785352,2.87973799,2.69820185,6.87458237,-73.93537560,104.66401000,-135.50000000,-38.00000000,290.50000000,236.84781634,4.02822801,6.72642986,650.00000000,0.00000000,0.00000000,0.10000000,36.061132,-35.035074,9.146690,tracks_run_0245.dat.18-04-18_17h34m46s.4.csv,2065
5269,245,4,2810,1,c,41,6,bottom_left,-325.78296000,325.78296000,0.32119500,0.00785352,2.87973799,2.69820185,6.87458237,-73.93537560,104.66401000,-135.50000000,-38.00000000,290.50000000,236.84781634,4.02822801,6.72642986,650.00000000,0.00000000,0.00000000,0.10000000,1.369324,1.104940,-0.808850,tracks_run_0245.dat.18-04-18_17h34m46s.4.csv,2066
5274,245,5,30,0,r,18,10,bottom_left,-1833.52320000,1833.52320000,0.21264900,0.00771957,14.36665969,16.01520700,1.48091811,-69.42594490,27.62828310,110.50000000,-38.00000000,290.50000000,286.31152575,1.81311149,17.82831849,650.00000000,0.00000000,0.00000000,0.10000000,20.490265,19.521990,6.349525,tracks_run_0245.dat.18-04-18_17h34m46s.5.csv,23
5274,245,5,30,1,c,18,10,bottom_left,-1833.52320000,1833.52320000,0.21264900,0.00771957,14.36665969,16.01520700,1.48091811,-69.42594490,27.62828310,110.50000000,-38.00000000,290.50000000,286.31152575,1.81311149,17.82831849,650.00000000,0.00000000,0.00000000,0.10000000,1.156239,-1.037986,-0.509412,tracks_run_0245.dat.18-04-18_17h34m46s.5.csv,24
5284,245,5,349,0,r,37,5,top_left,-1817.59310000,1817.59310000,0.15591400,0.00610310,11.24886645,12.35633198,-5.73109958,-75.30738840,39.53767280,110.50000000,-74.25000000,290.50000000,276.57345544,2.10699358,14.46332556,650.00000000,0.00000000,0.00000000,0.10000000,23.965384,23.448950,-5.094364,tracks_run_0245.dat.18-04-18_17h34m46s.5.csv,262
5284,245,5,349,1,c,37,5,top_left,-1817.59310000,1817.59310000,0.15591400,0.00610310,11.24886645,12.35633198,-5.73109958,-75.30738840,39.53767280,110.50000000,-74.25000000,290.50000000,276.57345544,2.10699358,14.46332556,650.00000000,0.00000000,0.00000000,0.10000000,7.083699,-5.313993,4.690781,tracks_run_0245.dat.18-04-18_17h34m46s.5.csv,263
5285,245,5,365,0,r,63,9,top_left,-367.19080000,367.19080000,0.12913200,0.00808714,3.09865541,2.94780344,2.07155394,-76.17977420,127.94642200,49.00000000,-12.75000000,290.50000000,180.69112049,3.16065208,6.10845552,650.00000000,0.00000000,0.00000000,0.10000000,22.093795,15.352757,16.083593,tracks_run_0245.dat.18-04-18_17h34m46s.5.csv,271
5285,245,5,365,1,c,63,9,top_left,-367.19080000,367.19080000,0.12913200,0.00808714,3.09865541,2.94780344,2.07155394,-76.17977420,127.94642200,49.00000000,-12.75000000,290.50000000,180.69112049,3.16065208,6.10845552,650.00000000,0.00000000,0.00000000,0.10000000,1.505472,-1.080082,1.048809,tracks_run_0245.dat.18-04-18_17h34m46s.5.csv,272
5300,245,5,563,0,l,27,2,top_left,-1425.03580000,1425.03580000,0.18526500,0.00800210,11.58854398,12.75335509,4.34065071,-75.16874830,62.42744450,-74.00000000,-74.25000000,290.50000000,241.15387665,1.81055949,14.56391458,650.00000000,0.00000000,0.00000000,0.10000000,20.777630,-19.903172,-6.089195,tracks_run_0245.dat.18-04-18_17h34m46s.5.csv,422
5300,245,5,563,1,c,27,2,top_left,-1425.03580000,1425.03580000,0.18526500,0.00800210,11.58854398,12.75335509,4.34065071,-75.16874830,62.42744450,-74.00000000,-74.25000000,290.50000000,241.15387665,1.81055949,14.56391458,650.00000000,0.00000000,0.00000000,0.10000000,5.242172,4.277767,3.032850,tracks_run_0245.dat.18-04-18_17h34m46s.5.csv,423
5308,245,5,637,0,r,67,9,bottom_left,-1134.48460000,1134.48460000,0.14348100,0.00802875,9.25197423,10.03024923,-3.34062933,-66.29826350,68.49471690,49.00000000,-37.75000000,290.50000000,229.87146528,2.03834453,12.06859376,650.00000000,0.00000000,0.00000000,0.10000000,9.384015,9.367033,-0.566835,tracks_run_0245.dat.18-04-18_17h34m46s.5.csv,475
5308,245,5,637,1,c,67,9,bottom_left,-1134.48460000,1134.48460000,0.14348100,0.00802875,9.25197423,10.03024923,-3.34062933,-66.29826350,68.49471690,49.00000000,-37.75000000,290.50000000,229.87146528,2.03834453,12.06859376,650.00000000,0.00000000,0.00000000,0.10000000,1.799264,-0.768818,1.626784,tracks_run_0245.dat.18-04-18_17h34m46s.5.csv,476
5311,245,5,672,0,l,10,7,top_right,-1081.11570000,1081.11570000,0.21208800,0.00810101,8.97021710,9.70313547,2.42688462,-80.01758630,80.59316860,-49.00000000,-12.75000000,290.50000000,226.34162343,2.05371026,11.75684573,650.00000000,0.00000000,0.00000000,0.10000000,18.244580,-12.962339,12.950809,tracks_run_0245.dat.18-04-18_17h34m46s.5.csv,504
5311,245,5,672,1,c,10,7,top_right,-1081.11570000,1081.11570000,0.21208800,0.00810101,8.97021710,9.70313547,2.42688462,-80.01758630,80.59316860,-49.00000000,-12.75000000,290.50000000,226.34162343,2.05371026,11.75684573,650.00000000,0.00000000,0.00000000,0.10000000,0.992052,-0.289366,0.948916,tracks_run_0245.dat.18-04-18_17h34m46s.5.csv,505
5317,245,5,739,0,l,4,7,bottom_right,-531.48645000,531.48645000,0.17915400,0.00826490,4.57183636,4.63170796,7.41571183,-85.26044380,93.35468590,-49.00000000,-37.75000000,290.50000000,210.49049784,2.94895756,7.58066552,650.00000000,0.00000000,0.00000000,0.10000000,21.285414,-18.235315,11.171168,tracks_run_0245.dat.18-04-18_17h34m46s.5.csv,556
5317,245,5,739,1,c,4,7,bottom_right,-531.48645000,531.48645000,0.17915400,0.00826490,4.57183636,4.63170796,7.41571183,-85.26044380,93.35468590,-49.00000000,-37.75000000,290.50000000,210.49049784,2.94895756,7.58066552,650.00000000,0.00000000,0.00000000,0.10000000,2.754517,-2.750534,0.148127,tracks_run_0245.dat.18-04-18_17h34m46s.5.csv,557
5321,245,5,771,0,l,4,7,bottom_right,-292.86597000,292.86597000,0.17915400,0.00826490,2.59966196,2.37910702,0.05820378,-68.27668640,131.75043500,-49.00000000,-37.75000000,290.50000000,168.93788897,3.23390386,5.61301088,650.00000000,0.00000000,0.00000000,0.10000000,19.055559,-18.379882,5.118558,tracks_run_0245.dat.18-04-18_17h34m46s.5.csv,587
5321,245,5,771,1,c,4,7,bottom_right,-292.86597000,292.86597000,0.17915400,0.00826490,2.59966196,2.37910702,0.05820378,-68.27668640,131.75043500,-49.00000000,-37.75000000,290.50000000,168.93788897,3.23390386,5.61301088,650.00000000,0.00000000,0.00000000,0.10000000,1.351581,1.164535,0.686073,tracks_run_0245.dat.18-04-18_17h34m46s.5.csv,588
5326,245,5,864,0,r,67,9,bottom_left,-778.11743000,778.11743000,0.14348100,0.00802875,6.39079132,6.72102595,-1.50525924,-78.89423310,110.66072200,49.00000000,-37.75000000,290.50000000,191.27413584,2.21819784,8.93922379,650.00000000,0.00000000,0.00000000,0.10000000,15.700963,14.749438,5.443545,tracks_run_0245.dat.18-04-18_17h34m46s.5.csv,653
5326,245,5,864,1,c,67,9,bottom_left,-778.11743000,778.11743000,0.14348100,0.00802875,6.39079132,6.72102595,-1.50525924,-78.89423310,110.66072200,49.00000000,-37.75000000,290.50000000,191.27413584,2.21819784,8.93922379,650.00000000,0.00000000,0.00000000,0.10000000,27.848692,2.319098,27.759665,tracks_run_0245.dat.18-04-18_17h34m46s.5.csv,654
5335,245,5,987,0,r,59,9,top_right,-613.48785000,613.48785000,0.14848600,0.00807829,5.10441876,5.24228686,-1.59826067,-72.51317820,74.15436740,74.00000000,-12.75000000,290.50000000,236.83785008,3.06643625,8.30872311,650.00000000,0.00000000,0.00000000,0.10000000,26.641046,22.643001,14.423204,tracks_run_0245.dat.18-04-18_17h34m46s.5.csv,747
5335,245,5,987,1,c,59,9,top_right,-613.48785000,613.48785000,0.14848600,0.00807829,5.10441876,5.24228686,-1.59826067,-72.51317820,74.15436740,74.00000000,-12.75000000,290.50000000,236.83785008,3.06643625,8.30872311,650.00000000,0.00000000,0.00000000,0.10000000,2.203321,1.264006,1.804839,tracks_run_0245.dat.18-04-18_17h34m46s.5.csv,748
5336,245,5,993,0,r,67,9,bottom_left,-357.06650000,357.06650000,0.14348100,0.00802875,3.01027866,2.84701991,1.75707705,-80.22475540,132.48164600,49.00000000,-37.75000000,290.50000000,170.31088872,3.05450430,5.90152421,650.00000000,0.00000000,0.00000000,0.10000000,18.679431,17.759769,5.884618,tracks_run_0245.dat.18-04-18_17h34m46s.5.csv,752
5336,245,5,993,1,c,67,9,bottom_left,-357.06650000,357.06650000,0.14348100,0.00802875,3.01027866,2.84701991,1.75707705,-80.22475540,132.48164600,49.00000000,-37.75000000,290.50000000,170.31088872,3.05450430,5.90152421,650.00000000,0.00000000,0.00000000,0.10000000,1.202100,-0.381603,-1.139931,tracks_run_0245.dat.18-04-18_17h34m46s.5.csv,753
5341,245,5,1023,0,l,35,6,top_left,-839.90140000,839.90140000,0.20961900,0.00776938,6.73513214,7.11781473,0.37101434,-67.14512090,81.58822690,-135.50000000,-13.00000000,290.50000000,255.02304914,2.77737537,9.89519009,650.00000000,0.00000000,0.00000000,0.10000000,33.399581,-32.375815,8.693093,tracks_run_0245.dat.18-04-18_17h34m46s.5.csv,778
5341,245,5,1023,1,c,35,6,top_left,-839.90140000,839.90140000,0.20961900,0.00776938,6.73513214,7.11781473,0.37101434,-67.14512090,81.58822690,-135.50000000,-13.00000000,290.50000000,255.02304914,2.77737537,9.89519009,650.00000000,0.00000000,0.00000000,0.10000000,1.091221,-0.846902,-0.688153,tracks_run_0245.dat.18-04-18_17h34m46s.5.csv,779
5343,245,5,1032,0,r,59,9,top_right,-353.04890000,353.04890000,0.14848600,0.00807829,3.00051740,2.83588994,-0.11939302,-70.35875740,133.57160000,74.00000000,-12.75000000,290.50000000,182.86327154,3.23727062,6.07316055,650.00000000,0.00000000,0.00000000,0.10000000,24.658235,21.877063,11.667081,tracks_run_0245.dat.18-04-18_17h34m46s.5.csv,783
5343,245,5,1032,1,c,59,9,top_right,-353.04890000,353.04890000,0.14848600,0.00807829,3.00051740,2.83588994,-0.11939302,-70.35875740,133.57160000,74.00000000,-12.75000000,290.50000000,182.86327154,3.23727062,6.07316055,650.00000000,0.00000000,0.00000000,0.10000000,0.473249,-0.223122,-0.417351,tracks_run_0245.dat.18-04-18_17h34m46s.5.csv,784
5349,245,5,1107,0,l,24,7,bottom_left,-707.71063000,707.71063000,0.19145900,0.00807427,5.90570571,6.16273896,-0.37954262,-75.03435240,95.11113910,-74.00000000,-37.75000000,290.50000000,212.10115898,2.55691794,8.71965690,650.00000000,0.00000000,0.00000000,0.10000000,18.326579,-17.835742,4.283281,tracks_run_0245.dat.18-04-18_17h34m46s.5.csv,845
5349,245,5,1107,1,c,24,7,bottom_left,-707.71063000,707.71063000,0.19145900,0.00807427,5.90570571,6.16273896,-0.37954262,-75.03435240,95.11113910,-74.00000000,-37.75000000,290.50000000,212.10115898,2.55691794,8.71965690,650.00000000,0.00000000,0.00000000,0.10000000,0.642044,0.134746,0.627746,tracks_run_0245.dat.18-04-18_17h34m46s.5.csv,846
5350,245,5,1120,0,r,31,5,top_right,-1603.12980000,1603.12980000,0.16255800,0.00607500,9.90157154,10.78544574,2.31668994,-74.19334690,48.87715020,135.50000000,-74.25000000,290.50000000,275.89744260,2.30307181,13.08851755,650.00000000,0.00000000,0.00000000,0.10000000,27.078798,26.419731,-6.163830,tracks_run_0245.dat.18-04-18_17h34m46s.5.csv,856
5350,245,5,1120,1,c,31,5,top_right,-1603.12980000,1603.12980000,0.16255800,0.00607500,9.90157154,10.78544574,2.31668994,-74.19334690,48.87715020,135.50000000,-74.25000000,290.50000000,275.89744260,2.30307181,13.08851755,650.00000000,0.00000000,0.00000000,0.10000000,3.787458,-0.621728,3.736153,tracks_run_0245.dat.18-04-18_17h34m46s.5.csv,857
5358,245,5,1299,0,l,57,1,top_left,-543.83386000,543.83386000,0.18811800,0.00790992,4.48980033,4.53774349,1.03665639,-76.77386970,86.49486830,-135.50000000,-74.25000000,290.50000000,245.49281500,3.38805893,7.92580242,650.00000000,0.00000000,0.00000000,0.10000000,33.933488,-33.520411,-5.616967,tracks_run_0245.dat.18-04-18_17h34m46s.5.csv,987
5358,245,5,1299,1,c,57,1,top_left,-543.83386000,543.83386000,0.18811800,0.00790992,4.48980033,4.53774349,1.03665639,-76.77386970,86.49486830,-135.50000000,-74.25000000,290.50000000,245.49281500,3.38805893,7.92580242,650.00000000,0.00000000,0.00000000,0.10000000,0.509722,0.292066,0.417751,tracks_run_0245.dat.18-04-18_17h34m46s.5.csv,988
5362,245,5,1361,0,r,37,5,top_left,-776.30920000,776.30920000,0.15591400,0.00610310,4.89380668,5.00071543,4.41265229,-74.03862140,97.39649100,110.50000000,-74.25000000,290.50000000,220.32597489,2.95207702,7.95279245,650.00000000,0.00000000,0.00000000,0.10000000,29.519091,28.277357,-8.845057,tracks_run_0245.dat.18-04-18_17h34m46s.5.csv,1030
5362,245,5,1361,1,c,37,5,top_left,-776.30920000,776.30920000,0.15591400,0.00610310,4.89380668,5.00071543,4.41265229,-74.03862140,97.39649100,110.50000000,-74.25000000,290.50000000,220.32597489,2.95207702,7.95279245,650.00000000,0.00000000,0.00000000,0.10000000,2.746736,-2.157415,1.700437,tracks_run_0245.dat.18-04-18_17h34m46s.5.csv,1031
5373,245,5,1609,0,r,37,5,top_left,-1479.43350000,1479.43350000,0.15591400,0.00610310,9.18504459,9.95252097,-0.86245859,-78.69742440,73.20964620,110.50000000,-74.25000000,290.50000000,244.20580382,2.16743863,12.11995960,650.00000000,0.00000000,0.00000000,0.10000000,27.230015,27.087649,-2.892382,tracks_run_0245.dat.18-04-18_17h34m46s.5.csv,1198
5373,245,5,1609,1,c,37,5,top_left,-1479.43350000,1479.43350000,0.15591400,0.00610310,9.18504459,9.95252097,-0.86245859,-78.69742440,73.20964620,110.50000000,-74.25000000,290.50000000,244.20580382,2.16743863,12.11995960,650.00000000,0.00000000,0.00000000,0.10000000,1.877841,-0.142259,1.872446,tracks_run_0245.dat.18-04-18_17h34m46s.5.csv,1199
5380,245,5,1698,0,l,27,2,top_left,-689.55710000,689.55710000,0.18526500,0.00800210,5.70316987,5.92987640,-0.42105192,-76.03734680,78.33548540,-74.00000000,-74.25000000,290.50000000,224.56811320,2.74629606,8.67617247,650.00000000,0.00000000,0.00000000,0.10000000,20.753324,-19.650281,-6.811929,tracks_run_0245.dat.18-04-18_17h34m46s.5.csv,1277
5380,245,5,1698,1,c,27,2,top_left,-689.55710000,689.55710000,0.18526500,0.00800210,5.70316987,5.92987640,-0.42105192,-76.03734680,78.33548540,-74.00000000,-74.25000000,290.50000000,224.56811320,2.74629606,8.67617247,650.00000000,0.00000000,0.00000000,0.10000000,1.197351,-1.170190,-0.253602,tracks_run_0245.dat.18-04-18_17h34m46s.5.csv,1278
5382,245,5,1701,0,r,59,9,top_right,-1652.82790000,1652.82790000,0.14848600,0.00807829,13.50050910,14.99542365,2.33858216,-73.21257170,42.60919280,74.00000000,-12.75000000,290.50000000,265.03006184,1.76585480,16.76127845,650.00000000,0.00000000,0.00000000,0.10000000,20.366364,17.511489,10.566097,tracks_run_0245.dat.18-04-18_17h34m46s.5.csv,1281
5382,245,5,1701,1,c,59,9,top_right,-1652.82790000,1652.82790000,0.14848600,0.00807829,13.50050910,14.99542365,2.33858216,-73.21257170,42.60919280,74.00000000,-12.75000000,290.50000000,265.03006184,1.76585480,16.76127845,650.00000000,0.00000000,0.00000000,0.10000000,7.378183,-6.565219,-3.374220,tracks_run_0245.dat.18-04-18_17h34m46s.5.csv,1282
5384,245,5,1718,0,l,10,7,top_right,-361.60100000,361.60100000,0.21208800,0.00810101,3.14142132,2.99658259,-5.90431313,-69.46524310,98.00137560,-49.00000000,-12.75000000,290.50000000,205.25490840,3.47644666,6.47302925,650.00000000,0.00000000,0.00000000,0.10000000,17.554085,-12.351880,12.571425,tracks_run_0245.dat.18-04-18_17h34m46s.5.csv,1293
5384,245,5,1718,1,c,10,7,top_right,-361.60100000,361.60100000,0.21208800,0.00810101,3.14142132,2.99658259,-5.90431313,-69.46524310,98.00137560,-49.00000000,-12.75000000,290.50000000,205.25490840,3.47644666,6.47302925,650.00000000,0.00000000,0.00000000,0.10000000,1.129214,-0.357541,1.071123,tracks_run_0245.dat.18-04-18_17h34m46s.5.csv,1294
5388,245,5,1736,0,r,37,5,top_left,-1120.49110000,1120.49110000,0.15591400,0.00610310,6.99438323,7.41681943,-2.89981065,-77.74728510,86.68965870,110.50000000,-74.25000000,290.50000000,233.26037657,2.50350052,9.92031994,650.00000000,0.00000000,0.00000000,0.10000000,30.669903,30.147760,-5.920648,tracks_run_0245.dat.18-04-18_17h34m46s.5.csv,1310
5388,245,5,1736,1,c,37,5,top_left,-1120.49110000,1120.49110000,0.15591400,0.00610310,6.99438323,7.41681943,-2.89981065,-77.74728510,86.68965870,110.50000000,-74.25000000,290.50000000,233.26037657,2.50350052,9.92031994,650.00000000,0.00000000,0.00000000,0.10000000,3.179999,-3.128869,-0.568233,tracks_run_0245.dat.18-04-18_17h34m46s.5.csv,1311
5389,245,5,1761,0,r,59,9,top_right,-611.98270000,611.98270000,0.14848600,0.00807829,5.09225973,5.22833638,-1.66848134,-68.71682330,114.27816700,74.00000000,-12.75000000,290.50000000,199.78022626,2.65223872,7.88057510,650.00000000,0.00000000,0.00000000,0.10000000,21.865839,20.167259,8.631552,tracks_run_0245.dat.18-04-18_17h34m46s.5.csv,1329
5389,245,5,1761,1,c,59,9,top_right,-611.98270000,611.98270000,0.14848600,0.00807829,5.09225973,5.22833638,-1.66848134,-68.71682330,114.27816700,74.00000000,-12.75000000,290.50000000,199.78022626,2.65223872,7.88057510,650.00000000,0.00000000,0.00000000,0.10000000,0.837750,0.774613,-0.319069,tracks_run_0245.dat.18-04-18_17h34m46s.5.csv,1330
5404,245,5,1912,0,l,41,6,bottom_left,-346.08438000,346.08438000,0.32119500,0.00785352,3.03917560,2.87997063,-7.32479244,-75.98419500,88.14756920,-135.50000000,-38.00000000,290.50000000,242.52461556,4.01537696,6.89534759,650.00000000,0.00000000,0.00000000,0.10000000,32.806697,-32.092149,7.205972,tracks_run_0245.dat.18-04-18_17h34m46s.5.csv,1440
5404,245,5,1912,1,c,41,6,bottom_left,-346.08438000,346.08438000,0.32119500,0.00785352,3.03917560,2.87997063,-7.32479244,-75.98419500,88.14756920,-135.50000000,-38.00000000,290.50000000,242.52461556,4.01537696,6.89534759,650.00000000,0.00000000,0.00000000,0.10000000,1.242085,1.057986,-0.650761,tracks_run_0245.dat.18-04-18_17h34m46s.5.csv,1441
5408,245,5,1967,0,r,37,5,top_left,-906.11920000,906.11920000,0.15591400,0.00610310,5.68605009,5.91019958,0.29054397,-70.25650830,92.80076480,110.50000000,-74.25000000,290.50000000,226.37813448,2.77065315,8.68085273,650.00000000,0.00000000,0.00000000,0.10000000,29.352978,28.369417,-7.869233,tracks_run_0245.dat.18-04-18_17h34m46s.5.csv,1483
5408,245,5,1967,1,c,37,5,top_left,-906.11920000,906.11920000,0.15591400,0.00610310,5.68605009,5.91019958,0.29054397,-70.25650830,92.80076480,110.50000000,-74.25000000,290.50000000,226.37813448,2.77065315,8.68085273,650.00000000,0.00000000,0.00000000,0.10000000,2.112687,-1.675099,1.287619,tracks_run_0245.dat.18-04-18_17h34m46s.5.csv,1484
5411,245,5,2037,0,l,4,7,bottom_right,-494.25076000,494.25076000,0.17915400,0.00826490,4.26408711,4.27932858,13.14741940,-67.21332800,119.39447800,-49.00000000,-37.75000000,290.50000000,184.41119568,2.73853303,7.01786161,650.00000000,0.00000000,0.00000000,0.10000000,19.240259,-18.612628,4.962926,tracks_run_0245.dat.18-04-18_17h34m46s.5.csv,1532
5411,245,5,2037,1,c,4,7,bottom_right,-494.25076000,494.25076000,0.17915400,0.00826490,4.26408711,4.27932858,13.14741940,-67.21332800,119.39447800,-49.00000000,-37.75000000,290.50000000,184.41119568,2.73853303,7.01786161,650.00000000,0.00000000,0.00000000,0.10000000,11.402573,-0.641133,-11.384772,tracks_run_0245.dat.18-04-18_17h34m46s.5.csv,1533
5434,245,5,2332,0,r,18,10,bottom_left,-1513.06480000,1513.06480000,0.21264900,0.00771957,11.89285864,13.10937841,-3.20305620,-69.26010750,42.19819940,110.50000000,-38.00000000,290.50000000,274.88063499,2.01093980,15.12031821,650.00000000,0.00000000,0.00000000,0.10000000,24.167590,24.029410,2.660819,tracks_run_0245.dat.18-04-18_17h34m46s.5.csv,1756
5434,245,5,2332,1,c,18,10,bottom_left,-1513.06480000,1513.06480000,0.21264900,0.00771957,11.89285864,13.10937841,-3.20305620,-69.26010750,42.19819940,110.50000000,-38.00000000,290.50000000,274.88063499,2.01093980,15.12031821,650.00000000,0.00000000,0.00000000,0.10000000,7.568672,-7.547377,0.569012,tracks_run_0245.dat.18-04-18_17h34m46s.5.csv,1757
5436,245,5,2345,0,l,41,6,bottom_left,-532.49365000,532.49365000,0.32119500,0.00785352,4.50314453,4.55302645,-3.54480859,-83.76851540,73.84619910,-135.50000000,-38.00000000,290.50000000,257.77082648,3.52239125,8.07541769,650.00000000,0.00000000,0.00000000,0.10000000,31.360594,-30.933669,5.433452,tracks_run_0245.dat.18-04-18_17h34m46s.5.csv,1767
5436,245,5,2345,1,c,41,6,bottom_left,-532.49365000,532.49365000,0.32119500,0.00785352,4.50314453,4.55302645,-3.54480859,-83.76851540,73.84619910,-135.50000000,-38.00000000,290.50000000,257.77082648,3.52239125,8.07541769,650.00000000,0.00000000,0.00000000,0.10000000,2.976413,1.854926,-2.328127,tracks_run_0245.dat.18-04-18_17h34m46s.5.csv,1768
5441,245,5,2398,0,l,48,6,bottom_right,-865.38336000,865.38336000,0.19111700,0.00777749,6.92162743,7.33288417,6.17705638,-76.63665450,89.75382640,-110.50000000,-38.00000000,290.50000000,235.38341652,2.54115341,9.87403758,650.00000000,0.00000000,0.00000000,0.10000000,29.431108,-28.991600,5.302876,tracks_run_0245.dat.18-04-18_17h34m46s.5.csv,1805
5441,245,5,2398,1,c,48,6,bottom_right,-865.38336000,865.38336000,0.19111700,0.00777749,6.92162743,7.33288417,6.17705638,-76.63665450,89.75382640,-110.50000000,-38.00000000,290.50000000,235.38341652,2.54115341,9.87403758,650.00000000,0.00000000,0.00000000,0.10000000,0.589295,-0.566280,-0.163086,tracks_run_0245.dat.18-04-18_17h34m46s.5.csv,1806
5443,245,5,2421,0,l,17,7,top_left,-1634.64140000,1634.64140000,0.20723500,0.00798853,13.26561686,14.71930726,4.17120401,-70.28670250,39.13437600,-74.00000000,-12.75000000,290.50000000,269.45479435,1.81809542,16.53740268,650.00000000,0.00000000,0.00000000,0.10000000,21.126580,-18.406427,10.554780,tracks_run_0245.dat.18-04-18_17h34m46s.5.csv,1818
5443,245,5,2421,1,c,17,7,top_left,-1634.64140000,1634.64140000,0.20723500,0.00798853,13.26561686,14.71930726,4.17120401,-70.28670250,39.13437600,-74.00000000,-12.75000000,290.50000000,269.45479435,1.81809542,16.53740268,650.00000000,0.00000000,0.00000000,0.10000000,6.933379,6.291899,-2.918566,tracks_run_0245.dat.18-04-18_17h34m46s.5.csv,1819
5444,245,5,2429,0,l,17,7,top_left,-1241.14040000,1241.14040000,0.20723500,0.00798853,10.12212232,11.04217573,6.24245680,-66.49499680,65.93099180,-74.00000000,-12.75000000,290.50000000,244.45575468,2.02500206,13.06717779,650.00000000,0.00000000,0.00000000,0.10000000,22.950777,-19.517661,12.317943,tracks_run_0245.dat.18-04-18_17h34m46s.5.csv,1825
5444,245,5,2429,1,c,17,7,top_left,-1241.14040000,1241.14040000,0.20723500,0.00798853,10.12212232,11.04217573,6.24245680,-66.49499680,65.93099180,-74.00000000,-12.75000000,290.50000000,244.45575468,2.02500206,13.06717779,650.00000000,0.00000000,0.00000000,0.10000000,0.149999,0.145872,-0.034944,tracks_run_0245.dat.18-04-18_17h34m46s.5.csv,1826
5446,245,5,2445,0,l,27,2,top_left,-1406.53650000,1406.53650000,0.18526500,0.00800210,11.44051073,12.58028211,0.49153758,-76.20313600,57.81349090,-74.00000000,-74.25000000,290.50000000,244.32727115,1.85077812,14.43106022,650.00000000,0.00000000,0.00000000,0.10000000,21.176769,-20.437765,-5.668205,tracks_run_0245.dat.18-04-18_17h34m46s.5.csv,1841
5446,245,5,2445,1,c,27,2,top_left,-1406.53650000,1406.53650000,0.18526500,0.00800210,11.44051073,12.58028211,0.49153758,-76.20313600,57.81349090,-74.00000000,-74.25000000,290.50000000,244.32727115,1.85077812,14.43106022,650.00000000,0.00000000,0.00000000,0.10000000,5.647564,4.825806,2.937173,tracks_run_0245.dat.18-04-18_17h34m46s.5.csv,1842
5450,245,5,2535,0,l,24,7,bottom_left,-880.32367000,880.32367000,0.19145900,0.00807427,7.29943000,7.76893475,-8.98333191,-77.06220050,82.40080490,-74.00000000,-37.75000000,290.50000000,221.53530472,2.32308436,10.09201911,650.00000000,0.00000000,0.00000000,0.10000000,20.861472,-20.609739,3.303731,tracks_run_0245.dat.18-04-18_17h34m46s.5.csv,1913
5450,245,5,2535,1,c,24,7,bottom_left,-880.32367000,880.32367000,0.19145900,0.00807427,7.29943000,7.76893475,-8.98333191,-77.06220050,82.40080490,-74.00000000,-37.75000000,290.50000000,221.53530472,2.32308436,10.09201911,650.00000000,0.00000000,0.00000000,0.10000000,9.520390,-5.800383,7.562349,tracks_run_0245.dat.18-04-18_17h34m46s.5.csv,1914
5460,245,5,2687,0,l,24,7,bottom_left,-590.08954000,590.08954000,0.19145900,0.00807427,4.95600127,5.07203675,0.00492148,-79.51357730,98.03915540,-74.00000000,-37.75000000,290.50000000,210.38560192,2.81742837,7.88946512,650.00000000,0.00000000,0.00000000,0.10000000,25.928745,-24.602497,8.454029,tracks_run_0245.dat.18-04-18_17h34m46s.5.csv,2035
5460,245,5,2687,1,c,24,7,bottom_left,-590.08954000,590.08954000,0.19145900,0.00807427,4.95600127,5.07203675,0.00492148,-79.51357730,98.03915540,-74.00000000,-37.75000000,290.50000000,210.38560192,2.81742837,7.88946512,650.00000000,0.00000000,0.00000000,0.10000000,8.882209,-3.970627,-7.951676,tracks_run_0245.dat.18-04-18_17h34m46s.5.csv,2036
5469,245,5,2812,0,r,67,9,bottom_left,-350.76663000,350.76663000,0.14348100,0.00802875,2.95969858,2.78935108,1.78936235,-79.25006250,135.59101500,49.00000000,-37.75000000,290.50000000,167.17623374,3.03264677,5.82199785,650.00000000,0.00000000,0.00000000,0.10000000,17.981582,16.072438,8.171733,tracks_run_0245.dat.18-04-18_17h34m46s.5.csv,2138
5469,245,5,2812,1,c,67,9,bottom_left,-350.76663000,350.76663000,0.14348100,0.00802875,2.95969858,2.78935108,1.78936235,-79.25006250,135.59101500,49.00000000,-37.75000000,290.50000000,167.17623374,3.03264677,5.82199785,650.00000000,0.00000000,0.00000000,0.10000000,10.165673,-3.429444,9.575466,tracks_run_0245.dat.18-04-18_17h34m46s.5.csv,2139
5470,245,5,2853,0,l,27,2,top_left,-1383.08080000,1383.08080000,0.18526500,0.00800210,11.25281587,12.36094590,11.84477230,-72.70519080,57.32550660,-74.00000000,-74.25000000,290.50000000,248.47948756,1.90375712,14.26470302,650.00000000,0.00000000,0.00000000,0.10000000,20.472209,-19.212770,-7.207252,tracks_run_0245.dat.18-04-18_17h34m46s.5.csv,2170
5470,245,5,2853,1,c,27,2,top_left,-1383.08080000,1383.08080000,0.18526500,0.00800210,11.25281587,12.36094590,11.84477230,-72.70519080,57.32550660,-74.00000000,-74.25000000,290.50000000,248.47948756,1.90375712,14.26470302,650.00000000,0.00000000,0.00000000,0.10000000,5.285271,4.617094,2.575052,tracks_run_0245.dat.18-04-18_17h34m46s.5.csv,2171
5474,245,5,2876,0,l,46,2,top_right,-1190.39730000,1190.39730000,0.13780700,0.00799780,9.65836653,10.50253705,5.53463776,-76.55963270,103.34456000,-49.00000000,-74.25000000,290.50000000,194.95260922,1.69285277,12.19538982,650.00000000,0.00000000,0.00000000,0.10000000,10.055866,-10.039709,-0.572758,tracks_run_0245.dat.18-04-18_17h34m46s.5.csv,2191
5474,245,5,2876,1,c,46,2,top_right,-1190.39730000,1190.39730000,0.13780700,0.00799780,9.65836653,10.50253705,5.53463776,-76.55963270,103.34456000,-49.00000000,-74.25000000,290.50000000,194.95260922,1.69285277,12.19538982,650.00000000,0.00000000,0.00000000,0.10000000,3.084325,1.909177,2.422866,tracks_run_0245.dat.18-04-18_17h34m46s.5.csv,2192
5478,245,6,56,0,l,10,7,top_right,-744.41820000,744.41820000,0.21208800,0.00810101,6.24262728,6.55041850,-5.53918244,-73.62673200,96.66877300,-49.00000000,-12.75000000,290.50000000,207.76275827,2.42548016,8.97589866,650.00000000,0.00000000,0.00000000,0.10000000,19.145536,-12.494546,14.623722,tracks_run_0245.dat.18-04-18_17h34m46s.6.csv,43
5478,245,6,56,1,c,10,7,top_right,-744.41820000,744.41820000,0.21208800,0.00810101,6.24262728,6.55041850,-5.53918244,-73.62673200,96.66877300,-49.00000000,-12.75000000,290.50000000,207.76275827,2.42548016,8.97589866,650.00000000,0.00000000,0.00000000,0.10000000,0.762811,-0.757292,-0.091589,tracks_run_0245.dat.18-04-18_17h34m46s.6.csv,44
5485,245,6,188,0,l,17,7,top_left,-1061.82650000,1061.82650000,0.20723500,0.00798853,8.68966785,9.37769223,2.01295578,-69.71118120,73.41788730,-74.00000000,-12.75000000,290.50000000,236.95398132,2.19178910,11.56948133,650.00000000,0.00000000,0.00000000,0.10000000,22.820722,-20.379253,10.496048,tracks_run_0245.dat.18-04-18_17h34m46s.6.csv,130
5485,245,6,188,1,c,17,7,top_left,-1061.82650000,1061.82650000,0.20723500,0.00798853,8.68966785,9.37769223,2.01295578,-69.71118120,73.41788730,-74.00000000,-12.75000000,290.50000000,236.95398132,2.19178910,11.56948133,650.00000000,0.00000000,0.00000000,0.10000000,26.007224,0.776028,25.996449,tracks_run_0245.dat.18-04-18_17h34m46s.6.csv,131
5486,245,6,189,0,l,57,1,top_left,-1327.23430000,1327.23430000,0.18811800,0.00790992,10.68643513,11.69981152,-6.74761896,-73.46471620,33.59444530,-135.50000000,-74.25000000,290.50000000,287.36432682,2.26635113,13.96616265,650.00000000,0.00000000,0.00000000,0.10000000,25.437258,-25.235610,-3.306748,tracks_run_0245.dat.18-04-18_17h34m46s.6.csv,132
5486,245,6,189,1,c,57,1,top_left,-1327.23430000,1327.23430000,0.18811800,0.00790992,10.68643513,11.69981152,-6.74761896,-73.46471620,33.59444530,-135.50000000,-74.25000000,290.50000000,287.36432682,2.26635113,13.96616265,650.00000000,0.00000000,0.00000000,0.10000000,20.225829,1.413491,-20.178442,tracks_run_0245.dat.18-04-18_17h34m46s.6.csv,133
5490,245,6,308,0,l,17,7,top_left,-544.64240000,544.64240000,0.20723500,0.00798853,4.55812715,4.61600377,-4.63037181,-71.11409260,101.94273100,-74.00000000,-12.75000000,290.50000000,209.21844162,2.93865891,7.55466268,650.00000000,0.00000000,0.00000000,0.10000000,21.896155,-17.797711,12.967054,tracks_run_0245.dat.18-04-18_17h34m46s.6.csv,215
5490,245,6,308,1,c,17,7,top_left,-544.64240000,544.64240000,0.20723500,0.00798853,4.55812715,4.61600377,-4.63037181,-71.11409260,101.94273100,-74.00000000,-12.75000000,290.50000000,209.21844162,2.93865891,7.55466268,650.00000000,0.00000000,0.00000000,0.10000000,4.014701,-0.845209,3.924864,tracks_run_0245.dat.18-04-18_17h34m46s.6.csv,216
5493,245,6,375,0,l,27,2,top_left,-800.18994000,800.18994000,0.18526500,0.00800210,6.58846492,6.94875874,-3.58279206,-77.22738320,93.83455450,-74.00000000,-74.25000000,290.50000000,208.91324859,2.35584454,9.30460327,650.00000000,0.00000000,0.00000000,0.10000000,19.311650,-18.246124,-6.436614,tracks_run_0245.dat.18-04-18_17h34m46s.6.csv,265
5493,245,6,375,1,c,27,2,top_left,-800.18994000,800.18994000,0.18526500,0.00800210,6.58846492,6.94875874,-3.58279206,-77.22738320,93.83455450,-74.00000000,-74.25000000,290.50000000,208.91324859,2.35584454,9.30460327,650.00000000,0.00000000,0.00000000,0.10000000,3.230865,2.682066,1.802050,tracks_run_0245.dat.18-04-18_17h34m46s.6.csv,266
5531,245,6,938,0,r,59,9,top_right,-1356.56800000,1356.56800000,0.14848600,0.00807829,11.10723571,12.19090652,4.10828474,-74.00115010,60.64712660,74.00000000,-12.75000000,290.50000000,247.92922107,1.91809465,14.10900117,650.00000000,0.00000000,0.00000000,0.10000000,19.863449,18.174218,8.154931,tracks_run_0245.dat.18-04-18_17h34m46s.6.csv,686
5531,245,6,938,1,c,59,9,top_right,-1356.56800000,1356.56800000,0.14848600,0.00807829,11.10723571,12.19090652,4.10828474,-74.00115010,60.64712660,74.00000000,-12.75000000,290.50000000,247.92922107,1.91809465,14.10900117,650.00000000,0.00000000,0.00000000,0.10000000,13.089144,2.538655,12.844815,tracks_run_0245.dat.18-04-18_17h34m46s.6.csv,687
5536,245,6,990,0,l,4,7,bottom_right,-1335.86620000,1335.86620000,0.17915400,0.00826490,11.21995456,12.32255720,-1.66412779,-66.23378390,61.05189090,-49.00000000,-37.75000000,290.50000000,236.00518111,1.81698348,14.13954067,650.00000000,0.00000000,0.00000000,0.10000000,9.026435,-9.018469,0.380703,tracks_run_0245.dat.18-04-18_17h34m46s.6.csv,733
5536,245,6,990,1,c,4,7,bottom_right,-1335.86620000,1335.86620000,0.17915400,0.00826490,11.21995456,12.32255720,-1.66412779,-66.23378390,61.05189090,-49.00000000,-37.75000000,290.50000000,236.00518111,1.81698348,14.13954067,650.00000000,0.00000000,0.00000000,0.10000000,0.421157,-0.369833,0.201488,tracks_run_0245.dat.18-04-18_17h34m46s.6.csv,734
5541,245,6,1099,0,r,67,9,bottom_left,-502.51483000,502.51483000,0.14348100,0.00802875,4.17804694,4.18086837,4.78329892,-78.24660600,121.10675800,49.00000000,-37.75000000,290.50000000,179.69185342,2.70926259,6.89013097,650.00000000,0.00000000,0.00000000,0.10000000,16.607584,12.749744,10.731614,tracks_run_0245.dat.18-04-18_17h34m46s.6.csv,818
5541,245,6,1099,1,c,67,9,bottom_left,-502.51483000,502.51483000,0.14348100,0.00802875,4.17804694,4.18086837,4.78329892,-78.24660600,121.10675800,49.00000000,-37.75000000,290.50000000,179.69185342,2.70926259,6.89013097,650.00000000,0.00000000,0.00000000,0.10000000,1.734448,0.056036,-1.733543,tracks_run_0245.dat.18-04-18_17h34m46s.6.csv,819
5549,245,6,1264,0,l,57,1,top_left,-737.81146000,737.81146000,0.18811800,0.00790992,6.02414762,6.29898042,1.54895493,-74.27938270,84.93563760,-135.50000000,-74.25000000,290.50000000,247.06097223,2.89062014,9.18960056,650.00000000,0.00000000,0.00000000,0.10000000,32.704602,-32.470089,-4.142801,tracks_run_0245.dat.18-04-18_17h34m46s.6.csv,947
5549,245,6,1264,1,c,57,1,top_left,-737.81146000,737.81146000,0.18811800,0.00790992,6.02414762,6.29898042,1.54895493,-74.27938270,84.93563760,-135.50000000,-74.25000000,290.50000000,247.06097223,2.89062014,9.18960056,650.00000000,0.00000000,0.00000000,0.10000000,2.983235,2.887531,0.749891,tracks_run_0245.dat.18-04-18_17h34m46s.6.csv,948
5561,245,6,1384,0,r,54,9,bottom_right,-377.66406000,377.66406000,0.13288400,0.00794930,3.13504891,2.98931377,-0.84658299,-86.97142300,96.50275920,74.00000000,-37.75000000,290.50000000,213.68127879,3.59160976,6.58092353,650.00000000,0.00000000,0.00000000,0.10000000,21.303844,20.460462,6.066482,tracks_run_0245.dat.18-04-18_17h34m46s.6.csv,1039
5561,245,6,1384,1,c,54,9,bottom_right,-377.66406000,377.66406000,0.13288400,0.00794930,3.13504891,2.98931377,-0.84658299,-86.97142300,96.50275920,74.00000000,-37.75000000,290.50000000,213.68127879,3.59160976,6.58092353,650.00000000,0.00000000,0.00000000,0.10000000,4.412523,0.894180,-4.321147,tracks_run_0245.dat.18-04-18_17h34m46s.6.csv,1040
5572,245,6,1509,0,l,4,7,bottom_right,-1256.25290000,1256.25290000,0.17915400,0.00826490,10.56195859,11.55465666,-8.23216210,-73.08248780,75.86983300,-49.00000000,-37.75000000,290.50000000,221.30637110,1.78747449,13.34213115,650.00000000,0.00000000,0.00000000,0.10000000,10.236725,-9.127578,4.654192,tracks_run_0245.dat.18-04-18_17h34m46s.6.csv,1141
5572,245,6,1509,1,c,4,7,bottom_right,-1256.25290000,1256.25290000,0.17915400,0.00826490,10.56195859,11.55465666,-8.23216210,-73.08248780,75.86983300,-49.00000000,-37.75000000,290.50000000,221.30637110,1.78747449,13.34213115,650.00000000,0.00000000,0.00000000,0.10000000,0.785941,-0.768105,0.166492,tracks_run_0245.dat.18-04-18_17h34m46s.6.csv,1142
5573,245,6,1514,0,r,31,5,top_right,-765.67773000,765.67773000,0.16255800,0.00607500,4.81405021,4.90927437,1.11446192,-77.58867790,94.66420850,135.50000000,-74.25000000,290.50000000,237.53373834,3.17535875,8.08463312,650.00000000,0.00000000,0.00000000,0.10000000,29.918056,29.889088,-1.381629,tracks_run_0245.dat.18-04-18_17h34m46s.6.csv,1146
5573,245,6,1514,1,c,31,5,top_right,-765.67773000,765.67773000,0.16255800,0.00607500,4.81405021,4.90927437,1.11446192,-77.58867790,94.66420850,135.50000000,-74.25000000,290.50000000,237.53373834,3.17535875,8.08463312,650.00000000,0.00000000,0.00000000,0.10000000,2.631311,-2.586619,0.483075,tracks_run_0245.dat.18-04-18_17h34m46s.6.csv,1147
5574,245,6,1541,0,r,18,10,bottom_left,-943.25060000,943.25060000,0.21264900,0.00771957,7.49413803,7.99385156,-4.69704311,-77.40178140,58.16167100,110.50000000,-38.00000000,290.50000000,262.30508619,2.65989846,10.65375002,650.00000000,0.00000000,0.00000000,0.10000000,26.955442,25.445775,9.206801,tracks_run_0245.dat.18-04-18_17h34m46s.6.csv,1170
5574,245,6,1541,1,c,18,10,bottom_left,-943.25060000,943.25060000,0.21264900,0.00771957,7.49413803,7.99385156,-4.69704311,-77.40178140,58.16167100,110.50000000,-38.00000000,290.50000000,262.30508619,2.65989846,10.65375002,650.00000000,0.00000000,0.00000000,0.10000000,0.857131,0.100694,0.851196,tracks_run_0245.dat.18-04-18_17h34m46s.6.csv,1171
5575,245,6,1545,0,l,41,6,bottom_left,-890.50757000,890.50757000,0.32119500,0.00785352,7.31481401,7.78670089,-5.96254170,-74.83245710,53.80149720,-135.50000000,-38.00000000,290.50000000,272.32841245,2.79398380,10.58068469,650.00000000,0.00000000,0.00000000,0.10000000,29.880942,-29.119376,7.017985,tracks_run_0245.dat.18-04-18_17h34m46s.6.csv,1174
5575,245,6,1545,1,c,41,6,bottom_left,-890.50757000,890.50757000,0.32119500,0.00785352,7.31481401,7.78670089,-5.96254170,-74.83245710,53.80149720,-135.50000000,-38.00000000,290.50000000,272.32841245,2.79398380,10.58068469,650.00000000,0.00000000,0.00000000,0.10000000,0.923275,0.891583,-0.239837,tracks_run_0245.dat.18-04-18_17h34m46s.6.csv,1175
5576,245,6,1559,0,r,54,9,bottom_right,-1206.85630000,1206.85630000,0.13288400,0.00794930,9.72654679,10.58182758,3.11477613,-69.60295190,83.92545520,74.00000000,-37.75000000,290.50000000,220.70878566,1.89323753,12.47506511,650.00000000,0.00000000,0.00000000,0.10000000,18.428532,17.879729,4.538659,tracks_run_0245.dat.18-04-18_17h34m46s.6.csv,1182
5576,245,6,1559,1,c,54,9,bottom_right,-1206.85630000,1206.85630000,0.13288400,0.00794930,9.72654679,10.58182758,3.11477613,-69.60295190,83.92545520,74.00000000,-37.75000000,290.50000000,220.70878566,1.89323753,12.47506511,650.00000000,0.00000000,0.00000000,0.10000000,0.825704,-0.239013,0.790356,tracks_run_0245.dat.18-04-18_17h34m46s.6.csv,1183
5581,245,6,1626,0,r,59,9,top_right,-1041.23470000,1041.23470000,0.14848600,0.00807829,8.55988186,9.22722819,-2.83757108,-79.89298050,67.46848790,74.00000000,-12.75000000,290.50000000,245.26566729,2.28672503,11.51395322,650.00000000,0.00000000,0.00000000,0.10000000,21.740820,18.456667,11.695820,tracks_run_0245.dat.18-04-18_17h34m46s.6.csv,1235
5581,245,6,1626,1,c,59,9,top_right,-1041.23470000,1041.23470000,0.14848600,0.00807829,8.55988186,9.22722819,-2.83757108,-79.89298050,67.46848790,74.00000000,-12.75000000,290.50000000,245.26566729,2.28672503,11.51395322,650.00000000,0.00000000,0.00000000,0.10000000,1.435575,1.431111,0.113132,tracks_run_0245.dat.18-04-18_17h34m46s.6.csv,1236
5611,245,6,2066,0,r,67,9,bottom_left,-1306.31760000,1306.31760000,0.14348100,0.00802875,10.63157843,11.63583541,-2.29724880,-67.04283430,70.22436070,49.00000000,-37.75000000,290.50000000,228.05884141,1.83019587,13.46603128,650.00000000,0.00000000,0.00000000,0.10000000,9.821312,9.715984,1.441447,tracks_run_0245.dat.18-04-18_17h34m46s.6.csv,1575
5611,245,6,2066,1,c,67,9,bottom_left,-1306.31760000,1306.31760000,0.14348100,0.00802875,10.63157843,11.63583541,-2.29724880,-67.04283430,70.22436070,49.00000000,-37.75000000,290.50000000,228.05884141,1.83019587,13.46603128,650.00000000,0.00000000,0.00000000,0.10000000,2.288854,-2.019869,1.076785,tracks_run_0245.dat.18-04-18_17h34m46s.6.csv,1576
5618,245,6,2198,0,r,54,9,bottom_right,-1574.05360000,1574.05360000,0.13288400,0.00794930,12.64550828,13.99126945,-3.60753773,-74.12105760,34.20424990,74.00000000,-37.75000000,290.50000000,270.24673035,1.89033826,15.88160771,650.00000000,0.00000000,0.00000000,0.10000000,17.547510,17.230569,3.371562,tracks_run_0245.dat.18-04-18_17h34m46s.6.csv,1668
5618,245,6,2198,1,c,54,9,bottom_right,-1574.05360000,1574.05360000,0.13288400,0.00794930,12.64550828,13.99126945,-3.60753773,-74.12105760,34.20424990,74.00000000,-37.75000000,290.50000000,270.24673035,1.89033826,15.88160771,650.00000000,0.00000000,0.00000000,0.10000000,6.698143,-6.519124,1.541562,tracks_run_0245.dat.18-04-18_17h34m46s.6.csv,1669
5621,245,6,2241,0,l,48,6,bottom_right,-522.75570000,522.75570000,0.19111700,0.00777749,4.25684423,4.27103921,-7.25883105,-82.66960880,86.88656770,-110.50000000,-38.00000000,290.50000000,232.62102813,3.33021026,7.60124947,650.00000000,0.00000000,0.00000000,0.10000000,26.004742,-25.189946,6.680492,tracks_run_0245.dat.18-04-18_17h34m46s.6.csv,1703
5621,245,6,2241,1,c,48,6,bottom_right,-522.75570000,522.75570000,0.19111700,0.00777749,4.25684423,4.27103921,-7.25883105,-82.66960880,86.88656770,-110.50000000,-38.00000000,290.50000000,232.62102813,3.33021026,7.60124947,650.00000000,0.00000000,0.00000000,0.10000000,1.518684,0.167067,-1.509469,tracks_run_0245.dat.18-04-18_17h34m46s.6.csv,1704
5633,245,6,2404,0,r,67,9,bottom_left,-1133.58220000,1133.58220000,0.14348100,0.00802875,9.24472909,10.02183440,-6.42966315,-74.93066840,65.09850460,49.00000000,-37.75000000,290.50000000,235.07591069,2.08248175,12.10431614,650.00000000,0.00000000,0.00000000,0.10000000,15.652579,13.842772,7.378723,tracks_run_0245.dat.18-04-18_17h34m46s.6.csv,1811
5633,245,6,2404,1,c,67,9,bottom_left,-1133.58220000,1133.58220000,0.14348100,0.00802875,9.24472909,10.02183440,-6.42966315,-74.93066840,65.09850460,49.00000000,-37.75000000,290.50000000,235.07591069,2.08248175,12.10431614,650.00000000,0.00000000,0.00000000,0.10000000,1.277338,0.179818,1.264620,tracks_run_0245.dat.18-04-18_17h34m46s.6.csv,1812
5649,245,6,2674,0,l,57,1,top_left,-423.95645000,423.95645000,0.18811800,0.00790992,3.54157960,3.45330769,3.09131695,-74.82293670,83.16368020,-135.50000000,-74.25000000,290.50000000,249.39172179,3.84666408,7.29997177,650.00000000,0.00000000,0.00000000,0.10000000,33.105843,-32.931776,-3.599206,tracks_run_0245.dat.18-04-18_17h34m46s.6.csv,2021
5649,245,6,2674,1,c,57,1,top_left,-423.95645000,423.95645000,0.18811800,0.00790992,3.54157960,3.45330769,3.09131695,-74.82293670,83.16368020,-135.50000000,-74.25000000,290.50000000,249.39172179,3.84666408,7.29997177,650.00000000,0.00000000,0.00000000,0.10000000,2.194374,1.428826,1.665626,tracks_run_0245.dat.18-04-18_17h34m46s.6.csv,2022
5652,245,6,2755,0,r,54,9,bottom_right,-655.22780000,655.22780000,0.13288400,0.00794930,5.34148635,5.51438309,-5.43409406,-77.88259340,106.54709700,74.00000000,-37.75000000,290.50000000,204.35036304,2.62914273,8.14352581,650.00000000,0.00000000,0.00000000,0.10000000,22.488624,22.157466,3.945773,tracks_run_0245.dat.18-04-18_17h34m46s.6.csv,2080
5652,245,6,2755,1,c,54,9,bottom_right,-655.22780000,655.22780000,0.13288400,0.00794930,5.34148635,5.51438309,-5.43409406,-77.88259340,106.54709700,74.00000000,-37.75000000,290.50000000,204.35036304,2.62914273,8.14352581,650.00000000,0.00000000,0.00000000,0.10000000,2.784429,-2.554144,-1.109147,tracks_run_0245.dat.18-04-18_17h34m46s.6.csv,2081
5658,245,6,2794,0,l,57,1,top_left,-879.52716000,879.52716000,0.18811800,0.00790992,7.14510747,7.59076080,-3.91752013,-67.97056310,81.15130110,-135.50000000,-74.25000000,290.50000000,247.34643330,2.60227554,10.19303634,650.00000000,0.00000000,0.00000000,0.10000000,33.042243,-32.655959,-5.342207,tracks_run_0245.dat.18-04-18_17h34m46s.6.csv,2109
5658,245,6,2794,1,c,57,1,top_left,-879.52716000,879.52716000,0.18811800,0.00790992,7.14510747,7.59076080,-3.91752013,-67.97056310,81.15130110,-135.50000000,-74.25000000,290.50000000,247.34643330,2.60227554,10.19303634,650.00000000,0.00000000,0.00000000,0.10000000,1.408204,1.178246,0.771272,tracks_run_0245.dat.18-04-18_17h34m46s.6.csv,2110
5662,245,6,2841,0,r,18,10,bottom_left,-941.52240000,941.52240000,0.21264900,0.00771957,7.48079707,7.97843665,2.62906740,-75.53700510,82.30226790,110.50000000,-38.00000000,290.50000000,237.46886218,2.43419140,10.41262805,650.00000000,0.00000000,0.00000000,0.10000000,28.583259,27.662398,7.499218,tracks_run_0245.dat.18-04-18_17h34m46s.6.csv,2144
5662,245,6,2841,1,c,18,10,bottom_left,-941.52240000,941.52240000,0.21264900,0.00771957,7.48079707,7.97843665,2.62906740,-75.53700510,82.30226790,110.50000000,-38.00000000,290.50000000,237.46886218,2.43419140,10.41262805,650.00000000,0.00000000,0.00000000,0.10000000,8.429189,-2.896510,-7.919278,tracks_run_0245.dat.18-04-18_17h34m46s.6.csv,2145
5665,245,6,2904,0,l,46,2,top_right,-1306.50780000,1306.50780000,0.13780700,0.00799780,10.58699508,11.58384803,7.34691189,-70.16178600,87.43124770,-49.00000000,-74.25000000,290.50000000,210.78094348,1.70378237,13.28763041,650.00000000,0.00000000,0.00000000,0.10000000,17.385174,-15.946486,-7.016619,tracks_run_0245.dat.18-04-18_17h34m46s.6.csv,2188
5665,245,6,2904,1,c,46,2,top_right,-1306.50780000,1306.50780000,0.13780700,0.00799780,10.58699508,11.58384803,7.34691189,-70.16178600,87.43124770,-49.00000000,-74.25000000,290.50000000,210.78094348,1.70378237,13.28763041,650.00000000,0.00000000,0.00000000,0.10000000,3.065852,1.628013,2.598238,tracks_run_0245.dat.18-04-18_17h34m46s.6.csv,2189
5668,245,7,44,0,l,27,2,top_left,-437.22095000,437.22095000,0.18526500,0.00800210,3.68395076,3.61593590,-8.83881505,-80.22740280,109.65579400,-74.00000000,-74.25000000,290.50000000,192.31832001,3.06187923,6.67781513,650.00000000,0.00000000,0.00000000,0.10000000,18.274284,-17.545699,-5.190952,tracks_run_0245.dat.18-04-18_17h34m46s.7.csv,45
5668,245,7,44,1,c,27,2,top_left,-437.22095000,437.22095000,0.18526500,0.00800210,3.68395076,3.61593590,-8.83881505,-80.22740280,109.65579400,-74.00000000,-74.25000000,290.50000000,192.31832001,3.06187923,6.67781513,650.00000000,0.00000000,0.00000000,0.10000000,1.701825,0.662946,1.567425,tracks_run_0245.dat.18-04-18_17h34m46s.7.csv,46
5670,245,7,94,0,r,43,5,bottom_left,-1442.77980000,1442.77980000,0.13795300,0.00607733,8.90620196,9.62885295,6.78185569,-73.30390590,78.80550110,110.50000000,-99.25000000,290.50000000,237.16073478,2.15571719,11.78457014,650.00000000,0.00000000,0.00000000,0.10000000,25.470645,23.895562,-9.088987,tracks_run_0245.dat.18-04-18_17h34m46s.7.csv,88
5670,245,7,94,1,c,43,5,bottom_left,-1442.77980000,1442.77980000,0.13795300,0.00607733,8.90620196,9.62885295,6.78185569,-73.30390590,78.80550110,110.50000000,-99.25000000,290.50000000,237.16073478,2.15571719,11.78457014,650.00000000,0.00000000,0.00000000,0.10000000,4.575598,-3.874582,2.435725,tracks_run_0245.dat.18-04-18_17h34m46s.7.csv,89
5677,245,7,177,0,l,48,6,bottom_right,-443.41174000,443.41174000,0.19111700,0.00777749,3.63974737,3.56543573,-3.67034894,-68.86842440,97.88088980,-110.50000000,-38.00000000,290.50000000,222.41302926,3.46656864,7.03200437,650.00000000,0.00000000,0.00000000,0.10000000,27.941530,-27.856050,2.276992,tracks_run_0245.dat.18-04-18_17h34m46s.7.csv,151
5677,245,7,177,1,c,48,6,bottom_right,-443.41174000,443.41174000,0.19111700,0.00777749,3.63974737,3.56543573,-3.67034894,-68.86842440,97.88088980,-110.50000000,-38.00000000,290.50000000,222.41302926,3.46656864,7.03200437,650.00000000,0.00000000,0.00000000,0.10000000,1.371950,1.320376,0.372663,tracks_run_0245.dat.18-04-18_17h34m46s.7.csv,152
5684,245,7,301,0,r,18,10,bottom_left,-515.26510000,515.26510000,0.21264900,0.00771957,4.19027401,4.19485890,-1.68130922,-71.02646050,111.49337500,110.50000000,-38.00000000,290.50000000,213.81946830,3.13028612,7.32514503,650.00000000,0.00000000,0.00000000,0.10000000,31.878759,31.715131,3.408446,tracks_run_0245.dat.18-04-18_17h34m46s.7.csv,242
5684,245,7,301,1,c,18,10,bottom_left,-515.26510000,515.26510000,0.21264900,0.00771957,4.19027401,4.19485890,-1.68130922,-71.02646050,111.49337500,110.50000000,-38.00000000,290.50000000,213.81946830,3.13028612,7.32514503,650.00000000,0.00000000,0.00000000,0.10000000,1.654233,0.939255,1.361783,tracks_run_0245.dat.18-04-18_17h34m46s.7.csv,243
5687,245,7,354,0,r,54,9,bottom_right,-1085.29480000,1085.29480000,0.13288400,0.00794930,8.76021795,9.45950670,-6.86486145,-80.77059160,84.98383330,74.00000000,-37.75000000,290.50000000,225.00398195,2.07717940,11.53668609,650.00000000,0.00000000,0.00000000,0.10000000,20.025275,18.745351,7.174622,tracks_run_0245.dat.18-04-18_17h34m46s.7.csv,276
5687,245,7,354,1,c,54,9,bottom_right,-1085.29480000,1085.29480000,0.13288400,0.00794930,8.76021795,9.45950670,-6.86486145,-80.77059160,84.98383330,74.00000000,-37.75000000,290.50000000,225.00398195,2.07717940,11.53668609,650.00000000,0.00000000,0.00000000,0.10000000,2.957718,-2.863302,-0.741658,tracks_run_0245.dat.18-04-18_17h34m46s.7.csv,277
5689,245,7,368,0,r,31,5,top_right,-1074.87070000,1074.87070000,0.16255800,0.00607500,6.69239750,7.06854909,-5.39199619,-76.13553660,73.59071340,135.50000000,-74.25000000,290.50000000,258.65758920,2.82363735,9.89218644,650.00000000,0.00000000,0.00000000,0.10000000,34.144446,33.642740,-6.208695,tracks_run_0245.dat.18-04-18_17h34m46s.7.csv,291
5689,245,7,368,1,c,31,5,top_right,-1074.87070000,1074.87070000,0.16255800,0.00607500,6.69239750,7.06854909,-5.39199619,-76.13553660,73.59071340,135.50000000,-74.25000000,290.50000000,258.65758920,2.82363735,9.89218644,650.00000000,0.00000000,0.00000000,0.10000000,1.848498,-1.825221,-0.292474,tracks_run_0245.dat.18-04-18_17h34m46s.7.csv,292
5695,245,7,498,0,l,57,1,top_left,-1435.06430000,1435.06430000,0.18811800,0.00790992,11.53936181,12.69584552,1.70720386,-78.25114950,37.13302300,-135.50000000,-74.25000000,290.50000000,288.16080758,2.14968277,14.84552829,650.00000000,0.00000000,0.00000000,0.10000000,30.500280,-30.373047,-2.926214,tracks_run_0245.dat.18-04-18_17h34m46s.7.csv,410
5695,245,7,498,1,c,57,1,top_left,-1435.06430000,1435.06430000,0.18811800,0.00790992,11.53936181,12.69584552,1.70720386,-78.25114950,37.13302300,-135.50000000,-74.25000000,290.50000000,288.16080758,2.14968277,14.84552829,650.00000000,0.00000000,0.00000000,0.10000000,8.541607,7.712016,3.683192,tracks_run_0245.dat.18-04-18_17h34m46s.7.csv,411
5696,245,7,534,0,r,31,5,top_right,-671.06354000,671.06354000,0.16255800,0.00607500,4.23926901,4.25092536,7.38301293,-74.40225150,102.30445200,135.50000000,-74.25000000,290.50000000,227.66543401,3.27822298,7.52914834,650.00000000,0.00000000,0.00000000,0.10000000,31.815128,31.487872,-4.805211,tracks_run_0245.dat.18-04-18_17h34m46s.7.csv,436
5696,245,7,534,1,c,31,5,top_right,-671.06354000,671.06354000,0.16255800,0.00607500,4.23926901,4.25092536,7.38301293,-74.40225150,102.30445200,135.50000000,-74.25000000,290.50000000,227.66543401,3.27822298,7.52914834,650.00000000,0.00000000,0.00000000,0.10000000,22.602069,5.226731,22.020309,tracks_run_0245.dat.18-04-18_17h34m46s.7.csv,437
5706,245,7,713,0,l,46,2,top_right,-469.41156000,469.41156000,0.13780700,0.00799780,3.89206677,3.85378737,-6.41199228,-72.48903060,106.81469800,-49.00000000,-74.25000000,290.50000000,188.56598205,2.92960000,6.78338737,650.00000000,0.00000000,0.00000000,0.10000000,13.914334,-13.694289,-2.488683,tracks_run_0245.dat.18-04-18_17h34m46s.7.csv,576
5706,245,7,713,1,c,46,2,top_right,-469.41156000,469.41156000,0.13780700,0.00799780,3.89206677,3.85378737,-6.41199228,-72.48903060,106.81469800,-49.00000000,-74.25000000,290.50000000,188.56598205,2.92960000,6.78338737,650.00000000,0.00000000,0.00000000,0.10000000,2.107014,1.588689,1.384220,tracks_run_0245.dat.18-04-18_17h34m46s.7.csv,577
5717,245,7,852,0,l,48,6,bottom_right,-1482.85490000,1482.85490000,0.19111700,0.00777749,11.72400616,12.91179590,2.58873784,-67.54912550,40.92879010,-110.50000000,-38.00000000,290.50000000,275.58665108,2.03718125,14.94897715,650.00000000,0.00000000,0.00000000,0.10000000,25.195531,-24.950918,3.620190,tracks_run_0245.dat.18-04-18_17h34m46s.7.csv,705
5717,245,7,852,1,c,48,6,bottom_right,-1482.85490000,1482.85490000,0.19111700,0.00777749,11.72400616,12.91179590,2.58873784,-67.54912550,40.92879010,-110.50000000,-38.00000000,290.50000000,275.58665108,2.03718125,14.94897715,650.00000000,0.00000000,0.00000000,0.10000000,1.004940,-0.575579,0.823794,tracks_run_0245.dat.18-04-18_17h34m46s.7.csv,706
5720,245,7,873,0,r,18,10,bottom_left,-410.16815000,410.16815000,0.21264900,0.00771957,3.37897075,3.26764660,-6.84714094,-75.75355890,98.50947280,110.50000000,-38.00000000,290.50000000,228.15793922,3.66035933,6.92800593,650.00000000,0.00000000,0.00000000,0.10000000,30.348805,28.734155,10.213286,tracks_run_0245.dat.18-04-18_17h34m46s.7.csv,724
5720,245,7,873,1,c,18,10,bottom_left,-410.16815000,410.16815000,0.21264900,0.00771957,3.37897075,3.26764660,-6.84714094,-75.75355890,98.50947280,110.50000000,-38.00000000,290.50000000,228.15793922,3.66035933,6.92800593,650.00000000,0.00000000,0.00000000,0.10000000,1.665754,1.658982,0.150071,tracks_run_0245.dat.18-04-18_17h34m46s.7.csv,725
5731,245,7,1095,0,l,48,6,bottom_right,-1447.60000000,1447.60000000,0.19111700,0.00777749,11.44981152,12.59115393,4.84719523,-79.82951360,30.36459260,-110.50000000,-38.00000000,290.50000000,287.61973826,2.15812865,14.74928259,650.00000000,0.00000000,0.00000000,0.10000000,24.027137,-22.755655,7.926297,tracks_run_0245.dat.18-04-18_17h34m46s.7.csv,885
5731,245,7,1095,1,c,48,6,bottom_right,-1447.60000000,1447.60000000,0.19111700,0.00777749,11.44981152,12.59115393,4.84719523,-79.82951360,30.36459260,-110.50000000,-38.00000000,290.50000000,287.61973826,2.15812865,14.74928259,650.00000000,0.00000000,0.00000000,0.10000000,5.679461,5.374691,-1.838175,tracks_run_0245.dat.18-04-18_17h34m46s.7.csv,886
5733,245,7,1133,0,l,29,6,top_right,-285.06964000,285.06964000,0.22227000,0.00759729,2.38802673,2.13816474,4.36792432,-78.83560610,83.50643900,-110.50000000,-13.00000000,290.50000000,245.71386075,4.43038347,6.56854821,650.00000000,0.00000000,0.00000000,0.10000000,35.252981,-32.068964,15.494488,tracks_run_0245.dat.18-04-18_17h34m46s.7.csv,919
5733,245,7,1133,1,c,29,6,top_right,-285.06964000,285.06964000,0.22227000,0.00759729,2.38802673,2.13816474,4.36792432,-78.83560610,83.50643900,-110.50000000,-13.00000000,290.50000000,245.71386075,4.43038347,6.56854821,650.00000000,0.00000000,0.00000000,0.10000000,1.322655,1.087870,0.752345,tracks_run_0245.dat.18-04-18_17h34m46s.7.csv,920
5737,245,7,1233,0,r,37,5,top_left,-342.24188000,342.24188000,0.15591400,0.00610310,2.24465042,1.97502035,-2.49704800,-73.90888630,120.92140600,110.50000000,-74.25000000,290.50000000,203.77769446,3.94058097,5.91560131,650.00000000,0.00000000,0.00000000,0.10000000,31.327806,30.381530,-8.035541,tracks_run_0245.dat.18-04-18_17h34m46s.7.csv,986
5737,245,7,1233,1,c,37,5,top_left,-342.24188000,342.24188000,0.15591400,0.00610310,2.24465042,1.97502035,-2.49704800,-73.90888630,120.92140600,110.50000000,-74.25000000,290.50000000,203.77769446,3.94058097,5.91560131,650.00000000,0.00000000,0.00000000,0.10000000,3.940064,-0.120980,-3.938209,tracks_run_0245.dat.18-04-18_17h34m46s.7.csv,987
5746,245,7,1427,0,r,59,9,top_right,-1322.43070000,1322.43070000,0.14848600,0.00807829,10.83146470,11.86900018,-6.21935835,-74.12849240,57.14651080,74.00000000,-12.75000000,290.50000000,254.27606200,2.00086973,13.86986991,650.00000000,0.00000000,0.00000000,0.10000000,21.165505,19.393635,8.645598,tracks_run_0245.dat.18-04-18_17h34m46s.7.csv,1133
5746,245,7,1427,1,c,59,9,top_right,-1322.43070000,1322.43070000,0.14848600,0.00807829,10.83146470,11.86900018,-6.21935835,-74.12849240,57.14651080,74.00000000,-12.75000000,290.50000000,254.27606200,2.00086973,13.86986991,650.00000000,0.00000000,0.00000000,0.10000000,3.280631,-2.184368,-2.448261,tracks_run_0245.dat.18-04-18_17h34m46s.7.csv,1134
5750,245,7,1445,0,l,17,7,top_left,-1543.69030000,1543.69030000,0.20723500,0.00798853,12.53905127,13.86641521,3.36620426,-72.20543260,46.08795410,-74.00000000,-12.75000000,290.50000000,263.16862695,1.85485111,15.72126632,650.00000000,0.00000000,0.00000000,0.10000000,20.519413,-16.651827,12.164085,tracks_run_0245.dat.18-04-18_17h34m46s.7.csv,1148
5750,245,7,1445,1,c,17,7,top_left,-1543.69030000,1543.69030000,0.20723500,0.00798853,12.53905127,13.86641521,3.36620426,-72.20543260,46.08795410,-74.00000000,-12.75000000,290.50000000,263.16862695,1.85485111,15.72126632,650.00000000,0.00000000,0.00000000,0.10000000,5.141465,4.079391,-3.132062,tracks_run_0245.dat.18-04-18_17h34m46s.7.csv,1149
5759,245,7,1545,0,l,24,7,bottom_left,-1622.06200000,1622.06200000,0.19145900,0.00807427,13.28842554,14.74611070,1.37476745,-74.84791600,53.04405730,-74.00000000,-37.75000000,290.50000000,251.87881146,1.70216959,16.44828028,650.00000000,0.00000000,0.00000000,0.10000000,18.290818,-18.113550,2.584048,tracks_run_0245.dat.18-04-18_17h34m46s.7.csv,1228
5759,245,7,1545,1,c,24,7,bottom_left,-1622.06200000,1622.06200000,0.19145900,0.00807427,13.28842554,14.74611070,1.37476745,-74.84791600,53.04405730,-74.00000000,-37.75000000,290.50000000,251.87881146,1.70216959,16.44828028,650.00000000,0.00000000,0.00000000,0.10000000,1.532919,-0.267682,1.509372,tracks_run_0245.dat.18-04-18_17h34m46s.7.csv,1229
5780,245,7,1874,0,l,46,2,top_right,-531.21800000,531.21800000,0.13780700,0.00799780,4.38638232,4.41932062,-1.87442138,-69.74215790,129.16885500,-49.00000000,-74.25000000,290.50000000,168.13351584,2.49101911,6.91033973,650.00000000,0.00000000,0.00000000,0.10000000,17.101099,-16.422192,-4.837764,tracks_run_0245.dat.18-04-18_17h34m46s.7.csv,1476
5780,245,7,1874,1,c,46,2,top_right,-531.21800000,531.21800000,0.13780700,0.00799780,4.38638232,4.41932062,-1.87442138,-69.74215790,129.16885500,-49.00000000,-74.25000000,290.50000000,168.13351584,2.49101911,6.91033973,650.00000000,0.00000000,0.00000000,0.10000000,1.288947,1.025165,0.781336,tracks_run_0245.dat.18-04-18_17h34m46s.7.csv,1477
5795,245,7,2057,0,r,12,10,top_left,-1942.41540000,1942.41540000,0.20128800,0.00769076,15.13993866,16.92780085,3.94184139,-69.47169720,26.72075420,110.50000000,-13.00000000,290.50000000,290.03997012,1.76349469,18.69129554,650.00000000,0.00000000,0.00000000,0.10000000,20.796258,19.469937,7.454101,tracks_run_0245.dat.18-04-18_17h34m46s.7.csv,1613
5795,245,7,2057,1,c,12,10,top_left,-1942.41540000,1942.41540000,0.20128800,0.00769076,15.13993866,16.92780085,3.94184139,-69.47169720,26.72075420,110.50000000,-13.00000000,290.50000000,290.03997012,1.76349469,18.69129554,650.00000000,0.00000000,0.00000000,0.10000000,8.649426,-7.958247,-3.399012,tracks_run_0245.dat.18-04-18_17h34m46s.7.csv,1614
5809,245,7,2315,0,l,46,2,top_right,-1189.44710000,1189.44710000,0.13780700,0.00799780,9.65076702,10.49370015,0.80497071,-72.86307960,63.68441600,-49.00000000,-74.25000000,290.50000000,232.22352982,1.99700054,12.49070069,650.00000000,0.00000000,0.00000000,0.10000000,16.239743,-14.667094,-7.049611,tracks_run_0245.dat.18-04-18_17h34m46s.7.csv,1806
5809,245,7,2315,1,c,46,2,top_right,-1189.44710000,1189.44710000,0.13780700,0.00799780,9.65076702,10.49370015,0.80497071,-72.86307960,63.68441600,-49.00000000,-74.25000000,290.50000000,232.22352982,1.99700054,12.49070069,650.00000000,0.00000000,0.00000000,0.10000000,4.764101,3.105734,3.614398,tracks_run_0245.dat.18-04-18_17h34m46s.7.csv,1807
